job_id,company_name,title,job_types,detail_text,duties_raw,extracted_urls,jd_job_role,jd_job_role_secondary,jd_role_specifics,jd_required_skills,jd_preferred_skills,jd_industry,jd_location,jd_company_size_tier,jd_work_format,jd_experience_requirements,jd_competencies,jd_company_intro,jd_role_purpose,jd_main_duties_text,jd_ideal_candidate_text,jd_culture_keywords,jd_matching_text,jd_experience_level,jd_posting_kind,jd_summary,jd_quality_flags
312239,유한킴벌리(주),[유한킴벌리] 2026년 유한킴벌리 신입 및 경력사원 채용,"EXPERIENCED, NEW, CONTRACT",2026 1 DNA . # # 귣 # Data Scientist : 26.03.12~26.04.02 6 ?Research Scientist ( )? : 26.03.24~26.04.07 6 : 26.03.25~26.04.09 6 ?Research Scientist ( )? : 26.03.26~26.04.09 6 : 26.03.27~26.04.10 6,"고객사업부문 플랫폼 마케터 경력 채용 | 마케팅/광고/홍보 | 마케팅/PR/분석 | 전시/컨벤션 | 마케팅전략/기획 | 광고기획 | 온라인마케팅 | 시장조사/분석 | 브랜드매니저 | 해외마케팅 | 언론홍보/PR | 설문/리서치 | 전시기획 | 회의/컨벤션/세미나 | 유한킴벌리에 지원하신 동기와, 입사 후 포부를 단기(5년 이내)와 장기(10년 이상)로 나누어 작성해 주세요. | 지원자님을 가장 잘 표현할 수 있는 성장 경험을 예를 들어 작성해 주세요. (학교생활, 인턴 아르바이트 경험, 직장 경험 등) | 데이터 분석 또는 AI 툴을 활용하여 학업, 업무, 또는 일상생활을 개선한 경험을 작성해 주세요. (활용한 툴, 적용 목적, 문제 해결 과정, 성과 및 배운 점을 포함) | 그동안 쌓아온 직무 경험과 인턴십을 포함한 실무 경험 전반을 작성해 주세요. 특히 해당 과정에서 발휘한 역량, 습득한 기술, 성과 등을 중심으로 소개해 주시면 좋습니다. | [유한킴벌리] 2026년 유한킴벌리 신입 및 경력사원 채용 | 고객사업부문 플랫폼 마케터 신입 채용 | 서초연구소 Research Scientist(육아용품 제품개발) 계약직 채용 | 연구개발/설계 | 자동차/조선/기계 | 반도체/디스플레이 | 화학/에너지/환경 | 전기/전자/제어 | 기계설계/CAD/CAM | 통신기술/네트워크구축 | 바이오/제약/식품 | 자동차 | 조선 | 기계 | 반도체 | 디스플레이 | 화학 | 에너지 | 환경 | 화장품 | 전기/전기설비 | 전자 | 공정/품질/테스트 | 기계설계 | CAD | CAM | 바이오 | 제약 | 의약품 | 식품가공/개발",[],marketing,"[""rnd""]","[""플랫폼 마케터"", ""Research Scientist(육아용품 제품개발)""]","[""데이터 분석"", ""AI 툴""]",[],beauty_cosmetics,서울,large_corp,unknown,"[""인턴"", ""아르바이트"", ""프로젝트""]","[""문제해결 능력"", ""디지털·기술 활용 역량"", ""실행력·업무처리 능력""]","유한킴벌리는 생활용품 및 육아용품을 제조하고 판매하는 기업으로, 고객의 삶에 필요한 제품과 서비스를 제공합니다.","이 채용은 유한킴벌리의 고객사업부문에서 플랫폼 마케팅을 통해 비즈니스 성장을 주도하고, 서초연구소에서 육아용품 제품 개발을 통해 혁신적인 제품을 선보이는 것을 목표로 합니다.","고객사업부문 플랫폼 마케터는 마케팅 전략 수립 및 기획, 온라인 마케팅 실행, 시장 조사 및 분석을 통해 브랜드 매니징을 수행합니다. 또한 광고 기획, 해외 마케팅, 언론 홍보 및 PR 활동을 전개하며, 설문 및 리서치를 통해 고객 인사이트를 도출하고 전시, 컨벤션, 세미나를 기획 및 운영합니다. 서초연구소 Research Scientist는 육아용품 제품 개발을 위한 연구개발 및 설계를 담당하며, 바이오, 제약, 식품, 화학, 에너지, 환경 분야의 기술을 활용하여 제품을 개발하고 공정 및 품질 테스트를 수행합니다.","지원자는 유한킴벌리에 대한 명확한 지원 동기와 단기 및 장기적인 입사 후 포부를 제시해야 합니다. 학교생활, 인턴, 아르바이트, 직장 경험 등 자신을 가장 잘 표현할 수 있는 성장 경험을 구체적인 사례와 함께 작성해야 합니다. 특히 데이터 분석 또는 AI 툴을 활용하여 학업, 업무, 일상생활을 개선한 경험을 포함하여, 활용 툴, 적용 목적, 문제 해결 과정, 성과 및 배운 점을 상세히 기술해야 합니다. 직무 경험과 인턴십을 포함한 실무 경험 전반에서 발휘한 역량, 습득한 기술, 성과를 중심으로 소개하는 것이 중요합니다.",[],"회사: 유한킴벌리는 생활용품 및 육아용품을 제조하고 판매하는 기업으로, 고객의 삶에 필요한 제품과 서비스를 제공합니다.
직무 목적: 이 채용은 유한킴벌리의 고객사업부문에서 플랫폼 마케팅을 통해 비즈니스 성장을 주도하고, 서초연구소에서 육아용품 제품 개발을 통해 혁신적인 제품을 선보이는 것을 목표로 합니다.
주요 업무: 고객사업부문 플랫폼 마케터는 마케팅 전략 수립 및 기획, 온라인 마케팅 실행, 시장 조사 및 분석을 통해 브랜드 매니징을 수행합니다. 또한 광고 기획, 해외 마케팅, 언론 홍보 및 PR 활동을 전개하며, 설문 및 리서치를 통해 고객 인사이트를 도출하고 전시, 컨벤션, 세미나를 기획 및 운영합니다. 서초연구소 Research Scientist는 육아용품 제품 개발을 위한 연구개발 및 설계를 담당하며, 바이오, 제약, 식품, 화학, 에너지, 환경 분야의 기술을 활용하여 제품을 개발하고 공정 및 품질 테스트를 수행합니다.
인재상: 지원자는 유한킴벌리에 대한 명확한 지원 동기와 단기 및 장기적인 입사 후 포부를 제시해야 합니다. 학교생활, 인턴, 아르바이트, 직장 경험 등 자신을 가장 잘 표현할 수 있는 성장 경험을 구체적인 사례와 함께 작성해야 합니다. 특히 데이터 분석 또는 AI 툴을 활용하여 학업, 업무, 일상생활을 개선한 경험을 포함하여, 활용 툴, 적용 목적, 문제 해결 과정, 성과 및 배운 점을 상세히 기술해야 합니다. 직무 경험과 인턴십을 포함한 실무 경험 전반에서 발휘한 역량, 습득한 기술, 성과를 중심으로 소개하는 것이 중요합니다.",both,job_posting,"유한킴벌리에서 플랫폼 마케터 및 육아용품 제품개발 Research Scientist 신입/경력/계약직을 채용하며, 데이터 분석 및 AI 툴 활용 경험과 직무 역량을 갖춘 인재를 찾습니다.","[""mojibake"", ""low_signal""]"
312238,삼보모터스,[삼보모터스] 2026년 글로벌 사업본부 채용,"NEW, EXPERIENCED",[삼보모터스] 2026년 글로벌 사업본부 채용 [모집직무] 글로벌 비즈니스2팀 (신입) 글로벌 프로그램 운영팀 (신입) 글로벌 비즈니스1팀 (경력) 글로벌 비즈니스2팀 (경력) [ 오후 11:59까지,,[],sales,"[""planning_strategy""]","[""글로벌 비즈니스2팀"", ""글로벌 프로그램 운영팀"", ""글로벌 비즈니스1팀""]",[],[],automotive,unknown,mid_corp,unknown,[],[],"삼보모터스는 자동차 부품을 생산하는 기업으로, 글로벌 사업본부에서 해외 비즈니스를 담당합니다.",글로벌 사업본부에서 해외 시장에서의 비즈니스 기회를 발굴하고 프로그램을 운영하여 회사의 글로벌 성장을 이끄는 역할을 수행합니다.,"글로벌 비즈니스 팀은 해외 고객사와의 관계를 구축하고 유지하며, 신규 시장 개척 및 영업 활동을 수행합니다. 글로벌 프로그램 운영팀은 해외 프로젝트의 기획, 실행, 관리 전반을 담당하며, 효율적인 프로그램 운영을 통해 사업 목표 달성에 기여합니다. 시장 동향을 분석하고 전략을 수립하여 글로벌 사업 확장을 지원합니다.","글로벌 비즈니스 및 프로그램 운영에 대한 이해와 열정을 가진 인재를 찾습니다. 신입의 경우 성장 가능성을, 경력직의 경우 관련 분야의 전문성과 경험을 중요하게 평가합니다. 해외 비즈니스 환경에 대한 적응력과 커뮤니케이션 능력을 갖춘 분을 우대합니다.",[],"회사: 삼보모터스는 자동차 부품을 생산하는 기업으로, 글로벌 사업본부에서 해외 비즈니스를 담당합니다.
직무 목적: 글로벌 사업본부에서 해외 시장에서의 비즈니스 기회를 발굴하고 프로그램을 운영하여 회사의 글로벌 성장을 이끄는 역할을 수행합니다.
주요 업무: 글로벌 비즈니스 팀은 해외 고객사와의 관계를 구축하고 유지하며, 신규 시장 개척 및 영업 활동을 수행합니다. 글로벌 프로그램 운영팀은 해외 프로젝트의 기획, 실행, 관리 전반을 담당하며, 효율적인 프로그램 운영을 통해 사업 목표 달성에 기여합니다. 시장 동향을 분석하고 전략을 수립하여 글로벌 사업 확장을 지원합니다.
인재상: 글로벌 비즈니스 및 프로그램 운영에 대한 이해와 열정을 가진 인재를 찾습니다. 신입의 경우 성장 가능성을, 경력직의 경우 관련 분야의 전문성과 경험을 중요하게 평가합니다. 해외 비즈니스 환경에 대한 적응력과 커뮤니케이션 능력을 갖춘 분을 우대합니다.",both,job_posting,삼보모터스 글로벌 사업본부에서 해외 비즈니스 및 프로그램 운영을 담당할 신입 및 경력직을 채용합니다.,"[""short_text"", ""low_signal""]"
312236,주식회사 송지랩스 ,[퓨어루] 영유아 스킨케어 브랜드 사업운영 및 MD(주니어) 모집,EXPERIENCED,"[퓨어루] 영유아 스킨케어 브랜드 운영 및 MD 주니어 모집 ~ 채용 시 마감 모집부문 및 상세내용 모집부문 채용구분 담당업무 우대조건 [퓨어루] 영유아 스킨케어 브랜드 정규직 MD 경력 사원,선임연구원 담당업무 안녕하세요. 송지랩스는 무자극 영유아 스킨케어 브랜드 퓨어루를 운영하는 회사입니다. 민감한 피부를 가지고 태어난 사람이 평생 피부에 대한 고민 없이 편안한 삶을 살 수 있도록 돕는 것을 목표로 합니다. 순한 식물성 원료를 최적의 비율로 담아, 생애 주기에 맞춘 건강하고 안전한 평생의 스킨케어 솔루션을 제공합니다. [퓨어루]는 영유아 스킨케어 브랜드로, 안전하고 믿을 수 있는 제품을 통해 부모님들의 신뢰를 얻고 있어요. 이번에 모집하는 MD는 다양한 판매 채널을 관리하고, 판매 전략을 기획하며, 외부 파트너와의 협업을 통해 브랜드의 성장을 이끌어갈 중요한 역할을 맡게 됩니다. 퓨어루 MD는 단순히 채널을 관리하는 역할이 아니에요. PM과 긴밀하게 협업하며 브랜드의 방향을 함께 만들어가는 포지션입니다. [아래에 해당하는 분이라면 저희랑 잘 맞을 거예요.] 일을 구조적으로 정리하는 편이에요 해야 할 일이 많아도 스스로 우선순위를 잡고 차근차근 해내는 스타일이에요. 문제가 생기면 일단 방법부터 찾아요 막히는 상황에서도 ""어떻게 하면 될까?""를 먼저 생각하는 분이면 좋겠어요. 피드백을 편하게 주고받을 수 있어요 잘한 것도, 아쉬운 것도 솔직하게 함께 나눌 수 있는 분이면 더 잘 맞을 것 같아요. 누군가와 함께 일해본 경험이 있어요 팀 협업이든, 사이드 프로젝트든 타인과 함께 무언가를 만들어본 경험이 있는 분이요. 브랜드에 관심이 많아요 이 브랜드는 왜 잘 됐을까, 이 캠페인은 왜 반응이 좋았을까 같은 걸 자연스럽게 궁금해하는 분이요. 호기심이 원동력이에요 ""왜 이게 팔릴까?"", ""우리 고객은 어떤 사람일까?"" 이런 질문을 스스로 던지고 답을 찾으려는 분이라면 딱이에요. 주요업무 [판매 채널 운영 및 관리] 스마트스토어, 자사몰, 폐쇄몰 등 멀티 채널 상품 등록 및 운영 관리 채널별 상품 페이지 세팅 점검 (썸네일 개편, 배너 등록, 상세페이지 교체, 이벤트 관리 등) 채널별 발주 업무 및 재고 현황 관리 [프로모션 실행] 자사몰 월별 프로모션 기획 (PM과 협업하여 방향 수립) 기획전, 할인 이벤트, 시즌 캠페인 등 세팅 및 운영 보조 [CRM / 마케팅 메시지 운영] 정기 CRM 메시지 (카카오 알림톡, 문자, 이메일 등) 주제 기획 및 발송 관리 고객 세그먼트별 메시지 전략 고민 및 실행 메시지 발송 결과 데이터 분석 및 전략 설정 [판매 분석 및 데이터 관리] 채널별 매출 데이터 정기 취합 및 리포트 정리 상품별 판매 성과 분석 (잘 팔린 이유 / 안 팔린 이유 파악) 분석 결과를 프로모션 및 다음 기획에 반영 [라이브커머스 기획 운영] 네이버 쇼핑라이브 기획, 진행 및 사후 성과 관리 방송 콘셉트, 스크립트, 판매 상품 구성 등 준비 외주사와의 협업 [외주 및 파트너사 커뮤니케이션] 디자인, 인쇄물 등 외주 작업 의뢰 및 일정 품질 관리 외부 파트너사,외주 디자이너와의 원활한 소통과 협업(필수) [오프라인 행사 참여 및 운영] 베이비페어 등 오프라인 행사 기획 보조 및 현장 운영 참여 행사별 상품 구성, 진열, 판매 지원 등 돌발 업무 대응 자격요건 관련 분야에서 2~5년의 경력을 보유하신 분 외주사 및 파트너사와의 다수의 커뮤니케이션 경험 영유아 스킨케어 / 뷰티 브랜드 MD 경험자 멀티 채널 운영 및 관리 경험이 있으신 분 혜택 및 복지 출근 시간은 09~10시 사이 자율 출퇴근 운동 & 취미생활 복지 지원 노트북, 데스크탑 등 최고 사양의 장비 지원 데스크테리어 포인트 20만원 제공 내 공간, 내 취향으로 점심 지원 (1.3만원) 매일 든든하게 휴가(연차,반차) & 경조사비, 눈치 없이 자유롭게 사용 가능 우대사항 영유아 스킨케어 제품에 대한 이해도가 높으신 분 노션, 미리캔버스, 디자인(포토샵,일러스트 등), AI 툴 등 업무 툴을 적극적으로 활용해본 분 스타트업 또는 초기 브랜드에서 신규 서비스 상품 출시를 경험해본 분 라이브커머스 기획 및 운영 경험이 있으신 분 외주 협업 및 파트너사와의 커뮤니케이션 능력이 뛰어나신 분 데이터 분석 및 리포트 작성 능력이 뛰어나신 분 의사소통 능력이 뛰어나신 분 자격요건 학력 학력무관 근무조건 급여 면접 후 급여 결정, 회사 내규에 따름 근무시간 탄력근무제 복리후생 연차, 반차, 창립일휴무, 수평적 호칭사용, 야근강요 안함, 자유복장, 생일엔 조기퇴근, 회식은 점심에, 점심식사 제공, 음료, 간식 제공, 여성전용휴게실",,[],marketing,"[""sales""]","[""영유아 스킨케어 브랜드 사업운영 및 MD(주니어)"", ""MD 경력 사원"", ""선임연구원""]","[""멀티 채널 운영 및 관리"", ""MD"", ""파트너사 커뮤니케이션""]","[""노션"", ""미리캔버스"", ""포토샵"", ""일러스트"", ""AI 툴"", ""영유아 스킨케어 제품 이해"", ""라이브커머스 기획 및 운영"", ""데이터 분석"", ""리포트 작성""]",beauty_cosmetics,unknown,startup,flexible,"[""프로젝트""]","[""실행력·업무처리 능력"", ""문제해결 능력"", ""커뮤니케이션 역량"", ""협업·팀워크"", ""정보수집·분석 역량""]","송지랩스는 무자극 영유아 스킨케어 브랜드 퓨어루를 운영하는 회사입니다. 민감한 피부를 가진 사람들이 평생 피부 고민 없이 편안한 삶을 살 수 있도록 돕는 것을 목표로, 순한 식물성 원료로 건강하고 안전한 스킨케어 솔루션을 제공합니다.","이 MD 직무는 다양한 판매 채널을 관리하고 판매 전략을 기획하며, 외부 파트너와의 협업을 통해 퓨어루 브랜드의 성장을 이끌어가는 중요한 역할을 합니다. PM과 긴밀하게 협업하여 브랜드의 방향을 함께 만들어가는 포지션입니다.","스마트스토어, 자사몰, 폐쇄몰 등 멀티 채널에 상품을 등록하고 운영을 관리하며, 채널별 상품 페이지 세팅(썸네일 개편, 배너 등록, 상세페이지 교체, 이벤트 관리)을 점검합니다. 또한, 채널별 발주 업무와 재고 현황을 관리합니다. PM과 협업하여 자사몰 월별 프로모션 방향을 수립하고, 기획전, 할인 이벤트, 시즌 캠페인 등을 세팅하고 운영을 보조합니다. 정기 CRM 메시지(카카오 알림톡, 문자, 이메일 등)의 주제를 기획하고 발송을 관리하며, 고객 세그먼트별 메시지 전략을 고민하고 실행합니다. 메시지 발송 결과 데이터를 분석하여 다음 전략을 설정합니다. 채널별 매출 데이터를 정기적으로 취합하고 리포트를 정리하며, 상품별 판매 성과를 분석하여 분석 결과를 프로모션 및 다음 기획에 반영합니다. 네이버 쇼핑라이브 기획, 진행 및 사후 성과를 관리하며, 방송 콘셉트, 스크립트, 판매 상품 구성 등을 준비하고 외주사와 협업합니다. 디자인, 인쇄물 등 외주 작업 의뢰 및 일정과 품질을 관리하며, 외부 파트너사 및 외주 디자이너와 원활하게 소통하고 협업합니다. 베이비페어 등 오프라인 행사 기획을 보조하고 현장 운영에 참여하며, 행사별 상품 구성, 진열, 판매 지원 등 돌발 업무에 대응합니다.","관련 분야에서 2~5년의 경력을 보유하고, 외주사 및 파트너사와의 다수 커뮤니케이션 경험이 있는 분을 찾습니다. 영유아 스킨케어 또는 뷰티 브랜드 MD 경험자와 멀티 채널 운영 및 관리 경험이 필수입니다. 일을 구조적으로 정리하고 우선순위를 설정하여 차근차근 해내는 스타일이며, 문제가 발생하면 해결 방법을 먼저 찾는 분을 선호합니다. 솔직하게 피드백을 주고받을 수 있고, 팀 협업이나 사이드 프로젝트 등 타인과 함께 무언가를 만들어본 경험이 있는 분이면 좋습니다. 브랜드에 대한 높은 관심과 호기심을 바탕으로 스스로 질문하고 답을 찾으려는 태도를 가진 분을 환영합니다. 영유아 스킨케어 제품에 대한 이해도가 높고, 노션, 미리캔버스, 디자인 툴(포토샵, 일러스트), AI 툴 등 업무 툴 활용에 적극적인 분을 우대합니다. 스타트업 또는 초기 브랜드에서 신규 서비스/상품 출시를 경험했거나, 라이브커머스 기획 및 운영 경험이 있는 분, 뛰어난 외주 협업 및 파트너사 커뮤니케이션 능력, 데이터 분석 및 리포트 작성 능력, 의사소통 능력을 갖춘 분을 선호합니다.","[""자율"", ""수평적"", ""팀 협업"", ""스타트업"", ""자유복장"", ""야근강요 안함""]","회사: 송지랩스는 무자극 영유아 스킨케어 브랜드 퓨어루를 운영하는 회사입니다. 민감한 피부를 가진 사람들이 평생 피부 고민 없이 편안한 삶을 살 수 있도록 돕는 것을 목표로, 순한 식물성 원료로 건강하고 안전한 스킨케어 솔루션을 제공합니다.
직무 목적: 이 MD 직무는 다양한 판매 채널을 관리하고 판매 전략을 기획하며, 외부 파트너와의 협업을 통해 퓨어루 브랜드의 성장을 이끌어가는 중요한 역할을 합니다. PM과 긴밀하게 협업하여 브랜드의 방향을 함께 만들어가는 포지션입니다.
주요 업무: 스마트스토어, 자사몰, 폐쇄몰 등 멀티 채널에 상품을 등록하고 운영을 관리하며, 채널별 상품 페이지 세팅(썸네일 개편, 배너 등록, 상세페이지 교체, 이벤트 관리)을 점검합니다. 또한, 채널별 발주 업무와 재고 현황을 관리합니다. PM과 협업하여 자사몰 월별 프로모션 방향을 수립하고, 기획전, 할인 이벤트, 시즌 캠페인 등을 세팅하고 운영을 보조합니다. 정기 CRM 메시지(카카오 알림톡, 문자, 이메일 등)의 주제를 기획하고 발송을 관리하며, 고객 세그먼트별 메시지 전략을 고민하고 실행합니다. 메시지 발송 결과 데이터를 분석하여 다음 전략을 설정합니다. 채널별 매출 데이터를 정기적으로 취합하고 리포트를 정리하며, 상품별 판매 성과를 분석하여 분석 결과를 프로모션 및 다음 기획에 반영합니다. 네이버 쇼핑라이브 기획, 진행 및 사후 성과를 관리하며, 방송 콘셉트, 스크립트, 판매 상품 구성 등을 준비하고 외주사와 협업합니다. 디자인, 인쇄물 등 외주 작업 의뢰 및 일정과 품질을 관리하며, 외부 파트너사 및 외주 디자이너와 원활하게 소통하고 협업합니다. 베이비페어 등 오프라인 행사 기획을 보조하고 현장 운영에 참여하며, 행사별 상품 구성, 진열, 판매 지원 등 돌발 업무에 대응합니다.
인재상: 관련 분야에서 2~5년의 경력을 보유하고, 외주사 및 파트너사와의 다수 커뮤니케이션 경험이 있는 분을 찾습니다. 영유아 스킨케어 또는 뷰티 브랜드 MD 경험자와 멀티 채널 운영 및 관리 경험이 필수입니다. 일을 구조적으로 정리하고 우선순위를 설정하여 차근차근 해내는 스타일이며, 문제가 발생하면 해결 방법을 먼저 찾는 분을 선호합니다. 솔직하게 피드백을 주고받을 수 있고, 팀 협업이나 사이드 프로젝트 등 타인과 함께 무언가를 만들어본 경험이 있는 분이면 좋습니다. 브랜드에 대한 높은 관심과 호기심을 바탕으로 스스로 질문하고 답을 찾으려는 태도를 가진 분을 환영합니다. 영유아 스킨케어 제품에 대한 이해도가 높고, 노션, 미리캔버스, 디자인 툴(포토샵, 일러스트), AI 툴 등 업무 툴 활용에 적극적인 분을 우대합니다. 스타트업 또는 초기 브랜드에서 신규 서비스/상품 출시를 경험했거나, 라이브커머스 기획 및 운영 경험이 있는 분, 뛰어난 외주 협업 및 파트너사 커뮤니케이션 능력, 데이터 분석 및 리포트 작성 능력, 의사소통 능력을 갖춘 분을 선호합니다.",experienced,job_posting,"영유아 스킨케어 브랜드 퓨어루의 MD로서 멀티 채널 운영, 프로모션 기획, 데이터 분석 및 파트너 협업을 통해 브랜드 성장을 이끌 경력직을 모집합니다.",[]
312235,(주)삼구아이앤씨,신세계인터내셔날 코스메틱 수입브랜드2팀 AMD 인턴 모집,INTERN,"신세계인터내셔날 코스메틱 수입브랜드2팀 AMD 인턴 모집 1. 소속: 수입브랜드2팀 2. 담당 브랜드: 퍼퓸/바디 브랜드(MEMO 등) 3. 채용구분: 삼구아이앤씨 소속 파견계약직 체험형인턴(정규직 전환 불가) 4. 채용기간: 채용시점 기준 약 10개월 (* 계약 기간 엄수) 5. 근무시간: 주 5일 (월-금) / ( 09:00~17:00 , 점심시간 1시간 포함) 6. 근무 위치: 서울시 중구 장충단로 180 신세계 남산 사옥 7. 담당업무 (Research Assistant) - MD 업무 보조 및 온라인몰 관리 8. 채용절차 구분 내용 세부내용 비고 1차 서류전형 ~ ASAP 이력서 1부, 자기소개서 1부(자유양식) 포트폴리오 1부(10MB이내) (제목: 수입2팀 인턴 지원 (이름, 전화번호) 2차 대면면접 ~ ASAP 대면 면접 서류전형 합격자 개별 연락 근무 전임자 개인사정 퇴사로 4월 빠른 출근 희망 10개월 근무가능자 출근 일정 변동 될수 있음 * 면접 및 출근 일자 변동 가능 / 채용 전환이 되지 않는 인턴십입니다. 9. 우대자격 - 4월 중 면접 및 근무 시작 가능 인원 - 엑셀 업무 가능자 - 포토샵, 일러 업무 가능자 우대 10. 급여: 월 1,888,590원 ( 7H근무.세전기준 ) / 4대보험. / 연차 / 점심 무료 제공 등",,[],marketing,"[""planning_strategy""]","[""수입브랜드2팀 AMD 인턴"", ""Research Assistant""]","[""엑셀""]","[""포토샵"", ""일러스트레이터""]",beauty_cosmetics,서울,large_corp,office,"[""인턴""]","[""실행력·업무처리 능력"", ""정보수집·분석 역량""]","신세계인터내셔날은 코스메틱 수입 브랜드를 담당하며, 퍼퓸 및 바디 브랜드를 포함한 다양한 브랜드를 국내에 선보이고 있습니다.","이 직무는 수입 퍼퓸/바디 브랜드의 MD 업무를 보조하고 온라인몰을 관리하여 브랜드 운영을 지원하며, 시장 조사 및 데이터 분석을 통해 브랜드 성장에 기여합니다.","수입 퍼퓸/바디 브랜드의 MD 업무를 보조하며, 온라인몰의 전반적인 관리를 수행합니다. 시장 조사 및 데이터 분석을 통해 브랜드 운영 전략 수립을 지원하고, 프로모션 기획 및 실행에 참여합니다. 또한, 재고 관리 및 주문 처리 등 운영 효율화를 위한 다양한 지원 업무를 담당합니다.","4월 중 면접 및 근무 시작이 가능하며, 약 10개월간 근무할 수 있는 인재를 찾습니다. 엑셀 활용 능력이 필수적이며, 포토샵 및 일러스트레이터 사용 경험이 있다면 우대합니다. MD 업무에 대한 이해와 온라인몰 운영에 관심을 가진 분을 환영합니다.",[],"회사: 신세계인터내셔날은 코스메틱 수입 브랜드를 담당하며, 퍼퓸 및 바디 브랜드를 포함한 다양한 브랜드를 국내에 선보이고 있습니다.
직무 목적: 이 직무는 수입 퍼퓸/바디 브랜드의 MD 업무를 보조하고 온라인몰을 관리하여 브랜드 운영을 지원하며, 시장 조사 및 데이터 분석을 통해 브랜드 성장에 기여합니다.
주요 업무: 수입 퍼퓸/바디 브랜드의 MD 업무를 보조하며, 온라인몰의 전반적인 관리를 수행합니다. 시장 조사 및 데이터 분석을 통해 브랜드 운영 전략 수립을 지원하고, 프로모션 기획 및 실행에 참여합니다. 또한, 재고 관리 및 주문 처리 등 운영 효율화를 위한 다양한 지원 업무를 담당합니다.
인재상: 4월 중 면접 및 근무 시작이 가능하며, 약 10개월간 근무할 수 있는 인재를 찾습니다. 엑셀 활용 능력이 필수적이며, 포토샵 및 일러스트레이터 사용 경험이 있다면 우대합니다. MD 업무에 대한 이해와 온라인몰 운영에 관심을 가진 분을 환영합니다.",intern,internship_program,신세계인터내셔날 코스메틱 수입브랜드2팀에서 퍼퓸/바디 브랜드의 MD 업무 보조 및 온라인몰 관리를 담당할 체험형 인턴을 모집합니다.,[]
312234,오티스엘리베이터,"[오티스엘리베이터] 해외사업부 Sigma 영업사원 (신입,경력직/서울)","NEW, EXPERIENCED","[오티스엘리베이터] 해외사업부 Sigma 영업사원 (신입,경력직/서울) [모집직무] Sigma 영업 [지원 자격] . 신입 또는 경력사원(해외영업) . 학력: 4년제 대학교 이상 졸업 (즉시 근무 가능 시, 졸업예정자 가능) . 효율적인 의사소통 기술과 적극적이고 책임감 있는 마인드 소유자 . 해외시장 개발에 높은 관심과 의지 소유자 . PPT/Excel등 MS Office 활용 우수자 . 유창한 영어 말하기 및 쓰기 능력 . 공학 또는 상공계열 전공 선호 [주요업무] . 중동아프리카 지역 엘리베이터 해외영업 및 대리점 관리 . 월간/연간 판매 계획 수립 및 마케팅 전략 개발 . 프로젝트 견적 및 기술 자료 제공 . 해외 수주 계약 및 생산 일정 관리 . 프로젝트 선적 진행과 in-time 수금 관리 . 고객 제품 claim 처리 & After-sales service 제공",,[],sales,[],"[""Sigma 영업""]","[""PPT"", ""Excel"", ""MS Office"", ""영어""]","[""공학 전공"", ""상공계열 전공""]",manufacturing,서울,large_corp,office,"[""프로젝트""]","[""커뮤니케이션 역량"", ""실행력·업무처리 능력"", ""전략·기획 역량""]",오티스엘리베이터는 엘리베이터 및 관련 서비스를 제공하는 회사입니다.,"해외 시장에서 엘리베이터 영업을 통해 회사의 글로벌 사업 확장을 지원하고, 대리점 및 고객 관리를 통해 안정적인 매출과 고객 만족을 달성하는 역할입니다.","중동아프리카 지역에서 엘리베이터 해외영업을 담당하며 대리점을 관리합니다. 월간 및 연간 판매 계획을 수립하고 마케팅 전략을 개발하여 시장을 확대합니다. 프로젝트 견적 및 기술 자료를 제공하고, 해외 수주 계약 및 생산 일정을 관리합니다. 또한, 프로젝트 선적을 진행하고 적시에 수금을 관리하며, 고객 제품 클레임 처리 및 After-sales service를 제공하여 고객 만족을 높입니다.","신입 또는 해외영업 경력사원으로, 4년제 대학교 이상 졸업자 또는 즉시 근무 가능한 졸업예정자를 찾습니다. 효율적인 의사소통 기술과 적극적이고 책임감 있는 마인드를 갖추고 해외시장 개발에 높은 관심과 의지를 가진 분을 선호합니다. PPT, Excel 등 MS Office 활용 능력이 우수하며, 유창한 영어 말하기 및 쓰기 능력을 필수적으로 요구합니다. 공학 또는 상공계열 전공자를 우대합니다.",[],"회사: 오티스엘리베이터는 엘리베이터 및 관련 서비스를 제공하는 회사입니다.
직무 목적: 해외 시장에서 엘리베이터 영업을 통해 회사의 글로벌 사업 확장을 지원하고, 대리점 및 고객 관리를 통해 안정적인 매출과 고객 만족을 달성하는 역할입니다.
주요 업무: 중동아프리카 지역에서 엘리베이터 해외영업을 담당하며 대리점을 관리합니다. 월간 및 연간 판매 계획을 수립하고 마케팅 전략을 개발하여 시장을 확대합니다. 프로젝트 견적 및 기술 자료를 제공하고, 해외 수주 계약 및 생산 일정을 관리합니다. 또한, 프로젝트 선적을 진행하고 적시에 수금을 관리하며, 고객 제품 클레임 처리 및 After-sales service를 제공하여 고객 만족을 높입니다.
인재상: 신입 또는 해외영업 경력사원으로, 4년제 대학교 이상 졸업자 또는 즉시 근무 가능한 졸업예정자를 찾습니다. 효율적인 의사소통 기술과 적극적이고 책임감 있는 마인드를 갖추고 해외시장 개발에 높은 관심과 의지를 가진 분을 선호합니다. PPT, Excel 등 MS Office 활용 능력이 우수하며, 유창한 영어 말하기 및 쓰기 능력을 필수적으로 요구합니다. 공학 또는 상공계열 전공자를 우대합니다.",both,job_posting,"오티스엘리베이터 해외사업부 Sigma 영업사원으로 중동아프리카 지역 엘리베이터 해외영업 및 대리점 관리, 판매 계획 수립, 계약 및 수금 관리, 고객 서비스 등을 담당하며, 유창한 영어 실력과 MS Office 활용 능력을 갖춘 신입/경력직을 모집합니다.",[]
312224,BWS Group Co.,[미국인턴/캘리포니아] BWS Group Co. | IT Associate 채용,INTERN,"BWS Group Co. Address: 9526 Ann St. Santa Fe Springs, CA 90670 Website : BWS Group Co.는 미국과 호주 전역에 좋은데이 소주를 수입 및 유통하는 기업입니다. BWS그룹은 호주 시드니의 DY그룹을 시작으로 현재 미국 및 호주 전역의 한국산 OB&Cass 맥주, 좋은데이 소주 브랜드 및 과일 와인 브랜드의 수입 도매 업체로 활동하고 있습니다. 100명 이상의 직원과 2천만 달러 이상의 수익을 가진 BTW Group Co.는 밝고 끝없는 미래를 가진 신뢰할 수 있고 경험이 풍부한 회사입니다 모집안내 채용부문 : IT Associate 근무시간 : 08:30AM ~ 17:00PM (1hr lunch) 급여 : $20 / an hour 연 환산 급여 : 약 $41,600/ a year (주 40시간 52주 근무 기준 이며, 주말 및 공휴일 over time 근무에 따라 변동 가능) 급여 외 보상 : 점심 제공, Paid Sick Leaves 제공 Job Description IT Associate는 웹 및 모바일 애플리케이션의 개발과 유지보수를 담당하며, 다양한 팀과 협업하여 안정적이고 효율적인 서비스를 제공하는 역할을 수행합니다. 또한 시스템 성능 개선과 기술적 문제 해결을 통해 서비스 품질 향상에 기여합니다. 웹 및 모바일 애플리케이션의 개발, 유지보수 및 성능 개선 다양한 팀과 협업하여 기능 기획, 설계 및 구현 진행 효율적이고 확장 가능한 코드 작성 (Best Practice 준수) 기존 시스템의 문제 해결, 디버깅 및 업그레이드 코드 리뷰 참여 및 팀 내 기술 공유 애플리케이션의 성능, 품질 및 반응성 유지 최신 기술 트렌드 및 개발 동향 지속 학습 Core Skills 기술 스택 Frontend: HTML, CSS, JavaScript (React, Vue 등 프레임워크 우대) Backend: Node.js, PHP, Python 등 Mobile (우대): React Native, Flutter, Swift, Kotlin 기타 요구사항 데이터베이스 경험 (MySQL, PostgreSQL, MongoDB 등) Git 등 버전 관리 도구 기본 이해 IT, 컴퓨터공학 또는 관련 전공자 실제 프로젝트 경험 (포트폴리오 또는 GitHub 제출 필수) RESTful API 및 외부 서비스 연동 이해 AWS, Firebase 등 클라우드 서비스 경험 (우대) UI/UX 기본 이해 독립적으로 업무 수행 가능한 능력 문제 해결 능력 및 논리적 사고 원활한 영어 커뮤니케이션 문의 신청서 제출(구글폼) 비자발급 가능 여부 검토 후 개별 전형/기업 안내 실시 전달받은 이력서 작성 후 회신(첨삭진행) 기업 서류/ 화상 면접전형 진행 합격자, 미국 스폰서기관 인터뷰 (회사-지원자 간의 보증을 해주는 미국 국무성 지정 기관, 별도 안내예정) 주한미국대사관 인터뷰 (별도 안내예정) 출국/출근 커리어랩스는 지원자에게 알선비나 기업 매칭에 따른 비용을 받지 않습니다. 파견직이 아닌 합격기업 소속 으로 근무하게 됩니다. 비자 발급비용은 본인 부담입니다. 지원문의: Tel. / Email : 신청서 제출:",,"[""https://www.gooddaysoju.us/"", ""https://forms.gle/JDniMmJnRN39ESU56""]",software_dev,[],"[""IT Associate""]","[""HTML"", ""CSS"", ""JavaScript"", ""Node.js"", ""PHP"", ""Python"", ""MySQL"", ""PostgreSQL"", ""MongoDB"", ""Git"", ""RESTful API"", ""UI/UX"", ""영어""]","[""React"", ""Vue"", ""React Native"", ""Flutter"", ""Swift"", ""Kotlin"", ""AWS"", ""Firebase""]",logistics_transport,캘리포니아,foreign_corp,office,"[""프로젝트""]","[""문제해결 능력"", ""실행력·업무처리 능력"", ""커뮤니케이션 역량""]","BWS Group Co.는 미국과 호주 전역에 좋은데이 소주, OB&Cass 맥주 및 과일 와인 브랜드를 수입 및 유통하는 기업입니다. 호주 시드니의 DY그룹을 시작으로 현재 미국 및 호주 전역에서 활동하고 있습니다.","IT Associate는 웹 및 모바일 애플리케이션의 개발과 유지보수를 담당하며, 안정적이고 효율적인 서비스를 제공하고 시스템 성능 개선을 통해 서비스 품질 향상에 기여합니다.","웹 및 모바일 애플리케이션의 개발, 유지보수 및 성능 개선을 담당합니다. 다양한 팀과 협업하여 기능 기획, 설계 및 구현을 진행하며, 효율적이고 확장 가능한 코드를 작성하고 Best Practice를 준수합니다. 기존 시스템의 문제 해결, 디버깅 및 업그레이드를 수행하며, 코드 리뷰에 참여하고 팀 내 기술 공유를 통해 애플리케이션의 성능, 품질 및 반응성을 유지합니다.","IT, 컴퓨터공학 또는 관련 전공자로서 실제 프로젝트 경험을 보유하고 포트폴리오 또는 GitHub 제출이 필수입니다. 데이터베이스 경험과 Git 등 버전 관리 도구에 대한 기본 이해가 필요합니다. RESTful API 및 외부 서비스 연동에 대한 이해와 UI/UX 기본 이해가 필요하며, 독립적으로 업무를 수행할 수 있는 능력과 문제 해결 능력, 논리적 사고를 갖추고 원활한 영어 커뮤니케이션이 가능한 인재를 찾습니다. React, Vue, React Native, Flutter, Swift, Kotlin 등 프레임워크 경험과 AWS, Firebase 등 클라우드 서비스 경험이 있다면 우대합니다.",[],"회사: BWS Group Co.는 미국과 호주 전역에 좋은데이 소주, OB&Cass 맥주 및 과일 와인 브랜드를 수입 및 유통하는 기업입니다. 호주 시드니의 DY그룹을 시작으로 현재 미국 및 호주 전역에서 활동하고 있습니다.
직무 목적: IT Associate는 웹 및 모바일 애플리케이션의 개발과 유지보수를 담당하며, 안정적이고 효율적인 서비스를 제공하고 시스템 성능 개선을 통해 서비스 품질 향상에 기여합니다.
주요 업무: 웹 및 모바일 애플리케이션의 개발, 유지보수 및 성능 개선을 담당합니다. 다양한 팀과 협업하여 기능 기획, 설계 및 구현을 진행하며, 효율적이고 확장 가능한 코드를 작성하고 Best Practice를 준수합니다. 기존 시스템의 문제 해결, 디버깅 및 업그레이드를 수행하며, 코드 리뷰에 참여하고 팀 내 기술 공유를 통해 애플리케이션의 성능, 품질 및 반응성을 유지합니다.
인재상: IT, 컴퓨터공학 또는 관련 전공자로서 실제 프로젝트 경험을 보유하고 포트폴리오 또는 GitHub 제출이 필수입니다. 데이터베이스 경험과 Git 등 버전 관리 도구에 대한 기본 이해가 필요합니다. RESTful API 및 외부 서비스 연동에 대한 이해와 UI/UX 기본 이해가 필요하며, 독립적으로 업무를 수행할 수 있는 능력과 문제 해결 능력, 논리적 사고를 갖추고 원활한 영어 커뮤니케이션이 가능한 인재를 찾습니다. React, Vue, React Native, Flutter, Swift, Kotlin 등 프레임워크 경험과 AWS, Firebase 등 클라우드 서비스 경험이 있다면 우대합니다.",intern,internship_program,BWS Group Co.에서 웹 및 모바일 애플리케이션 개발 및 유지보수를 담당할 IT Associate 미국 인턴을 채용합니다.,[]
312223,"DaeSang America USA, Inc.   ",[미국인턴/캘리포니아] DAESANG America USA 회계 부문 채용,INTERN,"DaeSang America USA, Inc. Address: 829 S Lawson St, City of Industry, CA Website: "" 1956년 설립한 (주) 대상의 USA 법인입니다. 식품 사업부와 소재 사업부로 운영하고 있으며, 식품 사업 부분에는 정정원 O'Food 와 종가집등의 대표 브랜드가 있습니다. 대상 아메리카는 미국 캘리포니아 주 로스앤젤레스 카운티 동부 샌 가브리엘 밸리에 위치한 City of Industry에 있습니다. 이름에서도 알 수 있듯이 산업화 도시이며, LA에서 자동차로 약 30여분 거리에 있기에 같은 생활권을 사용할 뿐만 아니라, 근처에 LA워크맨 앤드 템플 파밀리 홈스태드 뮤지엄을 비롯하여 공원, 낚시 자전거 등을 즐길 수 있는 프란크 G. 보넬리 리저널 공원, 하이킹을 즐기기에 좋은 피터 F. 리저널 공원, 등산과 승마를 즐길 수 있는 파우더 캐년등이 있어 주말에 액티비티를 하기에도 좋습니다."" 모집안내 채용부문 : Accounting Assistant 근무기간 : 12개월 이상 근무시간 : 주 40시간 급여 : $18 연 환산급여 : 약 $37,440 / a year (주 40시간 52주 근무 기준 이며, 주말 및 공휴일 over time 근무에 따라 변동 가능) 급여 외 보상 : 핸드폰 월 $60, 유급휴가 6일, 미국 공휴일도 유급으로 급여 지급(10일), 근무 우수자 비자스폰 가능 Job Description DaeSang America USA, Inc.는 글로벌 식품기업 Daesang Corporation의 미국 법인으로, 정정원(O Food), 종가집(Jongga) 등 K-food 브랜드를 기반으로 성장하고 있습니다. 본 포지션은 회계팀을 지원하며, 매출채권(AR) 관리 및 일반 회계 업무를 담당하는 Entry-Level 역할입니다. 1. Accounts Receivable (AR) 관리 고객 결제 내역 입력 및 검증 (Posting & Verification) 거래 기록 관리 및 데이터 정확성 유지 2. 청구 및 수금 관리 고객 인보이스 및 Statement 작성 미수금 관리 및 Collection 업무 지원 3. 자금 및 은행 업무 현금 수납(Cash Receipts) 처리 은행 입금 및 계좌 조정(Bank Reconciliation) 4. 비용 및 내부 정산 직원 경비 보고서 검토 및 정확성 확인 5. 결산 및 감사 지원 월말 / 연말 마감 업무 지원 내부/외부 감사(Audit) 대응 보조 6. 일반 사무 업무 문서 정리, 스캔 및 파일링 기타 회계팀 지원 업무 수행 문의 신청서 제출(구글폼) 비자발급 가능 여부 검토 후 개별 전형/기업 안내 실시 전달받은 이력서 작성 후 회신(첨삭진행) 기업 서류/ 화상 면접전형 진행 합격자, 미국 스폰서기관 인터뷰 (회사-지원자 간의 보증을 해주는 미국 국무성 지정 기관, 별도 안내예정) 주한미국대사관 인터뷰 (별도 안내예정) 출국/출근 커리어랩스는 지원자에게 알선비나 기업 매칭에 따른 비용을 받지 않습니다. 파견직이 아닌 합격기업 소속 으로 근무하게 됩니다. 비자 발급비용은 본인부담 입니다. 지원문의: Tel. / Email : 신청서 제출:",,"[""https://www.daesang.com/en/#BUSINESS"", ""https://forms.gle/JDniMmJnRN39ESU56""]",finance_investment,[],"[""Accounting Assistant"", ""회계 부문""]","[""Accounts Receivable Management"", ""Billing"", ""Collections"", ""Cash Receipts Processing"", ""Bank Reconciliation"", ""Expense Report Review"", ""Month-end Closing"", ""Year-end Closing"", ""Audit Assistance"", ""Document Management""]",[],food_beverage,캘리포니아,large_corp,office,"[""인턴""]","[""실행력·업무처리 능력"", ""정보수집·분석 역량"", ""문제해결 능력"", ""협업·팀워크""]","DaeSang America USA, Inc.는 1956년 설립된 (주)대상의 미국 법인으로, 식품 사업부와 소재 사업부를 운영하고 있습니다. 정정원 O'Food와 종가집 등의 대표 K-food 브랜드를 기반으로 성장하고 있습니다.","본 포지션은 회계팀을 지원하며, 매출채권(AR) 관리 및 일반 회계 업무를 담당하는 Entry-Level 역할로서 회계 운영의 정확성과 효율성을 기여합니다.","본 포지션은 매출채권(AR)을 관리하며 고객 결제 내역을 정확히 입력하고 검증합니다. 또한, 거래 기록을 체계적으로 관리하고 데이터의 정확성을 유지하는 역할을 수행합니다. 고객 인보이스 및 Statement를 작성하고 미수금 관리 및 수금 업무를 지원하며, 현금 수납 처리와 은행 입금 및 계좌 조정을 통해 자금 및 은행 업무를 처리합니다. 직원 경비 보고서를 검토하여 정확성을 확인하고, 월말 및 연말 마감 업무와 내부/외부 감사 대응을 보조합니다. 이 외에도 문서 정리, 스캔, 파일링 등 기타 회계팀 지원 업무를 수행합니다.","이 포지션은 회계팀을 지원하며 매출채권 관리 및 일반 회계 업무를 담당하는 Entry-Level 인턴십입니다. 지원자는 고객 결제 내역 입력 및 검증, 거래 기록 관리, 청구 및 수금 관리, 자금 및 은행 업무 처리, 비용 및 내부 정산, 결산 및 감사 지원 등 회계 전반에 대한 기본적인 이해와 꼼꼼한 업무 처리 능력을 갖추어야 합니다. 데이터 정확성을 유지하고 문서 관리 능력이 뛰어난 분을 선호합니다.",[],"회사: DaeSang America USA, Inc.는 1956년 설립된 (주)대상의 미국 법인으로, 식품 사업부와 소재 사업부를 운영하고 있습니다. 정정원 O'Food와 종가집 등의 대표 K-food 브랜드를 기반으로 성장하고 있습니다.
직무 목적: 본 포지션은 회계팀을 지원하며, 매출채권(AR) 관리 및 일반 회계 업무를 담당하는 Entry-Level 역할로서 회계 운영의 정확성과 효율성을 기여합니다.
주요 업무: 본 포지션은 매출채권(AR)을 관리하며 고객 결제 내역을 정확히 입력하고 검증합니다. 또한, 거래 기록을 체계적으로 관리하고 데이터의 정확성을 유지하는 역할을 수행합니다. 고객 인보이스 및 Statement를 작성하고 미수금 관리 및 수금 업무를 지원하며, 현금 수납 처리와 은행 입금 및 계좌 조정을 통해 자금 및 은행 업무를 처리합니다. 직원 경비 보고서를 검토하여 정확성을 확인하고, 월말 및 연말 마감 업무와 내부/외부 감사 대응을 보조합니다. 이 외에도 문서 정리, 스캔, 파일링 등 기타 회계팀 지원 업무를 수행합니다.
인재상: 이 포지션은 회계팀을 지원하며 매출채권 관리 및 일반 회계 업무를 담당하는 Entry-Level 인턴십입니다. 지원자는 고객 결제 내역 입력 및 검증, 거래 기록 관리, 청구 및 수금 관리, 자금 및 은행 업무 처리, 비용 및 내부 정산, 결산 및 감사 지원 등 회계 전반에 대한 기본적인 이해와 꼼꼼한 업무 처리 능력을 갖추어야 합니다. 데이터 정확성을 유지하고 문서 관리 능력이 뛰어난 분을 선호합니다.",intern,internship_program,대상 아메리카 USA 법인의 회계팀에서 매출채권 관리 및 일반 회계 업무를 담당할 미국 인턴을 채용합니다.,[]
312221,SK핀크스,[SK핀크스] 2026년 4월 SK핀크스 인사(HR) 채용공고,"NEW, EXPERIENCED","[SK핀크스] 2026년 4월 SK핀크스 인사(HR) 채용공고 [채용] 채용 프로세스 운영 채용브랜딩 기획 및 관리 온보딩 프로그램 기획 및 운영 복리후생 관리 등 인사 제반 업무 [자격요건] 대졸 이상 (전공 무관, 졸업예정자 가능) 운전면허 소지자 [우대사항] 2년 이상 인사 경력 보유자 채용 Full-Cycle 운영 경험자 Adobe 디자인툴 자격증 보유자 (Photoshop, Illustrator, Premiere Pro 등)",인사 | 채용/면접 | 인사/노무/교육 | 경영/사무 | 자신의 성장과정을 작성해 주세요. | 자신의 장점과 단점을 작성해 주세요. | SK핀크스에 입사 지원하시는 동기를 작성해 주세요. | SK핀크스 입사 후의 포부를 작성해 주세요. | [SK핀크스] 2026년 4월 SK핀크스 인사(HR) 채용공고,[],hr,[],"[""인사"", ""채용 프로세스 운영"", ""채용브랜딩 기획 및 관리"", ""온보딩 프로그램 기획 및 운영"", ""복리후생 관리""]","[""운전면허""]","[""Adobe Photoshop"", ""Adobe Illustrator"", ""Adobe Premiere Pro""]",unknown,unknown,large_corp,unknown,"[""프로젝트""]",[],"SK핀크스는 SK그룹의 계열사로, 다양한 사업 분야에서 인재를 확보하고 관리하는 데 중점을 둡니다.","이 직무는 SK핀크스의 채용 프로세스를 효율적으로 운영하고, 임직원의 온보딩 및 복리후생을 관리하여 안정적인 인력 운영과 긍정적인 조직 문화 조성에 기여합니다.","주요 업무는 채용 프로세스 전반을 기획하고 운영하는 것입니다. 여기에는 서류 전형부터 면접, 최종 합격까지의 모든 단계가 포함됩니다. 또한, 채용 브랜딩을 기획하고 관리하여 SK핀크스의 매력적인 고용주 이미지를 구축하고 우수 인재 유치에 힘씁니다. 신규 입사자를 위한 온보딩 프로그램을 기획하고 실행하여 조직 적응을 돕습니다. 이와 함께 임직원의 복리후생을 체계적으로 관리하는 등 인사 관련 제반 업무를 수행하며, 안정적인 인력 운영과 긍정적인 조직 문화 조성에 기여합니다.","대졸 이상의 학력을 소지한 분으로, 전공은 무관하며 졸업예정자도 지원 가능합니다. 운전면허 소지자를 필수로 요구합니다. 2년 이상의 인사 경력을 보유하고 채용 Full-Cycle 운영 경험이 있는 분을 우대하며, Adobe 디자인 툴(Photoshop, Illustrator, Premiere Pro 등) 자격증 보유자도 선호합니다.",[],"회사: SK핀크스는 SK그룹의 계열사로, 다양한 사업 분야에서 인재를 확보하고 관리하는 데 중점을 둡니다.
직무 목적: 이 직무는 SK핀크스의 채용 프로세스를 효율적으로 운영하고, 임직원의 온보딩 및 복리후생을 관리하여 안정적인 인력 운영과 긍정적인 조직 문화 조성에 기여합니다.
주요 업무: 주요 업무는 채용 프로세스 전반을 기획하고 운영하는 것입니다. 여기에는 서류 전형부터 면접, 최종 합격까지의 모든 단계가 포함됩니다. 또한, 채용 브랜딩을 기획하고 관리하여 SK핀크스의 매력적인 고용주 이미지를 구축하고 우수 인재 유치에 힘씁니다. 신규 입사자를 위한 온보딩 프로그램을 기획하고 실행하여 조직 적응을 돕습니다. 이와 함께 임직원의 복리후생을 체계적으로 관리하는 등 인사 관련 제반 업무를 수행하며, 안정적인 인력 운영과 긍정적인 조직 문화 조성에 기여합니다.
인재상: 대졸 이상의 학력을 소지한 분으로, 전공은 무관하며 졸업예정자도 지원 가능합니다. 운전면허 소지자를 필수로 요구합니다. 2년 이상의 인사 경력을 보유하고 채용 Full-Cycle 운영 경험이 있는 분을 우대하며, Adobe 디자인 툴(Photoshop, Illustrator, Premiere Pro 등) 자격증 보유자도 선호합니다.",both,job_posting,SK핀크스에서 채용 프로세스 운영 및 인사 제반 업무를 담당할 신입/경력 HR 담당자를 모집합니다.,[]
312218,알엑스씨(RXC),[RXC] CEO STAFF팀 CEO STAFF 전략/기획,EXPERIENCED,"[RXC] CEO STAFF팀 CEO STAFF 전략/기획 ~ 채용 시 마감 모집부문 및 상세내용 전략기획 RXC는 국내 최초 리테일 미디어 플랫폼인 PRIZM 서비스를 운영하는 스타트업으로, 경험 소비 영역을 중심으로 하여 다양한 오프라인 경험재(호텔, 여행 등) 뿐 아니라, 시상식, 공연, 페스티벌의 온오프라인 미디어 파트너사 역할을 수행하면서 사업을 확장해나가고 있습니다. CEO Staff팀은 CEO 포함 경영진의 의사결정을 지원하는 것을 핵심 목적으로, 전사 관점의 성장을 이끌어내기 위한 전략적 Initiatives 도출/관리 및 외부 투자 유치/관리 업무를 수행합니다. 전략적 사고와 문제 해결 능력에 입각하여, CEO와 함께 high-level 및 detailed point-of-view를 통해 플랫폼/미디어/커머스 전반에 걸친 다양한 경험과 성장을 할 수 있습니다. 채용 형태 - 경력 - 사원 담당업무 주요 경영지표를 체계적으로 관리합니다. 신규 투자 라운드 자료 작성 및 정기적/비정기적 주주 간담회 지원 등 IR 및 투자자 대응 업무를 수행합니다. 대형 IP (시상식, 공연 등)를 대상으로 한 제안서 작성, 내외부 이해관계자 커뮤니케이션, 현장 프로젝트 실행 업무를 담당합니다. 이외에도 CEO 직속 조직으로서 CEO 지시 과제를 담당하여 수행합니다. 자격 요건 전략 기획 관련 경력이 2~5년 있는 분을 모십니다. 문제해결능력에 기반한 전략 수립, 전사 경영지표 분석, Financial Modeling 관련 업무 경험 및 역량이 필요합니다. C-level 및 내부 실행 조직 간 Written 및 Verbal 커뮤니케이션을 주도한 경험이 있는 분을 찾습니다. 문제 정의 솔루션 도출 실행까지 End-to-End 기획에 관심 있는 분을 모십니다. 우대조건 대기업 CVC, 스타트업 전략조직 등에서 실무 경험이 있는 분을 우대합니다. 재무 모델링, PPT 슬라이드 구조화, 리서치 및 인사이트 도출에 강점을 가진 분을 우대합니다. 영어 커뮤니케이션 능통자(Verbal, Written)를 선호합니다. 이커머스, 소비재, 유통 부문 트렌드에 관심이 있으면 좋습니다. 고용 형태 정규직 (수습 3개월) 근무 환경 선정릉역에서 도보 1분 거리 역세권 최고의 동료와 함께 성장할 수 있는 기회 아티스트/셀럽과 화제성 있는 트렌드를 경험할 수 있는 기회 영어 이름을 사용하고 수평적인 문화를 지향 자유로운 휴가 사용 MRI 포함된 종합건강검진 패키지 제공 점심식대, 그리고 무제한 커피/음료 지원 야근할 경우, 야근식대 및 택시 지원 업무 택시 지원 경조사 지원 명절 선물 제공 쾌적하고 여유있는 업무 공간 효율적인 업무 수행을 위한 최적의 장비 지원 자격요건 학력 학력무관 근무조건 급여 회사 내규에 따름 ~ 채용 시 마감 지원",,[],planning_strategy,[],"[""CEO STAFF 전략/기획""]","[""Financial Modeling""]","[""재무 모델링"", ""PPT 슬라이드 구조화"", ""리서치"", ""인사이트 도출"", ""영어""]",retail_ecommerce,서울,startup,unknown,"[""프로젝트""]","[""전략·기획 역량"", ""문제해결 능력"", ""정보수집·분석 역량"", ""커뮤니케이션 역량"", ""실행력·업무처리 능력""]","알엑스씨(RXC)는 국내 최초 리테일 미디어 플랫폼인 PRIZM 서비스를 운영하는 스타트업입니다. 경험 소비 영역을 중심으로 다양한 오프라인 경험재(호텔, 여행 등)와 시상식, 공연, 페스티벌의 온오프라인 미디어 파트너사 역할을 수행하며 사업을 확장하고 있습니다.","CEO STAFF팀은 CEO를 포함한 경영진의 의사결정을 지원하고, 전사 관점의 성장을 이끌어내기 위한 전략적 이니셔티브 도출 및 관리, 외부 투자 유치 및 관리 업무를 수행하여 회사의 성장에 기여합니다.","주요 경영지표를 체계적으로 관리하고 분석합니다. 신규 투자 라운드 자료 작성 및 정기적/비정기적 주주 간담회 지원 등 IR 및 투자자 대응 업무를 수행합니다. 대형 IP(시상식, 공연 등)를 대상으로 한 제안서 작성, 내외부 이해관계자 커뮤니케이션, 현장 프로젝트 실행 업무를 담당합니다. 이외에도 CEO 직속 조직으로서 CEO 지시 과제를 담당하여 수행합니다.","전략 기획 관련 2~5년 경력을 보유한 분을 찾습니다. 문제해결능력에 기반한 전략 수립, 전사 경영지표 분석, Financial Modeling 관련 업무 경험 및 역량이 필수적입니다. C-level 및 내부 실행 조직 간 Written 및 Verbal 커뮤니케이션을 주도한 경험이 있어야 하며, 문제 정의부터 솔루션 도출, 실행까지 End-to-End 기획에 관심 있는 분을 모십니다. 대기업 CVC, 스타트업 전략조직 등에서 실무 경험이 있거나 재무 모델링, PPT 슬라이드 구조화, 리서치 및 인사이트 도출에 강점을 가진 분을 우대합니다. 영어 커뮤니케이션 능통자 및 이커머스, 소비재, 유통 부문 트렌드에 관심 있는 분을 선호합니다.","[""성장"", ""수평적"", ""자율"", ""스타트업"", ""빠른실행""]","회사: 알엑스씨(RXC)는 국내 최초 리테일 미디어 플랫폼인 PRIZM 서비스를 운영하는 스타트업입니다. 경험 소비 영역을 중심으로 다양한 오프라인 경험재(호텔, 여행 등)와 시상식, 공연, 페스티벌의 온오프라인 미디어 파트너사 역할을 수행하며 사업을 확장하고 있습니다.
직무 목적: CEO STAFF팀은 CEO를 포함한 경영진의 의사결정을 지원하고, 전사 관점의 성장을 이끌어내기 위한 전략적 이니셔티브 도출 및 관리, 외부 투자 유치 및 관리 업무를 수행하여 회사의 성장에 기여합니다.
주요 업무: 주요 경영지표를 체계적으로 관리하고 분석합니다. 신규 투자 라운드 자료 작성 및 정기적/비정기적 주주 간담회 지원 등 IR 및 투자자 대응 업무를 수행합니다. 대형 IP(시상식, 공연 등)를 대상으로 한 제안서 작성, 내외부 이해관계자 커뮤니케이션, 현장 프로젝트 실행 업무를 담당합니다. 이외에도 CEO 직속 조직으로서 CEO 지시 과제를 담당하여 수행합니다.
인재상: 전략 기획 관련 2~5년 경력을 보유한 분을 찾습니다. 문제해결능력에 기반한 전략 수립, 전사 경영지표 분석, Financial Modeling 관련 업무 경험 및 역량이 필수적입니다. C-level 및 내부 실행 조직 간 Written 및 Verbal 커뮤니케이션을 주도한 경험이 있어야 하며, 문제 정의부터 솔루션 도출, 실행까지 End-to-End 기획에 관심 있는 분을 모십니다. 대기업 CVC, 스타트업 전략조직 등에서 실무 경험이 있거나 재무 모델링, PPT 슬라이드 구조화, 리서치 및 인사이트 도출에 강점을 가진 분을 우대합니다. 영어 커뮤니케이션 능통자 및 이커머스, 소비재, 유통 부문 트렌드에 관심 있는 분을 선호합니다.",experienced,job_posting,리테일 미디어 플랫폼 RXC에서 CEO 경영진의 의사결정을 지원하고 전략 기획 및 투자 유치 업무를 수행할 경력직 CEO Staff를 모집합니다.,[]
312217,비모소프트,[비모소프트] 백엔드 개발자 전환형 인턴 채용,INTERN,[비모소프트] 백엔드 개발자 전환형 인턴 채용 [모집 분야] 백엔드 개발자 (전환 인턴) [,,[],software_dev,[],"[""백엔드 개발자""]",[],[],it_software,unknown,unknown,unknown,"[""인턴""]",[],비모소프트는 소프트웨어 개발을 전문으로 하는 회사입니다.,"백엔드 시스템 개발에 참여하여 서비스의 안정성과 효율성을 확보하고, 실제 서비스 개발 경험을 쌓는 것이 이 직무의 목적입니다.","백엔드 시스템 개발 및 유지보수 업무를 지원합니다. API 설계 및 구현에 참여하고, 데이터베이스 연동 작업을 수행합니다. 서비스의 안정적인 운영을 위한 서버 모니터링 및 문제 해결을 보조하며, 개발 과정에서 발생하는 기술적 이슈를 학습하고 해결하는 데 기여합니다. 팀 내 코드 리뷰에 참여하여 개발 역량을 강화하고, 효율적인 협업을 통해 프로젝트 목표 달성에 동참합니다.","백엔드 개발에 대한 기본적인 이해와 성장 의지를 가진 분을 찾습니다. 컴퓨터 공학 또는 관련 전공자이거나 그에 준하는 지식을 보유한 분을 우대합니다. 프로그래밍 언어(예: Python, Java, Node.js 등)에 대한 학습 경험과 데이터베이스(SQL/NoSQL)에 대한 기초 지식이 있다면 좋습니다. 새로운 기술 습득에 적극적이고, 팀원들과 원활하게 소통하며 협업할 수 있는 인재를 환영합니다.",[],"회사: 비모소프트는 소프트웨어 개발을 전문으로 하는 회사입니다.
직무 목적: 백엔드 시스템 개발에 참여하여 서비스의 안정성과 효율성을 확보하고, 실제 서비스 개발 경험을 쌓는 것이 이 직무의 목적입니다.
주요 업무: 백엔드 시스템 개발 및 유지보수 업무를 지원합니다. API 설계 및 구현에 참여하고, 데이터베이스 연동 작업을 수행합니다. 서비스의 안정적인 운영을 위한 서버 모니터링 및 문제 해결을 보조하며, 개발 과정에서 발생하는 기술적 이슈를 학습하고 해결하는 데 기여합니다. 팀 내 코드 리뷰에 참여하여 개발 역량을 강화하고, 효율적인 협업을 통해 프로젝트 목표 달성에 동참합니다.
인재상: 백엔드 개발에 대한 기본적인 이해와 성장 의지를 가진 분을 찾습니다. 컴퓨터 공학 또는 관련 전공자이거나 그에 준하는 지식을 보유한 분을 우대합니다. 프로그래밍 언어(예: Python, Java, Node.js 등)에 대한 학습 경험과 데이터베이스(SQL/NoSQL)에 대한 기초 지식이 있다면 좋습니다. 새로운 기술 습득에 적극적이고, 팀원들과 원활하게 소통하며 협업할 수 있는 인재를 환영합니다.",intern,job_posting,비모소프트 백엔드 개발자 전환형 인턴 채용 공고입니다.,"[""short_text"", ""low_signal""]"
312216,SK핀크스,[SK핀크스] 2026년 4월 SK핀크스 조리사 채용공고,"NEW, EXPERIENCED",[SK핀크스] 2026년 4월 SK핀크스 조리사 채용공고 [직무내용] 레스토랑 조리 업무 메뉴 R&D 식자재 및 위생관리 [자격요건] 초대졸 이상 조리 관련 자격증 소지자 [우대사항] 2년 이상 5년 미만 경력자 특급호텔 및 동종업계 근무 경험자 중식조리기능사 및 한식조리기능사 자격증,조리사 | 요리사 | 요리/영양/제과제빵/바리스타 | 서비스 | 자신의 성장과정을 작성해 주세요. | 자신의 장점과 단점을 작성해 주세요. | SK핀크스에 입사 지원하시는 동기를 작성해 주세요. | SK핀크스 입사 후의 포부를 작성해 주세요. | [SK핀크스] 2026년 4월 SK핀크스 조리사 채용공고,[],service_pm,[],"[""조리사"", ""레스토랑 조리 업무"", ""메뉴 R&D"", ""식자재 및 위생관리""]","[""조리 관련 자격증""]","[""중식조리기능사"", ""한식조리기능사""]",food_beverage,unknown,large_corp,unknown,"[""프로젝트""]","[""창의·혁신 역량"", ""실행력·업무처리 능력""]","SK핀크스는 리조트 및 골프 클럽을 운영하며, 레스토랑 서비스를 제공하는 기업입니다.",고객에게 최상의 미식 경험을 제공하기 위해 레스토랑 조리 업무를 수행하고 메뉴를 개발하며 식자재 및 위생 관리를 담당하는 역할입니다.,"레스토랑 조리 업무를 담당하며, 고객에게 제공될 메뉴를 연구하고 개발합니다. 또한, 식자재의 신선도와 품질을 관리하고, 주방의 위생 상태를 철저히 유지하여 안전하고 맛있는 음식을 제공합니다.","초대졸 이상의 학력을 갖추고 조리 관련 자격증을 소지한 분을 찾습니다. 2년 이상 5년 미만의 경력과 특급호텔 또는 동종업계 근무 경험이 있는 분을 우대하며, 특히 중식조리기능사 및 한식조리기능사 자격증을 보유한 분을 환영합니다.",[],"회사: SK핀크스는 리조트 및 골프 클럽을 운영하며, 레스토랑 서비스를 제공하는 기업입니다.
직무 목적: 고객에게 최상의 미식 경험을 제공하기 위해 레스토랑 조리 업무를 수행하고 메뉴를 개발하며 식자재 및 위생 관리를 담당하는 역할입니다.
주요 업무: 레스토랑 조리 업무를 담당하며, 고객에게 제공될 메뉴를 연구하고 개발합니다. 또한, 식자재의 신선도와 품질을 관리하고, 주방의 위생 상태를 철저히 유지하여 안전하고 맛있는 음식을 제공합니다.
인재상: 초대졸 이상의 학력을 갖추고 조리 관련 자격증을 소지한 분을 찾습니다. 2년 이상 5년 미만의 경력과 특급호텔 또는 동종업계 근무 경험이 있는 분을 우대하며, 특히 중식조리기능사 및 한식조리기능사 자격증을 보유한 분을 환영합니다.",both,job_posting,"SK핀크스에서 레스토랑 조리 업무, 메뉴 R&D, 식자재 및 위생 관리를 담당할 조리사를 채용합니다.",[]
312213,주식회사 더파운더즈,[더파운더즈] 글로벌 신사업 전략기획 매니저,EXPERIENCED,"[더파운더즈] 글로벌 신사업 전략기획 매니저 [ [담당업무] - 시장에서 주요하게 바라봐야 할 지표를 정의하고 수집하여 사업부 선행 과제를 제안합니다. - 사업부의 판매전략을 기반으로 제품이 원활하게 공급될 수 있도록 제품 기획 및 생산 일정을 관리합니다. - 사업부의 재무 지표를 정의하고 수집, 가공하여 재무 지표 개선을 위해 실행해야 할 과제를 도출합니다. [자격요건] - 경력 2년 ~ 7년 - 전략 컨설팅 펌, 스타트업 프로젝트 리드, 대기업 전략팀 등에서 프로젝트의 A to Z를 경험해보신 분 - 구조적 / 논리적 사고가 가능하여 복잡한 프로세스를 도식화하고 효율적으로 개선하실 수 있으신 분 - 수리적 사고에 능숙하여 숫자를 바탕으로 문제를 분석하고 필요에 따라 가공할 수 있으신 분 [우대사항] 성향 - 전체 관점으로 사고하고, 본인의 영역 뿐 아니라 A to Z 의 프로세스를 고민하시는 분 - ""원래 안되는거야""를 싫어하고, 어렵고 새로운 문제도 집요하게 해결하시는 분 - 추상적인 과제도 나름의 논리로 뾰족한 가설을 세우고 빠르게 실행하시는 분 - 투명한 커뮤니케이션을 기반으로 소통하며 피드백 수용성이 높으신 분 - 회복 탄력성이 높아, 실패에 낙담하기보다는 다음에 어떻게 할지를 고민하고 실행하시는 분 경험 - 데이터를 가공하여 가시화 할 수 있는 스킬셋 - 화장품 또는 소비재, 커머스 업무 경험 - 특정 제품의 생산 및 판매 등 운영 과정에 대한 경험 [채용공고]",,[],planning_strategy,"[""marketing""]","[""글로벌 신사업 전략기획 매니저""]",[],"[""데이터 가공"", ""데이터 시각화""]",retail_ecommerce,unknown,startup,unknown,"[""프로젝트""]","[""문제해결 능력"", ""전략·기획 역량"", ""정보수집·분석 역량"", ""실행력·업무처리 능력"", ""커뮤니케이션 역량""]","주식회사 더파운더즈는 글로벌 신사업을 기획하고 운영하는 회사로, 화장품 및 소비재 커머스 분야에서 사업을 전개하고 있습니다.","이 직무는 글로벌 신사업의 성공적인 시장 진입과 성장을 위해 핵심 지표를 정의하고, 제품 공급 및 재무 지표 개선 과제를 도출하여 사업 효율성을 극대화하는 데 기여합니다.","시장 내 주요 지표를 정의하고 데이터를 수집하여 사업부의 선행 과제를 제안합니다. 사업부의 판매 전략을 기반으로 제품 기획 및 생산 일정을 관리하여 원활한 제품 공급을 보장합니다. 또한, 사업부의 재무 지표를 정의하고 수집 및 가공하여 재무 지표 개선을 위한 실행 과제를 도출합니다. 이 과정에서 복잡한 프로세스를 구조적으로 분석하고 효율적인 개선 방안을 모색하며, 숫자를 바탕으로 문제를 분석하고 필요에 따라 데이터를 가공하는 업무를 수행합니다.","경력 2년에서 7년 사이의 전략 컨설팅 펌, 스타트업 프로젝트 리드, 또는 대기업 전략팀에서 프로젝트 전반을 경험한 분을 찾습니다. 구조적이고 논리적인 사고를 통해 복잡한 프로세스를 효율적으로 개선하고, 수리적 사고로 데이터를 분석하고 가공하여 문제를 해결할 수 있어야 합니다. 전체 관점에서 사고하며, 본인의 영역을 넘어 A to Z 프로세스를 고민하고, 어려운 문제도 집요하게 해결하며 빠르게 실행하는 인재를 선호합니다. 투명한 커뮤니케이션과 높은 피드백 수용성, 그리고 실패를 통해 배우고 다음을 고민하는 회복 탄력성을 갖춘 분을 우대합니다. 화장품, 소비재, 커머스 업무 경험 및 특정 제품의 생산 및 판매 운영 경험이 있다면 더욱 좋습니다.","[""전략적 사고"", ""문제해결"", ""빠른실행"", ""투명한 커뮤니케이션"", ""회복탄력성"", ""데이터드리븐""]","회사: 주식회사 더파운더즈는 글로벌 신사업을 기획하고 운영하는 회사로, 화장품 및 소비재 커머스 분야에서 사업을 전개하고 있습니다.
직무 목적: 이 직무는 글로벌 신사업의 성공적인 시장 진입과 성장을 위해 핵심 지표를 정의하고, 제품 공급 및 재무 지표 개선 과제를 도출하여 사업 효율성을 극대화하는 데 기여합니다.
주요 업무: 시장 내 주요 지표를 정의하고 데이터를 수집하여 사업부의 선행 과제를 제안합니다. 사업부의 판매 전략을 기반으로 제품 기획 및 생산 일정을 관리하여 원활한 제품 공급을 보장합니다. 또한, 사업부의 재무 지표를 정의하고 수집 및 가공하여 재무 지표 개선을 위한 실행 과제를 도출합니다. 이 과정에서 복잡한 프로세스를 구조적으로 분석하고 효율적인 개선 방안을 모색하며, 숫자를 바탕으로 문제를 분석하고 필요에 따라 데이터를 가공하는 업무를 수행합니다.
인재상: 경력 2년에서 7년 사이의 전략 컨설팅 펌, 스타트업 프로젝트 리드, 또는 대기업 전략팀에서 프로젝트 전반을 경험한 분을 찾습니다. 구조적이고 논리적인 사고를 통해 복잡한 프로세스를 효율적으로 개선하고, 수리적 사고로 데이터를 분석하고 가공하여 문제를 해결할 수 있어야 합니다. 전체 관점에서 사고하며, 본인의 영역을 넘어 A to Z 프로세스를 고민하고, 어려운 문제도 집요하게 해결하며 빠르게 실행하는 인재를 선호합니다. 투명한 커뮤니케이션과 높은 피드백 수용성, 그리고 실패를 통해 배우고 다음을 고민하는 회복 탄력성을 갖춘 분을 우대합니다. 화장품, 소비재, 커머스 업무 경험 및 특정 제품의 생산 및 판매 운영 경험이 있다면 더욱 좋습니다.",experienced,job_posting,"글로벌 신사업의 전략 기획 및 운영을 담당하며, 시장 지표 분석, 제품 공급 관리, 재무 지표 개선을 통해 사업 성장을 주도할 경력직 매니저를 채용합니다.",[]
312212,(주)삼구아이앤씨,신세계인터내셔날 패션브랜드 마케팅 인턴 모집공고,INTERN,"신세계인터내셔날 패션브랜드 마케팅 인턴 모집공고 1. 소속: 패션마케팅팀 * 기존 패션마케팅 다른 TO인원임 / 채용구분을 위해 지원요강 및 제목 변경(중복지원가능) 2. 담당 브랜드: Brunello Cucinelli, Man on the Boon, Lardini, Lalique 등 (* 업무에 따라 변경 가능 ) 3. 채용구분: 인턴 (* 파견직 사무 보조이며 정규직 전환불가) 4. 채용기간: 채용시점 기준 약 6개월 (* 계약 기간 엄수 / 논의 후 연장 계약 가능) 5. 근무시간: 주 5일 (월-금) / ( 09:00~17:00 , 점심시간 1시간 포함) 6. 근무 위치: 신세계인터내셔날 청담 사옥 11층 (서울시 강남구 도산대로 449) 7. 담당업무 (MARKETING ASSISTANT) - 패션 브랜드 마케팅 업무 서포트 - PR 샘플 관리, 브랜드 마케팅/PR 업무 보조, 번역/리서치/자료정리 등의 문서 작업 8. 채용절차 구분 내용 세부내용 비고 1차 서류전형 3/31 ( 화 ) 4/8 ( 수 ) 이력서 1부, 자기소개서 1부(자유양식) 패션브랜드마케팅 인턴/이름 "" 구분을위해 지원제목 준수"" 2차 면접 4/14 ( 화 ) 4/17 ( 금 ) 대면 면접 서류전형 합격자 개별 연락 근무 4/22(수) 9/22(화) (인수인계 기간 포함) 6개월 이상 근무 필수 휴학생 우대 * 면접 및 출근 일자 변동 가능 / 채용 전환이 되지 않는 인턴십입니다. 9. 우대자격 - 영어 능통자 (이메일 작성 및 문서 번역 / 공인어학성적 보유자) - 엑셀/파워포인트 활용한 꼼꼼한 업무 처리 역량 및 패션 마케팅 직무 관심도 - 포토샵/일러스트레이터/프리미어 등 디자인 툴 활용 능력 우대 - 6개월 이상 중도 퇴사 없이 근무할 휴학생 10. 급여: 월 1,889,590원 (세전 기준 / 자사 내규에 따름)",,[],marketing,[],"[""패션브랜드 마케팅 인턴"", ""MARKETING ASSISTANT""]","[""영어"", ""Excel"", ""PowerPoint""]","[""포토샵"", ""일러스트레이터"", ""프리미어""]",fashion,서울,large_corp,office,"[""인턴""]","[""실행력·업무처리 능력"", ""정보수집·분석 역량"", ""글로벌·다문화 역량""]","신세계인터내셔날은 Brunello Cucinelli, Man on the Boon 등 다양한 패션 브랜드를 국내에 전개하는 기업입니다.","패션 브랜드 마케팅 업무를 지원하며, PR 샘플 관리, 문서 작업 등을 통해 브랜드의 성공적인 마케팅 활동에 기여합니다.","패션 브랜드 마케팅 업무를 전반적으로 서포트합니다. 구체적으로는 PR 샘플을 체계적으로 관리하고, 브랜드 마케팅 및 PR 활동을 보조합니다. 또한, 번역, 리서치, 자료 정리 등의 다양한 문서 작업을 수행하여 팀의 효율적인 운영을 돕습니다.","영어 능통자로 이메일 작성 및 문서 번역이 가능하며, 공인어학성적 보유자를 우대합니다. 엑셀과 파워포인트를 활용하여 꼼꼼하게 업무를 처리할 수 있는 역량과 패션 마케팅 직무에 대한 높은 관심이 필요합니다. 포토샵, 일러스트레이터, 프리미어 등 디자인 툴 활용 능력이 있다면 더욱 좋습니다. 6개월 이상 중도 퇴사 없이 성실하게 근무할 휴학생을 찾습니다.",[],"회사: 신세계인터내셔날은 Brunello Cucinelli, Man on the Boon 등 다양한 패션 브랜드를 국내에 전개하는 기업입니다.
직무 목적: 패션 브랜드 마케팅 업무를 지원하며, PR 샘플 관리, 문서 작업 등을 통해 브랜드의 성공적인 마케팅 활동에 기여합니다.
주요 업무: 패션 브랜드 마케팅 업무를 전반적으로 서포트합니다. 구체적으로는 PR 샘플을 체계적으로 관리하고, 브랜드 마케팅 및 PR 활동을 보조합니다. 또한, 번역, 리서치, 자료 정리 등의 다양한 문서 작업을 수행하여 팀의 효율적인 운영을 돕습니다.
인재상: 영어 능통자로 이메일 작성 및 문서 번역이 가능하며, 공인어학성적 보유자를 우대합니다. 엑셀과 파워포인트를 활용하여 꼼꼼하게 업무를 처리할 수 있는 역량과 패션 마케팅 직무에 대한 높은 관심이 필요합니다. 포토샵, 일러스트레이터, 프리미어 등 디자인 툴 활용 능력이 있다면 더욱 좋습니다. 6개월 이상 중도 퇴사 없이 성실하게 근무할 휴학생을 찾습니다.",intern,internship_program,"신세계인터내셔날 패션마케팅팀에서 6개월간 PR 샘플 관리, 마케팅 보조, 문서 작업 등을 담당할 인턴을 모집합니다.",[]
312210,토리든,[토리든] [해외퍼포먼스팀] 글로벌 틱톡샵 마케팅(인턴),INTERN,[토리든] [해외퍼포먼스팀] 글로벌 틱톡샵 마케팅(인턴) [모집분야] 해외 퍼포먼스팀 글로벌 틱톡샵 마케팅 [지원자격] 서면 비즈니스 영어 가능하신 분 성실하고 적극적으로 배우는 태도를 가지신 분 [,,[],marketing,[],"[""해외 퍼포먼스팀 글로벌 틱톡샵 마케팅""]","[""비즈니스 영어""]",[],beauty_cosmetics,unknown,unknown,unknown,"[""인턴""]","[""학습·성장 역량"", ""실행력·업무처리 능력""]",토리든은 스킨케어 제품을 개발하고 판매하는 뷰티 브랜드입니다.,이 직무는 토리든의 해외 시장 확장을 위해 틱톡샵 채널을 활용하여 글로벌 마케팅 활동을 기획하고 실행하는 데 기여합니다.,"글로벌 틱톡샵 마케팅 인턴으로서 해외 퍼포먼스팀에 합류하여 틱톡샵 채널을 통한 마케팅 전략 수립 및 실행을 지원합니다. 틱톡샵 내 콘텐츠 기획 및 제작을 보조하고, 캠페인 운영 및 성과 분석을 통해 브랜드 인지도를 높이고 매출 증대에 기여하는 업무를 수행합니다. 해외 시장 트렌드를 분석하고 마케팅 아이디어를 제안하며, 관련 데이터를 수집하고 보고서를 작성하는 역할을 담당합니다.","서면 비즈니스 영어가 가능하며, 글로벌 틱톡샵 마케팅에 대한 관심과 이해를 가진 분을 찾습니다. 성실하고 적극적인 태도로 업무에 임하며, 빠르게 배우고 성장하고자 하는 의지를 가진 인재를 우대합니다. 해외 시장 트렌드에 대한 분석 능력과 커뮤니케이션 역량을 갖춘 분이라면 좋습니다.","[""성장"", ""적극적""]","회사: 토리든은 스킨케어 제품을 개발하고 판매하는 뷰티 브랜드입니다.
직무 목적: 이 직무는 토리든의 해외 시장 확장을 위해 틱톡샵 채널을 활용하여 글로벌 마케팅 활동을 기획하고 실행하는 데 기여합니다.
주요 업무: 글로벌 틱톡샵 마케팅 인턴으로서 해외 퍼포먼스팀에 합류하여 틱톡샵 채널을 통한 마케팅 전략 수립 및 실행을 지원합니다. 틱톡샵 내 콘텐츠 기획 및 제작을 보조하고, 캠페인 운영 및 성과 분석을 통해 브랜드 인지도를 높이고 매출 증대에 기여하는 업무를 수행합니다. 해외 시장 트렌드를 분석하고 마케팅 아이디어를 제안하며, 관련 데이터를 수집하고 보고서를 작성하는 역할을 담당합니다.
인재상: 서면 비즈니스 영어가 가능하며, 글로벌 틱톡샵 마케팅에 대한 관심과 이해를 가진 분을 찾습니다. 성실하고 적극적인 태도로 업무에 임하며, 빠르게 배우고 성장하고자 하는 의지를 가진 인재를 우대합니다. 해외 시장 트렌드에 대한 분석 능력과 커뮤니케이션 역량을 갖춘 분이라면 좋습니다.",intern,internship_program,토리든 해외 퍼포먼스팀의 글로벌 틱톡샵 마케팅 인턴 채용 공고입니다.,"[""short_text"", ""low_signal""]"
312209,SK핀크스,[SK핀크스] 2026년 4월 SK핀크스 식음서비스팀 채용공고,"NEW, EXPERIENCED","[SK핀크스] 2026년 4월 SK핀크스 식음서비스팀 채용공고 [직무내용] F&B 서비스 매장관리 연회 및 세미나 제공 고객 서비스 및 캐셔 [자격요건] 초대졸 이상 (전공 무관, 졸업예정자 가능) [우대사항] 동종업계 경력자 소믈리에, 바리스타, 조주사 등 식음 관련 자격증 보유자 영어회화 가능자",식음서비스팀 | 매장관리 | 판매/캐셔/매장관리 | 영업/고객상담 | 매니저/매장관리 | 외식/식음료 | 서비스 | 자신의 성장과정을 작성해 주세요. | 자신의 장점과 단점을 작성해 주세요. | SK핀크스에 입사 지원하시는 동기를 작성해 주세요. | SK핀크스 입사 후의 포부를 작성해 주세요. | [SK핀크스] 2026년 4월 SK핀크스 식음서비스팀 채용공고,[],sales,"[""cs_cx""]","[""식음서비스팀"", ""매장관리"", ""판매/캐셔/매장관리"", ""연회 및 세미나 제공"", ""고객 서비스 및 캐셔""]",[],"[""소믈리에"", ""바리스타"", ""조주사"", ""식음 관련 자격증"", ""영어회화""]",food_beverage,unknown,large_corp,field,[],"[""고객·서비스 지향""]","SK핀크스는 SK그룹 계열사로, 골프장 및 리조트 사업을 운영하며 고객에게 고품격 식음 서비스를 제공합니다.","고객에게 최상의 식음 서비스를 제공하고, 매장을 효율적으로 관리하며, 연회 및 세미나를 성공적으로 운영하기 위해 이 직무가 필요합니다.","F&B 서비스 매장 전반을 관리하며, 고객에게 최상의 서비스를 제공합니다. 연회 및 세미나를 기획하고 운영하며, 고객의 요구에 맞춰 식음료를 제공합니다. 캐셔 업무를 수행하고, 매장 운영의 효율성을 높이기 위한 다양한 업무를 담당합니다.","초대졸 이상의 학력을 소지한 분 또는 졸업예정자도 지원 가능합니다. 동종업계에서 식음 서비스 관련 경력을 보유하신 분을 우대하며, 소믈리에, 바리스타, 조주사 등 식음 관련 자격증을 소지하신 분을 선호합니다. 원활한 고객 응대를 위해 영어회화가 가능하신 분을 우대합니다.",[],"회사: SK핀크스는 SK그룹 계열사로, 골프장 및 리조트 사업을 운영하며 고객에게 고품격 식음 서비스를 제공합니다.
직무 목적: 고객에게 최상의 식음 서비스를 제공하고, 매장을 효율적으로 관리하며, 연회 및 세미나를 성공적으로 운영하기 위해 이 직무가 필요합니다.
주요 업무: F&B 서비스 매장 전반을 관리하며, 고객에게 최상의 서비스를 제공합니다. 연회 및 세미나를 기획하고 운영하며, 고객의 요구에 맞춰 식음료를 제공합니다. 캐셔 업무를 수행하고, 매장 운영의 효율성을 높이기 위한 다양한 업무를 담당합니다.
인재상: 초대졸 이상의 학력을 소지한 분 또는 졸업예정자도 지원 가능합니다. 동종업계에서 식음 서비스 관련 경력을 보유하신 분을 우대하며, 소믈리에, 바리스타, 조주사 등 식음 관련 자격증을 소지하신 분을 선호합니다. 원활한 고객 응대를 위해 영어회화가 가능하신 분을 우대합니다.",both,job_posting,"SK핀크스 식음서비스팀에서 F&B 매장관리, 연회 및 고객 서비스를 담당할 신입 및 경력직을 채용합니다.",[]
312208,쿠시먼앤드웨이크필드코리아,[쿠시먼앤드웨이크필드코리아] Assistant,INTERN,"[쿠시먼앤드웨이크필드코리아] Assistant ~ 채용 시 마감 모집부문 및 상세내용 모집부문 채용구분 담당업무 우대조건 Assistant 인턴(7개월) 팀원 담당업무 보고서 한영 번역 업무 (호텔, 물류, 오피스, 리테일, 전망 보고서) 보고서 작성 보조 업무 (글로벌 보고서 번역 등) 데이터 수집 및 시각화 보조 업무 (오피스, 리테일 및 공공데이터) 기존 데이터 분류 보조 업무 능동적/적극적인 자세와 부동산에 대한 열정이 있으신 분 자격요건 학력 대학졸업(4년) 이상(졸업예정자 가능) 근무조건 급여 회사 내규에 따름 쿠시먼앤드웨이크필드코리아 ~ 채용 시 마감 지원",,[],management_support,[],"[""Assistant""]","[""한국어"", ""영어""]",[],real_estate,서울,foreign_corp,unknown,"[""인턴""]","[""실행력·업무처리 능력"", ""정보수집·분석 역량"", ""커뮤니케이션 역량""]","쿠시먼앤드웨이크필드코리아는 글로벌 부동산 서비스 기업으로, 다양한 부동산 시장 보고서 작성 및 데이터 분석을 수행합니다.","이 직무는 호텔, 물류, 오피스, 리테일 등 다양한 부동산 시장의 보고서 번역, 작성 보조 및 데이터 분석 지원을 통해 팀의 전문적인 리서치 역량을 강화하는 데 기여합니다.","주요 업무는 호텔, 물류, 오피스, 리테일 및 전망 보고서의 한영 번역을 수행하며, 글로벌 보고서 작성 보조를 담당합니다. 또한, 오피스, 리테일 및 공공데이터를 활용한 데이터 수집 및 시각화 작업을 보조하고, 기존 데이터를 효율적으로 분류하는 업무를 지원합니다.","대학 졸업자 또는 졸업 예정자로, 능동적이고 적극적인 자세를 갖추고 부동산 분야에 대한 깊은 열정을 가진 인재를 찾습니다. 보고서 번역 및 작성 보조, 데이터 수집 및 시각화 보조 업무를 수행할 수 있는 역량을 갖춘 분을 우대합니다.",[],"회사: 쿠시먼앤드웨이크필드코리아는 글로벌 부동산 서비스 기업으로, 다양한 부동산 시장 보고서 작성 및 데이터 분석을 수행합니다.
직무 목적: 이 직무는 호텔, 물류, 오피스, 리테일 등 다양한 부동산 시장의 보고서 번역, 작성 보조 및 데이터 분석 지원을 통해 팀의 전문적인 리서치 역량을 강화하는 데 기여합니다.
주요 업무: 주요 업무는 호텔, 물류, 오피스, 리테일 및 전망 보고서의 한영 번역을 수행하며, 글로벌 보고서 작성 보조를 담당합니다. 또한, 오피스, 리테일 및 공공데이터를 활용한 데이터 수집 및 시각화 작업을 보조하고, 기존 데이터를 효율적으로 분류하는 업무를 지원합니다.
인재상: 대학 졸업자 또는 졸업 예정자로, 능동적이고 적극적인 자세를 갖추고 부동산 분야에 대한 깊은 열정을 가진 인재를 찾습니다. 보고서 번역 및 작성 보조, 데이터 수집 및 시각화 보조 업무를 수행할 수 있는 역량을 갖춘 분을 우대합니다.",intern,internship_program,글로벌 부동산 서비스 기업 쿠시먼앤드웨이크필드코리아에서 부동산 보고서 번역 및 데이터 분석을 지원할 인턴을 모집합니다.,[]
312206,SK핀크스,[SK핀크스] 2026년 4월 SK핀크스 Front Officer 채용공고,"NEW, EXPERIENCED","[SK핀크스] 2026년 4월 SK핀크스 Front Officer 채용공고 [직무내용] 골프장 및 호텔 프런트 고객 응대 Check in / out (Cashier 업무) 골프클럽 내장객 등록 및 정산 [자격요건] 초대졸 이상 (전공 무관, 졸업예정자 가능) 영어회화 가능자 운전 가능자 [우대사항] 호텔 관련 자격증 보유자 관련 학과 졸업자 타 골프클럽 및 특급호텔(동종업계) 근무 경험자 서비스 마인드 및 커뮤니케이션 스킬 보유자",Front Officer | 안내/리셉션 | 사무/총무/법무 | 경영/사무 | 매장관리 | 판매/캐셔/매장관리 | 영업/고객상담 | 캐셔 | 고객관리 | 고객관리/인바운드 | 자신의 성장과정을 작성해 주세요. | 자신의 장점과 단점을 작성해 주세요. | SK핀크스에 입사 지원하시는 동기를 작성해 주세요. | SK핀크스 입사 후의 포부를 작성해 주세요. | [SK핀크스] 2026년 4월 SK핀크스 Front Officer 채용공고,[],cs_cx,"[""management_support"", ""sales""]","[""Front Officer"", ""안내/리셉션"", ""캐셔""]","[""영어회화"", ""운전""]","[""호텔 관련 자격증""]",service_pm,unknown,large_corp,field,"[""아르바이트""]","[""고객·서비스 지향"", ""커뮤니케이션 역량""]",SK핀크스는 골프장과 호텔을 운영하며 고객에게 최상의 서비스와 편안한 휴식을 제공하는 기업입니다.,골프장 및 호텔 프런트에서 고객을 응대하고 시설 이용 편의를 제공하여 원활한 운영과 고객 만족을 높이는 데 기여합니다.,"골프장 및 호텔 프런트에서 고객을 응대하며, 체크인 및 체크아웃 절차를 처리하고 캐셔 업무를 수행합니다. 또한, 골프클럽 내장객의 등록을 돕고 이용 요금을 정산하는 역할을 담당합니다.","초대졸 이상의 학력을 소지하고 전공 무관하게 지원 가능하며, 졸업예정자도 환영합니다. 원활한 영어회화 능력과 운전이 가능해야 합니다. 호텔 관련 자격증 보유자, 관련 학과 졸업자, 그리고 타 골프클럽이나 특급호텔 등 동종업계 근무 경험자를 우대합니다. 뛰어난 서비스 마인드와 효과적인 커뮤니케이션 스킬을 갖춘 인재를 찾습니다.",[],"회사: SK핀크스는 골프장과 호텔을 운영하며 고객에게 최상의 서비스와 편안한 휴식을 제공하는 기업입니다.
직무 목적: 골프장 및 호텔 프런트에서 고객을 응대하고 시설 이용 편의를 제공하여 원활한 운영과 고객 만족을 높이는 데 기여합니다.
주요 업무: 골프장 및 호텔 프런트에서 고객을 응대하며, 체크인 및 체크아웃 절차를 처리하고 캐셔 업무를 수행합니다. 또한, 골프클럽 내장객의 등록을 돕고 이용 요금을 정산하는 역할을 담당합니다.
인재상: 초대졸 이상의 학력을 소지하고 전공 무관하게 지원 가능하며, 졸업예정자도 환영합니다. 원활한 영어회화 능력과 운전이 가능해야 합니다. 호텔 관련 자격증 보유자, 관련 학과 졸업자, 그리고 타 골프클럽이나 특급호텔 등 동종업계 근무 경험자를 우대합니다. 뛰어난 서비스 마인드와 효과적인 커뮤니케이션 스킬을 갖춘 인재를 찾습니다.",both,job_posting,"SK핀크스에서 골프장 및 호텔 프런트 고객 응대, 체크인/아웃, 캐셔, 내장객 등록 및 정산 업무를 담당할 신입/경력 Front Officer를 채용합니다.",[]
312204,카카오뱅크,[카카오뱅크] 서비스 기획자 - AI 채용,EXPERIENCED,"[카카오뱅크] 서비스 기획자 - AI 채용 [담당할 업무] 모바일 서비스 및 플랫폼 기획 및 운영 AI 기반의 이용자 행동 패러다임 설계 및 전략 수립 AI 기반 서비스 정책 수립 및 기획 AI 서비스 UX 설계 및 경험 로드맵 정의 초기 서비스 아이디어 발굴부터 개발, 테스트, 출시까지 프로젝트의 A to Z 진행 AI홈팀의 중장기 서비스 전략과 비전 수립 [필수 경험과 역량] 7년 이상의 대고객 대상 모바일앱 서비스 구축 및 운영 경험이 있는 분 사용자 관점에서 문제를 정의하고 해결했던 기획 및 실행 경험이 있는 분 모바일 UX, 화면설계 및 유저 플로우, AI 기반의 행동 설계가 가능한 분 일정 관리 및 요구사항 정리, 꼼꼼하고 주도적인 프로젝트 관리가 가능한 분 기획 외 다양한 직무를 담당하는 동료들과의 원활한 소통 및 협업이 가능한 분 [우대사항] AI 에이전트에 대한 실무 경험이 있는 분 복잡한 정책과 기능을 사용자에게 직관적이고 매력적인 UX/UI로 구현해 본 경험이 있는 분 AI 서비스에 대한 기술적 이해와 도전 경험이 있는 분 복잡한 이해관계를 조율하며 결과를 만들어낸 경험이 있는 분 새로운 업무와 도전적인 과제를 두려워하지 않는 분","서비스 기획자 - AI | 모바일기획 | 웹기획/PM/웹마케팅 | IT/인터넷 | PM | 웹서비스기획 | 서비스기획/운영 | 기획/전략/경영 | 경영/사무 | 1. 최근 가장 주목하고 있는 AI 기술(또는 서비스)은 무엇이며, 그 이유는 무엇인가요? 해당 기술을 활용하여 금융 분야의 고객에게 어떤 새로운 가치를 제공할 수 있을지 자유롭게 상상하여 설명해주세요. | 2. 같지만 다른 은행인 카카오뱅크, 본인의 차별화 된 역량 및 기술을 근거로 지원한 직무에 적합한 이유를 기술해 주세요. | [카카오뱅크] 서비스 기획자 - AI 채용",[],service_pm,"[""data_ai_ml""]","[""서비스 기획자 - AI"", ""AI홈팀""]","[""모바일 UX"", ""화면설계"", ""유저 플로우"", ""AI 기반 행동 설계"", ""일정 관리"", ""요구사항 정리"", ""프로젝트 관리""]","[""AI 에이전트"", ""UX/UI 구현"", ""AI 서비스 기술 이해""]",finance_fintech,판교,large_corp,office,"[""프로젝트""]","[""문제해결 능력"", ""실행력·업무처리 능력"", ""커뮤니케이션 역량"", ""협업·팀워크"", ""창의·혁신 역량""]","카카오뱅크는 같지만 다른 은행으로서, AI 기술을 활용하여 금융 분야의 고객에게 새로운 가치를 제공하는 모바일 기반의 인터넷 전문 은행입니다.","이 직무는 AI 기술을 활용하여 금융 서비스의 이용자 행동 패러다임을 설계하고, 새로운 가치를 제공하는 모바일 서비스 및 플랫폼을 기획하고 운영하기 위해 필요합니다.","모바일 서비스 및 플랫폼을 기획하고 운영하며, AI 기반의 이용자 행동 패러다임을 설계하고 전략을 수립합니다. 또한 AI 기반 서비스 정책을 수립하고 기획하며, AI 서비스의 UX를 설계하고 경험 로드맵을 정의합니다. 초기 서비스 아이디어 발굴부터 개발, 테스트, 출시까지 프로젝트의 전 과정을 주도적으로 진행하고, AI홈팀의 중장기 서비스 전략과 비전을 수립하는 역할을 수행합니다.","7년 이상의 대고객 대상 모바일앱 서비스 구축 및 운영 경험이 필수적이며, 사용자 관점에서 문제를 정의하고 해결했던 기획 및 실행 경험을 보유해야 합니다. 모바일 UX, 화면설계, 유저 플로우, AI 기반의 행동 설계가 가능하며, 꼼꼼하고 주도적인 프로젝트 관리 역량을 갖춘 분을 찾습니다. 다양한 직무의 동료들과 원활하게 소통하고 협업할 수 있어야 합니다. 우대사항으로는 AI 에이전트 실무 경험, 복잡한 정책과 기능을 직관적이고 매력적인 UX/UI로 구현해 본 경험, AI 서비스에 대한 기술적 이해와 도전 경험, 그리고 복잡한 이해관계를 조율하여 결과를 만들어낸 경험이 있는 분을 선호합니다. 새로운 업무와 도전적인 과제를 두려워하지 않는 태도도 중요합니다.","[""혁신"", ""도전"", ""협업"", ""기술중심""]","회사: 카카오뱅크는 같지만 다른 은행으로서, AI 기술을 활용하여 금융 분야의 고객에게 새로운 가치를 제공하는 모바일 기반의 인터넷 전문 은행입니다.
직무 목적: 이 직무는 AI 기술을 활용하여 금융 서비스의 이용자 행동 패러다임을 설계하고, 새로운 가치를 제공하는 모바일 서비스 및 플랫폼을 기획하고 운영하기 위해 필요합니다.
주요 업무: 모바일 서비스 및 플랫폼을 기획하고 운영하며, AI 기반의 이용자 행동 패러다임을 설계하고 전략을 수립합니다. 또한 AI 기반 서비스 정책을 수립하고 기획하며, AI 서비스의 UX를 설계하고 경험 로드맵을 정의합니다. 초기 서비스 아이디어 발굴부터 개발, 테스트, 출시까지 프로젝트의 전 과정을 주도적으로 진행하고, AI홈팀의 중장기 서비스 전략과 비전을 수립하는 역할을 수행합니다.
인재상: 7년 이상의 대고객 대상 모바일앱 서비스 구축 및 운영 경험이 필수적이며, 사용자 관점에서 문제를 정의하고 해결했던 기획 및 실행 경험을 보유해야 합니다. 모바일 UX, 화면설계, 유저 플로우, AI 기반의 행동 설계가 가능하며, 꼼꼼하고 주도적인 프로젝트 관리 역량을 갖춘 분을 찾습니다. 다양한 직무의 동료들과 원활하게 소통하고 협업할 수 있어야 합니다. 우대사항으로는 AI 에이전트 실무 경험, 복잡한 정책과 기능을 직관적이고 매력적인 UX/UI로 구현해 본 경험, AI 서비스에 대한 기술적 이해와 도전 경험, 그리고 복잡한 이해관계를 조율하여 결과를 만들어낸 경험이 있는 분을 선호합니다. 새로운 업무와 도전적인 과제를 두려워하지 않는 태도도 중요합니다.",experienced,job_posting,"카카오뱅크 AI 서비스 기획자는 AI 기술 기반의 모바일 금융 서비스 기획 및 운영을 담당하며, 사용자 중심의 문제 해결과 프로젝트 관리 역량을 갖춘 경력직을 찾습니다.",[]
312202,매드업,[매드업] 매니지먼트부 GA(총무)팀 체험형 인턴,INTERN,"[매드업] 매니지먼트부 GA(총무)팀 체험형 인턴 ~ 채용 시 마감 모집부문 및 상세내용 매니지먼트부 총무 채용 형태 - 인턴 6개월 담당업무 [매드업 매니지먼트부 GA팀] 매드업의 매니지먼트부는 체계적인 재무 시스템을 통해 운영의 효율성을 극대화하고, 최적의 오피스 환경을 조성하여 매드업의 폭발적인 성장을 뒷받침하는 탄탄한 경영 인프라를 구축하는 부서입니다. GA(총무)팀은 매드러너가 업무에 집중할 수 있는 환경을 만들기 위해 사무환경, 시설, 구매 등 회사 운영 전반을 지원합니다. 매드업이 빠르게 성장하는 과정에서도 안정적인 업무 환경이 유지 될 수 있도록 내부 운영 기반을 관리합니다. - IT 자산 관리 업무 - 사무환경 개선 및 시설 관리 - 유 무형자산 운영 및 관리 - 구성원 IT 장비 세팅 및 운영 관리 - 기타 총무 업무 서포트 우대조건 - 총무/운영 관련 경험이 있으신 분 지원자격 - PC 등 IT 장비의 기본적인 사용 및 설정에 익숙하신 분 - 하드웨어 및 소프트웨어에 대한 기본 지식을 보유하신 분 - 꼼꼼하고 책임감 있게 문제를 끝까지 해결하는 실행력을 보유하신 분 - 구성원의 업무 환경 개선에 관심이 많으신 분 - 빠르게 변화하는 환경에서도 유연하게 대응하실 수 있는 분 추가정보 - 근무 기간: 6개월 - 근로 계약은 3개월 단위로 진행 됩니다. - 급여: 월 240만원(세전) 자격요건 학력 학력무관 근무조건 급여 회사 내규에 따름 길 4 20층",,[],management_support,[],"[""매니지먼트부 총무""]","[""PC 사용"", ""IT 장비 설정"", ""하드웨어 지식"", ""소프트웨어 지식""]","[""총무 경험"", ""운영 경험""]",it_software,서울,mid_corp,office,"[""프로젝트""]","[""실행력·업무처리 능력"", ""문제해결 능력"", ""고객·서비스 지향""]","매드업은 디지털 마케팅 솔루션을 제공하는 회사로, 매니지먼트부는 체계적인 재무 시스템과 최적의 오피스 환경을 조성하여 회사의 성장을 지원합니다.","GA(총무)팀은 매드업 구성원들이 업무에 집중할 수 있도록 사무환경, 시설, 구매 등 회사 운영 전반을 지원하며, 빠르게 성장하는 회사에 안정적인 업무 환경을 제공하는 역할을 합니다.","매드업의 GA팀은 IT 자산 관리 업무를 수행하며, 사무환경 개선 및 시설 관리를 담당합니다. 또한 유 무형자산의 운영 및 관리를 책임지고, 구성원들의 IT 장비 세팅 및 운영 관리를 지원합니다. 이 외에도 다양한 총무 업무를 서포트하여 내부 운영 기반을 안정적으로 관리합니다.","PC 및 IT 장비의 기본적인 사용과 설정에 익숙하고, 하드웨어 및 소프트웨어에 대한 기본 지식을 보유한 분을 찾습니다. 꼼꼼하고 책임감 있게 문제를 끝까지 해결하는 실행력을 갖추고, 구성원의 업무 환경 개선에 깊은 관심을 가진 분이어야 합니다. 빠르게 변화하는 환경에서도 유연하게 대응할 수 있는 능력이 중요하며, 총무 또는 운영 관련 경험이 있다면 우대합니다.","[""성장지향"", ""안정성"", ""고객중심""]","회사: 매드업은 디지털 마케팅 솔루션을 제공하는 회사로, 매니지먼트부는 체계적인 재무 시스템과 최적의 오피스 환경을 조성하여 회사의 성장을 지원합니다.
직무 목적: GA(총무)팀은 매드업 구성원들이 업무에 집중할 수 있도록 사무환경, 시설, 구매 등 회사 운영 전반을 지원하며, 빠르게 성장하는 회사에 안정적인 업무 환경을 제공하는 역할을 합니다.
주요 업무: 매드업의 GA팀은 IT 자산 관리 업무를 수행하며, 사무환경 개선 및 시설 관리를 담당합니다. 또한 유 무형자산의 운영 및 관리를 책임지고, 구성원들의 IT 장비 세팅 및 운영 관리를 지원합니다. 이 외에도 다양한 총무 업무를 서포트하여 내부 운영 기반을 안정적으로 관리합니다.
인재상: PC 및 IT 장비의 기본적인 사용과 설정에 익숙하고, 하드웨어 및 소프트웨어에 대한 기본 지식을 보유한 분을 찾습니다. 꼼꼼하고 책임감 있게 문제를 끝까지 해결하는 실행력을 갖추고, 구성원의 업무 환경 개선에 깊은 관심을 가진 분이어야 합니다. 빠르게 변화하는 환경에서도 유연하게 대응할 수 있는 능력이 중요하며, 총무 또는 운영 관련 경험이 있다면 우대합니다.",intern,internship_program,매드업 매니지먼트부 GA(총무)팀에서 IT 자산 및 사무환경 관리를 담당할 체험형 인턴을 모집합니다.,[]
312201,한국휴렛팩커드주식회사,[한국 휴렛팩커드] APAC Graduate Digital Sales (Intern) (우수인턴정규직전환가능),INTERN,"[한국 휴렛팩커드] APAC Graduate Digital Sales (Intern) (우수인턴정규직전환가능) 모집부문 및 상세내용 모집부문 채용구분 담당업무 자격요건 APAC Graduate Digital Sales 인턴 잠재고객을 대상으로 제품 정보 및 Value 를 전달하여 영업기회를 발굴 고객 프로파일링 및 딜 정보 관리 주요 project 의 최종 수주를 위해 고객영업 담당자 (Account Manager) 와 협업 중 / 소규모 딜의 End to End 관리 대상: (1년이내) 기졸업자 및 졸업예정자 학력: 대졸이상 자격요건: 영업 지향적 마인드의 소유자 (전공불문) 자격요건 학력 1년이내 기졸업자 및 졸업예정자 근무조건 급여 면접 후 급여 결정, 회사 내규에 따름 길 31 14층 우대함. 모든 서류는 반드시 MS Word로 작성하기 바랍니다. 제출하신 서류는 일체 반환하지 않습니다. 입사지원서 내용에",,[],sales,[],"[""APAC Graduate Digital Sales""]",[],[],it_software,unknown,foreign_corp,unknown,"[""인턴""]","[""고객·서비스 지향"", ""협업·팀워크""]","한국휴렛팩커드주식회사는 글로벌 IT 기업 휴렛팩커드의 한국 지사로, IT 제품, 소프트웨어 및 서비스를 제공합니다.","이 직무는 잠재 고객에게 제품 정보를 전달하고 영업 기회를 발굴하며, 고객 영업 담당자와 협력하여 주요 프로젝트의 수주를 지원하는 역할을 합니다.","잠재 고객을 대상으로 제품 정보와 가치를 전달하여 새로운 영업 기회를 발굴합니다. 고객 프로파일링을 수행하고 딜 정보를 체계적으로 관리하며, 주요 프로젝트의 최종 수주를 위해 고객 영업 담당자(Account Manager)와 긴밀히 협업합니다. 또한, 중소규모 딜에 대해서는 시작부터 끝까지 전 과정을 직접 관리하는 역할을 수행합니다.","1년 이내 기졸업자 또는 졸업예정자로 대졸 이상의 학력을 갖춘 분을 찾습니다. 특히 영업 지향적인 마인드를 가진 분이라면 전공에 관계없이 지원 가능하며, 잠재 고객과의 소통을 통해 영업 기회를 창출하고 관리하는 데 적극적인 인재를 선호합니다.",[],"회사: 한국휴렛팩커드주식회사는 글로벌 IT 기업 휴렛팩커드의 한국 지사로, IT 제품, 소프트웨어 및 서비스를 제공합니다.
직무 목적: 이 직무는 잠재 고객에게 제품 정보를 전달하고 영업 기회를 발굴하며, 고객 영업 담당자와 협력하여 주요 프로젝트의 수주를 지원하는 역할을 합니다.
주요 업무: 잠재 고객을 대상으로 제품 정보와 가치를 전달하여 새로운 영업 기회를 발굴합니다. 고객 프로파일링을 수행하고 딜 정보를 체계적으로 관리하며, 주요 프로젝트의 최종 수주를 위해 고객 영업 담당자(Account Manager)와 긴밀히 협업합니다. 또한, 중소규모 딜에 대해서는 시작부터 끝까지 전 과정을 직접 관리하는 역할을 수행합니다.
인재상: 1년 이내 기졸업자 또는 졸업예정자로 대졸 이상의 학력을 갖춘 분을 찾습니다. 특히 영업 지향적인 마인드를 가진 분이라면 전공에 관계없이 지원 가능하며, 잠재 고객과의 소통을 통해 영업 기회를 창출하고 관리하는 데 적극적인 인재를 선호합니다.",intern,job_posting,한국휴렛팩커드에서 잠재 고객 대상 영업 기회 발굴 및 딜 관리를 담당할 디지털 세일즈 인턴을 모집합니다.,[]
312198,대한항공,[대한항공] 2026년 항공우주 부문 일경험 인턴 모집(체험형),INTERN,"[대한항공] 2026년 항공우주 부문 일경험 인턴 모집(체험형) [지원 기간] ~ 2026. 4. 13 (월) [인턴십 프로그램] 실습 기간 : 2026. 5. 18 ~ 2026. 7. 10 (8주) 근무일/시간 : 일 5시간, 주 5일 근무 (주말 및 공휴일 제외) 주요 내용 : 항공우주 생산 분야 일경험 군용기 정비 또는 민항기 생산 분야 중 배치 근무지역 : 부산 테크센터 [지원 자격] 공학계열 전공자 (재학 휴학 졸업예정 또는 기졸업자) 복수 이중전공자 포함 (부전공자 제외) 인턴십 기간 동안 근무 가능한 분",,[],manufacturing,"[""engineering_hw""]","[""항공우주 생산 분야 일경험"", ""군용기 정비"", ""민항기 생산""]",[],[],aerospace_defense,부산,large_corp,office,"[""인턴""]",[],"대한항공은 한국의 대표적인 항공사로, 항공우주 부문에서 군용기 정비 및 민항기 생산 사업을 운영하고 있습니다.",항공우주 생산 분야에서 실무 경험을 제공하여 지원자들이 해당 산업에 대한 이해를 높이고 직무 역량을 개발할 수 있도록 돕기 위함입니다.,"항공우주 생산 분야에서 일경험을 쌓게 되며, 구체적으로 군용기 정비 또는 민항기 생산 분야 중 한 곳에 배치되어 실습을 수행합니다. 이 과정에서 항공기 생산 및 정비 과정에 대한 이해를 높이고 실제 현장에서 필요한 기술과 지식을 습득하게 됩니다.","공학계열 전공자로서 재학, 휴학, 졸업예정 또는 기졸업자 모두 지원 가능하며, 복수 또는 이중전공자도 포함됩니다. 인턴십 기간인 2026년 5월 18일부터 7월 10일까지 부산 테크센터에서 주 5일, 일 5시간 근무가 가능한 분을 찾습니다.",[],"회사: 대한항공은 한국의 대표적인 항공사로, 항공우주 부문에서 군용기 정비 및 민항기 생산 사업을 운영하고 있습니다.
직무 목적: 항공우주 생산 분야에서 실무 경험을 제공하여 지원자들이 해당 산업에 대한 이해를 높이고 직무 역량을 개발할 수 있도록 돕기 위함입니다.
주요 업무: 항공우주 생산 분야에서 일경험을 쌓게 되며, 구체적으로 군용기 정비 또는 민항기 생산 분야 중 한 곳에 배치되어 실습을 수행합니다. 이 과정에서 항공기 생산 및 정비 과정에 대한 이해를 높이고 실제 현장에서 필요한 기술과 지식을 습득하게 됩니다.
인재상: 공학계열 전공자로서 재학, 휴학, 졸업예정 또는 기졸업자 모두 지원 가능하며, 복수 또는 이중전공자도 포함됩니다. 인턴십 기간인 2026년 5월 18일부터 7월 10일까지 부산 테크센터에서 주 5일, 일 5시간 근무가 가능한 분을 찾습니다.",intern,internship_program,대한항공 항공우주 부문에서 공학계열 전공자를 대상으로 하는 8주 체험형 인턴십 프로그램입니다.,[]
312194,앳홈,[앳홈] 퍼플팀 총무 운영 담당자 (체험형 인턴),INTERN,"[앳홈] 퍼플팀 총무 운영 담당자 (체험형 인턴) [ [담당업무] - 사무 환경 전반의 운영 상태 점검 및 시설,공간 관리 지원 - IT 장비 및 사무용 자산 구매 프로세스 운영,자산 대장 관리 - Google Workspace, Slack, Notion, Microsoft 365, Adobe 등 전사 SaaS 라이선스 운영 및 관리 - 임직원 복리후생 프로그램 운영 지원 및 제도 개선을 위한 데이터 수집 정리 - 비용 처리 및 개인 법인카드 정산 업무 지원, 사내 비용 관련 정책 지침 운영 보조 - AWS 환경 및 클라이언트 앱 배포 등 IT DevOps 관련 운영을 유관 팀과 협력하여 지원 [자격요건] - MS Office 또는 Google Workspace, Slack, Notion 등 협업툴 활용 가능한 분 - 다수의 업무를 동시에 관리할 수 있는 우선순위 조율 능력을 갖춘 분 - 다양한 부서 및 직군과 원활하게 소통하고 협업할 수 있는 분 - 데이터와 수치를 꼼꼼하게 다루고 정확하게 기록하는 분 [우대사항] - IT 자산 관리 또는 구매 관련 업무 경험이 있는 분 - AWS, 앱 배포 등 IT DevOps 환경에 기본적인 이해가 있는 분 - 총무, 경영지원, 운영 관련 인턴 실무 경험이 있는 분 - 경영, 행정, 컴퓨터공학, 산업공학 등 유관 전공자 [채용공고]",,[],management_support,[],"[""퍼플팀 총무 운영 담당자""]","[""MS Office"", ""Google Workspace"", ""Slack"", ""Notion"", ""Microsoft 365"", ""Adobe""]","[""IT 자산 관리"", ""구매 관련 업무 경험"", ""AWS"", ""앱 배포"", ""IT DevOps 환경 이해""]",it_software,unknown,unknown,office,"[""인턴""]","[""실행력·업무처리 능력"", ""커뮤니케이션 역량"", ""협업·팀워크"", ""정보수집·분석 역량""]",앳홈은 사무 환경 및 IT 인프라 운영을 통해 효율적인 업무 환경을 지원하는 회사입니다.,이 직무는 사무 환경 전반의 효율적인 운영과 IT 자산 및 SaaS 라이선스 관리를 통해 임직원의 업무 생산성을 높이고 쾌적한 근무 환경을 조성하는 데 기여합니다.,"사무 환경 전반의 운영 상태를 점검하고 시설 및 공간 관리를 지원합니다. IT 장비와 사무용 자산의 구매 프로세스를 운영하고 자산 대장을 꼼꼼하게 관리합니다. Google Workspace, Slack, Notion, Microsoft 365, Adobe 등 전사 SaaS 라이선스를 운영하고 관리하며, 임직원 복리후생 프로그램 운영을 지원하고 제도 개선을 위한 데이터를 수집 및 정리합니다. 또한, 비용 처리 및 개인 법인카드 정산 업무를 지원하고 사내 비용 관련 정책 지침 운영을 보조합니다. AWS 환경 및 클라이언트 앱 배포 등 IT DevOps 관련 운영을 유관 팀과 협력하여 지원하는 역할도 수행합니다.","MS Office 또는 Google Workspace, Slack, Notion 등 다양한 협업 툴을 능숙하게 활용할 수 있는 분을 찾습니다. 다수의 업무를 동시에 관리하며 우선순위를 효과적으로 조율하는 능력이 필요합니다. 다양한 부서 및 직군과 원활하게 소통하고 협업하며, 데이터와 수치를 꼼꼼하게 다루고 정확하게 기록하는 역량을 갖춘 분을 우대합니다. IT 자산 관리 또는 구매 관련 업무 경험이 있거나 AWS, 앱 배포 등 IT DevOps 환경에 기본적인 이해가 있는 분, 그리고 총무, 경영지원, 운영 관련 인턴 실무 경험이 있는 분을 선호합니다. 경영, 행정, 컴퓨터공학, 산업공학 등 유관 전공자도 환영합니다.",[],"회사: 앳홈은 사무 환경 및 IT 인프라 운영을 통해 효율적인 업무 환경을 지원하는 회사입니다.
직무 목적: 이 직무는 사무 환경 전반의 효율적인 운영과 IT 자산 및 SaaS 라이선스 관리를 통해 임직원의 업무 생산성을 높이고 쾌적한 근무 환경을 조성하는 데 기여합니다.
주요 업무: 사무 환경 전반의 운영 상태를 점검하고 시설 및 공간 관리를 지원합니다. IT 장비와 사무용 자산의 구매 프로세스를 운영하고 자산 대장을 꼼꼼하게 관리합니다. Google Workspace, Slack, Notion, Microsoft 365, Adobe 등 전사 SaaS 라이선스를 운영하고 관리하며, 임직원 복리후생 프로그램 운영을 지원하고 제도 개선을 위한 데이터를 수집 및 정리합니다. 또한, 비용 처리 및 개인 법인카드 정산 업무를 지원하고 사내 비용 관련 정책 지침 운영을 보조합니다. AWS 환경 및 클라이언트 앱 배포 등 IT DevOps 관련 운영을 유관 팀과 협력하여 지원하는 역할도 수행합니다.
인재상: MS Office 또는 Google Workspace, Slack, Notion 등 다양한 협업 툴을 능숙하게 활용할 수 있는 분을 찾습니다. 다수의 업무를 동시에 관리하며 우선순위를 효과적으로 조율하는 능력이 필요합니다. 다양한 부서 및 직군과 원활하게 소통하고 협업하며, 데이터와 수치를 꼼꼼하게 다루고 정확하게 기록하는 역량을 갖춘 분을 우대합니다. IT 자산 관리 또는 구매 관련 업무 경험이 있거나 AWS, 앱 배포 등 IT DevOps 환경에 기본적인 이해가 있는 분, 그리고 총무, 경영지원, 운영 관련 인턴 실무 경험이 있는 분을 선호합니다. 경영, 행정, 컴퓨터공학, 산업공학 등 유관 전공자도 환영합니다.",intern,internship_program,"앳홈의 퍼플팀에서 사무 환경 운영, IT 자산 및 SaaS 관리, 복리후생 지원 등을 담당할 체험형 총무 운영 인턴을 모집합니다.",[]
312193,호텔롯데,[호텔롯데] 롯데시티호텔 대전 Junior Staff 채용 (프런트),CONTRACT,[호텔롯데] 롯데시티호텔 대전 Junior Staff 채용 (프런트) 주요 업무 1) 고객 응대 및 객실 배정 2) 객실 요금 정산 3) VOC 관리 우대 사항 1) 외국어 우수자 2) 관련 경력 보유자 3) Opera 활용 가능자 전형 단계 1) 입사지원 > 서류전형 > 면접전형 > 최종합격,대전 Junior Staff | 안내/리셉션 | 사무/총무/법무 | 경영/사무 | 지원동기 | 사회활동(봉사활동)경험 및 특기 | 준비한 내용 | [호텔롯데] 롯데시티호텔 대전 Junior Staff 채용 (프런트),[],cs_cx,[],"[""프런트"", ""Junior Staff""]",[],"[""외국어"", ""Opera""]",service_pm,대전,large_corp,office,"[""인턴"", ""봉사활동""]","[""고객·서비스 지향"", ""커뮤니케이션 역량"", ""문제해결 능력""]",호텔롯데는 롯데시티호텔 대전을 운영하며 고객에게 숙박 서비스를 제공하는 기업입니다.,"고객 응대 및 객실 관리, VOC 처리를 통해 호텔 고객에게 쾌적하고 만족스러운 숙박 경험을 제공하는 역할입니다.","고객을 응대하고 객실을 배정하며, 객실 요금을 정확하게 정산합니다. 또한, 고객의 소리(VOC)를 효과적으로 관리하여 고객 만족도를 높이는 업무를 수행합니다.","외국어 능력이 우수하고 관련 경력을 보유한 인재를 우대합니다. 호텔 운영 시스템인 Opera 활용이 가능하며, 고객 응대 및 VOC 관리에 능숙한 분을 찾습니다. 지원동기와 사회활동(봉사활동) 경험, 특기 등 준비한 내용을 통해 본인의 역량을 보여줄 수 있는 지원자를 선호합니다.",[],"회사: 호텔롯데는 롯데시티호텔 대전을 운영하며 고객에게 숙박 서비스를 제공하는 기업입니다.
직무 목적: 고객 응대 및 객실 관리, VOC 처리를 통해 호텔 고객에게 쾌적하고 만족스러운 숙박 경험을 제공하는 역할입니다.
주요 업무: 고객을 응대하고 객실을 배정하며, 객실 요금을 정확하게 정산합니다. 또한, 고객의 소리(VOC)를 효과적으로 관리하여 고객 만족도를 높이는 업무를 수행합니다.
인재상: 외국어 능력이 우수하고 관련 경력을 보유한 인재를 우대합니다. 호텔 운영 시스템인 Opera 활용이 가능하며, 고객 응대 및 VOC 관리에 능숙한 분을 찾습니다. 지원동기와 사회활동(봉사활동) 경험, 특기 등 준비한 내용을 통해 본인의 역량을 보여줄 수 있는 지원자를 선호합니다.",contract,job_posting,"호텔롯데 롯데시티호텔 대전 프런트 Junior Staff 채용으로 고객 응대, 객실 관리, VOC 처리를 담당하며 외국어 및 관련 경력 보유자를 우대합니다.",[]
312190,호텔롯데,[호텔롯데] L7강남 Junior Staff 채용 (프런트),CONTRACT,[호텔롯데] L7강남 Junior Staff 채용 (프런트) 주요 업무 1) 고객 응대 및 객실 배정 2) 객실 요금 정산 3) VOC 관리 우대 사항 1) 외국어 우수자 2) 관련 경력 보유자 3) Opera 활용 가능자,L7강남 Junior Staff 채용 (프런트) | 안내/리셉션 | 사무/총무/법무 | 경영/사무 | 지원동기 | 사회활동(봉사활동)경험 및 특기 | 준비한 내용 | [호텔롯데] L7강남 Junior Staff 채용 (프런트),[],cs_cx,[],"[""프런트 Junior Staff""]",[],"[""외국어"", ""Opera""]",unknown,서울,large_corp,office,"[""봉사활동""]","[""고객·서비스 지향"", ""커뮤니케이션 역량""]",호텔롯데는 호텔 및 리조트 사업을 운영하는 기업입니다. L7강남은 호텔롯데의 라이프스타일 호텔 브랜드 중 하나입니다.,"L7강남 호텔의 프런트 Junior Staff로서 고객에게 최상의 서비스를 제공하고, 객실 운영을 원활하게 지원하여 고객 만족도를 높이는 역할을 수행합니다.","주요 업무는 고객을 친절하게 응대하고 객실을 효율적으로 배정하는 것입니다. 또한, 객실 요금을 정확하게 정산하고, 고객의 소리(VOC)를 체계적으로 관리하여 고객 불편 사항을 해결하고 서비스 품질을 개선합니다.","L7강남 프런트 Junior Staff는 고객 응대 및 객실 관리 업무를 담당할 인재를 찾습니다. 외국어 능력이 우수하고 관련 경력을 보유한 분을 우대하며, 호텔 관리 시스템인 Opera 활용 가능자를 선호합니다. 사회활동(봉사활동) 경험이 있는 분을 환영합니다.",[],"회사: 호텔롯데는 호텔 및 리조트 사업을 운영하는 기업입니다. L7강남은 호텔롯데의 라이프스타일 호텔 브랜드 중 하나입니다.
직무 목적: L7강남 호텔의 프런트 Junior Staff로서 고객에게 최상의 서비스를 제공하고, 객실 운영을 원활하게 지원하여 고객 만족도를 높이는 역할을 수행합니다.
주요 업무: 주요 업무는 고객을 친절하게 응대하고 객실을 효율적으로 배정하는 것입니다. 또한, 객실 요금을 정확하게 정산하고, 고객의 소리(VOC)를 체계적으로 관리하여 고객 불편 사항을 해결하고 서비스 품질을 개선합니다.
인재상: L7강남 프런트 Junior Staff는 고객 응대 및 객실 관리 업무를 담당할 인재를 찾습니다. 외국어 능력이 우수하고 관련 경력을 보유한 분을 우대하며, 호텔 관리 시스템인 Opera 활용 가능자를 선호합니다. 사회활동(봉사활동) 경험이 있는 분을 환영합니다.",contract,job_posting,"호텔롯데 L7강남 프런트 Junior Staff 채용으로 고객 응대, 객실 정산, VOC 관리를 담당하며, 외국어 및 Opera 활용 가능자를 우대합니다.",[]
312186,호텔롯데,[호텔롯데] 롯데호텔 울산 Junior Staff 채용 [객실/식음/조리부문],CONTRACT,[호텔롯데] 롯데호텔 울산 Junior Staff 채용 [객실/식음/조리부문] [모집부문] - 조리부문 - 객실부문 - 식음부문 [전형단계] - 입사지원 > 서류전형 > 면접전형 > 최종합격 [우대사항] 1) 관련 업무 경력자 우대 2) 외국어 가능자 우대 등,식음부문 | 외식/식음료 | 서비스 | 매니저/매장관리 | 배달 | 자신의 성장배경 및 지원동기에 대해 서술해 주세요 | 사회활동 경험과 특기(어학등)에 대하여 서술해 주세요 | 롯데호텔의 호텔리어가 되기위해 특별히 준비한 것이나 호텔리어로서 앞으로의 포부를 서술해 주세요. | [호텔롯데] 롯데호텔 울산 Junior Staff 채용 [객실/식음/조리부문] | 객실부문 | 여행/항공/숙박/레저 | 안내/리셉션 | 사무/총무/법무 | 경영/사무 | 여행사 | 항공사 | 면세점 | 스포츠 | 레포츠 | 조리부문 | 요리/영양/제과제빵/바리스타 | 바리스타/커피 | 요리사 | 영양사 | 제과제빵,[],service_pm,"[""cs_cx"", ""manufacturing""]","[""조리부문"", ""객실부문"", ""식음부문""]",[],"[""외국어""]",logistics_transport,울산,large_corp,unknown,"[""아르바이트"", ""인턴"", ""대외활동""]","[""고객·서비스 지향"", ""학습·성장 역량""]","호텔롯데는 롯데그룹의 호텔 사업 부문으로, 울산 롯데호텔에서 객실, 식음, 조리 서비스를 제공합니다.","롯데호텔 울산의 Junior Staff는 고객에게 최상의 서비스 경험을 제공하고, 호텔의 원활한 운영을 지원하여 고객 만족도를 높이는 데 기여합니다.","롯데호텔 울산의 객실, 식음, 조리 부문에서 고객에게 최상의 서비스를 제공하는 역할을 수행합니다. 객실 부문에서는 고객의 입/퇴실을 돕고 문의사항을 처리하며, 식음 부문에서는 레스토랑 및 바에서 음식과 음료를 제공하고 고객 응대를 담당합니다. 조리 부문에서는 신선한 재료를 활용하여 메뉴를 준비하고 조리하며, 주방 위생 및 운영을 지원합니다.","관련 업무 경력자를 우대하며, 외국어 능력을 갖춘 지원자를 선호합니다. 자신의 성장 배경과 지원 동기를 명확히 서술하고, 사회활동 경험과 특기(어학 등)를 통해 직무 역량을 보여줄 수 있는 인재를 찾습니다. 롯데호텔의 호텔리어로서의 포부와 특별히 준비한 노력을 어필할 수 있어야 합니다.",[],"회사: 호텔롯데는 롯데그룹의 호텔 사업 부문으로, 울산 롯데호텔에서 객실, 식음, 조리 서비스를 제공합니다.
직무 목적: 롯데호텔 울산의 Junior Staff는 고객에게 최상의 서비스 경험을 제공하고, 호텔의 원활한 운영을 지원하여 고객 만족도를 높이는 데 기여합니다.
주요 업무: 롯데호텔 울산의 객실, 식음, 조리 부문에서 고객에게 최상의 서비스를 제공하는 역할을 수행합니다. 객실 부문에서는 고객의 입/퇴실을 돕고 문의사항을 처리하며, 식음 부문에서는 레스토랑 및 바에서 음식과 음료를 제공하고 고객 응대를 담당합니다. 조리 부문에서는 신선한 재료를 활용하여 메뉴를 준비하고 조리하며, 주방 위생 및 운영을 지원합니다.
인재상: 관련 업무 경력자를 우대하며, 외국어 능력을 갖춘 지원자를 선호합니다. 자신의 성장 배경과 지원 동기를 명확히 서술하고, 사회활동 경험과 특기(어학 등)를 통해 직무 역량을 보여줄 수 있는 인재를 찾습니다. 롯데호텔의 호텔리어로서의 포부와 특별히 준비한 노력을 어필할 수 있어야 합니다.",contract,job_posting,"롯데호텔 울산에서 객실, 식음, 조리 부문 Junior Staff를 계약직으로 채용하며, 관련 경력 및 외국어 가능자를 우대합니다.","[""short_text"", ""low_signal""]"
312184,(주)블랭크코퍼레이션,[KONREV] SNS 콘텐츠 마케터 인턴(정규전환형),INTERN,"본 포지션은 블랭크코퍼레이션의 자회사 콘레브 소속으로 근무합니다. 본 포지션은 블랭크코퍼레이션의 콘텐츠사업을 담당하는 법인인 콘레브 소속으로 근무합니다. 개발 ,마케팅, 디자인 등 다양한 직무의 뛰어난 인재들과 열정적으로 성장하고 일할 수 있는 인재를 채용하고자 합니다. 업무 숙련도 및 성과에 따라 인턴 정규직 전환을 전제로 운영됩니다. [About the Role] 콘레브의 AI 기반 챗봇 프로덕트의 오가닉 콘텐츠를 기획, 편집하는 역할입니다. 처음에는 편집을 집중적으로 근무하지만 역량과 성과에 따라 단계적으로 기획 역할로 피봇팅 할 수 있습니다. 해당 업무를 통해 채널의 알고리즘에 대한 이해도를 높이고 데이터 기반으로 보다 설득력 강한 콘텐츠를 만들고자 합니다. 콘레브의 AI 챗봇 서비스는 베이글챗 에서 확인하실 수 있습니다. [근무 조건] 계약 조건 : 인턴 (3개월) -> 정규직 전환 검토 채용 TO : 3명 여성향 프로젝트 급여 : 월 216만원(식대 별도 - 1일 1만원 식권대장) 정규직 전환 시 3,000만원(기본급 2,800+명절 상여 200) 근무일 : 주 5일 (월-금) 10:00~19:00 (점 심시간 : 11:30~12:30 / 식대 별도 지원) 정규직 전환 시 오피스타임(12:30~17:00) 외 주 40시간 내 자율 근무지 : 서울특별시 강남구 역삼로 179 한빛빌딩 장비 지원 : 업무에 필요한 기본적인 장비와 Tool을 제공합니다. [채용 전형] 서류 전형 > 인터뷰 > 최종 합격 * 포트폴리오 필수 : SNS 운영, 영상 편집, AI 사용 관련 [주요 업무] SNS 콘텐츠 마케팅 피드, 릴스 콘텐츠 제작 및 편집 콘텐츠 / 소재 성과 분석 및 인사이트 도출 숏폼 및 피드 콘텐츠 기획 제작 및 편집 SNS 채널 운영(인스타, 유튜브 운영) [자격 요건] 회사 또는 브랜드 SNS 운영 경험 SNS 콘텐츠 제작 편집이 가능하신 분(포토샵, 프리미어) AI툴을 활용한 이미지, 영상 편집 사용 경험(프리픽, 학스필드 등) 카피라이팅 가능하신 분 [우대사항] 유튜브, 인스타그램 채널 운영 경험(개인/기업 계정 무관) SNS 콘텐츠로 성과를 만들어낸 경험 자막 디자인 가능하신 분 릴스/쇼츠를 자주 즐겨보시는 분 [지원하러가기]",,[],marketing,[],"[""SNS 콘텐츠 마케터 인턴""]","[""SNS 운영"", ""콘텐츠 제작"", ""콘텐츠 편집"", ""포토샵"", ""프리미어"", ""AI 툴 활용"", ""프리픽"", ""학스필드"", ""카피라이팅""]","[""유튜브 채널 운영"", ""인스타그램 채널 운영"", ""SNS 콘텐츠 성과 창출"", ""자막 디자인"", ""릴스"", ""쇼츠""]",ai_data,서울,mid_corp,flexible,"[""프로젝트"", ""대외활동""]","[""정보수집·분석 역량"", ""실행력·업무처리 능력""]","블랭크코퍼레이션의 자회사 콘레브는 콘텐츠 사업을 담당하며, AI 기반 챗봇 프로덕트 '베이글챗'을 운영합니다.",콘레브의 AI 기반 챗봇 프로덕트의 오가닉 콘텐츠를 기획하고 편집하여 채널 알고리즘 이해도를 높이고 데이터 기반으로 설득력 있는 콘텐츠를 만들기 위함입니다.,"SNS 콘텐츠 마케팅을 위해 피드와 릴스 콘텐츠를 제작하고 편집합니다. 콘텐츠 및 소재의 성과를 분석하여 인사이트를 도출하고, 숏폼 및 피드 콘텐츠를 기획, 제작, 편집하는 업무를 수행합니다. 또한 인스타그램, 유튜브 등 주요 SNS 채널을 직접 운영하며 콘텐츠 확산을 담당합니다.","회사 또는 브랜드 SNS 운영 경험이 필수이며, 포토샵과 프리미어 등 툴을 활용한 SNS 콘텐츠 제작 및 편집이 가능해야 합니다. 프리픽, 학스필드와 같은 AI 툴을 활용한 이미지 및 영상 편집 경험과 뛰어난 카피라이팅 능력을 갖춘 분을 찾습니다. 유튜브, 인스타그램 채널 운영 경험과 SNS 콘텐츠로 실제 성과를 만들어낸 경험이 있다면 우대하며, 자막 디자인 가능자와 릴스/쇼츠 콘텐츠를 즐겨보는 분을 선호합니다.","[""성장"", ""데이터드리븐"", ""자율""]","회사: 블랭크코퍼레이션의 자회사 콘레브는 콘텐츠 사업을 담당하며, AI 기반 챗봇 프로덕트 '베이글챗'을 운영합니다.
직무 목적: 콘레브의 AI 기반 챗봇 프로덕트의 오가닉 콘텐츠를 기획하고 편집하여 채널 알고리즘 이해도를 높이고 데이터 기반으로 설득력 있는 콘텐츠를 만들기 위함입니다.
주요 업무: SNS 콘텐츠 마케팅을 위해 피드와 릴스 콘텐츠를 제작하고 편집합니다. 콘텐츠 및 소재의 성과를 분석하여 인사이트를 도출하고, 숏폼 및 피드 콘텐츠를 기획, 제작, 편집하는 업무를 수행합니다. 또한 인스타그램, 유튜브 등 주요 SNS 채널을 직접 운영하며 콘텐츠 확산을 담당합니다.
인재상: 회사 또는 브랜드 SNS 운영 경험이 필수이며, 포토샵과 프리미어 등 툴을 활용한 SNS 콘텐츠 제작 및 편집이 가능해야 합니다. 프리픽, 학스필드와 같은 AI 툴을 활용한 이미지 및 영상 편집 경험과 뛰어난 카피라이팅 능력을 갖춘 분을 찾습니다. 유튜브, 인스타그램 채널 운영 경험과 SNS 콘텐츠로 실제 성과를 만들어낸 경험이 있다면 우대하며, 자막 디자인 가능자와 릴스/쇼츠 콘텐츠를 즐겨보는 분을 선호합니다.",intern,job_posting,"블랭크코퍼레이션 자회사 콘레브에서 AI 챗봇 프로덕트의 SNS 콘텐츠를 기획, 제작, 운영하며 데이터 기반 성장을 이끌 마케터 인턴을 모집합니다.",[]
312177,플렉스,[플렉스] Content Marketing Internship (채용연계형),INTERN,"[플렉스] Content Marketing Internship (채용연계형) B2B 비즈니스에서 '수요(Demand)'는 자연스럽게 만들어지지 않습니다. 시장을 이해하고, 고객을 정의하고, 적절한 타이밍과 메시지로 연결될 때 비로소 비즈니스는 실제 기회로 이어집니다. 플렉스팀 Marketing Chapter의 일원으로, flex 제품과 서비스의 가치를 고객과 시장에 설득력 있게 전달하는 역할을 합니다. 특히 ICP 정의하고, 고객의 문제를 기반으로 flex만의 USP를 발굴해 이를 콘텐츠와 캠페인으로 풀어내며 실제 리드 획득까지 연결하는 전 과정을 경험합니다. 또한, 고객의 문제를 깊이 고민하고 이를 콘텐츠로 풀어내어 실제 고객 수요와 리드로 연결합니다. 플렉스 성장의 가장 앞단에서 고객의 인식을 바꾸고 새로운 수요를 만드는 일을 가장 먼저 시도하며, 시장과 고객의 반응을 통해 끊임없이 답을 찾아가는 여정에 함께하세요! 이런 업무를 함께 합니다. flex 제품과 서비스의 핵심 가치와 차별점을 기반으로 고객을 설득하는 내러티브를 기획합니다. 오프라인 세미나, 웨비나, 이벤트 등 고객 접점을 확장하는 다양한 이니셔티브를 기획하고 수행합니다. 신규 리드 획득의 레버가 되는 핵심 마케팅 콘텐츠(이미지, 영상, 리포트, 아티클 등)를 직접 기획하고 제작합니다. 이런 분과 함께 하고 싶습니다. 변화하는 환경에서 새로운 시도를 두려워하지 않는 분 본인과 다른 의견에 대해서도 적극적으로 소통할 수 있는 분 피드백을 빠르게 흡수하고 실행을 통해 성장할 수 있는 분 이미지 및 영상 제작을 위한 툴 활용에 능숙하신 분 6개월 풀타임 인턴십 근무에 문제가 없는 분 병역필 또는 면제자로 결격 사유가 없는 분 인턴십 수료 후 이런 역량을 보유하실 수 있습니다. B2B Revenue Funnel 전반 구조를 이해할 수 있습니다. 멀티채널 Lead Generation 실행 전 과정을 경험할 수 있습니다. 다양한 팀과 소통하며 협력적 리더십 역량을 기를 수 있습니다. 인턴십 합류 여정 안내 서류 전형 > 대면 인터뷰 > 최종 합격 발표 > 입사 인터뷰 과정에서 제출하신 포트폴리오(작업물)에 대해 설명을 요청드릴 수 있습니다. 입사는 4/6(월) 예정되어 있으나, 내부 사정에 따라 일정 변경될 수 있습니다. 인턴십 운영 안내 이번 전형은 채용 연계형 인턴십으로, 6개월 이후 정규직 전환 여부를 최종 결정합니다. 인턴십 동안 과제를 함께 수행하며, 제출해주신 결과 기반으로 피드백을 받게 됩니다. 과정을 모두 수료하신 분들께는 인턴십 수료증이 발급됩니다. 전형 일정은 개별적으로 조율이 어려우니 미리 숙지하시어 진행 부탁드립니다. 지원서의 기재 내용이 허위로 판명되는 경우, 인턴십 진행 및 최종 정규직 합격이 취소될 수 있습니다. 인턴십 진행 시, 구성원들과 함께 분당 오피스에서 함께 근무하게 됩니다. 인턴십 채용 관련 문의는 join@flex.team으로 부탁드립니다. 서류 접수 안내 서류는 플렉스팀 채용 사이트에서 접수 가능합니다. 이력서 및 포트폴리오 양식에는 별도의 제한이 없습니다. 포트폴리오는 필수 제출이며, 이미지 및 영상 작업물을 모두 포함해 주세요. 본인이 100% 기여한 작업물 중심으로 구성해 주시기 바랍니다. 포트폴리오는 PDF 파일로 제출해 주시고, 영상 작업물의 경우 URL 형태로도 제출 가능합니다. 서류 접수는 채용 상황에 따라 조기 마감될 수 있습니다. 우리는 플렉스팀입니다 flex는 '조직과 구성원이 겪는 다양한 문제를 해결하여 일하는 모든 사람의 필수재가 된다'는 미션 아래 2019년 5월 설립한 HR 기반 Al SaaS Platform 입니다. 우리는 기술을 통해 누구나 더 일하기 좋은 세상을 만들어 가고 있습니다. 유연한 근태, 공정한 평가, 합리적 보상, 사람을 존중하는 기업문화, 준법을 유도하는 시스템, 데이터 기반의 의사결정, 몰입을 위한 환경 조성 등 플렉스팀은 우리, 나아가 다음 세대를 위해 일하는 방식 자체를 혁신하고 있습니다. 플렉스팀의 담대한 여정에 함께하세요.",,[],marketing,[],"[""Content Marketing Internship""]","[""이미지 편집 툴"", ""영상 편집 툴"", ""포트폴리오""]",[],it_software,분당,startup,office,"[""인턴"", ""프로젝트""]","[""창의·혁신 역량"", ""커뮤니케이션 역량"", ""협업·팀워크"", ""학습·성장 역량"", ""실행력·업무처리 능력""]","플렉스팀은 2019년 5월 설립된 HR 기반 AI SaaS 플랫폼으로, 조직과 구성원이 겪는 다양한 문제를 해결하여 일하는 모든 사람의 필수재가 되는 것을 목표로 합니다. 기술을 통해 더 나은 일하는 방식을 혁신하고 있습니다.",이 직무는 flex 제품과 서비스의 가치를 고객과 시장에 설득력 있게 전달하여 B2B 비즈니스의 수요를 창출하고 실제 리드 획득까지 연결하는 핵심적인 역할을 수행합니다. 고객의 문제를 깊이 고민하고 이를 콘텐츠와 캠페인으로 풀어내어 시장과 고객의 반응을 통해 끊임없이 성장하는 여정에 기여합니다.,"flex 제품과 서비스의 핵심 가치와 차별점을 기반으로 고객을 설득하는 내러티브를 기획합니다. 오프라인 세미나, 웨비나, 이벤트 등 고객 접점을 확장하는 다양한 이니셔티브를 기획하고 직접 수행합니다. 신규 리드 획득의 레버가 되는 핵심 마케팅 콘텐츠를 직접 기획하고 제작합니다. 이 콘텐츠에는 이미지, 영상, 리포트, 아티클 등 다양한 형태의 작업물이 포함됩니다. ICP를 정의하고 고객의 문제를 기반으로 flex만의 USP를 발굴하여 콘텐츠와 캠페인으로 구현합니다.","변화하는 환경에서 새로운 시도를 두려워하지 않고 적극적으로 소통하며 피드백을 빠르게 흡수하고 실행을 통해 성장할 수 있는 분을 찾습니다. 이미지 및 영상 제작을 위한 툴 활용에 능숙해야 하며, 6개월 풀타임 인턴십 근무에 문제가 없어야 합니다. 병역필 또는 면제자로 결격 사유가 없어야 합니다. 지원 시 포트폴리오 제출이 필수이며, 본인이 100% 기여한 이미지 및 영상 작업물을 중심으로 구성해야 합니다.","[""혁신"", ""성장"", ""소통"", ""협업"", ""실행"", ""기술중심""]","회사: 플렉스팀은 2019년 5월 설립된 HR 기반 AI SaaS 플랫폼으로, 조직과 구성원이 겪는 다양한 문제를 해결하여 일하는 모든 사람의 필수재가 되는 것을 목표로 합니다. 기술을 통해 더 나은 일하는 방식을 혁신하고 있습니다.
직무 목적: 이 직무는 flex 제품과 서비스의 가치를 고객과 시장에 설득력 있게 전달하여 B2B 비즈니스의 수요를 창출하고 실제 리드 획득까지 연결하는 핵심적인 역할을 수행합니다. 고객의 문제를 깊이 고민하고 이를 콘텐츠와 캠페인으로 풀어내어 시장과 고객의 반응을 통해 끊임없이 성장하는 여정에 기여합니다.
주요 업무: flex 제품과 서비스의 핵심 가치와 차별점을 기반으로 고객을 설득하는 내러티브를 기획합니다. 오프라인 세미나, 웨비나, 이벤트 등 고객 접점을 확장하는 다양한 이니셔티브를 기획하고 직접 수행합니다. 신규 리드 획득의 레버가 되는 핵심 마케팅 콘텐츠를 직접 기획하고 제작합니다. 이 콘텐츠에는 이미지, 영상, 리포트, 아티클 등 다양한 형태의 작업물이 포함됩니다. ICP를 정의하고 고객의 문제를 기반으로 flex만의 USP를 발굴하여 콘텐츠와 캠페인으로 구현합니다.
인재상: 변화하는 환경에서 새로운 시도를 두려워하지 않고 적극적으로 소통하며 피드백을 빠르게 흡수하고 실행을 통해 성장할 수 있는 분을 찾습니다. 이미지 및 영상 제작을 위한 툴 활용에 능숙해야 하며, 6개월 풀타임 인턴십 근무에 문제가 없어야 합니다. 병역필 또는 면제자로 결격 사유가 없어야 합니다. 지원 시 포트폴리오 제출이 필수이며, 본인이 100% 기여한 이미지 및 영상 작업물을 중심으로 구성해야 합니다.",intern,internship_program,"플렉스팀에서 B2B HR SaaS의 콘텐츠 마케팅 인턴으로, 고객 수요를 창출하고 리드를 획득하기 위한 콘텐츠 기획 및 제작, 캠페인 실행을 경험하며 정규직 전환 기회를 얻습니다.",[]
312176,네패스,[네패스] AI정보화파트 신입 채용,NEW,"[네패스] AI정보화파트 신입 채용 [담당 업무] Web 기술을 활용한 MES(Manufacturing Execution System) 시스템 개발 및 프로젝트 스마트팩토리 웹 플랫폼 구축 및 운영 AI/ML 프로젝트 수행 및 파이썬 기반 데이터 분석 전사적 Datalake 구축 및 데이터 웨어하우징 설계/구축 AWS 클라우드 환경에서의 데이터레이크 구축 및 Factory 마이그레이션 진행 Tableau를 활용한 데이터 시각화 시스템 도입 및 BI 솔루션 구축 Docker, AWS ECS를 활용한 컨테이너 기반 애플리케이션 배포 및 CI/CD 파이프라인 구축 [지원 자격] 학력 : 대졸(4년제) 이상 유관 전공자(컴퓨터, 정보통신 관련학과) Vue.js, next.js 등 웹 프론트엔드 프레임워크 활용 경험 GitHub 기반 형상관리 및 CI/CD 파이프라인 구축 경험 제조공정 및 스마트팩토리 도메인 지식 프로그래밍 언어(C#, C++, VB, Java) 개발 경험 Python, PySpark 활용한 데이터 처리 경험 SQL(Oracle, MS SQL, PL/SQL) 및 데이터베이스 설계/관리 역량 클라우드 플랫폼(AWS) 및 컨테이너(Docker) 활용 경험 MES 시스템 개발 또는 운영 경험 [우대사항] Snowflake, Informatica 등 빅데이터 플랫폼 경험 AI/ML 프로젝트 경험 및 데이터 분석 역량 애자일 프로젝트 관리 방법론 실무 경험 DevOps 환경 구축 및 운영 경험 AWS 아키텍처 설계 및 마이그레이션 경험 데이터 시각화 도구(Tableau, QuickSight) 사용 능력 프로젝트 관리 도구(MS Project, TFS, Mantis) 활용 능력",,[],software_dev,"[""data_ai_ml""]","[""AI정보화파트""]","[""Vue.js"", ""next.js"", ""GitHub"", ""C#"", ""C++"", ""VB"", ""Java"", ""Python"", ""PySpark"", ""SQL"", ""Oracle"", ""MS SQL"", ""PL/SQL"", ""AWS"", ""Docker"", ""MES"", ""스마트팩토리""]","[""Snowflake"", ""Informatica"", ""Tableau"", ""QuickSight"", ""MS Project"", ""TFS"", ""Mantis""]",semiconductor,unknown,mid_corp,office,"[""프로젝트""]","[""디지털·기술 활용 역량"", ""정보수집·분석 역량"", ""문제해결 능력"", ""실행력·업무처리 능력"", ""협업·팀워크""]","네패스는 반도체 후공정 전문 기업으로, AI 정보화 파트에서 스마트팩토리 시스템 개발 및 데이터 분석을 담당합니다.","이 직무는 제조 공정의 효율성을 높이고 스마트팩토리 환경을 구축하기 위해 웹 기술, AI/ML, 클라우드 기반 데이터 시스템을 개발하고 운영하는 역할을 합니다.","Web 기술을 활용하여 MES(Manufacturing Execution System) 시스템을 개발하고 프로젝트를 수행합니다. 스마트팩토리 웹 플랫폼을 구축하고 운영하며, AI/ML 프로젝트를 수행하고 파이썬 기반의 데이터 분석을 진행합니다. 전사적 Datalake를 구축하고 데이터 웨어하우징을 설계 및 구축하며, AWS 클라우드 환경에서 데이터레이크 구축 및 Factory 마이그레이션을 진행합니다. Tableau를 활용하여 데이터 시각화 시스템을 도입하고 BI 솔루션을 구축하며, Docker와 AWS ECS를 활용한 컨테이너 기반 애플리케이션 배포 및 CI/CD 파이프라인을 구축합니다.","컴퓨터 또는 정보통신 관련 전공의 대졸 이상 학력 소지자를 찾습니다. Vue.js, next.js 등 웹 프론트엔드 프레임워크 활용 경험과 GitHub 기반 형상관리 및 CI/CD 파이프라인 구축 경험이 필수입니다. 제조공정 및 스마트팩토리 도메인 지식을 갖추고 C#, C++, VB, Java 등 프로그래밍 언어 개발 경험이 있는 분을 선호합니다. Python, PySpark를 활용한 데이터 처리 경험과 SQL 및 데이터베이스 설계/관리 역량, 클라우드 플랫폼(AWS) 및 컨테이너(Docker) 활용 경험이 중요합니다. MES 시스템 개발 또는 운영 경험이 있는 분을 우대하며, 빅데이터 플랫폼 경험, AI/ML 프로젝트 경험, 애자일 프로젝트 관리 방법론 실무 경험, DevOps 환경 구축 및 운영 경험이 있는 분을 환영합니다.","[""기술중심"", ""데이터드리븐"", ""빠른실행""]","회사: 네패스는 반도체 후공정 전문 기업으로, AI 정보화 파트에서 스마트팩토리 시스템 개발 및 데이터 분석을 담당합니다.
직무 목적: 이 직무는 제조 공정의 효율성을 높이고 스마트팩토리 환경을 구축하기 위해 웹 기술, AI/ML, 클라우드 기반 데이터 시스템을 개발하고 운영하는 역할을 합니다.
주요 업무: Web 기술을 활용하여 MES(Manufacturing Execution System) 시스템을 개발하고 프로젝트를 수행합니다. 스마트팩토리 웹 플랫폼을 구축하고 운영하며, AI/ML 프로젝트를 수행하고 파이썬 기반의 데이터 분석을 진행합니다. 전사적 Datalake를 구축하고 데이터 웨어하우징을 설계 및 구축하며, AWS 클라우드 환경에서 데이터레이크 구축 및 Factory 마이그레이션을 진행합니다. Tableau를 활용하여 데이터 시각화 시스템을 도입하고 BI 솔루션을 구축하며, Docker와 AWS ECS를 활용한 컨테이너 기반 애플리케이션 배포 및 CI/CD 파이프라인을 구축합니다.
인재상: 컴퓨터 또는 정보통신 관련 전공의 대졸 이상 학력 소지자를 찾습니다. Vue.js, next.js 등 웹 프론트엔드 프레임워크 활용 경험과 GitHub 기반 형상관리 및 CI/CD 파이프라인 구축 경험이 필수입니다. 제조공정 및 스마트팩토리 도메인 지식을 갖추고 C#, C++, VB, Java 등 프로그래밍 언어 개발 경험이 있는 분을 선호합니다. Python, PySpark를 활용한 데이터 처리 경험과 SQL 및 데이터베이스 설계/관리 역량, 클라우드 플랫폼(AWS) 및 컨테이너(Docker) 활용 경험이 중요합니다. MES 시스템 개발 또는 운영 경험이 있는 분을 우대하며, 빅데이터 플랫폼 경험, AI/ML 프로젝트 경험, 애자일 프로젝트 관리 방법론 실무 경험, DevOps 환경 구축 및 운영 경험이 있는 분을 환영합니다.",new,job_posting,"네패스 AI정보화파트에서 스마트팩토리 MES 시스템 개발, AI/ML 프로젝트 수행, 클라우드 기반 데이터 플랫폼 구축 및 운영을 담당할 신입 개발자를 채용합니다.",[]
312175,주식회사 라라스윗,[라라스윗] 퍼포먼스 광고 운영 담당자,CONTRACT,"[라라스윗] 퍼포먼스 광고 운영 담당자 [ [담당업무] - 주요 제품별 광고비 확장을 위한 퍼포먼스 광고 운영전략 기획 및 운영 - Meta, TikTok 등 주요 퍼포먼스 매체의 광고 운영 및 최적화 업무 전반을 담당 - CAC,CVR, 3초 재생률 등 핵심 지표 개선을 위한 데이터 기반의 액션 플랜 도출 및 유관 부서 소통 담당 - 핵심 지표 개선을 위한 상품 프라이싱 및 프로모션을 기획 [자격요건] - 1년 이상 Meta,Tiktok 주요 퍼포먼스 매체의 광고 운영을 경험하신 분 - 월 3억원 이상 규모의 퍼포먼스 광고 예산 집행을 경험 하신분 [우대사항] - 자기 주도적이며 논리적으로 소통하시는 분 [채용공고]",,[],marketing,[],"[""퍼포먼스 광고 운영 담당자""]","[""Meta Ads"", ""TikTok Ads"", ""퍼포먼스 마케팅"", ""광고 예산 관리""]",[],food_beverage,unknown,mid_corp,unknown,"[""프로젝트""]","[""정보수집·분석 역량"", ""실행력·업무처리 능력"", ""커뮤니케이션 역량""]",주식회사 라라스윗은 저칼로리 디저트 및 식품을 개발하고 판매하는 브랜드입니다. 이 공고는 주요 제품의 퍼포먼스 광고 운영을 통해 시장 확장을 목표로 합니다.,이 직무는 주요 제품의 광고비 확장을 위한 퍼포먼스 광고 운영 전략을 기획하고 실행하여 핵심 지표를 개선하는 데 기여합니다.,"주요 제품별 광고비 확장을 위한 퍼포먼스 광고 운영 전략을 기획하고 실행합니다. Meta, TikTok 등 주요 퍼포먼스 매체의 광고 운영 및 최적화 업무 전반을 담당합니다. CAC, CVR, 3초 재생률 등 핵심 지표 개선을 위한 데이터 기반의 액션 플랜을 도출하고 유관 부서와 소통합니다. 또한, 핵심 지표 개선을 위한 상품 프라이싱 및 프로모션을 기획합니다.","1년 이상 Meta, TikTok 등 주요 퍼포먼스 매체 광고 운영 경험이 필수입니다. 월 3억원 이상 규모의 퍼포먼스 광고 예산 집행 경험이 있는 분을 찾습니다. 자기 주도적이며 논리적으로 소통하는 능력을 우대합니다.","[""자율""]","회사: 주식회사 라라스윗은 저칼로리 디저트 및 식품을 개발하고 판매하는 브랜드입니다. 이 공고는 주요 제품의 퍼포먼스 광고 운영을 통해 시장 확장을 목표로 합니다.
직무 목적: 이 직무는 주요 제품의 광고비 확장을 위한 퍼포먼스 광고 운영 전략을 기획하고 실행하여 핵심 지표를 개선하는 데 기여합니다.
주요 업무: 주요 제품별 광고비 확장을 위한 퍼포먼스 광고 운영 전략을 기획하고 실행합니다. Meta, TikTok 등 주요 퍼포먼스 매체의 광고 운영 및 최적화 업무 전반을 담당합니다. CAC, CVR, 3초 재생률 등 핵심 지표 개선을 위한 데이터 기반의 액션 플랜을 도출하고 유관 부서와 소통합니다. 또한, 핵심 지표 개선을 위한 상품 프라이싱 및 프로모션을 기획합니다.
인재상: 1년 이상 Meta, TikTok 등 주요 퍼포먼스 매체 광고 운영 경험이 필수입니다. 월 3억원 이상 규모의 퍼포먼스 광고 예산 집행 경험이 있는 분을 찾습니다. 자기 주도적이며 논리적으로 소통하는 능력을 우대합니다.",experienced,job_posting,"라라스윗의 퍼포먼스 광고 운영 담당자는 Meta, TikTok 등 주요 매체 광고를 기획하고 운영하며, 데이터 기반으로 핵심 지표를 개선하는 역할을 수행합니다.",[]
312170,아주대학교의료원,[아주대학교의료원] 2026학년도 신입 일반직(사무) 정규직 공채,NEW,"[아주대학교의료원] 2026학년도 신입 일반직(사무) 정규직 공채 [채용부문] 아주대학교의료원 신입 일반직(사무) 정규직 의료원 직원 인사규정에 의거 3개월 수습기간 근무평가 진행 임용 시 학사학위 이상 학력 및 관련 업무 경력 인정 없음 근무내용 : 아주대학교의료원 사무행정 업무 근무시간 : 1일 8시간 근무 (08:00~17:00 / 휴게시간 1시간 포함, 주 40시간) 단, 부서사정에 따라 시차/연장/휴일/야간/당직/교대근무 가능 임용일자 : 2026년 6월 1일 부 임용 예정 [필수사항] - 학사학위 이상 소지자 - 공인어학성적(영어) 소지자 중 기준점수 이상인 자 (전문자격 소지자 예외) - TOEIC, TOEFL(IBT), NEW TEPS, OPIC, TOEIC Speaking 중 응시원서 제출일 기준 유효성적에 한함 - 공인어학성적(영어) 기준 점수 - TOEIC : 800점 - TOEFL(IBT) : 91점 - TEPS : 309점 - OPIC : IM3 - TOEIC Speaking : IH [우대사항] 전문자격(변호사, 회계사, 세무사, 노무사, 변리사) 소지자 컴퓨터활용능력 우수자 (사무자동화산업기사, 컴퓨터활용능력 1급, MOS MASTER)","일반직 사무 | 사무보조/문서작성 | 경영/사무 | 사무/총무/법무 | 사무보조 | OA/문서작성 | 홈페이지관리 | 총무 | 문서관리 | 인허가업무 | 비서 | 법무 | 비품/시설관리 | 특허/저작권업무 | 안내/리셉션 | 우리 의료원에 지원한 이유와 입사 이후 자신의 발전계획을 기재하여 주세요 (최소 100자, 최대 500자 입력가능) | 지원한 직무를 능숙하게 수행할 수 있는 본인의 역량을 기재하여 주세요 (최소 100자, 최대 1,000자 입력가능) | 본원의 핵심가치(헌신,윤리성,탁월성) 중 자신과 가장 잘 부합하는 가치를 한 가지 정하고 관련된 경험이나 사례를 중심으로 기재하여 주세요 선택한 핵심가치는 무엇입니까? (최소 2자, 최대 3자 입력가능) 선택한 핵심가치와 관련된 경험이나 사례를 기재하여 주세요 (최소 1자, 최대 600자 입력가능) | 예상치 못한 상황에 직면하거나 스트레스를 받았을 때 어떻게 이를 극복하는지 기재하여 주세요 (최소 1자, 최대 500자 입력가능) | [아주대학교의료원] 2026학년도 신입 일반직(사무) 정규직 공채",[],management_support,[],"[""신입 일반직(사무) 정규직""]","[""영어""]","[""변호사"", ""회계사"", ""세무사"", ""노무사"", ""변리사"", ""사무자동화산업기사"", ""컴퓨터활용능력 1급"", ""MOS MASTER""]",healthcare,경기,public_org,office,[],"[""학습·성장 역량"", ""실행력·업무처리 능력"", ""문제해결 능력""]","아주대학교의료원은 아주대학교 부속 의료기관으로, 환자 진료 및 의료 연구를 수행하며 지역사회 건강 증진에 기여하고 있습니다.","아주대학교의료원의 원활한 운영을 위해 다양한 사무행정 업무를 지원하고, 안정적인 의료 서비스 제공 환경을 구축하는 데 기여합니다.","아주대학교의료원의 전반적인 사무행정 업무를 담당하며, 문서 작성 및 관리를 수행합니다. 경영 및 총무 관련 사무를 지원하고, 홈페이지를 관리하며 인허가 업무를 처리합니다. 비서 업무를 수행하고 법무 관련 지원을 제공하며, 비품 및 시설 관리를 담당합니다. 특허 및 저작권 관련 업무를 보조하고, 안내 및 리셉션 업무를 통해 방문객을 응대합니다.","학사학위 이상 소지자로 공인어학성적(영어) 기준 점수 이상을 갖춘 인재를 찾습니다. 변호사, 회계사, 세무사, 노무사, 변리사 등 전문자격 소지자를 우대하며, 사무자동화산업기사, 컴퓨터활용능력 1급, MOS MASTER 등 컴퓨터 활용 능력이 우수한 분을 선호합니다. 입사 후 발전 계획을 수립하고, 지원 직무를 능숙하게 수행할 역량을 보유하며, 헌신, 윤리성, 탁월성이라는 핵심 가치에 부합하는 인재를 기대합니다. 예상치 못한 상황이나 스트레스에 대한 효과적인 극복 능력을 갖춘 분을 환영합니다.","[""안정"", ""전문성"", ""윤리성""]","회사: 아주대학교의료원은 아주대학교 부속 의료기관으로, 환자 진료 및 의료 연구를 수행하며 지역사회 건강 증진에 기여하고 있습니다.
직무 목적: 아주대학교의료원의 원활한 운영을 위해 다양한 사무행정 업무를 지원하고, 안정적인 의료 서비스 제공 환경을 구축하는 데 기여합니다.
주요 업무: 아주대학교의료원의 전반적인 사무행정 업무를 담당하며, 문서 작성 및 관리를 수행합니다. 경영 및 총무 관련 사무를 지원하고, 홈페이지를 관리하며 인허가 업무를 처리합니다. 비서 업무를 수행하고 법무 관련 지원을 제공하며, 비품 및 시설 관리를 담당합니다. 특허 및 저작권 관련 업무를 보조하고, 안내 및 리셉션 업무를 통해 방문객을 응대합니다.
인재상: 학사학위 이상 소지자로 공인어학성적(영어) 기준 점수 이상을 갖춘 인재를 찾습니다. 변호사, 회계사, 세무사, 노무사, 변리사 등 전문자격 소지자를 우대하며, 사무자동화산업기사, 컴퓨터활용능력 1급, MOS MASTER 등 컴퓨터 활용 능력이 우수한 분을 선호합니다. 입사 후 발전 계획을 수립하고, 지원 직무를 능숙하게 수행할 역량을 보유하며, 헌신, 윤리성, 탁월성이라는 핵심 가치에 부합하는 인재를 기대합니다. 예상치 못한 상황이나 스트레스에 대한 효과적인 극복 능력을 갖춘 분을 환영합니다.",new,job_posting,"아주대학교의료원에서 사무행정 업무를 담당할 신입 정규직 직원을 채용하며, 영어 능력과 컴퓨터 활용 능력을 갖춘 인재를 찾습니다.",[]
312163,네이버,[네이버] AI 검색 사용성 기준 수립 및 검색 경험 개선 체험형 인턴,INTERN,"[네이버] AI 검색 사용성 기준 수립 및 검색 경험 개선 체험형 인턴 [What You'll Do] 네이버 검색의 미래 비전인 AI 검색 경험(UX) 개선 프로젝트에 참여하여, 최적화된 사용 경험 정책 및 기준 정의 새로운 검색 경험의 디자인 Language 정책과 가이드라인 구축, 시각화를 통한 디자인 과정 참여 서비스 리서치 등의 과제 수행 [Required Skill] 사용자 중심 사고를 바탕으로 Pain Point를 발굴하고 분석한 경험이 있으신 분 도출된 문제를 바탕으로 논리적인 UX/UI 개선안 제안이 가능하신 분 서비스의 문제 및 개선점을 명확하고 직관적인 UX/UI로 시각화하는 역량을 갖추신 분 다양한 통합검색, AI 검색 서비스에 대한 기초 지식 및 활용 경험이 있으신 분 [Preferred Skill] 복잡한 논리나 추상적인 서비스 개념을 명확하고 직관적인 형태로 시각화하는 역량을 갖추신 분 UX 가이드라인 도큐먼트(웹사이트 등)를 구축 및 관리해 본 경험이 있으신 분 생성형 AI 툴을 디자인 프로세스에 적극적으로 도입해 본 경험이 있으신 분","AI 검색 사용성 기준 수립 및 검색 경험 개선 | 설문/통계/리서치 | 전문/특수직 | 콘텐츠/사이트운영 | IT/인터넷 | 조사분석 | 통계 | 리서치 | 시장조사 | e-러닝운영 | 게시판관리 | 사이트운영 | 쇼핑몰 오픈마켓 | 카페 블로그관리 | 컨텐츠운영 | 컨텐츠제작 | [필수] 경험을 중심으로 지원 동기를 소개해 주시고, 최근 관심 있게 보고 있는 기술 또는 산업 트렌드를 간략히 소개해 주세요. (기술 및 시장 트렌드에 대한 소개, 관심있게 본 까닭 등) | [필수] 지원 포지션과 관련된 자신의 대표적인 프로젝트를 소개해 주시되, 어떤 고민을 가지고 어떻게 협업하여 결과물을 만들어 냈는지 구체적으로 설명해 주세요. (지원자가 어떤 역할로 기여했고, 그 과정에서 얻은 인사이트를 포함해 주세요.) | [선택] 이력서 혹은 CV가 있는 경우 첨부해 주세요. * 채용과 무관한 개인정보(본인 사진, 연락처/이메일 주소, 거주지 주소, 결혼 여부, 가족 관계, 연봉 등)는 제외해 주세요. * 공개가 어려운 대외비, 영업비밀이 포함된 자료 등은 제외해 주세요. | [네이버] AI 검색 사용성 기준 수립 및 검색 경험 개선 체험형 인턴",[],design,"[""data_ai_ml""]","[""AI 검색 사용성 기준 수립 및 검색 경험 개선 체험형 인턴""]","[""UX/UI 시각화"", ""AI 검색 서비스 이해""]","[""생성형 AI 툴"", ""UX 가이드라인 구축"", ""UX 가이드라인 관리""]",it_software,판교,large_corp,office,"[""프로젝트""]","[""고객·서비스 지향"", ""문제해결 능력"", ""전략·기획 역량"", ""창의·혁신 역량""]","네이버는 국내 대표 IT 기업으로, AI 검색 기술을 통해 사용자에게 최적화된 검색 경험을 제공합니다.","네이버 검색의 미래 비전인 AI 검색 경험을 개선하고, 최적화된 사용 경험 정책 및 기준을 정의하여 사용자에게 더 나은 검색 서비스를 제공하기 위함입니다.","네이버 검색의 미래 비전인 AI 검색 경험(UX) 개선 프로젝트에 참여하여 최적화된 사용 경험 정책 및 기준을 정의합니다. 새로운 검색 경험의 디자인 Language 정책과 가이드라인을 구축하고, 시각화를 통해 디자인 과정에 참여합니다. 또한 서비스 리서치 등의 과제를 수행하며 AI 검색 서비스의 전반적인 사용성 향상에 기여합니다.","사용자 중심 사고를 바탕으로 Pain Point를 발굴하고 분석하여 논리적인 UX/UI 개선안을 제안할 수 있는 분을 찾습니다. 서비스의 문제점과 개선점을 명확하고 직관적인 UX/UI로 시각화하는 역량을 갖추고, 다양한 통합검색 및 AI 검색 서비스에 대한 기초 지식과 활용 경험이 있는 분을 선호합니다. 복잡한 논리나 추상적인 서비스 개념을 명확하게 시각화하고, UX 가이드라인 도큐먼트 구축 및 관리 경험이 있다면 더욱 좋습니다. 생성형 AI 툴을 디자인 프로세스에 적극적으로 도입해 본 경험이 있는 분을 우대합니다.",[],"회사: 네이버는 국내 대표 IT 기업으로, AI 검색 기술을 통해 사용자에게 최적화된 검색 경험을 제공합니다.
직무 목적: 네이버 검색의 미래 비전인 AI 검색 경험을 개선하고, 최적화된 사용 경험 정책 및 기준을 정의하여 사용자에게 더 나은 검색 서비스를 제공하기 위함입니다.
주요 업무: 네이버 검색의 미래 비전인 AI 검색 경험(UX) 개선 프로젝트에 참여하여 최적화된 사용 경험 정책 및 기준을 정의합니다. 새로운 검색 경험의 디자인 Language 정책과 가이드라인을 구축하고, 시각화를 통해 디자인 과정에 참여합니다. 또한 서비스 리서치 등의 과제를 수행하며 AI 검색 서비스의 전반적인 사용성 향상에 기여합니다.
인재상: 사용자 중심 사고를 바탕으로 Pain Point를 발굴하고 분석하여 논리적인 UX/UI 개선안을 제안할 수 있는 분을 찾습니다. 서비스의 문제점과 개선점을 명확하고 직관적인 UX/UI로 시각화하는 역량을 갖추고, 다양한 통합검색 및 AI 검색 서비스에 대한 기초 지식과 활용 경험이 있는 분을 선호합니다. 복잡한 논리나 추상적인 서비스 개념을 명확하게 시각화하고, UX 가이드라인 도큐먼트 구축 및 관리 경험이 있다면 더욱 좋습니다. 생성형 AI 툴을 디자인 프로세스에 적극적으로 도입해 본 경험이 있는 분을 우대합니다.",intern,internship_program,네이버 AI 검색의 사용자 경험을 개선하고 디자인 가이드라인을 구축할 체험형 인턴을 모집합니다.,[]
312162,Delice Global,[미국인턴] Delice Global Quality Control (QC) Associate 인턴 채용,INTERN,"[문의 및 지원하기] 홈페이지 : www.ghramerica.com 블로그 : 지원문의 : (자유양식의 영문이력서를 메일로 지원해 주시면 됩니다) 영문이력서가 없으신 경우 먼저 상담 신청해 주시면 되며, 상담 후 보내드리는 이력서 양식으로 작성하셔도 됩니다. 상담신청 : 카카오톡 ID : ghrghr 검색 후 문의",,"[""https://blog.naver.com/usacoo"", ""https://forms.gle/QSdD64YRS8kRqyri7""]",quality,[],"[""Quality Control (QC) Associate""]",[],[],unknown,미국,unknown,unknown,"[""인턴""]",[],Delice Global에 대한 구체적인 회사 소개는 제공되지 않습니다.,이 직무가 왜 필요한지에 대한 구체적인 설명은 제공되지 않습니다.,주요 업무에 대한 구체적인 내용은 제공되지 않습니다.,"자격 요건, 우대 사항 및 인재상에 대한 구체적인 내용은 제공되지 않습니다.",[],"회사: Delice Global에 대한 구체적인 회사 소개는 제공되지 않습니다.
직무 목적: 이 직무가 왜 필요한지에 대한 구체적인 설명은 제공되지 않습니다.
주요 업무: 주요 업무에 대한 구체적인 내용은 제공되지 않습니다.
인재상: 자격 요건, 우대 사항 및 인재상에 대한 구체적인 내용은 제공되지 않습니다.",intern,internship_program,Delice Global의 미국 Quality Control Associate 인턴 채용 공고입니다.,"[""short_text"", ""low_signal""]"
312154,코스메카코리아,[코스메카코리아] 화장품 생산관리 담당자 모집,"NEW, EXPERIENCED","[코스메카코리아] 화장품 생산관리 담당자 모집 [담당 업무] ㆍ 생산 계획 및 실적 관리 ㆍ 생산 지표 관리 및 생산성 분석 ㆍ 공정도 작성 및 공정개선 활동 [자격요건] ㆍ학력 : 학사 학위 졸업자 ㆍ경력 : 신입 ~ 5년 이하 ㆍ사원, 대리, 팀원급 ㆍ산업공학 또는 산업경영공학 관련학과 졸업자 우대사항 ㆍ인근 거주자, 지방 근무 가능자 ㆍ제조업 근무 경력자","화장품 생산관리 | 화장품 | 화학/에너지/환경 | 연구개발/설계 | 생산관리 | 생산관리/공정관리/품질관리 | 생산/제조 | 1. 지원동기와 입사 후 회사에서 이루고 싶은 꿈은 무엇인가요? | 2. 지원한 직무를 위해 필요한 역량은 무엇이라고 생각하며, 이 역량을 갖추기 위한 노력이나 자신만의 특별한 경험을 작성해 주세요. | 3. 다른 지원자 대비 본인만의 '차별화된 강점'과 '보완해야 할 약점'에 대해 사례를 들어 구체적으로 기술해 주세요. | 경력사항과 보유기술에 대해 구체적으로 설명해주세요. | [코스메카코리아] 화장품 생산관리 담당자 모집",[],manufacturing,[],"[""화장품 생산관리 담당자""]",[],"[""산업공학 지식"", ""산업경영공학 지식""]",beauty_cosmetics,unknown,mid_corp,office,[],[],코스메카코리아는 화장품을 생산하는 기업입니다.,화장품 생산 공정의 효율성과 품질을 관리하고 개선하기 위해 생산관리 담당자를 모집합니다.,"화장품 생산 계획을 수립하고 실제 생산 실적을 관리합니다. 생산 관련 지표를 체계적으로 관리하고 분석하여 생산성 향상 방안을 모색합니다. 또한, 공정도를 작성하고 지속적인 공정개선 활동을 통해 생산 효율을 극대화합니다.",학사 학위를 소지한 신입부터 5년 이하의 경력자를 찾습니다. 특히 산업공학 또는 산업경영공학 관련학과 졸업자와 제조업 근무 경력자를 우대합니다.,[],"회사: 코스메카코리아는 화장품을 생산하는 기업입니다.
직무 목적: 화장품 생산 공정의 효율성과 품질을 관리하고 개선하기 위해 생산관리 담당자를 모집합니다.
주요 업무: 화장품 생산 계획을 수립하고 실제 생산 실적을 관리합니다. 생산 관련 지표를 체계적으로 관리하고 분석하여 생산성 향상 방안을 모색합니다. 또한, 공정도를 작성하고 지속적인 공정개선 활동을 통해 생산 효율을 극대화합니다.
인재상: 학사 학위를 소지한 신입부터 5년 이하의 경력자를 찾습니다. 특히 산업공학 또는 산업경영공학 관련학과 졸업자와 제조업 근무 경력자를 우대합니다.",both,job_posting,코스메카코리아에서 화장품 생산 계획 및 공정 개선을 담당할 생산관리 신입/경력직을 모집합니다.,[]
312148,LS일렉트릭,[LS일렉트릭] 2026년 청주사업장 현장 기사직(생산) 보훈제한경쟁 채용연계형 인턴 채용,INTERN,[LS일렉트릭] 2026년 청주사업장 현장 기사직(생산) 보훈제한경쟁 채용연계형 인턴 채용 [모집분야] - 현장 기사직 [지원 자격] 지원 가능 학력 : 고등학교 졸업 이상 26년 5월부터 인턴 근무 가능한 자 모집 요강의 자격요건을 충족하는 자 병역필 또는 면제자로 해외여행에 결격사유가 없는 자 동일 기간 내 LS ELECTRIC E1 분야 채용 공고와 중복 지원 불가능 채용 관련 문의사항은 채용 담당자 이메일( )로 문의 [기타 사항] 취업보호 대상자(보훈 대상자/장애인)는 관련 법규 등에 의거하여 우대 입사 지원 서류에,"현장 기사직 | 기계 | 자동차/조선/기계 | 연구개발/설계 | 전기/전기설비 | 전기/전자/제어 | CAD | 기계설계/CAD/CAM | 기계설계 | LS ELECTRIC에 지원한 동기를 구체적으로 기술하여 주시기 바랍니다. (최소 300자, 최대 1,000자 입력가능) | 희망하는 직무를 수행함에 있어 필요한 역량과 이 역량을 갖추기 위한 노력 또는 경험을 기술하여 주시기 바랍니다. (최소 300자, 최대 1,000자 입력가능) | 본인의 장점과 단점을 기술하여 주시기 바랍니다. (최소 300자, 최대 1,000자 입력가능) | 도전적인 목표를 세우고 이를 달성하기 위해 노력했던 사례와 결과를 구체적으로 기재해 주시기 바랍니다. (최소 300자, 최대 1,000자 입력가능) | [LS일렉트릭] 2026년 청주사업장 현장 기사직(생산) 보훈제한경쟁 채용연계형 인턴 채용",[],engineering_hw,"[""manufacturing""]","[""현장 기사직"", ""생산""]","[""기계"", ""전기/전기설비"", ""전기/전자/제어"", ""CAD"", ""기계설계""]",[],electronics,청주,large_corp,field,"[""인턴"", ""프로젝트""]","[""문제해결 능력"", ""실행력·업무처리 능력""]",LS일렉트릭은 전기/전자/제어 분야의 기술을 기반으로 다양한 산업 솔루션을 제공하는 기업입니다.,"이 직무는 청주사업장 생산 현장에서 기계 및 전기 설비 관련 업무를 수행하며, 안정적인 생산 활동과 효율성 증대에 기여하기 위해 필요합니다.","현장 기사직은 청주사업장에서 기계 및 전기 설비의 유지보수, 점검, 운영을 담당합니다. CAD를 활용하여 기계설계 및 관련 기술 업무를 수행하며, 생산 공정의 효율성과 안정성을 확보하는 데 기여합니다. 전기/전자/제어 시스템을 다루고, 생산 현장에서 발생하는 기술적 문제를 해결하는 역할을 수행합니다.",고등학교 졸업 이상의 학력을 갖추고 2026년 5월부터 인턴 근무가 가능한 인재를 찾습니다. 병역을 필하거나 면제되었으며 해외여행에 결격사유가 없어야 합니다. 직무 수행에 필요한 역량을 갖추기 위해 노력하고 도전적인 목표를 설정하여 달성한 경험이 있는 분을 우대합니다. 취업보호 대상자는 관련 법규에 의거하여 우대합니다.,"[""도전"", ""노력""]","회사: LS일렉트릭은 전기/전자/제어 분야의 기술을 기반으로 다양한 산업 솔루션을 제공하는 기업입니다.
직무 목적: 이 직무는 청주사업장 생산 현장에서 기계 및 전기 설비 관련 업무를 수행하며, 안정적인 생산 활동과 효율성 증대에 기여하기 위해 필요합니다.
주요 업무: 현장 기사직은 청주사업장에서 기계 및 전기 설비의 유지보수, 점검, 운영을 담당합니다. CAD를 활용하여 기계설계 및 관련 기술 업무를 수행하며, 생산 공정의 효율성과 안정성을 확보하는 데 기여합니다. 전기/전자/제어 시스템을 다루고, 생산 현장에서 발생하는 기술적 문제를 해결하는 역할을 수행합니다.
인재상: 고등학교 졸업 이상의 학력을 갖추고 2026년 5월부터 인턴 근무가 가능한 인재를 찾습니다. 병역을 필하거나 면제되었으며 해외여행에 결격사유가 없어야 합니다. 직무 수행에 필요한 역량을 갖추기 위해 노력하고 도전적인 목표를 설정하여 달성한 경험이 있는 분을 우대합니다. 취업보호 대상자는 관련 법규에 의거하여 우대합니다.",intern,internship_program,LS일렉트릭 청주사업장에서 현장 기사직(생산)으로 근무할 채용연계형 인턴을 모집합니다.,[]
312146,중앙대학교병원,[중앙대학교병원] 중앙대학교의료원(서울병원) 부대사업팀 조리원(계약직) 모집 (2026.03-3),CONTRACT,[중앙대학교병원] 중앙대학교의료원(서울병원) 부대사업팀 조리원(계약직) 모집 (2026.03-3) [주요 업무] - 장례식장 빈소 음식류 주문 및 조리 - 식자재 운반 및 전처리 [직무역량] - 고객지향 - 정확한 일처리 - 신속한 대응 - 팀워크 - 실행력 [필수사항] - 조리업무가 가능하신 분 [우대사항] - 장례식장 조리실 경험을 보유하신 분 [공통자격] - 본원 인사규정 상 결격사유에 해당하지 않는 자 - 해외여행 결격사유가 없는 자 - 남성의 경우 병역필 또는 면제자,조리원 | 요리사 | 요리/영양/제과제빵/바리스타 | 서비스 | 성장과정 | 본인의 장단점 | 지원동기 및 포부 | 기타 (경력사항등) | [중앙대학교병원] 중앙대학교의료원(서울병원) 부대사업팀 조리원(계약직) 모집 (2026.03-3),[],service_pm,[],"[""조리원""]","[""조리""]","[""장례식장 조리""]",healthcare,서울,public_org,office,"[""프로젝트""]","[""고객·서비스 지향"", ""실행력·업무처리 능력"", ""협업·팀워크""]","중앙대학교병원은 의료 서비스를 제공하는 기관으로, 본 채용은 의료원 내 부대사업팀에서 진행됩니다.","이 직무는 중앙대학교병원 장례식장을 이용하는 고객들에게 필요한 음식 서비스를 제공하고, 식자재를 효율적으로 관리하여 원활한 운영을 지원하기 위해 필요합니다.","주요 업무는 장례식장 빈소에서 필요한 음식류를 주문받아 직접 조리하는 것입니다. 또한, 조리에 필요한 식자재를 운반하고 신선하게 보관하기 위한 전처리 작업을 수행합니다. 이 과정에서 위생과 안전 기준을 철저히 준수하며, 고객에게 양질의 서비스를 제공하는 데 기여합니다.","조리 업무가 가능하며, 고객 지향적인 태도로 정확하고 신속하게 업무를 처리할 수 있는 분을 찾습니다. 특히 팀워크를 중요하게 생각하고 실행력이 뛰어난 인재를 선호합니다. 장례식장 조리실에서 근무한 경험이 있는 분은 우대합니다. 본원 인사규정상 결격사유가 없고 해외여행에 결격사유가 없으며, 남성의 경우 병역을 필하거나 면제된 분이어야 합니다.",[],"회사: 중앙대학교병원은 의료 서비스를 제공하는 기관으로, 본 채용은 의료원 내 부대사업팀에서 진행됩니다.
직무 목적: 이 직무는 중앙대학교병원 장례식장을 이용하는 고객들에게 필요한 음식 서비스를 제공하고, 식자재를 효율적으로 관리하여 원활한 운영을 지원하기 위해 필요합니다.
주요 업무: 주요 업무는 장례식장 빈소에서 필요한 음식류를 주문받아 직접 조리하는 것입니다. 또한, 조리에 필요한 식자재를 운반하고 신선하게 보관하기 위한 전처리 작업을 수행합니다. 이 과정에서 위생과 안전 기준을 철저히 준수하며, 고객에게 양질의 서비스를 제공하는 데 기여합니다.
인재상: 조리 업무가 가능하며, 고객 지향적인 태도로 정확하고 신속하게 업무를 처리할 수 있는 분을 찾습니다. 특히 팀워크를 중요하게 생각하고 실행력이 뛰어난 인재를 선호합니다. 장례식장 조리실에서 근무한 경험이 있는 분은 우대합니다. 본원 인사규정상 결격사유가 없고 해외여행에 결격사유가 없으며, 남성의 경우 병역을 필하거나 면제된 분이어야 합니다.",contract,job_posting,중앙대학교병원 장례식장에서 빈소 음식 조리 및 식자재 관리를 담당할 계약직 조리원을 모집합니다.,[]
312143,기아,[기아] 2026 상반기 신입 채용,NEW,"[기아] 2026 상반기 신입 채용 [모집분야] - 공고 이미지 참조 [모집기간] - 4월 1일(수) 11시 ~ 4월 13일(월) 11시까지 [지원자격] 2026년 8월 졸업 예정 또는 기졸업자이신 분(학사 또는 석사 학위) 해외여행 또는 비자 발급 요건에 결격 사유가 없으신 분 남성의 경우, 2026년 7월 31일 기준 병역 필 또는 면제되신 분 TOEIC Speaking 또는 OPIC 성적을 보유하신 분(2026. 4. 13. 기준 유효한 성적) 국내 해외대상 전체 해당 [합류여정] - 지원서 접수 역량검사/ 채용검진 최종합격 - 일부 IT 직무의 경우 코딩테스트가 진행될 예정입니다.","특수사업 개발 설계 | ERP/시스템개발/설계 | IT/인터넷 | CTO | DevOps / 시스템 관리자 | 시스템엔지니어(SE) | 임베디드 개발자 | 블록체인 플랫폼 엔지니어 | 하드웨어 엔지니어 | 웹개발 | 응용프로그램개발 | 네트워크/서버/보안 | DBA/데이터베이스 | 콘텐츠/사이트운영 | 웹기획/PM/웹마케팅 | HTML/퍼블리싱/UI개발 | QA | 게임 | 1. 기아 설계 직무에 지원하게 된 계기와 관련 경험을 본인의 강점에 기반하여 구체적으로 서술해 주십시오. | 2. 과거 프로젝트 또는 업무 수행 경험 중 팀과 협력하여 문제를 해결했던 사례를 구체적으로 서술해주세요. 또한, 이를 통해 당사에 기여할 수 있는 점에 대하여 서술해 주십시오. | 3. 기아 미래 모빌리티 개발 방향에 대해 본인이 갖는 생각과 그에 기여할 수 있는 본인만의 역량을 서술해 주십시오. | 4. 기아의 가치와 행동(기아 탤런트 라운지 내 Culture 페이지 참고) 중 한 가지를 선택해, 관련된 본인의 경험/사례를 소개해 주십시오. (기아의 가치와 행동 : 사람을 생각합니다 / 함께, 더 멀리 나아갑니다 / 서로에게 힘을 실어줍니다 / 과감히 한계에 도전합니다 / 어제보다 더 나은 오늘을 추구합니다) | [기아] 2026 상반기 신입 채용 | 재경 | 재무/세무/IR | 경영/사무 | 회계 | 재무 | 세무 | IR | 회계감사 | 예산관리 | 기획/전략/경영 | 사무/총무/법무 | 인사/노무/교육 | 경리/회계/결산 | 사무보조/문서작성 | 1. 재경본부에 지원하게 된 동기 및 일원으로서 이루고 싶은 목표를 서술해 주십시오. | 2. 지원직무와 관련한 지원자의 경험과 역량을 구체적으로 서술해 주십시오. | 3. 도전적인 목표를 세우고 이를 달성하기 위해 노력했던 경험에 대해 서술해 주십시오. | 4. 기아의 가치와 행동(기아 탤런트 라운지 내 Culture 페이지 참고) 중 한 가지를 선택해, 관련된 본인의 경험/사례를 소개해 주십시오. (기아의 가치와 행동 : 사람을 생각합니다 / 함께, 더 멀리 나아갑니다 / 서로에게 힘을 실어줍니다 / 과감히 한계에 도전합니다 / 어제보다 더 나은 오늘을 추구합니다 | 노사 기획 및 커뮤니케이션 | 인사 | 노무 | 채용/면접 | 교육기획 | 1. 기아에 지원한 동기와 희망 직무를 수행하며 이루고 싶은 목표를 서술해 주십시오. | 2. 희망 직무에 대해 본인이 갖추고 있는 강점을 구체적인 경험을 바탕으로 서술해 주십시오. | 3. 기아의 가치와 행동(기아 탤런트 라운지 내 Culture 페이지 참고) 중 한 가지를 선택해, 관련된 본인의 경험/사례를 소개해 주십시오. (기아의 가치와 행동 : 사람을 생각합니다 / 함께, 더 멀리 나아갑니다 / 서로에게 힘을 실어줍니다 / 과감히 한계에 도전합니다 / 어제보다 더 나은 오늘을 추구합니다)",[],software_dev,"[""finance_investment"", ""hr""]","[""특수사업 개발 설계"", ""ERP/시스템개발/설계"", ""DevOps / 시스템 관리자"", ""임베디드 개발자"", ""블록체인 플랫폼 엔지니어"", ""재무/세무/IR"", ""인사/노무/교육"", ""웹기획/PM/웹마케팅""]","[""TOEIC Speaking"", ""OPIC"", ""코딩테스트""]",[],automotive,unknown,large_corp,office,"[""프로젝트""]","[""협업·팀워크"", ""문제해결 능력"", ""학습·성장 역량"", ""창의·혁신 역량"", ""실행력·업무처리 능력""]","기아는 글로벌 자동차 제조 기업으로, 미래 모빌리티 솔루션 개발을 선도하며 다양한 사업 분야에서 혁신을 추구하고 있습니다.","기아의 미래 모빌리티 개발 방향에 기여하고, IT 시스템, 재경, 인사 등 다양한 직무에서 핵심적인 역할을 수행할 신입 인재를 확보하여 지속적인 성장을 도모하기 위함입니다.","이 채용은 특수사업 개발 설계, ERP/시스템 개발 및 설계, DevOps/시스템 관리, 임베디드 개발, 블록체인 플랫폼 엔지니어링, 하드웨어 엔지니어링, 웹/응용프로그램 개발, 네트워크/서버/보안 관리, DBA/데이터베이스 운영, 콘텐츠/사이트 운영, 웹기획/PM/웹마케팅, HTML/퍼블리싱/UI 개발, QA 등 다양한 IT 직무를 포함합니다. 또한 재무/세무/IR, 회계감사, 예산관리, 기획/전략/경영, 사무/총무/법무, 인사/노무/교육, 경리/회계/결산, 사무보조/문서작성 등 재경 및 사무 직무와 노사 기획 및 커뮤니케이션, 채용/면접, 교육기획 등 인사 직무도 수행하게 됩니다.","2026년 8월 졸업 예정 또는 기졸업자로 학사 또는 석사 학위를 보유해야 합니다. 해외여행 및 비자 발급에 결격 사유가 없어야 하며, 남성의 경우 병역 필 또는 면제자여야 합니다. TOEIC Speaking 또는 OPIC 유효 성적을 보유하고, 일부 IT 직무의 경우 코딩테스트를 통과할 수 있는 역량을 갖춘 분을 찾습니다. 관련 경험을 바탕으로 본인의 강점을 구체적으로 서술하고, 팀과 협력하여 문제를 해결했던 경험을 통해 회사에 기여할 수 있는 인재를 선호합니다. 기아의 미래 모빌리티 개발 방향에 대한 생각과 기여할 수 있는 역량을 갖추고, 도전적인 목표를 설정하고 달성하기 위해 노력하는 인재를 환영합니다.","[""사람중심"", ""협력"", ""도전"", ""성장"", ""혁신""]","회사: 기아는 글로벌 자동차 제조 기업으로, 미래 모빌리티 솔루션 개발을 선도하며 다양한 사업 분야에서 혁신을 추구하고 있습니다.
직무 목적: 기아의 미래 모빌리티 개발 방향에 기여하고, IT 시스템, 재경, 인사 등 다양한 직무에서 핵심적인 역할을 수행할 신입 인재를 확보하여 지속적인 성장을 도모하기 위함입니다.
주요 업무: 이 채용은 특수사업 개발 설계, ERP/시스템 개발 및 설계, DevOps/시스템 관리, 임베디드 개발, 블록체인 플랫폼 엔지니어링, 하드웨어 엔지니어링, 웹/응용프로그램 개발, 네트워크/서버/보안 관리, DBA/데이터베이스 운영, 콘텐츠/사이트 운영, 웹기획/PM/웹마케팅, HTML/퍼블리싱/UI 개발, QA 등 다양한 IT 직무를 포함합니다. 또한 재무/세무/IR, 회계감사, 예산관리, 기획/전략/경영, 사무/총무/법무, 인사/노무/교육, 경리/회계/결산, 사무보조/문서작성 등 재경 및 사무 직무와 노사 기획 및 커뮤니케이션, 채용/면접, 교육기획 등 인사 직무도 수행하게 됩니다.
인재상: 2026년 8월 졸업 예정 또는 기졸업자로 학사 또는 석사 학위를 보유해야 합니다. 해외여행 및 비자 발급에 결격 사유가 없어야 하며, 남성의 경우 병역 필 또는 면제자여야 합니다. TOEIC Speaking 또는 OPIC 유효 성적을 보유하고, 일부 IT 직무의 경우 코딩테스트를 통과할 수 있는 역량을 갖춘 분을 찾습니다. 관련 경험을 바탕으로 본인의 강점을 구체적으로 서술하고, 팀과 협력하여 문제를 해결했던 경험을 통해 회사에 기여할 수 있는 인재를 선호합니다. 기아의 미래 모빌리티 개발 방향에 대한 생각과 기여할 수 있는 역량을 갖추고, 도전적인 목표를 설정하고 달성하기 위해 노력하는 인재를 환영합니다.",new,job_posting,"기아의 2026년 상반기 신입 채용으로, IT, 재경, 인사 등 다양한 직무에서 미래 모빌리티와 기업 성장에 기여할 인재를 모집합니다.",[]
312139,SM엔터테인먼트,[SM엔터테인먼트] Creative Visual 담당자 채용 (신입/경력),"NEW, EXPERIENCED","[SM엔터테인먼트] Creative Visual 담당자 채용 (신입/경력) [담당 업무] 이런 업무를 담당해요 앨범 크리에이티브 컨셉 기획 및 제작 앨범 프로모션 컨텐츠 기획 및 제작 앨범 키 비주얼 기획 및 디자인 (인쇄 실무) 앨범 자켓 기획 및 촬영 어레인지먼트 [필요 요건] 이런 분을 찾고 있어요 학사 이상의 학위를 소지한 분 (디자인 전공자) 포토샵, 일러스트와 같은 어도비 툴 활용이 능숙한 분 MAC 사용이 가능한 분 직무 역량을 보여줄 수 있는 포트폴리오 제출이 가능한 분 (pdf) * 포트폴리오 제출 시 각 프로젝트에 대한 참여 역할과 비율 필수 기재 [우대 요건] 이런 분은 우대해요 영어 커뮤니케이션 역량을 보유한 분 편집 디자인 및 인쇄 업무(감리) 경험이 있으신 분 3D 프로그램 툴 활용이 익숙한 분",Creative Visual 담당자 | 광고/시각디자인 | 디자인 | 출판/편집디자인 | 제품/산업디자인 | 시각디자인 | 광고디자인 | 디지털디자인 | 영상디자인 | 포스터디자인 | 편집디자인 | 카탈로그편집 | 북디자인 | 삽화/일러스트 | 제품디자인 | 산업디자인 | 패키지디자인 | 포장디자인 | 가구디자인 | 그래픽디자인/CG | 캐릭터/만화/애니 | 의류/패션/잡화디자인 | 전시/공간디자인 | 디자인기타 | 자유양식 입니다. | [SM엔터테인먼트] Creative Visual 담당자 채용 (신입/경력),[],design,[],"[""Creative Visual 담당자""]","[""포토샵"", ""일러스트"", ""어도비 툴"", ""MAC 사용"", ""포트폴리오""]","[""영어"", ""편집 디자인"", ""인쇄 업무"", ""감리"", ""3D 프로그램 툴""]",media_entertainment,unknown,large_corp,unknown,"[""프로젝트""]","[""커뮤니케이션 역량"", ""창의·혁신 역량""]","SM엔터테인먼트는 K-POP 아티스트 매니지먼트 및 앨범, 콘텐츠 제작을 주요 사업으로 하는 국내 대표 엔터테인먼트 기업입니다.","이 직무는 SM엔터테인먼트 아티스트의 앨범 크리에이티브 컨셉을 시각적으로 구현하고, 앨범 프로모션 콘텐츠 및 키 비주얼을 기획 및 디자인하여 앨범의 성공적인 출시와 홍보에 핵심적인 역할을 수행합니다.","앨범의 크리에이티브 컨셉을 기획하고 시각적인 결과물로 제작합니다. 앨범 프로모션을 위한 다양한 콘텐츠를 기획하고 제작하며, 앨범의 핵심 비주얼을 기획하고 디자인하여 인쇄 실무까지 담당합니다. 또한, 앨범 자켓 디자인을 기획하고 촬영 어레인지먼트를 진행하여 앨범의 전반적인 비주얼 디렉팅에 참여합니다.","학사 이상의 디자인 전공자로, 포토샵, 일러스트 등 어도비 툴과 MAC 사용에 능숙한 분을 찾습니다. 직무 역량을 보여줄 수 있는 포트폴리오 제출이 필수이며, 각 프로젝트에서의 참여 역할과 비율을 명확히 기재해야 합니다. 영어 커뮤니케이션 역량을 보유하고 편집 디자인 및 인쇄 업무(감리) 경험이 있거나 3D 프로그램 툴 활용이 익숙한 분은 우대합니다.",[],"회사: SM엔터테인먼트는 K-POP 아티스트 매니지먼트 및 앨범, 콘텐츠 제작을 주요 사업으로 하는 국내 대표 엔터테인먼트 기업입니다.
직무 목적: 이 직무는 SM엔터테인먼트 아티스트의 앨범 크리에이티브 컨셉을 시각적으로 구현하고, 앨범 프로모션 콘텐츠 및 키 비주얼을 기획 및 디자인하여 앨범의 성공적인 출시와 홍보에 핵심적인 역할을 수행합니다.
주요 업무: 앨범의 크리에이티브 컨셉을 기획하고 시각적인 결과물로 제작합니다. 앨범 프로모션을 위한 다양한 콘텐츠를 기획하고 제작하며, 앨범의 핵심 비주얼을 기획하고 디자인하여 인쇄 실무까지 담당합니다. 또한, 앨범 자켓 디자인을 기획하고 촬영 어레인지먼트를 진행하여 앨범의 전반적인 비주얼 디렉팅에 참여합니다.
인재상: 학사 이상의 디자인 전공자로, 포토샵, 일러스트 등 어도비 툴과 MAC 사용에 능숙한 분을 찾습니다. 직무 역량을 보여줄 수 있는 포트폴리오 제출이 필수이며, 각 프로젝트에서의 참여 역할과 비율을 명확히 기재해야 합니다. 영어 커뮤니케이션 역량을 보유하고 편집 디자인 및 인쇄 업무(감리) 경험이 있거나 3D 프로그램 툴 활용이 익숙한 분은 우대합니다.",both,job_posting,SM엔터테인먼트에서 앨범 크리에이티브 컨셉 기획 및 비주얼 디자인을 담당할 신입/경력 Creative Visual 담당자를 채용합니다.,[]
312137,SM엔터테인먼트,[SM엔터테인먼트] M/V 담당자 채용 (신입/경력),"NEW, EXPERIENCED","[SM엔터테인먼트] M/V 담당자 채용 (신입/경력) [담당 업무] 이런 업무를 담당해요 앨범 영상 프로모션 기획 및 제작 (뮤직비디오 및 프로모션 영상 콘텐츠) 신규 프로젝트 프로모션 및 콘텐츠 개발 프로덕션 어레인지 [필요 요건] 이런 분을 찾고 있어요 신입 또는 5년 이하의 업무 경력이 있는 분 (영상 연출, 기획, 편집 등) 학사 이상의 학위를 소지한 분 창의적이고 도전적인 콘텐츠 기획 아이디어가 많은 분 원활한 커뮤니케이션 스킬과 새로운 상황에 대한 유연한 대처 능력을 갖춘 분 포트폴리오 첨부 필수 (자유 양식 / 본인 참여도 70% 이하의 작업물 제외) [우대 요건] 이런 분은 우대해요 영상 및 디자인 관련 전공인 분 음악, 영상 및 비주얼 트렌드에 대한 높은 이해도와 엔터테인먼트 기획 능력을 갖춘 분 뮤직비디오, 예술, 디자인 또는 엔터테인먼트 관련 경력이 있는 분",M/V 담당자 | 영상/사진/촬영 | 미디어 | 콘텐츠/사이트운영 | IT/인터넷 | 영상기사 | 사진촬영기사 | 방송송출/송신 | e-러닝운영 | 게시판관리 | 사이트운영 | 쇼핑몰 오픈마켓 | 카페 블로그관리 | 컨텐츠운영 | 컨텐츠제작 | 감독/연출/PD | 광고제작/카피/CF | 진행/아나운서/성우/기자 | 작가/시나리오 | 공연/엔터테인먼트 | 인쇄/출판/편집 | 영화/배급 | 음악/음향 | 웹개발 | 응용프로그램개발 | ERP/시스템개발/설계 | 네트워크/서버/보안 | DBA/데이터베이스 | 웹기획/PM/웹마케팅 | HTML/퍼블리싱/UI개발 | QA | 게임 | 자유양식 입니다. | [SM엔터테인먼트] M/V 담당자 채용 (신입/경력),[],design,"[""marketing""]","[""M/V 담당자""]","[""영상 연출"", ""영상 기획"", ""영상 편집"", ""포트폴리오""]","[""영상 관련 지식"", ""디자인 관련 지식"", ""음악 트렌드 이해"", ""영상 트렌드 이해"", ""비주얼 트렌드 이해"", ""엔터테인먼트 기획""]",media_entertainment,서울,large_corp,office,"[""프로젝트""]","[""창의·혁신 역량"", ""커뮤니케이션 역량"", ""문제해결 능력"", ""전략·기획 역량""]",SM엔터테인먼트는 앨범 영상 프로모션 및 신규 프로젝트 콘텐츠를 개발하는 엔터테인먼트 회사입니다.,이 직무는 앨범 영상 프로모션과 신규 프로젝트 콘텐츠를 기획하고 제작하여 아티스트의 활동을 효과적으로 알리고 팬들과 소통하기 위해 필요합니다.,"앨범 영상 프로모션 기획 및 제작을 담당하며, 뮤직비디오와 다양한 프로모션 영상 콘텐츠를 제작합니다. 또한 신규 프로젝트의 프로모션 전략을 수립하고 관련 콘텐츠를 개발하며, 전반적인 프로덕션 어레인지를 수행합니다.","신입 또는 5년 이하의 영상 연출, 기획, 편집 업무 경력을 가진 학사 학위 소지자를 찾습니다. 창의적이고 도전적인 콘텐츠 기획 아이디어를 보유하고, 원활한 커뮤니케이션 스킬과 유연한 대처 능력을 갖춘 분을 선호합니다. 영상 및 디자인 관련 전공자, 음악·영상·비주얼 트렌드에 대한 높은 이해도와 엔터테인먼트 기획 능력을 갖춘 분, 그리고 뮤직비디오, 예술, 디자인 또는 엔터테인먼트 관련 경력자를 우대합니다. 포트폴리오 제출은 필수입니다.","[""창의"", ""도전"", ""유연""]","회사: SM엔터테인먼트는 앨범 영상 프로모션 및 신규 프로젝트 콘텐츠를 개발하는 엔터테인먼트 회사입니다.
직무 목적: 이 직무는 앨범 영상 프로모션과 신규 프로젝트 콘텐츠를 기획하고 제작하여 아티스트의 활동을 효과적으로 알리고 팬들과 소통하기 위해 필요합니다.
주요 업무: 앨범 영상 프로모션 기획 및 제작을 담당하며, 뮤직비디오와 다양한 프로모션 영상 콘텐츠를 제작합니다. 또한 신규 프로젝트의 프로모션 전략을 수립하고 관련 콘텐츠를 개발하며, 전반적인 프로덕션 어레인지를 수행합니다.
인재상: 신입 또는 5년 이하의 영상 연출, 기획, 편집 업무 경력을 가진 학사 학위 소지자를 찾습니다. 창의적이고 도전적인 콘텐츠 기획 아이디어를 보유하고, 원활한 커뮤니케이션 스킬과 유연한 대처 능력을 갖춘 분을 선호합니다. 영상 및 디자인 관련 전공자, 음악·영상·비주얼 트렌드에 대한 높은 이해도와 엔터테인먼트 기획 능력을 갖춘 분, 그리고 뮤직비디오, 예술, 디자인 또는 엔터테인먼트 관련 경력자를 우대합니다. 포트폴리오 제출은 필수입니다.",both,job_posting,SM엔터테인먼트에서 앨범 영상 프로모션 및 신규 프로젝트 콘텐츠를 기획하고 제작할 M/V 담당자를 채용합니다.,[]
312135,SM엔터테인먼트,[SM엔터테인먼트] 아티스트 소셜 채널 브랜딩 및 운영 담당자 채용 (신입/경력),"NEW, EXPERIENCED","[SM엔터테인먼트] 아티스트 소셜 채널 브랜딩 및 운영 담당자 채용 (신입/경력) [담당 업무] 이런 업무를 담당해요 아티스트 소셜 채널 브랜딩 및 운영 [필요 요건] 이런 분을 찾고 있어요 학사 이상의 학위를 보유하신 분 뛰어난 스케줄 관리 역량을 보유하신 분 꼼꼼한 업무 수행 능력을 갖추신 분 데이터 정리를 위한 컴퓨터 활용 능력을 보유하신 분 원활한 커뮤니케이션 스킬을 보유하신 분 전반적인 대중문화에 대한 이해도가 높으신 분 SNS 콘텐츠 업로드 경험이 있으신 분 [우대 요건] 이런 분은 우대해요 영어, 중국어 또는 일본어 커뮤니케이션이 가능하신 분 동종 업계 경험을 보유하신 분 SNS 프로모션 및 K-POP 트렌드에 대한 이해도가 높으신 분",아티스트 소셜 채널 브랜딩 및 운영 담당자 | 마케팅/PR/분석 | 마케팅/광고/홍보 | 마케팅전략/기획 | 광고기획 | 온라인마케팅 | 시장조사/분석 | 브랜드매니저 | 해외마케팅 | 언론홍보/PR | 설문/리서치 | 자유양식 입니다. | [SM엔터테인먼트] 아티스트 소셜 채널 브랜딩 및 운영 담당자 채용 (신입/경력),[],marketing,"[""planning_strategy""]","[""아티스트 소셜 채널 브랜딩 및 운영 담당자""]","[""컴퓨터 활용 능력"", ""SNS 콘텐츠 업로드""]","[""영어"", ""중국어"", ""일본어"", ""SNS 프로모션"", ""K-POP 트렌드 이해""]",media_entertainment,서울,large_corp,office,"[""대외활동"", ""프로젝트""]","[""실행력·업무처리 능력"", ""커뮤니케이션 역량"", ""정보수집·분석 역량""]",SM엔터테인먼트는 K-POP 아티스트를 발굴하고 매니지먼트하는 국내 대표 엔터테인먼트 기업입니다.,이 직무는 아티스트의 소셜 채널을 효과적으로 브랜딩하고 운영하여 대중과의 소통을 강화하고 아티스트의 이미지를 구축하는 데 기여합니다.,"아티스트의 소셜 채널을 기획하고 브랜딩 전략을 수립하며, 다양한 콘텐츠를 제작하여 채널을 운영합니다. 또한, 채널 성과 데이터를 분석하여 운영 방향을 개선하고, 대중문화 트렌드를 반영한 프로모션을 실행합니다. 이를 통해 아티스트의 온라인 영향력을 확대하고 팬들과의 소통을 활성화하는 역할을 수행합니다.","학사 이상의 학위를 보유하고 뛰어난 스케줄 관리 및 꼼꼼한 업무 수행 능력을 갖춘 분을 찾습니다. 데이터 정리를 위한 컴퓨터 활용 능력과 원활한 커뮤니케이션 스킬이 필수적이며, 전반적인 대중문화 및 K-POP 트렌드에 대한 높은 이해도를 바탕으로 SNS 콘텐츠 업로드 경험이 있는 분을 선호합니다. 영어, 중국어 또는 일본어 커뮤니케이션이 가능하거나 동종 업계 경험이 있다면 우대합니다.",[],"회사: SM엔터테인먼트는 K-POP 아티스트를 발굴하고 매니지먼트하는 국내 대표 엔터테인먼트 기업입니다.
직무 목적: 이 직무는 아티스트의 소셜 채널을 효과적으로 브랜딩하고 운영하여 대중과의 소통을 강화하고 아티스트의 이미지를 구축하는 데 기여합니다.
주요 업무: 아티스트의 소셜 채널을 기획하고 브랜딩 전략을 수립하며, 다양한 콘텐츠를 제작하여 채널을 운영합니다. 또한, 채널 성과 데이터를 분석하여 운영 방향을 개선하고, 대중문화 트렌드를 반영한 프로모션을 실행합니다. 이를 통해 아티스트의 온라인 영향력을 확대하고 팬들과의 소통을 활성화하는 역할을 수행합니다.
인재상: 학사 이상의 학위를 보유하고 뛰어난 스케줄 관리 및 꼼꼼한 업무 수행 능력을 갖춘 분을 찾습니다. 데이터 정리를 위한 컴퓨터 활용 능력과 원활한 커뮤니케이션 스킬이 필수적이며, 전반적인 대중문화 및 K-POP 트렌드에 대한 높은 이해도를 바탕으로 SNS 콘텐츠 업로드 경험이 있는 분을 선호합니다. 영어, 중국어 또는 일본어 커뮤니케이션이 가능하거나 동종 업계 경험이 있다면 우대합니다.",both,job_posting,"SM엔터테인먼트 아티스트 소셜 채널 브랜딩 및 운영을 담당하며, 마케팅 및 커뮤니케이션 역량을 발휘할 신입/경력직 채용.",[]
312134,SM엔터테인먼트,[SM엔터테인먼트] 아티스트 소셜 콘텐츠 기획/제작 담당자 채용 (신입/경력),"NEW, EXPERIENCED","[SM엔터테인먼트] 아티스트 소셜 콘텐츠 기획/제작 담당자 채용 (신입/경력) [담당 업무] 이런 업무를 담당해요 아티스트 소셜 콘텐츠 기획 및 제작 [필요 요건] 이런 분을 찾고 있어요 영상, 디자인, 사진 전공 또는 영상 연출 및 기획, 편집 등 관련 직무 경력을 보유하신 분 학사 이상의 학위를 보유하신 분 신입 또는 5년 이하의 유관 경력을 보유하신 분 영상 및 디자인 편집 툴에 대한 전문적 지식과 우수한 활용 능력을 갖추신 분 틱톡, 릴스, 쇼츠 등 SNS 콘텐츠 기획 및 제작, 업로드 경험이 있으신 분 원활한 커뮤니케이션 스킬 및 공감 능력을 보유하신 분 전반적인 대중문화에 대한 이해도가 높으신 분 [우대 요건] 이런 분은 우대해요 동종 업계 경험이 있으신 분 업무상 원활한 영어 커뮤니케이션이 가능하신 분 SNS 프로모션 및 K-POP 트렌드에 대한 이해도가 높으신 분 영상 및 사진 촬영에 대한 지식과 비주얼 감각을 보유하신 분 음악, 춤, 비주얼에 대한 이해와 관련 콘텐츠 기획, 제작 경험이 있으신 분",아티스트 소셜 콘텐츠 기획/제작 담당자 | 감독/연출/PD | 미디어 | 콘텐츠/사이트운영 | IT/인터넷 | PD/연출 | 방송제작 | 방송기획 | AD/조연출 | FD/연출보조 | 방송편성 | 방송엔지니어 | e-러닝운영 | 게시판관리 | 사이트운영 | 쇼핑몰 오픈마켓 | 카페 블로그관리 | 컨텐츠운영 | 컨텐츠제작 | 자유양식 입니다. | [SM엔터테인먼트] 아티스트 소셜 콘텐츠 기획/제작 담당자 채용 (신입/경력),[],marketing,"[""design"", ""service_pm""]","[""아티스트 소셜 콘텐츠 기획/제작 담당자""]","[""영상 편집 툴"", ""디자인 편집 툴"", ""SNS 콘텐츠 기획"", ""SNS 콘텐츠 제작"", ""SNS 콘텐츠 업로드""]","[""영어"", ""SNS 프로모션"", ""K-POP 트렌드 이해"", ""영상 촬영"", ""사진 촬영"", ""비주얼 감각"", ""음악 콘텐츠 기획"", ""춤 콘텐츠 기획"", ""비주얼 콘텐츠 기획""]",media_entertainment,서울,large_corp,office,"[""프로젝트""]","[""커뮤니케이션 역량"", ""고객·서비스 지향"", ""정보수집·분석 역량""]","SM엔터테인먼트는 K-POP 아티스트 매니지먼트 및 음반, 공연, 영상 등 다양한 콘텐츠를 기획하고 제작하는 종합 엔터테인먼트 기업입니다.",아티스트의 매력을 극대화하고 팬들과 소통하기 위한 소셜 미디어 콘텐츠를 기획하고 제작하여 아티스트의 활동을 홍보하고 팬덤을 강화하는 데 기여합니다.,"아티스트의 소셜 미디어 채널(틱톡, 릴스, 쇼츠 등)에 게시될 다양한 형태의 콘텐츠를 기획하고 제작하는 업무를 담당합니다. 아티스트의 컨셉과 활동에 맞춰 영상, 디자인, 사진 등 다채로운 비주얼 콘텐츠를 연출하고 편집 툴을 활용하여 직접 제작합니다. 기획된 콘텐츠를 각 SNS 플랫폼의 특성에 맞게 업로드하고 관리하며, 팬들과의 소통을 활성화하는 역할을 수행합니다.","영상, 디자인, 사진 전공자 또는 관련 직무 경력 5년 이하의 신입/경력직을 찾습니다. 영상 연출, 기획, 편집 등 콘텐츠 제작 경험이 필수이며, 영상 및 디자인 편집 툴 활용 능력이 우수해야 합니다. 틱톡, 릴스, 쇼츠 등 SNS 콘텐츠 기획, 제작, 업로드 경험이 풍부하고, 원활한 커뮤니케이션 스킬과 공감 능력을 갖춘 분을 선호합니다. 전반적인 대중문화 및 K-POP 트렌드에 대한 높은 이해도를 바탕으로 아티스트의 매력을 효과적으로 전달할 수 있는 인재를 우대합니다. 영어 커뮤니케이션 능력과 영상/사진 촬영 지식, 비주얼 감각을 보유한 분은 더욱 환영합니다.","[""트렌디"", ""창의적""]","회사: SM엔터테인먼트는 K-POP 아티스트 매니지먼트 및 음반, 공연, 영상 등 다양한 콘텐츠를 기획하고 제작하는 종합 엔터테인먼트 기업입니다.
직무 목적: 아티스트의 매력을 극대화하고 팬들과 소통하기 위한 소셜 미디어 콘텐츠를 기획하고 제작하여 아티스트의 활동을 홍보하고 팬덤을 강화하는 데 기여합니다.
주요 업무: 아티스트의 소셜 미디어 채널(틱톡, 릴스, 쇼츠 등)에 게시될 다양한 형태의 콘텐츠를 기획하고 제작하는 업무를 담당합니다. 아티스트의 컨셉과 활동에 맞춰 영상, 디자인, 사진 등 다채로운 비주얼 콘텐츠를 연출하고 편집 툴을 활용하여 직접 제작합니다. 기획된 콘텐츠를 각 SNS 플랫폼의 특성에 맞게 업로드하고 관리하며, 팬들과의 소통을 활성화하는 역할을 수행합니다.
인재상: 영상, 디자인, 사진 전공자 또는 관련 직무 경력 5년 이하의 신입/경력직을 찾습니다. 영상 연출, 기획, 편집 등 콘텐츠 제작 경험이 필수이며, 영상 및 디자인 편집 툴 활용 능력이 우수해야 합니다. 틱톡, 릴스, 쇼츠 등 SNS 콘텐츠 기획, 제작, 업로드 경험이 풍부하고, 원활한 커뮤니케이션 스킬과 공감 능력을 갖춘 분을 선호합니다. 전반적인 대중문화 및 K-POP 트렌드에 대한 높은 이해도를 바탕으로 아티스트의 매력을 효과적으로 전달할 수 있는 인재를 우대합니다. 영어 커뮤니케이션 능력과 영상/사진 촬영 지식, 비주얼 감각을 보유한 분은 더욱 환영합니다.",both,job_posting,SM엔터테인먼트 아티스트의 소셜 미디어 콘텐츠를 기획하고 제작하여 팬들과 소통하고 아티스트를 홍보하는 신입/경력 담당자를 채용합니다.,[]
312130,한국도로교통공단,[한국도로교통공단] 2026년도 상반기 체험형 청년인턴 채용공고,INTERN,"[한국도로교통공단] 2026년도 상반기 체험형 청년인턴 채용공고 [모집분야] - 일반공개경쟁 140명 - 사회형평적인재 55명 [채용절차] - 공고, 접수 > 서류전형 > 면접전형 > 인턴근무 (근로계약) [원서 접수일정] -","장애인 전형 | 기획/전략/경영 | 경영/사무 | 사무/총무/법무 | 사무보조/문서작성 | 사업기획 | 서비스기획/운영 | 신규사업/BD | 임원 (CEO/COO) | 전략기획 | 콘텐츠기획/운영 | M&A/타당성분석/사업제휴 | 총무 | 문서관리 | 인허가업무 | 비서 | 법무 | 비품/시설관리 | 특허/저작권업무 | 안내/리셉션 | 사무보조 | OA/문서작성 | 홈페이지관리 | 1. 우리 공단 인턴으로 지원한 동기 및 인턴기간 동안 이루고자 하는 본인의 목표에 대하여 설명하시오. (350자 이상 500자 이내) | 2. 공단 사업 중 관심분야는 무엇이고, 해당분야 근무 시 다른 사람과 차별화된 본인의 역량은? (350자 이상 500자 이내) | 3. 자신이 수행하는 업무에 대하여 팀원들의 의견이 다를 때 해결방법을 설명하시오. (350자 이상 500자 이내) | [한국도로교통공단] 2026년도 상반기 체험형 청년인턴 채용공고 | 자립준비청년 | 면허시험장",[],management_support,"[""planning_strategy""]","[""사무보조"", ""문서작성"", ""사업기획"", ""서비스기획/운영"", ""총무"", ""홈페이지관리""]","[""OA"", ""문서작성""]",[],public_ngo,전국,public_org,office,"[""인턴""]","[""문제해결 능력"", ""협업·팀워크"", ""실행력·업무처리 능력"", ""정보수집·분석 역량""]","한국도로교통공단은 도로교통 안전을 위한 교육, 연구, 기술 개발 및 면허 관리 등 다양한 사업을 수행하는 공공기관입니다.","이 체험형 청년인턴 직무는 공단의 행정 및 기획 업무를 지원하며, 청년들에게 공공기관의 실질적인 업무 경험을 제공하고 사회형평적 인재 채용을 통해 사회적 가치를 실현하는 데 기여합니다.","인턴은 주로 사무보조 및 문서작성 업무를 수행하며, 공단의 다양한 사업 기획 및 운영을 지원합니다. 서비스 기획 및 신규 사업 개발 과정에 참여하여 실무를 경험하고, 콘텐츠 기획 및 운영 업무를 보조합니다. 또한, 총무, 문서 관리, 인허가 업무 지원, 비품 및 시설 관리 등 일반적인 사무 업무를 담당하며, OA 활용 및 홈페이지 관리 업무를 통해 공단 운영에 기여합니다.",한국도로교통공단 사업에 대한 높은 관심과 인턴십 목표를 명확히 제시할 수 있는 인재를 찾습니다. 공단 사업 중 특정 관심 분야에 대한 이해와 차별화된 역량을 보유한 지원자를 우대합니다. 팀원들과 의견이 다를 때 효과적인 해결 방법을 제시하고 협력하여 문제를 해결할 수 있는 소통 및 문제해결 능력을 갖춘 인재를 선호합니다.,"[""안정"", ""사회적가치"", ""공공성""]","회사: 한국도로교통공단은 도로교통 안전을 위한 교육, 연구, 기술 개발 및 면허 관리 등 다양한 사업을 수행하는 공공기관입니다.
직무 목적: 이 체험형 청년인턴 직무는 공단의 행정 및 기획 업무를 지원하며, 청년들에게 공공기관의 실질적인 업무 경험을 제공하고 사회형평적 인재 채용을 통해 사회적 가치를 실현하는 데 기여합니다.
주요 업무: 인턴은 주로 사무보조 및 문서작성 업무를 수행하며, 공단의 다양한 사업 기획 및 운영을 지원합니다. 서비스 기획 및 신규 사업 개발 과정에 참여하여 실무를 경험하고, 콘텐츠 기획 및 운영 업무를 보조합니다. 또한, 총무, 문서 관리, 인허가 업무 지원, 비품 및 시설 관리 등 일반적인 사무 업무를 담당하며, OA 활용 및 홈페이지 관리 업무를 통해 공단 운영에 기여합니다.
인재상: 한국도로교통공단 사업에 대한 높은 관심과 인턴십 목표를 명확히 제시할 수 있는 인재를 찾습니다. 공단 사업 중 특정 관심 분야에 대한 이해와 차별화된 역량을 보유한 지원자를 우대합니다. 팀원들과 의견이 다를 때 효과적인 해결 방법을 제시하고 협력하여 문제를 해결할 수 있는 소통 및 문제해결 능력을 갖춘 인재를 선호합니다.",intern,internship_program,"한국도로교통공단 체험형 청년인턴 채용으로, 다양한 사무 및 기획 업무를 경험하며 공공기관 실무 역량을 쌓을 기회입니다.",[]
312107,전파시험인증센터,[전파시험인증센터] 2026년 제1차 국립전파연구원 전파시험인증센터 청년인턴 채용 공고,INTERN,"[전파시험인증센터] 2026년 제1차 국립전파연구원 전파시험인증센터 청년인턴 채용 공고 [담당업무] [전파시험인증센터] ㅇ 위탁 시험 업무 보조 ㅇ 시험 업무 보조 등 ㅇ 민원협력팀 업무지원 ㅇ 대역 및 밀리미터파 대역 측정 VHF 업무 지원 및 관련 업무 정리 등 (3GPP) ㅇ 행정업무 물품관리 등 지원 ( ) ㅇ 자료 분석 정리 등 , ㅇ 기타 기관이 지정하는 업무 등 [모집기간] 04월 01일 ~ 04월 09일 [채용공고]","전파방송통신 행정 | 경영/사무 | 기획/전략/경영 | 사무/총무/법무 | 인사/노무/교육 | 경리/회계/결산 | 재무/세무/IR | 사무보조/문서작성 | 지원 동기 및 진로 계획 해당 기관 및 직무에 지원하게 된 계기 향후 어떤 일을 하고 싶은지, 이 인턴 경험이 진로에 어떻게 도움이 되는지 서술 | 직무 관련 전문성 획득을 위한 활동 내용 지원한 분야 직무를 수행하는 데 필요한 지식이나 능력을 갖추기 위해 어떤 활동 및 노력을 해왔는지 구체적으로 서술 출신학교, 자격증, 시험(어학 등)성적 등은 언급하지 말고 행동과 경험 중심으로 작성 | 문제 해결 경험 일상생활, 학교, 아르바이트, 동아리 등 다양한 상황에서 문제를 인식하고 해결했던 경험 서술 어떤 방식으로 해결했는지와 그 결과가 어땠는지 중심으로 서술 | 소통 및 협업 능력 타인과 협력하여 성과를 낸 경험 서술 | 기대하는 점 및 각오 인턴십을 통해 배우고 싶은 점과 어떤 자세로 임할 것인지 서술 | [전파시험인증센터] 2026년 제1차 국립전파연구원 전파시험인증센터 청년인턴 채용 공고",[],management_support,[],"[""청년인턴"", ""위탁 시험 업무 보조"", ""민원협력팀 업무지원""]",[],[],electronics,unknown,public_org,unknown,"[""프로젝트"", ""아르바이트"", ""대외활동"", ""교내동아리""]","[""문제해결 능력"", ""커뮤니케이션 역량"", ""협업·팀워크""]","전파시험인증센터는 국립전파연구원 소속 기관으로, 전파방송통신 분야의 위탁 시험 및 인증 업무를 수행합니다.","이 인턴십은 전파방송통신 분야의 행정 및 시험 업무를 보조하며, 지원자가 관련 직무 경험을 쌓고 전문성을 개발할 기회를 제공합니다.","전파시험인증센터의 위탁 시험 업무를 보조하고, 시험 업무 전반에 걸쳐 지원합니다. 민원협력팀의 업무를 지원하며, VHF 대역 및 밀리미터파 대역 측정 업무를 보조하고 관련 자료를 정리합니다. 또한, 물품 관리 등 일반 행정 업무를 지원하고, 다양한 자료를 분석하고 정리하는 역할을 수행합니다. 이 외에도 기관이 지정하는 기타 업무를 처리하며 센터 운영에 기여합니다.","직무 관련 전문성을 갖추기 위해 노력하고 다양한 활동 경험을 보유한 인재를 찾습니다. 일상생활, 학교, 아르바이트, 동아리 등에서 문제를 인식하고 해결했던 경험이 있으며, 타인과 협력하여 성과를 낸 경험이 있는 분을 우대합니다. 지원 동기와 진로 계획을 명확히 제시하고, 인턴십을 통해 배우고 성장하려는 적극적인 자세를 가진 분을 환영합니다.",[],"회사: 전파시험인증센터는 국립전파연구원 소속 기관으로, 전파방송통신 분야의 위탁 시험 및 인증 업무를 수행합니다.
직무 목적: 이 인턴십은 전파방송통신 분야의 행정 및 시험 업무를 보조하며, 지원자가 관련 직무 경험을 쌓고 전문성을 개발할 기회를 제공합니다.
주요 업무: 전파시험인증센터의 위탁 시험 업무를 보조하고, 시험 업무 전반에 걸쳐 지원합니다. 민원협력팀의 업무를 지원하며, VHF 대역 및 밀리미터파 대역 측정 업무를 보조하고 관련 자료를 정리합니다. 또한, 물품 관리 등 일반 행정 업무를 지원하고, 다양한 자료를 분석하고 정리하는 역할을 수행합니다. 이 외에도 기관이 지정하는 기타 업무를 처리하며 센터 운영에 기여합니다.
인재상: 직무 관련 전문성을 갖추기 위해 노력하고 다양한 활동 경험을 보유한 인재를 찾습니다. 일상생활, 학교, 아르바이트, 동아리 등에서 문제를 인식하고 해결했던 경험이 있으며, 타인과 협력하여 성과를 낸 경험이 있는 분을 우대합니다. 지원 동기와 진로 계획을 명확히 제시하고, 인턴십을 통해 배우고 성장하려는 적극적인 자세를 가진 분을 환영합니다.",intern,internship_program,국립전파연구원 전파시험인증센터에서 전파방송통신 행정 및 시험 업무를 지원할 청년인턴을 모집합니다.,[]
312100,인피닉션,[인피닉션] 웹소설 영어 번역 검수 인턴,INTERN,"[인피닉션] 웹소설 영어 번역 검수 인턴 ~ 2026-04-30 모집부문 및 상세내용 웹소설 영어 번역 검수 채용 형태 - 인턴 담당업무 - AI 번역물의 품질을 완성시킵니다. 오역 및 오류를 검수하고, 기술이 놓친 문화적 뉘앙스를 살립니다. - 글로벌 독자 관점에서 번역물을 평가하고 피드백을 제공하여 차세대 AI 엔진 발전에 기여합니다. - 북미 시장 맞춤 현지화 기준을 세우고 K-웹소설의 글로벌 품질 스탠다드를 만들어갑니다. 우대조건 우대사항: 외국인(지원 가능 비자 : E-7 특정활동, F-2 거주, F-4 재외동포, F-5 영주, F-6 결혼이민) - 원어민급 영어 실력과 현지 문화에 대한 깊은 이해가 있으신 분이면 좋겠습니다. (원어민 선호) - 취미가 독서이거나 글을 읽는 속도가 빠른 분이면 좋겠습니다. - 웹툰, 웹소설 등 K-콘텐츠에 관심과 애정이 있어 장르별 특성을 이해하실 수 있는 분이면 좋겠습니다. - 꼼꼼함과 책임감으로 한 번 맡은 작품은 끝까지 완성도 높게 마무리하시는 분이면 좋겠습니다. 자격요건 학력 학력무관 근무조건 급여 회사 내규에 따름 신용보증기금빌딩 13층",,[],education,[],"[""웹소설 영어 번역 검수""]","[""영어""]","[""외국인"", ""독서"", ""빠른 독해력"", ""K-콘텐츠 이해"", ""웹툰 이해"", ""웹소설 이해""]",media_entertainment,서울,unknown,office,[],"[""문제해결 능력"", ""실행력·업무처리 능력"", ""정보수집·분석 역량"", ""학습·성장 역량"", ""글로벌·다문화 역량""]","인피닉션은 AI 번역 기술을 활용하여 웹소설의 글로벌 진출을 지원하며, K-웹소설의 현지화 및 품질 표준을 구축하는 데 주력합니다.","AI 번역물의 품질을 완성시키고, 글로벌 독자 관점에서 번역물을 평가하여 차세대 AI 엔진 발전에 기여하며, K-웹소설의 글로벌 품질 스탠다드를 만들어가는 역할입니다.","AI 번역물의 오역 및 오류를 검수하고, 기술이 놓친 문화적 뉘앙스를 살려 번역물의 품질을 완성합니다. 글로벌 독자 관점에서 번역물을 평가하고 피드백을 제공하여 차세대 AI 엔진 발전에 기여합니다. 북미 시장 맞춤 현지화 기준을 세우고 K-웹소설의 글로벌 품질 스탠다드를 만들어갑니다.","원어민급 영어 실력과 현지 문화에 대한 깊은 이해를 갖춘 분을 선호합니다. 독서를 즐기고 글을 빠르게 읽을 수 있으며, 웹툰, 웹소설 등 K-콘텐츠에 대한 관심과 장르별 특성 이해가 필요합니다. 꼼꼼함과 책임감을 바탕으로 맡은 작품을 높은 완성도로 마무리할 수 있는 인재를 찾습니다. 외국인 지원자도 환영합니다.","[""꼼꼼함"", ""책임감"", ""글로벌"", ""기술중심""]","회사: 인피닉션은 AI 번역 기술을 활용하여 웹소설의 글로벌 진출을 지원하며, K-웹소설의 현지화 및 품질 표준을 구축하는 데 주력합니다.
직무 목적: AI 번역물의 품질을 완성시키고, 글로벌 독자 관점에서 번역물을 평가하여 차세대 AI 엔진 발전에 기여하며, K-웹소설의 글로벌 품질 스탠다드를 만들어가는 역할입니다.
주요 업무: AI 번역물의 오역 및 오류를 검수하고, 기술이 놓친 문화적 뉘앙스를 살려 번역물의 품질을 완성합니다. 글로벌 독자 관점에서 번역물을 평가하고 피드백을 제공하여 차세대 AI 엔진 발전에 기여합니다. 북미 시장 맞춤 현지화 기준을 세우고 K-웹소설의 글로벌 품질 스탠다드를 만들어갑니다.
인재상: 원어민급 영어 실력과 현지 문화에 대한 깊은 이해를 갖춘 분을 선호합니다. 독서를 즐기고 글을 빠르게 읽을 수 있으며, 웹툰, 웹소설 등 K-콘텐츠에 대한 관심과 장르별 특성 이해가 필요합니다. 꼼꼼함과 책임감을 바탕으로 맡은 작품을 높은 완성도로 마무리할 수 있는 인재를 찾습니다. 외국인 지원자도 환영합니다.",intern,internship_program,인피닉션에서 웹소설 AI 영어 번역 검수 및 현지화 기준을 수립할 인턴을 모집합니다.,[]
312097,아이패밀리SC,[아이패밀리SC] [미디어파트] 콘텐츠 크리에이터 (신입~경력 3년 이하),"NEW, EXPERIENCED","[아이패밀리SC] [미디어파트] 콘텐츠 크리에이터 (신입~경력 3년 이하) [담당업무] -미주 중심의 글로벌 시장 소비자 공감 포인트 수집 및 아이디어, 가설 포맷으로 구체화 -다양한 포맷 (POV/B&A/How-to/소비자 참여) 기반 대본, 자막, 컷 구성 설계 및 실행 -인플루언서 섭외 및 시딩 운영을 위한 가이드라인 작성, 개선안 제안 - TikTok/Instagram/Youtube 채널별 특성을 반영한 커뮤니케이션 주관 -실행 결과 바탕의 효율적인 콘텐츠 포맷 검증, '한 번 더 보게 만드는' 훅과 톤앤매너 지속 개선 -숏폼 콘텐츠 등 2차 편집 영상 제작 -트렌드 기반 콘텐츠 기획 및 제작 -시딩 목표 달성을 위한 유관부서 및 에이전시 서포트 -기타 마케팅부문 성과를 높이기 위한 제반 업무 *담당 브랜드 : 롬앤, 누즈, rdrd [ [채용공고]",콘텐츠 크리에이터 | 마케팅/광고/홍보 | 마케팅/PR/분석 | 전시/컨벤션 | 자유양식 입니다. | [아이패밀리SC] [미디어파트] 콘텐츠 크리에이터 (신입~경력 3년 이하) | 마케팅전략/기획 | 광고기획 | 온라인마케팅 | 시장조사/분석 | 브랜드매니저 | 해외마케팅 | 언론홍보/PR | 설문/리서치,[],marketing,[],"[""콘텐츠 크리에이터""]","[""콘텐츠 기획"", ""콘텐츠 제작"", ""영상 편집"", ""TikTok"", ""Instagram"", ""Youtube"", ""인플루언서 마케팅""]",[],beauty_cosmetics,unknown,mid_corp,unknown,"[""프로젝트""]","[""창의·혁신 역량"", ""정보수집·분석 역량"", ""문제해결 능력"", ""커뮤니케이션 역량"", ""협업·팀워크""]","아이패밀리SC는 롬앤, 누즈, rdrd 등의 브랜드를 운영하며 미주 중심의 글로벌 시장에서 콘텐츠를 통해 소비자 공감대를 형성하는 뷰티 기업입니다.","이 직무는 미주 시장을 중심으로 글로벌 소비자의 공감 포인트를 발굴하고, 다양한 숏폼 콘텐츠를 기획 및 제작하여 브랜드 인지도를 높이고 마케팅 성과를 달성하는 데 기여합니다.","미주 중심의 글로벌 시장 소비자 공감 포인트를 수집하고 아이디어 및 가설 포맷으로 구체화합니다. POV, B&A, How-to, 소비자 참여 등 다양한 포맷 기반의 대본, 자막, 컷 구성을 설계하고 실행합니다. 인플루언서 섭외 및 시딩 운영을 위한 가이드라인을 작성하고 개선안을 제안하며, TikTok, Instagram, Youtube 등 채널별 특성을 반영한 커뮤니케이션을 주관합니다. 실행 결과를 바탕으로 효율적인 콘텐츠 포맷을 검증하고, '한 번 더 보게 만드는' 훅과 톤앤매너를 지속적으로 개선합니다. 숏폼 콘텐츠를 포함한 2차 편집 영상을 제작하고, 트렌드 기반 콘텐츠를 기획 및 제작합니다. 시딩 목표 달성을 위해 유관부서 및 에이전시를 서포트하며, 기타 마케팅 부문 성과를 높이기 위한 제반 업무를 수행합니다.","글로벌 시장의 소비자 트렌드를 이해하고 공감 포인트를 발굴하여 콘텐츠 아이디어로 구체화할 수 있는 인재를 찾습니다. TikTok, Instagram, Youtube 등 다양한 숏폼 채널의 특성을 이해하고, 채널별 맞춤형 콘텐츠를 기획 및 제작할 수 있어야 합니다. 대본 작성, 자막 및 컷 구성 설계 능력과 숏폼 콘텐츠 편집 경험이 요구되며, 인플루언서 섭외 및 시딩 운영 가이드라인을 제안하고 개선할 수 있는 역량을 갖춘 분을 우대합니다. 실행 결과를 바탕으로 콘텐츠 효율성을 검증하고 지속적으로 개선하는 분석적 사고와 '한 번 더 보게 만드는' 매력적인 훅과 톤앤매너를 개발하는 창의성을 중요하게 생각합니다.","[""글로벌"", ""트렌디"", ""데이터드리븐"", ""혁신""]","회사: 아이패밀리SC는 롬앤, 누즈, rdrd 등의 브랜드를 운영하며 미주 중심의 글로벌 시장에서 콘텐츠를 통해 소비자 공감대를 형성하는 뷰티 기업입니다.
직무 목적: 이 직무는 미주 시장을 중심으로 글로벌 소비자의 공감 포인트를 발굴하고, 다양한 숏폼 콘텐츠를 기획 및 제작하여 브랜드 인지도를 높이고 마케팅 성과를 달성하는 데 기여합니다.
주요 업무: 미주 중심의 글로벌 시장 소비자 공감 포인트를 수집하고 아이디어 및 가설 포맷으로 구체화합니다. POV, B&A, How-to, 소비자 참여 등 다양한 포맷 기반의 대본, 자막, 컷 구성을 설계하고 실행합니다. 인플루언서 섭외 및 시딩 운영을 위한 가이드라인을 작성하고 개선안을 제안하며, TikTok, Instagram, Youtube 등 채널별 특성을 반영한 커뮤니케이션을 주관합니다. 실행 결과를 바탕으로 효율적인 콘텐츠 포맷을 검증하고, '한 번 더 보게 만드는' 훅과 톤앤매너를 지속적으로 개선합니다. 숏폼 콘텐츠를 포함한 2차 편집 영상을 제작하고, 트렌드 기반 콘텐츠를 기획 및 제작합니다. 시딩 목표 달성을 위해 유관부서 및 에이전시를 서포트하며, 기타 마케팅 부문 성과를 높이기 위한 제반 업무를 수행합니다.
인재상: 글로벌 시장의 소비자 트렌드를 이해하고 공감 포인트를 발굴하여 콘텐츠 아이디어로 구체화할 수 있는 인재를 찾습니다. TikTok, Instagram, Youtube 등 다양한 숏폼 채널의 특성을 이해하고, 채널별 맞춤형 콘텐츠를 기획 및 제작할 수 있어야 합니다. 대본 작성, 자막 및 컷 구성 설계 능력과 숏폼 콘텐츠 편집 경험이 요구되며, 인플루언서 섭외 및 시딩 운영 가이드라인을 제안하고 개선할 수 있는 역량을 갖춘 분을 우대합니다. 실행 결과를 바탕으로 콘텐츠 효율성을 검증하고 지속적으로 개선하는 분석적 사고와 '한 번 더 보게 만드는' 매력적인 훅과 톤앤매너를 개발하는 창의성을 중요하게 생각합니다.",both,job_posting,"아이패밀리SC에서 롬앤, 누즈 등 뷰티 브랜드의 글로벌 시장 숏폼 콘텐츠를 기획, 제작, 운영할 콘텐츠 크리에이터를 모집합니다.",[]
312096,아이패밀리SC,[아이패밀리SC] [미디어파트] 기획 마케터 (신입~경력 3년 이하),"NEW, EXPERIENCED","[아이패밀리SC] [미디어파트] 기획 마케터 (신입~경력 3년 이하) [담당업무] 미주 중심의 글로벌 시장 소비자 공감 포인트 수집 및 아이디어, 가설 포맷으로 구체화 -다양한 포맷 (POV/B&A/How-to/소비자 참여) 기반 대본, 자막, 컷 구성 설계 및 실행 -인플루언서 섭외 및 시딩 운영을 위한 가이드라인 작성, 개선안 제안 -TikTok/Instagram/Youtube 채널별 특성을 반영한 커뮤니케이션 주관 -실행 결과 바탕의 효율적인 콘텐츠 포맷 검증, '한 번 더 보게 만드는' 훅과 톤앤매너 지속 개선 -작가적 역량 기반 소비자 공감 리서치, 아이디어 발산, 자막/카피/훅 문장 개발 및 시나리오 초안 작성 -시딩 콘텐츠 가이드 스크립트 작성 -시딩 목표 달성을 위한 유관부서 및 에이전시 서포트 -기타 마케팅부문 성과를 높이기 위한 제반 업무 -미국 틱톡 채널 기획 및 운영 *담당 브랜드 : 롬앤, 누즈, rdrd [ [채용공고]",기획 마케터 | 기획/전략/경영 | 경영/사무 | 사업기획 | 서비스기획/운영 | 신규사업/BD | 임원 (CEO/COO) | 전략기획 | 콘텐츠기획/운영 | M&A/타당성분석/사업제휴 | 사무/총무/법무 | 인사/노무/교육 | 경리/회계/결산 | 재무/세무/IR | 사무보조/문서작성 | 자유양식 입니다. | [아이패밀리SC] [미디어파트] 기획 마케터 (신입~경력 3년 이하),[],marketing,"[""planning_strategy""]","[""기획 마케터"", ""미디어파트""]","[""TikTok 운영"", ""Instagram 운영"", ""Youtube 운영"", ""대본 작성"", ""자막 작성"", ""컷 구성"", ""시나리오 작성"", ""카피라이팅"", ""리서치"", ""아이디어 발산""]",[],beauty_cosmetics,unknown,mid_corp,unknown,"[""프로젝트""]","[""고객·서비스 지향"", ""창의·혁신 역량"", ""문제해결 능력"", ""커뮤니케이션 역량"", ""실행력·업무처리 능력""]","아이패밀리SC는 롬앤, 누즈, rdrd 등의 브랜드를 운영하는 회사로, 미디어 파트에서 글로벌 시장을 대상으로 마케팅을 진행합니다.",미주 중심의 글로벌 시장에서 소비자의 공감을 얻는 콘텐츠를 기획하고 실행하여 브랜드 인지도와 마케팅 성과를 높이는 것이 이 직무의 목적입니다.,"미주 중심의 글로벌 시장 소비자 공감 포인트를 수집하고 아이디어와 가설 포맷으로 구체화합니다. 다양한 포맷(POV/B&A/How-to/소비자 참여) 기반의 대본, 자막, 컷 구성을 설계하고 실행하며, 인플루언서 섭외 및 시딩 운영을 위한 가이드라인을 작성하고 개선안을 제안합니다. TikTok, Instagram, Youtube 등 채널별 특성을 반영한 커뮤니케이션을 주관하고, 실행 결과 바탕으로 효율적인 콘텐츠 포맷을 검증하며 '한 번 더 보게 만드는' 훅과 톤앤매너를 지속 개선합니다. 작가적 역량을 기반으로 소비자 공감 리서치, 아이디어 발산, 자막/카피/훅 문장 개발 및 시나리오 초안을 작성하고, 시딩 콘텐츠 가이드 스크립트를 작성하며 시딩 목표 달성을 위해 유관부서 및 에이전시를 서포트합니다.","미주 중심의 글로벌 시장 소비자 공감 포인트를 찾아 아이디어로 구체화할 수 있는 분을 찾습니다. 다양한 콘텐츠 포맷에 대한 이해를 바탕으로 대본, 자막, 컷 구성 설계 및 실행 경험이 필요하며, 인플루언서 섭외 및 시딩 운영 가이드라인 작성 경험이 있다면 좋습니다. TikTok, Instagram, Youtube 등 소셜 미디어 채널별 특성을 이해하고 커뮤니케이션을 주관할 수 있어야 합니다. 작가적 역량을 통해 소비자 공감 리서치, 아이디어 발산, 자막/카피/훅 문장 개발 및 시나리오 초안 작성 능력을 갖춘 분을 우대합니다.",[],"회사: 아이패밀리SC는 롬앤, 누즈, rdrd 등의 브랜드를 운영하는 회사로, 미디어 파트에서 글로벌 시장을 대상으로 마케팅을 진행합니다.
직무 목적: 미주 중심의 글로벌 시장에서 소비자의 공감을 얻는 콘텐츠를 기획하고 실행하여 브랜드 인지도와 마케팅 성과를 높이는 것이 이 직무의 목적입니다.
주요 업무: 미주 중심의 글로벌 시장 소비자 공감 포인트를 수집하고 아이디어와 가설 포맷으로 구체화합니다. 다양한 포맷(POV/B&A/How-to/소비자 참여) 기반의 대본, 자막, 컷 구성을 설계하고 실행하며, 인플루언서 섭외 및 시딩 운영을 위한 가이드라인을 작성하고 개선안을 제안합니다. TikTok, Instagram, Youtube 등 채널별 특성을 반영한 커뮤니케이션을 주관하고, 실행 결과 바탕으로 효율적인 콘텐츠 포맷을 검증하며 '한 번 더 보게 만드는' 훅과 톤앤매너를 지속 개선합니다. 작가적 역량을 기반으로 소비자 공감 리서치, 아이디어 발산, 자막/카피/훅 문장 개발 및 시나리오 초안을 작성하고, 시딩 콘텐츠 가이드 스크립트를 작성하며 시딩 목표 달성을 위해 유관부서 및 에이전시를 서포트합니다.
인재상: 미주 중심의 글로벌 시장 소비자 공감 포인트를 찾아 아이디어로 구체화할 수 있는 분을 찾습니다. 다양한 콘텐츠 포맷에 대한 이해를 바탕으로 대본, 자막, 컷 구성 설계 및 실행 경험이 필요하며, 인플루언서 섭외 및 시딩 운영 가이드라인 작성 경험이 있다면 좋습니다. TikTok, Instagram, Youtube 등 소셜 미디어 채널별 특성을 이해하고 커뮤니케이션을 주관할 수 있어야 합니다. 작가적 역량을 통해 소비자 공감 리서치, 아이디어 발산, 자막/카피/훅 문장 개발 및 시나리오 초안 작성 능력을 갖춘 분을 우대합니다.",both,job_posting,아이패밀리SC 미디어파트에서 롬앤 등 브랜드를 위한 글로벌(미주) 시장 소셜 미디어 콘텐츠를 기획하고 실행할 기획 마케터를 채용합니다.,[]
312095,RXC,[RXC] 미디어사업 인턴,INTERN,"[RXC] 미디어사업 인턴 [담당업무] 글로벌 K-콘텐츠 이벤트 협업 제안서를 작성하고 리서치 업무를 수행합니다. 플랫폼 데이터 트래킹/성과 분석 기반 Data Driven 마케팅 전략 및 실행 계획을 수립합니다. 주최사/광고주 등 이해관계자와의 실무 커뮤니케이션 수행 및 현장 오퍼레이션을 지원합니다. PRIZM 온드미디어(인스타, X 등) 채널 기반 바이럴 캠페인을 수립하고 실행합니다. [ [채용공고]",,[],marketing,[],"[""미디어사업 인턴""]","[""데이터 분석"", ""마케팅 전략 수립"", ""Instagram"", ""X (Twitter)"", ""바이럴 마케팅"", ""제안서 작성"", ""리서치""]",[],media_entertainment,unknown,unknown,unknown,"[""인턴"", ""프로젝트""]","[""정보수집·분석 역량"", ""실행력·업무처리 능력"", ""커뮤니케이션 역량"", ""협업·팀워크""]",RXC는 글로벌 K-콘텐츠 이벤트를 기획하고 PRIZM 온드미디어를 운영하며 미디어 사업을 전개하는 회사입니다.,"이 직무는 글로벌 K-콘텐츠 이벤트 협업 제안서 작성 및 리서치, 데이터 기반 마케팅 전략 수립 및 실행, 이해관계자 커뮤니케이션 및 현장 지원, 온드미디어 바이럴 캠페인 기획 및 실행을 통해 RXC의 미디어 사업 성장에 기여합니다.","글로벌 K-콘텐츠 이벤트 관련 협업 제안서를 작성하고 필요한 리서치 업무를 수행합니다. 플랫폼 데이터 트래킹 및 성과 분석을 기반으로 Data Driven 마케팅 전략과 실행 계획을 수립합니다. 주최사 및 광고주 등 다양한 이해관계자와의 실무 커뮤니케이션을 원활하게 수행하며 현장 오퍼레이션을 지원합니다. PRIZM 온드미디어(인스타그램, X 등) 채널을 활용하여 바이럴 캠페인을 수립하고 직접 실행합니다.","글로벌 K-콘텐츠 이벤트에 대한 이해와 관심을 바탕으로 협업 제안서 작성 및 리서치 역량을 갖춘 인재를 찾습니다. 데이터 트래킹 및 성과 분석을 통해 마케팅 전략을 수립하고 실행할 수 있는 능력이 필요합니다. 다양한 이해관계자와의 원활한 실무 커뮤니케이션 능력과 현장 지원 경험이 우대됩니다. 인스타그램, X 등 소셜 미디어 채널을 활용한 바이럴 캠페인 기획 및 실행 경험이 있는 분을 선호합니다.",[],"회사: RXC는 글로벌 K-콘텐츠 이벤트를 기획하고 PRIZM 온드미디어를 운영하며 미디어 사업을 전개하는 회사입니다.
직무 목적: 이 직무는 글로벌 K-콘텐츠 이벤트 협업 제안서 작성 및 리서치, 데이터 기반 마케팅 전략 수립 및 실행, 이해관계자 커뮤니케이션 및 현장 지원, 온드미디어 바이럴 캠페인 기획 및 실행을 통해 RXC의 미디어 사업 성장에 기여합니다.
주요 업무: 글로벌 K-콘텐츠 이벤트 관련 협업 제안서를 작성하고 필요한 리서치 업무를 수행합니다. 플랫폼 데이터 트래킹 및 성과 분석을 기반으로 Data Driven 마케팅 전략과 실행 계획을 수립합니다. 주최사 및 광고주 등 다양한 이해관계자와의 실무 커뮤니케이션을 원활하게 수행하며 현장 오퍼레이션을 지원합니다. PRIZM 온드미디어(인스타그램, X 등) 채널을 활용하여 바이럴 캠페인을 수립하고 직접 실행합니다.
인재상: 글로벌 K-콘텐츠 이벤트에 대한 이해와 관심을 바탕으로 협업 제안서 작성 및 리서치 역량을 갖춘 인재를 찾습니다. 데이터 트래킹 및 성과 분석을 통해 마케팅 전략을 수립하고 실행할 수 있는 능력이 필요합니다. 다양한 이해관계자와의 원활한 실무 커뮤니케이션 능력과 현장 지원 경험이 우대됩니다. 인스타그램, X 등 소셜 미디어 채널을 활용한 바이럴 캠페인 기획 및 실행 경험이 있는 분을 선호합니다.",intern,internship_program,"RXC 미디어사업 인턴은 글로벌 K-콘텐츠 이벤트 협업 제안서 작성, 데이터 기반 마케팅 전략 수립 및 실행, 온드미디어 바이럴 캠페인 기획 및 실행을 담당합니다.","[""low_signal""]"
312094,알고케어,"[알고케어] Talent Acquisition Intern (3개월, 체험형)",INTERN,"[알고케어] Talent Acquisition Intern (3개월, 체험형) [담당업무] - 테크 및 사업직군 핵심 인재 다이렉트 소싱 (링크드인, 리멤버 등 활용) - 후보자 연락 및 커뮤니케이션 등 오퍼레이션 진행 - 채용 브랜딩을 위한 콘텐츠 작업 및 채용 홈페이지 관리 - 채용 성과를 높이기 위한 다양한 이니셔티브 발의 및 주도적 진행 - 직간접적인 HR 업무 서포트 (온보딩, 교육 등) [ [채용공고]",,[],hr,[],"[""Talent Acquisition Intern""]","[""링크드인"", ""리멤버"", ""콘텐츠 제작""]",[],bio_healthcare,unknown,startup,unknown,"[""인턴""]","[""커뮤니케이션 역량"", ""실행력·업무처리 능력"", ""문제해결 능력""]","알고케어는 기술 기반의 헬스케어 서비스를 제공하는 회사로, 테크 및 사업직군 핵심 인재 채용에 집중하고 있습니다.","이 직무는 알고케어의 핵심 인재 확보를 위해 다이렉트 소싱을 진행하고, 채용 브랜딩을 강화하여 회사의 성장에 기여하는 역할을 합니다.","주요 업무는 테크 및 사업직군 핵심 인재를 링크드인, 리멤버 등의 플랫폼을 활용하여 직접 발굴하고 소싱하는 것입니다. 또한, 후보자와의 원활한 연락 및 커뮤니케이션을 포함한 채용 오퍼레이션을 진행합니다. 채용 브랜딩 강화를 위한 콘텐츠를 제작하고 채용 홈페이지를 관리하며, 채용 성과 향상을 위한 다양한 이니셔티브를 주도적으로 발의하고 실행합니다. 이와 함께 온보딩 및 교육 등 직간접적인 HR 업무를 지원합니다.","핵심 인재 다이렉트 소싱에 대한 이해와 링크드인, 리멤버 등 채용 플랫폼 활용 능력을 갖춘 인재를 찾습니다. 후보자와의 원활한 커뮤니케이션 역량과 채용 브랜딩을 위한 콘텐츠 작업 경험이 있다면 좋습니다. 채용 성과 향상을 위한 주도적인 문제 해결 능력과 다양한 이니셔티브를 발의하고 실행할 수 있는 실행력을 중요하게 생각합니다. HR 업무에 대한 관심과 기본적인 서포트 역량을 갖춘 분을 우대합니다.","[""주도적"", ""성장지향""]","회사: 알고케어는 기술 기반의 헬스케어 서비스를 제공하는 회사로, 테크 및 사업직군 핵심 인재 채용에 집중하고 있습니다.
직무 목적: 이 직무는 알고케어의 핵심 인재 확보를 위해 다이렉트 소싱을 진행하고, 채용 브랜딩을 강화하여 회사의 성장에 기여하는 역할을 합니다.
주요 업무: 주요 업무는 테크 및 사업직군 핵심 인재를 링크드인, 리멤버 등의 플랫폼을 활용하여 직접 발굴하고 소싱하는 것입니다. 또한, 후보자와의 원활한 연락 및 커뮤니케이션을 포함한 채용 오퍼레이션을 진행합니다. 채용 브랜딩 강화를 위한 콘텐츠를 제작하고 채용 홈페이지를 관리하며, 채용 성과 향상을 위한 다양한 이니셔티브를 주도적으로 발의하고 실행합니다. 이와 함께 온보딩 및 교육 등 직간접적인 HR 업무를 지원합니다.
인재상: 핵심 인재 다이렉트 소싱에 대한 이해와 링크드인, 리멤버 등 채용 플랫폼 활용 능력을 갖춘 인재를 찾습니다. 후보자와의 원활한 커뮤니케이션 역량과 채용 브랜딩을 위한 콘텐츠 작업 경험이 있다면 좋습니다. 채용 성과 향상을 위한 주도적인 문제 해결 능력과 다양한 이니셔티브를 발의하고 실행할 수 있는 실행력을 중요하게 생각합니다. HR 업무에 대한 관심과 기본적인 서포트 역량을 갖춘 분을 우대합니다.",intern,internship_program,알고케어의 테크 및 사업직군 핵심 인재 채용을 위한 다이렉트 소싱 및 채용 브랜딩을 담당할 체험형 인턴을 모집합니다.,[]
312092,넷킬러,[넷킬러] Google Workspace 기술지원 실무 담당자 채용,NEW,"[넷킬러] Google Workspace 기술지원 실무 담당자 채용 ~ 채용 시 마감 모집부문 및 상세내용 엔지니어팀 (기술 및 보안지원, GCP 컨설팅) 채용 형태 - 신입 담당업무 1. Google Workspace 기술 지원 및 컨설팅 기업 고객의 Google Workspace 환경 구축을 지원합니다. 서비스 연동, 데이터 이전(마이그레이션), 기술 문제 해결 업무를 수행합니다. 국내외 고객사를 대상으로 원격 또는 현장 기술 지원과 컨설팅을 제공합니다. 2. 자동화 업무 개발 JavaScript, Java, Google API 등을 활용해 반복 업무를 자동화합니다. 최신 AI 서비스(Cursor AI, Gemini Ultra, Claude Code 등)를 업무에 적극 활용합니다. 고객 환경에 맞는 효율적인 업무 프로세스를 함께 만들어갑니다. 3. 보안 및 서비스 운영 역량 확대 Google Workspace 보안 환경을 점검하고, 더 안전한 운영 방안을 제안합니다. 기술 경험을 바탕으로 서비스 운영 방향이나 개선 방안을 기획합니다. 4. AI 및 고도화 프로젝트 참여 Google Cloud Gemini, 사내 AI 환경 등을 활용한 자동화 프로젝트에 참여합니다. 다양한 기술과 인프라를 활용해 실제 업무 문제를 해결하는 경험을 쌓습니다. 자격요건 기본기를 바탕으로 꾸준히 성장해 나가고 싶은 분을 찾고 있습니다. 경력은 무관합니다. 신입부터 경력자까지, 새로운 기술을 배우고 성장하려는 의지가 있는 분을 환영합니다. 4년제 대학교 졸업(예정) 이상이신 분을 찾고 있습니다. 서버와 클라이언트가 어떻게 동작하는지 기본적인 이해가 있는 분이면 좋습니다. 복잡한 수준의 전문 지식보다는 시스템의 전체적인 흐름을 이해하는 것을 중요하게 생각합니다. JavaScript 또는 Java에 대한 기본적인 이해가 필요합니다. 이 포지션은 단순한 개발 업무보다는 Google API를 활용해 시스템을 연결하고 반복 업무를 자동화하는 일이 포함되어 있어 관련 기초 역량이 필요합니다. 영어로 기본적인 소통이 가능하신 분이면 좋습니다. 글로벌 팀이나 해외 고객사와 업무상 커뮤니케이션이 필요한 경우가 있습니다. 해외 출장에 결격사유가 없는 분을 찾고 있습니다. 연간 1~3개월 이내의 해외 일정이 발생할 수 있습니다. 우대사항 Google Workspace 관련 자격증이 있거나, 관련 직무에서 인턴 또는 실무 경험이 있으신 분 Azure 또는 Active Directory(AD) 운영이나 마이그레이션 경험이 있으신 분 GCP(Google Cloud Platform)를 활용해 프로젝트를 진행해 본 경험이 있으신 분 AI와 자동화 기술에 관심이 많은 분 Gemini, Vertex AI, Nvidia 장비 등 다양한 기술과 인프라를 활용해 업무 자동화나 AI 구현에 직접 도전해보고 싶은 분을 환영합니다. 문제를 그냥 넘기지 않고, 더 나은 방식으로 개선해보고 싶은 분 시스템을 스스로 개선하고, 코드를 통해 문제를 해결하는 과정에서 재미와 보람을 느끼시는 분과 잘 맞습니다. 장기적으로 커리어를 넓혀가고 싶은 분 기술 지원과 자동화 업무를 넘어, 보안 제품 기획 기술 보안 컨설팅 분야로 성장하고 싶은 분이라면 더욱 좋습니다. 자격요건 학력 대학졸업(4년) 이상 근무조건 급여 회사 내규에 따름 번길 20 판교 소프트웨어 드림센터 ~ 채용 시 마감 지원","엔지니어팀 (기술 및 보안지원, GCP 컨설팅) | IT/인터넷 | 웹개발 | 응용프로그램개발 | ERP/시스템개발/설계 | 네트워크/서버/보안 | DBA/데이터베이스 | 콘텐츠/사이트운영 | 웹기획/PM/웹마케팅 | HTML/퍼블리싱/UI개발 | QA | 게임 | 자유양식 입니다. | [넷킬러] Google Workspace 기술지원 실무 담당자 채용",[],software_dev,"[""consulting"", ""data_ai_ml""]","[""Google Workspace 기술지원 실무 담당자"", ""엔지니어팀 (기술 및 보안지원, GCP 컨설팅)""]","[""JavaScript"", ""Java"", ""Google API"", ""영어""]","[""Google Workspace 관련 자격증"", ""Azure"", ""Active Directory"", ""GCP"", ""AI"", ""자동화 기술"", ""Gemini"", ""Vertex AI"", ""Nvidia 장비""]",it_software,판교,mid_corp,office,"[""인턴"", ""프로젝트""]","[""학습·성장 역량"", ""문제해결 능력"", ""실행력·업무처리 능력"", ""전략·기획 역량""]","넷킬러는 기업 고객을 대상으로 Google Workspace 기술 지원 및 Google Cloud Platform(GCP) 컨설팅을 제공하는 IT 전문 기업입니다. 고객의 Google Workspace 환경 구축을 돕고, 서비스 연동, 데이터 이전, 기술 문제 해결을 지원합니다.","이 직무는 기업 고객의 Google Workspace 환경을 안정적으로 구축하고 운영하며, JavaScript, Java, Google API 등을 활용한 자동화 업무 개발과 최신 AI 기술 도입을 통해 고객의 효율적인 업무 프로세스 구축 및 보안 강화에 기여합니다.","Google Workspace 기술 지원 및 컨설팅을 통해 기업 고객의 환경 구축을 지원하고, 서비스 연동, 데이터 이전, 기술 문제 해결 업무를 수행합니다. JavaScript, Java, Google API 등을 활용하여 반복 업무를 자동화하는 개발을 진행하며, Cursor AI, Gemini Ultra, Claude Code 등 최신 AI 서비스를 업무에 적극 활용합니다. 또한, Google Workspace 보안 환경을 점검하고 안전한 운영 방안을 제안하며, 기술 경험을 바탕으로 서비스 운영 방향이나 개선 방안을 기획합니다. Google Cloud Gemini 및 사내 AI 환경을 활용한 자동화 프로젝트에 참여하여 다양한 기술과 인프라를 통해 실제 업무 문제를 해결하는 경험을 쌓습니다.","기본기를 바탕으로 꾸준히 성장하고 새로운 기술을 배우려는 의지가 있는 분을 찾습니다. 4년제 대학교 졸업(예정) 이상으로 서버와 클라이언트 동작 및 시스템 전체 흐름에 대한 기본적인 이해가 필요하며, JavaScript 또는 Java에 대한 기초 역량과 Google API 활용 능력이 중요합니다. 영어로 기본적인 소통이 가능하고 해외 출장에 결격사유가 없는 분을 우대합니다. Google Workspace 관련 자격증, Azure 또는 Active Directory(AD) 운영/마이그레이션 경험, GCP 프로젝트 경험이 있다면 더욱 좋습니다. AI와 자동화 기술에 관심이 많고, Gemini, Vertex AI, Nvidia 장비 등을 활용해 업무 자동화나 AI 구현에 직접 도전해보고 싶은 분, 그리고 문제를 개선하고 코드로 해결하는 과정에서 보람을 느끼며 기술 보안 컨설팅 분야로 성장하고 싶은 분을 환영합니다.","[""성장지향"", ""기술중심"", ""문제해결"", ""도전""]","회사: 넷킬러는 기업 고객을 대상으로 Google Workspace 기술 지원 및 Google Cloud Platform(GCP) 컨설팅을 제공하는 IT 전문 기업입니다. 고객의 Google Workspace 환경 구축을 돕고, 서비스 연동, 데이터 이전, 기술 문제 해결을 지원합니다.
직무 목적: 이 직무는 기업 고객의 Google Workspace 환경을 안정적으로 구축하고 운영하며, JavaScript, Java, Google API 등을 활용한 자동화 업무 개발과 최신 AI 기술 도입을 통해 고객의 효율적인 업무 프로세스 구축 및 보안 강화에 기여합니다.
주요 업무: Google Workspace 기술 지원 및 컨설팅을 통해 기업 고객의 환경 구축을 지원하고, 서비스 연동, 데이터 이전, 기술 문제 해결 업무를 수행합니다. JavaScript, Java, Google API 등을 활용하여 반복 업무를 자동화하는 개발을 진행하며, Cursor AI, Gemini Ultra, Claude Code 등 최신 AI 서비스를 업무에 적극 활용합니다. 또한, Google Workspace 보안 환경을 점검하고 안전한 운영 방안을 제안하며, 기술 경험을 바탕으로 서비스 운영 방향이나 개선 방안을 기획합니다. Google Cloud Gemini 및 사내 AI 환경을 활용한 자동화 프로젝트에 참여하여 다양한 기술과 인프라를 통해 실제 업무 문제를 해결하는 경험을 쌓습니다.
인재상: 기본기를 바탕으로 꾸준히 성장하고 새로운 기술을 배우려는 의지가 있는 분을 찾습니다. 4년제 대학교 졸업(예정) 이상으로 서버와 클라이언트 동작 및 시스템 전체 흐름에 대한 기본적인 이해가 필요하며, JavaScript 또는 Java에 대한 기초 역량과 Google API 활용 능력이 중요합니다. 영어로 기본적인 소통이 가능하고 해외 출장에 결격사유가 없는 분을 우대합니다. Google Workspace 관련 자격증, Azure 또는 Active Directory(AD) 운영/마이그레이션 경험, GCP 프로젝트 경험이 있다면 더욱 좋습니다. AI와 자동화 기술에 관심이 많고, Gemini, Vertex AI, Nvidia 장비 등을 활용해 업무 자동화나 AI 구현에 직접 도전해보고 싶은 분, 그리고 문제를 개선하고 코드로 해결하는 과정에서 보람을 느끼며 기술 보안 컨설팅 분야로 성장하고 싶은 분을 환영합니다.",both,job_posting,"넷킬러의 Google Workspace 기술지원 실무 담당자는 기업 고객의 Google Workspace 환경 구축 및 운영을 지원하고, 자동화 개발 및 AI 프로젝트 참여를 통해 기술적 문제 해결과 서비스 개선에 기여합니다.",[]
312086,유한킴벌리,[유한킴벌리] 서초연구소 Research Scientist (여성용품 제품개발) 신입 및 경력 채용,"NEW, EXPERIENCED","[유한킴벌리] 서초연구소 Research Scientist (여성용품 제품개발) 신입 및 경력 채용 ~ 2026-04-07 모집부문 및 상세내용 모집 부문 상세내용 서초연구소 Research Scientist (여성용품 제품개발) 담당업무 여성용품(팬티라이너, 입는 오버나이트, 생리대) 중심 제품 개발 및 혁신 미션을 수행합니다. 제품 개발 및 성능 개선 시장 소비자 공정에 대한 이해를 기반으로 신규 제품 개발 및 성능 개선 신규 자재 개발 및 완제품 적용을 위한 실험 설계 평가 및 Trial Run 수행 제품 컨셉 및 효능 원료 개발 마케팅 Claim 개발 및 Claim Substantiation 제품 안전성 검증 및 각종 테스트 수행 원가 절감 및 담당 브랜드의 LCM(Life Cycle Management) 업무 수행 중 장기 기술 개발 중 장기 제품 디자인, 소재 및 기술 개발 프로젝트 참여 협업 및 커뮤니케이션 마케팅, 제조, 품질, 국내 외 협력사, KC 인증 기관 등과의 유기적 협업 R&D Business 파트너사 등 다양한 Stakeholder와의 실질적 커뮤니케이션 업무 수행 채용형태 - 신입 우대조건 관련 전공 석사학위 소지자 국가보훈대상자(증빙 제출 시) 아래 경험 보유자 환영 신제품 개발 및 신규 공급업체 발굴/운영 경험 KC 등 인증 관련 기관과의 소통 경험 시장 트렌드 기반 신규 제품 제안 경험 자격요건 학력 대학졸업(4년) 이상 근무조건 급여 회사 내규에 따름 동원에프앤비빌딩 21층","서초연구소 Research Scientist (여성용품 제품개발) | 연구개발/설계 | 자동차/조선/기계 | 반도체/디스플레이 | 화학/에너지/환경 | 전기/전자/제어 | 기계설계/CAD/CAM | 통신기술/네트워크구축 | 바이오/제약/식품 | 자동차 | 조선 | 기계 | 반도체 | 디스플레이 | 화학 | 에너지 | 환경 | 화장품 | 전기/전기설비 | 전자 | 공정/품질/테스트 | 기계설계 | CAD | CAM | 바이오 | 제약 | 의약품 | 식품가공/개발 | 유한킴벌리에 지원하신 동기와, 입사 후 포부를 단기(5년 이내)와 장기(10년 이상)로 나누어 작성해 주세요. | 지원자님을 가장 잘 표현할 수 있는 성장 경험을 예를 들어 작성해 주세요. (학교생활, 인턴 아르바이트 경험, 직장 경험 등) | 데이터 분석 또는 AI 툴을 활용하여 학업, 업무, 또는 일상생활을 개선한 경험을 작성해 주세요. (활용한 툴, 적용 목적, 문제 해결 과정, 성과 및 배운 점을 포함) | 그동안 쌓아온 직무 경험과 인턴십을 포함한 실무 경험 전반을 작성해 주세요. 특히 해당 과정에서 발휘한 역량, 습득한 기술, 성과 등을 중심으로 소개해 주시면 좋습니다. | [유한킴벌리] 서초연구소 Research Scientist (여성용품 제품개발) 신입 및 경력 채용",[],rnd,[],"[""서초연구소 Research Scientist (여성용품 제품개발)""]",[],[],manufacturing,서울,large_corp,office,"[""인턴"", ""프로젝트"", ""학부연구생""]","[""협업·팀워크"", ""커뮤니케이션 역량"", ""디지털·기술 활용 역량"", ""문제해결 능력"", ""전략·기획 역량""]","유한킴벌리는 여성용품, 유아용품 등 다양한 생활용품을 생산하고 판매하는 기업입니다. 서초연구소는 제품 개발 및 혁신을 담당합니다.","여성용품 제품 개발 및 혁신을 통해 시장과 소비자의 니즈를 충족시키고, 제품의 성능과 안전성을 확보하여 브랜드 가치를 높이는 데 기여합니다.","여성용품(팬티라이너, 입는 오버나이트, 생리대) 중심의 제품 개발 및 혁신 미션을 수행합니다. 시장과 소비자, 공정에 대한 깊은 이해를 바탕으로 신규 제품을 개발하고 기존 제품의 성능을 개선합니다. 신규 자재 개발 및 완제품 적용을 위한 실험을 설계하고 평가하며, Trial Run을 수행합니다. 제품 컨셉 및 효능 원료를 개발하고 마케팅 Claim 개발 및 Claim Substantiation을 담당합니다. 제품 안전성 검증 및 각종 테스트를 수행하며, 원가 절감 및 담당 브랜드의 LCM(Life Cycle Management) 업무를 수행합니다. 중장기 기술 개발 및 제품 디자인, 소재 및 기술 개발 프로젝트에 참여하고, 마케팅, 제조, 품질, 국내외 협력사, KC 인증 기관 등 다양한 이해관계자와 유기적으로 협업하며 실질적인 커뮤니케이션을 진행합니다.","여성용품 제품 개발에 대한 열정과 전문성을 갖춘 신입 및 경력직 인재를 찾습니다. 관련 전공 석사학위 소지자를 우대하며, 신제품 개발 및 신규 공급업체 발굴/운영 경험이 있는 분을 환영합니다. KC 등 인증 관련 기관과의 소통 경험과 시장 트렌드 기반 신규 제품 제안 경험이 있다면 좋습니다. 데이터 분석 또는 AI 툴을 활용하여 문제 해결 경험이 있고, 다양한 이해관계자와 원활하게 협업하고 소통할 수 있는 역량을 갖춘 분을 선호합니다.",[],"회사: 유한킴벌리는 여성용품, 유아용품 등 다양한 생활용품을 생산하고 판매하는 기업입니다. 서초연구소는 제품 개발 및 혁신을 담당합니다.
직무 목적: 여성용품 제품 개발 및 혁신을 통해 시장과 소비자의 니즈를 충족시키고, 제품의 성능과 안전성을 확보하여 브랜드 가치를 높이는 데 기여합니다.
주요 업무: 여성용품(팬티라이너, 입는 오버나이트, 생리대) 중심의 제품 개발 및 혁신 미션을 수행합니다. 시장과 소비자, 공정에 대한 깊은 이해를 바탕으로 신규 제품을 개발하고 기존 제품의 성능을 개선합니다. 신규 자재 개발 및 완제품 적용을 위한 실험을 설계하고 평가하며, Trial Run을 수행합니다. 제품 컨셉 및 효능 원료를 개발하고 마케팅 Claim 개발 및 Claim Substantiation을 담당합니다. 제품 안전성 검증 및 각종 테스트를 수행하며, 원가 절감 및 담당 브랜드의 LCM(Life Cycle Management) 업무를 수행합니다. 중장기 기술 개발 및 제품 디자인, 소재 및 기술 개발 프로젝트에 참여하고, 마케팅, 제조, 품질, 국내외 협력사, KC 인증 기관 등 다양한 이해관계자와 유기적으로 협업하며 실질적인 커뮤니케이션을 진행합니다.
인재상: 여성용품 제품 개발에 대한 열정과 전문성을 갖춘 신입 및 경력직 인재를 찾습니다. 관련 전공 석사학위 소지자를 우대하며, 신제품 개발 및 신규 공급업체 발굴/운영 경험이 있는 분을 환영합니다. KC 등 인증 관련 기관과의 소통 경험과 시장 트렌드 기반 신규 제품 제안 경험이 있다면 좋습니다. 데이터 분석 또는 AI 툴을 활용하여 문제 해결 경험이 있고, 다양한 이해관계자와 원활하게 협업하고 소통할 수 있는 역량을 갖춘 분을 선호합니다.",both,job_posting,유한킴벌리 서초연구소에서 여성용품 제품 개발 및 혁신을 담당할 Research Scientist 신입 및 경력직을 채용합니다.,[]
312085,유한킴벌리,[유한킴벌리] 고객사업부문 플랫폼 마케터 신입 및 경력 채용,"NEW, EXPERIENCED","[유한킴벌리] 고객사업부문 플랫폼 마케터 신입 및 경력 채용 [모집직무] 고객사업부문 플랫폼 마케터 [담당업무] 맘큐 브랜드 전략 및 커뮤니케이션 기획 유아동/부모 타겟 기반 브랜드 포지셔닝 및 메시지 개발 시즌/테마 기반 캠페인 기획 및 실행 디지털 캠페인 기획 및 운영 Paid Media (Meta, Google, Naver 등) 캠페인 전략 수립 및 운영 캠페인 KPI 설계 및 성과 분석 (ROAS, CAC, LTV 등) 콘텐츠/크리에이티브 전략 및 기획 광고 소재 및 콘텐츠 방향성 기획 (영상, SNS 등) 내부 및 외부 이해관계자 협업 브랜드/Sales/CRM/에이전시 등과 협업하여 통합 캠페인 실행","고객사업부문 플랫폼 마케터 | 마케팅/PR/분석 | 마케팅/광고/홍보 | 마케팅전략/기획 | 광고기획 | 온라인마케팅 | 시장조사/분석 | 브랜드매니저 | 해외마케팅 | 언론홍보/PR | 설문/리서치 | 전시/컨벤션 | 유한킴벌리에 지원하신 동기와, 입사 후 포부를 단기(5년 이내)와 장기(10년 이상)로 나누어 작성해 주세요. | 지원자님을 가장 잘 표현할 수 있는 성장 경험을 예를 들어 작성해 주세요. (학교생활, 인턴 아르바이트 경험, 직장 경험 등) | 데이터 분석 또는 AI 툴을 활용하여 학업, 업무, 또는 일상생활을 개선한 경험을 작성해 주세요. (활용한 툴, 적용 목적, 문제 해결 과정, 성과 및 배운 점을 포함) | 그동안 쌓아온 직무 경험과 인턴십을 포함한 실무 경험 전반을 작성해 주세요. 특히 해당 과정에서 발휘한 역량, 습득한 기술, 성과 등을 중심으로 소개해 주시면 좋습니다. | [유한킴벌리] 고객사업부문 플랫폼 마케터 신입 및 경력 채용",[],marketing,[],"[""고객사업부문 플랫폼 마케터""]","[""데이터 분석"", ""AI 툴"", ""Meta Ads"", ""Google Ads"", ""Naver Ads"", ""ROAS"", ""CAC"", ""LTV""]",[],manufacturing,서울,large_corp,office,"[""인턴"", ""아르바이트"", ""프로젝트""]","[""문제해결 능력"", ""협업·팀워크"", ""전략·기획 역량"", ""정보수집·분석 역량""]","유한킴벌리는 국내 대표적인 생활용품 기업으로, 위생 및 개인 관리 제품을 제조하고 판매합니다.","이 직무는 유한킴벌리의 맘큐 브랜드 플랫폼 마케터로서, 유아동 및 부모 타겟의 브랜드 전략을 수립하고 디지털 캠페인을 기획 및 실행하여 브랜드 성장을 이끄는 역할을 합니다.","맘큐 브랜드의 전략을 수립하고 커뮤니케이션을 기획하며, 유아동 및 부모 타겟에 맞는 브랜드 포지셔닝과 메시지를 개발합니다. 시즌 및 테마 기반의 캠페인을 기획하고 실행하며, 디지털 캠페인을 운영합니다. Meta, Google, Naver 등 Paid Media 캠페인 전략을 수립하고 운영하며, ROAS, CAC, LTV 등의 KPI를 설계하고 성과를 분석합니다. 또한, 영상 및 SNS 콘텐츠 방향성을 포함한 광고 소재 및 콘텐츠 크리에이티브 전략을 기획하고, 브랜드, Sales, CRM, 에이전시 등 내부 및 외부 이해관계자와 협업하여 통합 캠페인을 실행합니다.","마케팅 직무 경험과 인턴십을 포함한 실무 경험을 보유한 인재를 찾습니다. 특히 데이터 분석 또는 AI 툴을 활용하여 학업이나 업무, 일상생활을 개선한 경험이 중요하며, 문제 해결 과정과 성과를 구체적으로 제시할 수 있어야 합니다. 디지털 캠페인 기획 및 운영, Paid Media 전략 수립 및 성과 분석 역량을 갖추고, 다양한 이해관계자와의 협업을 통해 통합 캠페인을 성공적으로 이끌 수 있는 분을 선호합니다.",[],"회사: 유한킴벌리는 국내 대표적인 생활용품 기업으로, 위생 및 개인 관리 제품을 제조하고 판매합니다.
직무 목적: 이 직무는 유한킴벌리의 맘큐 브랜드 플랫폼 마케터로서, 유아동 및 부모 타겟의 브랜드 전략을 수립하고 디지털 캠페인을 기획 및 실행하여 브랜드 성장을 이끄는 역할을 합니다.
주요 업무: 맘큐 브랜드의 전략을 수립하고 커뮤니케이션을 기획하며, 유아동 및 부모 타겟에 맞는 브랜드 포지셔닝과 메시지를 개발합니다. 시즌 및 테마 기반의 캠페인을 기획하고 실행하며, 디지털 캠페인을 운영합니다. Meta, Google, Naver 등 Paid Media 캠페인 전략을 수립하고 운영하며, ROAS, CAC, LTV 등의 KPI를 설계하고 성과를 분석합니다. 또한, 영상 및 SNS 콘텐츠 방향성을 포함한 광고 소재 및 콘텐츠 크리에이티브 전략을 기획하고, 브랜드, Sales, CRM, 에이전시 등 내부 및 외부 이해관계자와 협업하여 통합 캠페인을 실행합니다.
인재상: 마케팅 직무 경험과 인턴십을 포함한 실무 경험을 보유한 인재를 찾습니다. 특히 데이터 분석 또는 AI 툴을 활용하여 학업이나 업무, 일상생활을 개선한 경험이 중요하며, 문제 해결 과정과 성과를 구체적으로 제시할 수 있어야 합니다. 디지털 캠페인 기획 및 운영, Paid Media 전략 수립 및 성과 분석 역량을 갖추고, 다양한 이해관계자와의 협업을 통해 통합 캠페인을 성공적으로 이끌 수 있는 분을 선호합니다.",both,job_posting,"유한킴벌리 맘큐 브랜드의 플랫폼 마케터로서 디지털 캠페인 전략 수립 및 실행, 성과 분석을 통해 브랜드 성장을 이끌 인재를 채용합니다.",[]
312075,RXC,미디어사업 인턴,INTERN,"RXC는 국내 최초 리테일 미디어 플랫폼인 PRIZM 서비스를 운영하는 스타트업으로, '경험 소비' 영역을 중심으로 하여 다양한 오프라인 경험재(호텔, 여행 등) 뿐 아니라, 시상식, 공연, 페스티벌의 온오프라인 미디어 파트너사 역할을 수행하면서 사업을 확장해나가고 있습니다. 미디어사업팀 인턴은 전사 핵심 사업인 미디어 사업(K-POP, K-CONTENTS 시상식, 국내 인기 페스티벌 등 화제성 높은 오프라인 이벤트 기반 광고 상품 기획 및 수익 창출 사업)을 지원하는 업무를 수행합니다. IP/콘텐츠/엔터테인먼트 업계 사업에 참여하고, 전사 관점의 스타트업 사업 확장을 경험할 수 있는 좋은 기회이며, 유능한 인재들과 함께 일하며 소통하는 실무 경험을 쌓을 수 있습니다. 주요 업무 글로벌 K-콘텐츠 이벤트 협업 제안서를 작성하고 리서치 업무를 수행합니다. 플랫폼 데이터 트래킹/성과 분석 기반 Data Driven 마케팅 전략 및 실행 계획을 수립합니다. 주최사/광고주 등 이해관계자와의 실무 커뮤니케이션 수행 및 현장 오퍼레이션을 지원합니다. PRIZM 온드미디어(인스타, X 등) 채널 기반 바이럴 캠페인을 수립하고 실행합니다. 자격 요건 콘텐츠/IP/엔터테인먼트 산업에 관심이 있거나 진로를 고민 중인 대학생/취준생을 모십니다. PPT를 활용하여 시각적인 이해를 잘 시킬 수 있는 장표 작성 능력이 필요합니다. (PPT 포트폴리오 제출 필수) 오너십을 가지고 하나의 프로젝트를 기획부터 실행까지 전반을 경험하고 싶은 분을 찾습니다. 남성 지원자일 경우, 병역 의무 이행자로서 근무 기간 변동성 없는 분을 찾습니다. 우대 사항 스타트업, 방송국, 미디어 관련 기업, 소비재 관련 기업, 컨설팅 등에서 인턴십 경험을 보유한 분을 우대합니다. K-팬덤 문화에 애정이 있고 경험한 분을 선호합니다. PPT, Excel 등 문서 활용 능력이 우수하면 좋습니다. Adobe 포토샵, 프리미어 프로 활용 능력이 우수하면 좋습니다. 영어 커뮤니케이션이 능통하면 좋습니다. 고용 형태 인턴 (6개월 계약직) 전형 절차 서류심사 > 인터뷰 > 최종합격 자유양식으로 이력서(필수), PPT 활용 역량을 보여줄 수 있는 본인이 작성한 PPT 포트폴리오(필수) 제출해 주세요. 각 전형 안내는 모든 지원자에게 개별적으로 드립니다. 필요시 전형 과정이 추가되거나 변경될 수 있습니다. 근무 환경 선정릉역에서 도보 1분 거리 역세권 최고의 동료와 함께 성장할 수 있는 기회 아티스트/셀럽과 화제성 있는 트렌드를 경험할 수 있는 기회 영어 이름을 사용하고 수평적인 문화를 지향 자유로운 휴가 사용 점심식대, 그리고 무제한 커피/음료 지원 야근할 경우, 야근식대 및 택시 지원 업무 택시 지원 경조사 지원 명절 선물 제공 쾌적하고 여유있는 업무 공간 효율적인 업무 수행을 위한 최적의 장비 지원 WE ARE RXC RXC는 국내 최초 리테일 미디어 플랫폼인 PRIZM 서비스를 운영하는 스타트업으로, 다양한 투자 유치를 기반으로 소비재 유통, 미디어 광고, 브랜드 개발 등 다양한 영역의 사업을 확장하고자 합니다. PRIZM PRIZM은 사용자에게 브랜드의 이야기와 가치를 다채롭게 전달하는 '리테일 미디어 플랫폼'입니다. 우리는 사용자가 수많은 새로운 브랜드와 상품을 가장 쉽게 이해하고 경험해볼 수 있도록 돕습니다. 커머스의 새로운 대안으로서, 상품과 브랜드의 본질을 이해하고 구매할 수 있는 색다른 쇼핑 경험을 제공합니다. LEARN MORE About RXC APP Download PRIZM Insta RXC Recruit Insta PRIZM Design Brunch",,[],marketing,"[""planning_strategy""]","[""미디어사업팀 인턴""]","[""PPT"", ""PPT 포트폴리오""]","[""Excel"", ""Adobe 포토샵"", ""Adobe 프리미어 프로"", ""영어""]",media_entertainment,서울,startup,office,"[""프로젝트"", ""인턴""]","[""정보수집·분석 역량"", ""전략·기획 역량"", ""실행력·업무처리 능력"", ""커뮤니케이션 역량"", ""협업·팀워크""]","RXC는 국내 최초 리테일 미디어 플랫폼인 PRIZM 서비스를 운영하는 스타트업으로, '경험 소비' 영역을 중심으로 다양한 오프라인 경험재와 시상식, 공연, 페스티벌의 온오프라인 미디어 파트너사 역할을 수행하며 사업을 확장하고 있습니다.","미디어사업팀 인턴은 전사 핵심 사업인 K-POP, K-CONTENTS 시상식 및 국내 인기 페스티벌 등 화제성 높은 오프라인 이벤트 기반 광고 상품 기획 및 수익 창출 사업을 지원하는 업무를 수행합니다. 이를 통해 IP/콘텐츠/엔터테인먼트 업계 사업에 참여하고 스타트업의 사업 확장을 경험할 수 있습니다.","글로벌 K-콘텐츠 이벤트 협업 제안서를 작성하고 관련 리서치 업무를 수행합니다. 플랫폼 데이터 트래킹 및 성과 분석을 기반으로 Data Driven 마케팅 전략 및 실행 계획을 수립합니다. 주최사 및 광고주 등 이해관계자와의 실무 커뮤니케이션을 수행하고 현장 오퍼레이션을 지원합니다. PRIZM 온드미디어(인스타그램, X 등) 채널을 기반으로 바이럴 캠페인을 수립하고 실행합니다.","콘텐츠/IP/엔터테인먼트 산업에 관심이 있거나 진로를 고민 중인 대학생 및 취준생을 모십니다. PPT를 활용하여 시각적인 이해를 잘 시킬 수 있는 장표 작성 능력이 필수이며, PPT 포트폴리오 제출이 필요합니다. 오너십을 가지고 하나의 프로젝트를 기획부터 실행까지 전반을 경험하고 싶은 분을 찾습니다. 스타트업, 방송국, 미디어 관련 기업, 소비재 관련 기업, 컨설팅 등에서 인턴십 경험을 보유한 분을 우대하며, K-팬덤 문화에 애정이 있고 경험한 분을 선호합니다. PPT, Excel 등 문서 활용 능력과 Adobe 포토샵, 프리미어 프로 활용 능력이 우수하고 영어 커뮤니케이션이 능통한 분을 우대합니다.","[""성장"", ""수평적"", ""트렌디""]","회사: RXC는 국내 최초 리테일 미디어 플랫폼인 PRIZM 서비스를 운영하는 스타트업으로, '경험 소비' 영역을 중심으로 다양한 오프라인 경험재와 시상식, 공연, 페스티벌의 온오프라인 미디어 파트너사 역할을 수행하며 사업을 확장하고 있습니다.
직무 목적: 미디어사업팀 인턴은 전사 핵심 사업인 K-POP, K-CONTENTS 시상식 및 국내 인기 페스티벌 등 화제성 높은 오프라인 이벤트 기반 광고 상품 기획 및 수익 창출 사업을 지원하는 업무를 수행합니다. 이를 통해 IP/콘텐츠/엔터테인먼트 업계 사업에 참여하고 스타트업의 사업 확장을 경험할 수 있습니다.
주요 업무: 글로벌 K-콘텐츠 이벤트 협업 제안서를 작성하고 관련 리서치 업무를 수행합니다. 플랫폼 데이터 트래킹 및 성과 분석을 기반으로 Data Driven 마케팅 전략 및 실행 계획을 수립합니다. 주최사 및 광고주 등 이해관계자와의 실무 커뮤니케이션을 수행하고 현장 오퍼레이션을 지원합니다. PRIZM 온드미디어(인스타그램, X 등) 채널을 기반으로 바이럴 캠페인을 수립하고 실행합니다.
인재상: 콘텐츠/IP/엔터테인먼트 산업에 관심이 있거나 진로를 고민 중인 대학생 및 취준생을 모십니다. PPT를 활용하여 시각적인 이해를 잘 시킬 수 있는 장표 작성 능력이 필수이며, PPT 포트폴리오 제출이 필요합니다. 오너십을 가지고 하나의 프로젝트를 기획부터 실행까지 전반을 경험하고 싶은 분을 찾습니다. 스타트업, 방송국, 미디어 관련 기업, 소비재 관련 기업, 컨설팅 등에서 인턴십 경험을 보유한 분을 우대하며, K-팬덤 문화에 애정이 있고 경험한 분을 선호합니다. PPT, Excel 등 문서 활용 능력과 Adobe 포토샵, 프리미어 프로 활용 능력이 우수하고 영어 커뮤니케이션이 능통한 분을 우대합니다.",intern,internship_program,"RXC는 리테일 미디어 플랫폼 PRIZM을 운영하는 스타트업으로, K-콘텐츠 기반 미디어 사업을 지원할 인턴을 모집합니다.",[]
312074,주식회사 스케일업글로벌,마케팅 컨설팅 스타트업 일본 주니어 마케터 채용 (화장품 / 건기식),NEW,[스케일업 글로벌] 마케팅 컨설팅 스타트업 일본 주니어 마케터 채용 (화장품 / 건기식) [담당업무] K-Beauty 관련 일본 인플루언서 시딩 및 운영 K-Beauty 관련 인플루언서 커뮤니케이션 및 조건 협의 마케팅 데이터 정리 및 성과 분석 리포트 [ [ 채용공고 ],,[],marketing,[],"[""일본 주니어 마케터""]","[""인플루언서 마케팅"", ""데이터 분석"", ""리포트 작성"", ""일본어""]",[],beauty_cosmetics,unknown,startup,unknown,"[""인턴"", ""프로젝트""]","[""커뮤니케이션 역량"", ""정보수집·분석 역량"", ""실행력·업무처리 능력""]",주식회사 스케일업글로벌은 K-Beauty 및 건기식 분야에서 마케팅 컨설팅 서비스를 제공하는 스타트업입니다.,일본 시장에서 K-Beauty 및 건기식 제품의 성공적인 마케팅을 위해 인플루언서 협업을 관리하고 마케팅 성과를 분석하여 비즈니스 성장에 기여하는 역할입니다.,"K-Beauty 관련 일본 인플루언서들을 발굴하고 시딩을 운영하며, 이들과의 원활한 커뮤니케이션을 통해 협업 조건을 조율합니다. 또한, 마케팅 활동에서 발생하는 데이터를 체계적으로 정리하고 성과를 분석하여 리포트를 작성하는 업무를 수행합니다.","K-Beauty 및 건기식 분야에 대한 이해를 바탕으로 일본 인플루언서 마케팅에 대한 관심과 경험을 가진 주니어 인재를 찾습니다. 데이터 정리 및 분석을 통해 마케팅 성과를 측정하고 개선하는 역량이 필요하며, 원활한 커뮤니케이션 능력을 갖춘 분을 우대합니다.",[],"회사: 주식회사 스케일업글로벌은 K-Beauty 및 건기식 분야에서 마케팅 컨설팅 서비스를 제공하는 스타트업입니다.
직무 목적: 일본 시장에서 K-Beauty 및 건기식 제품의 성공적인 마케팅을 위해 인플루언서 협업을 관리하고 마케팅 성과를 분석하여 비즈니스 성장에 기여하는 역할입니다.
주요 업무: K-Beauty 관련 일본 인플루언서들을 발굴하고 시딩을 운영하며, 이들과의 원활한 커뮤니케이션을 통해 협업 조건을 조율합니다. 또한, 마케팅 활동에서 발생하는 데이터를 체계적으로 정리하고 성과를 분석하여 리포트를 작성하는 업무를 수행합니다.
인재상: K-Beauty 및 건기식 분야에 대한 이해를 바탕으로 일본 인플루언서 마케팅에 대한 관심과 경험을 가진 주니어 인재를 찾습니다. 데이터 정리 및 분석을 통해 마케팅 성과를 측정하고 개선하는 역량이 필요하며, 원활한 커뮤니케이션 능력을 갖춘 분을 우대합니다.",new,job_posting,K-Beauty 및 건기식 분야 일본 시장을 대상으로 인플루언서 마케팅을 기획하고 성과를 분석하는 주니어 마케터 채용.,"[""short_text"", ""low_signal""]"
312071,"US Pharmatech, Inc.",[미국] 건강기능식품 제조회사 설비 채용,INTERN,"회사 - 한국에 본사를 두고 있는 건강기능식품 제조회사 - 미주법인은 2017년도 설립되어서 130명 직원 근무중 : 직원 중 한국계 20명 홈페이지 - 근무지역 - 미국 네바다주, Las Vegas : 근무지역 직원수 80명 모집 포지션 : 설비 현장 작업자가 아닌 관리 지원 역할로, 공정 인력 데이터를 종합적으로 관리하여 생산이 계획대로 안정적으로 진행되도록 지원하는 중요한 역할입니다. - 설비 및 시설 유지보수 총괄 : 생산 설비(Solid, Packing, Softgel Line) 및 시설 전반 유지보수 관리 : 전기, 기계, 공조(HVAC), 배관, 건물 설비 유지관리 : 예방정비(PM) 계획 수립 및 일정 관리 - 문제 해결 및 긴급 대응 : 설비 트러블 및 긴급 고장 대응 : 주요 설비 고장에 대한 원인 분석(RCA) 및 재발 방지 대책 수립 : 작업 우선순위 설정 및 긴급 수리 관리 - 인력 및 작업 관리 : 설비 유지보수 인력(Technician) 지도 및 감독 : 작업 지시, 작업 결과 검토 및 피드백 제공 : 안전 미팅 및 팀 미팅 진행 : 작업장(공구실, 설비 보관소) 정리 및 관리 - 문서 시스템 관리 : CMMS(설비관리시스템) 운영 및 작업 지시 관리 : 유지보수 기록 및 점검 이력 관리 : GMP 환경에 따른 유지보수 문서 관리 급여 - 시간당 20~25달러 근무시간 - 월~금요일, 오후 2시 25분~오후 11시 / 오전 6시 25분~오후 3시(8시간 근무, 교대 근무) - [진행절차] 1. 회사 및 미국인턴 관련 궁금한 사항은 하단에 연락처(전화, 카카오톡, 메일)를 통하여 문의 or 첨부하는 영문 이력서에 맞춰 이력서 작성 후 로 전달(이력서 확인 후 개별 연락하겠습니다.) 2. 지원에 필요한 서류 준비 - 영문 이력서, 대학&대학교 재학 또는 졸업증명서, 대학&대학교 성적증명서, 여권사본 등 3. 회사에 이력서 접수 4. 스카이프, 줌 등을 통한 화상면접 진행 5. 고용된 자에 한하여 미국 J-1비자를 받기위한 승인서류 발급절차 진행 6. 비자인터뷰 진행 7. 출국하여 근무시작 - 본 채용정보는 해외취업전문기업 워크브릿지( www.workbridge.co.kr )를 통하여 US Pharmatech, Inc.에 지원들어 갑니다. 서류 통과자에 한하여 면접이 진행되고, 면접에 합격하면 미국 J-1비자를 받아 출국하게 됩니다. J-1비자를 받기위한 승인서류 발급절차 진행은 워크브릿지가 진행하며, J-1비자를 받기위해 필요한 승인서류 발급비용은 개인이 부담합니다. - 수속비용 4,500달러(1년) / 5,100달러(1년 6개월) : 포함내역 - DS-7002, DS-2019, , SITE VISIT, 의료보험료 : 불 포함내역 - 비자인지(185달러) 구입, SEVIS(220달러) 편도 항공권 구입비용 - [문의 및 지원하기] - 전화 : // - 카톡 : heungchan - 메일 :",,"[""http://www.uspharmatech.com""]",manufacturing,"[""engineering_hw"", ""management_support""]","[""설비 채용"", ""설비 및 시설 유지보수 총괄"", ""공정 인력 데이터 관리""]","[""CMMS"", ""전기 설비 유지관리"", ""기계 설비 유지관리"", ""공조 설비 유지관리"", ""배관 설비 유지관리"", ""건물 설비 유지관리"", ""GMP""]",[],bio_healthcare,미국,foreign_corp,office,"[""인턴""]","[""문제해결 능력"", ""실행력·업무처리 능력"", ""리더십·팔로워십"", ""협업·팀워크""]","US Pharmatech, Inc.는 한국에 본사를 둔 건강기능식품 제조회사의 미주법인으로, 2017년에 설립되어 현재 130명의 직원이 근무하고 있습니다.",이 직무는 공정 인력 데이터를 종합적으로 관리하여 생산이 계획대로 안정적으로 진행되도록 지원하는 중요한 역할을 수행합니다.,"생산 설비(Solid, Packing, Softgel Line) 및 시설 전반의 유지보수를 총괄 관리하며, 전기, 기계, 공조(HVAC), 배관, 건물 설비의 유지관리를 담당합니다. 예방정비(PM) 계획을 수립하고 일정을 관리하며, 설비 트러블 및 긴급 고장에 대응하고 주요 설비 고장에 대한 원인 분석(RCA) 및 재발 방지 대책을 수립합니다. 또한, 작업 우선순위를 설정하고 긴급 수리를 관리하며, 설비 유지보수 인력(Technician)을 지도 및 감독하고 작업 지시, 결과 검토 및 피드백을 제공합니다. 안전 및 팀 미팅을 진행하고 작업장(공구실, 설비 보관소)을 정리 및 관리하며, CMMS(설비관리시스템)를 운영하고 유지보수 기록 및 점검 이력을 GMP 환경에 맞춰 문서로 관리합니다.","설비 및 시설 유지보수 관리 경험이 있거나 관련 지식을 보유한 인재를 찾습니다. 공정 인력 데이터 관리 및 생산 안정화에 기여할 수 있는 역량이 필요하며, CMMS 운영 및 GMP 환경에서의 문서 관리 능력을 갖춰야 합니다. 문제 해결 및 긴급 대응 능력을 보유하고, 유지보수 인력을 지도하고 협업할 수 있는 커뮤니케이션 역량을 갖춘 분을 우대합니다.","[""안정"", ""책임감"", ""문제해결""]","회사: US Pharmatech, Inc.는 한국에 본사를 둔 건강기능식품 제조회사의 미주법인으로, 2017년에 설립되어 현재 130명의 직원이 근무하고 있습니다.
직무 목적: 이 직무는 공정 인력 데이터를 종합적으로 관리하여 생산이 계획대로 안정적으로 진행되도록 지원하는 중요한 역할을 수행합니다.
주요 업무: 생산 설비(Solid, Packing, Softgel Line) 및 시설 전반의 유지보수를 총괄 관리하며, 전기, 기계, 공조(HVAC), 배관, 건물 설비의 유지관리를 담당합니다. 예방정비(PM) 계획을 수립하고 일정을 관리하며, 설비 트러블 및 긴급 고장에 대응하고 주요 설비 고장에 대한 원인 분석(RCA) 및 재발 방지 대책을 수립합니다. 또한, 작업 우선순위를 설정하고 긴급 수리를 관리하며, 설비 유지보수 인력(Technician)을 지도 및 감독하고 작업 지시, 결과 검토 및 피드백을 제공합니다. 안전 및 팀 미팅을 진행하고 작업장(공구실, 설비 보관소)을 정리 및 관리하며, CMMS(설비관리시스템)를 운영하고 유지보수 기록 및 점검 이력을 GMP 환경에 맞춰 문서로 관리합니다.
인재상: 설비 및 시설 유지보수 관리 경험이 있거나 관련 지식을 보유한 인재를 찾습니다. 공정 인력 데이터 관리 및 생산 안정화에 기여할 수 있는 역량이 필요하며, CMMS 운영 및 GMP 환경에서의 문서 관리 능력을 갖춰야 합니다. 문제 해결 및 긴급 대응 능력을 보유하고, 유지보수 인력을 지도하고 협업할 수 있는 커뮤니케이션 역량을 갖춘 분을 우대합니다.",intern,internship_program,"미국 건강기능식품 제조회사의 설비 관리 지원 인턴으로, 생산 설비 유지보수 총괄 및 인력 관리, 문서 시스템 운영을 담당합니다.",[]
312063,"Delice Global, Inc.",[미국] 글로벌 식품 유통 프랜차이즈 기업 품질관리팀 채용(비자 받으면 지원금 900만원 지급),INTERN,"회사 - 1988년 설립이래 미국, 유럽 등 세계 70여 개국에 진출한 글로벌 식품 유통 프랜차이즈 기업 : KIMS MAGIC POP, DELI POP, MINI POP, BOB POP 등 다양한 곡물류를 만드는 기계와 제빵기(DELIMANJOO, TOKYO TAIYAKI), 자동 포장기 등으로 프랜차이즈 사업을 확장 홈페이지 - https:// www.deliceglobal.com/ 근무지역 - 미국 뉴저지주, Palisades Park : 근무지역 직원수 30명 모집 포지션 : 품질관리팀 - 식품 공장 BRC (GFSI인증) / HACCP 프로그램 관리 - 제품 생산 / 출고의 Record Keeping (Log Book) - 생산 팀장 보조하여 Quality 관련한 데이터 관리 - BRC Audit시 생산 팀 및 운영팀 자료 작성 보조 업무 - 원료 (재료 / 패키지 등 기타 자재) 입고시 QC 업무 보조 급여 - 시간당 20달러 기타 - 주요 공휴일 및 추가 유급 휴가 5일 제공 근무시간 - 월~금요일, 오전 8시 30분~오후 5시 30분 - [진행절차] 1. 월드잡 사이트에서 온라인 지원하기 클릭 후 필요한 서류 등록 - 지원한 내용 확인 후 J비자에 결격사유가 없을 경우 개별 연락 드리겠습니다. 2. 지원에 필요한 서류 준비 - 영문 이력서, 대학&대학교 재학 또는 졸업증명서, 대학&대학교 성적증명서, 여권사본 등 3. 회사에 이력서 접수 4. 마이크로소프트 팀증, 줌 등을 통한 화상면접 진행 5. 고용된 자에 한하여 미국 J-1비자를 받기위한 승인서류 발급절차 진행 6. 비자인터뷰 진행 7. 산업인력공단에서 진행하는 사전교육(온라인) 25시간 진행 8. 출국하여 근무시작 9. 근무시작 후 급여 외 준비금(210만원 신청) 후 매달 150만원 체제비용 4개월 동안 신청, 4개월 후 수료금 90만원 신청 - 본 채용정보는 해외취업전문기업 워크브릿지( www.workbridge.co.kr )를 통하여 Delice Global, Inc.에 지원들어 갑니다. 서류 통과자에 한하여 면접이 진행되고, 면접에 합격하면 미국 J-1비자를 받아 출국하게 됩니다. J-1비자를 받기위한 승인서류 발급절차 진행은 워크브릿지가 진행하며, J-1비자를 받기위해 필요한 승인서류 발급비용은 개인이 부담합니다. 일경험 지원사업 참여기업으로 본 채용정보에 합격할 경우 급여 외 최대 900만원의 지원금 신청이 가능합니다.(준비금 210만원, 체제비 월 150만원 X 4개월, 수료금 90만원) - 수속비용 3,320달러(4개월), 4,500달러(1년) / 5,100달러(1년 6개월) : 포함내역 - DS-7002, DS-2019, , SITE VISIT, 의료보험료 : 불 포함내역 - 비자인지(185달러) 구입, SEVIS(220달러) 편도 항공권 구입비용 - [문의 및 지원하기] - 전화 : // - 카톡 : heungchan - 메일 :",,[],quality,[],"[""품질관리팀""]","[""BRC"", ""HACCP""]",[],food_beverage,미국,foreign_corp,office,"[""인턴"", ""프로젝트""]","[""실행력·업무처리 능력"", ""정보수집·분석 역량"", ""협업·팀워크""]","Delice Global, Inc.는 1988년 설립된 글로벌 식품 유통 프랜차이즈 기업으로, KIMS MAGIC POP, DELI POP, MINI POP, BOB POP 등 다양한 곡물류 기계와 제빵기, 자동 포장기 등을 통해 프랜차이즈 사업을 세계 70여 개국으로 확장하고 있습니다.","식품 공장의 품질 관리 시스템을 운영하고 제품 생산 및 출고 과정을 기록하며, 원료 입고 시 QC 업무를 보조하여 제품의 품질과 안전성을 확보하는 데 기여합니다.","품질관리팀은 식품 공장의 BRC (GFSI인증) 및 HACCP 프로그램을 관리합니다. 제품 생산 및 출고에 대한 기록(Log Book)을 유지하고, 생산 팀장을 보조하여 품질 관련 데이터를 관리합니다. 또한 BRC Audit 시 생산 팀 및 운영팀의 자료 작성을 보조하며, 원료(재료, 패키지 등 기타 자재) 입고 시 QC 업무를 보조하는 역할을 수행합니다.","식품 공장 품질 관리 및 BRC/HACCP 프로그램에 대한 이해를 갖춘 인재를 찾습니다. 제품 생산 및 출고 기록 유지, 품질 데이터 관리, 감사 자료 작성 보조, 원료 QC 업무 보조 등의 실무 역량을 보유해야 합니다. J-1 비자 취득에 결격 사유가 없어야 하며, 해외 근무에 대한 의지가 있는 분을 우대합니다.",[],"회사: Delice Global, Inc.는 1988년 설립된 글로벌 식품 유통 프랜차이즈 기업으로, KIMS MAGIC POP, DELI POP, MINI POP, BOB POP 등 다양한 곡물류 기계와 제빵기, 자동 포장기 등을 통해 프랜차이즈 사업을 세계 70여 개국으로 확장하고 있습니다.
직무 목적: 식품 공장의 품질 관리 시스템을 운영하고 제품 생산 및 출고 과정을 기록하며, 원료 입고 시 QC 업무를 보조하여 제품의 품질과 안전성을 확보하는 데 기여합니다.
주요 업무: 품질관리팀은 식품 공장의 BRC (GFSI인증) 및 HACCP 프로그램을 관리합니다. 제품 생산 및 출고에 대한 기록(Log Book)을 유지하고, 생산 팀장을 보조하여 품질 관련 데이터를 관리합니다. 또한 BRC Audit 시 생산 팀 및 운영팀의 자료 작성을 보조하며, 원료(재료, 패키지 등 기타 자재) 입고 시 QC 업무를 보조하는 역할을 수행합니다.
인재상: 식품 공장 품질 관리 및 BRC/HACCP 프로그램에 대한 이해를 갖춘 인재를 찾습니다. 제품 생산 및 출고 기록 유지, 품질 데이터 관리, 감사 자료 작성 보조, 원료 QC 업무 보조 등의 실무 역량을 보유해야 합니다. J-1 비자 취득에 결격 사유가 없어야 하며, 해외 근무에 대한 의지가 있는 분을 우대합니다.",intern,internship_program,"글로벌 식품 유통 프랜차이즈 기업 Delice Global의 미국 뉴저지 품질관리팀 인턴십으로, BRC/HACCP 관리 및 생산 품질 데이터 업무를 담당합니다.",[]
312061,SK플라즈마,[SK플라즈마] 의약품 영업 담당자(MR) 신입(전환형 인턴) 채용,INTERN,[SK플라즈마] 의약품 영업 담당자(MR) 신입(전환형 인턴) 채용 [직무] - 혈액제제 의약품 영업 (MR) [필수사항] - 학력 - 학사 이상 - 전공 - 무관 - 경력 - 무관 [전형 주의사항] - SKCT는 심층역량검사와 인지검사로 진행됩니다. - 26년 SKCT 기응시자의 경우 해당 성적으로 대체 및 금번 SKCT 대상자에서 제외될 수도 있습니다. - 전형 순서는 상황에 따라 변경될 수 있습니다. [,"의약품 영업 담당자(MR) | B2B영업 | B2B영업/기술영업 | 영업/고객상담 | 자신에게 주어졌던 일 중 가장 어려웠던 경험은 무엇이었습니까? 그 일을 하게 된 이유와 그때 느꼈던 감정, 진행하면서 가장 어려웠던 점과 그것을 극복하기 위해 했던 행동과 생각, 결과에 대해 최대한 구체적으로 작성해 주십시오. | 이제까지 가장 강하게 소속감을 느꼈던 조직은 무엇이었으며, 그 조직의 발전을 위해 헌신적으로 노력했던 것 중 가장 기억에 남는 경험은 무엇입니까? 개인적으로 더 많은 노력을 기울였던 일과 그 때 했던 행동과 생각, 결과에 대해 최대한 구체적으로 작성해 주십시오. | 자신에게 요구된 것보다 더 높은 목표를 스스로 세워 시도했던 경험 중 가장 기억에 남는 것은 무엇입니까? 목표 달성 과정에서 아쉬웠던 점이나 그 때 느꼈던 자신의 한계는 무엇이고, 이를 극복하기 위해 했던 행동과 생각, 결과에 대해 최대한 구체적으로 작성해 주십시오. | 기존과는 다른 방식을 시도하여 이전에 비해 조금이라도 개선했던 경험 중, 가장 효과적이었던 것은 무엇입니까? 그 방식을 시도했던 이유, 기존 방식과의 차이점, 진행 과정에서 했던 행동과 생각, 결과에 대해 최대한 구체적으로 작성해 주십시오. | SK 입사 후 어떤 일을 하고 싶으며, 이를 위해 본인이 무엇을 어떻게 준비해 왔는지 구체적으로 기술하십시오. | [SK플라즈마] 의약품 영업 담당자(MR) 신입(전환형 인턴) 채용",[],pharmaceutical_sales,[],"[""의약품 영업 담당자(MR)""]",[],[],pharmaceutical,unknown,large_corp,unknown,[],"[""문제해결 능력"", ""협업·팀워크"", ""실행력·업무처리 능력"", ""창의·혁신 역량"", ""학습·성장 역량""]",SK플라즈마는 혈액제제 의약품을 전문으로 개발하고 공급하는 회사입니다.,이 직무는 혈액제제 의약품의 영업을 담당하여 회사의 제품을 의료 시장에 효과적으로 공급하고 판매를 증대하는 데 기여합니다.,"주요 업무는 혈액제제 의약품의 영업 담당자(MR)로서 B2B 영업 활동을 수행하는 것입니다. 의료기관 및 관련 고객사를 대상으로 제품을 소개하고, 기술 영업을 통해 제품의 가치를 전달하며, 판매 목표 달성을 위해 적극적으로 시장을 개척하고 관리합니다. 고객과의 상담을 통해 니즈를 파악하고 솔루션을 제공하는 역할을 합니다.","학사 이상의 학력을 가진 지원자라면 전공 및 경력에 관계없이 지원 가능합니다. 특히, 어려운 문제를 해결하고, 조직에 강한 소속감을 가지고 헌신하며, 스스로 높은 목표를 설정하고 달성하기 위해 노력하는 인재를 찾습니다. 기존 방식에 얽매이지 않고 새로운 시도를 통해 개선을 이끌어낼 수 있는 역량을 갖춘 분을 우대합니다.",[],"회사: SK플라즈마는 혈액제제 의약품을 전문으로 개발하고 공급하는 회사입니다.
직무 목적: 이 직무는 혈액제제 의약품의 영업을 담당하여 회사의 제품을 의료 시장에 효과적으로 공급하고 판매를 증대하는 데 기여합니다.
주요 업무: 주요 업무는 혈액제제 의약품의 영업 담당자(MR)로서 B2B 영업 활동을 수행하는 것입니다. 의료기관 및 관련 고객사를 대상으로 제품을 소개하고, 기술 영업을 통해 제품의 가치를 전달하며, 판매 목표 달성을 위해 적극적으로 시장을 개척하고 관리합니다. 고객과의 상담을 통해 니즈를 파악하고 솔루션을 제공하는 역할을 합니다.
인재상: 학사 이상의 학력을 가진 지원자라면 전공 및 경력에 관계없이 지원 가능합니다. 특히, 어려운 문제를 해결하고, 조직에 강한 소속감을 가지고 헌신하며, 스스로 높은 목표를 설정하고 달성하기 위해 노력하는 인재를 찾습니다. 기존 방식에 얽매이지 않고 새로운 시도를 통해 개선을 이끌어낼 수 있는 역량을 갖춘 분을 우대합니다.",intern,job_posting,SK플라즈마 혈액제제 의약품 영업(MR) 신입 전환형 인턴 채용 공고입니다.,[]
312058,한국공항공사,[한국공항공사] 2026년 상반기 신입직원 공개채용,NEW,"[한국공항공사] 2026년 상반기 신입직원 공개채용 [모집분야] - 공고 이미지 참조 [근무조건] 고용형태 : 정규직(일근 또는 교대근무) 근무지역 : 한국공항공사 전 사업장 급여수준 : 우리 공사 직원연봉규정에 따름 [지원자격] 학력 및 전공 : 제한 없음 연령 및 성별 : 제한 없음(단, 연령의 경우 우리 공사 규정에 따른 정년(만 60세) 이내인 자) 병역 : 남성의 경우 병역필 또는 병역면제자 장애인 전형은 면접 합격발표일( 26.6.26. 예정), 일반전형은 2차 면접 합격 발표일( 26.6.26. 예정) 이전 전역(제대)예정자 지원 가능 기타 : 공사 인사규정 제19조(임용결격 사유)에 해당하지 않는 자 [",,[],unknown,[],[],[],[],logistics_transport,전국,public_org,unknown,[],[],한국공항공사는 대한민국 공항의 효율적인 관리 및 운영을 담당하는 공기업입니다.,"한국공항공사의 신입직원으로서 공항 운영 및 관리 업무에 기여하고, 공사의 비전 달성을 위한 다양한 직무를 수행합니다.","공항 운영 및 관리와 관련된 다양한 실무를 담당하며, 공사의 목표 달성을 위해 주어진 업무를 수행합니다. 이는 일반 행정, 시설 관리, 보안, 고객 서비스 등 여러 분야에 걸쳐 이루어질 수 있습니다. 신입직원으로서 직무 교육을 이수하고, 선배 직원들과 협력하여 공항의 안정적인 운영에 기여하게 됩니다.","학력, 전공, 연령, 성별에 제한 없이 지원 가능하며, 병역필 또는 병역면제자여야 합니다. 한국공항공사의 인사규정 제19조(임용결격 사유)에 해당하지 않는 자를 찾습니다. 공공기관으로서 책임감과 성실함을 갖춘 인재를 선호합니다.",[],"회사: 한국공항공사는 대한민국 공항의 효율적인 관리 및 운영을 담당하는 공기업입니다.
직무 목적: 한국공항공사의 신입직원으로서 공항 운영 및 관리 업무에 기여하고, 공사의 비전 달성을 위한 다양한 직무를 수행합니다.
주요 업무: 공항 운영 및 관리와 관련된 다양한 실무를 담당하며, 공사의 목표 달성을 위해 주어진 업무를 수행합니다. 이는 일반 행정, 시설 관리, 보안, 고객 서비스 등 여러 분야에 걸쳐 이루어질 수 있습니다. 신입직원으로서 직무 교육을 이수하고, 선배 직원들과 협력하여 공항의 안정적인 운영에 기여하게 됩니다.
인재상: 학력, 전공, 연령, 성별에 제한 없이 지원 가능하며, 병역필 또는 병역면제자여야 합니다. 한국공항공사의 인사규정 제19조(임용결격 사유)에 해당하지 않는 자를 찾습니다. 공공기관으로서 책임감과 성실함을 갖춘 인재를 선호합니다.",new,job_posting,"한국공항공사 2026년 상반기 신입직원 공개채용으로, 학력, 전공, 연령, 성별 제한 없이 전국 사업장에서 근무할 인재를 모집합니다.","[""low_signal""]"
312052,현대엠시트,[현대엠시트] 울산공장 건설계약직 채용,CONTRACT,[현대엠시트] 울산공장 건설계약직 채용 [직무상세] 공사 진척도 및 건설현장 관리 건축감리 관리감독 건축물 인허가 관리 건축공사 관계법령 검토 사용승인 및 준공허가 [관련학과 / 우대사항] 건설관련 경력 7년 이상 보유자 관련 자격증 소지자 [모집전형] - 서류전형 > 인적성전형 (HMAT) > 면접전형 > 신체검사 > 입사,"울산공장 | 인허가업무 | 사무/총무/법무 | 경영/사무 | 자재/재고관리 | 구매/자재/재고 | 무역/유통 | 구매관리 | 건축 | 건설/설계/인테리어 | 건설 | 현장관리 | 생활신조 및 직장 가치관에 대해 기술해 주시기 바랍니다. (최소 1자, 최대 700자 입력가능) | 지원한 직무의 지식/기술적 핵심역량은 무엇이며, 그 역량을 보유하기 위해 어떤 노력을 하셨습니까?(책임감, 꼼꼼함 등 태도와 관련된 요인 제외) (최소 1자, 최대 700자 입력가능) | 본인을 잘 표현하는 단어와 그 사유는? (최소 1자, 최대 700자 입력가능) | 지원한 직무 분야의 최신 트렌드에 대해 기술하고, 그에 대한 자신의 생각을 기술해 주세요. (최소 1자, 최대 700자 입력가능) | [현대엠시트] 울산공장 건설계약직 채용",[],manufacturing,"[""procurement""]","[""울산공장 건설계약직"", ""건축감리 관리감독"", ""건축물 인허가 관리""]",[],"[""건설 관련 자격증""]",construction,울산,large_corp,field,"[""프로젝트""]","[""실행력·업무처리 능력"", ""정보수집·분석 역량"", ""문제해결 능력""]","현대엠시트는 현대자동차그룹의 계열사로, 주로 자동차 시트 제조 사업을 영위하고 있으며, 울산공장의 건설 및 시설 관리를 담당합니다.","울산공장의 건설 프로젝트를 관리하고, 건축물 인허가 및 관계 법령 준수를 통해 공사의 원활한 진행과 준공을 책임집니다.","공사 진척도를 관리하고 건설 현장을 감독하며, 건축감리 업무를 수행합니다. 건축물 인허가 관련 업무를 처리하고, 건축공사 관계 법령을 검토하여 법규 준수를 확인합니다. 최종적으로 사용승인 및 준공허가 절차를 진행하여 프로젝트를 완료합니다.","건설 관련 분야에서 7년 이상의 경력을 보유한 전문가를 찾습니다. 건축감리, 인허가 관리, 관계 법령 검토 등 건설 프로젝트 전반에 대한 깊이 있는 지식과 실무 경험이 필수적입니다. 관련 자격증 소지자는 우대하며, 꼼꼼함과 책임감을 바탕으로 현장 관리 및 법규 준수 업무를 수행할 수 있는 인재를 선호합니다.",[],"회사: 현대엠시트는 현대자동차그룹의 계열사로, 주로 자동차 시트 제조 사업을 영위하고 있으며, 울산공장의 건설 및 시설 관리를 담당합니다.
직무 목적: 울산공장의 건설 프로젝트를 관리하고, 건축물 인허가 및 관계 법령 준수를 통해 공사의 원활한 진행과 준공을 책임집니다.
주요 업무: 공사 진척도를 관리하고 건설 현장을 감독하며, 건축감리 업무를 수행합니다. 건축물 인허가 관련 업무를 처리하고, 건축공사 관계 법령을 검토하여 법규 준수를 확인합니다. 최종적으로 사용승인 및 준공허가 절차를 진행하여 프로젝트를 완료합니다.
인재상: 건설 관련 분야에서 7년 이상의 경력을 보유한 전문가를 찾습니다. 건축감리, 인허가 관리, 관계 법령 검토 등 건설 프로젝트 전반에 대한 깊이 있는 지식과 실무 경험이 필수적입니다. 관련 자격증 소지자는 우대하며, 꼼꼼함과 책임감을 바탕으로 현장 관리 및 법규 준수 업무를 수행할 수 있는 인재를 선호합니다.",experienced,job_posting,현대엠시트 울산공장의 건설 프로젝트 전반을 관리하고 인허가 및 법규 준수를 책임질 7년 이상 경력의 건설계약직 채용.,[]
312051,주식회사 맞소잉,[인턴/부산 수영] 로컬 브랜드 '맞소잉'과 함께 성장할 온라인 쇼핑몰 & 콘텐츠 마케터 찾습니다 (3개월 인턴+@),INTERN,"[인턴/부산 수영] 온라인 쇼핑몰 운영 & 콘텐츠 마케터 찾습니다 업사이클 패브릭 제품 제조 판매, 온라인 쇼핑몰 운영 주요업무 [상세 업무 내용] 1. 관련 온라인 스토어(라이프스타일 소품, 패브릭 제품) 주문 확인, 상품 검수, 택배 포장 및 발송 준비를 지원합니다. 2. 스마트스토어 등 온라인 판매채널에 상품을 등록하고 상품명, 옵션, 가격, 상세설명, 대표이미지 등 상품정보를 정리 수정합니다. 3. 블로그 게시글을 작성하고 업로드하며, 제품 소개, 활용법, 시즌 추천, 브랜드 소식 등 반복형 콘텐츠를 운영합니다. 4. AI 툴을 활용(노션, 캔바, chatgpt, 나노바나나 등)해 반복적으로 필요한 블로그 초안과 콘텐츠 문안을 작성하고, 이를 브랜드 톤에 맞게 편집 정리합니다. 5. 인스타그램, 블로그, 상세페이지, 카드뉴스, 릴스 등 브랜드 홍보 콘텐츠 제작을 지원합니다. 6. 사진 및 영상 촬영 보조, 간단한 편집 업무를 수행합니다. 7. 브랜드 홍보용 사진 릴스 촬영이 있을 수 있으며, 관련 콘텐츠 제작에 함께 참여할 수 있는 분을 우대합니다. 8. 업사이클링 제품, 생활소품, 의료 생활소품, DIY 키트 관련 상품 정보와 레퍼런스 조사 및 간단한 문서 편집 업무를 수행합니다. 9. 소잉 업사이클 체험 프로그램 준비물 세팅, 재료 소분, 키트 구성, 현장 운영 보조를 수행합니다. 10. 행사, 수업, 납품 사례 사진 및 결과자료를 정리하고 아카이빙합니다. [근무조건] 1. 5월 1일(실 출근 5월 4일) ~ 7월 31일(3개월 인턴 후 정규직 협의) 2. 주말 및 공휴일 휴무이며, 출퇴근 시간 협의 가능(기본 9-6)합니다. 3. 월 1회 연차 제공합니다. 4. 온라인 작업과 오프라인 실무를 함께하므로 지루하지 않은 시간들이 될거예요. [필수 자격요건] 1. 만 18~39세 이하 청년 2. 학력 및 전공 무관 3. 온라인 기반 업무 및 기본적인 문서 작성이 가능한 분 4. 상품 검수, 포장, 출고, 자료 정리 등 반복 업무를 꼼꼼하게 수행할 수 있는 분 5. 사무실 환경에서 효율적인 공간 활용과 정리정돈의 중요성을 이해하고 실천할 수 있는 분 6. 블로그, SNS, 상세페이지 등 콘텐츠 작성 및 반복적인 상품 등록 업로드 업무 수행이 가능한 분 7. 원활한 의사소통과 협업이 가능한 분 [우대사항] 1. 소잉, 업사이클링, 라이프스타일 제품, 교육 프로그램 운영 분야에 관심 있는 분 우대 2. 스마트스토어, 블로그, 인스타그램 등 온라인 채널 운영 경험이 있는 분 우대 - 상품 등록, 상세페이지 수정, 온라인 쇼핑몰 관리 경험 - 블로그 작성, SNS 콘텐츠 기획, 카드뉴스 릴스 제작 1. Canva, CapCut 등 콘텐츠 제작 툴 활용 가능자 우대 2. ChatGPT, Gemini 등 AI 툴을 활용한 콘텐츠 작성 및 반복 업무 효율화 경험이 있는 분 우대 3. 사진 영상 촬영 보조 및 간단한 편집이 가능한 분 우대 4. 브랜드 홍보용 사진 릴스 촬영 참여가 가능한 분 우대 [복리후생] 1. 작은 규모의 브랜드인 만큼 다양한 실무를 가까이에서 경험할 수 있습니다. 2. 상품 기획, 온라인 판매, 콘텐츠 제작, 출고, 교육 행사 운영 등 브랜드 운영 전반을 직접 배우며 성장할 수 있습니다. 3. AI 툴, 온라인 판매채널, 블로그 SNS 콘텐츠 운영 등 실무 중심의 디지털 업무를 경험할 수 있습니다. 4. 본인의 강점과 관심 분야에 따라 단계적으로 업무 범위를 넓혀갈 수 있습니다. 5. 대표와 가까운 거리에서 소통하며 빠르게 피드백을 받고 업무를 익힐 수 있습니다. 6. 우대사항에 해당하지 않더라도 적극적인 태도로 배우며 단계적으로 업무를 익혀갈 수 있습니다. 마케팅 부서 소속으로 함께할 예정이에요. 자격요건 경력 무관 (신입 지원 가능) 대학졸업(2,3년)이상 근무조건 고용형태 : 계약직 3개월(정규직 전환 가능, 기간제) 급여 : 월급 230만원(식대 포함) 근무지 : 부산 수영구 무학로9번길 83, 2층 204호 근무일수/시간 : 주 5일 (월~금) 09:00~18:00 채용절차 16시 ~ 2026-04-15 24시 제출서류 : 자유양식 이력서, 이력서 및 자기소개서, 포트폴리오 형식 등 자유 , 이메일 접수",,[],marketing,[],"[""온라인 쇼핑몰 & 콘텐츠 마케터""]","[""온라인 업무"", ""문서 작성"", ""상품 검수"", ""택배 포장"", ""자료 정리"", ""블로그 작성"", ""SNS 콘텐츠 작성"", ""상세페이지 작성"", ""상품 등록""]","[""스마트스토어 운영"", ""블로그 운영"", ""인스타그램 운영"", ""온라인 쇼핑몰 관리"", ""SNS 콘텐츠 기획"", ""카드뉴스 제작"", ""릴스 제작"", ""Canva"", ""CapCut"", ""ChatGPT"", ""Gemini"", ""AI 툴 활용"", ""사진 촬영"", ""영상 촬영"", ""사진 편집"", ""영상 편집""]",retail_ecommerce,부산 수영,startup,flexible,"[""인턴"", ""프로젝트""]","[""실행력·업무처리 능력"", ""커뮤니케이션 역량"", ""협업·팀워크"", ""학습·성장 역량"", ""디지털·기술 활용 역량""]",주식회사 맞소잉은 업사이클 패브릭 제품을 제조 및 판매하며 온라인 쇼핑몰을 운영하는 로컬 브랜드입니다.,"이 직무는 맞소잉의 온라인 쇼핑몰 운영을 지원하고, 블로그, SNS 등 다양한 채널에서 브랜드 홍보 콘텐츠를 기획 및 제작하여 고객과의 소통을 강화하고 매출 증대에 기여합니다.","온라인 스토어의 주문 확인, 상품 검수, 택배 포장 및 발송 준비를 지원합니다. 스마트스토어 등 온라인 판매채널에 상품을 등록하고 상품명, 옵션, 가격, 상세설명, 대표이미지 등 상품정보를 정리 및 수정합니다. 블로그 게시글을 작성하고 업로드하며, 제품 소개, 활용법, 시즌 추천, 브랜드 소식 등 반복형 콘텐츠를 운영합니다. AI 툴(노션, 캔바, chatgpt, 나노바나나 등)을 활용하여 블로그 초안과 콘텐츠 문안을 작성하고 브랜드 톤에 맞게 편집합니다. 인스타그램, 블로그, 상세페이지, 카드뉴스, 릴스 등 다양한 채널의 브랜드 홍보 콘텐츠 제작을 지원하고, 사진 및 영상 촬영 보조와 간단한 편집 업무를 수행합니다. 업사이클링 제품, 생활소품, DIY 키트 관련 상품 정보와 레퍼런스를 조사하고 문서 편집 업무를 수행합니다. 소잉 업사이클 체험 프로그램의 준비물 세팅, 재료 소분, 키트 구성, 현장 운영 보조를 담당하며, 행사 및 수업 결과 자료를 정리하고 아카이빙합니다.","온라인 기반 업무와 기본적인 문서 작성이 가능하며, 상품 검수, 포장, 출고, 자료 정리 등 반복 업무를 꼼꼼하게 수행할 수 있는 청년 인재를 찾습니다. 사무실 환경에서 효율적인 공간 활용과 정리정돈의 중요성을 이해하고 실천하며, 블로그, SNS, 상세페이지 등 콘텐츠 작성 및 반복적인 상품 등록 업무 수행이 필수적입니다. 원활한 의사소통과 협업 능력을 갖추어야 합니다. 소잉, 업사이클링, 라이프스타일 제품, 교육 프로그램 운영에 관심이 있고, 스마트스토어, 블로그, 인스타그램 등 온라인 채널 운영 경험이 있다면 우대합니다. Canva, CapCut 등 콘텐츠 제작 툴과 ChatGPT, Gemini 등 AI 툴 활용 경험이 있으며, 사진 및 영상 촬영 보조 및 간단한 편집이 가능한 분을 선호합니다.","[""성장"", ""실무중심"", ""빠른피드백"", ""소통"", ""디지털·기술 활용"", ""다양한 경험""]","회사: 주식회사 맞소잉은 업사이클 패브릭 제품을 제조 및 판매하며 온라인 쇼핑몰을 운영하는 로컬 브랜드입니다.
직무 목적: 이 직무는 맞소잉의 온라인 쇼핑몰 운영을 지원하고, 블로그, SNS 등 다양한 채널에서 브랜드 홍보 콘텐츠를 기획 및 제작하여 고객과의 소통을 강화하고 매출 증대에 기여합니다.
주요 업무: 온라인 스토어의 주문 확인, 상품 검수, 택배 포장 및 발송 준비를 지원합니다. 스마트스토어 등 온라인 판매채널에 상품을 등록하고 상품명, 옵션, 가격, 상세설명, 대표이미지 등 상품정보를 정리 및 수정합니다. 블로그 게시글을 작성하고 업로드하며, 제품 소개, 활용법, 시즌 추천, 브랜드 소식 등 반복형 콘텐츠를 운영합니다. AI 툴(노션, 캔바, chatgpt, 나노바나나 등)을 활용하여 블로그 초안과 콘텐츠 문안을 작성하고 브랜드 톤에 맞게 편집합니다. 인스타그램, 블로그, 상세페이지, 카드뉴스, 릴스 등 다양한 채널의 브랜드 홍보 콘텐츠 제작을 지원하고, 사진 및 영상 촬영 보조와 간단한 편집 업무를 수행합니다. 업사이클링 제품, 생활소품, DIY 키트 관련 상품 정보와 레퍼런스를 조사하고 문서 편집 업무를 수행합니다. 소잉 업사이클 체험 프로그램의 준비물 세팅, 재료 소분, 키트 구성, 현장 운영 보조를 담당하며, 행사 및 수업 결과 자료를 정리하고 아카이빙합니다.
인재상: 온라인 기반 업무와 기본적인 문서 작성이 가능하며, 상품 검수, 포장, 출고, 자료 정리 등 반복 업무를 꼼꼼하게 수행할 수 있는 청년 인재를 찾습니다. 사무실 환경에서 효율적인 공간 활용과 정리정돈의 중요성을 이해하고 실천하며, 블로그, SNS, 상세페이지 등 콘텐츠 작성 및 반복적인 상품 등록 업무 수행이 필수적입니다. 원활한 의사소통과 협업 능력을 갖추어야 합니다. 소잉, 업사이클링, 라이프스타일 제품, 교육 프로그램 운영에 관심이 있고, 스마트스토어, 블로그, 인스타그램 등 온라인 채널 운영 경험이 있다면 우대합니다. Canva, CapCut 등 콘텐츠 제작 툴과 ChatGPT, Gemini 등 AI 툴 활용 경험이 있으며, 사진 및 영상 촬영 보조 및 간단한 편집이 가능한 분을 선호합니다.",intern,internship_program,로컬 업사이클 패브릭 브랜드 맞소잉에서 온라인 쇼핑몰 운영 및 콘텐츠 마케팅을 담당할 인턴을 모집합니다.,[]
312049,(주)삼구아이앤씨,스튜디오 톰보이 상품기획팀 사무보조 인턴 채용,INTERN,"스튜디오 톰보이 상품기획팀 사무보조 인턴 채용 신세계톰보이에서 근무하실 책임감 있고 유능한 인재를 모집합니다. - 홈페이지 www.studiotomboy.com 모집부문 및 자격요건 모집분야 업무내용 및 상세 요구조건 및 지원자격 스튜디오 톰보이 톰보이MD팀 인턴 1명 상품기획팀 사무보조 및 피팅업무 -성별무관, 피팅업무 가능자 -패션 브랜드 및 트렌드에 관심이 많으신 분 근무조건 근무장소 : 서울특별시 강남구 도산대로 420 청담스퀘어 톰보이 MD팀 상품기획파트 근무시작 예상일: 4/22 ~ (인수인계기간포함) ( 3개월 계약 이후 연장 협의 . 총 10개월 ) 월~금 09:00~17:00 (주말,공휴일 휴무) 7H근무 급여 : 1,888,590 원 ( 7H근무 기준 ) / 구내식당 식사무료제공 / 4대보험 / 연차 / 기타복지 등 삼구아이앤씨 소속 파견계약직 / 신세계톰보이 근무부서 표기 경력증명서 발급 가능 문의 : - 자유양식 이력서 및 자기소개서를 파일로 첨부 - 메일제목에 스튜디오톰보이 상품기획팀 사무보조 인턴 / 성명을 반드시 표기",,[],marketing,"[""management_support""]","[""스튜디오 톰보이 톰보이MD팀 인턴"", ""상품기획팀 사무보조"", ""피팅업무""]","[""피팅 업무""]","[""패션 트렌드 이해"", ""패션 브랜드 지식""]",fashion,서울,large_corp,office,"[""인턴""]","[""실행력·업무처리 능력"", ""정보수집·분석 역량""]","스튜디오 톰보이는 신세계톰보이에서 운영하는 패션 브랜드로, 이번 채용은 상품기획팀의 사무보조 인턴 포지션입니다.","상품기획팀의 원활한 운영을 지원하고, 피팅 업무를 통해 패션 상품의 완성도를 높이는 데 기여합니다.","스튜디오 톰보이 상품기획팀에서 사무보조 업무를 수행하며 팀 운영을 지원합니다. 또한, 신제품 개발 과정에서 피팅 모델로서 직접 의류를 착용하고, 착용감 및 핏에 대한 의견을 제공하여 상품의 완성도를 높이는 데 기여합니다.","성별 무관하게 피팅 업무가 가능한 분을 찾습니다. 패션 브랜드와 최신 트렌드에 대한 깊은 관심을 가진 분을 우대하며, 책임감 있고 유능한 태도로 업무에 임할 인재를 환영합니다.","[""책임감""]","회사: 스튜디오 톰보이는 신세계톰보이에서 운영하는 패션 브랜드로, 이번 채용은 상품기획팀의 사무보조 인턴 포지션입니다.
직무 목적: 상품기획팀의 원활한 운영을 지원하고, 피팅 업무를 통해 패션 상품의 완성도를 높이는 데 기여합니다.
주요 업무: 스튜디오 톰보이 상품기획팀에서 사무보조 업무를 수행하며 팀 운영을 지원합니다. 또한, 신제품 개발 과정에서 피팅 모델로서 직접 의류를 착용하고, 착용감 및 핏에 대한 의견을 제공하여 상품의 완성도를 높이는 데 기여합니다.
인재상: 성별 무관하게 피팅 업무가 가능한 분을 찾습니다. 패션 브랜드와 최신 트렌드에 대한 깊은 관심을 가진 분을 우대하며, 책임감 있고 유능한 태도로 업무에 임할 인재를 환영합니다.",intern,internship_program,신세계톰보이 스튜디오 톰보이 상품기획팀에서 사무보조 및 피팅 업무를 담당할 인턴을 채용합니다.,[]
312043,BNK투자증권,[BNK투자증권] 회계팀 세무 경력직 채용,CONTRACT,"[BNK투자증권] 회계팀 세무 경력직 채용 1. 모집부문 - 회계팀 세무 인력 : O명 2. 담당업무 - 세무회계(법인세, 교육세 등) - 세무조사 수검 대응 - 재무회계 결산 보조 3. 지원자격 - 증권업계 세무회계 업무 3년 이상 경력자 - 세무사 자격증 소지자 우대 - 장애인, 보훈대상자 우대 4. 모집조건 - 근무형태 : 계약직 - 급여 : 협의 - 직위 : 대리~과장급 (경력에 따른 직급 부여)","회계팀 세무 | 증권 | 증권/투자/펀드/외환 | 전문/특수직 | 재무/세무/IR | 경영/사무 | 회계 | 재무 | 세무 | IR | 회계감사 | 예산관리 | 현재까지 담당했던 업무 경험, 경력사항들과 입사 후 계획 및 목표에 대하여 기술해주세요. | 지원자 본인에 대하여 자유 방식으로 기술해주세요. | [BNK투자증권] 회계팀 세무 경력직 채용",[],finance_investment,[],"[""회계팀 세무 인력""]","[""세무회계""]","[""세무사 자격증""]",finance_fintech,unknown,large_corp,office,"[""프로젝트""]","[""실행력·업무처리 능력"", ""정보수집·분석 역량"", ""문제해결 능력""]","BNK투자증권은 BNK금융그룹의 계열사로, 증권 및 투자 관련 서비스를 제공하는 금융투자회사입니다.","이 직무는 증권업계의 세무회계 업무를 담당하며, 법인세 및 교육세 처리, 세무조사 대응을 통해 회사의 재무 건전성을 유지하고 법규를 준수하는 데 기여합니다.","주요 업무는 법인세, 교육세 등 세무회계 업무를 수행하고, 세무조사 수검에 대응하는 것입니다. 또한, 재무회계 결산 업무를 보조하여 회계팀의 전반적인 운영을 지원합니다.","증권업계에서 세무회계 업무를 3년 이상 수행한 경력자를 찾습니다. 세무사 자격증 소지자는 우대하며, 장애인 및 보훈대상자도 우대합니다.",[],"회사: BNK투자증권은 BNK금융그룹의 계열사로, 증권 및 투자 관련 서비스를 제공하는 금융투자회사입니다.
직무 목적: 이 직무는 증권업계의 세무회계 업무를 담당하며, 법인세 및 교육세 처리, 세무조사 대응을 통해 회사의 재무 건전성을 유지하고 법규를 준수하는 데 기여합니다.
주요 업무: 주요 업무는 법인세, 교육세 등 세무회계 업무를 수행하고, 세무조사 수검에 대응하는 것입니다. 또한, 재무회계 결산 업무를 보조하여 회계팀의 전반적인 운영을 지원합니다.
인재상: 증권업계에서 세무회계 업무를 3년 이상 수행한 경력자를 찾습니다. 세무사 자격증 소지자는 우대하며, 장애인 및 보훈대상자도 우대합니다.",contract,job_posting,BNK투자증권에서 증권업계 세무회계 경력직 계약직을 채용합니다.,[]
312040,샤크닌자코리아,외국계기업 인하우스 통/번역 인턴,INTERN,"미국 프리미엄 가전 브랜드 샤크닌자코리아 인하우스 통/번역 인턴 SharkNinja는 APAC 시장에서 사업을 확장하며 빠르게 성장하고 있습니다. 지난 6년간 Shark와 Ninja 두 브랜드는 탄탄한 혁신 파이프라인을 바탕으로 놀라운 성과를 이루어냈습니다. 이러한 성공을 기반으로 SharkNinja Korea 는 한국 시장에서의 성장 가속화를 위해 한국 팀을 지속적으로 강화해 나가고 있습니다. 모집부문 및 자격요건 모집 부문 담당업무 자격요건 인원 통역 [담당업무] - 영어 문서 번역 및 검수 - 다양한 비즈니스 회의에서의 동시 및 순차 통역 - 해외 고객 및 파트너와의 의사소통 지원 - 통번역 관련 자료 준비 및 관리 - 회사 내부 및 외부와의 원활한 소통을 위한 번역 서비스 제공 [근무부서 및 직급/직책] 근무부서: Operation Team 직책 : 인턴 [자격요건] -경력: 신입 -학력: 4년제 졸업 및 휴학자 가능 -직무기술: 순차통역, 영문번역, 영어통번역, 한영번역사, 영어통역, 물류시스템, SCM, OPERATION 기타: -로지스틱, 물류, 운송, 서플라이체인, SCM 관련 전공자 우대 -경영학과 전공자 우대 -대학교 휴학자 및 졸업 예정자 가능 [우대사항] 전공계열: 상경계열, 공학계열, 인문과학계열 근무조건 고용형태: 계약직(근무기간 6개월, 정규직 전환검토), 인턴(근무기간 6개월, 정규직 전환검토) 근무부서: Operation Team 인근지하철역: 서울2호선 역삼 (3번 출구에서 100m이내) 급여조건: 회사내규 전형단계 및 제출서류 전형단계: 서류전형 > 면접진행 (1차 채용팀, 2차 실무진) > 최종심사 > 최종합격 추가 제출서류 이력서, 자기소개서 서 및 제출서류에",,[],management_support,"[""logistics_scm""]","[""통역""]","[""순차통역"", ""영문번역"", ""영어통번역"", ""한영번역사"", ""영어통역"", ""물류시스템"", ""SCM"", ""OPERATION""]","[""SCM 지식"", ""물류 지식"", ""운송 지식"", ""경영학 지식""]",electronics,서울,foreign_corp,office,"[""프로젝트""]","[""커뮤니케이션 역량"", ""실행력·업무처리 능력""]","샤크닌자코리아는 미국 프리미엄 가전 브랜드 샤크닌자의 한국 법인으로, APAC 시장에서 빠르게 성장하며 한국 시장에서의 성장을 가속화하기 위해 팀을 강화하고 있습니다.","이 직무는 영어 문서 번역 및 비즈니스 회의 통역을 통해 해외 고객 및 파트너와의 원활한 의사소통을 지원하고, 회사 내부 및 외부의 소통을 효율적으로 제공하여 샤크닌자코리아의 글로벌 비즈니스 확장을 돕기 위해 필요합니다.","주요 업무는 영어 문서의 번역 및 검수를 수행하며, 다양한 비즈니스 회의에서 동시 및 순차 통역을 제공하는 것입니다. 또한, 해외 고객 및 파트너와의 의사소통을 적극적으로 지원하고, 통번역 관련 자료를 준비하고 관리합니다. 궁극적으로 회사 내부 및 외부와의 원활한 소통을 위한 전문적인 번역 서비스를 제공하게 됩니다.","신입 지원이 가능하며, 4년제 대학 졸업 또는 휴학 중인 분을 찾습니다. 순차통역, 영문번역, 영어통번역, 한영번역사, 영어통역 등 통번역 관련 직무 기술을 보유해야 합니다. 특히 로지스틱, 물류, 운송, 서플라이체인(SCM) 관련 전공자나 경영학과 전공자를 우대하며, 상경계열, 공학계열, 인문과학계열 전공자도 환영합니다. 원활한 커뮤니케이션 능력과 비즈니스 환경에서의 실행력을 갖춘 인재를 선호합니다.","[""글로벌"", ""성장 지향"", ""혁신""]","회사: 샤크닌자코리아는 미국 프리미엄 가전 브랜드 샤크닌자의 한국 법인으로, APAC 시장에서 빠르게 성장하며 한국 시장에서의 성장을 가속화하기 위해 팀을 강화하고 있습니다.
직무 목적: 이 직무는 영어 문서 번역 및 비즈니스 회의 통역을 통해 해외 고객 및 파트너와의 원활한 의사소통을 지원하고, 회사 내부 및 외부의 소통을 효율적으로 제공하여 샤크닌자코리아의 글로벌 비즈니스 확장을 돕기 위해 필요합니다.
주요 업무: 주요 업무는 영어 문서의 번역 및 검수를 수행하며, 다양한 비즈니스 회의에서 동시 및 순차 통역을 제공하는 것입니다. 또한, 해외 고객 및 파트너와의 의사소통을 적극적으로 지원하고, 통번역 관련 자료를 준비하고 관리합니다. 궁극적으로 회사 내부 및 외부와의 원활한 소통을 위한 전문적인 번역 서비스를 제공하게 됩니다.
인재상: 신입 지원이 가능하며, 4년제 대학 졸업 또는 휴학 중인 분을 찾습니다. 순차통역, 영문번역, 영어통번역, 한영번역사, 영어통역 등 통번역 관련 직무 기술을 보유해야 합니다. 특히 로지스틱, 물류, 운송, 서플라이체인(SCM) 관련 전공자나 경영학과 전공자를 우대하며, 상경계열, 공학계열, 인문과학계열 전공자도 환영합니다. 원활한 커뮤니케이션 능력과 비즈니스 환경에서의 실행력을 갖춘 인재를 선호합니다.",intern,internship_program,외국계 프리미엄 가전 브랜드 샤크닌자코리아에서 글로벌 비즈니스 소통을 지원할 인하우스 통/번역 인턴을 모집합니다.,[]
312039,삼진제약,[삼진제약] 2026년 보훈대상 제한경쟁 채용,CONTRACT,"[삼진제약] 2026년 보훈대상 제한경쟁 채용 [담당업무] - 준법관리 업무 지원 - 지출보고서 증빙자료 점검 및 관리 - ISO 37001, CP monitoring 등 준법 관련 행정업무 - 협회 신고/승인 관련 서류 작성 및 등록업무 - 업무활동 사전승인/사후보고 자료 정리 - 내/외부 문의응대 및 행정 업무 [지원자격] - 고졸 이상 - 관련 직무 경험 및 경력 보유자(3년 이하) [우대사항] - 책임감, 성실함, 문제해결력 보유자 - 상급 이상의 MS office 활용 능력 보유자 [고용형태] - 계약직(1년) 평가 후 정규직 전환 가능","CP | 법무 | 사무/총무/법무 | 경영/사무 | 사무보조 | 사무보조/문서작성 | 문서관리 | 본인의 성장과정 및 가치관을 작성해 주세요. (최소 500자, 최대 1,500자 입력가능) | 삼진제약과 해당 직무에 지원한 이유를 작성해 주세요. (최소 500자, 최대 1,500자 입력가능) | 본인의 경험을 바탕으로 직무 관련 강점을 작성해 주세요. (최소 500자, 최대 1,500자 입력가능) | 하고 싶은 말을 자유롭게 작성해 주세요. (최소 500자, 최대 1,500자 입력가능) | [삼진제약] 2026년 보훈대상 제한경쟁 채용",[],management_support,[],"[""CP"", ""법무"", ""사무보조"", ""준법관리 업무 지원""]",[],"[""MS office""]",pharmaceutical,unknown,mid_corp,office,"[""프로젝트""]","[""문제해결 능력"", ""실행력·업무처리 능력""]",삼진제약은 의약품 제조 및 판매를 주요 사업으로 하는 제약회사입니다.,이 직무는 준법 관리 및 다양한 행정 업무를 지원하여 회사의 원활한 운영과 규정 준수에 기여합니다.,"주요 업무는 준법관리 업무를 지원하며, 지출보고서의 증빙자료를 점검하고 관리하는 것입니다. 또한 ISO 37001 및 CP monitoring과 같은 준법 관련 행정업무를 수행하고, 협회 신고 및 승인 관련 서류를 작성하고 등록합니다. 업무 활동에 대한 사전 승인 및 사후 보고 자료를 정리하며, 내외부 문의에 응대하고 전반적인 행정 업무를 처리합니다.","고졸 이상의 학력을 갖추고 관련 직무 경험 및 경력을 3년 이하로 보유한 분을 찾습니다. 책임감과 성실함을 바탕으로 문제해결 능력을 발휘할 수 있는 인재를 우대하며, 상급 이상의 MS Office 활용 능력을 갖춘 분을 선호합니다.",[],"회사: 삼진제약은 의약품 제조 및 판매를 주요 사업으로 하는 제약회사입니다.
직무 목적: 이 직무는 준법 관리 및 다양한 행정 업무를 지원하여 회사의 원활한 운영과 규정 준수에 기여합니다.
주요 업무: 주요 업무는 준법관리 업무를 지원하며, 지출보고서의 증빙자료를 점검하고 관리하는 것입니다. 또한 ISO 37001 및 CP monitoring과 같은 준법 관련 행정업무를 수행하고, 협회 신고 및 승인 관련 서류를 작성하고 등록합니다. 업무 활동에 대한 사전 승인 및 사후 보고 자료를 정리하며, 내외부 문의에 응대하고 전반적인 행정 업무를 처리합니다.
인재상: 고졸 이상의 학력을 갖추고 관련 직무 경험 및 경력을 3년 이하로 보유한 분을 찾습니다. 책임감과 성실함을 바탕으로 문제해결 능력을 발휘할 수 있는 인재를 우대하며, 상급 이상의 MS Office 활용 능력을 갖춘 분을 선호합니다.",contract,job_posting,삼진제약의 준법 및 행정 업무를 지원할 계약직 직원을 채용합니다.,[]
312036,현대엔지니어링,[현대엔지니어링] 건축사업본부 토목공사관리 경력직(계약직) 인재영입,CONTRACT,"[현대엔지니어링] 건축사업본부 토목공사관리 경력직(계약직) 인재영입 [채용조건] 근무지 : 국내현장(전남 무안) 고용형태 : 계약직 직무 : 토목공사관리 [주요업무] 토목공사관리 발주처 대관업무 협력업체 관리 [지원자격 및 우대사항] 종심제 시공분야 배치기술자로 선임예정(고속철도) 시공(심사공종 교통시설), 동일공종(도로,교량,터널,공항,지하철,철도) 건설인 배치기준 1. 기술사 또는 기능장 2. 기사자격취득 후 해당 직무분야에 5년이상 조사한 사람 3. 건설기술진흥법 에 따른 건설기술인 가. 해당 직무분야의 특급기술인 나. 해당 직무분야의 고급기술인으로서 해당 공사와 같은 종류의 공사 현장에 배치되어 시공관리업무에 3년이상 종사한 사람 4. 산업기사 자격취득후 해당 직무분야에서 7년이상 종사한 사람 첨부서류 : 건설기술인 경력증명서","건축사업본부 토목공사관리 | 토목 | 토목/조경/도시/측량 | 건설 | 감리 | 시공/현장/감리/공무 | 건설현장 | 건축시공 | 1. 지원한 직무와 관련한 프로젝트 수행경험을 상세히 기술해 주십시오. | 2. 입사 후 수행하고자 하는 직무를 토대로, 현대엔지니어링에 어떠한 기여를 하고자 하는지 기술해 주십시오. | 경력사항과 보유기술에 대해 구체적으로 설명해주세요. | [현대엔지니어링] 건축사업본부 토목공사관리 경력직(계약직) 인재영입",[],engineering_hw,[],"[""토목공사관리""]","[""기술사"", ""기능장"", ""기사자격"", ""산업기사 자격"", ""건설기술인 경력증명서"", ""종심제 시공분야 배치기술"", ""시공(심사공종 교통시설)"", ""도로 시공"", ""교량 시공"", ""터널 시공"", ""공항 시공"", ""지하철 시공"", ""철도 시공"", ""건설기술진흥법""]",[],construction_real_estate,전남 무안,large_corp,field,"[""프로젝트""]","[""커뮤니케이션 역량"", ""협업·팀워크"", ""실행력·업무처리 능력""]",현대엔지니어링은 국내외에서 다양한 건설 및 엔지니어링 프로젝트를 수행하는 대기업입니다. 건축사업본부는 건축 및 토목 분야의 전문성을 바탕으로 사업을 추진하고 있습니다.,"본 직무는 건축사업본부 내 토목공사 관리를 담당하며, 발주처 및 협력업체와의 원활한 소통과 관리를 통해 프로젝트의 성공적인 완수를 목표로 합니다.","건축사업본부에서 토목공사 전반을 관리하며, 프로젝트의 성공적인 수행을 위해 핵심적인 역할을 담당합니다. 발주처와의 대관 업무를 수행하며 프로젝트 진행 상황을 공유하고 필요한 협의를 이끌어내어 원활한 소통을 보장합니다. 또한, 협력업체와의 긴밀한 관계를 유지하며 공사 진행을 감독하고, 현장에서 발생할 수 있는 다양한 이슈에 대한 해결책을 모색합니다. 품질 및 안전 관리를 철저히 하여 모든 공정이 기준에 부합하도록 관리하며, 이를 통해 토목공사가 계획대로 효율적으로 진행되도록 지원합니다.","고속철도 종심제 시공분야 배치기술자로 선임될 예정이거나, 시공(심사공종 교통시설) 및 동일공종(도로, 교량, 터널, 공항, 지하철, 철도) 건설인 배치기준을 충족하는 경력직 인재를 찾습니다. 기술사 또는 기능장 자격 소지자, 혹은 기사 자격 취득 후 해당 직무분야에서 5년 이상 종사한 경험이 필요합니다. 특급기술인 또는 고급기술인으로서 시공관리업무에 3년 이상 종사한 경험이 있거나, 산업기사 자격 취득 후 7년 이상 해당 직무분야에서 종사한 분을 우대합니다. 건설기술인 경력증명서 제출이 필수입니다.",[],"회사: 현대엔지니어링은 국내외에서 다양한 건설 및 엔지니어링 프로젝트를 수행하는 대기업입니다. 건축사업본부는 건축 및 토목 분야의 전문성을 바탕으로 사업을 추진하고 있습니다.
직무 목적: 본 직무는 건축사업본부 내 토목공사 관리를 담당하며, 발주처 및 협력업체와의 원활한 소통과 관리를 통해 프로젝트의 성공적인 완수를 목표로 합니다.
주요 업무: 건축사업본부에서 토목공사 전반을 관리하며, 프로젝트의 성공적인 수행을 위해 핵심적인 역할을 담당합니다. 발주처와의 대관 업무를 수행하며 프로젝트 진행 상황을 공유하고 필요한 협의를 이끌어내어 원활한 소통을 보장합니다. 또한, 협력업체와의 긴밀한 관계를 유지하며 공사 진행을 감독하고, 현장에서 발생할 수 있는 다양한 이슈에 대한 해결책을 모색합니다. 품질 및 안전 관리를 철저히 하여 모든 공정이 기준에 부합하도록 관리하며, 이를 통해 토목공사가 계획대로 효율적으로 진행되도록 지원합니다.
인재상: 고속철도 종심제 시공분야 배치기술자로 선임될 예정이거나, 시공(심사공종 교통시설) 및 동일공종(도로, 교량, 터널, 공항, 지하철, 철도) 건설인 배치기준을 충족하는 경력직 인재를 찾습니다. 기술사 또는 기능장 자격 소지자, 혹은 기사 자격 취득 후 해당 직무분야에서 5년 이상 종사한 경험이 필요합니다. 특급기술인 또는 고급기술인으로서 시공관리업무에 3년 이상 종사한 경험이 있거나, 산업기사 자격 취득 후 7년 이상 해당 직무분야에서 종사한 분을 우대합니다. 건설기술인 경력증명서 제출이 필수입니다.",contract,job_posting,현대엔지니어링 건축사업본부에서 토목공사 관리 및 대관 업무를 수행할 경력직 계약직 인재를 모집합니다.,[]
312034,티에이치엔,[티에이치엔] 무역업무 담당자 모집,"NEW, EXPERIENCED","[티에이치엔] 무역업무 담당자 모집 [모집분야] - 무역관리 담당자 [자격사항] - 대학 4년제 학사이상(무역, 국제통상학과 등 관련학과 전공자) - 원산지관리사 자격보유자 [우대사항] - 수출입 통관 및 무역 실무 경험자 - ERP, SAP 사용 경험 보유자 - 외국어 능통자(영어, 러시아어, 스패인어,중국어. 베트남어 등)","무역관리 | 경영/사무 | 영업/고객상담 | 기획/전략/경영 | 사무/총무/법무 | 인사/노무/교육 | 경리/회계/결산 | 재무/세무/IR | 사무보조/문서작성 | 일반영업 | B2B영업/기술영업 | 영업관리/지원/영업기획 | 판매/캐셔/매장관리 | 아웃바운드TM | 고객관리/인바운드 | [티에이치엔] 무역업무 담당자 모집 | ERP/더존 | 무역일반 | 무역영업/해외영업 | 무역/유통 | 무역사무/수출입 | 무역사무 | 수출입사무 | 무역영어 | 세관/통관 | 경리 | 결산 | 급여관리/4대보험 | 전표입력 | 부가세신고 | 해외영업 | 구매/자재/재고 | 상품기획/MD | 배송/택배/운전 | 화물/중장비 | 1. 지원동기와 입사 후 회사에서 이루고 싶은 꿈은 무엇인가요? | 2. 지원한 직무를 위해 필요한 역량은 무엇이라고 생각하며, 이 역량을 갖추기 위한 노력이나 자신만의 특별한 경험을 작성해 주세요. | 3. 다른 지원자 대비 본인만의 '차별화된 강점'과 '보완해야 할 약점'에 대해 사례를 들어 구체적으로 기술해 주세요. | 경력사항과 보유기술에 대해 구체적으로 설명해주세요.",[],logistics_scm,"[""sales""]","[""무역관리 담당자""]","[""원산지관리사""]","[""ERP"", ""SAP"", ""영어"", ""러시아어"", ""스페인어"", ""중국어"", ""베트남어"", ""수출입 통관"", ""무역 실무""]",logistics_transport,unknown,unknown,unknown,"[""프로젝트""]","[""글로벌·다문화 역량""]",티에이치엔은 무역 및 수출입 관련 업무를 수행하는 기업입니다.,회사의 원활한 수출입 활동을 지원하고 무역 관련 제반 업무를 효율적으로 관리하기 위해 필요합니다.,"무역관리 담당자는 회사의 수출입 업무 전반을 관리하며, 원산지 관리 및 통관 절차를 수행합니다. 또한, ERP/SAP 시스템을 활용하여 무역 관련 데이터를 처리하고, 해외 파트너와의 원활한 소통을 위해 외국어를 사용합니다. 무역 실무 경험을 바탕으로 효율적인 무역 프로세스를 구축하고 운영하는 역할을 담당합니다.","무역, 국제통상학과 등 관련학과 학사 학위 소지자로 원산지관리사 자격을 보유해야 합니다. 수출입 통관 및 무역 실무 경험이 있는 분을 우대하며, ERP 또는 SAP 사용 경험이 있으면 좋습니다. 영어, 러시아어, 스페인어, 중국어, 베트남어 등 외국어 능통자를 선호합니다.",[],"회사: 티에이치엔은 무역 및 수출입 관련 업무를 수행하는 기업입니다.
직무 목적: 회사의 원활한 수출입 활동을 지원하고 무역 관련 제반 업무를 효율적으로 관리하기 위해 필요합니다.
주요 업무: 무역관리 담당자는 회사의 수출입 업무 전반을 관리하며, 원산지 관리 및 통관 절차를 수행합니다. 또한, ERP/SAP 시스템을 활용하여 무역 관련 데이터를 처리하고, 해외 파트너와의 원활한 소통을 위해 외국어를 사용합니다. 무역 실무 경험을 바탕으로 효율적인 무역 프로세스를 구축하고 운영하는 역할을 담당합니다.
인재상: 무역, 국제통상학과 등 관련학과 학사 학위 소지자로 원산지관리사 자격을 보유해야 합니다. 수출입 통관 및 무역 실무 경험이 있는 분을 우대하며, ERP 또는 SAP 사용 경험이 있으면 좋습니다. 영어, 러시아어, 스페인어, 중국어, 베트남어 등 외국어 능통자를 선호합니다.",both,job_posting,티에이치엔에서 무역관리 및 수출입 업무를 담당할 원산지관리사 자격 보유자를 모집합니다.,[]
312031,에스디바이오센서,[SD바이오센서] [4월/신입경력/청담] 중남미 해외영업 담당 계약직 채용,CONTRACT,"[SD바이오센서] [4월/신입경력/청담] 중남미 해외영업 담당 계약직 채용 [모집직무] 중남미 영업관리 담당 [주요업무] - 주문 관리 및 선적 관련 딜러 커뮤니케이션 - PO 수취, 오더 컨펌 및 납기 준수, 조율 등 - 채권 및 단가 관리 - 영업 & SCM 업무 보조 - 유관부서 매출자료 대응 [자격요건] 학사 이상 신입 및 경력 3년 이하 [우대사항] 무역 관련 자격증 소지자",,[],sales,[],"[""중남미 영업관리 담당""]",[],"[""무역 관련 자격증""]",bio_healthcare,서울,mid_corp,unknown,[],"[""커뮤니케이션 역량"", ""실행력·업무처리 능력""]","에스디바이오센서는 체외진단 의료기기 및 진단 시약을 개발, 제조, 판매하는 글로벌 바이오 기업입니다.",중남미 지역의 해외 영업을 관리하고 지원하여 원활한 주문 처리와 채권 관리를 통해 회사의 글로벌 비즈니스 성과에 기여합니다.,"주문 관리 및 선적 관련 딜러 커뮤니케이션을 수행하며, PO 수취, 오더 컨펌 및 납기 준수, 조율 등의 업무를 담당합니다. 또한 채권 및 단가를 관리하고, 영업 및 SCM 업무를 보조하며, 유관 부서의 매출 자료 요청에 대응하는 역할을 수행합니다.",학사 학위 이상 소지자로서 신입 또는 경력 3년 이하의 지원자를 찾습니다. 무역 관련 자격증 소지자는 우대합니다.,[],"회사: 에스디바이오센서는 체외진단 의료기기 및 진단 시약을 개발, 제조, 판매하는 글로벌 바이오 기업입니다.
직무 목적: 중남미 지역의 해외 영업을 관리하고 지원하여 원활한 주문 처리와 채권 관리를 통해 회사의 글로벌 비즈니스 성과에 기여합니다.
주요 업무: 주문 관리 및 선적 관련 딜러 커뮤니케이션을 수행하며, PO 수취, 오더 컨펌 및 납기 준수, 조율 등의 업무를 담당합니다. 또한 채권 및 단가를 관리하고, 영업 및 SCM 업무를 보조하며, 유관 부서의 매출 자료 요청에 대응하는 역할을 수행합니다.
인재상: 학사 학위 이상 소지자로서 신입 또는 경력 3년 이하의 지원자를 찾습니다. 무역 관련 자격증 소지자는 우대합니다.",both,job_posting,"에스디바이오센서에서 중남미 해외영업 담당 계약직을 채용하며, 주문 및 채권 관리, 영업/SCM 보조 업무를 수행합니다.",[]
312029,피유코어,[피유코어] R&D본부 계약직사원 채용,CONTRACT,[피유코어] R&D본부 계약직사원 채용 [주요업무] - Polyol 제품 연구 업무 보조 - 기초 원재료 투입 - Sample 이송 및 관리 - 현장 정리정돈 및 안전관리 - 지게차 운전 및 드럼 이송 등 [공통 자격] - 남성의 경우 병역필 또는 면제자 - 해외여행 결격 사유가 없는 자 - 장애인 및 국가보훈대상자는 관련 법규에 의거 우대 - 고등학교 이상 졸업자 [ - 채용 관련 문의사항은 채용사이트의 Q&A를 이용하여 주시기 바랍니다.,"R&D본부 | 현장관리 | 건설/설계/인테리어 | 건설 | 화물/중장비 | 무역/유통 | 안전 | 시설/보안/경비/안전 | 서비스 | 자재관리 | 생산관리/공정관리/품질관리 | 생산/제조 | 내가 보는 '나' 그리고 가족, 친구, 동료들이 보는 '나'는 어떤 사람인가요? | 피유코어에 입사하고 싶은 이유와 준비과정을 구체적으로 작성해주세요. | 나의 경험 중 가장 보람찼던 경험은 무엇인가요? 그 이유와 과정을 구체적으로 작성해주세요. | 남들과는 다른 본인만의 강점은 무엇이며, 그 강점을 통해 이루어낸 경험은 무엇이 있는지 구체적으로 작성해주세요. | [피유코어] R&D본부 계약직사원 채용",[],rnd,"[""manufacturing""]","[""R&D본부 계약직사원"", ""Polyol 제품 연구 업무 보조""]","[""지게차 운전""]",[],chemical_material,unknown,mid_corp,field,[],"[""실행력·업무처리 능력""]",피유코어는 Polyol 제품 연구 및 생산을 하는 회사입니다.,Polyol 제품 연구를 보조하고 현장 관리 및 안전을 담당하여 R&D 활동을 지원하는 역할입니다.,"Polyol 제품 연구 업무를 보조하며, 기초 원재료를 투입하고 샘플을 이송 및 관리합니다. 또한, 현장 정리정돈과 안전관리를 수행하며, 지게차를 운전하여 드럼 이송 등의 업무를 담당합니다.","고등학교 이상 졸업자로, 병역을 필하거나 면제받고 해외여행에 결격 사유가 없는 분을 찾습니다. 현장 관리 및 안전에 대한 책임감을 가지고 업무를 수행할 수 있는 인재를 우대합니다.",[],"회사: 피유코어는 Polyol 제품 연구 및 생산을 하는 회사입니다.
직무 목적: Polyol 제품 연구를 보조하고 현장 관리 및 안전을 담당하여 R&D 활동을 지원하는 역할입니다.
주요 업무: Polyol 제품 연구 업무를 보조하며, 기초 원재료를 투입하고 샘플을 이송 및 관리합니다. 또한, 현장 정리정돈과 안전관리를 수행하며, 지게차를 운전하여 드럼 이송 등의 업무를 담당합니다.
인재상: 고등학교 이상 졸업자로, 병역을 필하거나 면제받고 해외여행에 결격 사유가 없는 분을 찾습니다. 현장 관리 및 안전에 대한 책임감을 가지고 업무를 수행할 수 있는 인재를 우대합니다.",contract,job_posting,피유코어 R&D본부에서 Polyol 제품 연구 보조 및 현장 관리를 담당할 계약직 사원을 채용합니다.,"[""short_text"", ""low_signal""]"
312027,알고케어,"Talent Acquisition Intern (3개월, 체험형)",INTERN,"Talent Acquisition Intern (3개월, 체험형) ~ 채용 시 마감 모집부문 및 상세내용 모집 부문 상세내용 Talent Acquisition Intern (3개월, 체험형) 담당업무 채용 플래닝부터 채용이 완료되는 시점까지의 Full Cycle 을 운영합니다. - 테크 및 사업직군 핵심 인재 다이렉트 소싱 (링크드인, 리멤버 등 활용) - 후보자 연락 및 커뮤니케이션 등 오퍼레이션 진행 - 채용 브랜딩을 위한 콘텐츠 작업 및 채용 홈페이지 관리 - 채용 성과를 높이기 위한 다양한 이니셔티브 발의 및 주도적 진행 - 직간접적인 HR 업무 서포트 (온보딩, 교육 등) 채용형태 - 인턴 3개월 자격요건 학력 대학교 재학생/휴학생/졸업 예정자 가능 근무조건 급여 시급 10,320원 (주휴수당 지급, 월 환산시 약 135만원) 근무시간 주 5일(월~금) 13:00 ~ 18:00 층 알고케어",,[],hr,[],"[""Talent Acquisition Intern""]","[""링크드인"", ""리멤버""]",[],ai_data,unknown,startup,office,[],"[""실행력·업무처리 능력"", ""커뮤니케이션 역량"", ""창의·혁신 역량"", ""문제해결 능력""]",알고케어는 핵심 인재 채용을 통해 사업 성장을 추구하는 기업입니다.,핵심 인재를 발굴하고 채용 프로세스를 효율적으로 운영하여 회사의 성장에 기여하는 것이 이 직무의 목적입니다.,"채용 플래닝부터 채용이 완료되는 시점까지의 Full Cycle을 운영합니다. 테크 및 사업직군 핵심 인재를 링크드인, 리멤버 등 다양한 플랫폼을 활용하여 다이렉트 소싱합니다. 후보자와 적극적으로 연락하고 커뮤니케이션하며 채용 오퍼레이션을 진행합니다. 채용 브랜딩을 위한 콘텐츠를 작업하고 채용 홈페이지를 관리합니다. 채용 성과를 높이기 위한 다양한 이니셔티브를 발의하고 주도적으로 진행하며, 온보딩 및 교육 등 직간접적인 HR 업무를 서포트합니다.","대학교 재학생, 휴학생 또는 졸업 예정자로, 채용 전반의 Full Cycle 운영에 대한 이해와 관심을 가진 인재를 찾습니다. 링크드인, 리멤버 등 소싱 툴 활용에 능숙하며, 후보자와의 원활한 커뮤니케이션 능력을 갖춘 분을 선호합니다. 채용 브랜딩 콘텐츠 작업 및 홈페이지 관리에 적극적으로 참여하고, 채용 성과 향상을 위한 주도적인 이니셔티브를 발의하고 실행할 수 있는 역량을 가진 분을 환영합니다.","[""자율"", ""빠른실행""]","회사: 알고케어는 핵심 인재 채용을 통해 사업 성장을 추구하는 기업입니다.
직무 목적: 핵심 인재를 발굴하고 채용 프로세스를 효율적으로 운영하여 회사의 성장에 기여하는 것이 이 직무의 목적입니다.
주요 업무: 채용 플래닝부터 채용이 완료되는 시점까지의 Full Cycle을 운영합니다. 테크 및 사업직군 핵심 인재를 링크드인, 리멤버 등 다양한 플랫폼을 활용하여 다이렉트 소싱합니다. 후보자와 적극적으로 연락하고 커뮤니케이션하며 채용 오퍼레이션을 진행합니다. 채용 브랜딩을 위한 콘텐츠를 작업하고 채용 홈페이지를 관리합니다. 채용 성과를 높이기 위한 다양한 이니셔티브를 발의하고 주도적으로 진행하며, 온보딩 및 교육 등 직간접적인 HR 업무를 서포트합니다.
인재상: 대학교 재학생, 휴학생 또는 졸업 예정자로, 채용 전반의 Full Cycle 운영에 대한 이해와 관심을 가진 인재를 찾습니다. 링크드인, 리멤버 등 소싱 툴 활용에 능숙하며, 후보자와의 원활한 커뮤니케이션 능력을 갖춘 분을 선호합니다. 채용 브랜딩 콘텐츠 작업 및 홈페이지 관리에 적극적으로 참여하고, 채용 성과 향상을 위한 주도적인 이니셔티브를 발의하고 실행할 수 있는 역량을 가진 분을 환영합니다.",intern,internship_program,"알고케어의 Talent Acquisition Intern은 채용 전반의 Full Cycle을 경험하며 핵심 인재 소싱, 채용 브랜딩, HR 서포트 업무를 주도적으로 수행합니다.",[]
312025,신세계,[신세계] 신세계 분더샵 청담 판매전문직 신입 채용,NEW,"[신세계] 신세계 분더샵 청담 판매전문직 신입 채용 [주요업무] 상품판매/재고관리 및 VIP고객관리 [자격요건] 학력무관 2026년 4~5월 중 입사 가능한 자 병역필 또는 면제자, 해외 여행 결격사유가 없는 자 [우대사항] 백화점 등 판매 경력, 서비스 마인드 보유자",,[],sales,[],"[""판매전문직""]",[],[],retail_distribution,서울,large_corp,office,"[""아르바이트""]","[""고객·서비스 지향""]","신세계 분더샵은 신세계 그룹이 운영하는 럭셔리 편집샵으로, 청담점에서 고객에게 최상의 쇼핑 경험을 제공합니다.",고객에게 상품을 판매하고 재고를 관리하며 VIP 고객에게 최상의 서비스를 제공하여 매장 매출 증대와 고객 만족을 이끌어내는 역할입니다.,"주요 업무는 고객에게 상품을 판매하고, 매장 내 상품 재고를 효율적으로 관리하는 것입니다. 또한, VIP 고객을 대상으로 맞춤형 서비스를 제공하고 관계를 구축하여 고객 만족도를 높이는 활동을 수행합니다. 이를 통해 매장의 전반적인 운영에 기여하고 매출 목표 달성을 지원합니다.",학력 무관하며 2026년 4~5월 중 입사 가능한 분을 찾습니다. 병역을 필하거나 면제되었고 해외 여행에 결격 사유가 없어야 합니다. 백화점 등에서 판매 경력이 있거나 서비스 마인드를 보유한 분을 우대합니다. 고객과의 소통을 중요하게 생각하고 적극적인 자세로 업무에 임할 인재를 환영합니다.,[],"회사: 신세계 분더샵은 신세계 그룹이 운영하는 럭셔리 편집샵으로, 청담점에서 고객에게 최상의 쇼핑 경험을 제공합니다.
직무 목적: 고객에게 상품을 판매하고 재고를 관리하며 VIP 고객에게 최상의 서비스를 제공하여 매장 매출 증대와 고객 만족을 이끌어내는 역할입니다.
주요 업무: 주요 업무는 고객에게 상품을 판매하고, 매장 내 상품 재고를 효율적으로 관리하는 것입니다. 또한, VIP 고객을 대상으로 맞춤형 서비스를 제공하고 관계를 구축하여 고객 만족도를 높이는 활동을 수행합니다. 이를 통해 매장의 전반적인 운영에 기여하고 매출 목표 달성을 지원합니다.
인재상: 학력 무관하며 2026년 4~5월 중 입사 가능한 분을 찾습니다. 병역을 필하거나 면제되었고 해외 여행에 결격 사유가 없어야 합니다. 백화점 등에서 판매 경력이 있거나 서비스 마인드를 보유한 분을 우대합니다. 고객과의 소통을 중요하게 생각하고 적극적인 자세로 업무에 임할 인재를 환영합니다.",new,job_posting,"신세계 분더샵 청담에서 상품 판매, 재고 관리 및 VIP 고객 서비스를 담당할 신입 판매전문직을 채용합니다.",[]
312019,카카오뱅크,[카카오뱅크] 브랜드 디자인 어시스턴트 (체험형 인턴),INTERN,"[카카오뱅크] 브랜드 디자인 어시스턴트 (체험형 인턴) [담당할 업무] 브랜딩 / 그래픽 / 제품 / 공간 등 브랜드 디자인 관련 다양한 업무 지원 카카오뱅크 브랜디드 컨텐츠 및 비주얼 에셋 개발 [필수 경험과 역량] Figma, Photoshop, Illustrator 등 Design Tool 활용 역량이 있는 분 다양한 직군과 원활하고 논리적인 커뮤니케이션이 가능한 분 디자인 전공인 분 혹은 그에 준하는 감각을 가진 분 디자인 포트폴리오가 있는 분 [우대사항] 3D 비주얼, 모션그래픽, 생성형 AI 이미지 제작이 가능한 분 특정 브랜드 아이덴티티를 기획/디자인하고 구축한 경험이 있는 분",,[],design,[],"[""브랜드 디자인 어시스턴트""]","[""Figma"", ""Photoshop"", ""Illustrator"", ""디자인 포트폴리오""]","[""3D 비주얼"", ""모션그래픽"", ""생성형 AI 이미지 제작""]",finance_fintech,unknown,large_corp,unknown,"[""프로젝트""]","[""커뮤니케이션 역량""]",카카오뱅크는 디지털 금융 서비스를 제공하는 인터넷 전문 은행입니다.,"카카오뱅크의 브랜드 아이덴티티를 강화하고 시각적 경험을 향상시키기 위해 브랜딩, 그래픽, 제품, 공간 등 다양한 브랜드 디자인 업무를 지원하고 브랜디드 컨텐츠 및 비주얼 에셋을 개발합니다.","브랜딩, 그래픽, 제품, 공간 등 다양한 영역에서 브랜드 디자인 관련 업무를 지원합니다. 특히 카카오뱅크의 브랜디드 컨텐츠와 비주얼 에셋을 기획하고 개발하는 역할을 수행합니다. 디자인 툴을 활용하여 시각적인 결과물을 만들어내고, 다양한 직군과의 협업을 통해 프로젝트를 진행합니다.","Figma, Photoshop, Illustrator 등 디자인 툴 활용 역량을 갖추고 디자인 전공 또는 그에 준하는 감각을 가진 분을 찾습니다. 다양한 직군과 원활하고 논리적인 커뮤니케이션이 가능해야 하며, 디자인 포트폴리오를 보유해야 합니다. 3D 비주얼, 모션그래픽, 생성형 AI 이미지 제작이 가능하거나 특정 브랜드 아이덴티티를 기획, 디자인, 구축한 경험이 있다면 우대합니다.",[],"회사: 카카오뱅크는 디지털 금융 서비스를 제공하는 인터넷 전문 은행입니다.
직무 목적: 카카오뱅크의 브랜드 아이덴티티를 강화하고 시각적 경험을 향상시키기 위해 브랜딩, 그래픽, 제품, 공간 등 다양한 브랜드 디자인 업무를 지원하고 브랜디드 컨텐츠 및 비주얼 에셋을 개발합니다.
주요 업무: 브랜딩, 그래픽, 제품, 공간 등 다양한 영역에서 브랜드 디자인 관련 업무를 지원합니다. 특히 카카오뱅크의 브랜디드 컨텐츠와 비주얼 에셋을 기획하고 개발하는 역할을 수행합니다. 디자인 툴을 활용하여 시각적인 결과물을 만들어내고, 다양한 직군과의 협업을 통해 프로젝트를 진행합니다.
인재상: Figma, Photoshop, Illustrator 등 디자인 툴 활용 역량을 갖추고 디자인 전공 또는 그에 준하는 감각을 가진 분을 찾습니다. 다양한 직군과 원활하고 논리적인 커뮤니케이션이 가능해야 하며, 디자인 포트폴리오를 보유해야 합니다. 3D 비주얼, 모션그래픽, 생성형 AI 이미지 제작이 가능하거나 특정 브랜드 아이덴티티를 기획, 디자인, 구축한 경험이 있다면 우대합니다.",intern,internship_program,카카오뱅크의 브랜드 디자인 업무를 지원하고 비주얼 에셋을 개발할 디자인 툴 활용 역량과 포트폴리오를 갖춘 체험형 인턴을 모집합니다.,[]
312015,현대자동차,[현대자동차] [계약직] 남부하이테크센터 드라이버,CONTRACT,"[현대자동차] [계약직] 남부하이테크센터 드라이버 [직무상세] - 하이테크센터를 방문해주시는 고객분들께 동선과 차량 입고 관련 안내를 지원하고, 고객 차량의 입출고 프로세스 운행 지원 업무를 수행합니다. 내방 고객 응대 및 차량 입출고 지원 고객 입고 차량 예약 확인 및 라운지 안내 하이테크센터 고객 차량 입/출고 프로세스 운행 지원 [지원자격] 운전면허 자격증을 보유하신 분 [우대사항] 고객 응대 및 차량 운행 관련 업무 경험을 보유하신 분",남부하이테크센터 드라이버 | 서비스 | AS/서비스/수리 | 고객관리 | 고객관리/인바운드 | 영업/고객상담 | 안내/리셉션 | 사무/총무/법무 | 경영/사무 | 현대자동차에 지원한 동기와 직무경험 및 본인만의 강점에 대하여 구체적으로 기술해주시기 바랍니다. | [현대자동차] [계약직] 남부하이테크센터 드라이버,[],cs_cx,"[""sales"", ""management_support""]","[""남부하이테크센터 드라이버""]","[""운전면허""]","[""고객 응대"", ""차량 운행""]",automotive,unknown,large_corp,office,"[""아르바이트""]","[""고객·서비스 지향"", ""커뮤니케이션 역량""]","현대자동차는 글로벌 자동차 제조 기업으로, 다양한 차량 모델의 생산 및 판매와 함께 고객 서비스 네트워크를 운영하고 있습니다.","이 직무는 현대자동차 하이테크센터를 방문하는 고객에게 원활한 서비스 경험을 제공하고, 차량 입출고 과정을 효율적으로 지원하기 위해 필요합니다.","하이테크센터를 방문하는 고객들에게 동선과 차량 입고에 대한 상세한 안내를 제공합니다. 고객 차량의 입출고 프로세스를 지원하며, 예약 확인 및 라운지 안내를 통해 고객 편의를 도모합니다. 또한, 고객 차량의 입출고 시 운행 지원 업무를 수행하여 서비스 센터 운영의 핵심적인 역할을 담당합니다.","운전면허 자격증을 필수로 보유해야 합니다. 고객 응대 및 차량 운행 관련 업무 경험이 있는 분을 우대하며, 이를 통해 고객에게 친절하고 전문적인 서비스를 제공할 수 있는 역량을 갖춘 인재를 찾습니다.",[],"회사: 현대자동차는 글로벌 자동차 제조 기업으로, 다양한 차량 모델의 생산 및 판매와 함께 고객 서비스 네트워크를 운영하고 있습니다.
직무 목적: 이 직무는 현대자동차 하이테크센터를 방문하는 고객에게 원활한 서비스 경험을 제공하고, 차량 입출고 과정을 효율적으로 지원하기 위해 필요합니다.
주요 업무: 하이테크센터를 방문하는 고객들에게 동선과 차량 입고에 대한 상세한 안내를 제공합니다. 고객 차량의 입출고 프로세스를 지원하며, 예약 확인 및 라운지 안내를 통해 고객 편의를 도모합니다. 또한, 고객 차량의 입출고 시 운행 지원 업무를 수행하여 서비스 센터 운영의 핵심적인 역할을 담당합니다.
인재상: 운전면허 자격증을 필수로 보유해야 합니다. 고객 응대 및 차량 운행 관련 업무 경험이 있는 분을 우대하며, 이를 통해 고객에게 친절하고 전문적인 서비스를 제공할 수 있는 역량을 갖춘 인재를 찾습니다.",contract,job_posting,현대자동차 남부하이테크센터에서 고객 안내 및 차량 입출고 운행을 지원하는 드라이버 계약직을 모집합니다.,[]
312014,후성코퍼레이션,[후성코퍼레이션] 2026년 상반기 영업 신입사원 채용 (~04/07),NEW,"[후성코퍼레이션] 2026년 상반기 영업 신입사원 채용 (~04/07) [주요업무] 광물, 비철금속 수출입 국내 제강사/내화물업체 영업 및 관리 해외 자원 개발 [자격요건] 학력 : 대학교졸업(4년)이상 전공 : 무관 영어 가능자(필수) [지원자격] 1) 모집부문 해당학력 이상 졸업자 2) 남성의 경우 병역필 또는 면제자로 해외여행에 결격사유가 없는 자 3) 공인영어시험(TOEIC 등) 성적우수자 서류전형 우대 4) 국가보훈대상자는 관계법령에 따라 우대 [우대사항] 영어 능통자 우대",,[],sales,[],"[""영업 신입사원""]","[""영어""]","[""TOEIC"", ""영어""]",chemical_material,unknown,mid_corp,unknown,[],"[""커뮤니케이션 역량"", ""실행력·업무처리 능력"", ""글로벌·다문화 역량""]","후성코퍼레이션은 광물 및 비철금속의 수출입을 담당하며, 국내 제강사 및 내화물업체에 영업 활동을 전개하고 해외 자원 개발에 참여하는 기업입니다.","광물 및 비철금속의 국내외 영업을 통해 회사의 사업 확장을 지원하고, 고객 관계를 효과적으로 관리하며 해외 자원 개발에 기여하는 역할입니다.","광물 및 비철금속의 수출입 업무를 담당하며, 국내 제강사 및 내화물업체를 대상으로 영업 활동을 수행하고 고객사를 관리합니다. 또한, 해외 자원 개발 프로젝트에 참여하여 회사의 글로벌 사업 역량을 강화하는 데 기여합니다.","대학교 졸업 이상의 학력을 갖추고 영어 소통이 가능한 신입사원을 찾습니다. 특히 공인영어시험 성적 우수자 및 영어 능통자를 우대하며, 해외여행에 결격 사유가 없어야 합니다. 남성의 경우 병역필 또는 면제자여야 하며, 국가보훈대상자는 관계 법령에 따라 우대합니다.",[],"회사: 후성코퍼레이션은 광물 및 비철금속의 수출입을 담당하며, 국내 제강사 및 내화물업체에 영업 활동을 전개하고 해외 자원 개발에 참여하는 기업입니다.
직무 목적: 광물 및 비철금속의 국내외 영업을 통해 회사의 사업 확장을 지원하고, 고객 관계를 효과적으로 관리하며 해외 자원 개발에 기여하는 역할입니다.
주요 업무: 광물 및 비철금속의 수출입 업무를 담당하며, 국내 제강사 및 내화물업체를 대상으로 영업 활동을 수행하고 고객사를 관리합니다. 또한, 해외 자원 개발 프로젝트에 참여하여 회사의 글로벌 사업 역량을 강화하는 데 기여합니다.
인재상: 대학교 졸업 이상의 학력을 갖추고 영어 소통이 가능한 신입사원을 찾습니다. 특히 공인영어시험 성적 우수자 및 영어 능통자를 우대하며, 해외여행에 결격 사유가 없어야 합니다. 남성의 경우 병역필 또는 면제자여야 하며, 국가보훈대상자는 관계 법령에 따라 우대합니다.",new,job_posting,후성코퍼레이션에서 광물/비철금속 수출입 및 국내외 영업을 담당할 영어 가능 신입사원을 채용합니다.,[]
312007,KIS정보통신,[KIS정보통신] VAN 채널 영업 및 마케팅 (신입/경력) 채용,"NEW, EXPERIENCED","[KIS정보통신] VAN 채널 영업 및 마케팅 (신입/경력) 채용 [모집직무] VAN 채널 영업 및 마케팅 [지원 자격] 1) 필수요건 대졸(4년제) 이상 신입 또는 경력 3년 미만 MS Office 활용능력 보유자 적극적인 커뮤니케이션 스킬을 가지신 분 지방에 상주하며 근무 가능하신 분 2) 우대요건 기획 및 분석 업무에 관심이 많으신 분 수평적 조직 문화에 대한 이해도가 높고 경험이 많으신 분 마케팅을 위한 적극적인 마인드를 가지신 분 [모집일정] ~ 2026년 04월 08일, 23:59",,[],sales,"[""marketing""]","[""VAN 채널 영업 및 마케팅""]","[""MS Office""]",[],fintech_finance,전국,mid_corp,field,[],"[""커뮤니케이션 역량"", ""전략·기획 역량"", ""실행력·업무처리 능력""]","KIS정보통신은 VAN(Value Added Network) 서비스를 제공하는 기업으로, 결제 및 정보통신 인프라를 구축하고 운영합니다.","VAN 채널 영업 및 마케팅 직무는 회사의 VAN 서비스 시장 점유율을 확대하고, 신규 채널을 발굴하여 비즈니스 성장을 견인하는 데 기여합니다.","VAN 채널 영업 및 마케팅 담당자는 VAN 서비스의 신규 고객을 발굴하고, 기존 채널과의 관계를 유지하며 확장하는 업무를 수행합니다. 시장 동향을 분석하여 새로운 영업 기회를 포착하고, 고객 맞춤형 VAN 솔루션을 제안합니다. 또한, VAN 서비스의 인지도를 높이고 잠재 고객을 유치하기 위한 다양한 마케팅 전략을 기획하고 실행합니다. 영업 목표 달성을 위해 적극적으로 활동하며, 고객의 요구사항을 파악하여 서비스 개선에 기여합니다.","대졸(4년제) 이상 학력을 소지한 신입 또는 경력 3년 미만의 인재를 찾습니다. MS Office 활용 능력이 필수이며, 적극적인 커뮤니케이션 스킬을 갖추고 지방 상주 근무가 가능해야 합니다. 기획 및 분석 업무에 대한 관심과 마케팅에 대한 적극적인 마인드를 가진 분을 우대하며, 수평적 조직 문화에 대한 이해와 경험이 있는 분을 선호합니다.","[""수평적"", ""적극적""]","회사: KIS정보통신은 VAN(Value Added Network) 서비스를 제공하는 기업으로, 결제 및 정보통신 인프라를 구축하고 운영합니다.
직무 목적: VAN 채널 영업 및 마케팅 직무는 회사의 VAN 서비스 시장 점유율을 확대하고, 신규 채널을 발굴하여 비즈니스 성장을 견인하는 데 기여합니다.
주요 업무: VAN 채널 영업 및 마케팅 담당자는 VAN 서비스의 신규 고객을 발굴하고, 기존 채널과의 관계를 유지하며 확장하는 업무를 수행합니다. 시장 동향을 분석하여 새로운 영업 기회를 포착하고, 고객 맞춤형 VAN 솔루션을 제안합니다. 또한, VAN 서비스의 인지도를 높이고 잠재 고객을 유치하기 위한 다양한 마케팅 전략을 기획하고 실행합니다. 영업 목표 달성을 위해 적극적으로 활동하며, 고객의 요구사항을 파악하여 서비스 개선에 기여합니다.
인재상: 대졸(4년제) 이상 학력을 소지한 신입 또는 경력 3년 미만의 인재를 찾습니다. MS Office 활용 능력이 필수이며, 적극적인 커뮤니케이션 스킬을 갖추고 지방 상주 근무가 가능해야 합니다. 기획 및 분석 업무에 대한 관심과 마케팅에 대한 적극적인 마인드를 가진 분을 우대하며, 수평적 조직 문화에 대한 이해와 경험이 있는 분을 선호합니다.",both,job_posting,"KIS정보통신에서 VAN 채널 영업 및 마케팅을 담당할 신입/경력직을 채용하며, MS Office 활용 및 적극적인 커뮤니케이션 역량을 요구합니다.","[""low_signal""]"
312004,BGF에코머티리얼즈,[BGF에코머티리얼즈] 천안생산팀 생산직 신입/경력 채용,"NEW, EXPERIENCED","[BGF에코머티리얼즈] 천안생산팀 생산직 신입/경력 채용 담당업무 완제품 포장 및 실링 : 압출라인에서 생산된 펠릿을 규격에 맞춰 포장 및 실링하는 작업 (25kg 단위 포대 실링 및 파레트 적재 반복 작업) 적재 및 입고 : 완제품 포장 후, 파레트 적재 및 창고 내 지정 구역 입고 (지게차 운전 필요) 지원자격 학력 : 고등학교 졸업 이상 경력 : 무관 자동차운전면허 소지자 우대사항 해당 직무 근무 경험 인근 거주자 지게차 운전기능사 보유자","천안생산팀 생산직 | 화물/중장비 | 무역/유통 | 포장/가공 | 생산/제조 | 제조/가공 | 포장 | 무역영업/해외영업 | 무역사무/수출입 | 구매/자재/재고 | 상품기획/MD | 배송/택배/운전 | 생산관리/공정관리/품질관리 | 생산/제조/설비/조립 | 섬유/의류/패션 | 1. 지원동기와 입사 후 회사에서 이루고 싶은 꿈은 무엇인가요? | 2. 지원한 직무를 위해 필요한 역량은 무엇이라고 생각하며, 이 역량을 갖추기 위한 노력이나 자신만의 특별한 경험을 작성해 주세요. | 3. 다른 지원자 대비 본인만의 '차별화된 강점'과 '보완해야 할 약점'에 대해 사례를 들어 구체적으로 기술해 주세요. | 경력사항과 보유기술에 대해 구체적으로 설명해주세요. | [BGF에코머티리얼즈] 천안생산팀 생산직 신입/경력 채용",[],manufacturing,[],"[""천안생산팀 생산직""]","[""자동차운전면허""]","[""지게차 운전기능사""]",chemical_material,천안,large_corp,field,[],[],"BGF에코머티리얼즈는 BGF그룹의 계열사로, 친환경 소재 사업을 영위하며 펠릿 등 다양한 소재를 생산합니다.","이 직무는 압출라인에서 생산된 펠릿 완제품을 규격에 맞춰 포장하고 창고에 적재하여 제품 출하 준비를 완료하며, 효율적인 물류 흐름을 지원하는 데 필수적입니다.","주요 업무는 압출라인에서 생산된 펠릿을 규격에 맞춰 25kg 단위 포대로 포장하고 실링하는 반복 작업입니다. 또한, 완제품 포장 후 파레트에 적재하고 지게차를 운전하여 창고 내 지정 구역에 입고하는 업무를 수행합니다.","고등학교 졸업 이상의 학력을 가진 분을 찾습니다. 자동차운전면허 소지자를 우대하며, 해당 직무 근무 경험이 있거나 지게차 운전기능사 자격증을 보유한 분을 선호합니다. 인근 거주자 또한 우대합니다.",[],"회사: BGF에코머티리얼즈는 BGF그룹의 계열사로, 친환경 소재 사업을 영위하며 펠릿 등 다양한 소재를 생산합니다.
직무 목적: 이 직무는 압출라인에서 생산된 펠릿 완제품을 규격에 맞춰 포장하고 창고에 적재하여 제품 출하 준비를 완료하며, 효율적인 물류 흐름을 지원하는 데 필수적입니다.
주요 업무: 주요 업무는 압출라인에서 생산된 펠릿을 규격에 맞춰 25kg 단위 포대로 포장하고 실링하는 반복 작업입니다. 또한, 완제품 포장 후 파레트에 적재하고 지게차를 운전하여 창고 내 지정 구역에 입고하는 업무를 수행합니다.
인재상: 고등학교 졸업 이상의 학력을 가진 분을 찾습니다. 자동차운전면허 소지자를 우대하며, 해당 직무 근무 경험이 있거나 지게차 운전기능사 자격증을 보유한 분을 선호합니다. 인근 거주자 또한 우대합니다.",both,job_posting,BGF에코머티리얼즈 천안생산팀에서 펠릿 완제품 포장 및 적재를 담당할 신입/경력 생산직을 채용합니다.,[]
312001,KIS정보통신,[KIS정보통신] 기획실 (신입) 채용,NEW,"[KIS정보통신] 기획실 (신입) 채용 [모집 직무] 전사 경영기획 [지원 자격] 1) 필수요건 학사(4년제) 이상 학위를 보유하신 분 데이터 기반으로 현안을 분석하고 논리적인 사고로 해결 방안을 고민하는 분 MS Office(Excel, PowerPoint) 활용 능력이 우수하신 분 원활한 커뮤니케이션을 통해 대외기관 및 유관 부서와 협업이 가능하신 분 2) 우대요건 VAN, PG, 핀테크, 결제 산업 관련 경험 또는 이해도가 있으신 분 카드 결제 프로세스 및 정산 구조에 대한 기본적인 이해가 있으신 분 산업 및 시장 환경 분석 관련 학습 또는 프로젝트 경험이 있으신 분 데이터 분석 및 경영지표 관리에 대한 기초 이해가 있으신 분 [채용 절차] 서류 전형 > 인적성 검사 > > 채용 검진 > 처우 협의 및 구비서류 제출 > 최종 합격",,[],planning_strategy,[],"[""전사 경영기획""]","[""Excel"", ""PowerPoint"", ""데이터 분석""]","[""VAN"", ""PG"", ""핀테크"", ""카드 결제 프로세스"", ""정산 구조"", ""시장 분석"", ""경영지표 관리""]",fintech_finance,unknown,mid_corp,office,"[""프로젝트""]","[""문제해결 능력"", ""커뮤니케이션 역량"", ""협업·팀워크""]","KIS정보통신은 VAN, PG, 핀테크, 결제 산업 분야에서 사업을 영위하는 정보통신 기업입니다.",이 직무는 전사 경영 현안을 데이터 기반으로 분석하고 논리적인 해결 방안을 모색하여 회사의 전략적 의사결정을 지원하고 성장에 기여하는 역할을 합니다.,"전사 경영기획 직무로서, 데이터 기반으로 회사 현안을 면밀히 분석하고 논리적인 사고를 바탕으로 실질적인 해결 방안을 고민합니다. MS Office, 특히 Excel과 PowerPoint를 능숙하게 활용하여 기획 보고서 및 자료를 작성하고 발표합니다. 또한, 원활한 커뮤니케이션 역량을 발휘하여 대외기관 및 사내 유관 부서와 긴밀하게 협업하며 다양한 기획 프로젝트를 성공적으로 이끌어 나갑니다.","학사 학위 이상을 보유하고 데이터 기반으로 현안을 분석하며 논리적인 사고로 해결 방안을 고민하는 분을 찾습니다. MS Office(Excel, PowerPoint) 활용 능력이 우수하고, 원활한 커뮤니케이션을 통해 대외기관 및 유관 부서와 협업이 가능한 인재를 선호합니다. VAN, PG, 핀테크, 결제 산업 관련 경험 또는 이해도가 있거나, 카드 결제 프로세스 및 정산 구조에 대한 기본적인 이해가 있는 분은 우대합니다. 산업 및 시장 환경 분석 관련 학습 또는 프로젝트 경험과 데이터 분석 및 경영지표 관리에 대한 기초 이해가 있는 분께도 기회가 열려 있습니다.","[""협업""]","회사: KIS정보통신은 VAN, PG, 핀테크, 결제 산업 분야에서 사업을 영위하는 정보통신 기업입니다.
직무 목적: 이 직무는 전사 경영 현안을 데이터 기반으로 분석하고 논리적인 해결 방안을 모색하여 회사의 전략적 의사결정을 지원하고 성장에 기여하는 역할을 합니다.
주요 업무: 전사 경영기획 직무로서, 데이터 기반으로 회사 현안을 면밀히 분석하고 논리적인 사고를 바탕으로 실질적인 해결 방안을 고민합니다. MS Office, 특히 Excel과 PowerPoint를 능숙하게 활용하여 기획 보고서 및 자료를 작성하고 발표합니다. 또한, 원활한 커뮤니케이션 역량을 발휘하여 대외기관 및 사내 유관 부서와 긴밀하게 협업하며 다양한 기획 프로젝트를 성공적으로 이끌어 나갑니다.
인재상: 학사 학위 이상을 보유하고 데이터 기반으로 현안을 분석하며 논리적인 사고로 해결 방안을 고민하는 분을 찾습니다. MS Office(Excel, PowerPoint) 활용 능력이 우수하고, 원활한 커뮤니케이션을 통해 대외기관 및 유관 부서와 협업이 가능한 인재를 선호합니다. VAN, PG, 핀테크, 결제 산업 관련 경험 또는 이해도가 있거나, 카드 결제 프로세스 및 정산 구조에 대한 기본적인 이해가 있는 분은 우대합니다. 산업 및 시장 환경 분석 관련 학습 또는 프로젝트 경험과 데이터 분석 및 경영지표 관리에 대한 기초 이해가 있는 분께도 기회가 열려 있습니다.",new,job_posting,"KIS정보통신 기획실 신입 채용으로, 데이터 기반 분석 및 MS Office 활용 능력을 갖춘 인재를 찾습니다.",[]
311998,현대제철,[현대제철] 사무행정 사무보조 계약직 채용(당진),CONTRACT,[현대제철] 사무행정 사무보조 계약직 채용(당진) [ 자격요건] - 학력 : 고졸 이상 (전공무관) [우대사항] 해당 직무 근무 경험자 회계 전공자 우대,"사무행정 사무보조 계약직 | 사무보조 | 사무보조/문서작성 | 경영/사무 | 자재/재고관리 | 구매/자재/재고 | 무역/유통 | 전표입력 | 경리/회계/결산 | OA/문서작성 | 홈페이지관리 | 구매관리 | 경리 | 결산 | 급여관리/4대보험 | 부가세신고 | ERP/더존 | 기획/전략/경영 | 사무/총무/법무 | 인사/노무/교육 | 재무/세무/IR | 무역영업/해외영업 | 무역사무/수출입 | 상품기획/MD | 배송/택배/운전 | 화물/중장비 | 1. 자기소개(600자) (최소 100자, 최대 600자 입력가능) | [현대제철] 사무행정 사무보조 계약직 채용(당진)",[],management_support,"[""procurement"", ""finance_investment""]","[""사무행정 사무보조"", ""사무보조"", ""문서작성"", ""자재/재고관리"", ""전표입력"", ""경리/회계/결산"", ""홈페이지관리"", ""구매관리"", ""급여관리/4대보험"", ""부가세신고""]",[],"[""ERP"", ""더존""]",manufacturing,당진,large_corp,office,"[""인턴"", ""아르바이트""]","[""실행력·업무처리 능력"", ""정보수집·분석 역량"", ""협업·팀워크""]","현대제철은 자동차, 건설 등 다양한 산업에 필요한 철강 제품을 생산하는 국내 주요 철강 기업입니다.","이 직무는 현대제철 당진 사업장에서 사무행정, 자재 관리, 회계 지원 등 다양한 업무를 보조하여 사업장의 원활한 운영을 돕는 역할을 합니다.","주요 업무는 사무보조 및 문서 작성, 자재 및 재고 관리, 구매 관리, 전표 입력, 경리/회계/결산 업무 지원입니다. 또한 급여 관리 및 4대 보험 처리, 부가세 신고 지원, ERP/더존 시스템 활용, 홈페이지 관리 등 다양한 사무행정 업무를 수행하며 사업 운영에 기여합니다.","고졸 이상의 학력을 가진 분으로, 전공은 무관합니다. 해당 직무 근무 경험이 있는 분을 우대하며, 특히 회계 전공자는 더욱 환영합니다. 꼼꼼하고 책임감 있는 태도로 업무에 임하며, 기본적인 OA 활용 능력을 갖춘 분을 찾습니다.",[],"회사: 현대제철은 자동차, 건설 등 다양한 산업에 필요한 철강 제품을 생산하는 국내 주요 철강 기업입니다.
직무 목적: 이 직무는 현대제철 당진 사업장에서 사무행정, 자재 관리, 회계 지원 등 다양한 업무를 보조하여 사업장의 원활한 운영을 돕는 역할을 합니다.
주요 업무: 주요 업무는 사무보조 및 문서 작성, 자재 및 재고 관리, 구매 관리, 전표 입력, 경리/회계/결산 업무 지원입니다. 또한 급여 관리 및 4대 보험 처리, 부가세 신고 지원, ERP/더존 시스템 활용, 홈페이지 관리 등 다양한 사무행정 업무를 수행하며 사업 운영에 기여합니다.
인재상: 고졸 이상의 학력을 가진 분으로, 전공은 무관합니다. 해당 직무 근무 경험이 있는 분을 우대하며, 특히 회계 전공자는 더욱 환영합니다. 꼼꼼하고 책임감 있는 태도로 업무에 임하며, 기본적인 OA 활용 능력을 갖춘 분을 찾습니다.",contract,job_posting,현대제철 당진에서 사무행정 및 회계 업무를 지원할 계약직 사무보조를 채용합니다.,[]
311997,(주)이스트소프트,[ESTsoft] PR 및 SNS 운영 담당자 (경력),EXPERIENCED,"이스트소프트를 소개합니다 이스트소프트는 지난 28년간 국민 유틸리티 '알툴즈'와 국내 1위 백신 알약 을 서비스해온 국내 대표 SW 전문 기업입니다. 그동안 축적된 서비스 노하우와 혁신적인 SW 기술을 바탕으로, 최고의 A.I. 서비스 기업으로 성장하기 위한 새로운 발걸음을 내딛고 있습니다. 실용주의 인공지능으로 일상에 편리함을 더하다 이스트소프트는 실용주의 인공지능 을 지향하며, 우리 일상에 인공지능이 PLUS된 더 편리한 세상을 추구합니다. 인공지능이 필요한 모든 영역에 우리의 A.I. 기술을 적용하여 더 나은 세상을 만들어나갈 인재를 모집합니다. 우리 IR/PR팀을 소개합니다 우리 조직의 주요 업무/역할 국민 SW 기업에서 국가대표 AI 기업으로 이어지는 이스트소프트의 가치를 대내외적으로 소통합니다. 담당 제품/서비스 기업과 그룹사 전반에서 운영하는 서비스와 제품의 경쟁력을 시장에 알립니다. 우리 조직의 목표 기업의 성과, 성장 모멘텀 등을 시의적절하게 시장에 알리고 온전히 가치를 인정받을 수 있도록 커뮤니케이션합니다. 협업 툴, 기술 스택 MS 오피스, 이미지 및 영상 편집 등 협업문화, 협업방식 팀 목표를 이루기 위해 수시, 정기 미팅을 진행합니다. 이런 업무를 담당합니다 PR 매니저로 보도자료 기획 및 작성, SNS(링크드인, 페이스북, X) 및 유튜브 채널 운영, 사내 커뮤니케이션 활동 등을 수행합니다. 이런 역량을 갖춘 분을 찾습니다 보도자료 및 기획기사 등 콘텐츠 기획력 기업 SNS 채널 운영 경험 및 데이터 기반 운영 능력 타 부서와 원활한 협업을 위한 커뮤니케이션 역량 글로벌 PR을 위한 외국어 능력(영어) 이런 역량이 있으면 더욱 좋습니다 테크 기업 및 상장사 PR 경험 다양한 마케팅 툴 활용 능력 및 퍼포먼스 마케팅 수행 경험 AI 툴 활용 능력 아래 여정을 통해 합류합니다 - 근무시간을 효율적으로 활용할 수 있도록, 시차출퇴근제 운영 (8시/9시/10시) - 부담 없이 쉴 수 있도록, 휴가 자기 결재 제도 운영 - 걱정없이 업무에만 몰입할 수 있도록, 야근 시 저녁 식사 및 택시비 지원 - 몰입하고 노력한 만큼 보상받을 수 있도록, 성과에 따른 인센티브/스톡옵션 지급 [Life P+US : 오래 오래 함께할 수 있도록] - 오랜 근속에 지치지 않도록, 리프레시 휴가 및 휴가비 지원 - 건강히 함께할 수 있도록, 건강검진 지원 및 단체 보험 가입 - 목돈 마련에 힘이 되도록, 청년내일채움공제 지원 - 보금자리 마련에 힘이 되도록, 전세대출이자/월세/이사비 등 주거비용 지원 - 기쁨도 슬픔도 함께 나눌 수 있도록, 경조사 지원 (경조휴가, 경조금) - 출산과 육아도 걱정 없도록, 복직 시 산후 근속 장려금 지원 - 가족과의 휴식도 책임질 수 있도록, 리조트/콘도 회원가 및 제주도 캠퍼스 게스트룸 할인 - 눈 건강도 놓치지 않도록, 아이웨어 쇼핑몰 라운즈(ROUNZ) 할인 [Growth P+US : 함께 성장할 수 있도록] - 부족한 부분을 채워줄 수 있도록, 연간 복지포인트 120만원 지급 - 이스트패밀리에 잘 적응할 수 있도록, 온보딩/리더/복직환영 등 교육 진행 - 구성원 개인이 더욱 발전할 수 있도록, 도서/대학원 학비/외국어 교육/외부 세미나 비용 지원 - 함께 성장할 수 있도록, 런치앤런/아키텍쳐데이/스터디 등 다양한 사내 행사 및 세미나 진행 앞으로 이스트패밀리의 인사 및 복지제도는 계속해서 발전할 예정입니다. 지원 시 꼭 확인해주세요 [근무정보] - 채용인원 : 0명 - 근로형태 : 정규직 - 근무장소 : 서울시 서초구 반포대로 3 이스트빌딩 [제출서류] - 자유양식의 이력서(필수), 경력기술서, 포트폴리오를 첨부하여 제출해주세요. * 입사지원 서류에 허위기재 사실이 발견될 경우, 전형 진행과 입사가 취소될 수 있습니다. * 업무와 무관한 개인정보(신체조건, 출신지역, 혼인여부 등)는 기재하지 않습니다. * 급여 관련 정보(직전연봉, 희망연봉 등)에 대한 내용은 기재하지 않습니다. * 모든 모집 부문에서 국가보훈대상자 및 장애인은 관련 법령에 의거 가산점을 부여하고 있습니다. 포트폴리오란에 관련 서류를 첨부하여 제출해주세요. [기타사항] - 문의사항 :",,[],marketing,[],"[""PR 매니저"", ""SNS 운영 담당자""]","[""콘텐츠 기획"", ""보도자료 작성"", ""SNS 채널 운영"", ""데이터 기반 운영"", ""영어"", ""MS 오피스"", ""이미지 편집"", ""영상 편집""]","[""테크 기업 PR 경험"", ""상장사 PR 경험"", ""마케팅 툴 활용"", ""퍼포먼스 마케팅"", ""AI 툴 활용""]",it_software,서울,mid_corp,flexible,"[""프로젝트""]","[""커뮤니케이션 역량"", ""정보수집·분석 역량"", ""전략·기획 역량"", ""글로벌·다문화 역량""]",이스트소프트는 지난 28년간 국민 유틸리티 '알툴즈'와 국내 1위 백신 '알약'을 서비스해온 국내 대표 SW 전문 기업입니다. 현재는 축적된 기술 노하우를 바탕으로 최고의 A.I. 서비스 기업으로 성장하기 위해 노력하고 있습니다.,"국민 SW 기업에서 국가대표 AI 기업으로 이어지는 이스트소프트의 가치를 대내외적으로 소통하고, 기업과 그룹사 전반의 서비스 및 제품 경쟁력을 시장에 효과적으로 알리기 위해 PR 및 SNS 운영 담당자가 필요합니다.","PR 매니저로서 보도자료를 기획하고 작성하며, 링크드인, 페이스북, X(트위터), 유튜브 등 주요 SNS 채널을 운영합니다. 또한 사내 커뮤니케이션 활동을 수행하며, 기업의 성과와 성장 모멘텀을 시의적절하게 시장에 알리고 온전히 가치를 인정받을 수 있도록 커뮤니케이션 전략을 실행합니다.","보도자료 및 기획기사 등 콘텐츠 기획력을 갖추고, 기업 SNS 채널 운영 경험 및 데이터 기반 운영 능력을 보유한 분을 찾습니다. 타 부서와 원활한 협업을 위한 뛰어난 커뮤니케이션 역량과 글로벌 PR을 위한 외국어 능력(영어)이 필수적입니다. 테크 기업 및 상장사 PR 경험, 다양한 마케팅 툴 활용 능력, 퍼포먼스 마케팅 수행 경험, AI 툴 활용 능력이 있다면 더욱 좋습니다.","[""실용주의"", ""성장"", ""자율"", ""성과중심"", ""협업""]","회사: 이스트소프트는 지난 28년간 국민 유틸리티 '알툴즈'와 국내 1위 백신 '알약'을 서비스해온 국내 대표 SW 전문 기업입니다. 현재는 축적된 기술 노하우를 바탕으로 최고의 A.I. 서비스 기업으로 성장하기 위해 노력하고 있습니다.
직무 목적: 국민 SW 기업에서 국가대표 AI 기업으로 이어지는 이스트소프트의 가치를 대내외적으로 소통하고, 기업과 그룹사 전반의 서비스 및 제품 경쟁력을 시장에 효과적으로 알리기 위해 PR 및 SNS 운영 담당자가 필요합니다.
주요 업무: PR 매니저로서 보도자료를 기획하고 작성하며, 링크드인, 페이스북, X(트위터), 유튜브 등 주요 SNS 채널을 운영합니다. 또한 사내 커뮤니케이션 활동을 수행하며, 기업의 성과와 성장 모멘텀을 시의적절하게 시장에 알리고 온전히 가치를 인정받을 수 있도록 커뮤니케이션 전략을 실행합니다.
인재상: 보도자료 및 기획기사 등 콘텐츠 기획력을 갖추고, 기업 SNS 채널 운영 경험 및 데이터 기반 운영 능력을 보유한 분을 찾습니다. 타 부서와 원활한 협업을 위한 뛰어난 커뮤니케이션 역량과 글로벌 PR을 위한 외국어 능력(영어)이 필수적입니다. 테크 기업 및 상장사 PR 경험, 다양한 마케팅 툴 활용 능력, 퍼포먼스 마케팅 수행 경험, AI 툴 활용 능력이 있다면 더욱 좋습니다.",experienced,job_posting,"이스트소프트의 PR 및 SNS 운영을 담당하며, 기업 가치를 대내외에 소통하고 AI 서비스 기업으로의 성장을 알리는 경력직 포지션입니다.",[]
311994,현대제철,[현대제철] 사무보조 계약직 채용(판교),CONTRACT,"[현대제철] 사무보조 계약직 채용(판교) [수행 업무] - 부동산 계약 관리 및 사무지원 - 계약관리 : 임차료 지급, 임대 수익, 도급비 처리 - 시국세 증명서 발급, 문서관리 등 - 비용 정산 및 전표처리, 기타 사무행정 [자격요건] 학력 : 고졸 이상 (전공무관) [우대사항] - 해당 직무 근무 경험자 - 회계 전공자 우대","사무보조 | 전표입력 | 경리/회계/결산 | 경영/사무 | 분양/임대 | 부동산/중개/분양/경매 | 건설 | 사무보조/문서작성 | 1. 자기소개(600자) (최소 100자, 최대 600자 입력가능) | [현대제철] 사무보조 계약직 채용(판교)",[],management_support,"[""finance_investment""]","[""사무보조""]",[],"[""회계""]",manufacturing,판교,large_corp,office,"[""인턴"", ""아르바이트""]","[""실행력·업무처리 능력""]","현대제철은 현대자동차그룹의 계열사로, 철강 제품을 생산하는 국내 주요 철강 기업입니다.","부동산 계약 관리 및 일반 사무 행정 지원을 통해 회사의 원활한 운영을 돕고, 재무 관련 업무를 보조하는 역할입니다.","주요 업무는 부동산 계약 관리 및 전반적인 사무 지원을 포함합니다. 구체적으로 임차료 지급, 임대 수익 관리, 도급비 처리 등 계약 관련 업무를 수행합니다. 또한 시국세 증명서 발급 및 문서 관리, 비용 정산 및 전표 처리와 같은 회계 보조 업무를 담당하며, 기타 사무 행정 업무를 지원합니다.","고졸 이상의 학력을 가진 분을 찾습니다. 해당 직무 근무 경험이 있는 분을 우대하며, 특히 회계 전공자는 더욱 환영합니다. 꼼꼼하고 책임감 있게 사무 행정 및 재무 보조 업무를 수행할 수 있는 인재를 선호합니다.",[],"회사: 현대제철은 현대자동차그룹의 계열사로, 철강 제품을 생산하는 국내 주요 철강 기업입니다.
직무 목적: 부동산 계약 관리 및 일반 사무 행정 지원을 통해 회사의 원활한 운영을 돕고, 재무 관련 업무를 보조하는 역할입니다.
주요 업무: 주요 업무는 부동산 계약 관리 및 전반적인 사무 지원을 포함합니다. 구체적으로 임차료 지급, 임대 수익 관리, 도급비 처리 등 계약 관련 업무를 수행합니다. 또한 시국세 증명서 발급 및 문서 관리, 비용 정산 및 전표 처리와 같은 회계 보조 업무를 담당하며, 기타 사무 행정 업무를 지원합니다.
인재상: 고졸 이상의 학력을 가진 분을 찾습니다. 해당 직무 근무 경험이 있는 분을 우대하며, 특히 회계 전공자는 더욱 환영합니다. 꼼꼼하고 책임감 있게 사무 행정 및 재무 보조 업무를 수행할 수 있는 인재를 선호합니다.",contract,job_posting,현대제철 판교 사무실에서 부동산 계약 관리 및 일반 사무 행정을 지원할 계약직 사무보조를 채용합니다.,"[""short_text"", ""low_signal""]"
311993,에스디바이오센서,[SD바이오센서] [4월/신입경력/청담] 미국법인 사업전략 담당자 채용,"NEW, EXPERIENCED",[SD바이오센서] [4월/신입경력/청담] 미국법인 사업전략 담당자 채용 [모집직무] 미국법인 프로젝트 코디네이터 [모집일정] ~2026.04.12 오후 11:59 [자격요건] - 학사 이상 - 신입/경력 3년 이하 - 미국식 영어 커뮤니케이션 가능자 - 공익어학성적 보유자 - OA 자격증 보유자,,[],planning_strategy,[],"[""미국법인 사업전략 담당자"", ""미국법인 프로젝트 코디네이터""]","[""영어"", ""OA 자격증""]",[],bio_healthcare,서울,large_corp,unknown,[],"[""커뮤니케이션 역량""]",에스디바이오센서는 체외진단 의료기기 및 바이오센서를 개발하고 생산하는 글로벌 기업입니다.,"이 직무는 에스디바이오센서의 미국법인에서 사업 전략을 수립하고 실행하며, 현지 프로젝트를 효율적으로 조율하여 미국 시장에서의 성장을 지원하는 데 필요합니다.",미국법인의 사업 전략을 기획하고 실행하는 데 기여합니다. 현지 시장 분석을 통해 새로운 사업 기회를 발굴하고 전략적 방향을 제시합니다. 다양한 프로젝트의 진행 상황을 관리하고 유관 부서 및 이해관계자들과의 협업을 조율합니다. 미국 시장 특성을 고려한 사업 계획을 수립하고 성과를 모니터링하며 개선 방안을 모색합니다.,"학사 이상의 학력을 소지하고 신입 또는 3년 이하의 경력을 가진 분을 찾습니다. 미국식 영어로 원활하게 커뮤니케이션할 수 있는 능력이 필수적이며, 공인 어학 성적을 보유해야 합니다. 기본적인 OA 활용 능력을 갖추어 문서 작성 및 데이터 관리에 능숙한 인재를 선호합니다.",[],"회사: 에스디바이오센서는 체외진단 의료기기 및 바이오센서를 개발하고 생산하는 글로벌 기업입니다.
직무 목적: 이 직무는 에스디바이오센서의 미국법인에서 사업 전략을 수립하고 실행하며, 현지 프로젝트를 효율적으로 조율하여 미국 시장에서의 성장을 지원하는 데 필요합니다.
주요 업무: 미국법인의 사업 전략을 기획하고 실행하는 데 기여합니다. 현지 시장 분석을 통해 새로운 사업 기회를 발굴하고 전략적 방향을 제시합니다. 다양한 프로젝트의 진행 상황을 관리하고 유관 부서 및 이해관계자들과의 협업을 조율합니다. 미국 시장 특성을 고려한 사업 계획을 수립하고 성과를 모니터링하며 개선 방안을 모색합니다.
인재상: 학사 이상의 학력을 소지하고 신입 또는 3년 이하의 경력을 가진 분을 찾습니다. 미국식 영어로 원활하게 커뮤니케이션할 수 있는 능력이 필수적이며, 공인 어학 성적을 보유해야 합니다. 기본적인 OA 활용 능력을 갖추어 문서 작성 및 데이터 관리에 능숙한 인재를 선호합니다.",both,job_posting,에스디바이오센서 미국법인의 사업 전략을 수립하고 프로젝트를 코디네이트할 신입/경력 담당자를 채용합니다.,"[""short_text"", ""low_signal""]"
311990,현대트랜시스,[현대트랜시스] 생산직 사원 모집,CONTRACT,[현대트랜시스] 생산직 사원 모집 [수행직무] 기어 외관 검사 이물질 및 오일 제거 제품 체적재 및 불량 관리 [우대사항] 국가보훈취업 지원 대상자 직무관련 자격증 보유자 자동차부품 생산/부품조립 경력자 인근 거주자 [,"생산직 | 자재관리 | 생산관리/공정관리/품질관리 | 생산/제조 | 품질관리 | 본인을 가장 잘 표현하는 단어는 무엇이고, 그 이유는 무엇입니까? (최소 200자, 최대 500자 입력가능) | 귀하가 보유한 강점(지식/기술/특기/사회성 등)을 활용하여 회사발전에 기여할 수 있는 점은 무엇입니까? (최소 200자, 최대 500자 입력가능) | [현대트랜시스] 생산직 사원 모집",[],manufacturing,"[""quality""]","[""생산직 사원"", ""기어 외관 검사"", ""이물질 및 오일 제거"", ""제품 체적재 및 불량 관리""]",[],"[""직무관련 자격증""]",automotive,unknown,large_corp,field,"[""프로젝트"", ""자격증""]",[],"현대트랜시스는 현대자동차그룹의 계열사로, 자동차 부품을 생산하는 기업입니다.",자동차 부품의 품질을 확보하고 생산 공정을 효율적으로 관리하기 위해 생산직 사원을 모집합니다.,"생산직 사원은 기어의 외관을 정밀하게 검사하여 이물질 및 오일 제거 작업을 수행합니다. 또한, 생산된 제품의 체적재를 효율적으로 관리하고 불량품을 식별하여 체계적으로 관리하는 역할을 담당합니다. 이 과정에서 자동차 부품의 전반적인 품질을 유지하고 생산 공정의 효율성을 높이는 데 기여하게 됩니다.","본 채용은 직무 관련 자격증을 보유하고 자동차 부품 생산 또는 부품 조립 경력이 있는 분을 우대합니다. 특히, 꼼꼼하고 책임감 있는 태도로 기어 외관 검사 및 불량 관리를 수행할 수 있는 인재를 찾고 있습니다. 국가보훈취업 지원 대상자 및 인근 거주자 또한 우대합니다.",[],"회사: 현대트랜시스는 현대자동차그룹의 계열사로, 자동차 부품을 생산하는 기업입니다.
직무 목적: 자동차 부품의 품질을 확보하고 생산 공정을 효율적으로 관리하기 위해 생산직 사원을 모집합니다.
주요 업무: 생산직 사원은 기어의 외관을 정밀하게 검사하여 이물질 및 오일 제거 작업을 수행합니다. 또한, 생산된 제품의 체적재를 효율적으로 관리하고 불량품을 식별하여 체계적으로 관리하는 역할을 담당합니다. 이 과정에서 자동차 부품의 전반적인 품질을 유지하고 생산 공정의 효율성을 높이는 데 기여하게 됩니다.
인재상: 본 채용은 직무 관련 자격증을 보유하고 자동차 부품 생산 또는 부품 조립 경력이 있는 분을 우대합니다. 특히, 꼼꼼하고 책임감 있는 태도로 기어 외관 검사 및 불량 관리를 수행할 수 있는 인재를 찾고 있습니다. 국가보훈취업 지원 대상자 및 인근 거주자 또한 우대합니다.",contract,job_posting,현대트랜시스에서 자동차 부품 생산 및 품질 관리를 담당할 생산직 사원을 모집합니다.,[]
311987,누비랩,[누비랩] Sales Manager (채용연계형 인턴),INTERN,"[누비랩] Sales Manager (채용연계형 인턴) [담당 업무] - 시장 개척 및 전략적 타겟팅 - 단순히 콜드메일과 콜드콜을 통해 고객에게 다가가는 것에 그치지 않습니다. 시장을 분석하여 가망 고객 리스트를 확보하고, 고객의 Pain Point에 맞춘 맞춤형 메시지를 설계하여 세일즈 기회를 창출합니다. - 고객 경험 설계 - 잠재 고객과 첫 신뢰 관계를 형성합니다. 고객 미팅을 직접 어레인지하고, 제안서 최적화 및 리서치를 통해 클로징(Closing) 확률을 높이는 전략적 파트너 역할을 수행합니다. - 데이터 분석 및 인사이트 도출 - 현장에서 수집한 고객의 목소리(VOC)를 분석하여 마케팅/제품 팀에 전달합니다. 실전 데이터를 바탕으로 우리 서비스의 시장 적합성(PMF)을 검증하는 핵심 프로세스에 참여합니다. [자격요건] - 성장 지향성: 세일즈와 비즈니스 개발을 통해 커리어를 시작하고 전문가로 성장하고 싶은 열정을 가진 분 - 러닝 커브: 낯선 도메인 지식도 빠르게 학습하여 본인의 것으로 만들고, 실행에 옮길 수 있는 능동적인 분 - 커뮤니케이션: 다양한 이해관계자와 협업하며, 논리적이고 유연하게 소통하여 합의점을 찾아낼 수 있는 분 - 그릿(Grit): 목표 달성을 위해 끝까지 파고드는 끈기와 책임감을 가진 분 [우대요건] - 문제 해결 능력: 데이터에 기반해 현상을 분석하고, 더 나은 프로세스를 위해 제안해 본 경험이 있는 분 - 커뮤니케이션 강점: 발표, 서포터즈, 공모전 등에서 누군가를 설득하거나 정보를 효과적으로 전달해 본 경험이 있는 분 - 스타트업 DNA: 변화가 빠른 환경에서 스스로 할 일을 찾아내고 성과를 만들어내는 과정을 즐기시는 분 - 세일즈/CS 경험: 아르바이트나 인턴을 통해 고객을 직접 응대하며 만족을 이끌어본 경험이 있는 분",Sales Manager (채용연계형 인턴) | 영업관리/지원/영업기획 | 영업/고객상담 | B2B영업/기술영업 | 일반영업 | 영업관리 | 지원 | 영업기획 | B2B영업 | 기술영업 | 자유양식 입니다. | [누비랩] Sales Manager (채용연계형 인턴),[],sales,"[""planning_strategy"", ""management_support""]","[""Sales Manager (채용연계형 인턴)"", ""영업관리/지원/영업기획"", ""영업/고객상담"", ""B2B영업/기술영업"", ""일반영업""]",[],[],it_software,unknown,startup,unknown,"[""프로젝트"", ""공모전"", ""아르바이트"", ""인턴""]","[""학습·성장 역량"", ""커뮤니케이션 역량"", ""문제해결 능력"", ""실행력·업무처리 능력"", ""협업·팀워크""]",,"Sales Manager는 시장을 개척하고 잠재 고객과의 신뢰 관계를 구축하여 세일즈 기회를 창출하며, 고객 데이터를 분석하여 서비스의 시장 적합성을 검증하는 핵심적인 역할을 수행합니다.","시장 개척 및 전략적 타겟팅을 통해 가망 고객 리스트를 확보하고, 고객의 Pain Point에 맞춘 맞춤형 메시지를 설계하여 세일즈 기회를 창출합니다. 잠재 고객과의 첫 신뢰 관계를 형성하고, 고객 미팅을 직접 어레인지하며 제안서 최적화 및 리서치를 통해 클로징 확률을 높이는 전략적 파트너 역할을 수행합니다. 또한, 현장에서 수집한 고객의 목소리(VOC)를 분석하여 마케팅/제품 팀에 전달하고, 실전 데이터를 바탕으로 서비스의 시장 적합성(PMF)을 검증하는 핵심 프로세스에 참여합니다.","세일즈와 비즈니스 개발 전문가로 성장하고 싶은 열정을 가진 성장 지향적인 인재를 찾습니다. 낯선 도메인 지식도 빠르게 학습하여 실행에 옮길 수 있는 능동적인 러닝 커브를 가진 분이어야 합니다. 다양한 이해관계자와 논리적이고 유연하게 소통하여 합의점을 찾아낼 수 있는 커뮤니케이션 역량과 목표 달성을 위해 끝까지 파고드는 끈기와 책임감을 가진 그릿(Grit)을 중요하게 생각합니다. 데이터에 기반해 현상을 분석하고 더 나은 프로세스를 제안해 본 경험, 발표나 공모전 등에서 설득 및 정보 전달 경험, 그리고 아르바이트나 인턴을 통해 고객을 직접 응대하며 만족을 이끌어본 세일즈/CS 경험이 있는 분을 우대합니다. 변화가 빠른 스타트업 환경에서 스스로 할 일을 찾아 성과를 만들어내는 과정을 즐기는 분을 환영합니다.","[""성장지향"", ""능동적"", ""끈기"", ""책임감"", ""빠른실행"", ""자율""]","직무 목적: Sales Manager는 시장을 개척하고 잠재 고객과의 신뢰 관계를 구축하여 세일즈 기회를 창출하며, 고객 데이터를 분석하여 서비스의 시장 적합성을 검증하는 핵심적인 역할을 수행합니다.
주요 업무: 시장 개척 및 전략적 타겟팅을 통해 가망 고객 리스트를 확보하고, 고객의 Pain Point에 맞춘 맞춤형 메시지를 설계하여 세일즈 기회를 창출합니다. 잠재 고객과의 첫 신뢰 관계를 형성하고, 고객 미팅을 직접 어레인지하며 제안서 최적화 및 리서치를 통해 클로징 확률을 높이는 전략적 파트너 역할을 수행합니다. 또한, 현장에서 수집한 고객의 목소리(VOC)를 분석하여 마케팅/제품 팀에 전달하고, 실전 데이터를 바탕으로 서비스의 시장 적합성(PMF)을 검증하는 핵심 프로세스에 참여합니다.
인재상: 세일즈와 비즈니스 개발 전문가로 성장하고 싶은 열정을 가진 성장 지향적인 인재를 찾습니다. 낯선 도메인 지식도 빠르게 학습하여 실행에 옮길 수 있는 능동적인 러닝 커브를 가진 분이어야 합니다. 다양한 이해관계자와 논리적이고 유연하게 소통하여 합의점을 찾아낼 수 있는 커뮤니케이션 역량과 목표 달성을 위해 끝까지 파고드는 끈기와 책임감을 가진 그릿(Grit)을 중요하게 생각합니다. 데이터에 기반해 현상을 분석하고 더 나은 프로세스를 제안해 본 경험, 발표나 공모전 등에서 설득 및 정보 전달 경험, 그리고 아르바이트나 인턴을 통해 고객을 직접 응대하며 만족을 이끌어본 세일즈/CS 경험이 있는 분을 우대합니다. 변화가 빠른 스타트업 환경에서 스스로 할 일을 찾아 성과를 만들어내는 과정을 즐기는 분을 환영합니다.",intern,internship_program,"누비랩에서 시장 개척, 고객 경험 설계, 데이터 분석을 통해 세일즈 기회를 창출하고 서비스의 시장 적합성을 검증할 채용연계형 Sales Manager 인턴을 모집합니다.",[]
311985,당근서비스,당근서비스 부동산 OB 단기계약직,CONTRACT,"[당근서비스 단기계약직을 모집해요] 버티컬팀을 소개해요. 본 포지션은 당근서비스의 버티컬팀 소속 포지션이에요. 버티컬팀은 당근부동산과 당근중고차를 담당하고 있어요. 저희는 당근부동산 서비스 운영을 함께 도와주실 단기계약직 분을 모집하고 있어요. 전화 안내 업무와 게시글 확인 업무를 함께 진행하는 포지션이에요. 버티컬팀은 정해진 기준과 가이드를 바탕으로 팀 단위로 일해요. 중개사 전화 안내와 게시글 확인 업무도 공통된 기준에 따라 진행하고, 애매한 상황은 혼자 판단하지 않고 팀과 함께 정리해요. 업무 속도도 중요하지만, 저희는 정확하고 일관된 안내를 더 중요하게 생각해요. 반복적인 업무를 꼼꼼하게 처리하는 분들과 잘 맞는 팀이에요. 담당 업무 - 당근부동산 서비스 활성화를 위한 아웃바운드(OB) 전화 업무 - 당근부동산에 등록되는 게시글을 확인하고 처리하는 업무(심사 및 검수) 고용형태 - 단기계약직(3개월) 계약기간 및 조건 - 계약기간 : 3개월 - 급여 : 230만 원 (식대 20만원 포함) - 근무 요일 : 월요일 - 금요일(주 5일) - 근무 시간: 오전 10시 - 오후 7시 자격 요건 - 아웃바운드 전화 업무가 가능하신 분 (주 업무) - 고객 입장에서 한 번 더 생각하고 차분하게 설명할 수 있는 분 - PC 사용에 어려움이 없는 분 (슬랙 및 노션 사용자 우대) - 반복되는 업무도 성실하게 이어가실 수 있는 분 - 명시되어 있는 계약 기간 동안 근무 가능하신 분 우대사항 - 적극적으로 소통하되, 정해진 업무 기준과 가이드를 잘 지켜주실 수 있는 분 - 필요할 때는 도움을 요청하고 피드백을 수용하실 수 있는 분 - 의견을 자유롭게 나누고, 좋은 제안이 있으면 실행되는 환경에서 일하는 데 거부감이 없는 분 복리후생 - 사내 스낵바 운영 - 자율 복장 - 4대 보험 가입 전형단계 및 일정 당근알바 지원하기 > 이력서 제출 > 서류 심사 > 대면 인터뷰(1:1) > 결과 안내 > 입사(교육 및 실무 진행) * 지원 시 이력서를 함께 제출해주세요. (필수) 결과 안내 : 영업일 기준 5일 이내 * 이력서를 제출한 지원자에 한하여 서류 검토 및 결과 안내를 진행해요.",,[],cs_cx,[],"[""부동산 OB 단기계약직""]","[""아웃바운드 전화 업무"", ""PC 활용 능력""]","[""Slack"", ""Notion"", ""소통 능력"", ""피드백 수용""]",it_software,unknown,large_corp,office,[],"[""고객·서비스 지향"", ""실행력·업무처리 능력"", ""커뮤니케이션 역량"", ""협업·팀워크""]",당근서비스는 지역 기반 중고거래 및 생활 편의 서비스를 제공하는 플랫폼 기업입니다. 버티컬팀은 당근부동산과 당근중고차 서비스를 담당하고 있습니다.,당근부동산 서비스의 활성화를 위해 아웃바운드 전화 안내 및 게시글 확인 업무를 수행하여 서비스 운영을 지원하는 역할입니다.,"주요 업무는 당근부동산 서비스 활성화를 위한 아웃바운드(OB) 전화 업무를 수행하는 것입니다. 또한, 당근부동산에 등록되는 게시글을 확인하고 심사 및 검수하는 업무를 담당합니다. 이 과정에서 정해진 기준과 가이드를 바탕으로 팀 단위로 협력하며, 애매한 상황은 팀과 함께 정리하여 정확하고 일관된 안내를 제공하는 것이 중요합니다.","아웃바운드 전화 업무가 가능하며, 고객 입장에서 한 번 더 생각하고 차분하게 설명할 수 있는 분을 찾습니다. PC 사용에 능숙하고, 슬랙 및 노션 사용 경험이 있다면 우대합니다. 반복되는 업무도 성실하고 꼼꼼하게 처리하며, 명시된 계약 기간 동안 근무 가능한 분이어야 합니다. 적극적으로 소통하고 정해진 업무 기준과 가이드를 잘 지키며, 필요할 때 도움을 요청하고 피드백을 수용할 수 있는 인재를 선호합니다. 의견을 자유롭게 나누고 좋은 제안이 실행되는 환경에서 일하는 데 거부감이 없는 분이면 좋습니다.","[""협업·팀워크"", ""정확성"", ""소통"", ""피드백"", ""실행력""]","회사: 당근서비스는 지역 기반 중고거래 및 생활 편의 서비스를 제공하는 플랫폼 기업입니다. 버티컬팀은 당근부동산과 당근중고차 서비스를 담당하고 있습니다.
직무 목적: 당근부동산 서비스의 활성화를 위해 아웃바운드 전화 안내 및 게시글 확인 업무를 수행하여 서비스 운영을 지원하는 역할입니다.
주요 업무: 주요 업무는 당근부동산 서비스 활성화를 위한 아웃바운드(OB) 전화 업무를 수행하는 것입니다. 또한, 당근부동산에 등록되는 게시글을 확인하고 심사 및 검수하는 업무를 담당합니다. 이 과정에서 정해진 기준과 가이드를 바탕으로 팀 단위로 협력하며, 애매한 상황은 팀과 함께 정리하여 정확하고 일관된 안내를 제공하는 것이 중요합니다.
인재상: 아웃바운드 전화 업무가 가능하며, 고객 입장에서 한 번 더 생각하고 차분하게 설명할 수 있는 분을 찾습니다. PC 사용에 능숙하고, 슬랙 및 노션 사용 경험이 있다면 우대합니다. 반복되는 업무도 성실하고 꼼꼼하게 처리하며, 명시된 계약 기간 동안 근무 가능한 분이어야 합니다. 적극적으로 소통하고 정해진 업무 기준과 가이드를 잘 지키며, 필요할 때 도움을 요청하고 피드백을 수용할 수 있는 인재를 선호합니다. 의견을 자유롭게 나누고 좋은 제안이 실행되는 환경에서 일하는 데 거부감이 없는 분이면 좋습니다.",contract,job_posting,당근서비스 버티컬팀에서 당근부동산 서비스 운영을 위한 아웃바운드 전화 및 게시글 검수 업무를 담당할 단기계약직을 모집합니다.,[]
311984,누비랩,[누비랩] [냠냠키즈] Sales Specialist (계약직/6개월),CONTRACT,"[누비랩] [냠냠키즈] Sales Specialist (계약직/6개월) [담당 업무] - 현장 중심 영업: 전국에 있는 어린이집/유치원을 대상으로 냠냠키즈 서비스를 알리고 계약의 첫 시작을 담당합니다. - 비즈니스 리드 발굴: 다양한 경로를 통해 신규 원장님과의 접점을 확보하고 고객 파이프라인을 구축합니다. - 관계 중심 관리: 계약 체결 이후에도 원장님들과 긴밀한 유대관계를 유지하며 긍정적인 브랜드 경험을 제공합니다. - 현장 데이터 피드백: 현장에서 수집한 고객의 목소리(VoC)를 바탕으로 더 나은 세일즈 전략과 서비스 개선안을 제안합니다. [자격요건] - 지방 출장 및 운전이 가능하신 분 (필수) - 친근한 커뮤니케이션: 처음 만나는 원장님과도 살갑고 유연하게 대화를 이끌어갈 수 있는 분을 찾습니다. - 실무 영업 역량: 유선 및 대면 세일즈를 통해 상대를 설득하고 성과를 만들어본 경험이 있는 분을 찾습니다. - 끈기 있는 도전 정신: 목표 달성을 위해 지치지 않고 집요하게 파고드는 열정이 있는 분을 찾습니다. - 논리적 사고력: 고객의 페인 포인트를 정확히 짚어내고 냠냠키즈의 가치를 명확하게 전달할 수 있는 분을 찾습니다. [우대조건] - 어린이집 또는 유치원 원장님 대상의 인적 네트워크를 보유하신 분 - 보험, 정수기, 학습지 등 밀착형 대면 영업 분야에서 풍부한 경험을 쌓으신 분 - 고객의 고민을 내 일처럼 생각하고 실행에 옮겨 감동을 주어본 경험이 있는 분",[냠냠키즈] Sales Specialist | 영업관리/지원/영업기획 | 영업/고객상담 | B2B영업/기술영업 | 일반영업 | 영업관리 | 지원 | 영업기획 | B2B영업 | 기술영업 | 자유양식 입니다. | [누비랩] [냠냠키즈] Sales Specialist (계약직/6개월),[],sales,"[""management_support""]","[""Sales Specialist"", ""영업관리"", ""영업지원"", ""영업기획"", ""B2B영업"", ""기술영업""]","[""운전면허""]","[""인적 네트워크"", ""대면 영업 경험""]",edu_tech,전국,startup,field,"[""프로젝트""]","[""커뮤니케이션 역량"", ""실행력·업무처리 능력"", ""문제해결 능력"", ""고객·서비스 지향""]",누비랩은 어린이집과 유치원을 대상으로 하는 '냠냠키즈' 서비스를 운영하는 회사입니다.,"이 직무는 전국 어린이집 및 유치원에 냠냠키즈 서비스를 효과적으로 알리고 계약을 성사시키며, 고객과의 긴밀한 관계를 유지하여 서비스 개선에 기여하는 중요한 역할을 수행합니다.",전국 어린이집과 유치원을 직접 방문하여 냠냠키즈 서비스를 소개하고 계약을 체결하는 현장 중심의 영업 활동을 수행합니다. 다양한 채널을 통해 신규 원장님들과의 접점을 확보하고 잠재 고객 파이프라인을 체계적으로 구축합니다. 계약 체결 후에도 원장님들과 지속적으로 소통하며 긍정적인 브랜드 경험을 제공하고 유대관계를 강화합니다. 현장에서 수집된 고객의 의견(VoC)을 분석하여 더 나은 세일즈 전략을 수립하고 서비스 개선 방안을 제안하는 역할을 담당합니다.,"지방 출장 및 운전이 필수이며, 처음 만나는 원장님과도 친근하고 유연하게 대화를 이끌어갈 수 있는 뛰어난 커뮤니케이션 역량을 갖춘 분을 찾습니다. 유선 및 대면 세일즈를 통해 상대를 설득하고 실제 성과를 창출해본 실무 영업 경험이 중요합니다. 목표 달성을 위해 지치지 않고 집요하게 파고드는 끈기 있는 도전 정신과 고객의 페인 포인트를 정확히 파악하여 냠냠키즈의 가치를 명확하게 전달할 수 있는 논리적 사고력을 요구합니다. 어린이집 또는 유치원 원장님 대상의 인적 네트워크를 보유했거나 보험, 정수기, 학습지 등 밀착형 대면 영업 분야에서 풍부한 경험을 쌓으신 분, 그리고 고객의 고민을 내 일처럼 여기고 감동을 주어본 경험이 있는 분을 우대합니다.",[],"회사: 누비랩은 어린이집과 유치원을 대상으로 하는 '냠냠키즈' 서비스를 운영하는 회사입니다.
직무 목적: 이 직무는 전국 어린이집 및 유치원에 냠냠키즈 서비스를 효과적으로 알리고 계약을 성사시키며, 고객과의 긴밀한 관계를 유지하여 서비스 개선에 기여하는 중요한 역할을 수행합니다.
주요 업무: 전국 어린이집과 유치원을 직접 방문하여 냠냠키즈 서비스를 소개하고 계약을 체결하는 현장 중심의 영업 활동을 수행합니다. 다양한 채널을 통해 신규 원장님들과의 접점을 확보하고 잠재 고객 파이프라인을 체계적으로 구축합니다. 계약 체결 후에도 원장님들과 지속적으로 소통하며 긍정적인 브랜드 경험을 제공하고 유대관계를 강화합니다. 현장에서 수집된 고객의 의견(VoC)을 분석하여 더 나은 세일즈 전략을 수립하고 서비스 개선 방안을 제안하는 역할을 담당합니다.
인재상: 지방 출장 및 운전이 필수이며, 처음 만나는 원장님과도 친근하고 유연하게 대화를 이끌어갈 수 있는 뛰어난 커뮤니케이션 역량을 갖춘 분을 찾습니다. 유선 및 대면 세일즈를 통해 상대를 설득하고 실제 성과를 창출해본 실무 영업 경험이 중요합니다. 목표 달성을 위해 지치지 않고 집요하게 파고드는 끈기 있는 도전 정신과 고객의 페인 포인트를 정확히 파악하여 냠냠키즈의 가치를 명확하게 전달할 수 있는 논리적 사고력을 요구합니다. 어린이집 또는 유치원 원장님 대상의 인적 네트워크를 보유했거나 보험, 정수기, 학습지 등 밀착형 대면 영업 분야에서 풍부한 경험을 쌓으신 분, 그리고 고객의 고민을 내 일처럼 여기고 감동을 주어본 경험이 있는 분을 우대합니다.",contract,job_posting,누비랩 냠냠키즈 서비스의 전국 어린이집/유치원 대상 현장 영업 및 고객 관계 관리 담당 계약직 Sales Specialist를 모집합니다.,[]
311980,"US Pharmatech NV, Inc",[미국인턴/네바다주] 건강기능식품 OEM 제조기업 - 유지보수 엔지니어 인턴 채용,INTERN,"[미국인턴/네바다주] 건강기능식품 OEM 제조기업 - 유지보수 엔지니어 인턴 채용 ~ 채용 시 마감 모집부문 및 상세내용 모집 부문 상세내용 유지보수 엔지 니어 US Pharmatech NV, Inc 2017년에 설립된 건강기능식품 전문 제조기업으로 OEM 및 개인 라벨 서비스를 전문으로 하고 있습니다. 당사의 제품은 GMP 표준 작업장 및 필수 QA/QC 전문 품질 관리에서 생산됩니다. 3000여개 이상의 공식을 개발한 경험 있으며 생산범위는 알약부터 액상 형태까지 다양합니다. 담당업무 1. 유지보수 작업 지원 예방정비(PM) 작업 보조 필터, 벨트, 소모품 교체 지원 기본적인 설비 점검 및 청소 작업 수행 작업 도구 관리 및 부품 준비 2. 문제 해결 지원 Technician의 트러블슈팅 작업 보조 간단한 기계 및 전기 문제 진단 지원 작업 현장 정리 및 안전 유지 3. 문서 및 데이터 관리 CMMS 작업 입력 및 기록 보조 점검 체크리스트 작성 지원 유지보수 관련 데이터 정리 4. 교육 및 학습 설비 구조 및 작동 원리 학습 GMP 및 안전 규정 교육 참여 기본 전기/기계 작업 습득a clean and safe work environment 채용형태 - 인턴 12개월 자격조건 신입 대학교졸업(4년)이상, 졸업 예정자 지원가능 기계/전기/산업공학 등 유관 공학 계열 전공자 졸업예정자 지원 가능(3학년 이상) 기본적인 공구 사용 가능 미국 근무 환경에서 새로운 것을 배우는 데 적극적이며, 영어 의사소통이 가능한 자 제조업 또는 유지보수 인턴 경험 우대 전기/기계 기초 지식 우대 CMMS 또는 유지보수 시스템 경험 우대 안전 및 GMP 환경에 대한 이해 우대 근무조건 고용형태 : 인턴직 12개월 (정규직 전환 가능 가능), 해외취업 급여 : $17/hrs (한화 약 5,200만원 내외, 환율에 따라 상이) 추가혜택 : 회사 내규에 따라 병가/연차 제공 근무지 : 미국 네바다주 채용절차 1. 지원/접수 2. 채용대행 에이전시(ICN Group) 통해 서류 검토, J-1 Visa 발급요건 부합여부 확인 3. 기업 인터뷰 (화상 Zoom으로 통해 진행) 4. 합격자, 미국 스폰서기관 인터뷰 (회사-지원자 간의 보증을 해주는 미국 국무성 지정 기관) 5. 주한미국대사관 인터뷰 6. 출국/출근 접수문의 아이씨엔그룹(주)는 미국인턴 전문 에이전시입니다. 파견직이 아닌 해당기업 미국현지법인 직접고용으로 근무하게 됩니다. J-1비자로 입사하며 비자발급비용은 지원자 개인부담입니다. 지원문의 : (유선) (메일) (카카오톡) t (신청서 제출 : ) 또는 링커리어 간편 지원 시스템을 활용해 주세요. 자격요건 학력 대학졸업(4년) 이상(졸업예정자 가능) 근무조건 급여 연봉 5200만원 ~ 5200만원 근무시간 주 5일(월~금) 08:00 ~ 17:00 근무지역 해외 (미국 네바다주) ~ 채용 시 마감",,"[""http://pf.kakao.com/_RBmwj/cha"", ""https://forms.gle/TVkc8knomHkrfrXq9""]",engineering_hw,[],"[""유지보수 엔지니어""]","[""공구 사용"", ""영어"", ""기계 기초 지식"", ""전기 기초 지식""]","[""제조업 인턴 경험"", ""유지보수 인턴 경험"", ""CMMS"", ""GMP"", ""안전 규정 이해""]",manufacturing,네바다주,foreign_corp,office,"[""인턴"", ""프로젝트""]","[""학습·성장 역량"", ""문제해결 능력""]","US Pharmatech NV, Inc는 2017년에 설립된 건강기능식품 전문 제조기업으로, OEM 및 개인 라벨 서비스를 전문으로 제공합니다. GMP 표준 작업장과 필수 QA/QC 전문 품질 관리를 통해 3000여개 이상의 공식을 개발하며, 알약부터 액상 형태까지 다양한 제품을 생산합니다.","이 직무는 건강기능식품 제조 설비의 안정적인 운영을 위해 예방 정비 및 문제 해결을 지원하고, 관련 문서 및 데이터를 관리하는 역할을 수행합니다. 이를 통해 유지보수 엔지니어로서의 실무 역량을 학습하고 성장하는 데 기여하게 됩니다.","유지보수 엔지니어 인턴은 예방정비(PM) 작업을 보조하며 필터, 벨트, 소모품 교체 지원 및 기본적인 설비 점검과 청소 작업을 수행합니다. 또한 작업 도구를 관리하고 필요한 부품을 준비하는 역할을 담당합니다. Technician의 트러블슈팅 작업을 지원하며 간단한 기계 및 전기 문제를 진단하고, 작업 현장을 정리하며 안전을 유지하는 데 기여합니다. CMMS 작업 입력 및 기록 보조, 점검 체크리스트 작성 지원, 유지보수 관련 데이터 정리 등의 문서 및 데이터 관리 업무도 수행합니다. 이와 함께 설비 구조 및 작동 원리를 학습하고 GMP 및 안전 규정 교육에 참여하며 기본 전기/기계 작업을 습득하게 됩니다.","대학교 졸업(4년) 이상 또는 졸업 예정자로 기계/전기/산업공학 등 유관 공학 계열 전공자를 찾습니다. 기본적인 공구 사용이 가능하고 미국 근무 환경에서 새로운 것을 배우는 데 적극적이며 영어 의사소통이 원활한 인재를 선호합니다. 제조업 또는 유지보수 인턴 경험, 전기/기계 기초 지식, CMMS 또는 유지보수 시스템 경험이 있는 지원자는 우대합니다. 또한 안전 및 GMP 환경에 대한 이해를 갖춘 분을 환영합니다.","[""안전"", ""GMP""]","회사: US Pharmatech NV, Inc는 2017년에 설립된 건강기능식품 전문 제조기업으로, OEM 및 개인 라벨 서비스를 전문으로 제공합니다. GMP 표준 작업장과 필수 QA/QC 전문 품질 관리를 통해 3000여개 이상의 공식을 개발하며, 알약부터 액상 형태까지 다양한 제품을 생산합니다.
직무 목적: 이 직무는 건강기능식품 제조 설비의 안정적인 운영을 위해 예방 정비 및 문제 해결을 지원하고, 관련 문서 및 데이터를 관리하는 역할을 수행합니다. 이를 통해 유지보수 엔지니어로서의 실무 역량을 학습하고 성장하는 데 기여하게 됩니다.
주요 업무: 유지보수 엔지니어 인턴은 예방정비(PM) 작업을 보조하며 필터, 벨트, 소모품 교체 지원 및 기본적인 설비 점검과 청소 작업을 수행합니다. 또한 작업 도구를 관리하고 필요한 부품을 준비하는 역할을 담당합니다. Technician의 트러블슈팅 작업을 지원하며 간단한 기계 및 전기 문제를 진단하고, 작업 현장을 정리하며 안전을 유지하는 데 기여합니다. CMMS 작업 입력 및 기록 보조, 점검 체크리스트 작성 지원, 유지보수 관련 데이터 정리 등의 문서 및 데이터 관리 업무도 수행합니다. 이와 함께 설비 구조 및 작동 원리를 학습하고 GMP 및 안전 규정 교육에 참여하며 기본 전기/기계 작업을 습득하게 됩니다.
인재상: 대학교 졸업(4년) 이상 또는 졸업 예정자로 기계/전기/산업공학 등 유관 공학 계열 전공자를 찾습니다. 기본적인 공구 사용이 가능하고 미국 근무 환경에서 새로운 것을 배우는 데 적극적이며 영어 의사소통이 원활한 인재를 선호합니다. 제조업 또는 유지보수 인턴 경험, 전기/기계 기초 지식, CMMS 또는 유지보수 시스템 경험이 있는 지원자는 우대합니다. 또한 안전 및 GMP 환경에 대한 이해를 갖춘 분을 환영합니다.",intern,internship_program,미국 네바다주 건강기능식품 OEM 제조기업에서 설비 유지보수 및 관리를 지원할 엔지니어 인턴을 채용합니다.,[]
311974,LG에너지솔루션,[LG에너지솔루션] [CTO] Cell선행 생산운영 현장계약직 모집,CONTRACT,"[LG에너지솔루션] [CTO] Cell선행 생산운영 현장계약직 모집 이런 일을 합니다. - 원재료 입고/재고 관리, 투입, 슬러리 TK 관리, 불량품 처리, SD 청소 - 설비 관리, 혼합 분체 이송/공급, 불량품 처리, 롤 청소, 호일/라미 전극 롤 관리 - 라미 전극 롤/압연 양품 롤 관리 참고해 주세요. - 입사일로부터 6개월 간 근무하는 계약직이에요. (평가에 따라 최대 2년간 근무 가능) 이런 분을 선호해요. - 전극 원재료 이송, 믹싱, 코팅, 롤프레스 등 전극 제조업체 관련 생산 경력자 선호 - R2R 필름 성형/가공 관련 생산 경력자 선호 - 전극물성 측정 관련 품질관리 경력자 선호 이런 분을 찾고 있어요. - 전극 또는 믹싱/R2R 공정 운영 경험 및 역량 - 전극 또는 믹싱/R2R 설비 유지보수 전문성 - 전극 또는 믹싱/R2R 설비 Set Up 경험 및 역량","생산운영 | 전자 | 전기/전자/제어 | 연구개발/설계 | 전기/전기설비 | 생산 | 생산/제조/설비/조립 | 생산/제조 | 제조/가공 | 품질관리 | 생산관리/공정관리/품질관리 | 자재관리 | 생산관리 | 자재/재고관리 | 구매/자재/재고 | 무역/유통 | 본인이 보유한 직무 전문성 1~2개에 대해 기술하고, 그를 통한 성과 창출 사례에 대해 기술해주세요. | LG에너지솔루션에서 본인의 직무 전문성을 적용하고 기여할 수 있는 방안에 대해 기술해주세요. | [LG에너지솔루션] [CTO] Cell선행 생산운영 현장계약직 모집",[],manufacturing,"[""quality""]","[""Cell선행 생산운영 현장계약직""]","[""공정 운영"", ""설비 유지보수"", ""설비 Set Up""]","[""전극 제조업체 생산 경험"", ""R2R 필름 성형/가공 경험"", ""전극물성 측정"", ""품질관리 경험""]",battery_energy,unknown,large_corp,field,"[""프로젝트""]","[""실행력·업무처리 능력"", ""문제해결 능력""]","LG에너지솔루션은 배터리 생산 및 에너지 솔루션을 제공하는 글로벌 기업으로, 특히 배터리 셀 생산 분야에서 선도적인 역할을 합니다.","이 직무는 배터리 셀 생산 공정의 원재료 관리, 설비 운영 및 유지보수, 품질 관리를 통해 안정적이고 효율적인 생산을 지원하고 불량률을 최소화하는 데 기여합니다.","원재료 입고 및 재고를 관리하고 생산 라인에 투입하며, 슬러리 TK 관리와 불량품 처리, SD 청소 업무를 수행합니다. 또한 설비를 관리하고 혼합 분체를 이송 및 공급하며, 불량품 처리와 롤 청소, 호일 및 라미 전극 롤 관리를 담당합니다. 최종적으로 라미 전극 롤과 압연 양품 롤을 관리하여 생산 공정 전반의 효율성과 품질을 확보합니다.","전극 원재료 이송, 믹싱, 코팅, 롤프레스 등 전극 제조업체 관련 생산 경력자를 선호합니다. R2R 필름 성형 및 가공 관련 생산 경력자, 전극물성 측정 관련 품질관리 경력자를 우대합니다. 전극 또는 믹싱/R2R 공정 운영 경험과 역량을 갖추고, 관련 설비 유지보수 및 Set Up 전문성을 보유한 인재를 찾고 있습니다.",[],"회사: LG에너지솔루션은 배터리 생산 및 에너지 솔루션을 제공하는 글로벌 기업으로, 특히 배터리 셀 생산 분야에서 선도적인 역할을 합니다.
직무 목적: 이 직무는 배터리 셀 생산 공정의 원재료 관리, 설비 운영 및 유지보수, 품질 관리를 통해 안정적이고 효율적인 생산을 지원하고 불량률을 최소화하는 데 기여합니다.
주요 업무: 원재료 입고 및 재고를 관리하고 생산 라인에 투입하며, 슬러리 TK 관리와 불량품 처리, SD 청소 업무를 수행합니다. 또한 설비를 관리하고 혼합 분체를 이송 및 공급하며, 불량품 처리와 롤 청소, 호일 및 라미 전극 롤 관리를 담당합니다. 최종적으로 라미 전극 롤과 압연 양품 롤을 관리하여 생산 공정 전반의 효율성과 품질을 확보합니다.
인재상: 전극 원재료 이송, 믹싱, 코팅, 롤프레스 등 전극 제조업체 관련 생산 경력자를 선호합니다. R2R 필름 성형 및 가공 관련 생산 경력자, 전극물성 측정 관련 품질관리 경력자를 우대합니다. 전극 또는 믹싱/R2R 공정 운영 경험과 역량을 갖추고, 관련 설비 유지보수 및 Set Up 전문성을 보유한 인재를 찾고 있습니다.",contract,job_posting,"LG에너지솔루션 CTO Cell선행 생산운영 현장계약직은 배터리 셀 생산 공정의 원재료, 설비, 품질 관리를 담당하며, 관련 생산 및 품질관리 경력자를 우대합니다.",[]
311966,백패커,"[백패커] [아이디어스] 인플루언서 공동구매 인턴 (체험형, 6개월)",INTERN,"[백패커] [아이디어스] 인플루언서 공동구매 인턴 (체험형, 6개월) 주요 업무 - 인플루언서 및 작가 대상 공동구매 제안 및 운영 관리 - 인플루언서 대상 콜드 DM/제안 및 협업 성사 - 협찬 및 광고 캠페인 운영 지원 - 공구 및 캠페인 성과 데이터 정리 및 분석 - CRM 및 퍼포먼스 마케팅 운영 지원 - 기타 마케팅/사업 운영 관련 업무 자격 요건 - 인플루언서 마케팅 및 공동구매 업무에 관심이 있으신 분 - 도적적인 아웃바운드 영업(콜드콜, 콜드DM)에 부담이 없으신 분 - 엑셀/스프레드시트에 대한 기본적인 이해도가 있으신 분 - 피그마, 포토샵 등 툴을 활용한 기본적인 디자인 작업 가능한 분 우대 사항 - 인플루언서 마케팅, 공동구매 및 핸드메이드에 대한 관심과 이해가 있으신 분 - 이커머스 플랫폼 근무 경험이 있으신 분 - 앱 서비스 및 앱 마케팅에 대한 이해가 있으신 분","인플루언서 공동구매 | 마케팅/PR/분석 | 마케팅/광고/홍보 | 마케팅전략/기획 | 광고기획 | 온라인마케팅 | 시장조사/분석 | 브랜드매니저 | 해외마케팅 | 언론홍보/PR | 설문/리서치 | 자유양식 입니다. | [백패커] [아이디어스] 인플루언서 공동구매 인턴 (체험형, 6개월)",[],marketing,"[""planning_strategy"", ""sales""]","[""인플루언서 공동구매 인턴""]","[""엑셀"", ""스프레드시트"", ""피그마"", ""포토샵""]","[""인플루언서 마케팅"", ""공동구매"", ""핸드메이드"", ""이커머스 플랫폼"", ""앱 서비스"", ""앱 마케팅""]",retail_ecommerce,unknown,mid_corp,unknown,"[""인턴"", ""프로젝트"", ""대외활동""]","[""실행력·업무처리 능력"", ""커뮤니케이션 역량"", ""정보수집·분석 역량""]","백패커는 핸드메이드 마켓플레이스 '아이디어스'를 운영하며, 작가와 소비자를 연결하는 이커머스 플랫폼 기업입니다.",이 직무는 인플루언서 공동구매를 기획하고 운영하여 아이디어스 플랫폼의 상품 판매를 증대시키고 마케팅 효과를 극대화하는 역할을 수행합니다.,"인플루언서 및 작가를 대상으로 공동구매를 제안하고 운영을 관리하며, 콜드 DM 등을 통해 인플루언서와의 협업을 성사시킵니다. 또한, 협찬 및 광고 캠페인 운영을 지원하고, 공동구매 및 캠페인 성과 데이터를 정리하고 분석합니다. CRM 및 퍼포먼스 마케팅 운영을 지원하며, 기타 마케팅 및 사업 운영 관련 업무를 수행합니다.","인플루언서 마케팅 및 공동구매 업무에 깊은 관심을 가진 분을 찾습니다. 도전적인 아웃바운드 영업 활동에 부담이 없어야 하며, 엑셀/스프레드시트 활용 능력과 피그마, 포토샵 등 디자인 툴을 다룰 수 있어야 합니다. 인플루언서 마케팅, 공동구매, 핸드메이드 분야에 대한 이해가 높고, 이커머스 플랫폼 근무 경험이나 앱 서비스 및 앱 마케팅에 대한 이해가 있는 분을 우대합니다.",[],"회사: 백패커는 핸드메이드 마켓플레이스 '아이디어스'를 운영하며, 작가와 소비자를 연결하는 이커머스 플랫폼 기업입니다.
직무 목적: 이 직무는 인플루언서 공동구매를 기획하고 운영하여 아이디어스 플랫폼의 상품 판매를 증대시키고 마케팅 효과를 극대화하는 역할을 수행합니다.
주요 업무: 인플루언서 및 작가를 대상으로 공동구매를 제안하고 운영을 관리하며, 콜드 DM 등을 통해 인플루언서와의 협업을 성사시킵니다. 또한, 협찬 및 광고 캠페인 운영을 지원하고, 공동구매 및 캠페인 성과 데이터를 정리하고 분석합니다. CRM 및 퍼포먼스 마케팅 운영을 지원하며, 기타 마케팅 및 사업 운영 관련 업무를 수행합니다.
인재상: 인플루언서 마케팅 및 공동구매 업무에 깊은 관심을 가진 분을 찾습니다. 도전적인 아웃바운드 영업 활동에 부담이 없어야 하며, 엑셀/스프레드시트 활용 능력과 피그마, 포토샵 등 디자인 툴을 다룰 수 있어야 합니다. 인플루언서 마케팅, 공동구매, 핸드메이드 분야에 대한 이해가 높고, 이커머스 플랫폼 근무 경험이나 앱 서비스 및 앱 마케팅에 대한 이해가 있는 분을 우대합니다.",intern,internship_program,아이디어스 인플루언서 공동구매 인턴은 인플루언서 협업을 통해 공동구매를 기획하고 운영하며 마케팅 성과를 분석하는 역할을 수행합니다.,[]
311965,BWS Group Co dba OB USA INC,"[미국인턴/캘리포니아] ""좋은데이"" 소주 미주총판 - 경영지원/웹사이트개발자 인턴 각각 채용",INTERN,"[미국인턴/캘리포니아] ""좋은데이"" 소주 미주총판 - 경영지원/웹사이트개발자 인턴 각각 채용 ~ 채용 시 마감 모집부문 및 상세내용 모집 부문 상세내용 웹사이트 개발자 담당업무 - 반응형 웹사이트 및 모바일 애플리케이션 개발, 유지보수 및 성능 최적화 - 다양한 부서와 협업하여 신규 기능 기획, 설계 및 개발 - 코드 작성 시 가독성과 효율성, 확장성을 고려한 개발 (베스트 프랙티스 준수) - 기존 시스템의 문제 해결, 디버깅 및 업그레이드 수행 - 코드 리뷰 참여 및 팀 내 지식 공유에 기여 - 애플리케이션의 성능, 품질 및 반응성 보장 - 최신 기술 및 업계 트렌드 지속 학습 및 적용 채용형태 - 인턴 12개월 자격조건 - 신입 - 대학교졸업(4년)이상, 졸업 예정자 지원가능 - 컴퓨터공학 또는 관련 전공 학사 학위 소지자(예정자 포함) - 프로그래밍 기초 및 소프트웨어 개발 원리에 대한 이해 - 웹 및/또는 모바일 개발 실무 경험 1~2년 이상 우대 - 프론트엔드: HTML, CSS, JavaScript React, Vue.js 등 프레임워크 우대 - 백엔드: Node.js, PHP, Python 등 - 모바일(우대): React Native, Flutter, Swift, Kotlin MySQL, PostgreSQL, MongoDB 등 데이터베이스 이해 Git 등 버전 관리 도구 기본 지식 - RESTful API 및 외부 시스템 연동 경험 우대 - AWS, Firebase 등 클라우드 서비스 경험 우대 - UI/UX 기본 이해 우대 포트폴리오 제출(포폴 또는 GitHub 필수) 경영지원 담당업무 - 일상적인 비즈니스 운영 전반 관리 및 지원 - 프로젝트 기획, 조율 및 관리 업무 지원 - 내부 및 외부 이해관계자와의 커뮤니케이션 지원 - 필요 시 각종 행정 업무 지원 - 프로젝트 리딩 및 팀 조율, 의사결정 수행 - 회사 성장을 위한 전략적 비즈니스 업무 수행 채용형태 - 인턴 12개월 자격조건 - 신입 - 대학교졸업(4년)이상, 졸업 예정자 지원가능 - 경영학 또는 관련 전공 학사 학위 소지자(예정자 포함) - 3학년 이상 재학생 참여 가능(휴학 필요) - MS Office, Google Workspace 등 활용 능력 근무조건 고용형태 : 인턴직 12개월 (정규직 전환 가능 가능), 해외취업 급여 : $20/hrs (한화 약 6,100만원 내외, 환율에 따라 상이) 추가혜택 : 회사 내규에 따라 병가/연차 제공 근무지 : 미국 캘리포니아주 채용절차 1. 지원/접수 2. 채용대행 에이전시(ICN Group) 통해 서류 검토, J-1 Visa 발급요건 부합여부 확인 3. 기업 인적성검사 및 인터뷰 (화상 Zoom으로 통해 진행) 4. 합격자, 미국 스폰서기관 인터뷰 (회사-지원자 간의 보증을 해주는 미국 국무성 지정 기관) 5. 주한미국대사관 인터뷰 6. 출국/출근 접수문의 아이씨엔그룹(주)는 미국인턴 전문 에이전시입니다. 파견직이 아닌 해당기업 미국현지법인 직접고용으로 근무하게 됩니다. J-1비자로 입사하며 비자발급비용은 지원자 개인부담입니다. 지원문의 : (유선) (메일) (카카오톡) t (신청서 제출 : ) 또는 링커리어 간편 지원 시스템을 활용해 주세요. 자격요건 학력 대학졸업(4년) 이상(졸업예정자 가능) 근무조건 급여 연봉 6100만원 ~ 6100만원 근무시간 주 5일(월~금) 09:00 ~ 18:00 근무지역 해외 (미국 캘리포니아주) ~ 채용 시 마감",,"[""http://pf.kakao.com/_RBmwj/cha"", ""https://forms.gle/TVkc8knomHkrfrXq9""]",software_dev,"[""management_support""]","[""웹사이트 개발자"", ""경영지원""]","[""프로그래밍 기초"", ""소프트웨어 개발 원리"", ""MS Office"", ""Google Workspace""]","[""HTML"", ""CSS"", ""JavaScript"", ""React"", ""Vue.js"", ""Node.js"", ""PHP"", ""Python"", ""React Native"", ""Flutter"", ""Swift"", ""Kotlin"", ""MySQL"", ""PostgreSQL"", ""MongoDB"", ""Git"", ""RESTful API"", ""AWS"", ""Firebase"", ""UI/UX""]",food_beverage,캘리포니아,foreign_corp,office,"[""프로젝트""]","[""문제해결 능력"", ""실행력·업무처리 능력"", ""협업·팀워크"", ""커뮤니케이션 역량"", ""학습·성장 역량""]","BWS Group Co dba OB USA INC는 '좋은데이' 소주의 미주총판으로, 미국 시장에서 소주를 유통하고 판매하는 기업입니다.","이 직무는 '좋은데이' 소주의 미주총판으로서 웹사이트 개발을 통해 디지털 플랫폼을 구축하고 유지보수하며, 경영지원을 통해 회사의 일상적인 운영과 전략적 비즈니스 성장을 지원하는 데 기여합니다.","웹사이트 개발자는 반응형 웹사이트 및 모바일 애플리케이션을 개발하고 유지보수하며 성능을 최적화하는 역할을 수행합니다. 다양한 부서와 협업하여 신규 기능을 기획, 설계 및 개발하며, 코드 작성 시 가독성, 효율성, 확장성을 고려한 베스트 프랙티스를 준수합니다. 또한 기존 시스템의 문제 해결, 디버깅 및 업그레이드를 수행하고 코드 리뷰에 참여하며 팀 내 지식 공유에 기여합니다. 애플리케이션의 성능, 품질 및 반응성을 보장하고 최신 기술 및 업계 트렌드를 지속적으로 학습하고 적용해야 합니다. 경영지원 담당자는 일상적인 비즈니스 운영 전반을 관리하고 지원하며, 프로젝트 기획, 조율 및 관리 업무를 지원합니다. 내부 및 외부 이해관계자와의 원활한 커뮤니케이션을 지원하고 필요 시 각종 행정 업무를 수행합니다. 나아가 프로젝트를 리딩하고 팀을 조율하며 의사결정을 수행하고, 회사 성장을 위한 전략적 비즈니스 업무를 수행합니다.","웹사이트 개발자 포지션은 컴퓨터공학 또는 관련 전공 학사 학위 소지자(졸업 예정자 포함)로, 프로그래밍 기초 및 소프트웨어 개발 원리에 대한 이해가 필수적입니다. 웹 및/또는 모바일 개발 실무 경험이 1~2년 이상인 경우 우대하며, 프론트엔드(HTML, CSS, JavaScript, React, Vue.js), 백엔드(Node.js, PHP, Python), 모바일(React Native, Flutter, Swift, Kotlin) 개발 경험이 있는 분을 찾습니다. MySQL, PostgreSQL, MongoDB 등 데이터베이스 이해와 Git 등 버전 관리 도구 기본 지식이 요구되며, RESTful API 및 클라우드 서비스(AWS, Firebase) 경험과 UI/UX 기본 이해가 있다면 더욱 좋습니다. 포트폴리오 또는 GitHub 제출이 필수입니다. 경영지원 포지션은 경영학 또는 관련 전공 학사 학위 소지자(졸업 예정자 포함) 또는 3학년 이상 재학생이 지원 가능하며, MS Office 및 Google Workspace 활용 능력을 갖춘 인재를 선호합니다.","[""협업"", ""지식 공유"", ""지속 학습"", ""성장""]","회사: BWS Group Co dba OB USA INC는 '좋은데이' 소주의 미주총판으로, 미국 시장에서 소주를 유통하고 판매하는 기업입니다.
직무 목적: 이 직무는 '좋은데이' 소주의 미주총판으로서 웹사이트 개발을 통해 디지털 플랫폼을 구축하고 유지보수하며, 경영지원을 통해 회사의 일상적인 운영과 전략적 비즈니스 성장을 지원하는 데 기여합니다.
주요 업무: 웹사이트 개발자는 반응형 웹사이트 및 모바일 애플리케이션을 개발하고 유지보수하며 성능을 최적화하는 역할을 수행합니다. 다양한 부서와 협업하여 신규 기능을 기획, 설계 및 개발하며, 코드 작성 시 가독성, 효율성, 확장성을 고려한 베스트 프랙티스를 준수합니다. 또한 기존 시스템의 문제 해결, 디버깅 및 업그레이드를 수행하고 코드 리뷰에 참여하며 팀 내 지식 공유에 기여합니다. 애플리케이션의 성능, 품질 및 반응성을 보장하고 최신 기술 및 업계 트렌드를 지속적으로 학습하고 적용해야 합니다. 경영지원 담당자는 일상적인 비즈니스 운영 전반을 관리하고 지원하며, 프로젝트 기획, 조율 및 관리 업무를 지원합니다. 내부 및 외부 이해관계자와의 원활한 커뮤니케이션을 지원하고 필요 시 각종 행정 업무를 수행합니다. 나아가 프로젝트를 리딩하고 팀을 조율하며 의사결정을 수행하고, 회사 성장을 위한 전략적 비즈니스 업무를 수행합니다.
인재상: 웹사이트 개발자 포지션은 컴퓨터공학 또는 관련 전공 학사 학위 소지자(졸업 예정자 포함)로, 프로그래밍 기초 및 소프트웨어 개발 원리에 대한 이해가 필수적입니다. 웹 및/또는 모바일 개발 실무 경험이 1~2년 이상인 경우 우대하며, 프론트엔드(HTML, CSS, JavaScript, React, Vue.js), 백엔드(Node.js, PHP, Python), 모바일(React Native, Flutter, Swift, Kotlin) 개발 경험이 있는 분을 찾습니다. MySQL, PostgreSQL, MongoDB 등 데이터베이스 이해와 Git 등 버전 관리 도구 기본 지식이 요구되며, RESTful API 및 클라우드 서비스(AWS, Firebase) 경험과 UI/UX 기본 이해가 있다면 더욱 좋습니다. 포트폴리오 또는 GitHub 제출이 필수입니다. 경영지원 포지션은 경영학 또는 관련 전공 학사 학위 소지자(졸업 예정자 포함) 또는 3학년 이상 재학생이 지원 가능하며, MS Office 및 Google Workspace 활용 능력을 갖춘 인재를 선호합니다.",intern,internship_program,"좋은데이 소주 미주총판에서 웹사이트 개발 및 경영지원 인턴을 채용하며, 미국 캘리포니아에서 근무합니다.",[]
311962,그린케미칼,[그린케미칼] 케미칼연구팀 신입/경력사원 채용,"NEW, EXPERIENCED","[그린케미칼] 케미칼연구팀 신입/경력사원 채용 주요 업무 유화분산제, 합성 윤활유, 합성수지용 Polyol 개발 및 응용 연구 전자재료 및 고기능성 첨가제용 Chemiclal 합성 연구 신규 원료/촉매 기반 차세대 소재 개발 고객사 VOC 기반 제품 개선 및 Application 평가 기술자료 작성 및 기술영업/영업지원 업무 수행 자격 요건(필수) 4년제 대학 이상의 학위를 가진 분 화학 관련 전공자이신 분 신입 또는 경력(5년 이내) 우대 사항 석사 학위를 소유하신 분 유,무기합성 업무를 경험해보신 분 외국어 능력이 우수하신 분 분석기기 활용 가능자(GC, GPC, LC, NMR등)","케미칼연구팀 | 지원 | 영업관리/지원/영업기획 | 영업/고객상담 | 화학 | 화학/에너지/환경 | 연구개발/설계 | 전자 | 전기/전자/제어 | 기술영업 | B2B영업/기술영업 | 제조/가공 | 생산/제조/설비/조립 | 생산/제조 | 그린케미칼에 지원한 이유와 본인이 회사에 기여할 수 있는 점을 기술해 주십시오. | 살아오면서 어려웠던 순간을 극복하여 지금의 나를 만들어준 계기가 된 경험에 대해 기술해 주십시오. | 공동의 목표를 위해 협업했던 경험에 대해 기술해 주십시오. | 지원하신 직무가 무엇이라 생각하며 직무수행에 필요한 역량을 갖추기 위해 어떤 준비를 하셨는지 기술해 주십시오. | 귀하를 채용하기 위하여 반드시 알아야 할 것이 있다면 무엇이고, 그 이유에 대하여 기술해 주십시오. | (신입 해당)인턴 경험이 있다면 기술해 주십시오. | [그린케미칼] 케미칼연구팀 신입/경력사원 채용",[],rnd,"[""sales""]","[""케미칼연구팀""]","[""화학"", ""화학공학""]","[""유기합성"", ""무기합성"", ""외국어"", ""GC"", ""GPC"", ""LC"", ""NMR""]",chemical_materials,unknown,mid_corp,unknown,"[""인턴"", ""프로젝트""]","[""협업·팀워크"", ""문제해결 능력"", ""커뮤니케이션 역량""]","그린케미칼은 유화분산제, 합성 윤활유, 합성수지용 Polyol, 전자재료 및 고기능성 첨가제 등 다양한 화학 소재를 개발하고 응용 연구를 수행하는 회사입니다.","이 직무는 유화분산제, 합성 윤활유, 합성수지용 Polyol 등 핵심 화학 소재를 개발하고, 전자재료 및 고기능성 첨가제용 신규 화학 물질을 합성하여 차세대 소재 기술을 선도하며 고객사의 요구에 맞는 제품 개선을 목표로 합니다.","주요 업무는 유화분산제, 합성 윤활유, 합성수지용 Polyol의 개발 및 응용 연구를 수행하는 것입니다. 또한 전자재료 및 고기능성 첨가제에 사용될 Chemiclal 합성 연구를 진행하며, 신규 원료와 촉매를 기반으로 차세대 소재를 개발합니다. 고객사의 VOC(Voice Of Customer)를 바탕으로 제품을 개선하고 Application 평가를 수행하며, 기술자료 작성 및 기술영업/영업지원 업무를 통해 연구 성과를 지원합니다.","4년제 대학 이상의 화학 관련 전공 학위를 소지한 신입 또는 경력 5년 이내의 인재를 찾습니다. 석사 학위 소지자, 유기 및 무기합성 업무 경험자, 우수한 외국어 능력 보유자, 그리고 GC, GPC, LC, NMR 등 분석기기 활용 가능자를 우대합니다. 공동의 목표를 위해 협업하고 문제 해결 능력을 발휘하며, 효과적인 커뮤니케이션을 통해 기술 영업 및 지원 업무를 수행할 수 있는 분을 선호합니다.",[],"회사: 그린케미칼은 유화분산제, 합성 윤활유, 합성수지용 Polyol, 전자재료 및 고기능성 첨가제 등 다양한 화학 소재를 개발하고 응용 연구를 수행하는 회사입니다.
직무 목적: 이 직무는 유화분산제, 합성 윤활유, 합성수지용 Polyol 등 핵심 화학 소재를 개발하고, 전자재료 및 고기능성 첨가제용 신규 화학 물질을 합성하여 차세대 소재 기술을 선도하며 고객사의 요구에 맞는 제품 개선을 목표로 합니다.
주요 업무: 주요 업무는 유화분산제, 합성 윤활유, 합성수지용 Polyol의 개발 및 응용 연구를 수행하는 것입니다. 또한 전자재료 및 고기능성 첨가제에 사용될 Chemiclal 합성 연구를 진행하며, 신규 원료와 촉매를 기반으로 차세대 소재를 개발합니다. 고객사의 VOC(Voice Of Customer)를 바탕으로 제품을 개선하고 Application 평가를 수행하며, 기술자료 작성 및 기술영업/영업지원 업무를 통해 연구 성과를 지원합니다.
인재상: 4년제 대학 이상의 화학 관련 전공 학위를 소지한 신입 또는 경력 5년 이내의 인재를 찾습니다. 석사 학위 소지자, 유기 및 무기합성 업무 경험자, 우수한 외국어 능력 보유자, 그리고 GC, GPC, LC, NMR 등 분석기기 활용 가능자를 우대합니다. 공동의 목표를 위해 협업하고 문제 해결 능력을 발휘하며, 효과적인 커뮤니케이션을 통해 기술 영업 및 지원 업무를 수행할 수 있는 분을 선호합니다.",both,job_posting,"그린케미칼 케미칼연구팀에서 유화분산제, 합성 윤활유, 전자재료 등 화학 소재 개발 및 응용 연구를 수행할 신입/경력 연구원을 채용합니다.",[]
311955, Athome Trip,[미국인턴] 뉴욕 자유여행 전문 여행사 - 콘텐츠마케터 인턴 채용,INTERN,"[미국인턴] 뉴욕 자유여행 전문 여행사 - 콘텐츠마케터 인턴 채용 ~ 채용 시 마감 모집부문 및 상세내용 모집 부문 상세내용 온라인 마케팅 앳홈트립은 뉴욕 타임스퀘어에서 출발한 여행사로, 고객들에게 특별한 경험과 여행의 간편함을 중시하는 철학 아래 성장해 왔습니다. 브로드웨이와 뉴욕시의 중심지를 포함한 주요 명소들에 대한 입장권을 소유하며, 이를 통해 업계에서 독보적인 위치를 차지하고 있습니다. 담당업무 SNS 채널을 위한 매력적인 콘텐츠 기획 및 제작 비주얼 콘텐츠 제작을 위한 디자인, 편집 및 촬영 보조 캠페인 실행 지원 및 콘텐츠 캘린더 관리 시장 트렌드 및 경쟁사 리서칭, 실행 가능한 아이디어 제안 콘텐츠 성과 분석 및 주간 리포트 작성 Slack, Jira, Confluence를 활용한 유관 부서 협업 채용형태 - 인턴 12개월 자격조건 신입 대학교졸업(4년)이상, 졸업 예정자 지원가능 관광경영, 마케팅, 커뮤니케이션 등 문과 계열 전공자 우대 4학년 이상 졸업예정자 우대 미국 취업에 결격 사유 없는 자 여행, 라이프스타일, 디지털 콘텐츠에 대한 높은 관심 Photoshop, Figma, CapCut 등 디자인/편집 툴 활용 능력 개인 채널 또는 포트폴리오 보유 우대 숏폼 영상 제작 경험우대 근무조건 고용형태 : 인턴직 12개월, 해외취업 급여 : $18/ hrs (한화 약 5,400만원 내외, 환율에 따라 상이) 추가혜택 : 회사 내규에 따라 병가/연차 제공 근무지 : 미국 뉴욕 채용절차 1. 지원/접수 2. 채용대행 에이전시(ICN Group) 통해 서류 검토, J-1 Visa 발급요건 부합여부 확인 3. 기업 인터뷰 (화상 Zoom으로 통해 진행) 4. 합격자, 미국 스폰서기관 인터뷰 (회사-지원자 간의 보증을 해주는 미국 국무성 지정 기관) 5. 주한미국대사관 인터뷰 6. 출국/출근 접수문의 아이씨엔그룹(주)는 미국인턴 전문 에이전시입니다. 파견직이 아닌 해당기업 미국현지법인 직접고용으로 근무하게 됩니다. J-1비자로 입사하며 비자발급비용은 지원자 개인부담입니다. 지원문의 : (유선) (메일) (카카오톡) t (신청서 제출 : ) 또는 링커리어 간편 지원 시스템을 활용해 주세요. 자격요건 학력 대학졸업(4년) 이상(졸업예정자 가능) 근무조건 급여 연봉 5400만원 ~ 5500만원 근무시간 주 5일(월~금) 09:00 ~ 18:00 근무지역 해외 (미국 뉴욕) ~ 채용 시 마감",,"[""http://pf.kakao.com/_RBmwj/cha"", ""https://forms.gle/TVkc8knomHkrfrXq9""]",marketing,[],"[""온라인 마케팅"", ""콘텐츠마케터 인턴""]","[""Photoshop"", ""Figma"", ""CapCut"", ""Slack"", ""Jira"", ""Confluence"", ""콘텐츠 기획"", ""콘텐츠 제작"", ""시장 트렌드 분석"", ""성과 분석""]","[""개인 채널 운영"", ""포트폴리오 보유"", ""숏폼 영상 제작""]",service_pm,뉴욕,mid_corp,office,"[""인턴"", ""프로젝트""]","[""창의·혁신 역량"", ""정보수집·분석 역량"", ""문제해결 능력"", ""협업·팀워크"", ""커뮤니케이션 역량""]","앳홈트립은 뉴욕 타임스퀘어에서 시작된 자유여행 전문 여행사로, 고객에게 특별하고 간편한 여행 경험을 제공합니다. 뉴욕 주요 명소 입장권을 소유하며 업계에서 독보적인 위치를 확보하고 있습니다.","콘텐츠마케터 인턴은 SNS 채널을 위한 매력적인 콘텐츠를 기획하고 제작하여, 고객들에게 앳홈트립의 특별하고 간편한 여행 경험을 효과적으로 전달하는 역할을 수행합니다.","SNS 채널을 위한 매력적인 콘텐츠를 기획하고 제작하며, 비주얼 콘텐츠 제작을 위해 디자인, 편집 및 촬영을 보조합니다. 또한 캠페인 실행을 지원하고 콘텐츠 캘린더를 관리합니다. 시장 트렌드와 경쟁사를 리서치하여 실행 가능한 아이디어를 제안하고, 콘텐츠 성과를 분석하여 주간 리포트를 작성합니다. Slack, Jira, Confluence와 같은 협업 툴을 활용하여 유관 부서와 긴밀하게 협업합니다.","대학교 졸업(4년) 이상 또는 졸업 예정자로, 관광경영, 마케팅, 커뮤니케이션 등 문과 계열 전공자를 우대합니다. 미국 취업에 결격 사유가 없어야 하며, 여행, 라이프스타일, 디지털 콘텐츠에 대한 높은 관심을 가진 분을 찾습니다. Photoshop, Figma, CapCut 등 디자인 및 편집 툴 활용 능력이 필수이며, 개인 채널 운영 경험이나 포트폴리오 보유, 숏폼 영상 제작 경험이 있다면 우대합니다.",[],"회사: 앳홈트립은 뉴욕 타임스퀘어에서 시작된 자유여행 전문 여행사로, 고객에게 특별하고 간편한 여행 경험을 제공합니다. 뉴욕 주요 명소 입장권을 소유하며 업계에서 독보적인 위치를 확보하고 있습니다.
직무 목적: 콘텐츠마케터 인턴은 SNS 채널을 위한 매력적인 콘텐츠를 기획하고 제작하여, 고객들에게 앳홈트립의 특별하고 간편한 여행 경험을 효과적으로 전달하는 역할을 수행합니다.
주요 업무: SNS 채널을 위한 매력적인 콘텐츠를 기획하고 제작하며, 비주얼 콘텐츠 제작을 위해 디자인, 편집 및 촬영을 보조합니다. 또한 캠페인 실행을 지원하고 콘텐츠 캘린더를 관리합니다. 시장 트렌드와 경쟁사를 리서치하여 실행 가능한 아이디어를 제안하고, 콘텐츠 성과를 분석하여 주간 리포트를 작성합니다. Slack, Jira, Confluence와 같은 협업 툴을 활용하여 유관 부서와 긴밀하게 협업합니다.
인재상: 대학교 졸업(4년) 이상 또는 졸업 예정자로, 관광경영, 마케팅, 커뮤니케이션 등 문과 계열 전공자를 우대합니다. 미국 취업에 결격 사유가 없어야 하며, 여행, 라이프스타일, 디지털 콘텐츠에 대한 높은 관심을 가진 분을 찾습니다. Photoshop, Figma, CapCut 등 디자인 및 편집 툴 활용 능력이 필수이며, 개인 채널 운영 경험이나 포트폴리오 보유, 숏폼 영상 제작 경험이 있다면 우대합니다.",intern,internship_program,뉴욕 자유여행 전문 앳홈트립에서 SNS 콘텐츠 기획 및 제작을 담당할 콘텐츠마케터 인턴을 채용합니다.,[]
311952,Gosy Inc,[미국인턴/라스베가스] 패션의류 이커머스기업 - SW개발자 인턴 채용,INTERN,"[미국인턴/라스베가스] 패션의류 이커머스기업 - SW개발자 인턴 채용 ~ 채용 시 마감 모집부문 및 상세내용 모집 부문 상세내용 Junior Software Developer Gosy Inc. 캘리포니아를 기반으로 하는 의류 제조기업입니다. 한국산 원단만 사용하며 품질을 중요시 합니다.. 실제 근무장소는 Las Vegas, NV 입니다 담당업무 1. 이커머스 운영을 위한 내부 소프트웨어 도구 개발 지원 2. 데이터 처리, 리포트 작성 및 기초 분석 업무 지원 3. 팀 협업 통해 업무 프로세스 및 시스템 효율 개선 4. 애플리케이션 테스트, 디버깅 및 유지보수 참여 5. 기존 ASP.NET 웹사이트 유지보수 채용형태 - 인턴 12개월 자격조건 - 신입 - 유관 전공자만 지원 가능 (복수/부전공자 포함) - 4학년 이상 졸업(예정)자 지원 가능 - Python 등 프로그래밍 언어에 대한 기초 지식 - 소프트웨어 개발 기본 개념에 대한 이해 - ChatGPT, Cursor, Claude 등 AI 도구 사용 경험 - 웹 개발 경험 (프론트엔드 또는 백엔드) 우대 - 이커머스 시스템 및 온라인 비즈니스에 대한 관심 우대 - DB 및 API 사용경험 우대 - Git 등 버전 관리 도구 사용 경험 우대 근무조건 고용형태 : 인턴직 12개월 (정규직 전환 가능 가능), 해외취업 급여 : $18~$22/hrs (한화 약 5,500만원~6,500만원 내외, 환율에 따라 상이) 추가혜택 : 회사 내규에 따라 연차/병가 제공 근무지 : 미국 네바다주 라스베가스 채용절차 1. 지원/접수 2. 채용대행 에이전시(ICN Group) 통해 서류 검토, J-1 Visa 발급요건 부합여부 확인 3. 기업 인터뷰 (화상 Zoom으로 통해 진행) 4. 합격자, 미국 스폰서기관 인터뷰 (회사-지원자 간의 보증을 해주는 미국 국무성 지정 기관) 5. 주한미국대사관 인터뷰 6. 출국/출근 접수문의 아이씨엔그룹(주)는 미국인턴 전문 에이전시입니다. 파견직이 아닌 해당기업 미국현지법인 직접고용으로 근무하게 됩니다. J-1비자로 입사하며 비자발급비용은 지원자 개인부담입니다. 지원문의 : (유선) (메일) (카카오톡) t (신청서 제출 : ) 또는 링커리어 간편 지원 시스템을 활용해 주세요. 자격요건 학력 대학졸업(4년) 이상(졸업예정자 가능) 근무조건 급여 연봉 5500만원 ~ 6500만원 근무시간 주 5일(월~금) 09:00 ~ 17:30 근무지역 해외 (미국) ~ 채용 시 마감",,"[""http://pf.kakao.com/_RBmwj/cha"", ""https://forms.gle/TVkc8knomHkrfrXq9""]",software_dev,[],"[""Junior Software Developer""]","[""Python"", ""ChatGPT"", ""Cursor"", ""Claude"", ""웹 개발"", ""소프트웨어 개발 기본 개념""]","[""이커머스 시스템"", ""온라인 비즈니스"", ""DB"", ""API"", ""Git""]",retail_ecommerce,라스베가스,unknown,office,"[""프로젝트""]","[""협업·팀워크"", ""정보수집·분석 역량"", ""디지털·기술 활용 역량""]","Gosy Inc.는 캘리포니아를 기반으로 하는 의류 제조기업으로, 한국산 원단만을 사용하여 품질을 중요시합니다.","이 직무는 이커머스 운영을 위한 내부 소프트웨어 도구를 개발하고, 데이터 처리 및 분석을 지원하여 업무 프로세스와 시스템 효율을 개선하는 데 기여합니다.","이커머스 운영을 위한 내부 소프트웨어 도구 개발을 지원하며, 데이터 처리, 리포트 작성 및 기초 분석 업무를 수행합니다. 팀 협업을 통해 업무 프로세스 및 시스템 효율 개선에 참여하고, 애플리케이션 테스트, 디버깅 및 유지보수 활동에 참여합니다. 또한, 기존 ASP.NET 웹사이트의 유지보수 업무를 담당합니다.","신입 지원자 중 유관 전공자(복수/부전공 포함) 또는 4학년 이상 졸업(예정)자를 찾습니다. Python 등 프로그래밍 언어에 대한 기초 지식과 소프트웨어 개발 기본 개념에 대한 이해가 필수적입니다. ChatGPT, Cursor, Claude 등 AI 도구 사용 경험과 웹 개발 경험(프론트엔드 또는 백엔드)이 있는 분을 우대합니다. 이커머스 시스템 및 온라인 비즈니스에 대한 관심과 DB 및 API 사용 경험, Git 등 버전 관리 도구 사용 경험이 있다면 더욱 좋습니다.",[],"회사: Gosy Inc.는 캘리포니아를 기반으로 하는 의류 제조기업으로, 한국산 원단만을 사용하여 품질을 중요시합니다.
직무 목적: 이 직무는 이커머스 운영을 위한 내부 소프트웨어 도구를 개발하고, 데이터 처리 및 분석을 지원하여 업무 프로세스와 시스템 효율을 개선하는 데 기여합니다.
주요 업무: 이커머스 운영을 위한 내부 소프트웨어 도구 개발을 지원하며, 데이터 처리, 리포트 작성 및 기초 분석 업무를 수행합니다. 팀 협업을 통해 업무 프로세스 및 시스템 효율 개선에 참여하고, 애플리케이션 테스트, 디버깅 및 유지보수 활동에 참여합니다. 또한, 기존 ASP.NET 웹사이트의 유지보수 업무를 담당합니다.
인재상: 신입 지원자 중 유관 전공자(복수/부전공 포함) 또는 4학년 이상 졸업(예정)자를 찾습니다. Python 등 프로그래밍 언어에 대한 기초 지식과 소프트웨어 개발 기본 개념에 대한 이해가 필수적입니다. ChatGPT, Cursor, Claude 등 AI 도구 사용 경험과 웹 개발 경험(프론트엔드 또는 백엔드)이 있는 분을 우대합니다. 이커머스 시스템 및 온라인 비즈니스에 대한 관심과 DB 및 API 사용 경험, Git 등 버전 관리 도구 사용 경험이 있다면 더욱 좋습니다.",intern,internship_program,미국 라스베가스 패션 이커머스 기업에서 내부 소프트웨어 개발 및 유지보수를 담당할 주니어 SW 개발자 인턴을 채용합니다.,[]
311949,현대종합금속,[현대종합금속] 신입/경력사원 모집,"NEW, EXPERIENCED","[현대종합금속] 신입/경력사원 모집 [모집부문] - 본사 용접기사업부 - 일본법인 용접봉 영업사원 [공통요건] 채용공고 마감 시점부터 정상근무가 가능한 자에 한하여 지원 가능 (졸업예정자 포함) 현대종합금속 타 공고 중복지원가능 급여 외 기타 사항은 취업규칙에 따름 취업보호 대상자(장애인, 국가유공자) 우대 해외출장 결격 사유가 없는 자 [","일본법인 용접봉 영업사원 | B2B영업/기술영업 | 영업/고객상담 | 일반영업 | B2B영업 | 기술영업 | 현대종합금속 및 지원 직무에 대한 지원 동기와 입사 후 성취하고 싶은 목표를 작성해주시기 바랍니다. (자신의 전공, 경험, 역량 활용 계획) | 현대종합금속의 인재상 (창의, 팀워크, 용기, 도전) 중, 자신에게 가장 부합하는 항목을 선택하고, 이를 바탕으로 어려움을 극복한 사례를 구체적으로 작성해주시기 바랍니다. | 지원하는 직무에 있어 본인만의 차별화된 역량이 무엇인지, 그리고 이를 발전시키기 위해 노력한 경험을 상세히 기술해 주십시오. | 본인의 성장과정 및 성격의 장단점을 간략하게 작성해 주십시오. | 직무와 연관된 경력 기술을 키워드별로 간략하게 작성해 주십시오. *신입 지원의 경우, 직무와 연관된 경험 작성. | [현대종합금속] 신입/경력사원 모집 | 본사 용접기사업부 | 기획/전략/경영 | 경영/사무 | 사업기획 | 서비스기획/운영 | 신규사업/BD | 임원 (CEO/COO) | 전략기획 | 콘텐츠기획/운영 | M&A/타당성분석/사업제휴",[],sales,"[""planning_strategy""]","[""본사 용접기사업부"", ""일본법인 용접봉 영업사원"", ""기획/전략/경영"", ""사업기획"", ""서비스기획/운영"", ""신규사업/BD"", ""전략기획"", ""M&A/타당성분석/사업제휴""]",[],[],manufacturing,서울,large_corp,office,"[""프로젝트""]","[""창의·혁신 역량"", ""협업·팀워크"", ""실행력·업무처리 능력""]",현대종합금속은 용접봉 및 용접기를 제조하고 판매하는 기업입니다.,"이 직무는 용접봉 및 용접기 사업의 국내외 영업을 통해 시장을 확대하고, 신규 사업 기획 및 전략 수립을 통해 회사의 성장을 이끄는 역할을 합니다.","일본법인 용접봉 영업사원은 일본 시장에서 용접봉 제품의 B2B 영업 및 기술 영업을 담당하며, 현지 고객과의 긴밀한 상담을 통해 비즈니스 기회를 발굴하고 매출 목표를 달성합니다. 이와 함께 시장 동향을 분석하고 경쟁사 전략을 파악하여 효과적인 영업 전략을 수립합니다. 본사 용접기사업부에서는 용접기 관련 사업의 전반적인 기획 및 전략을 수립하고, 신규 사업 개발 및 M&A 타당성 분석을 통해 미래 성장 동력을 확보합니다. 또한 서비스 기획 및 운영을 담당하여 제품 및 서비스의 시장 경쟁력을 강화하고, 사업 전반의 효율성을 높이는 데 기여합니다. 이를 위해 다양한 이해관계자와 협력하며 프로젝트를 성공적으로 이끌어 나갑니다.","채용공고 마감 시점부터 정상근무가 가능하며 해외출장에 결격 사유가 없는 인재를 찾습니다. 현대종합금속의 인재상인 창의, 팀워크, 용기, 도전에 부합하는 역량을 갖추고 어려움을 극복한 경험이 있는 분을 우대합니다. 지원 직무와 연관된 차별화된 역량을 보유하고 이를 발전시키기 위해 노력한 경험이 중요하며, 직무와 연관된 경력 또는 경험을 상세히 기술할 수 있어야 합니다.","[""창의"", ""팀워크"", ""도전""]","회사: 현대종합금속은 용접봉 및 용접기를 제조하고 판매하는 기업입니다.
직무 목적: 이 직무는 용접봉 및 용접기 사업의 국내외 영업을 통해 시장을 확대하고, 신규 사업 기획 및 전략 수립을 통해 회사의 성장을 이끄는 역할을 합니다.
주요 업무: 일본법인 용접봉 영업사원은 일본 시장에서 용접봉 제품의 B2B 영업 및 기술 영업을 담당하며, 현지 고객과의 긴밀한 상담을 통해 비즈니스 기회를 발굴하고 매출 목표를 달성합니다. 이와 함께 시장 동향을 분석하고 경쟁사 전략을 파악하여 효과적인 영업 전략을 수립합니다. 본사 용접기사업부에서는 용접기 관련 사업의 전반적인 기획 및 전략을 수립하고, 신규 사업 개발 및 M&A 타당성 분석을 통해 미래 성장 동력을 확보합니다. 또한 서비스 기획 및 운영을 담당하여 제품 및 서비스의 시장 경쟁력을 강화하고, 사업 전반의 효율성을 높이는 데 기여합니다. 이를 위해 다양한 이해관계자와 협력하며 프로젝트를 성공적으로 이끌어 나갑니다.
인재상: 채용공고 마감 시점부터 정상근무가 가능하며 해외출장에 결격 사유가 없는 인재를 찾습니다. 현대종합금속의 인재상인 창의, 팀워크, 용기, 도전에 부합하는 역량을 갖추고 어려움을 극복한 경험이 있는 분을 우대합니다. 지원 직무와 연관된 차별화된 역량을 보유하고 이를 발전시키기 위해 노력한 경험이 중요하며, 직무와 연관된 경력 또는 경험을 상세히 기술할 수 있어야 합니다.",both,job_posting,현대종합금속에서 용접봉 영업 및 용접기 사업 기획/전략을 담당할 신입/경력사원을 모집합니다.,[]
311946,렉스몬드,[렉스몬드] 인사총무팀 인사총무담당 채용,NEW,"[렉스몬드] 인사총무팀 인사총무담당 채용 [업무내용] 인사 업무 - 급여 관리 (월 급여, 4대 보험, 원천세, 퇴직연금, 연말정산 등) - 직원 입/퇴사 및 인사 정보 관리 - 근무 형태(정규직, 계약직, 단시간 근로자 등)별 근태 관리 - 인사 관련 신고 업무 및 각종 증명서 발급 - 인사 시스템 관리 및 운영 개선 - 기타 인사 전반의 실무 지원 총무 업무 - 사내 자산 (IT 장비, 소프트웨어 라이선스 등) 구매 및 관리 - 비품 및 소모품 관리 - 계약서 관리 (임대차 계약, 자산 관련 계약 등) - 사내 업무 환경 및 시설 관리 - 기타 총무 관련 제반 업무 [자격요건 및 필요역량] 기본 자격 - 4년제 대학 이상의 학력 소지자 - 해외여행에 결격사유가 없는 분 직무 역량 - 대인관계가 원만하고 원활한 의사소통 능력을 갖춘 분 - 투명하고 정직한 마인드를 가지신 분 - 꼼꼼하며 체계적인 업무 처리 능력을 가진 분 - 책임감이 강하고 긍정적인 성격을 갖춘 분 - AI 툴 활용 경험이 있으며 데이터 정리/분석 등에 활용할 수 있는 분 [우대사항] - 인사총무 관련 업무 경험자 - 컴퓨터 활용능력 우수자 - 국가 유공자, 장애인 등 취업보호대상자","인사총무팀 인사총무담당 | 총무 | 사무/총무/법무 | 경영/사무 | 인사 | 인사/노무/교육 | 1. 렉스몬드에 지원한 동기는 무엇이며, 자신의 직업적 목표를 구체적으로 작성해주세요. ( 렉스몬드를 알게 된 계기 및 지원동기, 입사 후 이루고 싶은 중장기적 목표를 최대한 솔직하게 작성해주세요. (제한 없음) | 2. 렉스몬드가 일반적인 이커머스 기업과 차별화된다고 생각하는 점은 무엇이며, 그 가치와 목표가 본인의 성향 및 가치관과 어떻게 부합하는지 작성해주세요. 또한 렉스몬드의 사업 구조나 운영 방식을 고려할 때, 인사 조직과 운영 방식에 대해 본인이 생각하는 아이디어나 관점을 작성해주세요. (제한 없음) | 3. 지원하신 직무에 필요한 역량은 무엇이라고 생각하며, 해당 역량을 보여주는 본인의 강점과 구체적인 사례를 작성해 주세요. (유관 업무 경험, 교육 활동, 프로젝트뿐만 아니라 소규모 조직이나 동아리 등에서 개선을 이끌거나 구성원을 동기부여했던 사례 등, 인사총무 담당자로서의 자질과 경쟁력을 보여줄 수 있는 경험을 중심으로 작성해주세요.) (제한 없음) | 4. 논리적인 사고를 바탕으로 문제를 해결했던 경험에 대해 자유롭게 작성해 주세요. (문제의 원인과 본질, 제시한 해결 방안과 실행 과정, 그 결과 어떤 변화가 있었는지 구체적으로 작성해주세요.) (제한 없음) | [렉스몬드] 인사총무팀 인사총무담당 채용",[],hr,"[""management_support""]","[""인사총무팀 인사총무담당"", ""총무"", ""인사""]","[""AI 툴 활용"", ""데이터 정리"", ""데이터 분석""]","[""인사총무 관련 업무 경험"", ""컴퓨터 활용능력""]",retail_ecommerce,unknown,unknown,unknown,[],"[""커뮤니케이션 역량"", ""실행력·업무처리 능력"", ""문제해결 능력""]",렉스몬드는 이커머스 사업을 운영하는 기업입니다. 일반적인 이커머스 기업과 차별화된 가치와 목표를 추구하며 사업을 전개하고 있습니다.,회사의 안정적인 운영과 성장을 위해 인사 및 총무 업무를 체계적으로 관리하고 지원하여 직원들이 업무에 집중할 수 있는 환경을 조성하는 데 기여합니다.,"주요 업무는 인사와 총무 두 가지 영역으로 나뉩니다. 인사 업무로는 월 급여, 4대 보험, 원천세, 퇴직연금, 연말정산 등 급여를 관리하고, 직원 입/퇴사 및 인사 정보를 관리합니다. 또한 정규직, 계약직, 단시간 근로자 등 다양한 근무 형태별 근태를 관리하며, 인사 관련 신고 업무 및 각종 증명서 발급을 담당합니다. 인사 시스템을 관리하고 운영을 개선하며, 기타 인사 전반의 실무를 지원합니다. 총무 업무로는 사내 IT 장비, 소프트웨어 라이선스 등 자산을 구매하고 관리하며, 비품 및 소모품을 관리합니다. 임대차 계약, 자산 관련 계약 등 계약서를 관리하고, 사내 업무 환경 및 시설을 관리하며, 기타 총무 관련 제반 업무를 수행합니다.","4년제 대학 이상의 학력을 소지하고 해외여행에 결격사유가 없는 분을 찾습니다. 대인관계가 원만하고 원활한 의사소통 능력을 갖추었으며, 투명하고 정직한 마인드로 꼼꼼하고 체계적인 업무 처리가 가능한 분이어야 합니다. 책임감이 강하고 긍정적인 성격을 가진 분을 선호하며, AI 툴 활용 경험이 있어 데이터 정리 및 분석에 활용할 수 있는 역량을 갖춘 분을 우대합니다. 인사총무 관련 업무 경험자와 컴퓨터 활용능력이 우수한 분은 채용 시 우대합니다.","[""기술중심"", ""데이터드리븐""]","회사: 렉스몬드는 이커머스 사업을 운영하는 기업입니다. 일반적인 이커머스 기업과 차별화된 가치와 목표를 추구하며 사업을 전개하고 있습니다.
직무 목적: 회사의 안정적인 운영과 성장을 위해 인사 및 총무 업무를 체계적으로 관리하고 지원하여 직원들이 업무에 집중할 수 있는 환경을 조성하는 데 기여합니다.
주요 업무: 주요 업무는 인사와 총무 두 가지 영역으로 나뉩니다. 인사 업무로는 월 급여, 4대 보험, 원천세, 퇴직연금, 연말정산 등 급여를 관리하고, 직원 입/퇴사 및 인사 정보를 관리합니다. 또한 정규직, 계약직, 단시간 근로자 등 다양한 근무 형태별 근태를 관리하며, 인사 관련 신고 업무 및 각종 증명서 발급을 담당합니다. 인사 시스템을 관리하고 운영을 개선하며, 기타 인사 전반의 실무를 지원합니다. 총무 업무로는 사내 IT 장비, 소프트웨어 라이선스 등 자산을 구매하고 관리하며, 비품 및 소모품을 관리합니다. 임대차 계약, 자산 관련 계약 등 계약서를 관리하고, 사내 업무 환경 및 시설을 관리하며, 기타 총무 관련 제반 업무를 수행합니다.
인재상: 4년제 대학 이상의 학력을 소지하고 해외여행에 결격사유가 없는 분을 찾습니다. 대인관계가 원만하고 원활한 의사소통 능력을 갖추었으며, 투명하고 정직한 마인드로 꼼꼼하고 체계적인 업무 처리가 가능한 분이어야 합니다. 책임감이 강하고 긍정적인 성격을 가진 분을 선호하며, AI 툴 활용 경험이 있어 데이터 정리 및 분석에 활용할 수 있는 역량을 갖춘 분을 우대합니다. 인사총무 관련 업무 경험자와 컴퓨터 활용능력이 우수한 분은 채용 시 우대합니다.",new,job_posting,"렉스몬드 인사총무팀에서 급여, 근태, 자산 관리 등 인사총무 전반의 실무를 담당할 신입 직원을 채용합니다.",[]
311943,그린케미칼,[그린케미칼] 케미칼연구팀 파일럿운영 신입사원 채용,NEW,"[그린케미칼] 케미칼연구팀 파일럿운영 신입사원 채용 주요 업무 1) 연구소 Pilot Plant 운영 및 관리 2) EOA, Acrylate Monomer 연구품, 시양산품 Pilot 제조 및 분석 3) 주간 근무 자격 요건(필수) 전문대졸 이상 우대 사항 화학관련 전공 화학관련 자격증 보유","케미칼연구팀 파일럿운영 | 제조/가공 | 생산/제조/설비/조립 | 생산/제조 | 화학 | 화학/에너지/환경 | 연구개발/설계 | 그린케미칼에 지원한 이유와 본인이 회사에 기여할 수 있는 점을 기술해 주십시오. | 지원하신 직무가 무엇이라 생각하며 직무수행에 필요한 역량을 갖추기 위해 어떤 준비를 하셨는지 기술해 주십시오. | 살아오면서 어려웠던 순간을 극복하여 지금의 나를 만들어준 계기가 된 경험에 대해 기술해 주십시오. | 공동의 목표를 위해 협업했던 경험에 대해 기술해 주십시오. | 귀하를 채용하기 위하여 반드시 알아야 할 것이 있다면 무엇이고, 그 이유에 대하여 기술해 주십시오. | [그린케미칼] 케미칼연구팀 파일럿운영 신입사원 채용",[],rnd,"[""manufacturing""]","[""케미칼연구팀 파일럿운영""]",[],"[""화학관련 전공"", ""화학관련 자격증""]",chemical_material,unknown,unknown,unknown,[],"[""문제해결 능력"", ""협업·팀워크""]",그린케미칼은 화학 분야의 연구 및 파일럿 플랜트 운영을 통해 제품을 개발하고 생산하는 기업입니다.,"연구소 파일럿 플랜트를 운영하고 관리하며, EOA 및 Acrylate Monomer 연구품과 시양산품을 제조하고 분석하여 신제품 개발 및 생산 효율화에 기여합니다.","연구소 Pilot Plant 운영 및 관리를 담당합니다. EOA, Acrylate Monomer 연구품 및 시양산품 Pilot 제조 및 분석을 수행합니다. 이 과정에서 주간 근무를 통해 안정적인 플랜트 운영과 연구 지원을 담당하게 됩니다.",전문대졸 이상의 학력을 갖춘 신입사원을 채용합니다. 화학 관련 전공자 및 화학 관련 자격증 보유자를 우대합니다. 살아오면서 어려움을 극복하고 공동의 목표를 위해 협업했던 경험이 있는 인재를 찾습니다.,[],"회사: 그린케미칼은 화학 분야의 연구 및 파일럿 플랜트 운영을 통해 제품을 개발하고 생산하는 기업입니다.
직무 목적: 연구소 파일럿 플랜트를 운영하고 관리하며, EOA 및 Acrylate Monomer 연구품과 시양산품을 제조하고 분석하여 신제품 개발 및 생산 효율화에 기여합니다.
주요 업무: 연구소 Pilot Plant 운영 및 관리를 담당합니다. EOA, Acrylate Monomer 연구품 및 시양산품 Pilot 제조 및 분석을 수행합니다. 이 과정에서 주간 근무를 통해 안정적인 플랜트 운영과 연구 지원을 담당하게 됩니다.
인재상: 전문대졸 이상의 학력을 갖춘 신입사원을 채용합니다. 화학 관련 전공자 및 화학 관련 자격증 보유자를 우대합니다. 살아오면서 어려움을 극복하고 공동의 목표를 위해 협업했던 경험이 있는 인재를 찾습니다.",new,job_posting,그린케미칼 케미칼연구팀에서 파일럿 플랜트 운영 및 화학 연구품 제조/분석을 담당할 신입사원을 채용합니다.,[]
311918,EY한영,"[EY한영] BMC(Brand, Marketing and Communications) 인턴",INTERN,"[EY한영] BMC(Brand, Marketing and Communications) 인턴 [모집 분야] BMC팀 (Brand, Marketing and Communications) EOY 인턴 - EY 최우수 기업가상(EOY) 후보자 선정을 위한 심사 자료(Dossier) 리서치 및 자료 작성 * EY 최우수 기업가상 링크 참조 [바로가기] - EOY Awards Gala(시상식) 기획 및 운영 지원 - 기타 EY Flagship 세미나 기획 및 운영 지원 [지원자격] - 경영학, 경제학, 회계학 전공자 우대 (재무제표 분석 가능자 우대) - 심사 조건에 따른 리서치를 통한 후보자 선별 작업 능력이 우수한 자 - 빠른 인터넷 리서치 및 데이터 관리 / 작문(국문) 능력이 우수한 자 [우대사항] - MS Office를 잘 다룰 수 있는 자 (Excel 능통자 우대) - 대학생, 휴학생 무관 (휴학생 및 졸업생 우대)",,[],marketing,"[""planning_strategy""]","[""BMC팀 EOY 인턴"", ""EOY 후보자 심사 자료 리서치 및 작성"", ""EOY Awards Gala 기획 및 운영 지원"", ""Flagship 세미나 기획 및 운영 지원""]","[""재무제표 분석"", ""인터넷 리서치"", ""데이터 관리"", ""작문(국문)""]","[""MS Office"", ""Excel""]",consulting_professional,서울,foreign_corp,office,"[""인턴"", ""프로젝트""]","[""정보수집·분석 역량"", ""실행력·업무처리 능력"", ""커뮤니케이션 역량"", ""전략·기획 역량""]","EY한영은 글로벌 회계·컨설팅 법인인 EY의 한국 멤버 펌으로, 브랜드, 마케팅 및 커뮤니케이션 활동을 담당하는 BMC팀을 운영합니다.","이 인턴십은 EY 최우수 기업가상(EOY) 후보자 선정 및 시상식 기획·운영을 지원하며, EY의 주요 세미나 활동을 보조하여 브랜드 인지도 강화에 기여합니다.","주요 업무는 EY 최우수 기업가상(EOY) 후보자 선정을 위한 심사 자료를 리서치하고 작성하는 것입니다. 이 과정에서 심사 조건에 따라 후보자를 선별하며, 경영학, 경제학, 회계학 지식을 활용하여 재무제표를 분석합니다. 또한, EOY Awards Gala 시상식의 기획 및 운영을 지원하고, EY의 다른 주요 세미나 기획 및 운영을 보조하는 역할을 수행합니다. 빠른 인터넷 리서치와 데이터 관리 능력을 발휘하여 효율적으로 업무를 처리합니다.","경영학, 경제학, 회계학 전공자로 재무제표 분석이 가능한 지원자를 우대합니다. 심사 조건에 따라 리서치를 통해 후보자를 선별하는 능력이 우수해야 하며, 빠른 인터넷 리서치 및 데이터 관리, 국문 작문 능력이 뛰어난 인재를 찾습니다. MS Office, 특히 Excel 능통자를 우대하며, 대학생, 휴학생, 졸업생 모두 지원 가능합니다.","[""글로벌"", ""전문성""]","회사: EY한영은 글로벌 회계·컨설팅 법인인 EY의 한국 멤버 펌으로, 브랜드, 마케팅 및 커뮤니케이션 활동을 담당하는 BMC팀을 운영합니다.
직무 목적: 이 인턴십은 EY 최우수 기업가상(EOY) 후보자 선정 및 시상식 기획·운영을 지원하며, EY의 주요 세미나 활동을 보조하여 브랜드 인지도 강화에 기여합니다.
주요 업무: 주요 업무는 EY 최우수 기업가상(EOY) 후보자 선정을 위한 심사 자료를 리서치하고 작성하는 것입니다. 이 과정에서 심사 조건에 따라 후보자를 선별하며, 경영학, 경제학, 회계학 지식을 활용하여 재무제표를 분석합니다. 또한, EOY Awards Gala 시상식의 기획 및 운영을 지원하고, EY의 다른 주요 세미나 기획 및 운영을 보조하는 역할을 수행합니다. 빠른 인터넷 리서치와 데이터 관리 능력을 발휘하여 효율적으로 업무를 처리합니다.
인재상: 경영학, 경제학, 회계학 전공자로 재무제표 분석이 가능한 지원자를 우대합니다. 심사 조건에 따라 리서치를 통해 후보자를 선별하는 능력이 우수해야 하며, 빠른 인터넷 리서치 및 데이터 관리, 국문 작문 능력이 뛰어난 인재를 찾습니다. MS Office, 특히 Excel 능통자를 우대하며, 대학생, 휴학생, 졸업생 모두 지원 가능합니다.",intern,internship_program,EY한영 BMC팀에서 최우수 기업가상(EOY) 및 세미나 기획·운영을 지원할 인턴을 모집합니다.,[]
311916,한솔섬유,[한솔섬유] [본사] 디자인부(Digital팀) 신입(인턴) 또는 경력,"NEW, EXPERIENCED","[한솔섬유] [본사] 디자인부(Digital팀) 신입(인턴) 또는 경력 모집분야 디자인부 Digital 팀 공통자격 요건 졸업예정자의 경우, 학교에 출석하지 않아도 졸업에 지장이 없거나, 학칙으로 학점인정이 가능한 분만 지원 남자는 병역필 또는 면제이신 분 해외여행에 결격 사유가 없으신 분",,[],design,[],"[""디자인부 Digital 팀""]",[],[],fashion,서울,large_corp,unknown,"[""인턴""]",[],한솔섬유는 의류 제조 및 수출을 주력으로 하는 글로벌 섬유 기업입니다.,,제공된 공고에는 구체적인 주요 업무 내용이 명시되어 있지 않습니다.,"졸업예정자의 경우 학교 출석에 지장이 없거나 학칙으로 학점 인정이 가능한 분이 지원 가능합니다. 남자의 경우 병역필 또는 면제자여야 하며, 해외여행에 결격 사유가 없어야 합니다.",[],"회사: 한솔섬유는 의류 제조 및 수출을 주력으로 하는 글로벌 섬유 기업입니다.
주요 업무: 제공된 공고에는 구체적인 주요 업무 내용이 명시되어 있지 않습니다.
인재상: 졸업예정자의 경우 학교 출석에 지장이 없거나 학칙으로 학점 인정이 가능한 분이 지원 가능합니다. 남자의 경우 병역필 또는 면제자여야 하며, 해외여행에 결격 사유가 없어야 합니다.",both,job_posting,한솔섬유 디자인부 Digital 팀에서 신입(인턴) 또는 경력직을 모집합니다.,"[""short_text"", ""low_signal""]"
311913,한솔섬유,[한솔섬유] [본사] 디자인부(Style Design) 신입(인턴) 또는 경력,"NEW, EXPERIENCED","[한솔섬유] [본사] 디자인부(Style Design) 신입(인턴) 또는 경력 모집분야 디자인부 Style Design Womens 팀 공통자격 요건 졸업예정자의 경우, 학교에 출석하지 않아도 졸업에 지장이 없거나, 학칙으로 학점인정이 가능한 분만 지원 남자는 병역필 또는 면제이신 분 해외여행에 결격 사유가 없으신 분",,[],design,[],"[""Style Design Womens 팀""]",[],[],fashion,unknown,mid_corp,unknown,"[""인턴""]",[],한솔섬유는 의류 및 섬유 제품을 생산하고 수출하는 글로벌 기업입니다.,여성 의류의 스타일을 디자인하여 제품 경쟁력을 강화하고 시장 트렌드를 반영하는 역할을 수행합니다.,"여성 의류의 스타일을 기획하고 디자인하며, 시장 트렌드를 분석하여 새로운 디자인 컨셉을 제안합니다. 디자인 스케치 및 도식화 작업을 수행하고, 샘플 제작 과정을 관리하며, 생산 부서와 협력하여 디자인의 완성도를 높입니다.","졸업예정자의 경우 학교 출석에 지장이 없거나 학점 인정이 가능한 분, 병역필 또는 면제인 남성, 해외여행에 결격 사유가 없는 분을 찾습니다.",[],"회사: 한솔섬유는 의류 및 섬유 제품을 생산하고 수출하는 글로벌 기업입니다.
직무 목적: 여성 의류의 스타일을 디자인하여 제품 경쟁력을 강화하고 시장 트렌드를 반영하는 역할을 수행합니다.
주요 업무: 여성 의류의 스타일을 기획하고 디자인하며, 시장 트렌드를 분석하여 새로운 디자인 컨셉을 제안합니다. 디자인 스케치 및 도식화 작업을 수행하고, 샘플 제작 과정을 관리하며, 생산 부서와 협력하여 디자인의 완성도를 높입니다.
인재상: 졸업예정자의 경우 학교 출석에 지장이 없거나 학점 인정이 가능한 분, 병역필 또는 면제인 남성, 해외여행에 결격 사유가 없는 분을 찾습니다.",both,job_posting,한솔섬유 디자인부에서 여성 의류 스타일 디자인 신입(인턴) 또는 경력직을 모집합니다.,"[""low_signal""]"
311911,CJ프레시웨이,[CJ프레시웨이] SCM 센터운영(용인) 신입/경력사원 모집,"NEW, EXPERIENCED","[CJ프레시웨이] SCM 센터운영(용인) 신입/경력사원 모집 직무소개 물류센터 운영 - 입/출고 관리, 재고관리, 배차, 현장관리, 비용 관리, 계약 등 SCM 프로세스 개선 - 센터 운영 프로세스 설계 및 시행 - 손익 계획/분석 및 원가 절감 등 물류운영 전반 효율화 과제 수립 및 시행 고객 서비스 개선 - 내/외부 고객서비스 개선 목표 수립 및 지표관리(클레임, 결품 등) 지원자격 - 초대졸 이상 - 내/외부 원활한 커뮤니케이션 역량 보유자 - 주 6일(휴일, 공휴일 등) 근무 가능자 - 석/야간 주기적 로테이션 근무 가능자 주간 (09:00~18:00) 석간 (18:00~03:00) 야간 (22:00~07:00) 우대사항 - 물류 운영 관련 지식 및 경험 보유자 - 저온 및 식자재 물류센터 운영 관리 경험 보유자 - 배차 업무 경력자 - 모집 지역 인근 거주자 기타 안내사항 채용 전형 1) (월) ~ 2026.04.13(월) 23:59 2) (recruit.cj.net) 통한 지원서 접수 3) 채용전형 : 지원서 접수 CJAT/면접 처우협의 채용검진/입사 전형별 세부일정은 추후 합격 여부에 관계없이 개별적으로 안내 예정 복리후생 및 인사제도 안내 다양한 일상의 가치를 누려보세요. - 카페테리아 포인트 (연간 100만원 상당) - CJ Member's Card (CJ브랜드 40% 상시 할인) - CJ그룹 프리미엄 리조트 이용 지원 - 건강검진 및 의료비 지원 - 주택자금대출 (근속 2년 이상 재직자) 가족과 함께 하는 삶을 응원합니다. - 경조사 지원 (경조물품, 경조휴가, 경조금 등) - 웨딩홀, 웨딩카 지원 - 난임부부 시술비 및 휴가 지원 - 임신/출산 축하 선물 지급 - 자녀 학자금 지급 - 장애인 자녀 양육비 지급 - 가족돌봄 휴가/휴직 지원 구성원의 성장을 지원합니다. - Creative Week (근속 연수에 따른 2주 유급휴가 제공) - 승진 및 근속 기념 선물 제공 - 온/오프라인 교육 유료 과정 지원 및 무료 콘텐츠 제공 - 어학 검정 비용 지원 (연 2회) - 전화 외국어 지원 (월 1회) CJ프레시웨이의 기업문화, 인사제도에 대한 자세한 내용은 회사 홈페이지에서 확인하실 수 있습니다. ( ) - 관계 법령에 의거하여 보훈대상자 및 장애인 우대사항이 적용됩니다",,"[""https://www.cjfreshway.com/career/life/culture.jsp""]",logistics_scm,[],"[""SCM 센터운영""]",[],"[""물류 운영 지식"", ""저온/식자재 물류센터 운영 관리"", ""배차 업무""]",food_beverage,용인,large_corp,field,"[""프로젝트""]","[""커뮤니케이션 역량""]","CJ프레시웨이는 CJ그룹의 계열사로, 식자재 유통 및 단체급식 사업을 영위하며 고객에게 신선하고 안전한 식자재를 공급합니다.",물류센터의 효율적인 운영과 SCM 프로세스 개선을 통해 비용을 절감하고 고객 서비스를 향상시키는 것이 이 직무의 목적입니다.,"물류센터의 입/출고 관리, 재고관리, 배차, 현장관리, 비용 관리, 계약 업무를 수행합니다. SCM 프로세스를 설계하고 시행하며, 손익 계획 및 분석을 통해 원가 절감 등 물류운영 전반의 효율화 과제를 수립하고 실행합니다. 또한, 내/외부 고객 서비스 개선 목표를 수립하고 클레임 및 결품 지표를 관리하여 고객 만족도를 높입니다.","초대졸 이상 학력을 갖추고 내/외부와 원활하게 소통할 수 있는 역량을 보유해야 합니다. 주 6일 근무 및 석/야간 로테이션 근무가 가능해야 합니다. 물류 운영 관련 지식과 경험이 있는 분, 특히 저온 및 식자재 물류센터 운영 관리 경험이 있는 분을 우대합니다. 배차 업무 경력자와 모집 지역 인근 거주자 또한 우대합니다.","[""성장지원"", ""가족친화"", ""복지지향"", ""자율""]","회사: CJ프레시웨이는 CJ그룹의 계열사로, 식자재 유통 및 단체급식 사업을 영위하며 고객에게 신선하고 안전한 식자재를 공급합니다.
직무 목적: 물류센터의 효율적인 운영과 SCM 프로세스 개선을 통해 비용을 절감하고 고객 서비스를 향상시키는 것이 이 직무의 목적입니다.
주요 업무: 물류센터의 입/출고 관리, 재고관리, 배차, 현장관리, 비용 관리, 계약 업무를 수행합니다. SCM 프로세스를 설계하고 시행하며, 손익 계획 및 분석을 통해 원가 절감 등 물류운영 전반의 효율화 과제를 수립하고 실행합니다. 또한, 내/외부 고객 서비스 개선 목표를 수립하고 클레임 및 결품 지표를 관리하여 고객 만족도를 높입니다.
인재상: 초대졸 이상 학력을 갖추고 내/외부와 원활하게 소통할 수 있는 역량을 보유해야 합니다. 주 6일 근무 및 석/야간 로테이션 근무가 가능해야 합니다. 물류 운영 관련 지식과 경험이 있는 분, 특히 저온 및 식자재 물류센터 운영 관리 경험이 있는 분을 우대합니다. 배차 업무 경력자와 모집 지역 인근 거주자 또한 우대합니다.",both,job_posting,CJ프레시웨이 용인 SCM 센터에서 물류센터 운영 및 SCM 프로세스 개선을 담당할 신입/경력사원을 모집합니다.,[]
311910,대한법률구조공단,[대한법률구조공단] 대전지부 청년인턴 공개경쟁 채용,INTERN,[대한법률구조공단] 대전지부 청년인턴 공개경쟁 채용 [담당업무] 송무 및 행정업무 지원 고객 안내 및 기록보존 업무 기타 이사장(또는 부서장)이 지시하는 업무 [ ~ 2026.04.13 [,,[],management_support,"[""cs_cx""]","[""청년인턴""]",[],[],public_ngo,대전,public_org,office,"[""인턴""]","[""실행력·업무처리 능력"", ""고객·서비스 지향""]","대한법률구조공단은 경제적으로 어렵거나 법을 잘 모르는 국민에게 법률 상담, 변호사 또는 공익법무관에 의한 소송대리 등 법률구조 서비스를 제공하는 공공기관입니다.",이 직무는 대한법률구조공단 대전지부에서 법률구조 서비스의 원활한 운영을 위해 송무 및 행정 업무를 지원하고 고객을 안내하는 중요한 역할을 수행합니다.,"주요 업무는 송무 관련 서류 정리 및 행정 업무를 지원하는 것입니다. 또한, 공단을 방문하는 고객을 친절하게 안내하고, 중요한 기록물을 체계적으로 보존 및 관리하는 업무를 수행합니다. 이 외에도 이사장 또는 부서장이 지시하는 다양한 업무를 처리하며 공단 운영에 기여합니다.","본 채용은 청년인턴을 대상으로 하며, 송무 및 행정 업무 지원에 필요한 기본적인 역량을 갖춘 인재를 찾습니다. 고객 안내 업무를 수행할 수 있는 친절함과 책임감을 가진 분을 우대합니다. 기록 보존 등 꼼꼼한 업무 처리 능력이 요구됩니다.",[],"회사: 대한법률구조공단은 경제적으로 어렵거나 법을 잘 모르는 국민에게 법률 상담, 변호사 또는 공익법무관에 의한 소송대리 등 법률구조 서비스를 제공하는 공공기관입니다.
직무 목적: 이 직무는 대한법률구조공단 대전지부에서 법률구조 서비스의 원활한 운영을 위해 송무 및 행정 업무를 지원하고 고객을 안내하는 중요한 역할을 수행합니다.
주요 업무: 주요 업무는 송무 관련 서류 정리 및 행정 업무를 지원하는 것입니다. 또한, 공단을 방문하는 고객을 친절하게 안내하고, 중요한 기록물을 체계적으로 보존 및 관리하는 업무를 수행합니다. 이 외에도 이사장 또는 부서장이 지시하는 다양한 업무를 처리하며 공단 운영에 기여합니다.
인재상: 본 채용은 청년인턴을 대상으로 하며, 송무 및 행정 업무 지원에 필요한 기본적인 역량을 갖춘 인재를 찾습니다. 고객 안내 업무를 수행할 수 있는 친절함과 책임감을 가진 분을 우대합니다. 기록 보존 등 꼼꼼한 업무 처리 능력이 요구됩니다.",intern,internship_program,대한법률구조공단 대전지부에서 송무 및 행정 업무를 지원할 청년인턴을 공개 채용합니다.,"[""short_text"", ""low_signal""]"
311909,SNOW,[SNOW] AI CS 기획/운영 체험형 인턴,INTERN,"[SNOW] AI CS 기획/운영 체험형 인턴 [직무 개요] - 고객 문의 대응 프로세스 진행 및 지원 - 고객 문의 현황 및 변동 추이 분석 보조 (일간/주간 문의 지표 보고) - CS 챗봇 기획 및 운영 보조 - AI CS 답변 퀄리티 관리 - 앱 기능 관련 이슈 리포트 보조 [필요 역량] - 계약 기간(약 3개월) 동안 full-time 근무 가능하신 분 [월-금, 10-19시] - 우대 사항] - AI 챗봇(ChatGPT, Claude 등)을 적극적으로 활용해 본 경험이 있는 분 (예: 프롬프트 작성, 기능 테스트 등) - 커뮤니티 혹은 플랫폼 서비스 운영 업무 경험이 있으시거나, 이에 관심이 있는 분 - 대면 및 비대면 고객 응대 업무 경험을 보유한 분 - 영어 중국어 일본어 등의 외국어 활용이 가능한 분","AI CS 기획/운영 | 아웃바운드TM | 영업/고객상담 | 고객관리/인바운드 | 고객관리 | 인바운드 | [필수] 지원 동기 중심으로 한 자기소개서를 작성해주세요. | [필수] 평소 ChatGPT, Claude 등 생성형 AI 챗봇을 어떤 방식으로 활용하고 있으며, 더 나은 결과를 얻기 위해 시도한 본인만의 활용 전략이나 개선 방안이 있다면 구체적인 사례와 함께 작성해 주세요. | [필수] 다른 서비스의 챗봇이나 고객센터를 이용하면서 좋은 경험 또는 불편한 경험 을 한 사례가 있다면, 그 이유는 무엇이라고 생각하나요? 이러한 경험을 바탕으로, SNOW 챗봇의 운영 담당자로 근무하게 된다면, 고객에게 좋은 경험 을 제공하기 위해 어떤 점을 가장 중요하게 관리하고, 부정적인 경험 을 발견했을 때는 어떤 방식으로 개선해 나갈지 구체적으로 서술해 주세요. | [선택] 자신의 장점과 역량을 잘 드러낼 수 있는 포트폴리오 혹은 URL이 있다면 소개해 주세요. (파일 첨부, 자유 양식) / 연락처, 이메일 등은 기재할 수 없습니다. | [SNOW] AI CS 기획/운영 체험형 인턴",[],cs_cx,[],"[""AI CS 기획/운영""]","[""ChatGPT"", ""Claude"", ""프롬프트 작성""]","[""영어"", ""중국어"", ""일본어""]",ai_data,서울,large_corp,office,"[""프로젝트"", ""대외활동"", ""아르바이트""]","[""정보수집·분석 역량"", ""실행력·업무처리 능력"", ""고객·서비스 지향"", ""문제해결 능력""]",SNOW는 카메라 앱 및 AI 기술을 기반으로 다양한 서비스를 제공하는 회사입니다.,"이 직무는 고객 문의에 효율적으로 대응하고, AI 챗봇을 기획 및 운영하여 고객 서비스 품질을 향상시키기 위해 필요합니다.","고객 문의 대응 프로세스를 진행하고 지원하며, 고객 문의 현황 및 변동 추이를 분석하여 일간/주간 문의 지표 보고를 보조합니다. 이와 함께 CS 챗봇의 기획 및 운영을 보조하고, AI CS 답변의 퀄리티를 체계적으로 관리하는 역할을 수행합니다. 더 나아가 앱 기능 관련 이슈를 파악하고 리포트하는 업무를 통해 서비스 개선에 기여합니다.","약 3개월간 월-금 10시부터 19시까지 풀타임 근무가 가능한 분을 찾습니다. ChatGPT, Claude 등 생성형 AI 챗봇을 적극적으로 활용해 본 경험이 있으며, 자신만의 활용 전략이나 개선 방안을 구체적인 사례와 함께 제시할 수 있는 분을 우대합니다. 커뮤니티나 플랫폼 서비스 운영 경험 또는 고객 응대 경험이 있는 분, 그리고 영어, 중국어, 일본어 등 외국어 활용이 가능한 분을 선호합니다.",[],"회사: SNOW는 카메라 앱 및 AI 기술을 기반으로 다양한 서비스를 제공하는 회사입니다.
직무 목적: 이 직무는 고객 문의에 효율적으로 대응하고, AI 챗봇을 기획 및 운영하여 고객 서비스 품질을 향상시키기 위해 필요합니다.
주요 업무: 고객 문의 대응 프로세스를 진행하고 지원하며, 고객 문의 현황 및 변동 추이를 분석하여 일간/주간 문의 지표 보고를 보조합니다. 이와 함께 CS 챗봇의 기획 및 운영을 보조하고, AI CS 답변의 퀄리티를 체계적으로 관리하는 역할을 수행합니다. 더 나아가 앱 기능 관련 이슈를 파악하고 리포트하는 업무를 통해 서비스 개선에 기여합니다.
인재상: 약 3개월간 월-금 10시부터 19시까지 풀타임 근무가 가능한 분을 찾습니다. ChatGPT, Claude 등 생성형 AI 챗봇을 적극적으로 활용해 본 경험이 있으며, 자신만의 활용 전략이나 개선 방안을 구체적인 사례와 함께 제시할 수 있는 분을 우대합니다. 커뮤니티나 플랫폼 서비스 운영 경험 또는 고객 응대 경험이 있는 분, 그리고 영어, 중국어, 일본어 등 외국어 활용이 가능한 분을 선호합니다.",intern,internship_program,"SNOW의 AI CS 기획/운영 체험형 인턴으로, AI 챗봇을 활용하여 고객 서비스 품질을 향상시키는 업무를 수행합니다.",[]
311907,PTKOREA,[PTKOREA] 미디어플래닝 업무 보조 인턴,INTERN,"[PTKOREA] 미디어플래닝 업무 보조 인턴 [담당업무] - 디지털 캠페인 운영 세팅 보조 - 캠페인 운영 리포트 작성, 트렌드리포트 작성 - 캠페인 운영 모니터링 - 신규 캠페인 제안 시 팀 내 협업 [자격요건] - 학사이상이신 분 - 미디어 플랫폼 활용 및 이해도가 있으신 분(구글, 메타, 틱톡, 다음카카오, 네이버 GFA 등) - 컴퓨터 및 OA 활용 가능하신 분 (엑셀, PPT 등) - 디지털 대행사 및 렙사 경험이 있으신 분 [",,[],marketing,[],"[""미디어플래닝 업무 보조 인턴""]","[""구글"", ""메타"", ""틱톡"", ""다음카카오"", ""네이버 GFA"", ""엑셀"", ""PPT""]",[],media_entertainment,unknown,unknown,unknown,"[""인턴""]","[""실행력·업무처리 능력"", ""정보수집·분석 역량"", ""협업·팀워크""]",PTKOREA는 미디어플래닝 업무를 수행하는 회사입니다.,디지털 캠페인 운영을 지원하고 리포트 작성을 통해 캠페인의 효율적인 관리에 기여합니다.,"디지털 캠페인 운영을 위한 세팅 작업을 보조하고, 캠페인 운영 현황을 모니터링합니다. 또한, 캠페인 운영 리포트와 트렌드 리포트를 작성하여 성과 분석에 기여합니다. 신규 캠페인 제안 시에는 팀 내 다른 구성원들과 협업하여 아이디어를 구체화하는 역할을 수행합니다.","학사 학위 이상을 소지하고 미디어 플랫폼 활용 및 이해도가 높은 인재를 찾습니다. 구글, 메타, 틱톡, 다음카카오, 네이버 GFA 등 주요 미디어 플랫폼에 대한 지식이 필수적입니다. 컴퓨터 및 OA 활용 능력(엑셀, PPT 등)이 뛰어나야 하며, 디지털 대행사 또는 렙사 경험이 있는 분을 우대합니다.",[],"회사: PTKOREA는 미디어플래닝 업무를 수행하는 회사입니다.
직무 목적: 디지털 캠페인 운영을 지원하고 리포트 작성을 통해 캠페인의 효율적인 관리에 기여합니다.
주요 업무: 디지털 캠페인 운영을 위한 세팅 작업을 보조하고, 캠페인 운영 현황을 모니터링합니다. 또한, 캠페인 운영 리포트와 트렌드 리포트를 작성하여 성과 분석에 기여합니다. 신규 캠페인 제안 시에는 팀 내 다른 구성원들과 협업하여 아이디어를 구체화하는 역할을 수행합니다.
인재상: 학사 학위 이상을 소지하고 미디어 플랫폼 활용 및 이해도가 높은 인재를 찾습니다. 구글, 메타, 틱톡, 다음카카오, 네이버 GFA 등 주요 미디어 플랫폼에 대한 지식이 필수적입니다. 컴퓨터 및 OA 활용 능력(엑셀, PPT 등)이 뛰어나야 하며, 디지털 대행사 또는 렙사 경험이 있는 분을 우대합니다.",intern,internship_program,PTKOREA의 미디어플래닝 업무 보조 인턴으로 디지털 캠페인 운영 지원 및 리포트 작성을 담당합니다.,[]
311905,MBN미디어텍,[MBN미디어텍/충무로] 영상취재부 촬영보조 or VJ 채용 (신입가능),CONTRACT,"[MBN미디어텍/충무로] 영상취재부 촬영보조 or VJ 채용 ~ 채용 시 마감 모집부문 및 상세내용 [MBN미디어텍/충무로] 영상취재부 촬영보조 or VJ 채용 (신입가능) 채용 형태 - 파견직 / 그린맨파워 소속 1년, 최대 2년 담당업무 [ 촬영보조 업무 내용 ] -- 취재촬영 어시스트, 촬영장비 관리, 촬영현장 관리 -- 취재 현장 촬영 담당 [ VJ 업무 내용 ] -- 취재 현장 카메라 장비 운용 (6MM, ENG) -- 카메라 장비 유지보수 -- 기타 관련 업무 우대조건 - 방송 관련 학과 전공자우대 ( 영상 , 미디어 관련 )] - 방송 유 경험자 우대, 신입 가능 - 인근 거주자, 장기 근무자 우대 자격요건 학력 대학졸업(2,3년) 이상 근무조건 급여 월급 222만원(세전) + 휴일수당 (발생 시) 근무시간 주 5일(월~금) 09:00 ~ 18:00 / 업무 특성 상 스케줄 변동 가능성 MBN미디어텍",,[],unknown,[],"[""영상취재부 촬영보조"", ""VJ""]",[],"[""영상 관련 지식"", ""미디어 관련 지식""]",media_entertainment,서울,large_corp,office,"[""프로젝트""]","[""실행력·업무처리 능력""]","MBN미디어텍은 MBN 계열의 미디어 회사로, 영상 콘텐츠 제작 및 방송 관련 업무를 수행합니다.",뉴스 및 미디어 콘텐츠 제작을 위한 현장 촬영 지원 및 카메라 운용을 통해 영상 콘텐츠의 품질을 확보하고 원활한 취재 활동을 돕는 것이 이 직무의 목적입니다.,"촬영보조로서 취재 촬영을 어시스트하고, 촬영 장비를 관리하며, 촬영 현장을 관리합니다. 또한 취재 현장에서 직접 촬영을 담당하기도 합니다. VJ의 경우 취재 현장에서 6MM, ENG 카메라 장비를 직접 운용하고, 사용한 카메라 장비의 유지보수를 담당하며, 기타 관련 업무를 수행합니다.","대학 졸업(2,3년) 이상의 학력을 가진 분을 찾습니다. 방송 관련 학과(영상, 미디어 관련) 전공자나 방송 유경험자를 우대하며, 신입도 지원 가능합니다. 인근 거주자 및 장기 근무 가능자를 선호합니다.",[],"회사: MBN미디어텍은 MBN 계열의 미디어 회사로, 영상 콘텐츠 제작 및 방송 관련 업무를 수행합니다.
직무 목적: 뉴스 및 미디어 콘텐츠 제작을 위한 현장 촬영 지원 및 카메라 운용을 통해 영상 콘텐츠의 품질을 확보하고 원활한 취재 활동을 돕는 것이 이 직무의 목적입니다.
주요 업무: 촬영보조로서 취재 촬영을 어시스트하고, 촬영 장비를 관리하며, 촬영 현장을 관리합니다. 또한 취재 현장에서 직접 촬영을 담당하기도 합니다. VJ의 경우 취재 현장에서 6MM, ENG 카메라 장비를 직접 운용하고, 사용한 카메라 장비의 유지보수를 담당하며, 기타 관련 업무를 수행합니다.
인재상: 대학 졸업(2,3년) 이상의 학력을 가진 분을 찾습니다. 방송 관련 학과(영상, 미디어 관련) 전공자나 방송 유경험자를 우대하며, 신입도 지원 가능합니다. 인근 거주자 및 장기 근무 가능자를 선호합니다.",both,job_posting,MBN미디어텍 영상취재부에서 촬영보조 또는 VJ로 현장 촬영 지원 및 카메라 운용을 담당할 신입/경력직을 채용합니다.,[]
311903,오비맥주,[ABInbev Korea 오비맥주] 이천공장 제품팀 기술직 채용 (계약직),CONTRACT,[ABInbev Korea 오비맥주] 이천공장 제품팀 기술직 채용 (계약직) [담당업무] 제품 포장 생산라인 업무 보조 주변 작업장 정리(5S) [우대사항] 3교대 근무 가능자 근면성실하며 지원 직무수행에 결격 없는 자 [,제품팀 기술직 | 생산관리/공정관리/품질관리 | 생산/제조 | 생산관리 | 공정관리 | 품질관리 | 자재관리 | 환경관리 | 성장 과정 및 성격의 장단점 | 지원 동기 및 입사 후 포부 | [ABInbev Korea 오비맥주] 이천공장 제품팀 기술직 채용 (계약직),[],manufacturing,"[""quality""]","[""제품팀 기술직"", ""생산관리"", ""공정관리"", ""품질관리""]",[],[],food_beverage,이천,large_corp,field,[],"[""실행력·업무처리 능력""]","오비맥주는 ABInbev Korea의 일원으로, 한국에서 맥주를 생산하고 유통하는 주요 기업입니다.",이천공장의 제품팀 기술직은 제품 포장 생산라인의 원활한 운영을 지원하고 작업 환경을 청결하게 유지하여 생산 효율성과 품질 관리에 기여합니다.,"주요 업무는 제품 포장 생산라인에서 업무를 보조하는 것입니다. 또한, 주변 작업장을 5S 원칙에 따라 정리하고 관리하여 안전하고 효율적인 작업 환경을 조성하는 역할을 수행합니다.","본 채용은 3교대 근무가 가능한 분을 우대하며, 근면성실한 태도로 맡은 바 직무를 성실히 수행할 수 있는 분을 찾습니다. 지원 직무 수행에 결격 사유가 없는 분이라면 지원 가능합니다.",[],"회사: 오비맥주는 ABInbev Korea의 일원으로, 한국에서 맥주를 생산하고 유통하는 주요 기업입니다.
직무 목적: 이천공장의 제품팀 기술직은 제품 포장 생산라인의 원활한 운영을 지원하고 작업 환경을 청결하게 유지하여 생산 효율성과 품질 관리에 기여합니다.
주요 업무: 주요 업무는 제품 포장 생산라인에서 업무를 보조하는 것입니다. 또한, 주변 작업장을 5S 원칙에 따라 정리하고 관리하여 안전하고 효율적인 작업 환경을 조성하는 역할을 수행합니다.
인재상: 본 채용은 3교대 근무가 가능한 분을 우대하며, 근면성실한 태도로 맡은 바 직무를 성실히 수행할 수 있는 분을 찾습니다. 지원 직무 수행에 결격 사유가 없는 분이라면 지원 가능합니다.",contract,job_posting,오비맥주 이천공장에서 제품 포장 생산라인 보조 및 작업장 정리를 담당할 계약직 기술직을 채용합니다.,"[""short_text"", ""low_signal""]"
311902,머스트잇,[머스트잇] CRM 인턴 채용,INTERN,"[머스트잇] CRM 인턴 채용 [모집 직무] - CRM 인턴 앱 푸시, 인앱 메시지 캠페인 기획 및 발송 운영 메시지 성과 모니터링 및 A/B 테스트 운영 RFM 기반 회원 프로모션 기획 주요 회원 세그먼트 및 CRM 연관 실적 관리 회원 행동 구매 데이터 기반 캠페인 기획 및 결과 분석 회원 마케팅 주요 구좌 노출편성 [",,[],marketing,[],"[""CRM 인턴""]","[""캠페인 기획"", ""데이터 분석"", ""A/B 테스트"", ""CRM"", ""마케팅 전략 수립""]",[],retail_ecommerce,unknown,mid_corp,unknown,"[""인턴"", ""프로젝트""]","[""전략·기획 역량"", ""정보수집·분석 역량"", ""실행력·업무처리 능력""]",머스트잇은 명품 이커머스 플랫폼입니다.,"이 직무는 CRM 캠페인 기획 및 운영을 통해 회원 참여를 유도하고, 데이터 분석을 기반으로 마케팅 성과를 최적화하여 비즈니스 성장에 기여합니다.","앱 푸시 및 인앱 메시지 캠페인을 기획하고 발송을 운영합니다. 메시지 성과를 지속적으로 모니터링하고 A/B 테스트를 통해 최적의 결과를 도출합니다. RFM(Recency, Frequency, Monetary) 기반으로 회원 프로모션을 기획하고, 주요 회원 세그먼트 및 CRM 연관 실적을 관리합니다. 회원 행동 및 구매 데이터를 기반으로 캠페인을 기획하고 그 결과를 분석하며, 회원 마케팅 주요 구좌의 노출 편성을 담당합니다.","CRM 캠페인 기획 및 운영에 대한 이해를 바탕으로, 데이터 분석을 통해 성과를 모니터링하고 개선 방안을 도출할 수 있는 인재를 찾습니다. RFM 모델을 활용한 프로모션 기획 경험이 있거나, 회원 행동 및 구매 데이터 분석에 관심이 있는 분을 우대합니다. 적극적인 실행력과 문제 해결 능력을 갖춘 분이라면 좋습니다.",[],"회사: 머스트잇은 명품 이커머스 플랫폼입니다.
직무 목적: 이 직무는 CRM 캠페인 기획 및 운영을 통해 회원 참여를 유도하고, 데이터 분석을 기반으로 마케팅 성과를 최적화하여 비즈니스 성장에 기여합니다.
주요 업무: 앱 푸시 및 인앱 메시지 캠페인을 기획하고 발송을 운영합니다. 메시지 성과를 지속적으로 모니터링하고 A/B 테스트를 통해 최적의 결과를 도출합니다. RFM(Recency, Frequency, Monetary) 기반으로 회원 프로모션을 기획하고, 주요 회원 세그먼트 및 CRM 연관 실적을 관리합니다. 회원 행동 및 구매 데이터를 기반으로 캠페인을 기획하고 그 결과를 분석하며, 회원 마케팅 주요 구좌의 노출 편성을 담당합니다.
인재상: CRM 캠페인 기획 및 운영에 대한 이해를 바탕으로, 데이터 분석을 통해 성과를 모니터링하고 개선 방안을 도출할 수 있는 인재를 찾습니다. RFM 모델을 활용한 프로모션 기획 경험이 있거나, 회원 행동 및 구매 데이터 분석에 관심이 있는 분을 우대합니다. 적극적인 실행력과 문제 해결 능력을 갖춘 분이라면 좋습니다.",intern,job_posting,"머스트잇에서 CRM 인턴으로 앱 푸시, 인앱 메시지 캠페인 기획 및 운영, 데이터 기반 성과 분석을 담당합니다.",[]
311901,오비맥주,[ABInbev Korea 오비맥주] 이천공장 양조팀 로드탱커 채용(계약직),CONTRACT,"[ABInbev Korea 오비맥주] 이천공장 양조팀 로드탱커 채용(계약직) [주요 담당 업무] - OBC 공장간 맥주탱크를 이송하고, 이송받는 작업을 하며, 해당 라인 CIP 및 양조팀 최종맥주 BBT 생산에 기여하는 업무입니다. DST 위험한 상태/행동 발굴 TEL 관리 맥주 Loss 최적화 MO 관리 로드탱크 미생물관리 현장 5S [필요 역량] 맥주 여과에 대한 이해 로드탱크 설비에 대한 이해도 성실, 근면 업무 마인드 공장 생산직 이해 [채용절차] - 서류전형 > 면접전형 > 신체검사 > 최종합격",이천공장 양조팀 로드탱커 | 생산관리/공정관리/품질관리 | 생산/제조 | 생산관리 | 공정관리 | 품질관리 | 자재관리 | 환경관리 | 성장 과정 및 성격의 장단점을 기술해 주십시오. | 입사 지원동기 및 사유를 기술해 주십시오. | [ABInbev Korea 오비맥주] 이천공장 양조팀 로드탱커 채용(계약직),[],manufacturing,[],"[""이천공장 양조팀 로드탱커""]","[""맥주 여과에 대한 이해"", ""로드탱크 설비에 대한 이해도""]",[],food_beverage,이천,large_corp,field,[],"[""실행력·업무처리 능력""]","오비맥주는 ABInbev Korea의 일원으로, 국내 시장에 다양한 맥주 제품을 생산하고 공급하는 기업입니다.","이 직무는 이천공장에서 맥주 탱크 이송 및 관련 공정 관리를 통해 최종 맥주 생산에 기여하며, 생산 효율성과 품질을 유지하는 중요한 역할을 합니다.","OBC 공장 간 맥주탱크를 이송하고 이송받는 작업을 수행합니다. 해당 라인의 CIP(Cleaning In Place)를 관리하며, 양조팀의 최종 맥주 BBT(Bright Beer Tank) 생산에 기여합니다. 또한, DST(Daily Safety Talk)를 통해 위험한 상태 및 행동을 발굴하고, TEL(Total Equipment Loss) 관리 및 맥주 Loss 최적화를 담당합니다. MO(Maintenance Order) 관리와 로드탱크 미생물 관리, 현장 5S 활동을 통해 생산 효율성과 품질을 유지합니다.",맥주 여과 공정과 로드탱크 설비에 대한 깊은 이해를 갖춘 인재를 찾습니다. 성실하고 근면한 업무 마인드를 바탕으로 공장 생산직 환경에 대한 이해가 필수적입니다. 안전 의식을 가지고 현장 업무에 적극적으로 임할 수 있는 분을 우대합니다.,[],"회사: 오비맥주는 ABInbev Korea의 일원으로, 국내 시장에 다양한 맥주 제품을 생산하고 공급하는 기업입니다.
직무 목적: 이 직무는 이천공장에서 맥주 탱크 이송 및 관련 공정 관리를 통해 최종 맥주 생산에 기여하며, 생산 효율성과 품질을 유지하는 중요한 역할을 합니다.
주요 업무: OBC 공장 간 맥주탱크를 이송하고 이송받는 작업을 수행합니다. 해당 라인의 CIP(Cleaning In Place)를 관리하며, 양조팀의 최종 맥주 BBT(Bright Beer Tank) 생산에 기여합니다. 또한, DST(Daily Safety Talk)를 통해 위험한 상태 및 행동을 발굴하고, TEL(Total Equipment Loss) 관리 및 맥주 Loss 최적화를 담당합니다. MO(Maintenance Order) 관리와 로드탱크 미생물 관리, 현장 5S 활동을 통해 생산 효율성과 품질을 유지합니다.
인재상: 맥주 여과 공정과 로드탱크 설비에 대한 깊은 이해를 갖춘 인재를 찾습니다. 성실하고 근면한 업무 마인드를 바탕으로 공장 생산직 환경에 대한 이해가 필수적입니다. 안전 의식을 가지고 현장 업무에 적극적으로 임할 수 있는 분을 우대합니다.",contract,job_posting,오비맥주 이천공장에서 맥주 탱크 이송 및 생산 공정 관리를 담당할 로드탱커 계약직을 채용합니다.,[]
311900,스마일게이트,[LOST ARK Mobile] 컨텐츠 레벨기획 담당 (계약직),CONTRACT,"[LOST ARK Mobile] 컨텐츠 레벨기획 담당 (계약직) [담당업무] - LOST ARK Mobile 내 다양한 PVE, PVP 플레이 컨텐츠의 레벨기획 - 컨텐츠 아이디어 제안, 레벨 기획서 작성, 관련 리소스 관리 - 의도에 맞는 공간 구성 및 난이도 설계를 통한 재미 부여 - 제작된 컨텐츠에 대한 유지 보수 관리 - 기획 의도에 부합하는 리소스 요청 및 활용 - 언리얼 엔진을 활용한 각종 컨텐츠 레벨 제작 [자격요건] - 신입 (경력 조건 없음) - 직무의 경계를 두지 않고, 적극적이고 주도적으로 업무를 추진할 수 있는 자세를 갖춘 분 [필요역량] - MMORPG 및 다양한 게임 플레이 경험 - 게임 컨텐츠의 의도와 위상을 이해할 수 있는 역량 - 레벨 기획 직군으로서 역량 성장에 대한 지속적인 관심과 목표 의식",컨텐츠 레벨기획 담당 | 게임기획 | 게임 | IT/인터넷 | 본인의 경력 혹은 경험을 기반으로 어필할 수 있는 내용에 대해 자유롭게 기재해주세요. | [LOST ARK Mobile] 컨텐츠 레벨기획 담당 (계약직),[],software_dev,[],"[""컨텐츠 레벨기획 담당""]","[""언리얼 엔진""]",[],it_software,unknown,large_corp,unknown,[],"[""실행력·업무처리 능력"", ""학습·성장 역량""]",스마일게이트는 LOST ARK Mobile을 포함한 다양한 게임을 개발하고 서비스하는 국내 주요 게임 회사입니다.,이 직무는 LOST ARK Mobile의 PVE 및 PVP 컨텐츠를 기획하고 제작하여 사용자에게 몰입감 있고 재미있는 게임 경험을 제공하는 데 기여합니다.,"LOST ARK Mobile 내 다양한 PVE, PVP 플레이 컨텐츠의 레벨을 기획합니다. 컨텐츠 아이디어를 제안하고, 상세 레벨 기획서를 작성하며, 관련 리소스를 효율적으로 관리합니다. 의도에 맞는 공간을 구성하고 난이도를 정교하게 설계하여 게임의 재미를 극대화합니다. 제작된 컨텐츠에 대한 지속적인 유지 보수 관리를 수행하며, 기획 의도에 부합하는 리소스를 요청하고 활용합니다. 특히 언리얼 엔진을 적극적으로 활용하여 각종 컨텐츠 레벨을 직접 제작하는 업무를 담당합니다.","본 포지션은 신입 지원자를 대상으로 하며, 직무의 경계 없이 적극적이고 주도적으로 업무를 추진할 수 있는 자세를 갖춘 분을 찾습니다. MMORPG를 포함한 다양한 게임 플레이 경험을 통해 게임 컨텐츠의 의도와 위상을 깊이 이해하는 역량이 필요합니다. 레벨 기획 직군으로서 역량 성장에 대한 지속적인 관심과 명확한 목표 의식을 가진 분을 우대합니다.",[],"회사: 스마일게이트는 LOST ARK Mobile을 포함한 다양한 게임을 개발하고 서비스하는 국내 주요 게임 회사입니다.
직무 목적: 이 직무는 LOST ARK Mobile의 PVE 및 PVP 컨텐츠를 기획하고 제작하여 사용자에게 몰입감 있고 재미있는 게임 경험을 제공하는 데 기여합니다.
주요 업무: LOST ARK Mobile 내 다양한 PVE, PVP 플레이 컨텐츠의 레벨을 기획합니다. 컨텐츠 아이디어를 제안하고, 상세 레벨 기획서를 작성하며, 관련 리소스를 효율적으로 관리합니다. 의도에 맞는 공간을 구성하고 난이도를 정교하게 설계하여 게임의 재미를 극대화합니다. 제작된 컨텐츠에 대한 지속적인 유지 보수 관리를 수행하며, 기획 의도에 부합하는 리소스를 요청하고 활용합니다. 특히 언리얼 엔진을 적극적으로 활용하여 각종 컨텐츠 레벨을 직접 제작하는 업무를 담당합니다.
인재상: 본 포지션은 신입 지원자를 대상으로 하며, 직무의 경계 없이 적극적이고 주도적으로 업무를 추진할 수 있는 자세를 갖춘 분을 찾습니다. MMORPG를 포함한 다양한 게임 플레이 경험을 통해 게임 컨텐츠의 의도와 위상을 깊이 이해하는 역량이 필요합니다. 레벨 기획 직군으로서 역량 성장에 대한 지속적인 관심과 명확한 목표 의식을 가진 분을 우대합니다.",contract,job_posting,스마일게이트 LOST ARK Mobile의 PVE/PVP 컨텐츠 레벨을 기획하고 언리얼 엔진으로 제작할 신입 계약직을 모집합니다.,[]
311899,MBN매일방송,[MBN매일방송/충무로] 미디어사업부 서무 채용 (단순회계경리 및 사무),CONTRACT,"[MBN매일방송/충무로] 미디어사업부 서무 채용 (단순회계경리 및 사무) ~ 채용 시 마감 모집부문 및 상세내용 모집 부문 상세내용 [MBN매일방송/충무로] 미디어사업부 서무 채용 (단순회계경리 및 사무) 담당업무 - 부서 내 사무 / 행정 / 경리 지원 - 부동산 사업 관련 업무 지원 (방송국 프라퍼티) - 기타 사무 보조 업무 채용형태 - 파견직 / 그린맨파워 소속 1년, 최대 2년 자격요건 학력 학력무관 근무조건 급여 월급 222만원 + 휴일수당 (발생 시) 근무시간 주 5일(월~금) / 09:00 ~ 18:00 MBN매일방송 (충무로역 4번 출구 인근) ~ 채용 시 마감",,[],management_support,[],"[""미디어사업부 서무"", ""단순회계경리 및 사무""]",[],[],media_entertainment,서울,large_corp,office,[],"[""실행력·업무처리 능력""]",MBN매일방송은 미디어 사업을 영위하는 방송국입니다.,"미디어사업부의 원활한 운영을 위해 사무, 행정, 경리 업무를 지원하고 부동산 사업 관련 업무를 보조하는 역할입니다.","부서 내 사무, 행정, 경리 업무를 지원하며, 방송국 프라퍼티와 관련된 부동산 사업 업무를 보조합니다. 이 외에도 다양한 사무 보조 업무를 수행합니다.","학력 무관하게 지원 가능하며, 부서 내 사무, 행정, 경리 지원 및 부동산 사업 관련 업무 보조를 수행할 수 있는 인재를 찾습니다.",[],"회사: MBN매일방송은 미디어 사업을 영위하는 방송국입니다.
직무 목적: 미디어사업부의 원활한 운영을 위해 사무, 행정, 경리 업무를 지원하고 부동산 사업 관련 업무를 보조하는 역할입니다.
주요 업무: 부서 내 사무, 행정, 경리 업무를 지원하며, 방송국 프라퍼티와 관련된 부동산 사업 업무를 보조합니다. 이 외에도 다양한 사무 보조 업무를 수행합니다.
인재상: 학력 무관하게 지원 가능하며, 부서 내 사무, 행정, 경리 지원 및 부동산 사업 관련 업무 보조를 수행할 수 있는 인재를 찾습니다.",contract,job_posting,"MBN매일방송 미디어사업부에서 사무, 행정, 경리 및 부동산 사업 관련 업무를 지원할 서무 파견직을 채용합니다.",[]
311898,엔씨소프트,[엔씨소프트] [단기계약직] HR 채용 운영 지원 Staff (사무직) 모집,CONTRACT,"[엔씨소프트] [단기계약직] HR 채용 운영 지원 Staff (사무직) 모집 [ 업무내용 ] 1. 채용공고 관리 - 채용 홈페이지 및 외부 잡포털에 등록된 공고를 체계적으로 관리합니다. - 각 채용공고와 관련된 현업 부서와 후보자 간의 커뮤니케이션을 지원하며, 문의 사항에 성실히 응대합니다. 2. 전형 단계 진행 및 지원자 관리 - 현업 부서와 지원자 간의 소통을 원활히 하고, 채용전형이 차질없이 진행될 수 있도록 운영 및 관리합니다. 3. 지원자격 요건 검토 - 지원자가 자격 요건을 충족하는지 기본 정보를 검토하고 확인합니다. 4. 면접 관리 - 현업 부서와 지원자 간의 면접 일정을 조율하고, 정확하게 안내합니다. - 면접 결과를 확인하여 빠르고 명확하게 안내합니다. [ 지원자격 ] - 학력 : 없음 - 경력 : ~ 2년 [ 전형 단계 ] - > 증빙 제출 및 입사조건 확인 > 입사",,[],hr,[],"[""HR 채용 운영 지원 Staff""]",[],[],it_software,unknown,large_corp,unknown,[],"[""실행력·업무처리 능력"", ""커뮤니케이션 역량""]",엔씨소프트는 한국의 대표적인 게임 개발 및 퍼블리싱 기업입니다.,"이 직무는 엔씨소프트의 HR 채용 과정이 원활하고 효율적으로 진행될 수 있도록 채용 공고 관리, 지원자 소통, 전형 단계 운영 등 전반적인 채용 운영을 지원하는 역할을 합니다.","채용 홈페이지와 외부 잡포털에 등록된 채용 공고를 체계적으로 관리하며, 각 공고와 관련된 현업 부서 및 후보자 간의 커뮤니케이션을 지원하고 문의 사항에 성실히 응대합니다. 또한, 현업 부서와 지원자 간의 소통을 원활히 하여 채용 전형이 차질 없이 진행되도록 운영 및 관리합니다. 지원자가 자격 요건을 충족하는지 기본 정보를 검토하고 확인하며, 현업 부서와 지원자 간의 면접 일정을 조율하고 정확하게 안내하고 면접 결과를 빠르고 명확하게 전달합니다.","채용 운영 지원 업무에 필요한 2년 이하의 경력을 보유한 인재를 찾습니다. 채용 공고 관리, 지원자 소통, 면접 일정 조율 등 전반적인 채용 프로세스 운영을 지원하며, 현업 부서 및 후보자와의 원활한 커뮤니케이션 능력과 꼼꼼한 업무 처리 능력이 요구됩니다.",[],"회사: 엔씨소프트는 한국의 대표적인 게임 개발 및 퍼블리싱 기업입니다.
직무 목적: 이 직무는 엔씨소프트의 HR 채용 과정이 원활하고 효율적으로 진행될 수 있도록 채용 공고 관리, 지원자 소통, 전형 단계 운영 등 전반적인 채용 운영을 지원하는 역할을 합니다.
주요 업무: 채용 홈페이지와 외부 잡포털에 등록된 채용 공고를 체계적으로 관리하며, 각 공고와 관련된 현업 부서 및 후보자 간의 커뮤니케이션을 지원하고 문의 사항에 성실히 응대합니다. 또한, 현업 부서와 지원자 간의 소통을 원활히 하여 채용 전형이 차질 없이 진행되도록 운영 및 관리합니다. 지원자가 자격 요건을 충족하는지 기본 정보를 검토하고 확인하며, 현업 부서와 지원자 간의 면접 일정을 조율하고 정확하게 안내하고 면접 결과를 빠르고 명확하게 전달합니다.
인재상: 채용 운영 지원 업무에 필요한 2년 이하의 경력을 보유한 인재를 찾습니다. 채용 공고 관리, 지원자 소통, 면접 일정 조율 등 전반적인 채용 프로세스 운영을 지원하며, 현업 부서 및 후보자와의 원활한 커뮤니케이션 능력과 꼼꼼한 업무 처리 능력이 요구됩니다.",contract,job_posting,"엔씨소프트 HR 채용 운영 지원 단기계약직으로, 채용 공고 및 지원자 관리, 면접 조율 등 전반적인 채용 프로세스를 지원합니다.",[]
311895,중앙대학교병원,[중앙대학교병원] 중앙대학교의료원(서울병원) 건진센터(일반검진) 간호사(파트타임) 모집 (2026.03-2),CONTRACT,[중앙대학교병원] 중앙대학교의료원(서울병원) 건진센터(일반검진) 간호사(파트타임) 모집 (2026.03-2) [주요업무] - 내시경 접수 - 동의서 - IV 채혈 - 내시경 Assist - 회복 [직무역량] - 문제 해결 - 의사소통 - 정확성 - 고객지향성 - 팀워크 [필수사항] - 간호사 면허를 보유하신 분 [공통자격] - 본원 인사규정 상 결격사유에 해당하지 않는 자 - 해외여행 결격사유가 없는 자 - 남성의 경우 병역필 또는 면제자,간호사 | 의료 | 성장과정 | 본인의 장단점 | 지원동기 및 포부 | 기타 (경력사항등) | [중앙대학교병원] 중앙대학교의료원(서울병원) 건진센터(일반검진) 간호사(파트타임) 모집 (2026.03-2),[],unknown,[],"[""건진센터 간호사""]","[""간호사 면허""]",[],healthcare,서울,large_corp,unknown,[],"[""문제해결 능력"", ""커뮤니케이션 역량"", ""고객·서비스 지향"", ""협업·팀워크""]","중앙대학교병원은 중앙대학교의료원 소속 병원으로, 환자들에게 의료 서비스를 제공합니다.",건진센터에서 일반검진 및 내시경 관련 업무를 수행하며 환자들의 건강검진 과정을 지원하고 관리하는 역할을 합니다.,"주요 업무는 내시경 접수 및 동의서 확인을 포함합니다. 또한, IV 채혈을 수행하고 내시경 시술을 보조하며, 시술 후 환자의 회복 과정을 관리하는 역할을 담당합니다.","간호사 면허를 보유하신 분이어야 하며, 본원 인사규정상 결격사유에 해당하지 않아야 합니다. 해외여행에 결격사유가 없어야 하며, 남성의 경우 병역필 또는 면제자여야 합니다.",[],"회사: 중앙대학교병원은 중앙대학교의료원 소속 병원으로, 환자들에게 의료 서비스를 제공합니다.
직무 목적: 건진센터에서 일반검진 및 내시경 관련 업무를 수행하며 환자들의 건강검진 과정을 지원하고 관리하는 역할을 합니다.
주요 업무: 주요 업무는 내시경 접수 및 동의서 확인을 포함합니다. 또한, IV 채혈을 수행하고 내시경 시술을 보조하며, 시술 후 환자의 회복 과정을 관리하는 역할을 담당합니다.
인재상: 간호사 면허를 보유하신 분이어야 하며, 본원 인사규정상 결격사유에 해당하지 않아야 합니다. 해외여행에 결격사유가 없어야 하며, 남성의 경우 병역필 또는 면제자여야 합니다.",contract,job_posting,중앙대학교병원 건진센터에서 일반검진 및 내시경 관련 업무를 담당할 파트타임 간호사를 모집합니다.,[]
311883,농협,"[농협] 전국 농,축협 정규직 신입 채용",NEW,"[농협] 전국 농,축협 정규직 신입 채용 [채용 직렬 및 직급] - 일반관리직 6급 초급 - 일반관리직(농약 판매) 6급 초급 - 전문직(기술관리직) 6급 초급 [채용 단위] - 지역농협 : 시ㆍ군단위 공동선발 또는 농협단위 선발 - 축협 및 품목농협 : 농ㆍ축협단위 선발 [기본 자격] - 연령, 학력, 학점, 어학점수 제한 없음 - 채용공고일 전일(2026.3.30.) 기준 본인ㆍ부ㆍ모 중 1인의 주민등록상 주소지가 응시가능 주소지 내에 있는 자 - 남자는 병역필 또는 면제자에 한함(2026.4.30.까지 병역필 가능한 자 포함) [채용절차] - 서류접수, 자기소개서 심사 > 필기시험 > 면접시험 및 신체검사 > 최종합격",,[],management_support,"[""sales""]","[""일반관리직"", ""일반관리직(농약 판매)"", ""전문직(기술관리직)""]",[],[],unknown,전국,large_corp,unknown,[],[],"농협은 전국 농업인과 지역사회를 위한 금융, 유통, 경제 사업을 수행하는 대한민국 대표 협동조합입니다.","전국 농,축협의 원활한 운영과 농업인 및 지역사회 서비스 제공을 위해 다양한 직무에서 신입 직원을 채용합니다.","본 채용 공고에는 각 직무별 구체적인 주요 업무 내용이 명시되어 있지 않습니다. 그러나 일반관리직은 농협의 전반적인 운영 및 행정 지원을, 농약 판매 직무는 농업인 대상 농약 제품 상담 및 판매를, 기술관리직은 농업 관련 기술 지원 및 관리를 담당하며 농협의 다양한 사업 분야에서 업무를 수행하게 될 것입니다.","농협은 연령, 학력, 학점, 어학점수에 제한을 두지 않아 다양한 배경을 가진 인재를 환영합니다. 지원자는 채용공고일 전일 기준으로 본인, 부 또는 모 중 1인의 주민등록상 주소지가 응시 가능 지역 내에 있어야 하며, 남자의 경우 병역을 필하였거나 면제된 자여야 합니다. 이는 지역 농업 및 축산업 발전에 기여할 수 있는 인재를 선발하기 위한 기본 자격 요건입니다.",[],"회사: 농협은 전국 농업인과 지역사회를 위한 금융, 유통, 경제 사업을 수행하는 대한민국 대표 협동조합입니다.
직무 목적: 전국 농,축협의 원활한 운영과 농업인 및 지역사회 서비스 제공을 위해 다양한 직무에서 신입 직원을 채용합니다.
주요 업무: 본 채용 공고에는 각 직무별 구체적인 주요 업무 내용이 명시되어 있지 않습니다. 그러나 일반관리직은 농협의 전반적인 운영 및 행정 지원을, 농약 판매 직무는 농업인 대상 농약 제품 상담 및 판매를, 기술관리직은 농업 관련 기술 지원 및 관리를 담당하며 농협의 다양한 사업 분야에서 업무를 수행하게 될 것입니다.
인재상: 농협은 연령, 학력, 학점, 어학점수에 제한을 두지 않아 다양한 배경을 가진 인재를 환영합니다. 지원자는 채용공고일 전일 기준으로 본인, 부 또는 모 중 1인의 주민등록상 주소지가 응시 가능 지역 내에 있어야 하며, 남자의 경우 병역을 필하였거나 면제된 자여야 합니다. 이는 지역 농업 및 축산업 발전에 기여할 수 있는 인재를 선발하기 위한 기본 자격 요건입니다.",new,job_posting,"농협 전국 농,축협 정규직 신입 채용 공고로, 일반관리직, 농약 판매, 기술관리직 등 다양한 직렬에서 신입 직원을 모집합니다.","[""low_signal""]"
311872,마카롱팩토리,[마카롱팩토리] 영업지원 (채용전환형 인턴),INTERN,"[마카롱팩토리] 영업지원 (채용전환형 인턴) [주요업무] 파트너 문의 유선 응대 및 후속 액션 파트너 입점, 온보딩 및 운영 이슈 대응 파트너 운영 기준 및 서비스 품질 모니터링 파트너 운영 현황 관리 및 리포트 작성 운영 데이터 기반 개선 및 정책 실행 지원 [자격요건] 인턴 3개월 평가 후 정규직 전환이 가능한 분 (졸업 예정자 또는 기졸업자) 영업지원, 운영, CX 등 관련 커리어에 관심이 있거나 준비중인 분 파트너 응대 과정에서 차분하고 신뢰감있게 소통할 수 있는 분 파트너와 장기적인 신뢰 관계를 만들 수 있는 소통 역량이 있는 분 정해진 매뉴얼에 따라 꼼꼼하고 책임감 있게 업무를 진행할 수 있는 분 [우대사항] 고객 응대 아르바이트, 대외활동, 인턴 등 직접적인 소통 경험이 있는 분 주도적으로 문제를 해결하고자 노력하는 분 IT 스타트업에 관심이 있는 분",영업지원 | 영업관리/지원/영업기획 | 영업/고객상담 | 영업관리 | 지원 | 영업기획 | 일반영업 | B2B영업/기술영업 | 판매/캐셔/매장관리 | 아웃바운드TM | 고객관리/인바운드 | 자유양식 입니다. | [마카롱팩토리] 영업지원 (채용전환형 인턴),[],sales,[],"[""영업지원""]",[],[],retail_ecommerce,unknown,startup,unknown,"[""인턴"", ""아르바이트"", ""대외활동""]","[""커뮤니케이션 역량"", ""실행력·업무처리 능력"", ""문제해결 능력""]","마카롱팩토리는 파트너 입점 및 운영을 지원하며, 서비스 품질을 관리하는 IT 스타트업입니다.","이 직무는 파트너 문의에 응대하고 운영 이슈를 해결하며, 파트너 운영 현황을 관리하여 서비스 품질을 유지하고 개선하는 데 기여합니다.","파트너의 문의에 유선으로 응대하고 필요한 후속 조치를 취합니다. 파트너의 입점과 온보딩 과정을 지원하며, 운영 중 발생하는 다양한 이슈에 대응합니다. 파트너 운영 기준을 준수하고 서비스 품질을 지속적으로 모니터링합니다. 파트너 운영 현황 데이터를 체계적으로 관리하고 정기적인 리포트를 작성합니다. 이러한 운영 데이터를 기반으로 서비스 개선 방안을 도출하고 정책 실행을 지원합니다.","인턴십 3개월 평가 후 정규직 전환이 가능한 졸업 예정자 또는 기졸업자를 찾습니다. 영업지원, 운영, CX 등 관련 커리어에 관심이 있거나 준비 중인 분을 선호합니다. 파트너 응대 시 차분하고 신뢰감 있는 소통 능력과 장기적인 신뢰 관계를 구축할 수 있는 역량이 중요합니다. 정해진 매뉴얼에 따라 꼼꼼하고 책임감 있게 업무를 수행할 수 있어야 합니다. 고객 응대 아르바이트, 대외활동, 인턴 등 직접적인 소통 경험이 있는 분과 주도적으로 문제를 해결하려는 분을 우대합니다. IT 스타트업에 대한 관심도 필요합니다.","[""스타트업"", ""기술중심""]","회사: 마카롱팩토리는 파트너 입점 및 운영을 지원하며, 서비스 품질을 관리하는 IT 스타트업입니다.
직무 목적: 이 직무는 파트너 문의에 응대하고 운영 이슈를 해결하며, 파트너 운영 현황을 관리하여 서비스 품질을 유지하고 개선하는 데 기여합니다.
주요 업무: 파트너의 문의에 유선으로 응대하고 필요한 후속 조치를 취합니다. 파트너의 입점과 온보딩 과정을 지원하며, 운영 중 발생하는 다양한 이슈에 대응합니다. 파트너 운영 기준을 준수하고 서비스 품질을 지속적으로 모니터링합니다. 파트너 운영 현황 데이터를 체계적으로 관리하고 정기적인 리포트를 작성합니다. 이러한 운영 데이터를 기반으로 서비스 개선 방안을 도출하고 정책 실행을 지원합니다.
인재상: 인턴십 3개월 평가 후 정규직 전환이 가능한 졸업 예정자 또는 기졸업자를 찾습니다. 영업지원, 운영, CX 등 관련 커리어에 관심이 있거나 준비 중인 분을 선호합니다. 파트너 응대 시 차분하고 신뢰감 있는 소통 능력과 장기적인 신뢰 관계를 구축할 수 있는 역량이 중요합니다. 정해진 매뉴얼에 따라 꼼꼼하고 책임감 있게 업무를 수행할 수 있어야 합니다. 고객 응대 아르바이트, 대외활동, 인턴 등 직접적인 소통 경험이 있는 분과 주도적으로 문제를 해결하려는 분을 우대합니다. IT 스타트업에 대한 관심도 필요합니다.",intern,internship_program,"마카롱팩토리의 영업지원 채용전환형 인턴으로, 파트너 운영 지원 및 서비스 품질 관리를 담당하며, 소통 역량과 문제해결 능력을 갖춘 인재를 찾습니다.",[]
311869,마카롱팩토리,[마카롱팩토리] GA/총무 운영 매니저 (체험형 인턴),INTERN,"[마카롱팩토리] GA/총무 운영 매니저 (체험형 인턴) [담당 업무] - 사무환경 및 총무 운영 - 운영 지원 및 구성원 응대 - 자산 및 장비 관리 - 운영 프로세스 관리 [자격요건] [필수] 체험형 인턴 기간 6개월 근무 가능한 분 반복되는 업무를 꾸준히 정확하게 수행할 수 있는 분 업무 누락 없이 꼼꼼하게 관리하는 분 여러 요청을 동시에 처리하는 것에 부담이 없는 분 구성원 요청에 긍정적으로 대응할 수 있는 분 맡은 일을 끝까지 책임지고 마무리하는 분 [우대사항] 총무, 경영지원, 운영 업무 경험이 있는 분 엑셀, 구글 스프레드시트 등으로 업무를 정리해본 경험이 있는 분 체크리스트 기반으로 업무를 관리해본 경험이 있는 분 운영 업무 중 작은 개선을 해본 경험이 있는 분",GA/총무 운영 매니저 | 인사/노무/교육 | 경영/사무 | 사무/총무/법무 | 인사 | 노무 | 채용/면접 | 교육기획 | 총무 | 문서관리 | 인허가업무 | 비서 | 법무 | 비품/시설관리 | 특허/저작권업무 | 안내/리셉션 | 자유양식 입니다. | [마카롱팩토리] GA/총무 운영 매니저 (체험형 인턴),[],management_support,"[""hr""]","[""GA/총무 운영 매니저""]",[],"[""엑셀"", ""구글 스프레드시트""]",food_beverage,unknown,unknown,office,"[""아르바이트"", ""인턴"", ""프로젝트""]","[""실행력·업무처리 능력"", ""고객·서비스 지향"", ""협업·팀워크""]",마카롱팩토리는 마카롱 등 디저트 제품을 생산하거나 유통하는 회사입니다.,"사무환경 및 총무 운영을 통해 구성원들이 업무에 집중할 수 있도록 지원하고, 효율적인 운영 프로세스를 관리하여 회사 전반의 안정적인 운영을 돕는 역할입니다.",사무환경 및 총무 운영을 담당하며 쾌적한 업무 환경을 조성합니다. 구성원들의 다양한 요청에 긍정적으로 응대하고 업무 운영을 지원합니다. 회사 자산과 장비를 효율적으로 관리하고 유지보수합니다. 전반적인 운영 프로세스를 체계적으로 관리하고 개선합니다.,"체험형 인턴 기간 6개월 동안 꾸준하고 정확하게 반복 업무를 수행할 수 있는 분을 찾습니다. 업무 누락 없이 꼼꼼하게 관리하며 여러 요청을 동시에 처리하는 데 능숙해야 합니다. 구성원 요청에 긍정적으로 대응하고 맡은 일을 끝까지 책임지는 자세가 중요합니다. 총무, 경영지원, 운영 업무 경험이 있거나 엑셀, 구글 스프레드시트 등으로 업무를 정리해본 경험이 있다면 우대합니다. 체크리스트 기반으로 업무를 관리하고 작은 개선을 시도해본 경험도 긍정적으로 평가합니다.","[""안정"", ""실행력"", ""협업·팀워크""]","회사: 마카롱팩토리는 마카롱 등 디저트 제품을 생산하거나 유통하는 회사입니다.
직무 목적: 사무환경 및 총무 운영을 통해 구성원들이 업무에 집중할 수 있도록 지원하고, 효율적인 운영 프로세스를 관리하여 회사 전반의 안정적인 운영을 돕는 역할입니다.
주요 업무: 사무환경 및 총무 운영을 담당하며 쾌적한 업무 환경을 조성합니다. 구성원들의 다양한 요청에 긍정적으로 응대하고 업무 운영을 지원합니다. 회사 자산과 장비를 효율적으로 관리하고 유지보수합니다. 전반적인 운영 프로세스를 체계적으로 관리하고 개선합니다.
인재상: 체험형 인턴 기간 6개월 동안 꾸준하고 정확하게 반복 업무를 수행할 수 있는 분을 찾습니다. 업무 누락 없이 꼼꼼하게 관리하며 여러 요청을 동시에 처리하는 데 능숙해야 합니다. 구성원 요청에 긍정적으로 대응하고 맡은 일을 끝까지 책임지는 자세가 중요합니다. 총무, 경영지원, 운영 업무 경험이 있거나 엑셀, 구글 스프레드시트 등으로 업무를 정리해본 경험이 있다면 우대합니다. 체크리스트 기반으로 업무를 관리하고 작은 개선을 시도해본 경험도 긍정적으로 평가합니다.",intern,internship_program,"마카롱팩토리의 GA/총무 운영 매니저 체험형 인턴은 사무환경 및 총무 운영, 구성원 지원, 자산 관리를 담당하며 꼼꼼하고 책임감 있는 인재를 찾습니다.",[]
311865,버킷플레이스(오늘의집),[버킷플레이스(오늘의집)] 오프라인 전략 매니저 (계약직),CONTRACT,"[버킷플레이스(오늘의집)] 오프라인 전략 매니저 (계약직) [주요업무] - 입점 승인부터 SKU 등록, 단가 관리, 발주 입고 처리까지 공급처 전반의 오퍼레이션 업무 - WMS 및 물류 어드민 시스템을 활용하여 재고 이동, 출고 지시, 반출 처리 등 재고 흐름 전 과정 관리 - 월별 구매 계획 수립 및 자금 집행 일정 관리 - 회계팀과의 정기 협업을 통해 매출 비용 데이터를 집계하고 리포트 작성 - 공급처별 세금계산서 수취 발행 및 매입 정산 리스트를 관리하고 오차 항목 처리와 클레임 대응 [자격요건] - ERP, WMS, 구매 시스템 등 업무 시스템 사용 경험이 있는 분 - 엑셀 기반 데이터 대조 및 집계 업무 경험을 보유한 분 - 낯설고 어려운 과제를 대처할 수 있는 순발력을 보유한 분 [우대사항] - 구매, 발주, 물류, 재고관리, 정산 중 하나 이상의 실무 경험 3년 이상 보유한 분 - 세금계산서 처리 및 회계팀과의 정기 협업 경험이 있는 분 - 커머스 또는 리테일 환경의 물류 구매 회계 부서 근무 경험이 있는 분 - 회계 세무 관련 전공자 또는 관련 자격증 보유한 분",오프라인 전략 매니저 (계약직) | 아웃바운드TM | 영업/고객상담 | 고객관리/인바운드 | 판매/캐셔/매장관리 | 고객관리 | 인바운드 | 판매 | 캐셔 | 매장관리 | 1. 후보자님께서 자신의 편안한 영역을 벗어나서 새로운 것을 배우거나 달성해야 했던 상황을 설명해 주세요. | 2. 후보자님의 커리어상에서 가장 큰 성과는 무엇이었나요? | 3. 후보자님이 일하는 과정에서 개인과 팀의 이익보다 조직 전체를 위하여 어려운 제안이나 의견을 전달한 적이 있나요? | [버킷플레이스(오늘의집)] 오프라인 전략 매니저 (계약직),[],logistics_scm,"[""management_support""]","[""오프라인 전략 매니저""]","[""ERP"", ""WMS"", ""구매 시스템"", ""Excel""]","[""구매"", ""발주"", ""물류"", ""재고관리"", ""정산"", ""세금계산서 처리"", ""회계"", ""세무""]",retail_ecommerce,서울,mid_corp,office,"[""프로젝트""]","[""문제해결 능력"", ""실행력·업무처리 능력""]",버킷플레이스(오늘의집)는 인테리어 및 라이프스타일 제품을 판매하는 온라인 커머스 플랫폼을 운영하는 회사입니다.,"이 직무는 오프라인 공급처의 전반적인 오퍼레이션과 재고 흐름을 관리하며, 구매 계획 수립 및 정산을 통해 효율적인 물류 및 재무 관리를 지원하는 데 필요합니다.","주요 업무는 입점 승인부터 SKU 등록, 단가 관리, 발주 입고 처리까지 공급처 전반의 오퍼레이션 업무를 수행합니다. WMS 및 물류 어드민 시스템을 활용하여 재고 이동, 출고 지시, 반출 처리 등 재고 흐름의 전 과정을 관리합니다. 또한, 월별 구매 계획을 수립하고 자금 집행 일정을 관리하며, 회계팀과의 정기 협업을 통해 매출 비용 데이터를 집계하고 리포트를 작성합니다. 공급처별 세금계산서 수취 발행 및 매입 정산 리스트를 관리하고 오차 항목 처리와 클레임 대응 업무도 담당합니다.","ERP, WMS, 구매 시스템 등 업무 시스템 사용 경험이 필수적이며, 엑셀 기반 데이터 대조 및 집계 업무 경험을 보유하고 낯설고 어려운 과제에 대한 순발력 있는 대처 능력이 요구됩니다. 구매, 발주, 물류, 재고관리, 정산 중 하나 이상의 실무 경험 3년 이상을 보유한 분을 우대하며, 세금계산서 처리 및 회계팀과의 정기 협업 경험이 있는 분을 선호합니다. 커머스 또는 리테일 환경의 물류 구매 회계 부서 근무 경험이 있거나 회계 세무 관련 전공자 또는 관련 자격증 보유자도 우대합니다.",[],"회사: 버킷플레이스(오늘의집)는 인테리어 및 라이프스타일 제품을 판매하는 온라인 커머스 플랫폼을 운영하는 회사입니다.
직무 목적: 이 직무는 오프라인 공급처의 전반적인 오퍼레이션과 재고 흐름을 관리하며, 구매 계획 수립 및 정산을 통해 효율적인 물류 및 재무 관리를 지원하는 데 필요합니다.
주요 업무: 주요 업무는 입점 승인부터 SKU 등록, 단가 관리, 발주 입고 처리까지 공급처 전반의 오퍼레이션 업무를 수행합니다. WMS 및 물류 어드민 시스템을 활용하여 재고 이동, 출고 지시, 반출 처리 등 재고 흐름의 전 과정을 관리합니다. 또한, 월별 구매 계획을 수립하고 자금 집행 일정을 관리하며, 회계팀과의 정기 협업을 통해 매출 비용 데이터를 집계하고 리포트를 작성합니다. 공급처별 세금계산서 수취 발행 및 매입 정산 리스트를 관리하고 오차 항목 처리와 클레임 대응 업무도 담당합니다.
인재상: ERP, WMS, 구매 시스템 등 업무 시스템 사용 경험이 필수적이며, 엑셀 기반 데이터 대조 및 집계 업무 경험을 보유하고 낯설고 어려운 과제에 대한 순발력 있는 대처 능력이 요구됩니다. 구매, 발주, 물류, 재고관리, 정산 중 하나 이상의 실무 경험 3년 이상을 보유한 분을 우대하며, 세금계산서 처리 및 회계팀과의 정기 협업 경험이 있는 분을 선호합니다. 커머스 또는 리테일 환경의 물류 구매 회계 부서 근무 경험이 있거나 회계 세무 관련 전공자 또는 관련 자격증 보유자도 우대합니다.",contract,job_posting,"오늘의집 오프라인 전략 매니저는 공급처 오퍼레이션, 물류 및 재고 관리, 구매 계획 수립, 회계 정산 업무를 담당하며, ERP/WMS/엑셀 활용 능력과 문제해결 능력이 요구되는 계약직 포지션입니다.",[]
311863,카카오뱅크,[카카오뱅크] AI 검색 엔지니어 (계약직),CONTRACT,"[카카오뱅크] AI 검색 엔지니어 (계약직) [담당할 업무] 검색 시스템 운영 검색 품질 모니터링 및 평가 검색 품질 저하 이슈 분석 및 개선 검색 데이터 관리 및 배포 데이터 위변조 및 가드레일 등 시스템 안정성 관리 및 대응 검색 인프라 운영 및 장애 대응 수동 모델 배포 및 모델 포팅 지원 가드레일 탐지발화 테스트셋 관리 및 탐지성능 정기 테스트 가드레일 모델 배포 연구소 모델 추론코드 컨버전 개발/운영망 서버 관리 팀 내 Linux 서버자원 신청 및 관리 서버 환경 구성, 디스크 용량 관리 등 [필수 경험과 역량] Python을 활용한 기본적인 데이터 분석 및 프로그래밍이 가능한 분 Jupyter Notebook 사용 경험이 있는 분 Linux 서버에 대한 이해가 있는 분 문제의 원인을 논리적으로 분석하고 해결 방안을 찾는 것을 즐기는 분 협업 및 커뮤니케이션에 유연한 분 [우대사항] Elasticsearch, Opensearch 검색 솔루션 운영 경험이 있는 분 자연어 처리(NLP)에 대한 기본적인 이해가 있는 분 데이터에 대한 이해를 바탕으로 EDA(탐색적 데이터 분석)를 수행하고, 인사이트를 도출해 본 경험이 있는 분 [공통 우대 사항] 국가유공자 및 장애인 등 취업보호대상자는 관계법령에 따라 우대합니다. (입사지원 시 증빙서류를 첨부하는 경우에 해당하며, 증빙서류는 포트폴리오 란에 첨부해주시길 바랍니다.)","AI 검색 엔지니어 | ERP/시스템개발/설계 | IT/인터넷 | 콘텐츠/사이트운영 | CTO | DevOps / 시스템 관리자 | 시스템엔지니어(SE) | 임베디드 개발자 | 블록체인 플랫폼 엔지니어 | 하드웨어 엔지니어 | e-러닝운영 | 게시판관리 | 사이트운영 | 쇼핑몰 오픈마켓 | 카페 블로그관리 | 컨텐츠운영 | 컨텐츠제작 | 1. 카카오뱅크에 입사를 희망하게 된 구체적인 이유는 무엇이며, 입사 후 목표를 기술해 주세요. | 2. 같지만 다른 은행인 카카오뱅크, 본인의 차별화 된 역량 및 기술을 근거로 지원한 직무에 적합한 이유를 기술해 주세요. | [카카오뱅크] AI 검색 엔지니어 (계약직)",[],data_ai_ml,"[""software_dev"", ""infrastructure_eng""]","[""AI 검색 엔지니어""]","[""Python"", ""Jupyter Notebook"", ""Linux""]","[""Elasticsearch"", ""Opensearch"", ""자연어 처리(NLP)"", ""EDA""]",finance_fintech,판교,large_corp,office,"[""프로젝트""]","[""문제해결 능력"", ""협업·팀워크"", ""커뮤니케이션 역량""]","카카오뱅크는 모바일 기반의 인터넷 전문 은행으로, 혁신적인 금융 서비스를 제공하며 고객의 일상에 편리함을 더하고 있습니다.",이 직무는 카카오뱅크의 AI 검색 시스템을 안정적으로 운영하고 검색 품질을 지속적으로 개선하여 사용자에게 최적화된 금융 정보 접근성과 경험을 제공하기 위해 필요합니다.,"검색 시스템을 운영하고 검색 품질을 모니터링하며 저하 이슈를 분석하고 개선하는 업무를 수행합니다. 검색 데이터 관리 및 배포를 담당하며, 데이터 위변조 및 가드레일 등 시스템 안정성을 관리하고 대응합니다. 검색 인프라 운영 및 장애 대응을 수행하며, 수동 모델 배포 및 모델 포팅을 지원합니다. 가드레일 탐지 발화 테스트셋을 관리하고 탐지 성능을 정기적으로 테스트하며, 가드레일 모델 배포를 담당합니다. 연구소 모델 추론 코드 컨버전 개발 및 운영망 서버를 관리하고, 팀 내 Linux 서버 자원 신청 및 관리, 서버 환경 구성, 디스크 용량 관리 등을 수행합니다.","Python을 활용한 기본적인 데이터 분석 및 프로그래밍이 가능하고 Jupyter Notebook 사용 경험이 있는 분을 찾습니다. Linux 서버에 대한 이해를 바탕으로 문제의 원인을 논리적으로 분석하고 해결 방안을 찾는 것을 즐기며, 협업 및 커뮤니케이션에 유연한 분을 우대합니다. Elasticsearch, Opensearch 검색 솔루션 운영 경험이 있거나 자연어 처리(NLP)에 대한 기본적인 이해가 있는 분, 데이터에 대한 이해를 바탕으로 EDA를 수행하고 인사이트를 도출해 본 경험이 있는 분을 선호합니다.","[""문제 해결"", ""협업"", ""데이터드리븐""]","회사: 카카오뱅크는 모바일 기반의 인터넷 전문 은행으로, 혁신적인 금융 서비스를 제공하며 고객의 일상에 편리함을 더하고 있습니다.
직무 목적: 이 직무는 카카오뱅크의 AI 검색 시스템을 안정적으로 운영하고 검색 품질을 지속적으로 개선하여 사용자에게 최적화된 금융 정보 접근성과 경험을 제공하기 위해 필요합니다.
주요 업무: 검색 시스템을 운영하고 검색 품질을 모니터링하며 저하 이슈를 분석하고 개선하는 업무를 수행합니다. 검색 데이터 관리 및 배포를 담당하며, 데이터 위변조 및 가드레일 등 시스템 안정성을 관리하고 대응합니다. 검색 인프라 운영 및 장애 대응을 수행하며, 수동 모델 배포 및 모델 포팅을 지원합니다. 가드레일 탐지 발화 테스트셋을 관리하고 탐지 성능을 정기적으로 테스트하며, 가드레일 모델 배포를 담당합니다. 연구소 모델 추론 코드 컨버전 개발 및 운영망 서버를 관리하고, 팀 내 Linux 서버 자원 신청 및 관리, 서버 환경 구성, 디스크 용량 관리 등을 수행합니다.
인재상: Python을 활용한 기본적인 데이터 분석 및 프로그래밍이 가능하고 Jupyter Notebook 사용 경험이 있는 분을 찾습니다. Linux 서버에 대한 이해를 바탕으로 문제의 원인을 논리적으로 분석하고 해결 방안을 찾는 것을 즐기며, 협업 및 커뮤니케이션에 유연한 분을 우대합니다. Elasticsearch, Opensearch 검색 솔루션 운영 경험이 있거나 자연어 처리(NLP)에 대한 기본적인 이해가 있는 분, 데이터에 대한 이해를 바탕으로 EDA를 수행하고 인사이트를 도출해 본 경험이 있는 분을 선호합니다.",contract,job_posting,카카오뱅크의 AI 검색 시스템 운영 및 품질 개선을 담당할 계약직 AI 검색 엔지니어를 모집합니다.,[]
311862,주식회사유니에스,[하루7H근무/중식제공/청담본사] 신세계인터내셔날 이커머스 패션팀 AMD 채용,INTERN,"[하루7H근무/중식제공/청담본사] 신세계인터내셔날 이커머스 패션팀 AMD 채용 ~ 2026-04-06 모집부문 및 상세내용 모집 부문 상세내용 이커머스 온라인 AMD 담당업무 국내 패션 브랜드(골프) AMD 신세계V 이커머스 채널 운영 보조 상품 등록 및 컨텐츠 관리 프로모션 및 기획전 서포트 이미지 수정 및 배너 제작 지원(포토샵/피그마 작업) 채용형태 - 인턴/파견계약직 (회사내부사정 및 업무평가에 따라 최대 2년 근무 가능) - 파트너 우대조건 패션 전공자 및 관련 전공 학위 우대 AMD 직무 유경험자 우대 (이커머스/패션 플랫폼 경험자 선호) 포토샵, 피그마 등 디자인 툴 능숙하게 활용 가능한 인재 필수 온라인 브랜드 운영 경험자 및 콘텐츠 제작 경험자 우대 밝고 커뮤니케이션 원활하고 책임감 있는 분 복리후생 중식제공, 명절/생일 선물, 각종경조사 휴가 및 지원금 제공, 연차 외 유급휴가 제공(조건부) 자격요건 학력 학력무관 근무조건 급여 회사 내규에 따름 (연봉 2,357 만원 ~ 경력자 처우 / 하루 7시간 근무 및 중식 제공함을 유의 부탁 드립니다.) 근무시간 주 5일(월~금) 09:00 ~ 17:00 SI 청담 본사 우대 채용 절차 1. 서류전형 ( 서류전형 합격자분들 한하여 연락 드리는 점 유의 부탁 드립니다.) 필요시 서류접수 전 유선 인터뷰를 진행하고 있는 점 유의 부탁 드립니다. 2. 실무진 면접 3. 최종 합격",,[],marketing,[],"[""이커머스 온라인 AMD"", ""국내 패션 브랜드(골프) AMD""]","[""포토샵"", ""피그마""]","[""패션 전공"", ""AMD 직무 경험"", ""이커머스 플랫폼 경험"", ""패션 플랫폼 경험"", ""온라인 브랜드 운영 경험"", ""콘텐츠 제작 경험""]",retail_ecommerce,서울,large_corp,office,"[""인턴"", ""프로젝트""]","[""커뮤니케이션 역량"", ""실행력·업무처리 능력""]","신세계인터내셔날은 국내 패션 및 라이프스타일 브랜드를 운영하는 기업으로, 이커머스 채널을 통해 다양한 패션 브랜드를 선보이고 있습니다.","이커머스 패션팀 AMD는 국내 패션 브랜드의 온라인 채널 운영을 보조하고, 상품 콘텐츠 관리 및 프로모션 지원을 통해 온라인 매출 증대에 기여합니다.","국내 패션 브랜드(골프)의 AMD로서 신세계V 이커머스 채널 운영을 보조하는 역할을 수행합니다. 주요 업무로는 상품 등록 및 컨텐츠 관리, 프로모션 및 기획전 서포트가 포함됩니다. 또한, 포토샵 및 피그마 툴을 활용하여 이미지 수정 및 배너 제작을 지원합니다.","패션 전공자 및 관련 학위 소지자를 우대하며, AMD 직무 유경험자, 특히 이커머스/패션 플랫폼 경험자를 선호합니다. 포토샵, 피그마 등 디자인 툴을 능숙하게 활용할 수 있는 인재를 필수적으로 요구하며, 온라인 브랜드 운영 경험 및 콘텐츠 제작 경험이 있는 분을 우대합니다. 밝고 원활한 커뮤니케이션 능력과 책임감을 갖춘 인재를 찾습니다.",[],"회사: 신세계인터내셔날은 국내 패션 및 라이프스타일 브랜드를 운영하는 기업으로, 이커머스 채널을 통해 다양한 패션 브랜드를 선보이고 있습니다.
직무 목적: 이커머스 패션팀 AMD는 국내 패션 브랜드의 온라인 채널 운영을 보조하고, 상품 콘텐츠 관리 및 프로모션 지원을 통해 온라인 매출 증대에 기여합니다.
주요 업무: 국내 패션 브랜드(골프)의 AMD로서 신세계V 이커머스 채널 운영을 보조하는 역할을 수행합니다. 주요 업무로는 상품 등록 및 컨텐츠 관리, 프로모션 및 기획전 서포트가 포함됩니다. 또한, 포토샵 및 피그마 툴을 활용하여 이미지 수정 및 배너 제작을 지원합니다.
인재상: 패션 전공자 및 관련 학위 소지자를 우대하며, AMD 직무 유경험자, 특히 이커머스/패션 플랫폼 경험자를 선호합니다. 포토샵, 피그마 등 디자인 툴을 능숙하게 활용할 수 있는 인재를 필수적으로 요구하며, 온라인 브랜드 운영 경험 및 콘텐츠 제작 경험이 있는 분을 우대합니다. 밝고 원활한 커뮤니케이션 능력과 책임감을 갖춘 인재를 찾습니다.",intern,internship_program,신세계인터내셔날 이커머스 패션팀에서 국내 패션 브랜드의 온라인 채널 운영을 보조하고 콘텐츠를 관리할 AMD 인턴을 채용합니다.,[]
311860,SK하이스텍,[SK하이스텍] 각 부문 신입/경력사원 채용,"EXPERIENCED, CONTRACT, NEW",[SK하이스텍] 각 부문 신입/경력사원 채용 [모집분야] - 안전관리자 - 연수원 운영(시설/총무/안전) - 자동화 설비 유지 보수 - 교육 운영/기획 - 복리후생 서비스 운영 [공통 요건] 법적 기준 성인인 자 병역필 또는 면제인 자 해외여행에 결격사유가 없는 자 회사 지정 입사일에 입사 가능한 자 [,,[],management_support,"[""quality"", ""education"", ""hr""]","[""안전관리자"", ""연수원 운영"", ""자동화 설비 유지 보수"", ""교육 운영/기획"", ""복리후생 서비스 운영""]",[],[],manufacturing,unknown,large_corp,unknown,[],[],"SK하이스텍은 SK그룹의 계열사로, 안전관리, 시설 운영, 자동화 설비 유지보수, 교육 및 복리후생 서비스 운영 등 다양한 지원 및 관리 업무를 수행하는 기업입니다.","이 직무들은 SK하이스텍의 안정적인 사업 운영을 지원하고, 임직원의 안전과 복지, 역량 강화를 위한 핵심적인 역할을 수행합니다.","안전관리자는 사업장 내 안전 규정을 준수하고 위험 요소를 관리하며, 연수원 운영 담당자는 시설 관리, 총무 업무 및 연수원 안전을 책임집니다. 자동화 설비 유지 보수 직무는 생산 설비의 안정적인 가동을 위한 점검 및 보수 작업을 수행하며, 교육 운영/기획 담당자는 임직원 교육 프로그램의 기획 및 실행을 담당합니다. 복리후생 서비스 운영 직무는 임직원의 만족도를 높이기 위한 다양한 복지 서비스를 기획하고 제공합니다.","법적 기준에 부합하는 성인으로서 병역을 필하거나 면제된 자, 해외여행에 결격사유가 없으며 회사 지정 입사일에 맞춰 입사 가능한 인재를 찾습니다. 각 모집 분야별 전문성을 갖춘 신입 및 경력 사원을 환영합니다.",[],"회사: SK하이스텍은 SK그룹의 계열사로, 안전관리, 시설 운영, 자동화 설비 유지보수, 교육 및 복리후생 서비스 운영 등 다양한 지원 및 관리 업무를 수행하는 기업입니다.
직무 목적: 이 직무들은 SK하이스텍의 안정적인 사업 운영을 지원하고, 임직원의 안전과 복지, 역량 강화를 위한 핵심적인 역할을 수행합니다.
주요 업무: 안전관리자는 사업장 내 안전 규정을 준수하고 위험 요소를 관리하며, 연수원 운영 담당자는 시설 관리, 총무 업무 및 연수원 안전을 책임집니다. 자동화 설비 유지 보수 직무는 생산 설비의 안정적인 가동을 위한 점검 및 보수 작업을 수행하며, 교육 운영/기획 담당자는 임직원 교육 프로그램의 기획 및 실행을 담당합니다. 복리후생 서비스 운영 직무는 임직원의 만족도를 높이기 위한 다양한 복지 서비스를 기획하고 제공합니다.
인재상: 법적 기준에 부합하는 성인으로서 병역을 필하거나 면제된 자, 해외여행에 결격사유가 없으며 회사 지정 입사일에 맞춰 입사 가능한 인재를 찾습니다. 각 모집 분야별 전문성을 갖춘 신입 및 경력 사원을 환영합니다.",both,job_posting,"SK하이스텍에서 안전, 연수원 운영, 자동화 설비 유지보수, 교육, 복리후생 등 다양한 분야의 신입 및 경력직을 채용합니다.",[]
311858,테크윙,[테크윙] 품질보증 신입 채용,NEW,"[테크윙] 품질보증 신입 채용 [주요업무] 설비 성능 검사 고객 대응 문제 관리 및 근본 원인 제거 활동 통계 분석 자동화 시스템 구축 활동 [자격요건] 신입 학력 : 전문학사 이상 산업공학, 전자공학, 기계공학 전공 [우대사항] 품질 경영 기사, 6 시그마 등 품질 관련 자격증 취득자 우대 영어 가능자, 영어 능통자 우대 오피스 업무 가능자 우대 (엑셀, PPT)","품질보증 | ERP/시스템개발/설계 | IT/인터넷 | 공정/품질/테스트 | 전기/전자/제어 | 연구개발/설계 | 품질관리 | 생산관리/공정관리/품질관리 | 생산/제조 | CTO | DevOps / 시스템 관리자 | 시스템엔지니어(SE) | 임베디드 개발자 | 블록체인 플랫폼 엔지니어 | 하드웨어 엔지니어 | 테크윙 지원동기를 작성하여 주세요. (최대 1,000자 입력가능) | 성장과정 및 학교생활을 작성하여 주세요. (최대 1,000자 입력가능) | 성격의 장점, 단점을 작성하여 주세요. (최대 1,000자 입력가능) | 직무와 관련된 역량을 갖추기 위한 노력을 자유롭게 적어주세요. (최대 1,000자 입력가능) | 입사 후 본인의 희망업무와 포부에 대해 적어주세요. (최대 1,000자 입력가능) | [테크윙] 품질보증 신입 채용",[],quality,"[""engineering_hw"", ""software_dev""]","[""품질보증""]",[],"[""품질 경영 기사"", ""6 시그마"", ""영어"", ""엑셀"", ""PPT""]",semiconductor,unknown,mid_corp,unknown,[],"[""문제해결 능력"", ""정보수집·분석 역량"", ""디지털·기술 활용 역량"", ""고객·서비스 지향""]",테크윙은 반도체 테스트 장비 및 자동화 시스템을 개발하고 공급하는 기업입니다.,"이 직무는 설비 성능 검사, 고객 문제 해결, 통계 분석 및 자동화 시스템 구축을 통해 제품 품질을 보증하는 핵심적인 역할을 수행합니다.","주요 업무는 설비 성능을 정밀하게 검사하고, 고객의 요구사항에 적극적으로 대응하며 발생한 문제의 근본 원인을 체계적으로 분석하여 제거하는 활동을 포함합니다. 또한, 통계적 방법을 활용하여 데이터를 심층적으로 분석하고, 품질 관리 프로세스의 효율성을 높이기 위한 자동화 시스템을 구축하고 운영하는 업무를 담당합니다.","신입 지원자로서 전문학사 이상의 학력을 소지하고 산업공학, 전자공학, 기계공학 전공자여야 합니다. 품질 경영 기사나 6 시그마 등 품질 관련 자격증 취득자는 우대하며, 영어 능통자와 엑셀, PPT 등 오피스 활용 능력이 뛰어난 분을 선호합니다.",[],"회사: 테크윙은 반도체 테스트 장비 및 자동화 시스템을 개발하고 공급하는 기업입니다.
직무 목적: 이 직무는 설비 성능 검사, 고객 문제 해결, 통계 분석 및 자동화 시스템 구축을 통해 제품 품질을 보증하는 핵심적인 역할을 수행합니다.
주요 업무: 주요 업무는 설비 성능을 정밀하게 검사하고, 고객의 요구사항에 적극적으로 대응하며 발생한 문제의 근본 원인을 체계적으로 분석하여 제거하는 활동을 포함합니다. 또한, 통계적 방법을 활용하여 데이터를 심층적으로 분석하고, 품질 관리 프로세스의 효율성을 높이기 위한 자동화 시스템을 구축하고 운영하는 업무를 담당합니다.
인재상: 신입 지원자로서 전문학사 이상의 학력을 소지하고 산업공학, 전자공학, 기계공학 전공자여야 합니다. 품질 경영 기사나 6 시그마 등 품질 관련 자격증 취득자는 우대하며, 영어 능통자와 엑셀, PPT 등 오피스 활용 능력이 뛰어난 분을 선호합니다.",new,job_posting,"테크윙의 품질보증 신입 채용으로, 반도체 테스트 장비의 품질을 보증하며 설비 성능 검사, 문제 해결, 통계 분석 및 자동화 시스템 구축 업무를 수행합니다.",[]
311857,용마로지스,[용마로지스] 2026년 2분기 TPL부문 신입사원 정기채용,NEW,"[용마로지스] 2026년 2분기 TPL부문 신입사원 정기채용 [담당업무] 물류 운영 창고 관리 화주 및 협력업체 관리 물류 성과 분석 및 개선 [지원자격 및 우대사항] 우대사항 물류 관련 자격증 소지자 지게차 운전 자격, 면허보유자 [",,[],logistics_scm,[],"[""물류 운영"", ""창고 관리"", ""화주 및 협력업체 관리"", ""물류 성과 분석 및 개선""]",[],"[""물류 관련 자격증"", ""지게차 운전 자격"", ""지게차 운전 면허""]",logistics_transport,unknown,mid_corp,unknown,[],[],용마로지스는 TPL(Third-Party Logistics) 서비스를 전문으로 제공하는 물류 기업입니다.,이 직무는 물류 운영 전반을 관리하고 개선하여 효율적인 물류 시스템을 구축하고 고객 만족도를 높이는 데 기여합니다.,"주요 업무는 물류 운영 전반을 관리하는 것입니다. 구체적으로 창고를 효율적으로 관리하고, 화주 및 협력업체와의 원활한 소통을 통해 관계를 유지합니다. 또한 물류 성과를 정량적으로 분석하고 이를 바탕으로 개선 방안을 도출하여 물류 효율성을 극대화하는 역할을 수행합니다.",물류 관련 자격증을 소지한 분을 우대합니다. 특히 지게차 운전 자격이나 면허를 보유한 지원자는 업무에 빠르게 적응하고 기여할 수 있습니다.,[],"회사: 용마로지스는 TPL(Third-Party Logistics) 서비스를 전문으로 제공하는 물류 기업입니다.
직무 목적: 이 직무는 물류 운영 전반을 관리하고 개선하여 효율적인 물류 시스템을 구축하고 고객 만족도를 높이는 데 기여합니다.
주요 업무: 주요 업무는 물류 운영 전반을 관리하는 것입니다. 구체적으로 창고를 효율적으로 관리하고, 화주 및 협력업체와의 원활한 소통을 통해 관계를 유지합니다. 또한 물류 성과를 정량적으로 분석하고 이를 바탕으로 개선 방안을 도출하여 물류 효율성을 극대화하는 역할을 수행합니다.
인재상: 물류 관련 자격증을 소지한 분을 우대합니다. 특히 지게차 운전 자격이나 면허를 보유한 지원자는 업무에 빠르게 적응하고 기여할 수 있습니다.",new,job_posting,"용마로지스 TPL부문 신입사원 채용으로, 물류 운영, 창고 관리, 화주 및 협력업체 관리, 물류 성과 분석 및 개선 업무를 담당하며 물류 관련 자격증 및 지게차 면허 소지자를 우대합니다.","[""short_text""]"
311853,SK오션플랜트,[SK오션플랜트] 생산/공정 지원 구성원 모집(신입),NEW,"[SK오션플랜트] 생산/공정 지원 구성원 모집(신입) [담당 업무 및 역할] - 공정 운영 관리 지원 - 물류 장비 및 중장비 운영 관리 - 협력업체 작업 인원 현황 확인 및 관련 자료 정리 - 업무 진행 현황 및 비용 관련 자료 정리 [필수사항] - 학력 : 초대졸 이상 [우대사항] - 산업안전 관련 자격 보유자(안전/보건/소방/위험물 ) - 동종업계 유경험자(조선, 플랜트, 중공업 계열) - 어학(영어) 역량 및 문서 보고서 작성 능력 우수자 - 인근 지역 거주자(경남 고성, 창원, 통영, 거제, 진주 지역 [ 문의사항 :","생산/공정 지원 | 화물/중장비 | 무역/유통 | 물류 | 배송/택배/운전 | 공정관리 | 생산관리/공정관리/품질관리 | 생산/제조 | 생산 | 생산/제조/설비/조립 | 제조/가공 | SK오션플랜트의 어떤 부분에 관심을 가지고 지원하게 되었으며, 입사 후 어떻게 기여하고 싶은지 본인의 강점을 기반으로 작성해주세요.(400~500자 이내) | 자발적으로 최고 수준의 목표를 세우고 끈질기게 성취한 경험에 대해 서술해 주세요.(400~500자 이내) | 혼자 하기 어려운 일에서 다양한 자원 활용, 타인의 협력을 최대한으로 이끌어 내며, Teamwork를 발휘하여 공 동의 목표 달성에 기여한 경험에 대해 서술해 주세요.(400자~500자 이내) | [SK오션플랜트] 생산/공정 지원 구성원 모집(신입)",[],manufacturing,"[""logistics_scm""]","[""생산/공정 지원""]",[],"[""산업안전 자격"", ""영어"", ""문서 보고서 작성""]",shipbuilding,경남,large_corp,field,"[""프로젝트""]","[""문제해결 능력"", ""실행력·업무처리 능력"", ""협업·팀워크""]","SK오션플랜트는 조선, 플랜트, 중공업 분야에서 생산 및 공정 지원을 담당하는 기업입니다.","이 직무는 생산 공정의 효율적인 운영을 지원하고, 물류 및 중장비 관리를 통해 원활한 생산 활동을 보장하며, 협력업체와의 조율을 통해 생산 목표 달성에 기여합니다.","주요 업무는 생산 공정의 운영을 지원하고, 물류 장비 및 중장비를 효율적으로 관리하는 것입니다. 또한, 협력업체 작업 인원 현황을 확인하고 관련 자료를 정리하며, 업무 진행 현황과 비용 관련 자료를 체계적으로 정리하여 보고하는 역할을 수행합니다.","초대졸 이상의 학력을 갖춘 인재를 찾습니다. 산업안전 관련 자격증(안전, 보건, 소방, 위험물 등) 보유자, 조선, 플랜트, 중공업 등 동종업계 유경험자를 우대합니다. 뛰어난 영어 역량과 문서 보고서 작성 능력을 갖추고, 인근 지역(경남 고성, 창원, 통영, 거제, 진주) 거주자를 선호합니다. 자발적으로 높은 목표를 설정하고 끈질기게 성취하며, 팀워크를 발휘하여 공동의 목표 달성에 기여할 수 있는 인재를 기대합니다.","[""도전"", ""성취지향"", ""협업""]","회사: SK오션플랜트는 조선, 플랜트, 중공업 분야에서 생산 및 공정 지원을 담당하는 기업입니다.
직무 목적: 이 직무는 생산 공정의 효율적인 운영을 지원하고, 물류 및 중장비 관리를 통해 원활한 생산 활동을 보장하며, 협력업체와의 조율을 통해 생산 목표 달성에 기여합니다.
주요 업무: 주요 업무는 생산 공정의 운영을 지원하고, 물류 장비 및 중장비를 효율적으로 관리하는 것입니다. 또한, 협력업체 작업 인원 현황을 확인하고 관련 자료를 정리하며, 업무 진행 현황과 비용 관련 자료를 체계적으로 정리하여 보고하는 역할을 수행합니다.
인재상: 초대졸 이상의 학력을 갖춘 인재를 찾습니다. 산업안전 관련 자격증(안전, 보건, 소방, 위험물 등) 보유자, 조선, 플랜트, 중공업 등 동종업계 유경험자를 우대합니다. 뛰어난 영어 역량과 문서 보고서 작성 능력을 갖추고, 인근 지역(경남 고성, 창원, 통영, 거제, 진주) 거주자를 선호합니다. 자발적으로 높은 목표를 설정하고 끈질기게 성취하며, 팀워크를 발휘하여 공동의 목표 달성에 기여할 수 있는 인재를 기대합니다.",new,job_posting,"SK오션플랜트의 생산/공정 지원 신입 구성원으로서, 공정 운영 및 물류/중장비 관리를 담당하며 팀워크를 통해 생산 목표 달성에 기여할 인재를 모집합니다.",[]
311848,현대자동차,[현대자동차] [계약직] 대외협력 행정지원 (장애인 제한경쟁),CONTRACT,"[현대자동차] [계약직] 대외협력 행정지원 (장애인 제한경쟁) [직무상세] 대외협력 유관 비용 전표처리 정부과제 비, 조직 예산 취합/등록 프로젝트 세금계산서/거래명세서 관리 및 운영 지원 기타 행정지원 부서 예산 행정 업무 지원 (부서운영비/출장비, 법인카드 등) 회의실 예약 관리 및 사무환경 관리 부서 근태 입력/관리 (출퇴근/외근/출장 등) 문서 작업 등 기타 행정지원 보조 [지원자격] 고등학교 졸업 이상의 학력을 보유하신 분 '장애인 복지법' 상 등록장애인(복지카드소지자) 또는 '국가유공자 등 예우 및 지원 등에 관한 법' 상 상이등급 기준에 해당하시는 분(1~7급) 해외여행에 결격사유가 없는 분 (남성의 경우, 회사가 지정한 입사일까지 병역을 마쳤거나 면제되신 분) 하기 근무조건에 따라 근무가 가능하신 분 - 근무시간 : 일 8시간(08:00~17:00), 주 5일(월~금) 근무 [전형단계] 1. 지원서 접수(홈페이지) / 추천서 제출(이메일) 2. 서류전형 3. 면접전형 (인성검사) 4. 채용검진 5. 최종합격","대외협력 행정지원 | 전표입력 | 경리/회계/결산 | 경영/사무 | 문서관리 | 사무/총무/법무 | 사무보조 | 사무보조/문서작성 | OA/문서작성 | 지원하신 공고에 지원한 동기는 무엇이며, 해당 직무에 대하여 본인이 가지고 있는 강점을 구체적 사례와 함께 말씀해 주십시오. | 사회생활에서 겪었던 어려움과 문제를 해결해 본 경험을 말씀해 주십시오. | [현대자동차] [계약직] 대외협력 행정지원 (장애인 제한경쟁)",[],management_support,[],"[""대외협력 행정지원"", ""전표처리"", ""예산 취합/등록"", ""세금계산서/거래명세서 관리"", ""회의실 예약 관리"", ""사무환경 관리"", ""근태 입력/관리"", ""문서 작업""]","[""OA 툴 활용"", ""문서 작성"", ""회계 처리""]",[],automotive,unknown,large_corp,office,[],"[""문제해결 능력"", ""실행력·업무처리 능력"", ""커뮤니케이션 역량""]",현대자동차는 자동차 제조 및 판매를 주요 사업으로 하는 글로벌 기업입니다.,"이 직무는 대외협력 부서의 원활한 운영을 위해 다양한 행정 업무를 지원하고, 비용 처리 및 문서 관리를 통해 부서의 효율성을 높이는 데 기여합니다.","대외협력 유관 비용 전표처리, 정부과제 비 및 조직 예산 취합/등록을 수행합니다. 프로젝트 세금계산서 및 거래명세서 관리와 운영을 지원하며, 부서 운영비, 출장비, 법인카드 등 부서 예산 행정 업무를 지원합니다. 또한 회의실 예약 관리 및 사무환경 관리, 부서 근태 입력/관리(출퇴근/외근/출장 등)를 담당하고, 문서 작업 등 기타 행정지원 보조 업무를 수행합니다.","고등학교 졸업 이상의 학력을 보유하고 '장애인 복지법' 상 등록장애인 또는 '국가유공자 등 예우 및 지원 등에 관한 법' 상 상이등급 기준에 해당하는 분을 찾습니다. 해외여행에 결격사유가 없어야 하며, 남성의 경우 회사가 지정한 입사일까지 병역을 마쳤거나 면제된 분이어야 합니다. 정해진 근무시간(일 8시간, 주 5일)에 근무 가능하며, 사회생활에서 겪었던 어려움과 문제를 해결해 본 경험이 있는 분을 우대합니다.",[],"회사: 현대자동차는 자동차 제조 및 판매를 주요 사업으로 하는 글로벌 기업입니다.
직무 목적: 이 직무는 대외협력 부서의 원활한 운영을 위해 다양한 행정 업무를 지원하고, 비용 처리 및 문서 관리를 통해 부서의 효율성을 높이는 데 기여합니다.
주요 업무: 대외협력 유관 비용 전표처리, 정부과제 비 및 조직 예산 취합/등록을 수행합니다. 프로젝트 세금계산서 및 거래명세서 관리와 운영을 지원하며, 부서 운영비, 출장비, 법인카드 등 부서 예산 행정 업무를 지원합니다. 또한 회의실 예약 관리 및 사무환경 관리, 부서 근태 입력/관리(출퇴근/외근/출장 등)를 담당하고, 문서 작업 등 기타 행정지원 보조 업무를 수행합니다.
인재상: 고등학교 졸업 이상의 학력을 보유하고 '장애인 복지법' 상 등록장애인 또는 '국가유공자 등 예우 및 지원 등에 관한 법' 상 상이등급 기준에 해당하는 분을 찾습니다. 해외여행에 결격사유가 없어야 하며, 남성의 경우 회사가 지정한 입사일까지 병역을 마쳤거나 면제된 분이어야 합니다. 정해진 근무시간(일 8시간, 주 5일)에 근무 가능하며, 사회생활에서 겪었던 어려움과 문제를 해결해 본 경험이 있는 분을 우대합니다.",contract,job_posting,"현대자동차 대외협력 부서의 행정 업무를 지원하는 계약직 포지션으로, 전표처리, 예산 관리, 문서 작업 등을 담당합니다.",[]
311844,한국중부발전,[한국중부발전] 2026년도 2차 체험형 인턴 채용공고,INTERN,[한국중부발전] 2026년도 2차 체험형 인턴 채용공고 [채용예정인원] - 일반 사무 22명 - 일반 기술 36명 - 사회형평 사무 5명 - 사회형평 기술 7명 [지원서 ~ 2026.4.15 15:00 [,"사회형평 기술 | 토목/조경/도시/측량 | 건설 | 건설/설계/인테리어 | 기계설계/CAD/CAM | 연구개발/설계 | 전기/전자/제어 | 화학/에너지/환경 | 자동차/조선/기계 | 토목 | 조경 | 도시계획/교통 | 측량/계측 | 건축 | 인테리어설계 | 실내건축 | 인테리어시공 | 리모델링 | 현장관리 | 기계설계 | CAD | CAM | 전기/전기설비 | 전자 | 공정/품질/테스트 | 화학 | 에너지 | 환경 | 화장품 | 자동차 | 조선 | 기계 | 1. [지원동기, 성장의지] 지원자가 체험형 인턴에 지원한 동기와 지원을 위한 본인만의 차별화된 노력에 대해 작성해 주십시오. (띄어쓰기 포함 100 ~ 400자로 작성) | 2. [조직적합도, 협동성] 최근 3년 이내에 지원자가 속한 조직(팀, 동아리 등)에서 동료들과의 갈등 상황을 해결하기 위해 적극적으로 의사소통하고 협업하여 성과를 내었던 경험에 대해 기술해 주십시오. (띄어쓰기 포함 100 ~ 400자로 작성) | 3. [문제해결, 책임감] 예상치 못한 문제로 난관에 부딪혔을 때, 포기하지 않고 끝까지 노력하여 문제 상황을 해결하였던 경험을 기술해 주십시오.(문제상황과 해결 방안 제시) (띄어쓰기 포함 100 ~ 400자로 작성) | [한국중부발전] 2026년도 2차 체험형 인턴 채용공고 | 일반 기술 | 사회형평 사무 | IT/인터넷 | 경영/사무 | 웹개발 | 응용프로그램개발 | ERP/시스템개발/설계 | 네트워크/서버/보안 | DBA/데이터베이스 | 콘텐츠/사이트운영 | 웹기획/PM/웹마케팅 | HTML/퍼블리싱/UI개발 | QA | 게임 | 기획/전략/경영 | 사무/총무/법무 | 인사/노무/교육 | 경리/회계/결산 | 재무/세무/IR | 사무보조/문서작성",[],engineering_hw,"[""software_dev"", ""management_support""]","[""일반 사무"", ""일반 기술"", ""사회형평 사무"", ""사회형평 기술""]",[],[],energy,전국,public_org,unknown,"[""프로젝트"", ""대외활동"", ""교내동아리""]","[""협업·팀워크"", ""커뮤니케이션 역량"", ""문제해결 능력"", ""학습·성장 역량""]","한국중부발전은 국내 주요 발전 공기업으로, 안정적인 전력 공급을 책임지며 다양한 기술 및 사무 분야에서 사업을 운영하고 있습니다.","이 직무는 지원자들이 한국중부발전의 다양한 기술 및 사무 분야에서 실무 경험을 쌓고, 직무 역량을 강화하며 발전 산업에 대한 이해를 높이는 기회를 제공하기 위해 필요합니다.","한국중부발전의 다양한 기술 및 사무 분야에서 실무 경험을 쌓고 지원하는 역할입니다. 구체적으로는 토목, 조경, 도시, 측량, 건설, 기계설계, 전기, 전자, 화학, 에너지, 환경 등 기술 직무와 관련된 업무를 지원합니다. 또한 IT 분야에서는 웹개발, 응용프로그램 개발, 네트워크, 서버, 보안, 데이터베이스 관리 등의 업무를 보조할 수 있습니다. 경영, 사무, 총무, 법무, 인사, 노무, 교육, 경리, 회계, 재무 등 일반 사무 직무에서도 실무를 경험하고 지원합니다. 이를 통해 발전 산업 전반에 대한 이해를 높이고 직무 역량을 강화하는 기회를 제공합니다.",체험형 인턴으로서 한국중부발전에 대한 명확한 지원 동기와 차별화된 노력을 보여줄 수 있는 인재를 찾습니다. 조직 내에서 동료들과 적극적으로 의사소통하고 협업하여 갈등을 해결하고 성과를 창출한 경험이 중요합니다. 또한 예상치 못한 문제에 직면했을 때 포기하지 않고 끝까지 노력하여 해결하는 책임감과 문제해결 능력을 갖춘 지원자를 우대합니다. 다양한 기술 및 사무 분야에 대한 관심과 성장 의지를 가진 분을 환영합니다.,[],"회사: 한국중부발전은 국내 주요 발전 공기업으로, 안정적인 전력 공급을 책임지며 다양한 기술 및 사무 분야에서 사업을 운영하고 있습니다.
직무 목적: 이 직무는 지원자들이 한국중부발전의 다양한 기술 및 사무 분야에서 실무 경험을 쌓고, 직무 역량을 강화하며 발전 산업에 대한 이해를 높이는 기회를 제공하기 위해 필요합니다.
주요 업무: 한국중부발전의 다양한 기술 및 사무 분야에서 실무 경험을 쌓고 지원하는 역할입니다. 구체적으로는 토목, 조경, 도시, 측량, 건설, 기계설계, 전기, 전자, 화학, 에너지, 환경 등 기술 직무와 관련된 업무를 지원합니다. 또한 IT 분야에서는 웹개발, 응용프로그램 개발, 네트워크, 서버, 보안, 데이터베이스 관리 등의 업무를 보조할 수 있습니다. 경영, 사무, 총무, 법무, 인사, 노무, 교육, 경리, 회계, 재무 등 일반 사무 직무에서도 실무를 경험하고 지원합니다. 이를 통해 발전 산업 전반에 대한 이해를 높이고 직무 역량을 강화하는 기회를 제공합니다.
인재상: 체험형 인턴으로서 한국중부발전에 대한 명확한 지원 동기와 차별화된 노력을 보여줄 수 있는 인재를 찾습니다. 조직 내에서 동료들과 적극적으로 의사소통하고 협업하여 갈등을 해결하고 성과를 창출한 경험이 중요합니다. 또한 예상치 못한 문제에 직면했을 때 포기하지 않고 끝까지 노력하여 해결하는 책임감과 문제해결 능력을 갖춘 지원자를 우대합니다. 다양한 기술 및 사무 분야에 대한 관심과 성장 의지를 가진 분을 환영합니다.",intern,internship_program,한국중부발전의 다양한 기술 및 사무 분야에서 실무 경험을 쌓을 체험형 인턴을 모집합니다.,[]
311822,본아이에프,[본아이에프] [지주부문] 인사 운영 지원 인턴 채용,INTERN,"[본아이에프] [지주부문] 인사 운영 지원 인턴 채용 [담당업무] 채용 운영 및 후보자 경험관리 채용 전 과정 (서류접수~면접~결과안내)의 운영 지원 교육 및 조직문화 행사 지원 교육 장소 대관, 다과 준비 등 교육 환경 세팅 지원 기타 인사팀 업무 지원 [모집기간] 03월 27일 ~ 04월 05일 [채용공고]","인사 운영 지원 | 인사/노무/교육 | 경영/사무 | 인사 | 노무 | 채용/면접 | 교육기획 | 1. 본인의 성장과정 및 그러한 성장과정이 본인에게 어떠한 영향을 미쳤는지에 대하여 기술해 주십시오. | 2. 해당 직무를 잘 수행하기 위한 본인만의 차별화된 역량과, 해당 역량을 바탕으로 어떤 성과를 냈는지 기술해 주십시오. ( 성공/실패 사례 모두 가능) | 3. 본그룹 3대 핵심가치(목적달성, 지속성장, 전체최적화) 중, 본인을 가장 잘 표현할 수 있는 한 가지를 구체적인 사례를 들어 기술해 주십시오. | 4. 입사 후 목표가 무엇이며, 그러한 목표를 갖게 된 이유와 그 목표를 이루기 위한 구체적인 실행계획에 대하여 기술해 주십시오. | [본아이에프] [지주부문] 인사 운영 지원 인턴 채용",[],hr,"[""education""]","[""인사 운영 지원 인턴""]",[],[],food_beverage,unknown,mid_corp,office,"[""인턴""]","[""실행력·업무처리 능력"", ""학습·성장 역량"", ""문제해결 능력"", ""전략·기획 역량""]","본아이에프는 본죽, 본도시락 등 다양한 외식 브랜드를 운영하며 건강한 식문화를 선도하는 식품 기업입니다.","인사 운영 지원 인턴은 채용 및 교육, 조직문화 행사 등 인사팀의 전반적인 업무를 지원하여 원활한 인사 시스템 운영에 기여합니다.","채용 운영 및 후보자 경험 관리를 위해 서류 접수부터 면접, 결과 안내에 이르는 전 과정을 지원합니다. 교육 및 조직문화 행사 지원 업무를 수행하며, 교육 장소 대관 및 다과 준비 등 교육 환경 세팅을 돕습니다. 이 외에도 인사팀의 다양한 업무를 지원하며 실무 경험을 쌓을 수 있습니다.","본인의 성장과정을 통해 형성된 차별화된 역량을 바탕으로 직무를 수행하고 성과를 창출할 수 있는 인재를 찾습니다. 본그룹의 핵심가치인 목적달성, 지속성장, 전체최적화를 이해하고 실천하며, 명확한 입사 후 목표와 이를 이루기 위한 구체적인 실행계획을 가진 지원자를 선호합니다.","[""목적달성"", ""지속성장"", ""전체최적화""]","회사: 본아이에프는 본죽, 본도시락 등 다양한 외식 브랜드를 운영하며 건강한 식문화를 선도하는 식품 기업입니다.
직무 목적: 인사 운영 지원 인턴은 채용 및 교육, 조직문화 행사 등 인사팀의 전반적인 업무를 지원하여 원활한 인사 시스템 운영에 기여합니다.
주요 업무: 채용 운영 및 후보자 경험 관리를 위해 서류 접수부터 면접, 결과 안내에 이르는 전 과정을 지원합니다. 교육 및 조직문화 행사 지원 업무를 수행하며, 교육 장소 대관 및 다과 준비 등 교육 환경 세팅을 돕습니다. 이 외에도 인사팀의 다양한 업무를 지원하며 실무 경험을 쌓을 수 있습니다.
인재상: 본인의 성장과정을 통해 형성된 차별화된 역량을 바탕으로 직무를 수행하고 성과를 창출할 수 있는 인재를 찾습니다. 본그룹의 핵심가치인 목적달성, 지속성장, 전체최적화를 이해하고 실천하며, 명확한 입사 후 목표와 이를 이루기 위한 구체적인 실행계획을 가진 지원자를 선호합니다.",intern,internship_program,본아이에프 지주부문에서 채용 및 교육 운영을 지원할 인사 인턴을 모집합니다.,[]
311819,경기동부보훈지청,[경기동부보훈지청] 청년인턴 채용 공고,INTERN,[경기동부보훈지청] 청년인턴 채용 공고 [담당업무] ㅇ 참전유공자법 개정('26.3월 시행)에 따른 배우자 등록 관련 홍보 및 자료정리 ㅇ 참전유공자 배우자 등록신청 및 생계지원금 지급 신청 관련 업무지원 ㅇ 상이등급구분 신체검사 고엽제 검진 및 장애판정 업무 지원 ㅇ 기타 보훈관련 업무 지원 등 [모집기간] 04월 01일 ~ 04월 10일 [채용공고],"청년인턴 | 경영/사무 | 기획/전략/경영 | 사무/총무/법무 | 인사/노무/교육 | 경리/회계/결산 | 재무/세무/IR | 사무보조/문서작성 | 지원 동기 및 진로 계획 - 해당 기관 및 직무에 지원하게 된 계기 - 향후 어떤 일을 하고 싶은지, 이 인턴 경험이 진로에 어떻게 도움이 되는지 서술 | 직무 관련 전문성 획득을 위한 활동 내용 - 지원한 분야 직무를 수행하는 데 필요한 지식이나 능력을 갖추기 위해 어떤 활동 및 노력을 해왔는지 구체적으로 서술 - 출신학교 자격증, 시험(어학 등성적 등은 연급하지 말고 행동과 경험 중심으로 작성 | 문제 해결 경험 - 일상생활, 학교, 아르바이트, 동아리 등 다양한 상황에서 문제를 인식하고 해결했던 경험 서술 - 어떤 방식으로 해결했는지와 그 결과가 어땠는지 중심으로 서술 | 소통 및 협업 능력 - 타인과 협력하여 성과를 낸 경험 서술 | 기대하는 점 및 각오 - 인턴십을 통해 배우고 싶은 점과 어떤 자세로 임할 것인지 서술 | [경기동부보훈지청] 청년인턴 채용 공고",[],management_support,[],"[""청년인턴""]",[],[],public_ngo,경기,public_org,office,"[""프로젝트"", ""아르바이트"", ""교내동아리""]","[""문제해결 능력"", ""커뮤니케이션 역량"", ""협업·팀워크""]","경기동부보훈지청은 국가유공자와 그 유족에 대한 보훈 업무를 수행하는 국가기관입니다. 참전유공자 및 배우자 지원, 상이등급 신체검사 등 다양한 보훈 관련 서비스를 제공합니다.","이 청년인턴 직무는 참전유공자법 개정에 따른 배우자 등록 및 생계지원금 지급 업무를 지원하고, 상이등급 신체검사 등 보훈 관련 행정 업무를 보조하여 원활한 보훈 서비스 제공에 기여하기 위해 필요합니다.","주요 업무는 2026년 3월 시행될 참전유공자법 개정에 따라 배우자 등록 관련 홍보 활동을 수행하고 관련 자료를 정리하는 것입니다. 또한, 참전유공자 배우자의 등록 신청 및 생계지원금 지급 신청 업무를 지원하며, 상이등급구분 신체검사, 고엽제 검진 및 장애판정 관련 행정 업무를 보조합니다. 이 외에도 보훈 대상자들을 위한 다양한 보훈 관련 업무를 지원하게 됩니다.","지원자는 해당 기관 및 직무에 대한 명확한 지원 동기와 진로 계획을 가지고 있어야 합니다. 지원 분야 직무 수행에 필요한 지식이나 능력을 갖추기 위해 노력한 활동 경험을 구체적으로 서술할 수 있어야 하며, 출신학교, 자격증, 어학 성적보다는 행동과 경험 중심의 서술이 중요합니다. 일상생활, 학교, 아르바이트, 동아리 등 다양한 상황에서 문제를 인식하고 해결했던 경험과 그 결과에 대해 설명할 수 있는 문제해결 능력을 갖춘 인재를 찾습니다. 또한, 타인과 협력하여 성과를 낸 경험을 통해 소통 및 협업 능력을 보여줄 수 있어야 하며, 인턴십을 통해 배우고 싶은 점과 임하는 자세를 명확히 제시할 수 있는 지원자를 선호합니다.",[],"회사: 경기동부보훈지청은 국가유공자와 그 유족에 대한 보훈 업무를 수행하는 국가기관입니다. 참전유공자 및 배우자 지원, 상이등급 신체검사 등 다양한 보훈 관련 서비스를 제공합니다.
직무 목적: 이 청년인턴 직무는 참전유공자법 개정에 따른 배우자 등록 및 생계지원금 지급 업무를 지원하고, 상이등급 신체검사 등 보훈 관련 행정 업무를 보조하여 원활한 보훈 서비스 제공에 기여하기 위해 필요합니다.
주요 업무: 주요 업무는 2026년 3월 시행될 참전유공자법 개정에 따라 배우자 등록 관련 홍보 활동을 수행하고 관련 자료를 정리하는 것입니다. 또한, 참전유공자 배우자의 등록 신청 및 생계지원금 지급 신청 업무를 지원하며, 상이등급구분 신체검사, 고엽제 검진 및 장애판정 관련 행정 업무를 보조합니다. 이 외에도 보훈 대상자들을 위한 다양한 보훈 관련 업무를 지원하게 됩니다.
인재상: 지원자는 해당 기관 및 직무에 대한 명확한 지원 동기와 진로 계획을 가지고 있어야 합니다. 지원 분야 직무 수행에 필요한 지식이나 능력을 갖추기 위해 노력한 활동 경험을 구체적으로 서술할 수 있어야 하며, 출신학교, 자격증, 어학 성적보다는 행동과 경험 중심의 서술이 중요합니다. 일상생활, 학교, 아르바이트, 동아리 등 다양한 상황에서 문제를 인식하고 해결했던 경험과 그 결과에 대해 설명할 수 있는 문제해결 능력을 갖춘 인재를 찾습니다. 또한, 타인과 협력하여 성과를 낸 경험을 통해 소통 및 협업 능력을 보여줄 수 있어야 하며, 인턴십을 통해 배우고 싶은 점과 임하는 자세를 명확히 제시할 수 있는 지원자를 선호합니다.",intern,internship_program,경기동부보훈지청에서 참전유공자법 개정 관련 행정 및 보훈 업무를 지원할 청년인턴을 채용합니다.,[]
311818,동해지방해양경찰청,[동해지방해양경찰청] 청년인턴 채용 공고,INTERN,"[동해지방해양경찰청] 청년인턴 채용 공고 [담당업무] 회의 및 행사, 기록물 관리 등 행정 업무지원 정책홍보를 위한 사회관계망 운영 등 홍보업무 전산 통계, 데이터 정보 등 관리 지원 국내 외 해양 관련 자료 모니터링 및 조사 정리 해양오염예방 점검 관련 통계 분석 [모집기간] 03월 30일 ~ 04월 06일 [채용공고]","행정 | 경영/사무 | 기획/전략/경영 | 사무/총무/법무 | 인사/노무/교육 | 경리/회계/결산 | 재무/세무/IR | 사무보조/문서작성 | 지원 동기 및 진로 계획 - 해당 기관 및 직무에 지원하게 된 계기 - 향후 어떤 일을 하고 싶은지, 이 인턴 경험이 진로에 어떻게 도움이 되는지 서술 | 직무 관련 전문성 획득을 위한 활동 내용 - 지원한 분야 직무를 수행하는 데 필요한 지식이나 능력을 갖추기 위해 어떤 활동 및 노력을 해왔는지 구체적으로 서술 - 출신학교, 자격증, 시험(어학 등)성적 등은 언급하지 말고 행동과 경험 중심으로 작성 | 문제 해결 경험 - 일상생활, 학교, 아르바이트, 동아리 등 다양한 상황에서 문제를 인식하고 해결했던 경험 서술 - 어떤 방식으로 해결했는지와 그 결과가 어땠는지 중심으로 서술 | 소통 및 협업 능력 - 타인과 협력하여 성과를 낸 경험 서술 | 기대하는 점 및 각오 - 인턴십을 통해 배우고 싶은 점과 어떤 자세로 임할 것인지 서술 | [동해지방해양경찰청] 청년인턴 채용 공고",[],management_support,"[""marketing""]","[""청년인턴"", ""행정 업무지원"", ""홍보업무"", ""전산 통계 관리"", ""해양 관련 자료 모니터링 및 조사"", ""해양오염예방 점검 통계 분석""]","[""문서작성"", ""통계 분석"", ""사회관계망 운영""]",[],public_ngo,동해,public_org,office,"[""인턴"", ""프로젝트"", ""대외활동""]","[""문제해결 능력"", ""협업·팀워크"", ""학습·성장 역량"", ""커뮤니케이션 역량"", ""정보수집·분석 역량""]","동해지방해양경찰청은 동해 지역의 해양 안전과 질서 유지를 담당하는 정부 기관입니다. 해양 주권 수호, 해양 범죄 단속, 해양 오염 예방 등의 업무를 수행합니다.","청년인턴은 동해지방해양경찰청의 행정, 홍보, 데이터 관리 업무를 지원하며, 해양 관련 정책 및 환경 보호 활동에 기여하는 역할을 수행합니다.","회의 및 행사 준비와 기록물 관리 등 다양한 행정 업무를 지원합니다. 정책 홍보를 위해 사회관계망(SNS)을 운영하고 관련 홍보 업무를 수행합니다. 전산 통계 및 데이터 정보를 관리하고 지원하며, 국내외 해양 관련 자료를 모니터링하고 조사하여 정리합니다. 또한, 해양오염예방 점검과 관련된 통계를 분석하는 업무를 담당합니다.","해당 기관 및 직무에 대한 명확한 지원 동기와 진로 계획을 가진 인재를 찾습니다. 지원 분야 직무 수행에 필요한 지식이나 능력을 갖추기 위한 활동 및 노력을 구체적으로 서술할 수 있어야 합니다. 일상생활, 학교, 아르바이트, 동아리 등 다양한 상황에서 문제를 인식하고 해결했던 경험과 그 결과를 중심으로 서술할 수 있는 문제해결 능력을 갖춰야 합니다. 타인과 협력하여 성과를 낸 경험을 통해 소통 및 협업 능력을 보여줄 수 있는 지원자를 우대합니다. 인턴십을 통해 배우고 싶은 점과 적극적인 자세로 임할 각오를 가진 지원자를 기대합니다.",[],"회사: 동해지방해양경찰청은 동해 지역의 해양 안전과 질서 유지를 담당하는 정부 기관입니다. 해양 주권 수호, 해양 범죄 단속, 해양 오염 예방 등의 업무를 수행합니다.
직무 목적: 청년인턴은 동해지방해양경찰청의 행정, 홍보, 데이터 관리 업무를 지원하며, 해양 관련 정책 및 환경 보호 활동에 기여하는 역할을 수행합니다.
주요 업무: 회의 및 행사 준비와 기록물 관리 등 다양한 행정 업무를 지원합니다. 정책 홍보를 위해 사회관계망(SNS)을 운영하고 관련 홍보 업무를 수행합니다. 전산 통계 및 데이터 정보를 관리하고 지원하며, 국내외 해양 관련 자료를 모니터링하고 조사하여 정리합니다. 또한, 해양오염예방 점검과 관련된 통계를 분석하는 업무를 담당합니다.
인재상: 해당 기관 및 직무에 대한 명확한 지원 동기와 진로 계획을 가진 인재를 찾습니다. 지원 분야 직무 수행에 필요한 지식이나 능력을 갖추기 위한 활동 및 노력을 구체적으로 서술할 수 있어야 합니다. 일상생활, 학교, 아르바이트, 동아리 등 다양한 상황에서 문제를 인식하고 해결했던 경험과 그 결과를 중심으로 서술할 수 있는 문제해결 능력을 갖춰야 합니다. 타인과 협력하여 성과를 낸 경험을 통해 소통 및 협업 능력을 보여줄 수 있는 지원자를 우대합니다. 인턴십을 통해 배우고 싶은 점과 적극적인 자세로 임할 각오를 가진 지원자를 기대합니다.",intern,internship_program,"동해지방해양경찰청에서 행정, 홍보, 데이터 관리 업무를 지원할 청년인턴을 채용합니다.",[]
311797,SK하이스텍,[SK하이스텍] 교육 기획/운영 담당자 채용,NEW,"[SK하이스텍] 교육 기획/운영 담당자 채용 [담당업무] SK하이닉스/협력사 구성원 대상 교육 프로그램 기획/운영 교육(코칭, 버크만 등) 강의 및 퍼실리테이션 수행 교육 만족도 및 학습자 VoC 관리, 교육 품질 개선 교육 관련 세미나/포럼/행사 지원 등 [모집기간] 03월 30일 ~ 04월 08일 [채용공고]",교육 기획/운영 담당자 | 교육기획 | 인사/노무/교육 | 경영/사무 | 자기소개와 지원동기를 서술하여 주시기 바랍니다. | [SK하이스텍] 교육 기획/운영 담당자 채용,[],education,"[""hr"", ""management_support""]","[""교육 기획/운영 담당자"", ""교육기획""]",[],[],edu_tech,unknown,large_corp,unknown,"[""프로젝트""]","[""고객·서비스 지향"", ""문제해결 능력""]",SK하이스텍은 SK하이닉스 및 협력사 구성원을 대상으로 교육 프로그램을 제공하는 회사입니다.,"SK하이닉스 및 협력사 구성원들의 역량 강화를 위한 교육 프로그램을 기획하고 운영하여, 학습 만족도를 높이고 교육 품질을 개선하는 데 기여합니다.","SK하이닉스와 협력사 구성원들을 위한 교육 프로그램을 기획하고 운영합니다. 코칭 및 버크만 등의 교육 강의와 퍼실리테이션을 직접 수행하며, 교육 만족도와 학습자 VoC를 체계적으로 관리하여 교육 품질을 지속적으로 개선합니다. 또한, 교육 관련 세미나, 포럼, 행사 등을 지원하는 업무를 담당합니다.","교육 프로그램 기획 및 운영 경험이 있는 인재를 찾습니다. 교육 강의 및 퍼실리테이션 역량을 보유하고, 교육 만족도 관리와 VoC 분석을 통해 교육 품질을 개선할 수 있는 문제해결 능력을 갖춘 분을 우대합니다.",[],"회사: SK하이스텍은 SK하이닉스 및 협력사 구성원을 대상으로 교육 프로그램을 제공하는 회사입니다.
직무 목적: SK하이닉스 및 협력사 구성원들의 역량 강화를 위한 교육 프로그램을 기획하고 운영하여, 학습 만족도를 높이고 교육 품질을 개선하는 데 기여합니다.
주요 업무: SK하이닉스와 협력사 구성원들을 위한 교육 프로그램을 기획하고 운영합니다. 코칭 및 버크만 등의 교육 강의와 퍼실리테이션을 직접 수행하며, 교육 만족도와 학습자 VoC를 체계적으로 관리하여 교육 품질을 지속적으로 개선합니다. 또한, 교육 관련 세미나, 포럼, 행사 등을 지원하는 업무를 담당합니다.
인재상: 교육 프로그램 기획 및 운영 경험이 있는 인재를 찾습니다. 교육 강의 및 퍼실리테이션 역량을 보유하고, 교육 만족도 관리와 VoC 분석을 통해 교육 품질을 개선할 수 있는 문제해결 능력을 갖춘 분을 우대합니다.",new,job_posting,SK하이닉스 및 협력사 구성원 대상 교육 프로그램 기획 및 운영 담당자를 채용합니다.,"[""low_signal""]"
311792,NH농협손해보험,[NH농협손해보험] 2026년 상반기 신규직원 채용,NEW,"[NH농협손해보험] 2026년 상반기 신규직원 채용 ~ 2026-04-08 모집부문 및 상세내용 모집 부문 상세내용 6급 초급 (일반직) 담당업무 영업채널(총국) 마케팅 활동 및 영업관리 채용권역 구분 - 강원권 : 강원특별자치도 - 충청권 : 충청북도, 충청남도, 대전광역시, 세종특별자치시 - 전라권 : 전북특별자치도, 전라남도, 광주광역시 - 경남권 : 경상남도, 부산광역시, 울산광역시 채용형태 - 신입 우대조건 국가유공자 등 예우 및 지원에 관한 법률 에 의한 취업지원대상자 장애인 고용 촉진 및 직업재활법 에 의거 장애인복지법상 등록 장애인 또는 상이등급이 기재된 국가유공자증명서 소지자 농협장학생 봉사단 우수활동자 NH농협 NewHope 아이디어 공모전 수상자 NH 영 서포터즈 우수활동자 2016 농협보험 대학생 논문 공모전 수상자 2011 농협보험 대학생 비전 및 발전전략 공모전 대상 수상자 자격요건 학력 학력무관 근무조건 급여 회사 내규에 따름 농협손해보험주식회사","6급 초급 (일반직) | 경영/사무 | 기획/전략/경영 | 사무/총무/법무 | 인사/노무/교육 | 경리/회계/결산 | 재무/세무/IR | 사무보조/문서작성 | 1. 목표를 설정하고 이를 달성하기 위해 노력했던 경험을 작성해 주십시오. (800자 이내) (목표수준, 실행 과정에서의 구체적인 행동, 어려움 극복과정, 그리고 결과 등을 가능한 수치나 변화 중심으로 작성) | 2. 현장 또는 타인의 불만이나 거부감을 긍정적인 에너지로 전환시켜 문제를 해결했던 경험에 대해 작성해 주십시오. (800자 이내) (당시 상황, 당사자, 불만사유, 결과, 느낀점 등을 구체적으로 작성) | 3. 다양한 직업군 중 손해보험을 선택한 이유와 총국 영업관리(권역담당자) 직무를 통해 어떻게 조직의 영업성장에 기여할 수 있을지 구체적으로 작성해 주십시오. (800자 이내) * 권역담당자 : 담당구역 영업점 현장교육, 마케팅활동 등을 담당 (방카매니저) | 4. 새로운 조직에 적응하기 위한 가장 중요한 요소는 무엇인지 설명하고 조직의 가치나 업무 방식 등이 본인의 생각과 달랐을 때 당시 어떤 판단과 행동을 했는지 실제 사례를 들어 작성해 주십시오. (800자 이내) | 5. 본인이 생각하는 조직에서 인정받는 사람의 기준은 무엇인지 설명하고 본인은 그 기준에 얼마나 부합하는지 구체적 근거를 들어 작성해 주십시오. (800자 이내) | [NH농협손해보험] 2026년 상반기 신규직원 채용",[],sales,"[""marketing"", ""management_support""]","[""6급 초급 (일반직)"", ""총국 영업관리"", ""권역담당자"", ""방카매니저""]",[],[],finance_insurance,전국,large_corp,field,"[""봉사활동"", ""공모전"", ""프로젝트""]","[""실행력·업무처리 능력"", ""문제해결 능력"", ""커뮤니케이션 역량"", ""협업·팀워크"", ""전략·기획 역량""]","NH농협손해보험은 농협금융지주 계열의 손해보험사로, 다양한 보험 상품과 서비스를 제공하며 고객의 안정적인 삶을 지원합니다.",이 직무는 영업채널(총국)의 마케팅 활동과 영업 관리를 담당하여 조직의 영업 성장에 기여하는 역할을 수행합니다. 특히 권역담당자로서 현장 교육 및 마케팅 활동을 통해 영업점의 성과를 지원하는 것이 핵심입니다.,"주요 업무는 영업채널인 총국에서 마케팅 활동을 기획하고 실행하는 것입니다. 담당 구역 내 영업점의 현장 교육을 진행하고, 마케팅 활동을 지원하며 전반적인 영업 관리를 수행합니다. 또한, 방카매니저로서 영업점의 성과 향상을 위한 다양한 전략을 수립하고 실행하여 조직의 영업 목표 달성에 직접적으로 기여합니다.","이 포지션은 명확한 목표를 설정하고 이를 달성하기 위해 적극적으로 노력하며, 실행 과정에서 발생하는 어려움을 극복하는 능력을 갖춘 인재를 찾습니다. 현장 또는 타인의 불만이나 거부감을 긍정적인 에너지로 전환시켜 문제를 해결하는 뛰어난 커뮤니케이션 역량이 중요합니다. 새로운 조직에 빠르게 적응하고 조직의 가치나 업무 방식에 유연하게 대처할 수 있어야 하며, 손해보험 산업과 총국 영업관리 직무에 대한 이해를 바탕으로 조직의 영업 성장에 기여할 수 있는 구체적인 방안을 제시할 수 있는 인재를 선호합니다.",[],"회사: NH농협손해보험은 농협금융지주 계열의 손해보험사로, 다양한 보험 상품과 서비스를 제공하며 고객의 안정적인 삶을 지원합니다.
직무 목적: 이 직무는 영업채널(총국)의 마케팅 활동과 영업 관리를 담당하여 조직의 영업 성장에 기여하는 역할을 수행합니다. 특히 권역담당자로서 현장 교육 및 마케팅 활동을 통해 영업점의 성과를 지원하는 것이 핵심입니다.
주요 업무: 주요 업무는 영업채널인 총국에서 마케팅 활동을 기획하고 실행하는 것입니다. 담당 구역 내 영업점의 현장 교육을 진행하고, 마케팅 활동을 지원하며 전반적인 영업 관리를 수행합니다. 또한, 방카매니저로서 영업점의 성과 향상을 위한 다양한 전략을 수립하고 실행하여 조직의 영업 목표 달성에 직접적으로 기여합니다.
인재상: 이 포지션은 명확한 목표를 설정하고 이를 달성하기 위해 적극적으로 노력하며, 실행 과정에서 발생하는 어려움을 극복하는 능력을 갖춘 인재를 찾습니다. 현장 또는 타인의 불만이나 거부감을 긍정적인 에너지로 전환시켜 문제를 해결하는 뛰어난 커뮤니케이션 역량이 중요합니다. 새로운 조직에 빠르게 적응하고 조직의 가치나 업무 방식에 유연하게 대처할 수 있어야 하며, 손해보험 산업과 총국 영업관리 직무에 대한 이해를 바탕으로 조직의 영업 성장에 기여할 수 있는 구체적인 방안을 제시할 수 있는 인재를 선호합니다.",new,job_posting,"NH농협손해보험의 신규직원 채용으로, 영업채널 마케팅 활동 및 영업관리를 담당하며 조직의 영업 성장에 기여할 인재를 모집합니다.",[]
311780,주식회사 미오컴퍼니,[미오컴퍼니] 퍼포먼스 마케터 인턴 채용,INTERN,"자세한 내용은 채용 페이지를 참고해주세요! ""브랜드를, 숫자로 움직이고 싶다면."" Koi House는 뷰티 헬스 바이오 브랜드의 기획, 개발, 마케팅, 커머스 전 과정을 직접 실행하며 빠르게 성장 중인 브랜드 빌더 그룹입니다. 그 중심에 있는 MEOCOMPANY는 Formula:in, Abso, A'demang, Nu.wise 등 자체 브랜드로 누적 100만 건 이상의 고객 경험을 설계해왔습니다. 우리는 브랜드를 키우는 일이 결국 정확한 타깃에게, 정확한 메시지를, 가장 효율적인 채널로 전달하는 것이라고 믿습니다. 그리고 그 실행의 핵심에 퍼포먼스 마케터가 있습니다. 이 포지션의 퍼포먼스 마케터는 단순히 광고를 집행하는 사람이 아닙니다. 데이터로 가설을 세우고, 크리에이티브로 설득하며, 구조로 매출을 만드는 사람입니다. 여러 브랜드를 동시에 다루는 환경에서, 본인의 손으로 직접 성과를 만들어내고 싶은 분을 기다립니다.",,"[""https://koi-house.oopy.io/""]",marketing,[],"[""퍼포먼스 마케터""]","[""데이터 분석""]",[],beauty_cosmetics,unknown,startup,unknown,"[""인턴""]","[""정보수집·분석 역량"", ""창의·혁신 역량"", ""실행력·업무처리 능력"", ""문제해결 능력""]","Koi House는 뷰티 헬스 바이오 브랜드의 기획, 개발, 마케팅, 커머스 전 과정을 직접 실행하며 빠르게 성장 중인 브랜드 빌더 그룹입니다. 그 중심에 있는 MEOCOMPANY는 Formula:in, Abso, A'demang, Nu.wise 등 자체 브랜드로 누적 100만 건 이상의 고객 경험을 설계해왔습니다.",정확한 타겟에게 효율적인 메시지를 전달하여 브랜드를 성장시키고 매출을 창출하는 것이 이 직무의 핵심 목적입니다.,"데이터를 기반으로 마케팅 가설을 수립하고, 창의적인 크리에이티브를 기획하여 고객을 설득합니다. 효율적인 마케팅 구조를 설계하고 실행하여 매출 증대에 기여하며, 여러 뷰티 헬스 바이오 브랜드를 동시에 관리하는 업무를 수행합니다. 특히, 광고 집행을 넘어 데이터 분석을 통해 인사이트를 도출하고, 이를 바탕으로 전략적인 의사결정을 내리는 역할을 담당합니다. 다양한 채널의 퍼포먼스를 모니터링하고 최적화하며, A/B 테스트 등을 통해 마케팅 효율을 지속적으로 개선합니다. 궁극적으로는 본인의 직접적인 실행을 통해 브랜드의 성장을 견인하고 가시적인 성과를 창출하는 데 집중합니다.","데이터 분석을 통해 가설을 수립하고, 창의적인 아이디어로 고객을 설득할 수 있는 인재를 찾습니다. 마케팅 구조를 이해하고 매출을 만들어내는 데 기여하며, 다양한 브랜드를 동시에 관리하며 직접적인 성과를 창출하고자 하는 열정을 가진 분을 우대합니다.","[""성장지향"", ""데이터드리븐"", ""창의적"", ""성과중심""]","회사: Koi House는 뷰티 헬스 바이오 브랜드의 기획, 개발, 마케팅, 커머스 전 과정을 직접 실행하며 빠르게 성장 중인 브랜드 빌더 그룹입니다. 그 중심에 있는 MEOCOMPANY는 Formula:in, Abso, A'demang, Nu.wise 등 자체 브랜드로 누적 100만 건 이상의 고객 경험을 설계해왔습니다.
직무 목적: 정확한 타겟에게 효율적인 메시지를 전달하여 브랜드를 성장시키고 매출을 창출하는 것이 이 직무의 핵심 목적입니다.
주요 업무: 데이터를 기반으로 마케팅 가설을 수립하고, 창의적인 크리에이티브를 기획하여 고객을 설득합니다. 효율적인 마케팅 구조를 설계하고 실행하여 매출 증대에 기여하며, 여러 뷰티 헬스 바이오 브랜드를 동시에 관리하는 업무를 수행합니다. 특히, 광고 집행을 넘어 데이터 분석을 통해 인사이트를 도출하고, 이를 바탕으로 전략적인 의사결정을 내리는 역할을 담당합니다. 다양한 채널의 퍼포먼스를 모니터링하고 최적화하며, A/B 테스트 등을 통해 마케팅 효율을 지속적으로 개선합니다. 궁극적으로는 본인의 직접적인 실행을 통해 브랜드의 성장을 견인하고 가시적인 성과를 창출하는 데 집중합니다.
인재상: 데이터 분석을 통해 가설을 수립하고, 창의적인 아이디어로 고객을 설득할 수 있는 인재를 찾습니다. 마케팅 구조를 이해하고 매출을 만들어내는 데 기여하며, 다양한 브랜드를 동시에 관리하며 직접적인 성과를 창출하고자 하는 열정을 가진 분을 우대합니다.",intern,internship_program,뷰티 헬스 바이오 브랜드 빌더 미오컴퍼니에서 데이터 기반의 퍼포먼스 마케팅을 통해 브랜드 성장을 이끌 인턴을 채용합니다.,[]
311771,주식회사 마이리얼트립,[AICX] Product Engineer (경력직 채용),EXPERIENCED,"AICX에 대해 알려드려요. AICX는 마이리얼트립의 자회사로, AI 기술을 통해 운영을 자동화하고 고객 경험의 새로운 기준을 만들어가는 조직입니다. 우리는 기술을 통해 더 빠르고 직관적인 고객 경험, 그리고 사람 중심의 운영 혁신을 만들어가고 있습니다. 함께 일하게 될 팀에 대해 알려드려요. AICX 프로덕트팀은 전화 상담, 티켓/항공권 처리, 파트너 관리 등 사람이 반복해오던 운영 업무를 기술로 자동화하고 AI로 대체하고 있습니다. 우리는 단순히 효율을 높이는 것을 넘어서, AI가 고객경험(CX) 자체를 어떻게 바꿀 수 있을지를 고민하고 실행하는 조직입니다. AICX의 Product Engineer는 이런 일을 해요. Product Engineer 인턴은 운영 현장의 반복적 문제를 정의하고, 기술로 해결하는 툴 웹서비스 AI 연동 기능을 직접 설계하고 개발하는 역할입니다. 스스로 문제를 발견하고 우선순위를 정해 임팩트를 만들어내는 주도적 역할이 필요합니다. 주요 업무: 챗봇, 콜봇, 백오피스 연동을 위한 코어 시스템 및 신규 기능 개발 AI 에이전트 및 RAG 파이프라인 구축과 프로덕션 레벨 고도화 실험적 AI 솔루션의 빠른 프로토타이핑 및 코어 프로덕트로의 확장 FDE로서 사내외 운영 현장의 문제를 AI 기술로 해결하는 AX 설계 및 실행 운영 현장의 반복적인 비효율을 파악하고, 이를 근본적으로 해결하는 맞춤형 자동화 툴 및 웹앱 개발 사내 운영팀과 고객의 실제 업무 워크플로우를 고려한 서비스 UX 설계 및 개선 개발한 솔루션의 비즈니스 임팩트를 분석하고, 데이터 기반으로 반복 개선 이런 역량이 있는 분을 찾고 있어요. 3년 이상의 백엔드 기반 Full Stack 개발 역량을 갖춘 분 Python 및 FastAPI 프레임워크를 활용한 실무 개발에 능숙한 분 LangChain, LangGraph 등 AI 생태계에 익숙하며, RAG 파이프라인 설계 및 최적화 경험이 있는 분 AI 및 자동화 도구를 적극적으로 활용하여 현장의 비즈니스 문제를 해결하는 데 익숙한 분 주어진 기획(스펙)을 넘어 직접 문제를 정의하고, 우선순위를 정해 실행부터 임팩트 검증까지 주도해 본 분 BI 도구나 SQL로 데이터를 추출하고 성과를 확인하는 데이터 기반 사고가 가능한 분 개발 직군 외에도 다양한 직군(운영, 기획 등)과 비즈니스 임팩트를 중심으로 원활하게 커뮤니케이션할 수 있는 분 우대사항 B2B 고객사 또는 내부 운영 조직과 직접 소통하며, 현장 맞춤형 솔루션을 설계하고 구축해 본 FDE 또는 기술 컨설팅 경험이 있는 분 React 등 프론트엔드 프레임워크를 활용한 개발 경험이 있는 분 업무 도메인에 맞춘 LLM 파인튜닝 경험이 있는 분 대용량 트래픽 처리 및 쿠버네티스 환경에서의 시스템 운영 경험이 있는 분 4명 이상의 팀을 리딩하거나 프로젝트의 Tech Lead 역할을 수행해 본 분 AWS 클라우드 환경, Git 기반 협업 및 Slack, Figma 등 모던 협업 도구 사용에 능숙하신 분 최신 AI 기술 트렌드에 깊은 관심이 있고, 이를 실무와 제품에 선도적으로 적용하시는 분 합류 여정 서류전형 1차 실무 면접(대면 또는 온라인) (필요 시 과제 전형) 2차 경영진 면접(대면 또는 온라인) 입사 1차 면접 이후 실무 능력(직무 적합성) 확인이 어렵다고 판단될 경우 과제 전형이 추가될 수 있습니다. 전형별 결과는 15일 이내 개별 안내합니다. 서류에서는 개발 실력뿐 아니라, AI를 활용해 문제를 해결하려는 태도와 실행력 , 그리고 그 결과를 실제로 측정해본 경험 을 중요하게 봅니다. 근무 조건 형태: 정규직 위치: 강남역 부근 (서울 서초구 강남대로 311 드림플러스 강남) 근무 형태: 주 5일 오피스 출근 급여: 경력 수준에 따른 처우 협의 복리후생 ㆍ 마이리얼트립 상품을 이용할 수 있는 포인트 연 100만 원 이상 지원 ㆍ 임직원 명절 선물 지급 ㆍ그 외 복리후생은 별도 사내 규정에 의하여 지원됩니다.",,[],software_dev,"[""data_ai_ml""]","[""Product Engineer"", ""AICX Product Engineer""]","[""Python"", ""FastAPI"", ""LangChain"", ""LangGraph"", ""RAG"", ""AI"", ""자동화 도구"", ""SQL"", ""BI 툴"", ""Full Stack 개발""]","[""FDE"", ""기술 컨설팅"", ""React"", ""LLM 파인튜닝"", ""대용량 트래픽 처리"", ""Kubernetes"", ""AWS"", ""Git"", ""Slack"", ""Figma""]",it_software,서울,mid_corp,office,"[""프로젝트""]","[""문제해결 능력"", ""실행력·업무처리 능력"", ""정보수집·분석 역량"", ""커뮤니케이션 역량"", ""창의·혁신 역량""]","AICX는 마이리얼트립의 자회사로, AI 기술을 활용하여 운영을 자동화하고 고객 경험의 새로운 기준을 만들어가는 조직입니다.","Product Engineer는 운영 현장의 반복적인 문제를 AI 기술로 정의하고 해결하며, 챗봇, 콜봇 등 AI 연동 기능을 직접 설계하고 개발하여 고객 경험을 혁신하고 운영 효율을 극대화하는 역할을 수행합니다.","챗봇, 콜봇, 백오피스 연동을 위한 코어 시스템 및 신규 기능을 개발합니다. AI 에이전트 및 RAG 파이프라인을 구축하고 프로덕션 레벨로 고도화하며, 실험적인 AI 솔루션을 빠르게 프로토타이핑하고 코어 프로덕트로 확장합니다. FDE로서 사내외 운영 현장의 문제를 AI 기술로 해결하는 AX를 설계하고 실행하며, 반복적인 비효율을 파악하여 맞춤형 자동화 툴 및 웹앱을 개발합니다. 사내 운영팀과 고객의 실제 업무 워크플로우를 고려한 서비스 UX를 설계하고 개선하며, 개발한 솔루션의 비즈니스 임팩트를 데이터 기반으로 분석하고 반복 개선합니다.","3년 이상의 백엔드 기반 Full Stack 개발 역량을 갖추고 Python 및 FastAPI 프레임워크 실무 개발에 능숙한 분을 찾습니다. LangChain, LangGraph 등 AI 생태계에 익숙하며 RAG 파이프라인 설계 및 최적화 경험이 필수적입니다. AI 및 자동화 도구를 적극 활용하여 비즈니스 문제를 해결하고, 주어진 기획을 넘어 직접 문제를 정의하고 실행부터 임팩트 검증까지 주도해 본 경험이 중요합니다. BI 도구나 SQL로 데이터를 추출하고 성과를 확인하는 데이터 기반 사고와 다양한 직군과의 원활한 커뮤니케이션 역량을 갖춰야 합니다. 우대사항으로는 B2B 고객사 또는 내부 운영 조직과 소통하며 솔루션을 구축한 FDE/기술 컨설팅 경험, React 등 프론트엔드 개발 경험, LLM 파인튜닝 경험, 대용량 트래픽 처리 및 Kubernetes 운영 경험, 팀 리딩 또는 Tech Lead 경험, AWS, Git, Slack, Figma 등 모던 협업 도구 사용 능숙도가 있습니다.","[""주도적"", ""실행력"", ""데이터 기반"", ""협업"", ""기술중심"", ""혁신""]","회사: AICX는 마이리얼트립의 자회사로, AI 기술을 활용하여 운영을 자동화하고 고객 경험의 새로운 기준을 만들어가는 조직입니다.
직무 목적: Product Engineer는 운영 현장의 반복적인 문제를 AI 기술로 정의하고 해결하며, 챗봇, 콜봇 등 AI 연동 기능을 직접 설계하고 개발하여 고객 경험을 혁신하고 운영 효율을 극대화하는 역할을 수행합니다.
주요 업무: 챗봇, 콜봇, 백오피스 연동을 위한 코어 시스템 및 신규 기능을 개발합니다. AI 에이전트 및 RAG 파이프라인을 구축하고 프로덕션 레벨로 고도화하며, 실험적인 AI 솔루션을 빠르게 프로토타이핑하고 코어 프로덕트로 확장합니다. FDE로서 사내외 운영 현장의 문제를 AI 기술로 해결하는 AX를 설계하고 실행하며, 반복적인 비효율을 파악하여 맞춤형 자동화 툴 및 웹앱을 개발합니다. 사내 운영팀과 고객의 실제 업무 워크플로우를 고려한 서비스 UX를 설계하고 개선하며, 개발한 솔루션의 비즈니스 임팩트를 데이터 기반으로 분석하고 반복 개선합니다.
인재상: 3년 이상의 백엔드 기반 Full Stack 개발 역량을 갖추고 Python 및 FastAPI 프레임워크 실무 개발에 능숙한 분을 찾습니다. LangChain, LangGraph 등 AI 생태계에 익숙하며 RAG 파이프라인 설계 및 최적화 경험이 필수적입니다. AI 및 자동화 도구를 적극 활용하여 비즈니스 문제를 해결하고, 주어진 기획을 넘어 직접 문제를 정의하고 실행부터 임팩트 검증까지 주도해 본 경험이 중요합니다. BI 도구나 SQL로 데이터를 추출하고 성과를 확인하는 데이터 기반 사고와 다양한 직군과의 원활한 커뮤니케이션 역량을 갖춰야 합니다. 우대사항으로는 B2B 고객사 또는 내부 운영 조직과 소통하며 솔루션을 구축한 FDE/기술 컨설팅 경험, React 등 프론트엔드 개발 경험, LLM 파인튜닝 경험, 대용량 트래픽 처리 및 Kubernetes 운영 경험, 팀 리딩 또는 Tech Lead 경험, AWS, Git, Slack, Figma 등 모던 협업 도구 사용 능숙도가 있습니다.",experienced,job_posting,마이리얼트립 자회사 AICX에서 AI 기술을 활용하여 고객 경험을 혁신하고 운영을 자동화할 경력직 Product Engineer를 채용합니다.,[]
311753,코레일네트웍스,[코레일네트웍스] 2026년도 상반기 공개채용,"NEW, CONTRACT","[코레일네트웍스] 2026년도 상반기 공개채용 [모집분야] - 공고 이미지 참조 [공통사항] 구분 / 세부내용 학력 성별 어학 나이 종교 등 제한 없음 * (응시연령) 채용공고일 기준 만 18세 이상, 정년 미만 (정년) 일반직: 만 60세, 영업직: 만 61세(단, 역무직과 주차직은 만 62세) 기타 코레일네트웍스 채용 결격사유(붙임5)에 해당되지 않는 자 최종합격자 발표일 이후부터 근무 가능한 자 [접수일정] -",,[],unknown,[],[],[],[],logistics_transport,unknown,public_org,unknown,[],[],"코레일네트웍스는 한국철도공사의 자회사로, 철도 관련 서비스 및 네트워크 운영을 담당하는 기업입니다.","회사의 전반적인 운영 및 서비스 제공을 위한 인력 확보를 목적으로 하며, 구체적인 직무는 공고 이미지를 통해 확인해야 합니다.","본 채용 공고에는 구체적인 주요 업무 내용이 명시되어 있지 않으며, 상세 내용은 공고 이미지를 참조해야 합니다.","학력, 성별, 어학, 나이, 종교 등에 제한 없이 지원 가능하며, 채용공고일 기준 만 18세 이상 정년 미만인 자를 대상으로 합니다. 코레일네트웍스 채용 결격사유에 해당하지 않고, 최종합격자 발표일 이후 즉시 근무 가능한 인재를 찾습니다.",[],"회사: 코레일네트웍스는 한국철도공사의 자회사로, 철도 관련 서비스 및 네트워크 운영을 담당하는 기업입니다.
직무 목적: 회사의 전반적인 운영 및 서비스 제공을 위한 인력 확보를 목적으로 하며, 구체적인 직무는 공고 이미지를 통해 확인해야 합니다.
주요 업무: 본 채용 공고에는 구체적인 주요 업무 내용이 명시되어 있지 않으며, 상세 내용은 공고 이미지를 참조해야 합니다.
인재상: 학력, 성별, 어학, 나이, 종교 등에 제한 없이 지원 가능하며, 채용공고일 기준 만 18세 이상 정년 미만인 자를 대상으로 합니다. 코레일네트웍스 채용 결격사유에 해당하지 않고, 최종합격자 발표일 이후 즉시 근무 가능한 인재를 찾습니다.",contract,job_posting,"코레일네트웍스의 2026년 상반기 공개채용으로, 학력, 성별 등 제한 없이 만 18세 이상 정년 미만인 자를 대상으로 하는 계약직 채용입니다.","[""low_signal""]"
311748,KB신용정보,[KB신용정보] 2026년 신입사원 채용,NEW,"[KB신용정보] 2026년 신입사원 채용 [모집분야] - 데이터분석 - IT개발 - 운영(인프라) [공통자격] 학력무관 남성의 경우 병역필 또는 면제자 당사 내규상 채용에 결격사유가 없는 자 해외여행에 결격사유가 없는 자 장애인, 국가유공(보훈) 우대 [근무조건] - 근무지 본사 및 지점(홈페이지 참조) - 급여 당사 내규 적용","운영(인프라) | 네트워크/서버/보안 | IT/인터넷 | CIO | 네트워크관리 | 네트워크엔지니어 | 보안 엔지니어 | 보안컨설팅 | 서버 개발자 | 시스템, 네트워크 관리자 | 시스템 네트워크 컨설팅 | 시스템운영 | 시스템프로그래머 | 정보보안 | 나의 소개를 간단히 서술해 주십시오. | 지원동기를 간단히 서술해 주십시오. | 개인의 보유역량 및 장점에 대하여 서술해 주십시오. | 자신의 전문성을 향상시키기 위해 어떤 노력을 하였으며, 입사 후 어떠한 각오로 업무에 임할지 기술해 주십시오. 필수 | IT 관련 보유기술(Java, C, DB 등), 연수, 학원, 학교, 회사 등 외부활동에서 수행한 프로젝트(과제) 경험 등을 상세히 기술해 주십시오. | 기타 채용과 관련하여 하고 싶은 말이 있으면 기술해 주십시오. | [KB신용정보] 2026년 신입사원 채용 | IT개발 | ERP/시스템개발/설계 | CTO | DevOps / 시스템 관리자 | 시스템엔지니어(SE) | 임베디드 개발자 | 블록체인 플랫폼 엔지니어 | 하드웨어 엔지니어 | 일반 데이터분석 | 설문/통계/리서치 | 전문/특수직 | DBA/데이터베이스 | 조사분석 | 통계 | 리서치 | 시장조사 | BI 엔지니어 | 데이터 엔지니어 | 파이썬 개발자",[],software_dev,"[""data_ai_ml"", ""infrastructure_eng""]","[""데이터분석"", ""IT개발"", ""운영(인프라)"", ""네트워크/서버/보안"", ""서버 개발자"", ""시스템, 네트워크 관리자"", ""정보보안"", ""데이터 엔지니어""]","[""Java"", ""C"", ""DB"", ""Python""]",[],finance_fintech,서울,large_corp,office,"[""프로젝트""]","[""학습·성장 역량"", ""실행력·업무처리 능력"", ""문제해결 능력""]","KB신용정보는 KB금융그룹의 계열사로, 신용정보 및 관련 IT 서비스를 제공하는 기업입니다.","이 직무는 KB신용정보의 IT 시스템 개발 및 운영, 인프라 관리, 그리고 데이터 분석을 통해 안정적이고 효율적인 신용정보 서비스를 제공하는 데 기여합니다.","IT 시스템을 개발하고 설계하며, ERP 및 다양한 시스템을 구축합니다. 네트워크, 서버, 보안 등 IT 인프라를 관리하고 운영하며, 시스템 안정성을 확보합니다. 또한, 데이터베이스를 관리하고 데이터를 분석하여 비즈니스 인사이트를 도출하며, 파이썬 등 프로그래밍 언어를 활용한 개발 업무를 수행합니다.","학력 무관하며, 병역필 또는 면제자로서 해외여행에 결격사유가 없어야 합니다. IT 관련 기술(Java, C, DB, Python 등)을 보유하고, 학교나 외부활동에서 IT 프로젝트 경험이 있는 분을 찾습니다. 자신의 전문성을 향상시키기 위해 꾸준히 노력하고, 입사 후 적극적인 자세로 업무에 임할 각오가 있는 인재를 우대합니다. 장애인 및 국가유공(보훈) 대상자는 우대합니다.",[],"회사: KB신용정보는 KB금융그룹의 계열사로, 신용정보 및 관련 IT 서비스를 제공하는 기업입니다.
직무 목적: 이 직무는 KB신용정보의 IT 시스템 개발 및 운영, 인프라 관리, 그리고 데이터 분석을 통해 안정적이고 효율적인 신용정보 서비스를 제공하는 데 기여합니다.
주요 업무: IT 시스템을 개발하고 설계하며, ERP 및 다양한 시스템을 구축합니다. 네트워크, 서버, 보안 등 IT 인프라를 관리하고 운영하며, 시스템 안정성을 확보합니다. 또한, 데이터베이스를 관리하고 데이터를 분석하여 비즈니스 인사이트를 도출하며, 파이썬 등 프로그래밍 언어를 활용한 개발 업무를 수행합니다.
인재상: 학력 무관하며, 병역필 또는 면제자로서 해외여행에 결격사유가 없어야 합니다. IT 관련 기술(Java, C, DB, Python 등)을 보유하고, 학교나 외부활동에서 IT 프로젝트 경험이 있는 분을 찾습니다. 자신의 전문성을 향상시키기 위해 꾸준히 노력하고, 입사 후 적극적인 자세로 업무에 임할 각오가 있는 인재를 우대합니다. 장애인 및 국가유공(보훈) 대상자는 우대합니다.",new,job_posting,"KB신용정보의 IT개발, 데이터분석, 인프라 운영 신입사원 채용으로, IT 기술 및 프로젝트 경험을 바탕으로 금융 IT 서비스에 기여할 인재를 찾습니다.",[]
311744,희성촉매,[희성촉매] [사무직] 연구개발(자동차/환경촉매) 담당자 채용,NEW,"[희성촉매] [사무직] 연구개발(자동차/환경촉매) 담당자 채용 주요 업무 환경 촉매 개발 탈질(DeNOx)촉매, VOC 산화촉매, 흡착제 등 기후 촉매 개발 PFC 분해 촉매, N2O 분해 촉매, CH4 산화 촉매 등 자동차 배기가스 정화용 촉매 개발 삼원촉매(TWC), GPF, DOC, SCR, AOC 등 기후/환경 촉매 시스템 개발, 자동차 배기가스 정화용 촉매 시스템 개발 고객 기술 지원 업무 필요 역량 문제 해결 중심의 연구 역량 : 창의적인 아이디어와 실험 데이터 기반으로 원인을 분석하고 개선 방향을 도출할 수 있는 인재 촉매 반응, 표면화학, 반응공학, 열역학 등에 대한 기초 이해 안전 및 품질 기준 준수, 책임감 있는 업무 수행 및 일정 관리 능력 자기 주도적 학습 및 성장 지향 인재(새로운 촉매 소재, 공정, 분석 기술을 적극적으로 학습하고 적용하려는 자세) 자격 요건 석사 이상 학위 소지자 전공 분야 : 불균일계 촉매 합성 및 반응 전공자(화학공학, 화학, 신소재 등 관련학과) 해외 여행에 결격 사유가 없는 분(남성의 경우 병역 필 또는 면제자) 토익 700점(또는 토익스피킹 130점, 오픽 IM) 이상 점수 보유자","연구개발(자동차/환경촉매) | 자동차 | 자동차/조선/기계 | 연구개발/설계 | 환경 | 화학/에너지/환경 | 자신을 한 줄로 PR해 주시기 바랍니다.. | 자신의 성장 과정 및 성격(강점/약점)에 대해 기술해 주시기 바랍니다. | 교내외 활동 및 특기 사항을 기술해 주시기 바랍니다. (관심 분야/봉사/수상 경력/해외 경험/취미/특기 등) | 팀을 구성해 공동의 목표를 추진해 본 경험에 대하여 기술해 주시기 바랍니다. (팀 내에서 자신의 역할, 팀원 간의 마찰 극복, 팀 활동의 결과 등) | 본인이 생각하는 고객의 정의와 고객을 상대하며 고객 만족을 위해 적극적으로 노력하였던 경험을 기술해 주시기 바랍니다. | 본인의 희망과 상이한 업무를 회사가 제의한다면 어떻게 행동할지 기술해 주시기 바랍니다. | 지원 동기 및 입사 후 포부(10년 후 나의 모습)를 기술해 주시기 바랍니다. | [희성촉매] [사무직] 연구개발(자동차/환경촉매) 담당자 채용",[],rnd,[],"[""연구개발(자동차/환경촉매)""]","[""토익 700점"", ""토익스피킹 130점"", ""오픽 IM"", ""불균일계 촉매 합성 및 반응"", ""화학공학"", ""화학"", ""신소재"", ""촉매 반응"", ""표면화학"", ""반응공학"", ""열역학""]",[],chemical_materials,unknown,large_corp,office,"[""프로젝트""]","[""문제해결 능력"", ""실행력·업무처리 능력"", ""학습·성장 역량""]","희성촉매는 희성그룹 계열사로, 자동차 및 환경 분야의 촉매를 연구하고 개발하는 기업입니다.",이 직무는 환경 보호와 자동차 성능 향상을 위한 촉매를 연구하고 개발하여 지속 가능한 미래에 기여하는 핵심적인 역할을 수행합니다.,"주요 업무는 탈질(DeNOx)촉매, VOC 산화촉매, 흡착제 등 다양한 환경 촉매를 개발하는 것입니다. 또한 PFC 분해 촉매, N2O 분해 촉매, CH4 산화 촉매와 같은 기후 촉매 개발에도 참여합니다. 자동차 배기가스 정화용으로 사용되는 삼원촉매(TWC), GPF, DOC, SCR, AOC 등의 촉매 개발도 중요한 업무입니다. 이러한 기후/환경 촉매 시스템 및 자동차 배기가스 정화용 촉매 시스템을 개발하고, 고객에게 필요한 기술 지원을 제공하는 역할도 수행합니다.","석사 이상의 학위를 소지하고 불균일계 촉매 합성 및 반응을 전공한 화학공학, 화학, 신소재 등 관련학과 졸업자를 찾습니다. 촉매 반응, 표면화학, 반응공학, 열역학에 대한 기초 이해를 바탕으로 창의적인 아이디어와 실험 데이터 기반의 문제 해결 중심 연구 역량을 갖춰야 합니다. 안전 및 품질 기준을 준수하며 책임감 있는 업무 수행과 일정 관리 능력이 중요하며, 새로운 촉매 소재, 공정, 분석 기술을 적극적으로 학습하고 적용하려는 자기 주도적 학습 및 성장 지향적인 인재를 선호합니다. 해외 여행에 결격 사유가 없어야 하며, 토익 700점 또는 이에 준하는 어학 성적을 보유해야 합니다.","[""안전"", ""품질"", ""책임감"", ""성장지향""]","회사: 희성촉매는 희성그룹 계열사로, 자동차 및 환경 분야의 촉매를 연구하고 개발하는 기업입니다.
직무 목적: 이 직무는 환경 보호와 자동차 성능 향상을 위한 촉매를 연구하고 개발하여 지속 가능한 미래에 기여하는 핵심적인 역할을 수행합니다.
주요 업무: 주요 업무는 탈질(DeNOx)촉매, VOC 산화촉매, 흡착제 등 다양한 환경 촉매를 개발하는 것입니다. 또한 PFC 분해 촉매, N2O 분해 촉매, CH4 산화 촉매와 같은 기후 촉매 개발에도 참여합니다. 자동차 배기가스 정화용으로 사용되는 삼원촉매(TWC), GPF, DOC, SCR, AOC 등의 촉매 개발도 중요한 업무입니다. 이러한 기후/환경 촉매 시스템 및 자동차 배기가스 정화용 촉매 시스템을 개발하고, 고객에게 필요한 기술 지원을 제공하는 역할도 수행합니다.
인재상: 석사 이상의 학위를 소지하고 불균일계 촉매 합성 및 반응을 전공한 화학공학, 화학, 신소재 등 관련학과 졸업자를 찾습니다. 촉매 반응, 표면화학, 반응공학, 열역학에 대한 기초 이해를 바탕으로 창의적인 아이디어와 실험 데이터 기반의 문제 해결 중심 연구 역량을 갖춰야 합니다. 안전 및 품질 기준을 준수하며 책임감 있는 업무 수행과 일정 관리 능력이 중요하며, 새로운 촉매 소재, 공정, 분석 기술을 적극적으로 학습하고 적용하려는 자기 주도적 학습 및 성장 지향적인 인재를 선호합니다. 해외 여행에 결격 사유가 없어야 하며, 토익 700점 또는 이에 준하는 어학 성적을 보유해야 합니다.",new,job_posting,희성촉매에서 자동차 및 환경 촉매 연구개발을 담당할 석사 이상 학위 소지자를 채용합니다.,[]
311743,PHA Alabama,[미국인턴/앨라배마] 현대기아차 1차 협력 기업 - 품질관리 인턴 채용,INTERN,"[미국인턴/앨라배마] 현대기아차 1차 협력 기업 - 품질관리 인턴 채용 ~ 채용 시 마감 모집부문 및 상세내용 모집 부문 상세내용 품질관리 인턴 PHA Alabama는 현대기아자동차 1st Teir인 피에이치에이의 북미법인입니다. 자동차용 DOOR MOVING SYSTEM을 전문 제조하는 업체이며, 현대자동차(주), 기아자동차(주) 등에 제품을 공급하고 있습니다. 주력 제품은 DOOR MODULE, LATCH, HINGE, STRIKER 등이며, 국내 11개, 해외 15개의 관계사가 있으며 피에이치에이(주) 와 (주)에이에스티가 한국법인입니다. 담당업무 1. 일일 측정 업무 수행 2. 데이터 관리 3. 불량 부품 검사 및 선별 업무 (필요 시 수행) 채용형태 - 인턴 12개월 자격조건 - 신입 - 기계/자동차/산업공학 등 유관 공학 계열 전공자 - 졸업예정자 지원 가능(3학년 이상) - 미국 근무 환경에서 새로운 것을 배우는 데 적극적이며, 영어 의사소통이 가능한 자 - MS Office(Word, Excel, Outlook 등) 활용 능숙자 - 6시그마(6 Sigma) 관련 지식 또는 경험 우대 - 품질관리(Quality Control) 경험 우대 근무조건 고용형태 : 인턴직 12개월 (정규직 전환 가능 가능), 해외취업 급여 : $60,000/year (한화 약 8,700만원 내외, 환율에 따라 상이) 추가혜택 : 중식비 별도 지원, 업무 평가에 따라 E2&영주권 스폰, 회사 내규에 따라 병가/연차 제공 근무지 : 미국 앨라배마주 채용절차 1. 지원/접수 2. 채용대행 에이전시(ICN Group) 통해 서류 검토, J-1 Visa 발급요건 부합여부 확인 3. 기업 인터뷰 (화상 Zoom으로 통해 진행) 4. 합격자, 미국 스폰서기관 인터뷰 (회사-지원자 간의 보증을 해주는 미국 국무성 지정 기관) 5. 주한미국대사관 인터뷰 6. 출국/출근 접수문의 아이씨엔그룹(주)는 미국인턴 전문 에이전시입니다. 파견직이 아닌 해당기업 미국현지법인 직접고용으로 근무하게 됩니다. J-1비자로 입사하며 비자발급비용은 지원자 개인부담입니다. 지원문의 : (유선) (메일) (카카오톡) t (신청서 제출 : ) 또는 링커리어 간편 지원 시스템을 활용해 주세요. 대학생 대외활동 공모전 채용 사이트 링커리어 자격요건 학력 대학졸업(4년) 이상(졸업예정자 가능) 근무조건 급여 연봉 8700만원 ~ 8700만원 근무시간 면접 후 결정 근무지역 해외 (미국) ~ 채용 시 마감",,"[""http://pf.kakao.com/_RBmwj/cha"", ""https://forms.gle/TVkc8knomHkrfrXq9"", ""https://linkareer.com/""]",quality,[],"[""품질관리 인턴""]","[""MS Office"", ""Word"", ""Excel"", ""Outlook"", ""영어""]","[""6시그마"", ""품질관리""]",automotive,미국 앨라배마,mid_corp,office,"[""프로젝트""]","[""학습·성장 역량"", ""커뮤니케이션 역량""]","PHA Alabama는 현대기아자동차의 1차 협력사인 피에이치에이의 북미법인으로, 자동차용 DOOR MOVING SYSTEM을 전문적으로 제조하며 현대자동차와 기아자동차에 제품을 공급하고 있습니다.","자동차 부품의 품질을 관리하고 개선하여 생산 공정의 효율성을 높이며, 데이터 관리 및 불량 부품 검사를 통해 제품의 신뢰성을 확보하는 데 기여합니다.",일일 측정 업무를 체계적으로 수행하고 관련 데이터를 정확하게 관리합니다. 필요 시 불량 부품을 면밀히 검사하고 선별하는 업무를 담당하여 제품 품질 기준을 충족시킵니다.,"기계, 자동차, 산업공학 등 유관 공학 계열 전공자로 졸업예정자(3학년 이상) 또는 신입 지원이 가능합니다. 미국 근무 환경에서 새로운 것을 배우는 데 적극적이며, 영어 의사소통이 원활해야 합니다. MS Office 활용 능력이 능숙해야 하며, 6시그마 관련 지식이나 품질관리 경험이 있다면 우대됩니다.","[""학습"", ""성장""]","회사: PHA Alabama는 현대기아자동차의 1차 협력사인 피에이치에이의 북미법인으로, 자동차용 DOOR MOVING SYSTEM을 전문적으로 제조하며 현대자동차와 기아자동차에 제품을 공급하고 있습니다.
직무 목적: 자동차 부품의 품질을 관리하고 개선하여 생산 공정의 효율성을 높이며, 데이터 관리 및 불량 부품 검사를 통해 제품의 신뢰성을 확보하는 데 기여합니다.
주요 업무: 일일 측정 업무를 체계적으로 수행하고 관련 데이터를 정확하게 관리합니다. 필요 시 불량 부품을 면밀히 검사하고 선별하는 업무를 담당하여 제품 품질 기준을 충족시킵니다.
인재상: 기계, 자동차, 산업공학 등 유관 공학 계열 전공자로 졸업예정자(3학년 이상) 또는 신입 지원이 가능합니다. 미국 근무 환경에서 새로운 것을 배우는 데 적극적이며, 영어 의사소통이 원활해야 합니다. MS Office 활용 능력이 능숙해야 하며, 6시그마 관련 지식이나 품질관리 경험이 있다면 우대됩니다.",intern,internship_program,현대기아차 1차 협력사인 PHA Alabama에서 자동차 부품 품질관리 인턴을 채용합니다.,[]
311741,한화생명보험,[한화생명보험] T&D팀 '교육 영상콘텐츠 개발' 경력채용 (대리~과장),CONTRACT,"[한화생명보험] T&D팀 '교육 영상콘텐츠 개발' 경력채용 (대리~과장) 직무개요 영업관리자/FP 대상 교육 커리큘럼 기획 및 개발 집합 교육 과정 강의/운영/관리 온라인/랜선 과정 강의 기획 및 교육용 영상콘텐츠 제작 주요 역할 및 책임 영업관리자/FP 대상 교육 커리큘럼 기획 및 개발 - 영업관리자: 관리자 후보자 교육, 영업조직 운영 역량 강화 교육 - FP: 상품, VIP마케팅, 판매프로세스, 재무/보장/세무설계, 고객관리 집합 교육 과정 강의/운영/관리 - 정기/비정기 집합교육 과정 전문 분야별 강의 및 운영 - 교육자료 제작 및 업데이트, 교육 참가자 학습 지원 및 피드백 - 교육프로그램의 효과성 평가 및 참가자 성과 측정 온라인/랜선 교육 콘텐츠 기획 및 제작 - 집합교육과 연계된 온라인 학습 콘텐츠 기획 및 제작 우대사항 보험/금융관련 자격(AFPK/CFP/CPA/세무사) 보유자 우대 Office 프로그램(PPT, EXCEL) 활용 능력 보유 우대 미디어콘텐츠 제작 Tool(프리미어/애프터이펙트)활용 능력 보유 우대",교육 영상콘텐츠 개발 | 일반영업 | 영업/고객상담 | 컨텐츠제작 | 콘텐츠/사이트운영 | IT/인터넷 | 콘텐츠기획/운영 | 기획/전략/경영 | 경영/사무 | 지원동기 (300자 이상 1000자 이내) | 경력기술(경력목표 포함) (300자 이상 1000자 이내) | 입사 후 기여방안 (300자 이상 1000자 이내) | [한화생명보험] T&D팀 '교육 영상콘텐츠 개발' 경력채용 (대리~과장),[],education,"[""marketing"", ""planning_strategy""]","[""교육 영상콘텐츠 개발""]",[],"[""AFPK"", ""CFP"", ""CPA"", ""세무사"", ""PPT"", ""EXCEL"", ""프리미어"", ""애프터이펙트""]",finance_insurance,unknown,large_corp,unknown,"[""프로젝트""]","[""전략·기획 역량"", ""실행력·업무처리 능력"", ""커뮤니케이션 역량""]","한화생명보험은 국내 주요 생명보험사 중 하나로, 고객의 삶을 위한 다양한 보험 상품과 서비스를 제공합니다.","영업관리자와 FP(재무설계사)의 역량 강화를 위해 교육 커리큘럼을 기획하고, 효과적인 교육용 영상 콘텐츠를 개발하여 교육 프로그램을 운영하는 것이 이 직무의 목적입니다.","영업관리자와 FP를 대상으로 교육 커리큘럼을 기획하고 개발합니다. 구체적으로 관리자 후보자 교육 및 영업조직 운영 역량 강화 교육을 담당하며, FP에게는 상품, VIP 마케팅, 판매 프로세스, 재무/보장/세무 설계, 고객 관리 등 전문 분야 교육을 제공합니다. 정기 및 비정기 집합 교육 과정을 전문적으로 강의하고 운영하며, 교육자료 제작 및 업데이트, 참가자 학습 지원 및 피드백을 수행합니다. 또한 교육 프로그램의 효과성을 평가하고 참가자 성과를 측정하며, 집합 교육과 연계된 온라인 학습 콘텐츠를 기획하고 제작합니다.","보험/금융 관련 자격증(AFPK, CFP, CPA, 세무사 등)을 보유한 분을 우대합니다. Office 프로그램(PPT, EXCEL) 활용 능력이 뛰어나고, 프리미어, 애프터이펙트 등 미디어 콘텐츠 제작 툴 활용 능력을 갖춘 분을 찾습니다. 교육 커리큘럼 기획 및 개발, 교육 운영 및 강의 경험이 있는 분을 선호합니다.",[],"회사: 한화생명보험은 국내 주요 생명보험사 중 하나로, 고객의 삶을 위한 다양한 보험 상품과 서비스를 제공합니다.
직무 목적: 영업관리자와 FP(재무설계사)의 역량 강화를 위해 교육 커리큘럼을 기획하고, 효과적인 교육용 영상 콘텐츠를 개발하여 교육 프로그램을 운영하는 것이 이 직무의 목적입니다.
주요 업무: 영업관리자와 FP를 대상으로 교육 커리큘럼을 기획하고 개발합니다. 구체적으로 관리자 후보자 교육 및 영업조직 운영 역량 강화 교육을 담당하며, FP에게는 상품, VIP 마케팅, 판매 프로세스, 재무/보장/세무 설계, 고객 관리 등 전문 분야 교육을 제공합니다. 정기 및 비정기 집합 교육 과정을 전문적으로 강의하고 운영하며, 교육자료 제작 및 업데이트, 참가자 학습 지원 및 피드백을 수행합니다. 또한 교육 프로그램의 효과성을 평가하고 참가자 성과를 측정하며, 집합 교육과 연계된 온라인 학습 콘텐츠를 기획하고 제작합니다.
인재상: 보험/금융 관련 자격증(AFPK, CFP, CPA, 세무사 등)을 보유한 분을 우대합니다. Office 프로그램(PPT, EXCEL) 활용 능력이 뛰어나고, 프리미어, 애프터이펙트 등 미디어 콘텐츠 제작 툴 활용 능력을 갖춘 분을 찾습니다. 교육 커리큘럼 기획 및 개발, 교육 운영 및 강의 경험이 있는 분을 선호합니다.",experienced,job_posting,한화생명보험 T&D팀에서 영업관리자 및 FP 대상 교육 커리큘럼 기획 및 영상 콘텐츠 개발을 담당할 경력직을 채용합니다.,[]
311739,발효문화 주식회사,브랜드 숏폼 영상 편집 크리에이터 (인스타그램 릴스)_파트너 구인,CONTRACT,"브랜딩을 함께 만들어갈 감각 있는 릴스제작 가능자를 찾습니다 . 브랜드의 무드를 이해하며 , 힙하고 창의적인 감성으로 콘텐츠를 완성할 수 있는 분을 기다립니다 . 주요 업무 인스타그램 릴스 편집 및 컨텐츠 업로드 : 이미 촬영된 일상과 작업물을 세련된 릴스로 편집 , 연출 ( 사진촬영 필요없음 ) 계정 톤앤무드 디렉팅 : 전체적인 피드 레이아웃 및 분위기 관리 네트워킹 : 브랜드 대표와의 직접적인 협업 및 다양한 협업 기회 참고 릴스 : ( 제작 희망 릴스 분위기 참고용 ) : 기업정보 : ( 주 ) 발효문화주식회사 ( 서울 용산구 사무실 , 용산구청 옆 ) 지원경로 : 혹은 으로 릴스 제작 / 편집 관련 간단한 이력과 연락처 및 기타 어필사항 기재하여 연락주시면 감사하겠습니다 . 근무 형태 : 파트타임 / 아르바이트 ( 재택 / 원격 가능 ) / 잘하시는 일 하면 급여도 제공되는 파트타임이라 생각하시고 편하게 지원해주셨으면 좋겠습니다 . 많은 지원 부탁드립니다 .",,"[""https://www.instagram.com/p/DU0c4QzCBvM/"", ""https://www.instagram.com/p/DSFCVbYklzI/"", ""https://www.instagram.com/p/DUlTU2LCMVs/"", ""https://www.instagram.com/p/DWIWbGhEVnd/""]",marketing,[],"[""브랜드 숏폼 영상 편집 크리에이터"", ""인스타그램 릴스 제작""]","[""영상 편집"", ""인스타그램 릴스 제작"", ""콘텐츠 업로드""]","[""창의적인 감성"", ""브랜드 무드 이해""]",food_beverage,서울,startup,flexible,"[""프로젝트""]","[""창의·혁신 역량"", ""커뮤니케이션 역량"", ""협업·팀워크""]","발효문화 주식회사는 발효 관련 제품 또는 문화를 다루는 브랜드를 운영하며, 인스타그램 릴스를 통해 브랜드 인지도를 높이고자 합니다.",브랜드의 무드를 이해하고 힙하고 창의적인 감성으로 인스타그램 릴스 콘텐츠를 제작하여 브랜드 이미지를 강화하고 고객과의 소통을 확대하는 데 기여합니다.,"주요 업무는 이미 촬영된 일상과 작업물을 세련된 릴스로 편집하고 연출하여 인스타그램에 업로드하는 것입니다. 또한, 전체적인 피드 레이아웃과 분위기를 관리하며 계정의 톤앤무드를 디렉팅합니다. 브랜드 대표와 직접 협업하며 다양한 협업 기회를 통해 콘텐츠를 발전시킵니다.","브랜드의 무드를 깊이 이해하고 힙하고 창의적인 감성으로 콘텐츠를 완성할 수 있는 분을 찾습니다. 인스타그램 릴스 제작 및 편집 경험이 필수적이며, 세련된 영상 연출 능력을 갖춰야 합니다. 브랜드 대표와의 원활한 협업을 위한 커뮤니케이션 역량도 중요합니다.","[""창의적"", ""협업"", ""자율"", ""감각적""]","회사: 발효문화 주식회사는 발효 관련 제품 또는 문화를 다루는 브랜드를 운영하며, 인스타그램 릴스를 통해 브랜드 인지도를 높이고자 합니다.
직무 목적: 브랜드의 무드를 이해하고 힙하고 창의적인 감성으로 인스타그램 릴스 콘텐츠를 제작하여 브랜드 이미지를 강화하고 고객과의 소통을 확대하는 데 기여합니다.
주요 업무: 주요 업무는 이미 촬영된 일상과 작업물을 세련된 릴스로 편집하고 연출하여 인스타그램에 업로드하는 것입니다. 또한, 전체적인 피드 레이아웃과 분위기를 관리하며 계정의 톤앤무드를 디렉팅합니다. 브랜드 대표와 직접 협업하며 다양한 협업 기회를 통해 콘텐츠를 발전시킵니다.
인재상: 브랜드의 무드를 깊이 이해하고 힙하고 창의적인 감성으로 콘텐츠를 완성할 수 있는 분을 찾습니다. 인스타그램 릴스 제작 및 편집 경험이 필수적이며, 세련된 영상 연출 능력을 갖춰야 합니다. 브랜드 대표와의 원활한 협업을 위한 커뮤니케이션 역량도 중요합니다.",contract,job_posting,발효문화 주식회사의 인스타그램 릴스 콘텐츠를 기획하고 편집하여 브랜드 이미지를 강화할 감각 있는 크리에이터를 찾습니다.,[]
311734,LG이노텍,"[LG이노텍] [패키지솔루션] 신입사원 채용(개발/생산기술, 품질, 생산관리/SCM)",NEW,"[LG이노텍] [패키지솔루션] 신입사원 채용(개발/생산기술, 품질, 생산관리/SCM) [모집분야] - 개발/생산기술 - 품질 - SCM, 생산관리 [공통 지원자격] - 해외여행에 결격사유가 없는 자로, 남자의 경우 병역필 또는 면제자 - 각 모집분야 상세내역 내 필수 자격요건 참고 - 4년제 학사 이상 학위 소지자 (모집분야별 학사/석사/박사 학위 취득자) - 기졸업자 또는 '26년 8월 졸업예정자 중 '26년 6월초 입사 가능자 [","생산관리/SCM | 생산관리 | 생산관리/공정관리/품질관리 | 생산/제조 | LG이노텍에 지원한 이유와 지원분야를 선택한 이유를 구체적으로 기술해주세요 | 지원 분야를 위해 '노력한 내용(전공, 경험 등)'과 이를 통해 '확보된 역량'을 구체적으로 기술해주세요. | LG이노텍 입사 후 이루고 싶은 성과 및 꿈은 무엇인지 기술해 주십시오 | [LG이노텍] [패키지솔루션] 신입사원 채용(개발/생산기술, 품질, 생산관리/SCM) | 품질 | 공정/품질/테스트 | 전기/전자/제어 | 연구개발/설계 | 품질관리 | 개발/생산기술 | 반도체 | 반도체/디스플레이 | 생산 | 생산/제조/설비/조립",[],logistics_scm,"[""quality"", ""manufacturing""]","[""개발/생산기술"", ""품질"", ""SCM"", ""생산관리""]",[],[],semiconductor,unknown,large_corp,unknown,"[""프로젝트"", ""학부연구생""]","[""학습·성장 역량"", ""실행력·업무처리 능력""]","LG이노텍은 전자부품 제조 기업으로, 패키지솔루션 및 반도체 분야에서 핵심 사업을 영위하고 있습니다.","패키지솔루션 및 반도체 분야에서 개발, 생산기술, 품질 관리, SCM 및 생산 관리를 담당하여 제품의 경쟁력을 확보하고 효율적인 생산 시스템을 구축하는 것이 목표입니다.","이 포지션은 패키지솔루션 사업부에서 개발 및 생산기술 업무를 수행하며, 제품의 설계부터 양산까지 전 과정에 걸쳐 기술적 지원을 제공합니다. 또한, 제품의 품질을 관리하고 개선하며, 공급망 관리(SCM) 및 생산 계획 수립을 통해 효율적인 생산 운영을 담당합니다. 반도체 및 디스플레이 관련 공정 관리와 품질 테스트를 수행하여 제품의 완성도를 높이는 역할을 합니다.","해외여행에 결격사유가 없으며, 남자의 경우 병역을 필하거나 면제된 자여야 합니다. 4년제 학사 이상의 학위를 소지한 기졸업자 또는 2026년 8월 졸업예정자 중 2026년 6월 초 입사 가능한 인재를 찾습니다. 지원 분야에 대한 전공 지식과 관련 경험을 통해 확보된 역량을 구체적으로 제시할 수 있어야 하며, LG이노텍 입사 후 이루고 싶은 성과 및 꿈을 명확히 기술할 수 있는 분을 선호합니다.",[],"회사: LG이노텍은 전자부품 제조 기업으로, 패키지솔루션 및 반도체 분야에서 핵심 사업을 영위하고 있습니다.
직무 목적: 패키지솔루션 및 반도체 분야에서 개발, 생산기술, 품질 관리, SCM 및 생산 관리를 담당하여 제품의 경쟁력을 확보하고 효율적인 생산 시스템을 구축하는 것이 목표입니다.
주요 업무: 이 포지션은 패키지솔루션 사업부에서 개발 및 생산기술 업무를 수행하며, 제품의 설계부터 양산까지 전 과정에 걸쳐 기술적 지원을 제공합니다. 또한, 제품의 품질을 관리하고 개선하며, 공급망 관리(SCM) 및 생산 계획 수립을 통해 효율적인 생산 운영을 담당합니다. 반도체 및 디스플레이 관련 공정 관리와 품질 테스트를 수행하여 제품의 완성도를 높이는 역할을 합니다.
인재상: 해외여행에 결격사유가 없으며, 남자의 경우 병역을 필하거나 면제된 자여야 합니다. 4년제 학사 이상의 학위를 소지한 기졸업자 또는 2026년 8월 졸업예정자 중 2026년 6월 초 입사 가능한 인재를 찾습니다. 지원 분야에 대한 전공 지식과 관련 경험을 통해 확보된 역량을 구체적으로 제시할 수 있어야 하며, LG이노텍 입사 후 이루고 싶은 성과 및 꿈을 명확히 기술할 수 있는 분을 선호합니다.",new,job_posting,"LG이노텍 패키지솔루션 사업부에서 개발/생산기술, 품질, SCM/생산관리 신입사원을 채용합니다.","[""low_signal""]"
311730,한화생명보험,[한화생명보험] T&D팀 '컴퓨터 그래픽 디자인 및 콘텐츠 개발' 경력채용 (대리~과장),CONTRACT,"[한화생명보험] T&D팀 '컴퓨터 그래픽 디자인 및 콘텐츠 개발' 경력채용 (대리~과장) 직무개요 보험상품과 금융서비스를 고객과 영업현장이 쉽게 이해할 수 있도록 콘텐츠를 기획/제작하고, 시각적 표현을 통해 전달력을 높이는 역할 담당 주요역할 및 책임 - 영업관리자 및 FP 대상 교육 콘텐츠 제작 : 상품컨설팅, VIP마케팅, 판매프로세스, 고객관리 관련 교육용 - 온라인/랜선 교육 콘텐츠 기획 및 제작 : 집합교육과 연계된 온라인 학습 콘텐츠 포함 - 사내 커뮤니케이션 증대를 위한 콘텐츠 기획 및 제작 : 프리미어, 애프터이펙트 등 활용한 사내 홍보성 SPOT 영상 제작 우대사항 - 보험/금융관련 자격(AFPK/CFP/CPA/세무사 등) 보유자 우대 - 유튜브/블로그/인스타 등 SNS 운영 유경험자 우대 - 보험상품판매 홈쇼핑 방송 콘텐츠 제작 유경험자 우대",T&D팀 '컴퓨터 그래픽 디자인 및 콘텐츠 개발' | 콘텐츠/사이트운영 | IT/인터넷 | 광고/시각디자인 | 디자인 | 그래픽디자인/CG | e-러닝운영 | 게시판관리 | 사이트운영 | 쇼핑몰 오픈마켓 | 카페 블로그관리 | 컨텐츠운영 | 컨텐츠제작 | 시각디자인 | 광고디자인 | 디지털디자인 | 영상디자인 | 포스터디자인 | 그래픽디자인 | 3D | CG | 지원동기 (300자 이상 1000자 이내) | 경력기술(경력목표 포함) (300자 이상 1000자 이내) | 입사 후 기여방안 (300자 이상 1000자 이내) | [한화생명보험] T&D팀 '컴퓨터 그래픽 디자인 및 콘텐츠 개발' 경력채용 (대리~과장),[],design,"[""marketing""]","[""컴퓨터 그래픽 디자인 및 콘텐츠 개발""]","[""프리미어"", ""애프터이펙트""]","[""AFPK"", ""CFP"", ""CPA"", ""세무사"", ""유튜브"", ""블로그"", ""인스타""]",finance_insurance,unknown,large_corp,unknown,"[""프로젝트""]","[""커뮤니케이션 역량"", ""창의·혁신 역량""]",한화생명보험은 보험상품과 금융서비스를 제공하는 국내 주요 생명보험사입니다.,고객과 영업현장이 보험상품 및 금융서비스를 쉽게 이해할 수 있도록 시각적 콘텐츠를 기획하고 제작하여 정보 전달력을 높이는 것이 이 직무의 목적입니다.,"영업관리자 및 FP를 대상으로 보험상품 컨설팅, VIP 마케팅, 판매 프로세스, 고객 관리 등 다양한 주제의 교육 콘텐츠를 제작합니다. 또한, 집합교육과 연계된 온라인 및 랜선 교육 콘텐츠를 기획하고 개발하며, 프리미어, 애프터이펙트 등의 툴을 활용하여 사내 커뮤니케이션 증대를 위한 홍보성 SPOT 영상을 제작하는 업무를 수행합니다.","보험상품과 금융서비스를 시각적으로 효과적으로 전달할 수 있는 컴퓨터 그래픽 디자인 및 콘텐츠 개발 경력자를 찾습니다. 프리미어, 애프터이펙트 등 영상 편집 툴 활용 능력이 필수적이며, 보험/금융 관련 자격증(AFPK, CFP, CPA, 세무사 등) 보유자를 우대합니다. 유튜브, 블로그, 인스타그램 등 SNS 운영 경험과 보험상품판매 홈쇼핑 방송 콘텐츠 제작 경험이 있는 분을 선호합니다.",[],"회사: 한화생명보험은 보험상품과 금융서비스를 제공하는 국내 주요 생명보험사입니다.
직무 목적: 고객과 영업현장이 보험상품 및 금융서비스를 쉽게 이해할 수 있도록 시각적 콘텐츠를 기획하고 제작하여 정보 전달력을 높이는 것이 이 직무의 목적입니다.
주요 업무: 영업관리자 및 FP를 대상으로 보험상품 컨설팅, VIP 마케팅, 판매 프로세스, 고객 관리 등 다양한 주제의 교육 콘텐츠를 제작합니다. 또한, 집합교육과 연계된 온라인 및 랜선 교육 콘텐츠를 기획하고 개발하며, 프리미어, 애프터이펙트 등의 툴을 활용하여 사내 커뮤니케이션 증대를 위한 홍보성 SPOT 영상을 제작하는 업무를 수행합니다.
인재상: 보험상품과 금융서비스를 시각적으로 효과적으로 전달할 수 있는 컴퓨터 그래픽 디자인 및 콘텐츠 개발 경력자를 찾습니다. 프리미어, 애프터이펙트 등 영상 편집 툴 활용 능력이 필수적이며, 보험/금융 관련 자격증(AFPK, CFP, CPA, 세무사 등) 보유자를 우대합니다. 유튜브, 블로그, 인스타그램 등 SNS 운영 경험과 보험상품판매 홈쇼핑 방송 콘텐츠 제작 경험이 있는 분을 선호합니다.",experienced,job_posting,한화생명보험 T&D팀에서 보험/금융 콘텐츠를 기획하고 시각적으로 제작할 컴퓨터 그래픽 디자인 및 콘텐츠 개발 경력자를 채용합니다.,[]
311728,(주)인코스파트너스,[인코스파트너스] CJENM 플랫폼 운영지원 사무보조 채용 (커머스부문 / 식사제공),CONTRACT,"[CJENM 커머스 부문 / 식사 제공] 플랫폼 운영지원 사무보조 채용 1. 모집부문 모집분야 : 사무보조 담당업무 : - 유튜브 플랫폼 운영 지원 - 실적 관리 지원 및 영업 지원 - 기타 운영 지원 업무 자격요건 : - 기본적인 PC 활용 역량 - 꼼꼼한 업무처리 역량 2. 근무조건 근무기간 : 6개월 ~ 1년 근무요일 : 월 ~ 금 / 주 5일 근무시간 : 09 : 00 ~ 18 : 00 / 휴게시간 60분 복리후생 : 국민연금, 고용보험, 산재보험, 건강보험, 연차, 중식 제공, 통근버스 운행 3. 지원 조건 : 성별 무관 / 연령 무관 / 학력 무관 4. 지원, 이메일 지원 5. 담당자 정보 담당자 : 김승태 과장 전화번호 : 이메일 :",,[],management_support,[],"[""사무보조"", ""플랫폼 운영지원 사무보조""]",[],[],media_entertainment,unknown,large_corp,office,[],"[""실행력·업무처리 능력""]",(주)인코스파트너스는 CJENM의 플랫폼 운영을 지원하는 파트너사입니다. CJENM은 미디어 및 커머스 사업을 영위하는 대기업입니다.,이 직무는 CJENM 커머스 부문의 유튜브 플랫폼 운영과 실적 및 영업 지원을 통해 부서의 효율적인 업무 수행을 돕기 위해 필요합니다.,"유튜브 플랫폼 운영을 지원하며, 실적 관리 및 영업 지원 업무를 수행합니다. 또한, 기타 운영 지원 업무를 담당하여 CJENM 커머스 부문의 전반적인 운영 효율성을 높이는 데 기여합니다.","기본적인 PC 활용 능력을 갖추고 꼼꼼하게 업무를 처리할 수 있는 분을 찾습니다. 성별, 연령, 학력에 제한 없이 지원 가능하며, 6개월에서 1년 동안 CJENM 커머스 부문에서 플랫폼 운영 지원 업무를 수행할 인재를 환영합니다.",[],"회사: (주)인코스파트너스는 CJENM의 플랫폼 운영을 지원하는 파트너사입니다. CJENM은 미디어 및 커머스 사업을 영위하는 대기업입니다.
직무 목적: 이 직무는 CJENM 커머스 부문의 유튜브 플랫폼 운영과 실적 및 영업 지원을 통해 부서의 효율적인 업무 수행을 돕기 위해 필요합니다.
주요 업무: 유튜브 플랫폼 운영을 지원하며, 실적 관리 및 영업 지원 업무를 수행합니다. 또한, 기타 운영 지원 업무를 담당하여 CJENM 커머스 부문의 전반적인 운영 효율성을 높이는 데 기여합니다.
인재상: 기본적인 PC 활용 능력을 갖추고 꼼꼼하게 업무를 처리할 수 있는 분을 찾습니다. 성별, 연령, 학력에 제한 없이 지원 가능하며, 6개월에서 1년 동안 CJENM 커머스 부문에서 플랫폼 운영 지원 업무를 수행할 인재를 환영합니다.",contract,job_posting,CJENM 커머스 부문 유튜브 플랫폼 운영 및 실적 관리 지원 사무보조 채용.,[]
311727,SK오션플랜트,[SK오션플랜트] 홍보 담당 구성원 모집(신입/경력),"NEW, EXPERIENCED","[SK오션플랜트] 홍보 담당 구성원 모집(신입/경력) [담당 업무 및 역할] - 대내외 Conmmunication (브랜드 홍보/PR) - 동영상 등 대내외 미디어 콘텐츠 제작/관리 - 홈페이지 콘텐츠 제작/관리 - CI 제작물 및 대내외 홍보물 개편/제작 - 사내 뉴스레터 제작/관리 - Communication(유튜브, SNS 등) 채널 광고 기획 및 관리 - CI 등 전사 브랜드 Identity 관리/검수 [필수사항] - 학력 : 학사 졸업 이상 - 전공 : 언론, 홍보, 미디어 등 사회 인문계열 [우대사항] - Adobe 프로그램 활용 가능자 - 홍보 활동을 위한 영상 사진 촬영 경험 보유자 - 동종업계 유경험자(조선, 플랜트, 중공업 계열) - 어학(영어) 역량 및 문서 보고서 작성 능력 우수자 - 인근 지역 거주자(경남 고성, 창원, 통영, 거제, 진주 지역)","홍보 담당 구성원 | 콘텐츠기획/운영 | 기획/전략/경영 | 경영/사무 | 광고기획 | 마케팅/PR/분석 | 마케팅/광고/홍보 | 마케팅전략/기획 | 모집직무 관련하여 본인이 주요하게 강조하고 싶은 경력사항(참여한 Project 등) 및 강점에 대하여 서술해주세요.(1,000자 이내, 경력직 필수사항) | 모집직무 관련 외 기타 경험에 대하여 자유롭게 서술해주세요.(400~500자 이내) | SK오션플랜트의 어떤 부분에 관심을 가지고 지원하게 되었으며, 입사 후 어떻게 기여하고 싶은지 본인의 강점을 기반으로 작성해주세요.(400~500자 이내) | 자발적으로 최고 수준의 목표를 세우고 끈질기게 성취한 경험에 대해 서술해 주세요.(400~500자 이내) | 혼자 하기 어려운 일에서 다양한 자원 활용, 타인의 협력을 최대한으로 이끌어 내며, Teamwork를 발휘하여 공 동의 목표 달성에 기여한 경험에 대해 서술해 주세요.(400자~500자 이내) * | [SK오션플랜트] 홍보 담당 구성원 모집(신입/경력)",[],marketing,[],"[""홍보 담당 구성원"", ""콘텐츠기획/운영"", ""광고기획"", ""마케팅전략/기획""]",[],"[""Adobe 프로그램"", ""영상 촬영"", ""사진 촬영"", ""영어"", ""문서 작성""]",shipbuilding,경남,large_corp,office,"[""프로젝트"", ""대외활동""]","[""실행력·업무처리 능력"", ""문제해결 능력"", ""협업·팀워크"", ""커뮤니케이션 역량""]","SK오션플랜트는 SK그룹 계열사로, 해양 플랜트 및 조선 중공업 분야에서 사업을 영위하고 있습니다.",SK오션플랜트의 대내외 브랜드 이미지를 구축하고 효과적인 커뮤니케이션을 통해 기업 가치를 높이는 데 기여할 홍보 전문가를 모집합니다.,"주요 업무는 대내외 브랜드 홍보 및 PR 활동을 기획하고 실행하는 것입니다. 동영상 등 다양한 미디어 콘텐츠를 제작하고 관리하며, 홈페이지 콘텐츠를 기획하고 업데이트합니다. 또한, CI 제작물 및 대내외 홍보물을 개편하고 제작하며, 사내 뉴스레터 제작 및 관리를 담당합니다. 유튜브, SNS 등 커뮤니케이션 채널의 광고를 기획하고 관리하며, 전사 브랜드 아이덴티티를 관리하고 검수하는 역할도 수행합니다.","학사 이상의 학력을 소지하고 언론, 홍보, 미디어 등 사회 인문계열 전공자를 필수적으로 요구합니다. Adobe 프로그램 활용이 가능하고, 홍보 활동을 위한 영상 및 사진 촬영 경험을 보유한 분을 우대합니다. 조선, 플랜트, 중공업 계열 동종업계 유경험자 및 어학(영어) 역량과 문서 보고서 작성 능력이 우수한 분을 선호합니다. 인근 지역(경남 고성, 창원, 통영, 거제, 진주) 거주자를 우대합니다.",[],"회사: SK오션플랜트는 SK그룹 계열사로, 해양 플랜트 및 조선 중공업 분야에서 사업을 영위하고 있습니다.
직무 목적: SK오션플랜트의 대내외 브랜드 이미지를 구축하고 효과적인 커뮤니케이션을 통해 기업 가치를 높이는 데 기여할 홍보 전문가를 모집합니다.
주요 업무: 주요 업무는 대내외 브랜드 홍보 및 PR 활동을 기획하고 실행하는 것입니다. 동영상 등 다양한 미디어 콘텐츠를 제작하고 관리하며, 홈페이지 콘텐츠를 기획하고 업데이트합니다. 또한, CI 제작물 및 대내외 홍보물을 개편하고 제작하며, 사내 뉴스레터 제작 및 관리를 담당합니다. 유튜브, SNS 등 커뮤니케이션 채널의 광고를 기획하고 관리하며, 전사 브랜드 아이덴티티를 관리하고 검수하는 역할도 수행합니다.
인재상: 학사 이상의 학력을 소지하고 언론, 홍보, 미디어 등 사회 인문계열 전공자를 필수적으로 요구합니다. Adobe 프로그램 활용이 가능하고, 홍보 활동을 위한 영상 및 사진 촬영 경험을 보유한 분을 우대합니다. 조선, 플랜트, 중공업 계열 동종업계 유경험자 및 어학(영어) 역량과 문서 보고서 작성 능력이 우수한 분을 선호합니다. 인근 지역(경남 고성, 창원, 통영, 거제, 진주) 거주자를 우대합니다.",both,job_posting,SK오션플랜트에서 대내외 홍보 및 미디어 콘텐츠 제작/관리를 담당할 신입/경력 구성원을 모집합니다.,[]
311718,LS엘앤에프배터리솔루션,[LS엘앤에프배터리솔루션] 생산/제조원(계약직) 추가 채용,CONTRACT,"[LS엘앤에프배터리솔루션] 생산/제조원(계약직) 추가 채용 [담당 업무] ㅇ 원재료 부재료 검사 ㅇ 공정, 제품, 폐수 샘플링 및 분석 ㅇ 기타 분석실 및 분석기 관리 [자격요건] ㅇ 고졸 이상 ㅇ 교대근무 가능자 [우대사항] ㅇ 화학분석기사 등 관련 자격 보유자 ㅇ 이차전지 소재(전구체/양극재) 분석 업무 경력 보유자","생산/제조원(계약직) | 생산/제조/설비/조립 | 생산/제조 | 생산관리/공정관리/품질관리 | 생산 | 제조/가공 | 포장 | 조립 | 검사/검품 | 생산관리 | 공정관리 | 품질관리 | 자재관리 | 환경관리 | 1. 지원동기와 입사 후 회사에서 이루고 싶은 꿈은 무엇인가요? | 2. 지원한 직무를 위해 필요한 역량은 무엇이라고 생각하며, 이 역량을 갖추기 위한 노력이나 자신만의 특별한 경험을 작성해 주세요. | 3. 다른 지원자 대비 본인만의 '차별화된 강점'과 '보완해야 할 약점'에 대해 사례를 들어 구체적으로 기술해 주세요. | 경력사항과 보유기술에 대해 구체적으로 설명해주세요. | [LS엘앤에프배터리솔루션] 생산/제조원(계약직) 추가 채용",[],manufacturing,"[""quality""]","[""생산/제조원""]",[],"[""화학분석기사"", ""이차전지 소재 분석""]",battery_energy,unknown,large_corp,field,"[""프로젝트""]","[""실행력·업무처리 능력"", ""정보수집·분석 역량"", ""문제해결 능력"", ""학습·성장 역량""]",LS엘앤에프배터리솔루션은 이차전지 소재인 전구체 및 양극재 관련 사업을 영위하는 기업입니다.,이차전지 생산 공정에서 원재료 및 제품의 품질을 확보하고 공정 효율성을 유지하기 위해 필요한 생산/제조 직무입니다.,"주요 업무는 원재료와 부재료에 대한 검사를 수행하여 품질 기준을 충족하는지 확인하는 것입니다. 또한, 공정 중 발생하는 샘플과 최종 제품, 그리고 폐수에 대한 샘플링을 진행하고 이를 분석하여 공정 상태와 제품 품질을 모니터링합니다. 이 외에도 분석실의 전반적인 관리와 분석 장비의 유지보수 업무를 담당하게 됩니다.",고졸 이상의 학력을 갖추고 교대근무가 가능한 분을 찾습니다. 화학분석기사 등 관련 자격증을 보유했거나 이차전지 소재(전구체/양극재) 분석 업무 경력이 있는 분을 우대합니다. 지원한 직무에 필요한 역량을 갖추기 위한 노력과 자신만의 특별한 경험을 통해 회사에 기여할 수 있는 인재를 선호합니다.,[],"회사: LS엘앤에프배터리솔루션은 이차전지 소재인 전구체 및 양극재 관련 사업을 영위하는 기업입니다.
직무 목적: 이차전지 생산 공정에서 원재료 및 제품의 품질을 확보하고 공정 효율성을 유지하기 위해 필요한 생산/제조 직무입니다.
주요 업무: 주요 업무는 원재료와 부재료에 대한 검사를 수행하여 품질 기준을 충족하는지 확인하는 것입니다. 또한, 공정 중 발생하는 샘플과 최종 제품, 그리고 폐수에 대한 샘플링을 진행하고 이를 분석하여 공정 상태와 제품 품질을 모니터링합니다. 이 외에도 분석실의 전반적인 관리와 분석 장비의 유지보수 업무를 담당하게 됩니다.
인재상: 고졸 이상의 학력을 갖추고 교대근무가 가능한 분을 찾습니다. 화학분석기사 등 관련 자격증을 보유했거나 이차전지 소재(전구체/양극재) 분석 업무 경력이 있는 분을 우대합니다. 지원한 직무에 필요한 역량을 갖추기 위한 노력과 자신만의 특별한 경험을 통해 회사에 기여할 수 있는 인재를 선호합니다.",contract,job_posting,"LS엘앤에프배터리솔루션에서 이차전지 소재 생산 공정의 원재료 및 제품 분석, 품질 관리를 담당할 계약직 생산/제조원을 채용합니다.",[]
311713,케이피에프,[케이피에프] 미주영업팀(신입) 모집,NEW,"[케이피에프] 미주영업팀(신입) 모집 [담당업무] 미주지역 고객사 영업관리 고객사 기초정보 관리 수주 관리 납기 관리, 출고 관리 매출채권 관리 클레임 관리 [자격요건 및 우대사항] 학사 학위 이상 보유자 이공계열 전공 (우대) 영어 활용 가능자 (아래 중 한가지 충족) 토익 850점 이상 토익 스피킹 LV6 이상 OPIC IH 이상 [","미주영업팀(신입) 모집 | 영업관리/지원/영업기획 | 영업/고객상담 | 영업관리 | 지원 | 영업기획 | 1. 지원자가 알고 있는 KPF와, 우리 회사에 지원한 동기 및 목표에 대해 기술해주시기 바랍니다. | 2. 지원한 직무와 관련하여 지원자가 보유한 전문지식 및 역량과 이를 활용한 경험에 대하여 기술해 주시기 바랍니다. | 3. 실수나 문제가 발생하더라도 포기하지 않고 자신의 일을 마무리한 경험에 대해 구체적으로 기술해 주시기 바랍니다. | 4. 자발적으로 목표를 세워 부족한 부분을 보완하거나 발전시킨 경험에 대해 구체적으로 기술해 주시기 바랍니다. | 1. 지원한 직무에 대한 대표적인 성과와 이를 달성하기 위한 과정을 구체적으로 기술해주시기 바랍니다. | 2. 입사 후 본인의 경력 및 역량을 바탕으로 KPF에 기여할 수 있는 부분에 대해 기술해주시기 바랍니다. | [케이피에프] 미주영업팀(신입) 모집",[],sales,"[""management_support""]","[""미주영업팀""]","[""학사 학위"", ""영어"", ""TOEIC 850점"", ""TOEIC Speaking LV6"", ""OPIC IH""]","[""이공계열 전공""]",manufacturing,unknown,mid_corp,unknown,"[""프로젝트""]","[""문제해결 능력"", ""실행력·업무처리 능력""]","케이피에프는 산업용 파스너 및 부품을 제조하는 기업으로, 다양한 산업 분야에 제품을 공급하며 글로벌 시장에서 사업을 영위하고 있습니다.","이 직무는 미주지역 고객사와의 영업 활동을 관리하고 지원하여 원활한 수주 및 납기, 매출채권 관리를 통해 고객 만족과 회사 성장에 기여하는 역할을 합니다.","미주지역 고객사를 대상으로 영업 활동을 관리하며, 고객사 기초 정보를 체계적으로 관리합니다. 수주부터 납기, 출고까지 전반적인 프로세스를 관리하고, 매출채권 및 클레임 발생 시 이를 효과적으로 처리하여 고객과의 관계를 유지하고 개선합니다.","학사 학위 이상을 보유하고 이공계열 전공자를 우대합니다. 토익 850점 이상, 토익 스피킹 LV6 이상, 또는 OPIC IH 이상의 영어 활용 능력을 갖춘 인재를 찾습니다. 지원 직무 관련 전문지식과 역량을 바탕으로 성과를 창출하고, 문제 발생 시 포기하지 않고 해결하며, 자발적으로 목표를 설정하고 발전시키는 주도적인 태도를 가진 분을 선호합니다.",[],"회사: 케이피에프는 산업용 파스너 및 부품을 제조하는 기업으로, 다양한 산업 분야에 제품을 공급하며 글로벌 시장에서 사업을 영위하고 있습니다.
직무 목적: 이 직무는 미주지역 고객사와의 영업 활동을 관리하고 지원하여 원활한 수주 및 납기, 매출채권 관리를 통해 고객 만족과 회사 성장에 기여하는 역할을 합니다.
주요 업무: 미주지역 고객사를 대상으로 영업 활동을 관리하며, 고객사 기초 정보를 체계적으로 관리합니다. 수주부터 납기, 출고까지 전반적인 프로세스를 관리하고, 매출채권 및 클레임 발생 시 이를 효과적으로 처리하여 고객과의 관계를 유지하고 개선합니다.
인재상: 학사 학위 이상을 보유하고 이공계열 전공자를 우대합니다. 토익 850점 이상, 토익 스피킹 LV6 이상, 또는 OPIC IH 이상의 영어 활용 능력을 갖춘 인재를 찾습니다. 지원 직무 관련 전문지식과 역량을 바탕으로 성과를 창출하고, 문제 발생 시 포기하지 않고 해결하며, 자발적으로 목표를 설정하고 발전시키는 주도적인 태도를 가진 분을 선호합니다.",new,job_posting,"케이피에프 미주영업팀 신입사원 모집으로, 미주지역 고객사 영업 관리 및 지원을 담당하며, 뛰어난 영어 능력과 문제해결 역량을 갖춘 인재를 찾습니다.",[]
311709,SK케미칼,[SK케미칼(GC)] 설비관리 담당 신입 구성원 모집 (울산공장),NEW,"[SK케미칼(GC)] 설비관리 담당 신입 구성원 모집 (울산공장) [수행업무] 고정장치 및 회전기계 설비 관리 공사 설계, 업체 선정 및 관리 신규 기술/설비 및 공정 개선 검토 및 수행 설비 Trouble shooting, PSM/ISO관리, 안전관리 [지원자격] 공고 마감일 기준 기졸업자 또는 '26년 8월 졸업 예정자 (학사 이상) [핵심역량] 기계 공학 전공을 보유하신 분 기본 업무 수준의 영어 소통이 가능하신 분 [우대사항] 기계 전공 관련 자격증을 보유하신 분 (기사, 산업기사 등) 안전 관련 자격증을 보유하신 분 화학 공장 기계 설비 유관 경험을 보유하신 분","설비관리 담당 신입 구성원 | 전기/소방/통신/안전 | 건설 | 생산관리/공정관리/품질관리 | 생산/제조 | 시설관리 | 건설안전 | 소방방재 | 통신설비 | 생산관리 | 공정관리 | 품질관리 | 자재관리 | 환경관리 | 자발적으로 최고 수준의 목표를 세우고 끈질기게 성취한 경험에 대해 서술해 주십시오. (본인이 설정한 목표/ 목표의 수립과정/ 처음에 생각했던 목표 달성 가능성/ 수행 과정에서 부딪힌 장애물 및 그 때의 감정(생각)/ 목표 달성을 위한 구체적 노력/ 실제 결과/ 경험의 진실성을 증명할 수 있는 근거가 잘 드러나도록 기술) (500-1,000자) | 새로운 것을 접목하거나 남다른 아이디어를 통해 문제를 개선했던 경험에 대해 서술해 주십시오. (기존 방식과 본인이 시도한 방식의 차이/ 새로운 시도를 했을 때의 주변 반응/ 새로운 시도를 위해 감수해야 했던 점/ 구체적인 실행 과정 및 결과/ 경험의 진실성을 증명할 수 있는 근거가 잘 드러나도록 기술) (500-1,000자) | 지원 분야와 관련하여 특정 영역의 전문성을 키우기 위해 꾸준히 노력한 경험에 대해 서술해 주십시오. (전문성의 구체적 영역(예. 통계 분석)/ 전문성을 높이기 위한 학습 과정/ 전문성 획득을 위해 투입한 시간 및 방법/ 습득한 지식 및 기술을 실전에 적용해 본 사례/ 전문성을 객관적으로 확인한 경험/ 전문성 향상을 위해 교류하고 있는 네트워크/ 경험의 진실성을 증명할 수 있는 근거가 잘 드러나도록 기술) (500-1,000자) | 학업, 프로젝트, 인턴, 일상생활 등에서 AI Tool을 활용해 문제를 해결하거나 새로운 시도를 했던 경험을 기술해 주십시오. (어떤 AI Tool을 선택했으며, 해당 Tool을 선택한 이유 / AI 도구를 효과적으로 활용하기 위해 수립한 전략 및 계획 / AI의 도움으로 가능했던 부분과 본인이 직접 보완,판단한 부분 / AI Tool을 활용한 결과와 그 과정에서 배운 점 / 새로운 시도 및 그 결과에 대한 주변의 반응 등을 기술) (500-1,000자) | [SK케미칼(GC)] 설비관리 담당 신입 구성원 모집 (울산공장)",[],manufacturing,"[""engineering_hw"", ""infrastructure_eng"", ""quality""]","[""설비관리 담당 신입 구성원""]","[""기계 공학 전공"", ""영어""]","[""기계 관련 자격증"", ""안전 관련 자격증"", ""화학 공장 기계 설비 유관 경험""]",chemical_material,울산,large_corp,field,"[""프로젝트"", ""인턴"", ""학부연구생""]","[""실행력·업무처리 능력"", ""창의·혁신 역량"", ""문제해결 능력"", ""학습·성장 역량"", ""디지털·기술 활용 역량""]","SK케미칼은 화학 및 생명과학 분야에서 사업을 영위하는 기업으로, 다양한 화학 제품과 소재를 생산하고 있습니다.",이 직무는 울산공장의 고정장치 및 회전기계 설비를 효율적으로 관리하고 공정을 개선하여 생산 안정성과 안전을 확보하는 데 기여합니다.,"고정장치 및 회전기계 설비를 관리하며, 공사 설계 및 업체 선정과 관리를 수행합니다. 신규 기술 및 설비 도입, 공정 개선을 검토하고 실행하며, 설비 트러블 슈팅과 PSM/ISO 및 안전 관리 업무를 담당합니다.","기계 공학 전공자로 기본 업무 수준의 영어 소통이 가능해야 합니다. 기계 및 안전 관련 자격증을 보유하고 화학 공장 기계 설비 유관 경험이 있는 분을 우대합니다. 자발적으로 높은 목표를 설정하고 끈질기게 성취하며, 새로운 아이디어로 문제를 개선하고 전문성을 꾸준히 키워온 인재를 찾습니다. 또한, AI Tool을 활용하여 문제를 해결하거나 새로운 시도를 해본 경험이 있는 분을 선호합니다.","[""성취지향"", ""문제해결"", ""창의"", ""혁신"", ""전문성"", ""기술중심""]","회사: SK케미칼은 화학 및 생명과학 분야에서 사업을 영위하는 기업으로, 다양한 화학 제품과 소재를 생산하고 있습니다.
직무 목적: 이 직무는 울산공장의 고정장치 및 회전기계 설비를 효율적으로 관리하고 공정을 개선하여 생산 안정성과 안전을 확보하는 데 기여합니다.
주요 업무: 고정장치 및 회전기계 설비를 관리하며, 공사 설계 및 업체 선정과 관리를 수행합니다. 신규 기술 및 설비 도입, 공정 개선을 검토하고 실행하며, 설비 트러블 슈팅과 PSM/ISO 및 안전 관리 업무를 담당합니다.
인재상: 기계 공학 전공자로 기본 업무 수준의 영어 소통이 가능해야 합니다. 기계 및 안전 관련 자격증을 보유하고 화학 공장 기계 설비 유관 경험이 있는 분을 우대합니다. 자발적으로 높은 목표를 설정하고 끈질기게 성취하며, 새로운 아이디어로 문제를 개선하고 전문성을 꾸준히 키워온 인재를 찾습니다. 또한, AI Tool을 활용하여 문제를 해결하거나 새로운 시도를 해본 경험이 있는 분을 선호합니다.",new,job_posting,"SK케미칼 울산공장에서 기계 공학 전공 신입 설비관리 담당자를 모집하며, 설비 관리 및 공정 개선, 안전 관리 업무를 수행합니다.",[]
311708,(주)글로벌금융판매,AX사업부 AI혁신팀 신입사원 정규직공채,NEW,"AX사업부 AI혁신팀 신입사원 정규직공채 ~ 2026-04-10 모집부문 및 상세내용 AX사업부 AI혁신팀 신입사원 정규직공채 채용 형태 - 신입 - 사원 담당업무 ㆍ생성형AI기반 업무전환 및 자동화 구현 ㆍ범용AI 프로그램(TOOL)활용 기획, 커뮤니케이션 우대조건 ㆍ컴퓨터활용능력, AI TOOL활용가능자 (생성형AI 프로그램,툴의 전반적 활용가능자로 업무자동화 기획력이 있는자) 프롬프트작성능력 / AI영상,디자인,문서작업 등 실무경험 보유자 ㆍ 생성형AI 핸들링 경력과 경험 - 챗지티피,제미나이,클루드,노션AI,나노바나나,미드저니 등 프로그램 활용 결과물 산출능력 자격요건 학력 대학졸업(4년) 이상(졸업예정자 가능) 근무조건 급여 연봉 3000만원 ~ 3000만원 근무시간 주 5일(월~금) 09:00 ~ 18:00 길 55 512호 복리후생 4대보험, 우수사원포상, 연차, 반차, 경조휴가제, 자유복장, 생일엔 조기퇴근, 인재육성 중시, 주차장제공, 신입사원교육(OJT), 멘토링제도, 워크샵/MT, 체육대회/야유회, 자기계발비 지원, 우수사원시상식, 각종 경조사 지원",,[],data_ai_ml,[],"[""AX사업부 AI혁신팀 신입사원 정규직공채""]","[""컴퓨터활용능력"", ""AI TOOL활용가능자"", ""프롬프트작성능력""]","[""생성형AI 프로그램"", ""챗지티피"", ""제미나이"", ""클루드"", ""노션AI"", ""나노바나나"", ""미드저니"", ""AI영상"", ""AI디자인"", ""AI문서작업""]",finance_fintech,unknown,mid_corp,office,"[""프로젝트""]","[""전략·기획 역량"", ""커뮤니케이션 역량"", ""문제해결 능력"", ""디지털·기술 활용 역량""]",(주)글로벌금융판매는 AX사업부 AI혁신팀에서 생성형 AI 기반의 업무 전환 및 자동화를 추진하는 금융 판매 회사입니다.,이 직무는 생성형 AI 기술을 활용하여 AX사업부의 업무 프로세스를 혁신하고 자동화함으로써 효율성을 극대화하는 데 기여합니다.,"생성형 AI 기반의 업무 전환 및 자동화를 구현하는 것이 주요 업무입니다. 범용 AI 프로그램을 활용하여 기획하고, 관련 팀원들과 원활하게 커뮤니케이션하며 프로젝트를 진행합니다. AI 툴을 활용한 업무 자동화 기획력을 바탕으로 다양한 AI 프로그램을 실무에 적용하고 결과물을 산출합니다.","대학 졸업 이상의 학력을 가진 신입사원을 채용하며, 졸업예정자도 지원 가능합니다. 컴퓨터 활용 능력이 우수하고, 생성형 AI 프로그램 및 툴의 전반적인 활용이 가능한 자를 우대합니다. 특히 ChatGPT, Gemini, Claude, Notion AI, Midjourney 등 다양한 생성형 AI 툴을 핸들링하여 결과물을 산출한 경험이 있는 분을 선호합니다. AI 영상, 디자인, 문서 작업 등 실무 경험과 프롬프트 작성 능력을 갖춘 인재를 찾습니다.","[""인재육성 중시"", ""멘토링제도"", ""자유복장""]","회사: (주)글로벌금융판매는 AX사업부 AI혁신팀에서 생성형 AI 기반의 업무 전환 및 자동화를 추진하는 금융 판매 회사입니다.
직무 목적: 이 직무는 생성형 AI 기술을 활용하여 AX사업부의 업무 프로세스를 혁신하고 자동화함으로써 효율성을 극대화하는 데 기여합니다.
주요 업무: 생성형 AI 기반의 업무 전환 및 자동화를 구현하는 것이 주요 업무입니다. 범용 AI 프로그램을 활용하여 기획하고, 관련 팀원들과 원활하게 커뮤니케이션하며 프로젝트를 진행합니다. AI 툴을 활용한 업무 자동화 기획력을 바탕으로 다양한 AI 프로그램을 실무에 적용하고 결과물을 산출합니다.
인재상: 대학 졸업 이상의 학력을 가진 신입사원을 채용하며, 졸업예정자도 지원 가능합니다. 컴퓨터 활용 능력이 우수하고, 생성형 AI 프로그램 및 툴의 전반적인 활용이 가능한 자를 우대합니다. 특히 ChatGPT, Gemini, Claude, Notion AI, Midjourney 등 다양한 생성형 AI 툴을 핸들링하여 결과물을 산출한 경험이 있는 분을 선호합니다. AI 영상, 디자인, 문서 작업 등 실무 경험과 프롬프트 작성 능력을 갖춘 인재를 찾습니다.",new,job_posting,글로벌금융판매 AX사업부 AI혁신팀에서 생성형 AI 기반 업무 자동화 및 기획을 담당할 신입사원을 채용합니다.,[]
311701,SK ON,[SK ON] System평가실험원 기술직 채용,CONTRACT,"[SK ON] System평가실험원 기술직 채용 [수행업무] - 배터리 (모듈 및 팩) 성능/신뢰성 평가 - 성능/신뢰성 평가용 샘플 선입, 선출 관리 - 성능/신뢰성 평가용 샘플 기본 Data 측정, 기록 - 성능/신뢰성 시험 Set-up 및 operation - 배터리 (모듈 및 팩) 안전성 평가 - 안전성 평가용 샘플 선입, 선출 관리 - 안전성 평가용 샘플 기본 Data 측정, 기록 - 안전성 시험 Set-up 및 operation - 기타 업무 - 평가 스케쥴 관리 - 결과 정리 및 시스템 등록 - 장비 일상 점검 - 장비 유지 보수 작업 - 시험실 환경 관리 - 신규 및 이동 장비 Set-up - 셀, 모듈, 팩 샘플 폐기 진행 [지원 자격] - 고등학교 이상의 학위를 소지하신 분 - 해외여행에 결격 사유가 없는 자 - 군필 혹은 회사가 지정한 입사일까지 병역을 마쳤거나 면제되신 분 [우대사항] - 관련 업무 경험 보유 또는 전공하신 분 - 기계, 화학, 화공, 재료, 전기, 산업공학 연관 또는 전공 - 배터리 (셀, 모듈 및 팩) 성능/신뢰성 평가 경험자 - 충방전기 및 기타 전지 평가 설비 운영 - 예) 고온방치, 온습도 사이클, 방치 시험, 열충격, 진동, 충격, 사이클 수명, 인증 등의 평가 경험자 - 배터리 (셀, 모듈 및 팩) 안정성 평가 경험자 - 대량의 Data 처리를 위한 Famos/Origin/Excel 등 관련 Software 활용 능력 보유 - 예) 과충전, 과방전, 외부단락, 관통, 압축, 열노출, 침수 및 인증 등의 평가 경험자","System평가실험원 기술직 | 자재관리 | 생산관리/공정관리/품질관리 | 생산/제조 | 품질관리 | 화학 | 화학/에너지/환경 | 연구개발/설계 | 전기/전자/제어 | 전기/전기설비 | 전자 | 공정/품질/테스트 | 회사 및 채용 직무에 지원하게 된 동기에 대해 기술해 주십시오. | 자신의 성장과정 및 장/단점에 대해 기술해 주십시오. | 자신이 속한 단체 혹은 모임을 위해 개인적인 손해를 크게 감수했던 경험 중 기억에 남는 일에 대해 구체적인 상황, 자신의 행동, 결과 등을 기술해 주십시오. | 모집직무와 관련하여 지금까지 준비한 경험 및 경력에 대해 기술해 주십시오. | [SK ON] System평가실험원 기술직 채용",[],quality,"[""rnd"", ""manufacturing""]","[""System평가실험원 기술직""]",[],"[""Famos"", ""Origin"", ""Excel"", ""충방전기"", ""전지 평가 설비 운영""]",battery_energy,unknown,large_corp,office,"[""프로젝트""]","[""학습·성장 역량"", ""협업·팀워크"", ""실행력·업무처리 능력"", ""정보수집·분석 역량""]","SK ON은 배터리 사업을 영위하는 기업으로, 전기차 및 에너지 저장 시스템용 배터리를 개발하고 생산합니다.","배터리 모듈 및 팩의 성능, 신뢰성, 안전성을 평가하고 관리하여 제품 품질을 확보하고 개선하는 데 기여합니다.","배터리 모듈 및 팩의 성능과 신뢰성을 평가하며, 평가용 샘플의 선입/선출 관리, 기본 데이터 측정 및 기록을 담당합니다. 성능 및 신뢰성 시험의 Set-up과 operation을 진행하고, 배터리 모듈 및 팩의 안전성 평가를 수행합니다. 안전성 평가용 샘플의 선입/선출 관리, 기본 데이터 측정 및 기록을 담당하며, 안전성 시험의 Set-up과 operation을 진행합니다. 평가 스케쥴 관리, 결과 정리 및 시스템 등록을 수행하고, 장비 일상 점검 및 유지 보수 작업을 담당합니다. 시험실 환경 관리, 신규 및 이동 장비 Set-up, 그리고 셀, 모듈, 팩 샘플 폐기 진행 등 기타 업무를 수행합니다.","고등학교 이상의 학위를 소지하고 해외여행에 결격 사유가 없으며 병역을 마쳤거나 면제된 분을 찾습니다. 관련 업무 경험 또는 기계, 화학, 화공, 재료, 전기, 산업공학 등 연관 전공자를 우대합니다. 배터리 셀, 모듈 및 팩의 성능/신뢰성 및 안전성 평가 경험자를 선호하며, 충방전기 및 기타 전지 평가 설비 운영 경험이 있는 분을 환영합니다. 고온방치, 온습도 사이클, 방치 시험, 열충격, 진동, 충격, 사이클 수명, 과충전, 과방전, 외부단락, 관통, 압축, 열노출, 침수 등 다양한 평가 경험이 있는 분을 우대합니다. 대량의 데이터 처리를 위해 Famos, Origin, Excel 등 관련 소프트웨어 활용 능력을 보유한 분을 찾습니다.",[],"회사: SK ON은 배터리 사업을 영위하는 기업으로, 전기차 및 에너지 저장 시스템용 배터리를 개발하고 생산합니다.
직무 목적: 배터리 모듈 및 팩의 성능, 신뢰성, 안전성을 평가하고 관리하여 제품 품질을 확보하고 개선하는 데 기여합니다.
주요 업무: 배터리 모듈 및 팩의 성능과 신뢰성을 평가하며, 평가용 샘플의 선입/선출 관리, 기본 데이터 측정 및 기록을 담당합니다. 성능 및 신뢰성 시험의 Set-up과 operation을 진행하고, 배터리 모듈 및 팩의 안전성 평가를 수행합니다. 안전성 평가용 샘플의 선입/선출 관리, 기본 데이터 측정 및 기록을 담당하며, 안전성 시험의 Set-up과 operation을 진행합니다. 평가 스케쥴 관리, 결과 정리 및 시스템 등록을 수행하고, 장비 일상 점검 및 유지 보수 작업을 담당합니다. 시험실 환경 관리, 신규 및 이동 장비 Set-up, 그리고 셀, 모듈, 팩 샘플 폐기 진행 등 기타 업무를 수행합니다.
인재상: 고등학교 이상의 학위를 소지하고 해외여행에 결격 사유가 없으며 병역을 마쳤거나 면제된 분을 찾습니다. 관련 업무 경험 또는 기계, 화학, 화공, 재료, 전기, 산업공학 등 연관 전공자를 우대합니다. 배터리 셀, 모듈 및 팩의 성능/신뢰성 및 안전성 평가 경험자를 선호하며, 충방전기 및 기타 전지 평가 설비 운영 경험이 있는 분을 환영합니다. 고온방치, 온습도 사이클, 방치 시험, 열충격, 진동, 충격, 사이클 수명, 과충전, 과방전, 외부단락, 관통, 압축, 열노출, 침수 등 다양한 평가 경험이 있는 분을 우대합니다. 대량의 데이터 처리를 위해 Famos, Origin, Excel 등 관련 소프트웨어 활용 능력을 보유한 분을 찾습니다.",contract,job_posting,"SK ON에서 배터리 시스템의 성능, 신뢰성, 안전성을 평가하고 관리할 기술직 계약직을 채용합니다.",[]
311697,주식회사 더파운더즈,[ANUA] 글로벌 제품운영 매니저 (Product Operations),EXPERIENCED,#더파운더즈 #아누아 #ANUA #상품기획 #제품기획 #제품운영 #채널별기획 #제품variation #상품운영 #리테일기획 #브랜드상품기획 #뷰티상품기획 #화장품기획 #스킨케어 #글로벌브랜드 #글로벌상품기획 #글로벌런칭 #글로벌리테일 #리테일채널 #세포라 #얼타뷰티 #타겟 #제품런칭 #프로젝트관리 #PM #일정관리 #협업 #유관부서협업 #채널전략 #상품전략 #패키지기획 #기획세트 #Variation기획 #외국어우대,,[],service_pm,"[""planning_strategy"", ""marketing""]","[""글로벌 제품운영 매니저"", ""Product Operations"", ""상품기획"", ""제품기획"", ""제품운영"", ""채널별 기획"", ""글로벌 런칭"", ""프로젝트 관리""]","[""프로젝트 관리""]","[""외국어""]",beauty_cosmetics,unknown,mid_corp,unknown,"[""프로젝트""]","[""협업·팀워크"", ""실행력·업무처리 능력"", ""전략·기획 역량""]",주식회사 더파운더즈는 글로벌 스킨케어 브랜드 ANUA를 운영하며 제품을 기획하고 유통하는 회사입니다.,"이 직무는 ANUA 브랜드의 글로벌 제품 기획, 운영, 런칭을 총괄하며, 다양한 리테일 채널 전략을 통해 브랜드의 글로벌 시장 확장을 목표로 합니다.","글로벌 브랜드 ANUA의 상품 기획 및 제품 운영을 담당합니다. 채널별 제품 기획과 제품 variation 전략을 수립하고, 상품 운영 전반을 관리합니다. 리테일 기획 및 브랜드 상품 기획을 통해 뷰티 및 화장품 스킨케어 제품의 경쟁력을 강화합니다. 글로벌 상품 기획부터 글로벌 런칭, 그리고 세포라, 얼타뷰티, 타겟 등 글로벌 리테일 채널 관리를 포함한 제품 런칭 프로젝트를 수행합니다. 프로젝트 관리(PM) 역량을 발휘하여 일정 관리 및 유관 부서와의 협업을 통해 채널 전략과 상품 전략을 실행하며, 패키지 기획 및 기획 세트, Variation 기획 업무를 총괄합니다.","글로벌 스킨케어 브랜드 ANUA의 제품 운영 및 기획에 대한 경험을 보유한 인재를 찾습니다. 프로젝트 관리(PM) 역량을 바탕으로 제품 런칭 및 운영 일정을 효과적으로 관리하고, 유관 부서와의 원활한 협업을 통해 시너지를 창출할 수 있어야 합니다. 다양한 리테일 채널에 대한 이해와 채널별 기획 전략 수립 경험이 중요하며, 외국어 능력을 갖춘 분을 우대합니다.","[""글로벌"", ""협업"", ""성과중심""]","회사: 주식회사 더파운더즈는 글로벌 스킨케어 브랜드 ANUA를 운영하며 제품을 기획하고 유통하는 회사입니다.
직무 목적: 이 직무는 ANUA 브랜드의 글로벌 제품 기획, 운영, 런칭을 총괄하며, 다양한 리테일 채널 전략을 통해 브랜드의 글로벌 시장 확장을 목표로 합니다.
주요 업무: 글로벌 브랜드 ANUA의 상품 기획 및 제품 운영을 담당합니다. 채널별 제품 기획과 제품 variation 전략을 수립하고, 상품 운영 전반을 관리합니다. 리테일 기획 및 브랜드 상품 기획을 통해 뷰티 및 화장품 스킨케어 제품의 경쟁력을 강화합니다. 글로벌 상품 기획부터 글로벌 런칭, 그리고 세포라, 얼타뷰티, 타겟 등 글로벌 리테일 채널 관리를 포함한 제품 런칭 프로젝트를 수행합니다. 프로젝트 관리(PM) 역량을 발휘하여 일정 관리 및 유관 부서와의 협업을 통해 채널 전략과 상품 전략을 실행하며, 패키지 기획 및 기획 세트, Variation 기획 업무를 총괄합니다.
인재상: 글로벌 스킨케어 브랜드 ANUA의 제품 운영 및 기획에 대한 경험을 보유한 인재를 찾습니다. 프로젝트 관리(PM) 역량을 바탕으로 제품 런칭 및 운영 일정을 효과적으로 관리하고, 유관 부서와의 원활한 협업을 통해 시너지를 창출할 수 있어야 합니다. 다양한 리테일 채널에 대한 이해와 채널별 기획 전략 수립 경험이 중요하며, 외국어 능력을 갖춘 분을 우대합니다.",experienced,job_posting,"글로벌 스킨케어 브랜드 ANUA의 제품 기획, 운영, 런칭을 총괄하며 글로벌 시장 확장을 이끌 제품운영 매니저를 채용합니다.",[]
311696,SK ON,[SK ON] 기계/전기 설비 관리 기술직 채용,CONTRACT,[SK ON] 기계/전기 설비 관리 기술직 채용 [수행업무] - Cycler 및 Chamber 설비 고장 수리 - 설비 고장 접수 및 수리 Follow up - 간단한 설비 고장 자체 수리 - 고장관련 부품/용역 구매요청서 작성 - 주요 지표 관리 - 가동율/고장율 관리 - MTTR(평균 고장 수리 기간) 관리 - 시험실 관리 - 시험실 SHE 관리 - 시험실 3정 5S 관리 - 시험실 개선업무 [지원 자격] - 기계/전기 설비 관리 업무를 3년 이상 경험하신 분 - 전문학사 이상의 학위를 소지하신 분 - 해외여행에 결격 사유가 없으신 분 - 군필 혹은 회사가 지정한 입사일까지 병역을 마쳤거나 면제되신 분 [,"기계/전기 설비 관리 | 서비스 | AS/서비스/수리 | 설치/수리 | 기계설계 | 기계설계/CAD/CAM | 연구개발/설계 | 시설관리 | 전기/소방/통신/안전 | 건설 | 본인의 전문분야를 명시하고, 보유한 기술 및 해당 분야 수행 경력/경험, 수준을 기술하여 주시기 바랍니다. (경력의 단순 나열은 지양, 본인의 차별적 전문성이 간결/효과적으로 드러나도록 작성하여 주시기 바랍니다.) | [SK ON] 기계/전기 설비 관리 기술직 채용",[],engineering_hw,"[""manufacturing"", ""management_support""]","[""기계/전기 설비 관리 기술직"", ""Cycler 및 Chamber 설비 고장 수리"", ""시험실 관리""]","[""기계 설비 관리"", ""전기 설비 관리"", ""설비 고장 수리"", ""부품 구매요청서 작성"", ""지표 관리"", ""SHE 관리"", ""3정 5S 관리"", ""전문학사 학위""]",[],battery_energy,unknown,large_corp,unknown,"[""프로젝트""]","[""문제해결 능력"", ""실행력·업무처리 능력""]","SK ON은 배터리 제조 기업으로, Cycler 및 Chamber 설비와 같은 핵심 장비의 안정적인 운영을 담당합니다.",이 직무는 배터리 생산에 필수적인 Cycler 및 Chamber 설비의 고장을 수리하고 관리하여 설비 가동률을 높이고 시험실의 안정적인 운영을 보장하는 데 기여합니다.,"Cycler 및 Chamber 설비의 고장을 수리하고, 고장 접수부터 수리 완료까지의 과정을 추적 관리합니다. 간단한 설비 고장은 직접 수리하며, 필요한 부품이나 용역에 대한 구매요청서를 작성합니다. 또한, 설비의 가동율, 고장율, 평균 고장 수리 기간(MTTR) 등 주요 지표를 관리하고, 시험실의 안전·보건·환경(SHE) 및 3정 5S(정리, 정돈, 청소, 청결, 습관화) 관리를 수행하며 시험실 개선 업무를 담당합니다.","기계 및 전기 설비 관리 업무를 3년 이상 경험한 전문학사 이상의 학위 소지자를 찾습니다. 해외여행에 결격 사유가 없어야 하며, 병역을 마쳤거나 면제된 분이어야 합니다. 본인의 전문 분야와 보유 기술, 수행 경력/경험 수준을 간결하고 효과적으로 드러낼 수 있는 분을 선호합니다.",[],"회사: SK ON은 배터리 제조 기업으로, Cycler 및 Chamber 설비와 같은 핵심 장비의 안정적인 운영을 담당합니다.
직무 목적: 이 직무는 배터리 생산에 필수적인 Cycler 및 Chamber 설비의 고장을 수리하고 관리하여 설비 가동률을 높이고 시험실의 안정적인 운영을 보장하는 데 기여합니다.
주요 업무: Cycler 및 Chamber 설비의 고장을 수리하고, 고장 접수부터 수리 완료까지의 과정을 추적 관리합니다. 간단한 설비 고장은 직접 수리하며, 필요한 부품이나 용역에 대한 구매요청서를 작성합니다. 또한, 설비의 가동율, 고장율, 평균 고장 수리 기간(MTTR) 등 주요 지표를 관리하고, 시험실의 안전·보건·환경(SHE) 및 3정 5S(정리, 정돈, 청소, 청결, 습관화) 관리를 수행하며 시험실 개선 업무를 담당합니다.
인재상: 기계 및 전기 설비 관리 업무를 3년 이상 경험한 전문학사 이상의 학위 소지자를 찾습니다. 해외여행에 결격 사유가 없어야 하며, 병역을 마쳤거나 면제된 분이어야 합니다. 본인의 전문 분야와 보유 기술, 수행 경력/경험 수준을 간결하고 효과적으로 드러낼 수 있는 분을 선호합니다.",experienced,job_posting,"SK ON의 배터리 생산 설비(Cycler, Chamber)의 기계/전기 고장 수리 및 관리, 시험실 운영을 담당할 경력직 기술직을 채용합니다.",[]
311693,보령,[보령] [CHQ] Strategy Investment Group Analyst,INTERN,"[보령] [CHQ] Strategy Investment Group Analyst 보령은 기존의 제약 사업을 넘어 글로벌 Healthcare 산업 전반에서 새로운 비즈니스 기회를 발굴하고, 인프라 투자 및 신기술 발굴에 적극적으로 나서고 있습니다. 우리는 이를 통해 인류의 건강을 위해 꼭 필요한 기업이 되겠다 는 당사의 미션 달성을 위해, 모든 구성원이 한 팀으로 성장하고 있습니다. 본 채용을 통해 보령의 의미 있는 여정을 함께 만들어갈 장기적인 관점의 지원 파트너를 충원하고자 합니다. 대표이사 직속 조직의 일원으로서 최고 경영진을 포함한 업계 최고의 인재들과 함께 소통하며 글로벌 사업 환경 속에서 빠르게 성장해나가고 싶은 우수한 인재분들의 많은 관심과 지원 부탁 드립니다. Strategy Investment Group 소개 보령은 지난 60여 년간 대한민국 제약 산업의 성장을 이끌며 인류의 건강을 위해 꼭 필요한 기업'으로 자리매김해 왔습니다. 보령 내 Strategy Business Division(SBD)은 보령의 미래 정체성을 정의하고 10년 뒤 사업 구조를 설계하는 전략적 컨트롤 타워입니다. 우리는 기존 제약 사업을 넘어, 인류가 지구를 넘어 확장하는 시대에 반드시 필요한 Global Life Science Infrastructure 기업으로의 진화를 이끌고 있습니다. Strategic Investment Group(SIG)은 SBD 내 핵심 조직으로, 전략과 투자가 통합된 구조를 통해 이러한 방향성을 실제 자산으로 구현합니다. SIG은 단순히 투자 기회를 검토하는 조직이 아니라, 보령의 미래를 정의하는 전략을 수립하고 이를 Deal과 사업으로 연결하는 실행 중심의 조직입니다. 담당 업무 (Responsibilities) 글로벌 헬스케어, 라이프사이언스, 우주 산업 관련 시장/기술/기업 분석 투자 대상 기업 리서치 및 기초 Valuation 분석 지원 투자 포트폴리오 관련 데이터 정리 및 전략적 시너지 분석 지원 신규 사업 기회 및 투자 테마 발굴을 위한 리서치 수행 Deal 검토를 위한 자료 조사 및 투자 논리 구조화 지원 경영진 보고용 전략 자료 및 투자 보고서 작성 지원 글로벌 파트너 관련 커뮤니케이션 및 자료 정리 자격요건 (Qualifications) 국내/외 4년제 대학교 졸업 예정자, 졸업 유예자, 기 졸업자 한국어 및 영어로 원활한 커뮤니케이션이 가능한 분 논리적 사고를 바탕으로 문제 구조화 및 자료 정리가 가능한 분 MS Office(Word, Excel, PowerPoint 등)를 활용한 리서치 및 문서 작성 역량을 보유하신 분 우대사항 (Preferred) 컨설팅펌, 사모펀드(PE), 투자은행(IB) 등에서의 인턴십 경험을 보유하신 분 투자 분석, 전략 프로젝트 또는 리서치 경험을 보유하신 분 헬스케어, 바이오, 우주 산업에 대한 관심을 보유하신 분 근무조건 및 환경 근무형태 : 인턴(Analyst) 근무기간 : 입사 시점부터 3개월 (입사일, 근무 기간 변경 협의 가능) 근무지역 : 서울 종로구",,[],finance_investment,"[""planning_strategy""]","[""Strategy Investment Group Analyst""]","[""한국어"", ""영어"", ""MS Office"", ""Word"", ""Excel"", ""PowerPoint""]",[],bio_pharma,서울,large_corp,office,"[""인턴"", ""프로젝트""]","[""문제해결 능력"", ""커뮤니케이션 역량"", ""정보수집·분석 역량"", ""전략·기획 역량""]",보령은 기존 제약 사업을 넘어 글로벌 헬스케어 산업 전반에서 새로운 비즈니스 기회를 발굴하고 인프라 투자 및 신기술 발굴에 적극적으로 나서고 있습니다. 보령의 Strategy Business Division(SBD)은 미래 정체성을 정의하고 10년 뒤 사업 구조를 설계하는 전략적 컨트롤 타워 역할을 수행합니다.,이 직무는 보령의 미래를 정의하는 전략을 수립하고 이를 실제 투자 및 사업으로 연결하는 실행 중심의 역할을 수행합니다. 글로벌 사업 환경 속에서 최고 경영진 및 업계 인재들과 소통하며 보령의 의미 있는 여정을 함께 만들어갈 지원 파트너를 충원하고자 합니다.,"글로벌 헬스케어, 라이프사이언스, 우주 산업과 관련된 시장, 기술, 기업을 분석하는 업무를 수행합니다. 투자 대상 기업에 대한 리서치를 진행하고 기초적인 Valuation 분석을 지원하며, 투자 포트폴리오 관련 데이터를 정리하고 전략적 시너지를 분석합니다. 신규 사업 기회 및 투자 테마 발굴을 위한 리서치를 수행하고, Deal 검토를 위한 자료 조사 및 투자 논리 구조화를 지원합니다. 또한, 경영진 보고용 전략 자료 및 투자 보고서를 작성하고 글로벌 파트너와의 커뮤니케이션 및 자료 정리 업무를 담당합니다.","국내외 4년제 대학교 졸업 예정자, 졸업 유예자 또는 기 졸업자로서 한국어 및 영어로 원활한 커뮤니케이션이 가능한 분을 찾습니다. 논리적 사고를 바탕으로 문제를 구조화하고 자료를 정리하며, MS Office(Word, Excel, PowerPoint 등)를 활용한 리서치 및 문서 작성 역량을 보유해야 합니다. 컨설팅펌, 사모펀드(PE), 투자은행(IB) 등에서의 인턴십 경험이나 투자 분석, 전략 프로젝트 또는 리서치 경험이 있다면 우대합니다. 헬스케어, 바이오, 우주 산업에 대한 관심을 가진 분을 환영합니다.","[""성장"", ""글로벌"", ""소통"", ""팀워크""]","회사: 보령은 기존 제약 사업을 넘어 글로벌 헬스케어 산업 전반에서 새로운 비즈니스 기회를 발굴하고 인프라 투자 및 신기술 발굴에 적극적으로 나서고 있습니다. 보령의 Strategy Business Division(SBD)은 미래 정체성을 정의하고 10년 뒤 사업 구조를 설계하는 전략적 컨트롤 타워 역할을 수행합니다.
직무 목적: 이 직무는 보령의 미래를 정의하는 전략을 수립하고 이를 실제 투자 및 사업으로 연결하는 실행 중심의 역할을 수행합니다. 글로벌 사업 환경 속에서 최고 경영진 및 업계 인재들과 소통하며 보령의 의미 있는 여정을 함께 만들어갈 지원 파트너를 충원하고자 합니다.
주요 업무: 글로벌 헬스케어, 라이프사이언스, 우주 산업과 관련된 시장, 기술, 기업을 분석하는 업무를 수행합니다. 투자 대상 기업에 대한 리서치를 진행하고 기초적인 Valuation 분석을 지원하며, 투자 포트폴리오 관련 데이터를 정리하고 전략적 시너지를 분석합니다. 신규 사업 기회 및 투자 테마 발굴을 위한 리서치를 수행하고, Deal 검토를 위한 자료 조사 및 투자 논리 구조화를 지원합니다. 또한, 경영진 보고용 전략 자료 및 투자 보고서를 작성하고 글로벌 파트너와의 커뮤니케이션 및 자료 정리 업무를 담당합니다.
인재상: 국내외 4년제 대학교 졸업 예정자, 졸업 유예자 또는 기 졸업자로서 한국어 및 영어로 원활한 커뮤니케이션이 가능한 분을 찾습니다. 논리적 사고를 바탕으로 문제를 구조화하고 자료를 정리하며, MS Office(Word, Excel, PowerPoint 등)를 활용한 리서치 및 문서 작성 역량을 보유해야 합니다. 컨설팅펌, 사모펀드(PE), 투자은행(IB) 등에서의 인턴십 경험이나 투자 분석, 전략 프로젝트 또는 리서치 경험이 있다면 우대합니다. 헬스케어, 바이오, 우주 산업에 대한 관심을 가진 분을 환영합니다.",intern,job_posting,"보령의 Strategy Investment Group에서 글로벌 헬스케어, 라이프사이언스, 우주 산업 관련 전략 수립 및 투자 분석을 지원할 인턴 Analyst를 모집합니다.",[]
311692,주식회사 고위드,[금융권/핀테크] Account Manager (고객관리/법인관리),EXPERIENCED,"고위드 소개 고위드는 혁신성장기업에게 실시간 데이터를 기반으로, 최적의 타이밍에 최적의 금융과 프로세스를 공급하여, 효율적 성장에 기여한다 는 미션을 가진 B2B 플랫폼 기업 입니다. 2020년, 국내 최초 스타트업 전용 법인카드 '고위드 카드'를 출시하며 첫해에만 누적 거래액 900억 원을 기록, 불과 5년 만에 3,700여 개 고객사 확보와 BEP 달성 이라는 의미 있는 성과를 만들어냈습니다. 하지만 우리의 도전은 이제부터입니다. 최근 고위드는 [고위드 2.0 : Beyond Card] 를 선포하며, 카드 기반의 금융을 넘어 혁신 기업의 효율적 성장을 위한 플랫폼 기업으로 진화 하고 있습니다. 고위드는 세 가지 핵심 사업부를 중심으로 성장의 전 과정을 함께 합니다. 코어뱅킹 : 최적의 타이밍에 최적의 금융을 위한 최고의 금융 공급자 Fin-Ops : 혁신성장기업 맞춤형 스마트 재무 경영 파트너 플랫폼 : 신용과 규모의 경제를 활용해 최적의 재화 및 서비스를 가장 효율적으로 연결 이 세 가지 축이 맞물려, 고위드는 기업의 성장 여정을 함께 설계하는 진짜 파트너로 자리 잡고 있습니다. 우리는 2028년까지 30만 고객사와 함께 성장하며, 압도적인 속도로 시장을 확장해 나가고자 합니다. 지금 고위드에 합류한다면, 역동적인 B2B 플랫폼 시장 속에서 새로운 도전과 성취를 동시에 경험할 수 있습니다. | 이런 분을 찾습니다 고위드에서 모든 일의 출발점은 하나입니다. ""고객은 지금 무엇에 어려움을 겪고 있는가?"" 그래서 이런 사람을 찾고 있습니다. 고객이 ""불편하다""고 말하면, 그 말 뒤에 숨은 진짜 문제가 궁금한 사람. 고객의 사용 데이터에서 신호를 읽고, 그 신호의 의미를 고객에게 직접 물어보는 사람. 결과만 보고하는 데서 멈추지 않고, 현장에서 발견한 문제를 팀의 다음 아젠다로 만드는 사람. 고위드의 AM은 단순히 고객을 관리하는 역할이 아닙니다. 고객사의 사업 재무 상황과 이용 맥락을 깊이 이해하고, 잠재 고객 미팅부터 첫 사용 온보딩까지 고위드 서비스가 실제 문제 해결로 이어질 때까지의 전 과정을 책임지는 역할입니다. 고객의 성장을 함께 만들어가는 일에 진심인 분이라면 지금 바로 지원해주세요. | 주요 업무 고객의 문제를 발굴하고 솔루션을 제안합니다 ㅡ CEO CFO 등 의사결정자와 직접 미팅하며, 맞춤형 솔루션(법인카드, FUEL, 지출관리, 구독 등)을 설계하고 도입부터 계약까지 리드합니다. 도입 이후, 고객의 성공을 함께 만듭니다 ㅡ 담당 법인의 활용 현황을 트래킹하고, VOC를 기반으로 고객이 미처 발견하지 못한 기회를 연결하며 장기적인 파트너십을 만들어갑니다. 현장의 문제를 팀의 아젠다로 만듭니다 ㅡ 고객 현장에서 발견한 문제를 운영팀 제품팀에 전달해, 서비스 개선으로 연결합니다. [이 과정에서 이런 경험을 하게 됩니다] CEO CFO를 직접 만납니다 법인의 의사결정자와 대화하며, 고객의 사업 구조를 읽는 시야와 B2B 금융 도메인 전문성을 함께 키울 수 있습니다. 스케일업의 한가운데 합류합니다 3,700개에서 30만 고객사로 가는 시점에, 성장 공식을 함께 만들어가는 과정에 참여합니다. | 자격 요건 고객 앞에 직접 서본 분 고객, 파트너, 외부 이해관계자와 소통하며 일한 경험이 있는 분 끝까지 실행해서 결과를 만들어본 분 주어진 목표를 끝까지 밀어붙여 성과를 낸 경험이 있는 분 감보다 숫자로 일하는 분 고객 데이터를 기반으로 다음 액션을 설계해본 분 고객 여정에서 지표를 움직여본 분 전환율, 리드타임 등 고객 성과를 개선한 경험이 있는 분 [이런 경험이 있다면 더 좋습니다] 창업 경험 B2B 영업, 법인 고객 대상 커뮤니케이션 경험 재무 사업 분석 배경 (VC, AC, 컨설팅, 리서치 등) 카드/PG 도메인 경험 초기 스타트업 또는 빠르게 변화하는 환경에서의 성과 경험 | 전형 절차 간편 지원 유선 스크리닝 직무 인터뷰 조직적합성 인터뷰 레퍼런스 체크 처우 협의 최종 합류 이력서/포트폴리오 없이 5분이면 지원 완료됩니다. 지원 페이지 내 간단한 질문에 답변해주세요. 추가로 공유하고 싶은 자료가 있다면, 지원 페이지 하단 [기타 서류]에 자유롭게 첨부하실 수 있습니다. 면접 시간은 평일 외 주말과 늦은 저녁도 유연하게 조율 가능합니다. 상황에 따라 커피챗 또는 추가 인터뷰가 진행될 수 있습니다. 레퍼런스 체크는 경력에 따라 진행되거나 생략될 수 있습니다. | 안내 사항 서류 접수 마감 : 2026년 4월 10일 (금) 기간 내 채용 완료 시 조기 마감될 수 있으며, 이후 인재풀로 활용될 수 있음을 참고 부탁드립니다. 입사 목표일 : 2026년 5월 11일 (월) 현재 재직 중이신 분은 인수인계 일정 등을 고려해 유연하게 협의 가능합니다. 정규직 입사 시 3개월의 수습 기간이 적용되 며 급여, 복리후생 등은 모두 동일하게 적용됩니다. 제출한 서류에 사실과 다른 정보 및 허위 기재 사항이 발견될 시 합격이 취소될 수 있습니다.",,[],sales,"[""cs_cx""]","[""Account Manager"", ""고객관리"", ""법인관리""]","[""데이터 분석""]","[""B2B 영업"", ""재무 사업 분석"", ""카드/PG 도메인 지식""]",finance_fintech,unknown,startup,unknown,"[""프로젝트""]","[""고객·서비스 지향"", ""문제해결 능력"", ""정보수집·분석 역량"", ""실행력·업무처리 능력"", ""커뮤니케이션 역량""]","고위드는 혁신성장기업에게 실시간 데이터를 기반으로 최적의 금융과 프로세스를 공급하여 효율적 성장에 기여하는 B2B 플랫폼 기업입니다. 2020년 국내 최초 스타트업 전용 법인카드 '고위드 카드'를 출시했으며, 현재는 카드 기반 금융을 넘어 혁신 기업의 효율적 성장을 위한 플랫폼으로 진화하고 있습니다.","고위드의 Account Manager는 고객사의 사업 재무 상황과 이용 맥락을 깊이 이해하고, 잠재 고객 미팅부터 첫 사용 온보딩까지 고위드 서비스가 실제 문제 해결로 이어질 때까지의 전 과정을 책임지며 고객의 성장을 함께 만들어가는 역할입니다.","고객의 문제를 발굴하고 솔루션을 제안하며, CEO, CFO 등 의사결정자와 직접 미팅하여 맞춤형 솔루션(법인카드, FUEL, 지출관리, 구독 등)을 설계하고 도입부터 계약까지 리드합니다. 도입 이후에는 담당 법인의 활용 현황을 트래킹하고 VOC를 기반으로 고객이 미처 발견하지 못한 기회를 연결하며 장기적인 파트너십을 구축합니다. 또한, 고객 현장에서 발견한 문제를 운영팀과 제품팀에 전달하여 서비스 개선으로 연결하는 역할을 수행합니다.","고객, 파트너, 외부 이해관계자와 소통하며 일한 경험이 있고, 주어진 목표를 끝까지 밀어붙여 성과를 낸 경험이 있는 분을 찾습니다. 특히 고객 데이터를 기반으로 다음 액션을 설계하고, 전환율이나 리드타임 등 고객 성과를 개선한 경험이 중요합니다. 창업 경험, B2B 영업 및 법인 고객 대상 커뮤니케이션 경험, 재무 사업 분석 배경(VC, AC, 컨설팅, 리서치 등), 카드/PG 도메인 경험, 그리고 초기 스타트업 또는 빠르게 변화하는 환경에서의 성과 경험이 있다면 더욱 좋습니다.","[""혁신"", ""성장"", ""도전"", ""데이터드리븐"", ""고객중심"", ""문제해결""]","회사: 고위드는 혁신성장기업에게 실시간 데이터를 기반으로 최적의 금융과 프로세스를 공급하여 효율적 성장에 기여하는 B2B 플랫폼 기업입니다. 2020년 국내 최초 스타트업 전용 법인카드 '고위드 카드'를 출시했으며, 현재는 카드 기반 금융을 넘어 혁신 기업의 효율적 성장을 위한 플랫폼으로 진화하고 있습니다.
직무 목적: 고위드의 Account Manager는 고객사의 사업 재무 상황과 이용 맥락을 깊이 이해하고, 잠재 고객 미팅부터 첫 사용 온보딩까지 고위드 서비스가 실제 문제 해결로 이어질 때까지의 전 과정을 책임지며 고객의 성장을 함께 만들어가는 역할입니다.
주요 업무: 고객의 문제를 발굴하고 솔루션을 제안하며, CEO, CFO 등 의사결정자와 직접 미팅하여 맞춤형 솔루션(법인카드, FUEL, 지출관리, 구독 등)을 설계하고 도입부터 계약까지 리드합니다. 도입 이후에는 담당 법인의 활용 현황을 트래킹하고 VOC를 기반으로 고객이 미처 발견하지 못한 기회를 연결하며 장기적인 파트너십을 구축합니다. 또한, 고객 현장에서 발견한 문제를 운영팀과 제품팀에 전달하여 서비스 개선으로 연결하는 역할을 수행합니다.
인재상: 고객, 파트너, 외부 이해관계자와 소통하며 일한 경험이 있고, 주어진 목표를 끝까지 밀어붙여 성과를 낸 경험이 있는 분을 찾습니다. 특히 고객 데이터를 기반으로 다음 액션을 설계하고, 전환율이나 리드타임 등 고객 성과를 개선한 경험이 중요합니다. 창업 경험, B2B 영업 및 법인 고객 대상 커뮤니케이션 경험, 재무 사업 분석 배경(VC, AC, 컨설팅, 리서치 등), 카드/PG 도메인 경험, 그리고 초기 스타트업 또는 빠르게 변화하는 환경에서의 성과 경험이 있다면 더욱 좋습니다.",experienced,job_posting,"고위드는 혁신성장기업을 위한 B2B 핀테크 플랫폼으로, Account Manager는 고객의 성장을 돕기 위해 금융 솔루션을 제안하고 파트너십을 구축하며 서비스 개선에 기여합니다.",[]
311691,SK키파운드리,[SK키파운드리] 총무 분야 경력 채용,EXPERIENCED,"[SK키파운드리] 총무 분야 경력 채용 [담당 업무 및 역할] - 총무성 서비스/인프라 개선, 기획 운영 - 안정적/효율적인 업무환경 구축을 통한 구성원의 업무 지원 - 사업장 내 비품/시설 등 주요 자산관리 - 이외 총무 관련 Operation 업무 [지원자격] - 학사 이상 - 직무 관련 경력 8년 이상 14년 이하 업무 수행 [",총무분야 | 비품/시설관리 | 사무/총무/법무 | 경영/사무 | 총무 | 본인의 경력 사항에 대해 상세히 기술하여 주세요. | [SK키파운드리] 총무 분야 경력 채용,[],management_support,[],"[""총무 분야"", ""비품/시설관리""]",[],[],semiconductor,unknown,large_corp,unknown,[],"[""실행력·업무처리 능력"", ""문제해결 능력""]",SK키파운드리는 반도체 파운드리 사업을 영위하는 회사입니다.,이 직무는 총무성 서비스와 인프라를 개선하고 관리하여 구성원들이 안정적이고 효율적인 환경에서 업무에 집중할 수 있도록 지원하는 역할을 합니다.,"총무성 서비스와 인프라를 개선하고 기획하여 운영합니다. 구성원들이 안정적이고 효율적인 업무 환경에서 업무를 수행할 수 있도록 지원합니다. 사업장 내 비품 및 시설 등 주요 자산을 관리하며, 이외 총무 관련 다양한 운영 업무를 담당합니다.","학사 학위 이상 소지자로, 총무 직무 관련 8년 이상 14년 이하의 경력을 보유한 인재를 찾습니다. 서비스/인프라 개선 및 기획 운영 경험이 있으며, 안정적이고 효율적인 업무 환경 구축에 기여할 수 있는 분을 우대합니다.",[],"회사: SK키파운드리는 반도체 파운드리 사업을 영위하는 회사입니다.
직무 목적: 이 직무는 총무성 서비스와 인프라를 개선하고 관리하여 구성원들이 안정적이고 효율적인 환경에서 업무에 집중할 수 있도록 지원하는 역할을 합니다.
주요 업무: 총무성 서비스와 인프라를 개선하고 기획하여 운영합니다. 구성원들이 안정적이고 효율적인 업무 환경에서 업무를 수행할 수 있도록 지원합니다. 사업장 내 비품 및 시설 등 주요 자산을 관리하며, 이외 총무 관련 다양한 운영 업무를 담당합니다.
인재상: 학사 학위 이상 소지자로, 총무 직무 관련 8년 이상 14년 이하의 경력을 보유한 인재를 찾습니다. 서비스/인프라 개선 및 기획 운영 경험이 있으며, 안정적이고 효율적인 업무 환경 구축에 기여할 수 있는 분을 우대합니다.",experienced,job_posting,"SK키파운드리에서 총무 분야 경력직을 채용하며, 서비스/인프라 개선 및 자산 관리를 통해 효율적인 업무 환경을 구축하는 역할을 수행합니다.",[]
311690,SK바이오팜,[SK바이오팜] 보건관리자(간호사) 경력 구성원 영입,EXPERIENCED,"[SK바이오팜] 보건관리자(간호사) 경력 구성원 영입 [담당업무 및 역할] - 산업안전보건법에 따른 보건관리자 업무 수행 - 건강관리실 구축, 운영 (건강 증진 프로그램 등) - 전염병 예방활동 및 응급상황 대응 - 보건 교육 및 훈련의 실시 - 기타 SHE 업무 수행 (보건성과지표 관리, 보건관리시스템 개선 등) [지원자격] - 학력 : 학사 학위 이상 - 전공 : 간호 관련 학과 - 경력 : 간호사 및 보건관리 분야 경력 3 ~ 10년 (간호사 경력 보유 필수) [우대사항] - 종합병원급 임상 관련 경력 - 사업장 보건관리자 및 대행 업무 경력 - 인간공학기사, 산업위생기사 등 자격증 보유자 - 임상심리사 자격증 보유자 - 영어 Communication 우수자 [","보건관리자 (간호사) | 안전 | 시설/보안/경비/안전 | 서비스 | 간호사 | 의료 | 자발적으로 최고 수준의 목표를 세우고 끈질기게 성취한 경험에 대해 서술해 주십시오. (본인이 설정한 목표/ 목표의 수립 과정/ 처음에 생각했던 목표 달성 가능성/ 수행 과정에서 부딪힌 장애물 및 그 때의 감정(생각)/ 목표 달성을 위한 구체적 노력/ 실제 결과/ 경험의 진실성을 증명할 수 있는 근거가 잘 드러나도록 기술) | 새로운 것을 접목하거나 남다른 아이디어를 통해 문제를 개선했던 경험에 대해 서술해 주십시오. (기존 방식과 본인이 시도한 방식의 차이/ 새로운 시도를 하게 된 계기/ 새로운 시도를 했을 때의 주변 반응/ 새로운 시도를 위해 감수해야 했던 점/ 구체적인 실행 과정 및 결과/ 경험의 진실성을 증명할 수 있는 근거가 잘 드러나도록 기술) | 지원 분야와 관련하여 특정 영역의 전문성을 키우기 위해 꾸준히 노력한 경험에 대해 서술해 주십시오. (전문성의 구체적 영역(예. 통계 분석)/ 전문성을 높이기 위한 학습 과정/ 전문성 획득을 위해 투입한 시간 및 방법/ 습득한 지식 및 기술을 실전적으로 적용해 본 사례/ 전문성을 객관적으로 확인한 경험/ 전문성 향상을 위해 교류하고 있는 네트워크/ 경험의 진실성을 증명할 수 있는 근거가 잘 드러나도록 기술) | 혼자 하기 어려운 일에서 다양한 자원 활용, 타인의 협력을 최대한으로 이끌어 내며, Teamwork를 발휘하여 공동의 목표 달성에 기여한 경험에 대해 서술해 주십시오. (관련된 사람들의 관계(예. 친구, 직장 동료) 및 역할/ 혼자 하기 어렵다고 판단한 이유/ 목표 설정 과정/ 자원(예. 사람, 자료 등) 활용 계획 및 행동/ 구성원들의 참여도 및 의견 차이/ 그에 대한 대응 및 협조를 이끌어 내기 위한 구체적 행동/ 목표 달성 정도 및 본인의 기여도/ 경험의 진실성을 증명할 수 있는 근거가 잘 드러나도록 기술) | [SK바이오팜] 보건관리자(간호사) 경력 구성원 영입",[],management_support,[],"[""보건관리자(간호사)""]","[""간호사 면허""]","[""종합병원 임상 경력"", ""사업장 보건관리자 경력"", ""인간공학기사"", ""산업위생기사"", ""임상심리사"", ""영어""]",bio_pharma,unknown,large_corp,unknown,"[""자격증"", ""프로젝트""]","[""실행력·업무처리 능력"", ""창의·혁신 역량"", ""학습·성장 역량"", ""협업·팀워크""]",SK바이오팜은 혁신 신약 개발 및 생산을 통해 인류의 건강 증진에 기여하는 제약 바이오 기업입니다.,"이 직무는 산업안전보건법에 따라 구성원의 건강을 관리하고 증진하며, 안전한 근무 환경을 조성하는 데 기여합니다.","산업안전보건법에 의거한 보건관리자 업무를 수행하며, 건강관리실을 구축하고 운영합니다. 건강 증진 프로그램을 기획하고 실행하며, 전염병 예방 활동 및 응급상황 발생 시 신속하게 대응합니다. 구성원들을 대상으로 보건 교육 및 훈련을 실시하여 건강 의식을 높이고, 보건성과지표 관리 및 보건관리시스템 개선 등 기타 SHE(Safety, Health, Environment) 업무를 수행합니다.","간호 관련 학사 학위 이상을 소지하고 간호사 및 보건관리 분야에서 3~10년의 경력을 보유한 인재를 찾습니다. 종합병원급 임상 관련 경력이나 사업장 보건관리자 및 대행 업무 경험이 있는 분을 우대합니다. 인간공학기사, 산업위생기사, 임상심리사 등 관련 자격증 보유자를 선호하며, 영어 커뮤니케이션이 우수한 분을 환영합니다. 자발적으로 높은 목표를 설정하고 끈질기게 성취하며, 새로운 아이디어로 문제를 개선하고 전문성을 꾸준히 발전시키는 역량을 가진 분을 기대합니다. 다양한 자원을 활용하고 타인과 협력하여 공동의 목표를 달성하는 팀워크 역량 또한 중요합니다.","[""도전"", ""혁신"", ""전문성"", ""협업"", ""성장""]","회사: SK바이오팜은 혁신 신약 개발 및 생산을 통해 인류의 건강 증진에 기여하는 제약 바이오 기업입니다.
직무 목적: 이 직무는 산업안전보건법에 따라 구성원의 건강을 관리하고 증진하며, 안전한 근무 환경을 조성하는 데 기여합니다.
주요 업무: 산업안전보건법에 의거한 보건관리자 업무를 수행하며, 건강관리실을 구축하고 운영합니다. 건강 증진 프로그램을 기획하고 실행하며, 전염병 예방 활동 및 응급상황 발생 시 신속하게 대응합니다. 구성원들을 대상으로 보건 교육 및 훈련을 실시하여 건강 의식을 높이고, 보건성과지표 관리 및 보건관리시스템 개선 등 기타 SHE(Safety, Health, Environment) 업무를 수행합니다.
인재상: 간호 관련 학사 학위 이상을 소지하고 간호사 및 보건관리 분야에서 3~10년의 경력을 보유한 인재를 찾습니다. 종합병원급 임상 관련 경력이나 사업장 보건관리자 및 대행 업무 경험이 있는 분을 우대합니다. 인간공학기사, 산업위생기사, 임상심리사 등 관련 자격증 보유자를 선호하며, 영어 커뮤니케이션이 우수한 분을 환영합니다. 자발적으로 높은 목표를 설정하고 끈질기게 성취하며, 새로운 아이디어로 문제를 개선하고 전문성을 꾸준히 발전시키는 역량을 가진 분을 기대합니다. 다양한 자원을 활용하고 타인과 협력하여 공동의 목표를 달성하는 팀워크 역량 또한 중요합니다.",experienced,job_posting,SK바이오팜에서 산업안전보건법에 따른 보건관리 업무를 수행할 3~10년 경력의 간호사를 모집합니다.,[]
311689,무신사리테일서비스,[무신사리테일서비스] 무신사 글로벌 경영자 후보 (MMC) 신입 공채,NEW,"[무신사리테일서비스] 무신사 글로벌 경영자 후보 (MMC) 신입 공채 지원 방법 무신사리테일서비스 채용홈페이지 (musinsaretailservices.com) 온라인 지원 지원 자격 만 18세 이상 대한민국 국적 소지자 4년제 대학 졸업자 및 졸업예정자 (각 채용 시, 상세 졸업 시기 관련 안내 예정) 병역 필 또는 면제자로, 해외여행에 결격 사유가 없는 자 외국어 필수요건 외국어로 기본적인 의사소통이 가능한 분 (영어, 일본어, 중국어 중 1개 이상) 우대 사항 어학 자격증 보유자 (접수일 기준 2년 내 성적만 인정) - 영어 : 토익 800점 이상 or 토익 스피킹 IM3 이상 or OPIC IM3 이상 - 일본어 : JPT 800점 이상 or JLPT N1 이상 - 중국어 : HSK 6급 이상 or TSC 6급 이상 영어/일본어/중국어권 대학 졸업자",,[],planning_strategy,[],"[""무신사 글로벌 경영자 후보 (MMC)""]","[""영어"", ""일본어"", ""중국어""]","[""토익 800점 이상"", ""토익 스피킹 IM3 이상"", ""OPIC IM3 이상"", ""JPT 800점 이상"", ""JLPT N1 이상"", ""HSK 6급 이상"", ""TSC 6급 이상"", ""해외 대학 졸업""]",retail_ecommerce,unknown,large_corp,unknown,[],"[""커뮤니케이션 역량"", ""글로벌·다문화 역량"", ""전략·기획 역량"", ""문제해결 능력""]",무신사리테일서비스는 패션 플랫폼 무신사의 리테일 부문 서비스를 담당하는 회사입니다.,"무신사의 글로벌 사업 확장을 이끌어갈 미래 경영자를 양성하고, 다양한 비즈니스 영역에서 핵심적인 역할을 수행할 인재를 확보하기 위함입니다.","무신사의 글로벌 경영자 후보로서 다양한 사업 부문에서 실무 경험을 쌓고, 비즈니스 전략 수립 및 실행에 참여합니다. 국내외 시장 분석을 통해 새로운 성장 동력을 발굴하고, 효율적인 운영 방안을 모색하며, 글로벌 비즈니스 확장을 위한 프로젝트를 수행하게 됩니다. 또한, 각 부서의 핵심 업무를 이해하고 유기적인 협업을 통해 전사적인 관점에서 문제를 해결하는 역량을 키웁니다.","만 18세 이상 대한민국 국적 소지자로 4년제 대학 졸업자 및 졸업예정자여야 합니다. 병역을 필하거나 면제되었으며 해외여행에 결격 사유가 없어야 합니다. 영어, 일본어, 중국어 중 1개 이상 외국어로 기본적인 의사소통이 가능한 분을 찾습니다. 어학 자격증 보유자나 영어/일본어/중국어권 대학 졸업자는 우대합니다.",[],"회사: 무신사리테일서비스는 패션 플랫폼 무신사의 리테일 부문 서비스를 담당하는 회사입니다.
직무 목적: 무신사의 글로벌 사업 확장을 이끌어갈 미래 경영자를 양성하고, 다양한 비즈니스 영역에서 핵심적인 역할을 수행할 인재를 확보하기 위함입니다.
주요 업무: 무신사의 글로벌 경영자 후보로서 다양한 사업 부문에서 실무 경험을 쌓고, 비즈니스 전략 수립 및 실행에 참여합니다. 국내외 시장 분석을 통해 새로운 성장 동력을 발굴하고, 효율적인 운영 방안을 모색하며, 글로벌 비즈니스 확장을 위한 프로젝트를 수행하게 됩니다. 또한, 각 부서의 핵심 업무를 이해하고 유기적인 협업을 통해 전사적인 관점에서 문제를 해결하는 역량을 키웁니다.
인재상: 만 18세 이상 대한민국 국적 소지자로 4년제 대학 졸업자 및 졸업예정자여야 합니다. 병역을 필하거나 면제되었으며 해외여행에 결격 사유가 없어야 합니다. 영어, 일본어, 중국어 중 1개 이상 외국어로 기본적인 의사소통이 가능한 분을 찾습니다. 어학 자격증 보유자나 영어/일본어/중국어권 대학 졸업자는 우대합니다.",new,job_posting,"무신사 글로벌 경영자 후보 신입 공채로, 외국어 역량을 갖춘 미래 경영자를 양성합니다.","[""low_signal""]"
311686,콜마비앤에이치,[콜마비앤에이치] 건강기능식품 품질보증(QA) 전문학사 신입/경력 채용 (채용 시 마감),"NEW, EXPERIENCED",[콜마비앤에이치] 건강기능식품 품질보증(QA) 전문학사 신입/경력 채용 (채용 시 마감) [직무내용] 제품표준서/제조기록서 작성 및 관리 품질 시스템 유지 및 개선 활동 해외 수출 서류 및 식품이력 관리 [지원자격] 학력 : 전문학사 졸업(예정)자 전공 : 식품/화학/생명공학 등 관련 전공 경력 : 신입 및 경력 (3년 이하) [우대사항] GMP 및 HACCP 관련 자격증 소지자 기타 식품관련 자격증 소지자 세종 인근 거주자 및 운전가능자 동종업계 인턴 등 업무 경험자,"품질보증(QA) | 제약 | 바이오/제약/식품 | 연구개발/설계 | 의약품 | 바이오 | 문서관리 | 사무/총무/법무 | 경영/사무 | 생산관리 | 생산관리/공정관리/품질관리 | 생산/제조 | 품질관리 | 1. 지원동기와 입사 후 회사에서 이루고 싶은 꿈은 무엇인가요? | 2. 지원한 직무를 위해 필요한 역량은 무엇이라고 생각하며, 이 역량을 갖추기 위한 노력이나 자신만의 특별한 경험을 작성해 주세요. | 3. 다른 지원자 대비 본인만의 '차별화된 강점'과 '보완해야 할 약점'에 대해 사례를 들어 구체적으로 기술해 주세요. | 경력사항과 보유기술에 대해 구체적으로 설명해주세요. | [콜마비앤에이치] 건강기능식품 품질보증(QA) 전문학사 신입/경력 채용 (채용 시 마감)",[],quality,"[""rnd"", ""manufacturing""]","[""품질보증(QA)""]","[""식품공학 지식"", ""화학 지식"", ""생명공학 지식""]","[""GMP 관련 자격증"", ""HACCP 관련 자격증"", ""식품관련 자격증"", ""운전면허""]",bio_pharma,세종,mid_corp,unknown,"[""인턴""]","[""실행력·업무처리 능력"", ""정보수집·분석 역량""]","콜마비앤에이치는 건강기능식품 및 화장품 ODM 전문 기업으로, 건강기능식품 분야에서 제품 개발 및 생산을 담당합니다.","이 직무는 건강기능식품의 품질을 보증하고 시스템을 관리하여 제품의 안전성과 신뢰성을 확보하며, 해외 수출 관련 품질 서류를 처리하여 글로벌 시장 진출을 지원하는 데 기여합니다.","주요 업무는 건강기능식품의 제품표준서와 제조기록서를 정확하게 작성하고 체계적으로 관리하는 것입니다. 또한, 전반적인 품질 시스템을 지속적으로 유지하고 개선하기 위한 다양한 활동을 수행합니다. 해외 수출에 필요한 품질 관련 서류를 준비하고 관리하며, 식품 이력 추적 시스템을 운영하여 제품의 투명성을 확보하는 역할도 담당합니다.","전문학사 졸업(예정)자 또는 3년 이하의 경력자를 찾고 있으며, 식품, 화학, 생명공학 등 관련 전공자를 우대합니다. GMP 및 HACCP 관련 자격증 소지자는 물론, 기타 식품 관련 자격증을 보유한 분을 선호합니다. 동종업계에서의 인턴십 등 업무 경험이 있는 분은 더욱 환영하며, 세종 인근 거주자 및 운전 가능자를 우대합니다.",[],"회사: 콜마비앤에이치는 건강기능식품 및 화장품 ODM 전문 기업으로, 건강기능식품 분야에서 제품 개발 및 생산을 담당합니다.
직무 목적: 이 직무는 건강기능식품의 품질을 보증하고 시스템을 관리하여 제품의 안전성과 신뢰성을 확보하며, 해외 수출 관련 품질 서류를 처리하여 글로벌 시장 진출을 지원하는 데 기여합니다.
주요 업무: 주요 업무는 건강기능식품의 제품표준서와 제조기록서를 정확하게 작성하고 체계적으로 관리하는 것입니다. 또한, 전반적인 품질 시스템을 지속적으로 유지하고 개선하기 위한 다양한 활동을 수행합니다. 해외 수출에 필요한 품질 관련 서류를 준비하고 관리하며, 식품 이력 추적 시스템을 운영하여 제품의 투명성을 확보하는 역할도 담당합니다.
인재상: 전문학사 졸업(예정)자 또는 3년 이하의 경력자를 찾고 있으며, 식품, 화학, 생명공학 등 관련 전공자를 우대합니다. GMP 및 HACCP 관련 자격증 소지자는 물론, 기타 식품 관련 자격증을 보유한 분을 선호합니다. 동종업계에서의 인턴십 등 업무 경험이 있는 분은 더욱 환영하며, 세종 인근 거주자 및 운전 가능자를 우대합니다.",both,job_posting,"콜마비앤에이치 건강기능식품 품질보증(QA) 신입/경력 채용으로, 제품 표준서 관리, 품질 시스템 유지, 수출 서류 관리 등을 담당합니다.",[]
311685,발렌라이프,[발렌라이프] [신입] IMC마케터,NEW,"[발렌라이프] [신입] IMC마케터 [주요 업무] IMC 마케터는 브랜드 성장을 위해 IMC 전략을 수립하고, 전체 마케팅 구조를 설계하는 역할을 주도합니다 브랜드별 채널과 매체를 분석하고, 미디어 믹스를 추적 관리하며 최적의 마케팅 흐름을 만들어냅니다 브랜드 콘텐츠와 디자인 비주얼 가이드를 수립하여, 일관된 브랜드 경험을 전달합니다 인플루언서 및 바이럴 마케팅을 운영하며, 단순한 홍보를 넘어 브랜드 성장을 견인합니다 인플루언서를 전략적으로 섭외하고, 커뮤니케이션을 통해 협업을 원활히 이끌어냅니다 [자격요건] 업무와 관련된 실무 경험을 보유하고, 퍼포먼스와 결과를 숫자로 설명할 수 있는 분 단순 실행이 아닌, 브랜드 성장과 매출 구조를 고려한 전략 수립에 참여하고 싶은 분 업무 과정에서 발생하는 변수에도 유연하게 대응하며 문제 해결을 즐길 수 있는 분 동료와 소통하며 협업하는 것을 즐기고, 다양한 팀과 원활하게 협력할 수 있는 분 [우대사항] 마케팅/광고 에이전시 경험이 있거나, 인플루언서 마케팅에 관심과 열정을 가진 분 주도적으로 프로젝트를 수행한 경험이 있는 분 슬랙, 노션 등 협업 툴을 능숙하게 활용할 수 있는 분",,[],marketing,"[""planning_strategy""]","[""IMC마케터""]",[],"[""슬랙"", ""노션""]",unknown,unknown,unknown,unknown,"[""인턴"", ""프로젝트""]","[""전략·기획 역량"", ""실행력·업무처리 능력"", ""문제해결 능력"", ""협업·팀워크"", ""커뮤니케이션 역량""]",발렌라이프는 브랜드 성장을 위한 IMC 전략을 수립하고 실행하는 회사입니다.,"IMC 마케터는 브랜드 성장을 위한 통합 마케팅 커뮤니케이션 전략을 수립하고 실행하여, 일관된 브랜드 경험을 제공하고 매출 성장을 견인하는 핵심적인 역할을 수행합니다.","IMC 마케터는 브랜드 성장을 위해 IMC 전략을 수립하고 전체 마케팅 구조를 설계하는 역할을 주도합니다. 브랜드별 채널과 매체를 분석하고 미디어 믹스를 추적 관리하여 최적의 마케팅 흐름을 만들어냅니다. 또한, 브랜드 콘텐츠와 디자인 비주얼 가이드를 수립하여 일관된 브랜드 경험을 전달합니다. 인플루언서 및 바이럴 마케팅을 운영하며 단순한 홍보를 넘어 브랜드 성장을 견인하고, 인플루언서를 전략적으로 섭외하고 커뮤니케이션을 통해 협업을 원활히 이끌어냅니다.","업무와 관련된 실무 경험을 보유하고, 퍼포먼스와 결과를 숫자로 설명할 수 있는 분을 찾습니다. 단순 실행을 넘어 브랜드 성장과 매출 구조를 고려한 전략 수립에 참여하고 싶은 분이어야 합니다. 업무 과정에서 발생하는 변수에도 유연하게 대응하며 문제 해결을 즐기고, 동료와 소통하며 다양한 팀과 원활하게 협력하는 것을 즐기는 분을 우대합니다. 마케팅/광고 에이전시 경험이나 인플루언서 마케팅에 대한 관심과 열정, 주도적인 프로젝트 수행 경험, 슬랙 및 노션 등 협업 툴 활용 능숙자를 우대합니다.",[],"회사: 발렌라이프는 브랜드 성장을 위한 IMC 전략을 수립하고 실행하는 회사입니다.
직무 목적: IMC 마케터는 브랜드 성장을 위한 통합 마케팅 커뮤니케이션 전략을 수립하고 실행하여, 일관된 브랜드 경험을 제공하고 매출 성장을 견인하는 핵심적인 역할을 수행합니다.
주요 업무: IMC 마케터는 브랜드 성장을 위해 IMC 전략을 수립하고 전체 마케팅 구조를 설계하는 역할을 주도합니다. 브랜드별 채널과 매체를 분석하고 미디어 믹스를 추적 관리하여 최적의 마케팅 흐름을 만들어냅니다. 또한, 브랜드 콘텐츠와 디자인 비주얼 가이드를 수립하여 일관된 브랜드 경험을 전달합니다. 인플루언서 및 바이럴 마케팅을 운영하며 단순한 홍보를 넘어 브랜드 성장을 견인하고, 인플루언서를 전략적으로 섭외하고 커뮤니케이션을 통해 협업을 원활히 이끌어냅니다.
인재상: 업무와 관련된 실무 경험을 보유하고, 퍼포먼스와 결과를 숫자로 설명할 수 있는 분을 찾습니다. 단순 실행을 넘어 브랜드 성장과 매출 구조를 고려한 전략 수립에 참여하고 싶은 분이어야 합니다. 업무 과정에서 발생하는 변수에도 유연하게 대응하며 문제 해결을 즐기고, 동료와 소통하며 다양한 팀과 원활하게 협력하는 것을 즐기는 분을 우대합니다. 마케팅/광고 에이전시 경험이나 인플루언서 마케팅에 대한 관심과 열정, 주도적인 프로젝트 수행 경험, 슬랙 및 노션 등 협업 툴 활용 능숙자를 우대합니다.",new,job_posting,"발렌라이프의 신입 IMC 마케터는 브랜드 성장을 위한 통합 마케팅 전략을 수립하고 실행하며, 채널 분석, 콘텐츠 가이드 수립, 인플루언서 마케팅을 통해 브랜드 성장을 견인합니다.",[]
311684,크림(KREAM),[크림(KREAM)] 콘텐츠 디자인 체험형 인턴 모집,INTERN,"[크림(KREAM)] 콘텐츠 디자인 체험형 인턴 모집 [담당 업무] - 상품 이미지 작업보조 및 상품 상세 이미지 검수 - 스타일탭 챌린지/콘텐츠 디자인 작업 보조 - 홈탭 정기 운영 배너 디자인 작업 보조 - 각종 프로모션 비쥬얼 디자인 작업 보조 [필요 역량] - 계약기간 (약 6개월) 동안 Full-Time 근무 가능하신 분 - 채용 우대 사항] - 디자인 시뮬레이션을 위한 UI, 영상, 3D 그래픽 제작이 가능한 분 - 스니커즈, 스트릿웨어, 럭셔리 브랜드 등 패션에 관심이 많으신 분 - 스타일에서 열심히 활동 하시는 분 - mac OS 능숙하신 분","콘텐츠 디자인 체험형 인턴 | 콘텐츠/사이트운영 | IT/인터넷 | e-러닝운영 | 게시판관리 | 사이트운영 | 쇼핑몰 오픈마켓 | 카페 블로그관리 | 컨텐츠운영 | 컨텐츠제작 | [필수] 자기자신을 자유롭게 소개해 주세요. (예: 성격의 장단점, 가치관, 경력 등등) | [필수] 현재의 관심분야와 그 사유를 설명하고 현재 관심 분야에 대한 어떤 활동을 실제 하고 있는지 기술해 주세요. | [필수] 함께하게 된다면 기대하는 바(성취하고 싶은 부분)가 무엇인지 말씀해주세요. | [필수] (자유양식) 포트폴리오가 있다면 첨부해주세요. / 연락처, 이메일 등은 포트폴리오에 포함할 수 없습니다. | [크림(KREAM)] 콘텐츠 디자인 체험형 인턴 모집",[],design,"[""marketing""]","[""콘텐츠 디자인 체험형 인턴""]","[""mac OS""]","[""UI 제작"", ""영상 제작"", ""3D 그래픽 제작""]",retail_ecommerce,unknown,large_corp,office,"[""인턴"", ""대외활동""]","[""디지털·기술 활용 역량"", ""정보수집·분석 역량"", ""실행력·업무처리 능력""]","크림(KREAM)은 스니커즈, 스트릿웨어, 럭셔리 브랜드 등 다양한 패션 아이템을 거래하는 리셀 플랫폼을 운영합니다.","플랫폼의 시각적 콘텐츠 품질을 높이고 사용자 경험을 개선하기 위해 상품 이미지 작업 보조 및 검수, 스타일탭 및 홈탭 콘텐츠 디자인, 프로모션 비쥬얼 디자인을 담당할 인턴을 모집합니다.","주요 업무는 상품 이미지 작업 보조 및 상품 상세 이미지 검수입니다. 스타일탭 챌린지 및 콘텐츠 디자인 작업을 보조하고, 홈탭 정기 운영 배너 디자인 작업도 지원합니다. 또한, 각종 프로모션 비쥬얼 디자인 작업을 보조하여 플랫폼의 전반적인 시각적 요소를 강화하는 데 기여합니다.","계약기간 약 6개월 동안 Full-Time 근무가 가능하신 분을 찾습니다. 디자인 시뮬레이션을 위한 UI, 영상, 3D 그래픽 제작이 가능한 분을 우대합니다. 스니커즈, 스트릿웨어, 럭셔리 브랜드 등 패션에 관심이 많고, KREAM 스타일 탭에서 활발하게 활동하시는 분을 선호합니다. Mac OS 능숙자는 우대합니다.",[],"회사: 크림(KREAM)은 스니커즈, 스트릿웨어, 럭셔리 브랜드 등 다양한 패션 아이템을 거래하는 리셀 플랫폼을 운영합니다.
직무 목적: 플랫폼의 시각적 콘텐츠 품질을 높이고 사용자 경험을 개선하기 위해 상품 이미지 작업 보조 및 검수, 스타일탭 및 홈탭 콘텐츠 디자인, 프로모션 비쥬얼 디자인을 담당할 인턴을 모집합니다.
주요 업무: 주요 업무는 상품 이미지 작업 보조 및 상품 상세 이미지 검수입니다. 스타일탭 챌린지 및 콘텐츠 디자인 작업을 보조하고, 홈탭 정기 운영 배너 디자인 작업도 지원합니다. 또한, 각종 프로모션 비쥬얼 디자인 작업을 보조하여 플랫폼의 전반적인 시각적 요소를 강화하는 데 기여합니다.
인재상: 계약기간 약 6개월 동안 Full-Time 근무가 가능하신 분을 찾습니다. 디자인 시뮬레이션을 위한 UI, 영상, 3D 그래픽 제작이 가능한 분을 우대합니다. 스니커즈, 스트릿웨어, 럭셔리 브랜드 등 패션에 관심이 많고, KREAM 스타일 탭에서 활발하게 활동하시는 분을 선호합니다. Mac OS 능숙자는 우대합니다.",intern,internship_program,크림(KREAM)에서 상품 및 콘텐츠 비쥬얼 디자인을 담당할 체험형 인턴을 모집합니다.,[]
311682,발렌라이프,[발렌라이프] [신입] 올리브영 마케터,NEW,"[발렌라이프] [신입] 올리브영 마케터 [주요 업무] 올리브영 트렌드와 경쟁사 흐름을 빠르게 캐치해 인사이트로 정리해요 브랜드 KPI를 매일 모니터링하고, 데이터 기반 코멘트를 작성해요 올리브영 협력광고(META TIKTOK) 소재를 직접 고민하고, 아이데이션으로 구체화해요 세일 픽 오특 등 올리브영 프로모션 기획을 함께 준비해요 마케팅 자료와 제안서 제작을 서포트하며 전략을 구체화해요 [자격요건] 올리브영과 K-뷰티, 최신 트렌드에 관심과 안목을 가진 분 콘텐츠, 광고, 브랜드 마케팅 전반에 깊은 이해와 호기심을 가진 분 엑셀과 파워포인트를 활용해 데이터를 가공하고, 인사이트를 명확하게 정리할 수 있는 분 브랜드의 성장을 함께 고민하고 아이디어를 나누는 걸 즐기시는 분 [우대사항] 인스타그램 틱톡 콘텐츠를 즐겨보고 트렌드를 빠르게 캐치하시는 분 데이터와 숫자를 다루는 데 거부감 없이, 분석을 즐기시는 분 학교, 개인 프로젝트, 동아리 등에서 마케팅을 직접 경험해본 분 팀과 함께 아이디어를 만들고 협업하는 과정을 즐기시는 분",,[],marketing,[],"[""올리브영 마케터""]","[""엑셀"", ""파워포인트""]","[""인스타그램"", ""틱톡""]",beauty_cosmetics,unknown,unknown,unknown,"[""프로젝트"", ""교내동아리""]","[""정보수집·분석 역량"", ""전략·기획 역량"", ""창의·혁신 역량"", ""협업·팀워크"", ""문제해결 능력""]",발렌라이프는 K-뷰티 브랜드를 운영하며 올리브영 채널 마케팅을 통해 제품을 선보이는 회사입니다.,올리브영 채널의 트렌드를 분석하고 데이터 기반의 마케팅 전략을 수립하여 브랜드 성장을 이끌기 위해 필요한 직무입니다.,"올리브영의 최신 트렌드와 경쟁사 동향을 신속하게 파악하여 마케팅 인사이트를 도출합니다. 브랜드 KPI를 매일 모니터링하고 데이터에 기반한 분석 코멘트를 작성하며, META, TIKTOK 등 올리브영 협력광고 소재를 직접 기획하고 아이디어를 구체화합니다. 또한, 세일 픽, 오특 등 올리브영 프로모션 기획을 지원하고, 마케팅 자료 및 제안서 제작을 통해 마케팅 전략을 구체화하는 역할을 수행합니다.","올리브영과 K-뷰티 시장의 최신 트렌드에 대한 깊은 관심과 안목을 가진 분을 찾습니다. 콘텐츠, 광고, 브랜드 마케팅 전반에 대한 이해와 호기심을 바탕으로, 엑셀과 파워포인트를 활용하여 데이터를 가공하고 명확한 인사이트를 도출할 수 있어야 합니다. 인스타그램, 틱톡 등 소셜 미디어 트렌드를 빠르게 캐치하고, 데이터 분석을 즐기며 브랜드 성장을 위해 적극적으로 아이디어를 공유하고 협업하는 분을 우대합니다. 학교 프로젝트나 동아리 활동 등을 통해 마케팅 실무 경험을 쌓은 분이라면 더욱 좋습니다.","[""데이터드리븐"", ""협업"", ""성장지향"", ""트렌드민감""]","회사: 발렌라이프는 K-뷰티 브랜드를 운영하며 올리브영 채널 마케팅을 통해 제품을 선보이는 회사입니다.
직무 목적: 올리브영 채널의 트렌드를 분석하고 데이터 기반의 마케팅 전략을 수립하여 브랜드 성장을 이끌기 위해 필요한 직무입니다.
주요 업무: 올리브영의 최신 트렌드와 경쟁사 동향을 신속하게 파악하여 마케팅 인사이트를 도출합니다. 브랜드 KPI를 매일 모니터링하고 데이터에 기반한 분석 코멘트를 작성하며, META, TIKTOK 등 올리브영 협력광고 소재를 직접 기획하고 아이디어를 구체화합니다. 또한, 세일 픽, 오특 등 올리브영 프로모션 기획을 지원하고, 마케팅 자료 및 제안서 제작을 통해 마케팅 전략을 구체화하는 역할을 수행합니다.
인재상: 올리브영과 K-뷰티 시장의 최신 트렌드에 대한 깊은 관심과 안목을 가진 분을 찾습니다. 콘텐츠, 광고, 브랜드 마케팅 전반에 대한 이해와 호기심을 바탕으로, 엑셀과 파워포인트를 활용하여 데이터를 가공하고 명확한 인사이트를 도출할 수 있어야 합니다. 인스타그램, 틱톡 등 소셜 미디어 트렌드를 빠르게 캐치하고, 데이터 분석을 즐기며 브랜드 성장을 위해 적극적으로 아이디어를 공유하고 협업하는 분을 우대합니다. 학교 프로젝트나 동아리 활동 등을 통해 마케팅 실무 경험을 쌓은 분이라면 더욱 좋습니다.",new,job_posting,발렌라이프의 올리브영 마케터는 K-뷰티 트렌드와 데이터를 기반으로 올리브영 채널 마케팅 전략을 기획하고 실행하여 브랜드 성장을 이끄는 신입 포지션입니다.,[]
311681,인테그리스코리아,[인테그리스코리아] 2026 글로벌 리더 (신입) 채용,NEW,"[인테그리스코리아] 2026 글로벌 리더 (신입) 채용 ~ 2026-04-12 모집부문 및 상세내용 모집부문 채용구분 담당업무 우대조건 Production Engineer (Slurry) 신입 담당업무 CMP Slurry 제품의 생산 공정을 책임지고 운영하며, 생산 스케줄을 관리하고 현장의 안정성과 효율성을 확보하는 역할을 수행합니다. Manufacturing Engineer (APS) 신입 담당업무 제조 현장에서 생산성/품질/공정 효율 향상을 위해 제품 및 공정 개선 활동을 주도합니다. 자격요건 학력 학력무관 근무조건 급여 회사 내규에 따름 길 16 인테그리스코리아 화성공장 ~ 2026-04-12 지원",,[],manufacturing,[],"[""Production Engineer (Slurry)"", ""Manufacturing Engineer (APS)""]",[],[],semiconductor,화성,foreign_corp,field,[],[],인테그리스코리아는 반도체 산업에 필수적인 재료와 부품을 공급하는 글로벌 선도 기업입니다. 혁신적인 솔루션을 통해 고객사의 생산성 향상에 기여하고 있습니다.,"이 직무는 CMP Slurry 제품의 생산 공정을 안정적으로 운영하고, 제조 현장의 생산성, 품질, 공정 효율을 지속적으로 개선하여 회사의 핵심 제품 공급을 책임지는 역할을 수행합니다.","CMP Slurry 제품의 생산 공정을 책임지고 운영하며, 생산 스케줄을 체계적으로 관리합니다. 현장의 안정성과 효율성을 확보하기 위한 다양한 활동을 수행합니다. 또한 제조 현장에서 생산성, 품질, 공정 효율 향상을 위해 제품 및 공정 개선 활동을 주도적으로 추진합니다. 이를 통해 회사의 제조 경쟁력을 강화하고 고객에게 고품질 제품을 안정적으로 공급하는 데 기여합니다.","본 채용은 글로벌 리더로 성장할 잠재력을 가진 신입 인재를 찾습니다. 학력에 관계없이 지원 가능하며, 생산 공정 운영 및 개선에 대한 열정과 책임감을 가진 분을 환영합니다. 현장의 안정성과 효율성 확보에 기여하고, 생산성 및 품질 향상을 위한 개선 활동을 주도할 수 있는 인재를 기대합니다.",[],"회사: 인테그리스코리아는 반도체 산업에 필수적인 재료와 부품을 공급하는 글로벌 선도 기업입니다. 혁신적인 솔루션을 통해 고객사의 생산성 향상에 기여하고 있습니다.
직무 목적: 이 직무는 CMP Slurry 제품의 생산 공정을 안정적으로 운영하고, 제조 현장의 생산성, 품질, 공정 효율을 지속적으로 개선하여 회사의 핵심 제품 공급을 책임지는 역할을 수행합니다.
주요 업무: CMP Slurry 제품의 생산 공정을 책임지고 운영하며, 생산 스케줄을 체계적으로 관리합니다. 현장의 안정성과 효율성을 확보하기 위한 다양한 활동을 수행합니다. 또한 제조 현장에서 생산성, 품질, 공정 효율 향상을 위해 제품 및 공정 개선 활동을 주도적으로 추진합니다. 이를 통해 회사의 제조 경쟁력을 강화하고 고객에게 고품질 제품을 안정적으로 공급하는 데 기여합니다.
인재상: 본 채용은 글로벌 리더로 성장할 잠재력을 가진 신입 인재를 찾습니다. 학력에 관계없이 지원 가능하며, 생산 공정 운영 및 개선에 대한 열정과 책임감을 가진 분을 환영합니다. 현장의 안정성과 효율성 확보에 기여하고, 생산성 및 품질 향상을 위한 개선 활동을 주도할 수 있는 인재를 기대합니다.",new,job_posting,"인테그리스코리아의 신입 글로벌 리더 채용으로, 반도체 CMP Slurry 생산 공정 운영 및 제조 효율성 개선을 담당합니다.",[]
311680,동대문구가족센터,[연장공고] 다문화 학부모 대상 초등 정규 교과과정 진행 강사 모집,CONTRACT,"[연장공고] 다문화 학부모 대상 초등 정규 교과과정 진행 강사 모집 ~ 2026-04-08 모집부문 및 상세내용 모집 부문 상세내용 2026년 동대문구가족센터 '다문화엄빠학교' 강사 모집 연장 공고 담당업무 다문화가정 학부모 대상 주 3회, 회당 3시간 / 초등학교 저학년 교과목(예체능 포함) 수업 출결 관리, 수업 준비, 수업 일지 작성 등 업무 추진상 필요한 제반 행정 등 입학식 참석 * 자세한 사항은 홈페이지 채용공고 확인 채용형태 - 계약직 우대조건 초 중등교육법에 따른 초등학교 정교사 2급 이상 소지자 중등학교 정교사 2급 이상 소지자 관련 학과 학사학위 이상 소지자 또는 관련 전공자, 졸업 예정자, 경력자 관련 사업(다문화엄빠학교 등) 유경험자[우대] 이 외에 관련법 및 가족사업안내 지침 상 종사자 결격사유가 없어야 함 관련 : 가족, 가정, 아동, 여성, 청소년, 보육, 교육, 다문화, 상담 등 자격요건 학력 학력무관 근무조건 급여 시급 30000원 ~ 30000원 다사랑행복센터 6,7층 동대문구가족센터",,[],education,[],"[""다문화 학부모 대상 초등 정규 교과과정 진행 강사"", ""다문화엄빠학교 강사""]","[""초등학교 저학년 교과목 수업 진행"", ""예체능 수업 진행"", ""출결 관리"", ""수업 준비"", ""수업 일지 작성"", ""행정 업무""]","[""초등학교 정교사 2급 이상"", ""중등학교 정교사 2급 이상"", ""관련 학과 학사학위"", ""관련 전공"", ""관련 사업 유경험""]",public_ngo,동대문구,public_org,office,"[""프로젝트""]","[""실행력·업무처리 능력"", ""고객·서비스 지향"", ""커뮤니케이션 역량""]",동대문구가족센터는 동대문구 지역의 가족들을 위한 다양한 지원 프로그램을 운영하는 공공기관입니다. 특히 다문화 가정을 위한 교육 및 상담 서비스를 제공합니다.,"다문화가정 학부모에게 초등학교 저학년 교과과정 수업을 제공하여 자녀 교육 역량을 강화하고, 학부모들이 한국 교육 시스템에 적응하도록 돕기 위함입니다.","다문화가정 학부모를 대상으로 주 3회, 회당 3시간 동안 초등학교 저학년 교과목(예체능 포함) 수업을 진행합니다. 수업 준비를 철저히 하고, 출결 관리를 수행하며, 수업 일지를 작성하는 등 필요한 제반 행정 업무를 처리합니다. 또한, 프로그램의 시작을 알리는 입학식에 참석해야 합니다.","초등학교 또는 중등학교 정교사 2급 이상 자격증 소지자를 우대합니다. 관련 학과 학사학위 이상 소지자, 관련 전공자, 졸업 예정자, 또는 교육 경력자도 지원 가능합니다. 특히 '다문화엄빠학교'와 같은 관련 사업 유경험자를 우대하며, 관련법 및 가족사업안내 지침 상 종사자 결격사유가 없어야 합니다.",[],"회사: 동대문구가족센터는 동대문구 지역의 가족들을 위한 다양한 지원 프로그램을 운영하는 공공기관입니다. 특히 다문화 가정을 위한 교육 및 상담 서비스를 제공합니다.
직무 목적: 다문화가정 학부모에게 초등학교 저학년 교과과정 수업을 제공하여 자녀 교육 역량을 강화하고, 학부모들이 한국 교육 시스템에 적응하도록 돕기 위함입니다.
주요 업무: 다문화가정 학부모를 대상으로 주 3회, 회당 3시간 동안 초등학교 저학년 교과목(예체능 포함) 수업을 진행합니다. 수업 준비를 철저히 하고, 출결 관리를 수행하며, 수업 일지를 작성하는 등 필요한 제반 행정 업무를 처리합니다. 또한, 프로그램의 시작을 알리는 입학식에 참석해야 합니다.
인재상: 초등학교 또는 중등학교 정교사 2급 이상 자격증 소지자를 우대합니다. 관련 학과 학사학위 이상 소지자, 관련 전공자, 졸업 예정자, 또는 교육 경력자도 지원 가능합니다. 특히 '다문화엄빠학교'와 같은 관련 사업 유경험자를 우대하며, 관련법 및 가족사업안내 지침 상 종사자 결격사유가 없어야 합니다.",contract,job_posting,동대문구가족센터에서 다문화 학부모 대상 초등 정규 교과과정 수업을 진행할 계약직 강사를 모집합니다.,[]
311679,피에프씨테크놀로지스,"대출 영업 상담사(담보 신용대출 관련, 1년 계약직)",CONTRACT,"PFC Technologies ""EXTRAORDINARY FINANCE FOR THE ORDINARY"" 보통 사람을 위한 보통이 아닌 금융 PFCT는 한국은 물론, 진출한 모든 시장에서 불가능하다고 여겨졌던 이정표들을 달성하고 있는 독보적인 금융 기술(Lending Tech) 전문성으로 아시아 금융 환경을 재편하고 있어요. 대한민국 최고의 온투금융사 B2B AI 솔루션 서비스로 9 개국에서 사업을 영위하고 있는 극소수의 AI 금융 기술 회사 대형 테크회사보다 높은 공헌 이익률 약 80%, 분기 손익분기점을 달성하며 빠르게 성장 중인 스타트업 창의적인 사업 전략과 혁신적인 기술력으로 '보통 사람을 위한 보통이 아닌 금융'을 구현할, 한국을 넘어 아시아 전역에서 활약하는 사업 활동에 가슴 뛰는 최고의 인재를 모시고 있습니다. 지금, PFCT와 함께해요! Lending Unit은, PFCT의 대출 사업 전반을 책임지며, 더 많은 사람이 빠르고 신뢰할 수 있는 금융을 경험할 수 있도록 만드는 조직이에요. 온라인투자연계금융(P2P)을 기반으로 다양한 대출 상품을 운영하며, 상품 기획부터 리스크 관리, 영업 전략, 운영까지 대출 비즈니스의 전 과정을 함께 만들어가요. 주택담보대출, 개인신용대출, 증권담보대출 등 다양한 대출 상품을 기획 운영해요. 신용평가와 리스크 관리 전략을 통해 안정적인 대출 구조를 설계하고 관리해요. 온라인 오프라인 채널을 통해 대출 모집과 고객 접점을 확장해요. 고객 여정 전반을 고려한 CRM 전략으로 대출 경험을 지속적으로 개선해요. 데이터 분석을 기반으로 의사 결정을 고도화하고, 업무 자동화를 통해 운영 효율을 높여요. 신규 대출 구조와 사업 기회를 발굴하며 대출 비즈니스의 확장을 고민해요. 그 중 Sales팀은 투자 유치부터 대출 영업까지 온투금융의 매출을 직접 만들어가는 조직으로, 리테일 법인 투자자 관리, 아웃바운드 대출 영업, 세일즈 전략 수립 등 사업 성장의 최전선을 담당하고 있어요. 대출 영업(담보 신용대출) 상담사 는, 담보 신용대출 영업을 담당하며, 고객 발굴부터 상담 실행까지 전 과정을 이끌며 실질적인 성과를 만들어가는 역할을 하고 있어요. 고객 중심으로 생각해요 : 스크립트를 읽는 것이 아니라, 고객의 상황을 이해하고 진짜 필요한 것을 제안해요. 빠르게 실행하고 피드백을 반영해요 : 상담 결과를 팀과 공유하고, 전환율 실행률 지표를 직접 확인하며 개선점을 찾아요. 반복적으로 시도하며 자신만의 영업 방식을 만들어가요. 팀과 함께 성장해요 : 개인 실적뿐 아니라 팀 전체의 목표 달성을 위해 협력하고, 서로의 노하우를 공유해요. 합류하면 이런 일을 해요 아웃바운드 상담 및 고객 발굴 잠재 고객에게 선제적으로 연락해 대출 니즈를 파악하고 상담을 진행해요. 담보대출 신용대출 상품의 한도 금리 조건을 고객 상황에 맞게 안내해요. 고객의 재무 상황을 분석해 최적의 상품을 제안하고 의사결정을 지원해요. 대출 실행 및 실적 관리 신청 접수부터 서류 안내, 대출 실행까지 전 과정을 책임지고 관리해요. 전환율 실행률 등 핵심 지표를 직접 트래킹하며 성과를 만들어가요. 저희는 이런 분을 찾고 있어요 학력 경력 무관 (신입 가능) 금융 대출 영업 직무에 관심 있는 분 적극적인 커뮤니케이션 및 전화 상담 가능한 분 목표 지향적이고 실행력 있는 분 이런 경험을 가진 분이면 더 좋아요 금융권 콜센터 TM 영업 경이 있는 분 담보대출 또는 신용대출 상담 경험이 있는 분 세일즈 및 고객 응대 경험이 있는 분 합류 여정에 대해 알려드려요 채용 프로세스 서류 전형 1차 인터뷰(Job-Fit) 2차 인터뷰(Culture Fit) 처우 협의 합류 지원 서류 이력서(필수/자유 양식) 포트폴리오(선택) 제출 형식: PDF 파일 권장 안내 사항 본 공고는 1년 계약직 포지션이며, 조직 상황과 평가에 따라 계약 연장이 검토될 수 있습니다. 내부 사정에 따라 채용 일정 또는 절차가 변경될 수 있으며, 변경 시 별도 안내 드릴 예정입니다. 제출 서류에",,[],sales,[],"[""대출 영업 상담사(담보 신용대출 관련)""]","[""전화 상담""]","[""TM 영업"", ""담보대출 상담"", ""신용대출 상담"", ""세일즈"", ""고객 응대""]",finance_fintech,unknown,startup,unknown,[],"[""고객·서비스 지향"", ""실행력·업무처리 능력"", ""협업·팀워크"", ""커뮤니케이션 역량"", ""문제해결 능력""]",PFC Technologies는 금융 기술(Lending Tech) 전문성을 바탕으로 아시아 금융 환경을 재편하고 있는 회사입니다. 대한민국 최고의 온투금융사 B2B AI 솔루션 서비스로 9개국에서 사업을 영위하고 있습니다.,"대출 영업 상담사는 담보 신용대출 영업을 담당하며, 고객 발굴부터 상담 실행까지 전 과정을 이끌어 실질적인 성과를 창출하는 중요한 역할을 합니다.","잠재 고객에게 선제적으로 연락하여 대출 니즈를 파악하고 상담을 진행합니다. 담보대출 및 신용대출 상품의 한도와 금리 조건을 고객 상황에 맞게 안내하며, 고객의 재무 상황을 분석하여 최적의 상품을 제안하고 의사결정을 지원합니다. 신청 접수부터 서류 안내, 대출 실행까지 전 과정을 책임지고 관리하며, 전환율 및 실행률 등 핵심 지표를 직접 트래킹하며 성과를 창출합니다.","학력 및 경력 무관하게 금융 대출 영업 직무에 관심 있는 분을 찾습니다. 적극적인 커뮤니케이션 능력과 전화 상담이 가능하며, 목표 지향적이고 실행력 있는 인재를 선호합니다. 금융권 콜센터 TM 영업 경험, 담보대출 또는 신용대출 상담 경험, 세일즈 및 고객 응대 경험이 있다면 더욱 좋습니다. 고객의 상황을 이해하고 필요한 것을 제안하며, 빠르게 실행하고 피드백을 반영하여 자신만의 영업 방식을 만들어갈 수 있는 분을 기대합니다.","[""혁신"", ""성장"", ""데이터드리븐"", ""고객중심"", ""빠른실행"", ""협력""]","회사: PFC Technologies는 금융 기술(Lending Tech) 전문성을 바탕으로 아시아 금융 환경을 재편하고 있는 회사입니다. 대한민국 최고의 온투금융사 B2B AI 솔루션 서비스로 9개국에서 사업을 영위하고 있습니다.
직무 목적: 대출 영업 상담사는 담보 신용대출 영업을 담당하며, 고객 발굴부터 상담 실행까지 전 과정을 이끌어 실질적인 성과를 창출하는 중요한 역할을 합니다.
주요 업무: 잠재 고객에게 선제적으로 연락하여 대출 니즈를 파악하고 상담을 진행합니다. 담보대출 및 신용대출 상품의 한도와 금리 조건을 고객 상황에 맞게 안내하며, 고객의 재무 상황을 분석하여 최적의 상품을 제안하고 의사결정을 지원합니다. 신청 접수부터 서류 안내, 대출 실행까지 전 과정을 책임지고 관리하며, 전환율 및 실행률 등 핵심 지표를 직접 트래킹하며 성과를 창출합니다.
인재상: 학력 및 경력 무관하게 금융 대출 영업 직무에 관심 있는 분을 찾습니다. 적극적인 커뮤니케이션 능력과 전화 상담이 가능하며, 목표 지향적이고 실행력 있는 인재를 선호합니다. 금융권 콜센터 TM 영업 경험, 담보대출 또는 신용대출 상담 경험, 세일즈 및 고객 응대 경험이 있다면 더욱 좋습니다. 고객의 상황을 이해하고 필요한 것을 제안하며, 빠르게 실행하고 피드백을 반영하여 자신만의 영업 방식을 만들어갈 수 있는 분을 기대합니다.",contract,job_posting,"PFC Technologies에서 담보 신용대출 영업을 담당하며 고객 발굴부터 상담, 실행까지 책임질 1년 계약직 영업 상담사를 모집합니다.",[]
311678,발렌라이프,[발렌라이프] [신입] 글로벌 마케터,NEW,[주요 업무] 광고 소재 상세페이지를 기획하고 카피라이팅합니다 광고주와 커뮤니케이션 하며 프로젝트 스케줄을 관리합니다 현지 협력업체(번역 PR 인플루언서 등)와 소통하며 업무를 총괄합니다 META / X / Google 등 퍼포먼스 채널 운영에 대한 이해를 기반으로 데이터를 분석합니다 퍼포먼스 결과로부터 Next Action 도출합니다 [자격요건] 효과적이고 설득력 있는 콘텐츠 광고 기획 역량을 갖추신 분 프로젝트를 스스로 관리하고 일정 조율이 가능한 분 광고주 및 파트너사와 명확한 커뮤니케이션이 가능한 분 퍼포먼스 마케팅 구조를 이해하며 데이터 기반의 판단이 가능한 분 [우대사항] 일본/북미 로컬 뷰티 헬스 시장 트렌드 트렌드를 빠르게 파악할 수 있는 분 일본/북미 거주 경험이 있거나 일본어/영어 상급 실력을 갖춘 분 퍼포먼스 광고 계정을 직접 운영하며 성과를 만들어본 경험자 SNS와 LP 카피라이팅을 경험하며 매력적인 콘텐츠를 만들어본 분,,[],marketing,[],"[""글로벌 마케터""]","[""광고 기획"", ""카피라이팅"", ""프로젝트 관리"", ""데이터 분석"", ""퍼포먼스 마케팅"", ""커뮤니케이션""]","[""시장 트렌드 분석"", ""일본어"", ""영어"", ""퍼포먼스 광고 운영"", ""SNS 마케팅"", ""LP 카피라이팅""]",beauty_cosmetics,unknown,mid_corp,unknown,"[""프로젝트""]","[""전략·기획 역량"", ""실행력·업무처리 능력"", ""커뮤니케이션 역량"", ""정보수집·분석 역량"", ""문제해결 능력""]",발렌라이프는 글로벌 뷰티 및 헬스 시장을 대상으로 사업을 운영하는 기업입니다.,"글로벌 마케터는 광고 소재 기획, 퍼포먼스 채널 운영 및 데이터 분석을 통해 해외 시장에서 브랜드의 성과를 극대화하고 성장을 이끄는 역할을 수행합니다.","주요 업무는 광고 소재 상세페이지를 기획하고 매력적인 카피라이팅을 작성하는 것입니다. 광고주와 긴밀히 소통하며 프로젝트 스케줄을 효율적으로 관리하고, 현지 협력업체(번역, PR, 인플루언서 등)와의 원활한 커뮤니케이션을 통해 업무를 총괄합니다. META, X, Google 등 주요 퍼포먼스 채널 운영에 대한 깊은 이해를 바탕으로 데이터를 정밀하게 분석합니다. 이 분석 결과를 토대로 퍼포먼스 결과로부터 다음 액션을 도출하고, 마케팅 전략을 지속적으로 개선하는 역할을 수행합니다.","효과적이고 설득력 있는 콘텐츠 광고 기획 역량을 갖추고 프로젝트를 주도적으로 관리하며 일정을 조율할 수 있는 분을 찾습니다. 광고주 및 파트너사와 명확하게 소통할 수 있어야 하며, 퍼포먼스 마케팅 구조를 이해하고 데이터 기반으로 판단할 수 있는 능력이 필수적입니다. 일본/북미 로컬 뷰티 헬스 시장 트렌드를 빠르게 파악하고, 일본/북미 거주 경험 또는 일본어/영어 상급 실력을 갖춘 분을 우대합니다. 또한, 퍼포먼스 광고 계정을 직접 운영하여 성과를 만들어본 경험이나 SNS 및 LP 카피라이팅을 통해 매력적인 콘텐츠를 제작해본 경험이 있다면 더욱 좋습니다.",[],"회사: 발렌라이프는 글로벌 뷰티 및 헬스 시장을 대상으로 사업을 운영하는 기업입니다.
직무 목적: 글로벌 마케터는 광고 소재 기획, 퍼포먼스 채널 운영 및 데이터 분석을 통해 해외 시장에서 브랜드의 성과를 극대화하고 성장을 이끄는 역할을 수행합니다.
주요 업무: 주요 업무는 광고 소재 상세페이지를 기획하고 매력적인 카피라이팅을 작성하는 것입니다. 광고주와 긴밀히 소통하며 프로젝트 스케줄을 효율적으로 관리하고, 현지 협력업체(번역, PR, 인플루언서 등)와의 원활한 커뮤니케이션을 통해 업무를 총괄합니다. META, X, Google 등 주요 퍼포먼스 채널 운영에 대한 깊은 이해를 바탕으로 데이터를 정밀하게 분석합니다. 이 분석 결과를 토대로 퍼포먼스 결과로부터 다음 액션을 도출하고, 마케팅 전략을 지속적으로 개선하는 역할을 수행합니다.
인재상: 효과적이고 설득력 있는 콘텐츠 광고 기획 역량을 갖추고 프로젝트를 주도적으로 관리하며 일정을 조율할 수 있는 분을 찾습니다. 광고주 및 파트너사와 명확하게 소통할 수 있어야 하며, 퍼포먼스 마케팅 구조를 이해하고 데이터 기반으로 판단할 수 있는 능력이 필수적입니다. 일본/북미 로컬 뷰티 헬스 시장 트렌드를 빠르게 파악하고, 일본/북미 거주 경험 또는 일본어/영어 상급 실력을 갖춘 분을 우대합니다. 또한, 퍼포먼스 광고 계정을 직접 운영하여 성과를 만들어본 경험이나 SNS 및 LP 카피라이팅을 통해 매력적인 콘텐츠를 제작해본 경험이 있다면 더욱 좋습니다.",new,job_posting,"발렌라이프에서 글로벌 뷰티/헬스 시장을 대상으로 광고 기획, 퍼포먼스 채널 운영 및 데이터 분석을 담당할 신입 글로벌 마케터를 채용합니다.",[]
311675,희성촉매,[희성촉매] [사무직] 연구개발(화학촉매) 담당자 채용,"NEW, EXPERIENCED","[희성촉매] [사무직] 연구개발(화학촉매) 담당자 채용 주요 업무 촉매 개발 분야 - 석유화학: 탈수소화, 수소화, SAF(항공유) 등 - 수소 생산/이송: 개질, 암모니아전환, LOHC, 수전해 등 촉매 설계 및 디자인 - 촉매 제조: 조성 / 제조 방법 발굴 및 적용 - 촉매 분석: 유/무기 화합물에 대한 물리/화학적 분석 - 촉매 평가: 성능 및 반응조건 최적화 촉매 요소 개발 - 다양한 촉매 및 지지체에 대한 설계 & 개발 - 촉매 반응기 설계/구축 및 운용 필요 역량 화학촉매 개발에 대한 전공 지식 및 연구 역량 보유자 촉매 설계/합성/분석/평가 전반의 수행 역량 보유자 석유화학, 수소, SAF 관련 촉매 개발 분야에 관심이 높은 자 실험 데이터 분석 및 결과 해석 능력 보유자 자격 요건 석사 이상 학위 소지자 전공 분야 : 화학, 화학공학, 공업화학, 재료공학, 신소재공학 관련 전공자 해외 여행에 결격 사유가 없는 분(남성의 경우 병역 필 또는 면제자) 토익 700점(또는 토익스피킹 130점, 오픽 IM) 이상 점수 보유자 우대 사항 영어 회화 가능자 산업체 촉매 개발 업무 또는 석유화학 관련 불균일계 촉매 개발 관련 경력자 논문 작성, 정부 과제 참여 경험 다수 보유자","연구개발(화학촉매) 담당자 | 화학/에너지/환경 | 연구개발/설계 | 화학 | 에너지 | 환경 | 화장품 | 자신을 한 줄로 PR해 주시기 바랍니다. | 자신의 성장 과정 및 성격(강점/약점)에 대해 기술해 주시기 바랍니다. | 교내외 활동 및 특기 사항을 기술해 주시기 바랍니다. (관심 분야/봉사/수상 경력/해외 경험/취미/특기 등) | 팀을 구성해 공동의 목표를 추진해 본 경험에 대하여 기술해 주시기 바랍니다. (팀 내에서 자신의 역할, 팀원 간의 마찰 극복, 팀 활동의 결과 등) | 본인이 생각하는 고객의 정의와 고객을 상대하며 고객 만족을 위해 적극적으로 노력하였던 경험을 기술해 주시기 바랍니다. | 본인의 희망과 상이한 업무를 회사가 제의한다면 어떻게 행동할지 기술해 주시기 바랍니다. | 지원 동기 및 입사 후 포부(10년 후 나의 모습)를 기술해 주시기 바랍니다. | [희성촉매] [사무직] 연구개발(화학촉매) 담당자 채용",[],rnd,[],"[""연구개발(화학촉매) 담당자""]","[""화학촉매 개발 지식"", ""촉매 설계"", ""촉매 합성"", ""촉매 분석"", ""촉매 평가"", ""실험 데이터 분석"", ""결과 해석"", ""토익 700점"", ""토익스피킹 130점"", ""오픽 IM""]","[""영어 회화""]",chemical_material,unknown,mid_corp,office,"[""프로젝트"", ""대외활동""]","[""학습·성장 역량"", ""정보수집·분석 역량"", ""협업·팀워크"", ""고객·서비스 지향""]","희성촉매는 석유화학, 수소 생산/이송 등 다양한 산업 분야에 필요한 화학촉매를 개발하고 공급하는 기업입니다. 촉매 설계, 제조, 분석, 평가를 통해 핵심 기술을 제공합니다.","이 직무는 석유화학 및 수소 에너지 분야의 핵심 기술인 화학촉매를 개발하여 산업 발전에 기여하고, 새로운 촉매 솔루션을 제공하는 데 목적이 있습니다.","주요 업무는 석유화학 분야의 탈수소화, 수소화, SAF(항공유) 촉매 개발과 수소 생산/이송을 위한 개질, 암모니아전환, LOHC, 수전해 촉매 개발을 포함합니다. 또한, 촉매의 조성 및 제조 방법을 발굴하고 적용하며, 유/무기 화합물에 대한 물리/화학적 분석을 수행합니다. 개발된 촉매의 성능 및 반응조건을 최적화하기 위한 평가를 진행하고, 다양한 촉매 및 지지체에 대한 설계 및 개발, 촉매 반응기 설계/구축 및 운용을 담당합니다.","화학, 화학공학, 공업화학, 재료공학, 신소재공학 관련 석사 이상 학위 소지자로, 화학촉매 개발에 대한 깊이 있는 전공 지식과 연구 역량을 보유해야 합니다. 촉매 설계, 합성, 분석, 평가 전반을 수행할 수 있는 역량과 실험 데이터 분석 및 결과 해석 능력이 필수적입니다. 석유화학, 수소, SAF 관련 촉매 개발 분야에 높은 관심을 가진 분을 우대하며, 토익 700점 또는 그에 준하는 어학 성적을 요구합니다. 영어 회화 가능자, 산업체 촉매 개발 또는 석유화학 관련 불균일계 촉매 개발 경력자, 논문 작성 및 정부 과제 참여 경험이 많은 분을 우대합니다.",[],"회사: 희성촉매는 석유화학, 수소 생산/이송 등 다양한 산업 분야에 필요한 화학촉매를 개발하고 공급하는 기업입니다. 촉매 설계, 제조, 분석, 평가를 통해 핵심 기술을 제공합니다.
직무 목적: 이 직무는 석유화학 및 수소 에너지 분야의 핵심 기술인 화학촉매를 개발하여 산업 발전에 기여하고, 새로운 촉매 솔루션을 제공하는 데 목적이 있습니다.
주요 업무: 주요 업무는 석유화학 분야의 탈수소화, 수소화, SAF(항공유) 촉매 개발과 수소 생산/이송을 위한 개질, 암모니아전환, LOHC, 수전해 촉매 개발을 포함합니다. 또한, 촉매의 조성 및 제조 방법을 발굴하고 적용하며, 유/무기 화합물에 대한 물리/화학적 분석을 수행합니다. 개발된 촉매의 성능 및 반응조건을 최적화하기 위한 평가를 진행하고, 다양한 촉매 및 지지체에 대한 설계 및 개발, 촉매 반응기 설계/구축 및 운용을 담당합니다.
인재상: 화학, 화학공학, 공업화학, 재료공학, 신소재공학 관련 석사 이상 학위 소지자로, 화학촉매 개발에 대한 깊이 있는 전공 지식과 연구 역량을 보유해야 합니다. 촉매 설계, 합성, 분석, 평가 전반을 수행할 수 있는 역량과 실험 데이터 분석 및 결과 해석 능력이 필수적입니다. 석유화학, 수소, SAF 관련 촉매 개발 분야에 높은 관심을 가진 분을 우대하며, 토익 700점 또는 그에 준하는 어학 성적을 요구합니다. 영어 회화 가능자, 산업체 촉매 개발 또는 석유화학 관련 불균일계 촉매 개발 경력자, 논문 작성 및 정부 과제 참여 경험이 많은 분을 우대합니다.",both,job_posting,희성촉매에서 석유화학 및 수소 에너지 분야의 화학촉매 연구개발을 담당할 석사 이상 경력자를 채용합니다.,[]
311659,피에프씨테크놀로지스,개인신용대출 심사 지원(서포트) 담당자,CONTRACT,"PFC Technologies ""EXTRAORDINARY FINANCE FOR THE ORDINARY"" 보통 사람을 위한 보통이 아닌 금융 PFCT는 한국은 물론, 진출한 모든 시장에서 불가능하다고 여겨졌던 이정표들을 달성하고 있는 독보적인 금융 기술(Lending Tech) 전문성으로 아시아 금융 환경을 재편하고 있어요. 대한민국 최고의 온투금융사 B2B AI 솔루션 서비스로 9 개국에서 사업을 영위하고 있는 극소수의 AI 금융 기술 회사 대형 테크회사보다 높은 공헌 이익률 약 80%, 분기 손익분기점을 달성하며 빠르게 성장 중인 스타트업 창의적인 사업 전략과 혁신적인 기술력으로 '보통 사람을 위한 보통이 아닌 금융'을 구현할, 한국을 넘어 아시아 전역에서 활약하는 사업 활동에 가슴 뛰는 최고의 인재를 기다리고 있어요. 지금, PFCT와 함께해요! Risk Management Team 은, PFCT 서비스의 개인신용대출/주택담보대출/기타담보대출 등 리스크를 줄이기 위한 프로세스를 더 나은 방향으로 개선하고 있는 팀이에요. 이를 위해 대출 심사(사전), 채권관리(사후) 담당자들이 한 팀으로 구성되어 보다 유연하고 효율적으로 리스크를 관리하고 있어요. 개인신용대출 심사 지원(서포트) 담당자 는, 합류하면 이런 일을 해요 개인신용대출 서류 심사 업무를 수행해요. 대출 1차 심사, 약정 체결 등 개인 여신 전반의 업무를 진행해요. 개인신용대출 실행 전 체크리스트를 꼼꼼히 실수 없이 확인해요. 리스크에 대한 회사의 든든한 최후 방어선 역할을 수행해요. 저희는 이런 분을 찾고 있어요 꼼꼼한 성향의 소유자로 금융 당국 규제 조건을 실수 없이 검토하실 수 있는 분 맡은 일에 대해 강한 주인 의식을 가지고, 완결성 있게 업무를 수행할 수 있는 분 유연한 사고와 능동적인 자세를 가자고 있는 분 이런 경험을 가진 분이면 더 좋아요 온라인투자금융업에 대한 이해도를 가지고 있는 분 엑셀, 구글 스프레드시트 등 OA 활용 능력을 보유하고 있는 분 합류 여정에 대해 알려드려요 채용 프로세스 서류 전형 1차 인터뷰(Job-Fit) 2차 인터뷰(Culture Fit) 처우 협의 최종 합류 지원 서류 이력서(필수/자유 양식) 포트폴리오(선택) 제출 형식: PDF 파일 권장 안내 사항 본 공고는 6개월 계약직 포지션입니다. 내부 사정에 따라 채용 일정 또는 절차가 변경될 수 있으며, 변경 시 별도 안내 드릴 예정입니다. 제출 서류에",,[],finance_investment,"[""management_support""]","[""개인신용대출 심사 지원(서포트) 담당자""]",[],"[""엑셀"", ""구글 스프레드시트"", ""OA 활용""]",finance_fintech,unknown,startup,office,[],"[""실행력·업무처리 능력"", ""문제해결 능력""]",PFC Technologies는 한국을 넘어 아시아 전역에서 독보적인 금융 기술(Lending Tech) 전문성으로 금융 환경을 재편하고 있는 회사입니다. 대한민국 최고의 온투금융사 B2B AI 솔루션 서비스로 9개국에서 사업을 영위하며 빠르게 성장 중인 스타트업입니다.,"이 직무는 개인신용대출 서류 심사 및 약정 체결 업무를 수행하며, 대출 실행 전 체크리스트를 꼼꼼히 확인하여 회사의 리스크를 관리하고 든든한 최후 방어선 역할을 수행합니다.","개인신용대출 서류 심사 업무를 수행하며, 대출 1차 심사 및 약정 체결 등 개인 여신 전반의 업무를 진행합니다. 개인신용대출 실행 전 체크리스트를 꼼꼼하게 확인하여 실수를 방지하고, 리스크에 대한 회사의 최후 방어선 역할을 수행합니다.","꼼꼼한 성향으로 금융 당국 규제 조건을 실수 없이 검토할 수 있는 분을 찾습니다. 맡은 일에 강한 주인 의식을 가지고 완결성 있게 업무를 수행하며, 유연하고 능동적인 자세를 가진 분을 선호합니다. 온라인투자금융업에 대한 이해도와 엑셀, 구글 스프레드시트 등 OA 활용 능력을 보유한 분은 우대합니다.","[""혁신"", ""성장"", ""자율"", ""능동적""]","회사: PFC Technologies는 한국을 넘어 아시아 전역에서 독보적인 금융 기술(Lending Tech) 전문성으로 금융 환경을 재편하고 있는 회사입니다. 대한민국 최고의 온투금융사 B2B AI 솔루션 서비스로 9개국에서 사업을 영위하며 빠르게 성장 중인 스타트업입니다.
직무 목적: 이 직무는 개인신용대출 서류 심사 및 약정 체결 업무를 수행하며, 대출 실행 전 체크리스트를 꼼꼼히 확인하여 회사의 리스크를 관리하고 든든한 최후 방어선 역할을 수행합니다.
주요 업무: 개인신용대출 서류 심사 업무를 수행하며, 대출 1차 심사 및 약정 체결 등 개인 여신 전반의 업무를 진행합니다. 개인신용대출 실행 전 체크리스트를 꼼꼼하게 확인하여 실수를 방지하고, 리스크에 대한 회사의 최후 방어선 역할을 수행합니다.
인재상: 꼼꼼한 성향으로 금융 당국 규제 조건을 실수 없이 검토할 수 있는 분을 찾습니다. 맡은 일에 강한 주인 의식을 가지고 완결성 있게 업무를 수행하며, 유연하고 능동적인 자세를 가진 분을 선호합니다. 온라인투자금융업에 대한 이해도와 엑셀, 구글 스프레드시트 등 OA 활용 능력을 보유한 분은 우대합니다.",contract,job_posting,PFC Technologies에서 개인신용대출 서류 심사 및 리스크 관리를 지원할 꼼꼼하고 능동적인 계약직 담당자를 모집합니다.,[]
311657,쿠쿠홀딩스,[쿠쿠홀딩스] 해외영업 부문 신입/경력 사원 채용,"NEW, EXPERIENCED","[쿠쿠홀딩스] 해외영업 부문 신입/경력 사원 채용 [모집 직무] 해외영업 [지원 자격] - 전문학사 이상 졸업(예정)자 - 해외 여행 결격 사유가 없는 자 [우대 사항] - 무역, 물류, 국제 통상 전공자 - 영어, 중국어 가능자 - ERP(Oracle) 활용 가능자 - 취업 지원 대상자(장애인, 보훈대상자, 국가유공자)는 관계 법령에 의거 우대 채용 - 현지채용의 경우 근무지 국적자 우대 채용 [모집 일정]",,[],sales,[],"[""해외영업""]",[],"[""무역"", ""물류"", ""국제통상"", ""영어"", ""중국어"", ""ERP"", ""Oracle""]",electronics,unknown,mid_corp,unknown,[],[],"쿠쿠홀딩스는 생활가전 제품을 제조 및 판매하는 기업으로, 특히 밥솥으로 잘 알려져 있으며 다양한 주방 및 생활가전을 선보이고 있습니다.","해외영업 직무는 쿠쿠홀딩스의 해외 시장 개척 및 글로벌 매출 증대에 기여하며, 해외 고객과의 관계를 구축하고 관리하는 역할을 수행합니다.","해외 시장 조사 및 신규 거래처 발굴을 통해 비즈니스 기회를 창출합니다. 해외 바이어와의 협상 및 계약 체결을 주도하며, 수출입 관련 제반 업무를 처리합니다. 해외 영업 전략을 수립하고 실행하며, 현지 시장 동향 분석 및 경쟁사 모니터링을 통해 시장 변화에 대응합니다. 해외 법인 또는 지사와의 협업을 통해 시너지를 창출하고, 고객 관리 및 애프터 서비스 지원을 담당합니다.","전문학사 이상의 학력을 갖추고 해외 여행에 결격 사유가 없는 분을 찾습니다. 무역, 물류, 국제 통상 전공자는 우대하며, 영어 및 중국어 능통자를 선호합니다. ERP(Oracle) 활용 경험이 있는 분 또한 우대합니다. 취업 지원 대상자는 관계 법령에 의거하여 우대 채용됩니다.",[],"회사: 쿠쿠홀딩스는 생활가전 제품을 제조 및 판매하는 기업으로, 특히 밥솥으로 잘 알려져 있으며 다양한 주방 및 생활가전을 선보이고 있습니다.
직무 목적: 해외영업 직무는 쿠쿠홀딩스의 해외 시장 개척 및 글로벌 매출 증대에 기여하며, 해외 고객과의 관계를 구축하고 관리하는 역할을 수행합니다.
주요 업무: 해외 시장 조사 및 신규 거래처 발굴을 통해 비즈니스 기회를 창출합니다. 해외 바이어와의 협상 및 계약 체결을 주도하며, 수출입 관련 제반 업무를 처리합니다. 해외 영업 전략을 수립하고 실행하며, 현지 시장 동향 분석 및 경쟁사 모니터링을 통해 시장 변화에 대응합니다. 해외 법인 또는 지사와의 협업을 통해 시너지를 창출하고, 고객 관리 및 애프터 서비스 지원을 담당합니다.
인재상: 전문학사 이상의 학력을 갖추고 해외 여행에 결격 사유가 없는 분을 찾습니다. 무역, 물류, 국제 통상 전공자는 우대하며, 영어 및 중국어 능통자를 선호합니다. ERP(Oracle) 활용 경험이 있는 분 또한 우대합니다. 취업 지원 대상자는 관계 법령에 의거하여 우대 채용됩니다.",both,job_posting,"쿠쿠홀딩스 해외영업 부문 신입/경력 사원 채용으로, 글로벌 시장 확장을 위한 인재를 모집합니다.","[""low_signal""]"
311655,바로고,[바로고] 4륜사업본부 사업운영 매니저,"NEW, EXPERIENCED",[바로고] 4륜사업본부 사업운영 매니저 [담당업무] - 배송차량 모집 및 관리 - 프로젝트 관리 및 실행 - 화주사 및 파트너사 협업 관리 - 물류운영 설계 및 프로세스 개선 [자격요건] - 학력 및 경력무관 (신입가능) - 대 내외 우수한 커뮤니케이션 스킬 보유자 [우대사항] - 성실하고 책임감 있으신 분 - 컴퓨터 활용 능력 우수하신 분,[바로고] 4륜사업본부 사업운영 매니저 | 기획/전략/경영 | 경영/사무 | 사업기획 | 서비스기획/운영 | 신규사업/BD | 임원 (CEO/COO) | 전략기획 | 콘텐츠기획/운영 | M&A/타당성분석/사업제휴 | 자유양식 입니다.,[],planning_strategy,"[""management_support"", ""service_pm""]","[""4륜사업본부 사업운영 매니저"", ""사업기획"", ""서비스기획/운영"", ""신규사업/BD"", ""전략기획"", ""M&A/타당성분석/사업제휴""]",[],"[""컴퓨터 활용 능력""]",logistics,unknown,mid_corp,unknown,[],"[""커뮤니케이션 역량"", ""실행력·업무처리 능력""]",바로고는 4륜사업본부를 통해 배송 서비스를 제공하는 물류 플랫폼 기업입니다.,"이 직무는 4륜 배송 사업의 운영 효율성을 높이고, 신규 사업 기회를 발굴하며, 파트너사와의 협력을 통해 물류 서비스를 개선하는 데 기여합니다.","배송 차량을 모집하고 관리하는 업무를 수행합니다. 다양한 프로젝트를 기획하고 실행하며, 화주사 및 파트너사와의 협업 관계를 관리합니다. 물류 운영 프로세스를 설계하고 지속적으로 개선하는 역할을 담당합니다.","학력 및 경력에 관계없이 지원 가능하며, 신입도 환영합니다. 대내외적으로 우수한 커뮤니케이션 스킬을 보유하여 다양한 이해관계자와 원활하게 소통할 수 있는 분을 찾습니다. 성실하고 책임감이 강하며, 컴퓨터 활용 능력이 우수한 분을 우대합니다.","[""책임감"", ""성실""]","회사: 바로고는 4륜사업본부를 통해 배송 서비스를 제공하는 물류 플랫폼 기업입니다.
직무 목적: 이 직무는 4륜 배송 사업의 운영 효율성을 높이고, 신규 사업 기회를 발굴하며, 파트너사와의 협력을 통해 물류 서비스를 개선하는 데 기여합니다.
주요 업무: 배송 차량을 모집하고 관리하는 업무를 수행합니다. 다양한 프로젝트를 기획하고 실행하며, 화주사 및 파트너사와의 협업 관계를 관리합니다. 물류 운영 프로세스를 설계하고 지속적으로 개선하는 역할을 담당합니다.
인재상: 학력 및 경력에 관계없이 지원 가능하며, 신입도 환영합니다. 대내외적으로 우수한 커뮤니케이션 스킬을 보유하여 다양한 이해관계자와 원활하게 소통할 수 있는 분을 찾습니다. 성실하고 책임감이 강하며, 컴퓨터 활용 능력이 우수한 분을 우대합니다.",both,job_posting,"바로고 4륜사업본부의 사업 운영을 담당하며, 배송 차량 관리, 프로젝트 실행, 파트너사 협업 및 물류 프로세스 개선을 수행할 매니저를 모집합니다.",[]
311651,데이트립코리아,[데이트립코리아] 콘텐츠 에디터 및 마케터 인턴 채용,INTERN,"[데이트립코리아] 콘텐츠 에디터 및 마케터 인턴 채용 [모집 직무] 콘텐츠 에디터 및 마케터 [자격 요건] 콘텐츠 마케팅 및 에디팅 관련 경력 또는 이에 준하는 실무 역량을 보유하신 분 브랜드 SNS/디지털 채널 운영하며 실질적인 성과를 만들어 본 분 Figma, Adobe 등 그래픽 툴을 원활하게 다를 수 있는 분 높은 감도로 브랜드 톤앤매너에 맟는 사진 및 영상 촬영이 가능한 분 콘텐츠 기획 제작 발행 성과 분석까지 전 과정을 주도적으로 수행해 본 분 트렌드에 민감하며 데이터를 기반으로 성과 개선 가설을 세우고 실행할 수 있는 분 피드백을 빠르게 반영하며, 협업 과정에서 원활한 커뮤니케이션이 가능한 분 [우대 사항] 인스타그램 매거진 형태 채널 운영 경험이 있으신 분 인스타그램 중심의 오가닉 콘텐츠 성장 경험이 있는 분 콘텐츠 성과 리포트 작성 및 인사이트 도출 경험이 있는 분 AI를 실무에 도입해 업무 생산성을 높여본 경험이 있는 분 [모집 일정] 2026. 3. 28 - 2026. 4. 2",,[],marketing,[],"[""콘텐츠 에디터 및 마케터""]","[""Figma"", ""Adobe"", ""사진 촬영"", ""영상 촬영"", ""콘텐츠 기획"", ""콘텐츠 제작"", ""콘텐츠 발행"", ""성과 분석"", ""데이터 분석""]","[""인스타그램 채널 운영"", ""오가닉 콘텐츠 성장"", ""콘텐츠 성과 리포트 작성"", ""인사이트 도출"", ""AI 실무 도입""]",service_pm,unknown,unknown,unknown,"[""프로젝트"", ""인턴""]","[""실행력·업무처리 능력"", ""정보수집·분석 역량"", ""커뮤니케이션 역량"", ""협업·팀워크"", ""문제해결 능력""]",데이트립코리아는 콘텐츠 마케팅을 통해 브랜드를 알리고 고객과 소통하는 기업입니다.,"콘텐츠 에디터 및 마케터로서 브랜드의 SNS/디지털 채널을 운영하고 콘텐츠를 기획, 제작, 발행, 분석하여 실질적인 성과를 창출하는 역할입니다.","브랜드 SNS 및 디지털 채널을 운영하며 실질적인 성과를 만들어냅니다. Figma, Adobe 등 그래픽 툴을 활용하여 콘텐츠를 제작합니다. 높은 감도로 브랜드 톤앤매너에 맞는 사진 및 영상 촬영을 수행합니다. 콘텐츠 기획, 제작, 발행, 성과 분석까지 전 과정을 주도적으로 수행합니다. 트렌드에 민감하게 반응하며 데이터를 기반으로 성과 개선 가설을 세우고 실행합니다.","콘텐츠 마케팅 및 에디팅 관련 경력 또는 이에 준하는 실무 역량을 보유하고, 브랜드 SNS/디지털 채널 운영을 통해 실질적인 성과를 만들어 본 분을 찾습니다. Figma, Adobe 등 그래픽 툴을 원활하게 다루고, 높은 감도로 사진 및 영상 촬영이 가능해야 합니다. 콘텐츠 기획부터 성과 분석까지 전 과정을 주도적으로 수행하며, 트렌드에 민감하고 데이터를 기반으로 성과 개선 가설을 세우고 실행할 수 있는 분이 적합합니다. 피드백을 빠르게 반영하고 협업 과정에서 원활한 커뮤니케이션이 가능한 인재를 우대합니다. 인스타그램 매거진 형태 채널 운영 경험, 오가닉 콘텐츠 성장 경험, 콘텐츠 성과 리포트 작성 및 인사이트 도출 경험, AI를 실무에 도입해 업무 생산성을 높여본 경험이 있다면 더욱 좋습니다.","[""데이터드리븐"", ""빠른실행"", ""협업"", ""트렌드민감""]","회사: 데이트립코리아는 콘텐츠 마케팅을 통해 브랜드를 알리고 고객과 소통하는 기업입니다.
직무 목적: 콘텐츠 에디터 및 마케터로서 브랜드의 SNS/디지털 채널을 운영하고 콘텐츠를 기획, 제작, 발행, 분석하여 실질적인 성과를 창출하는 역할입니다.
주요 업무: 브랜드 SNS 및 디지털 채널을 운영하며 실질적인 성과를 만들어냅니다. Figma, Adobe 등 그래픽 툴을 활용하여 콘텐츠를 제작합니다. 높은 감도로 브랜드 톤앤매너에 맞는 사진 및 영상 촬영을 수행합니다. 콘텐츠 기획, 제작, 발행, 성과 분석까지 전 과정을 주도적으로 수행합니다. 트렌드에 민감하게 반응하며 데이터를 기반으로 성과 개선 가설을 세우고 실행합니다.
인재상: 콘텐츠 마케팅 및 에디팅 관련 경력 또는 이에 준하는 실무 역량을 보유하고, 브랜드 SNS/디지털 채널 운영을 통해 실질적인 성과를 만들어 본 분을 찾습니다. Figma, Adobe 등 그래픽 툴을 원활하게 다루고, 높은 감도로 사진 및 영상 촬영이 가능해야 합니다. 콘텐츠 기획부터 성과 분석까지 전 과정을 주도적으로 수행하며, 트렌드에 민감하고 데이터를 기반으로 성과 개선 가설을 세우고 실행할 수 있는 분이 적합합니다. 피드백을 빠르게 반영하고 협업 과정에서 원활한 커뮤니케이션이 가능한 인재를 우대합니다. 인스타그램 매거진 형태 채널 운영 경험, 오가닉 콘텐츠 성장 경험, 콘텐츠 성과 리포트 작성 및 인사이트 도출 경험, AI를 실무에 도입해 업무 생산성을 높여본 경험이 있다면 더욱 좋습니다.",intern,internship_program,"데이트립코리아에서 콘텐츠 에디터 및 마케터 인턴을 채용하며, SNS/디지털 채널 콘텐츠 기획, 제작, 분석을 통해 브랜드 성장을 주도할 인재를 찾습니다.",[]
311650,바로고,[바로고] B2B 및 플랫폼 정산 담당자,"NEW, EXPERIENCED","[바로고] B2B 및 플랫폼 정산 담당자 [담당업무] - B2B 및 플랫폼 배달대행료 정산 업무 - 매출 세금계산서 발행 및 ERP 전표 처리 - 매출&매입 및 수행 데이터 검증, 조정 - 정산 프로세스 개선 및 기획 [자격요건] - 신입 ~ 관련 경력 5년 이하 - 원활한 커뮤니케이션이 가능하신 분 - 꼼꼼한 성격으로 업무 처리가 가능하신 분 - 책임감 있고 성실하게 업무에 임하실 수 있는 분 [우대사항] - 엑셀 능력이 우수하신 분 - 데이터 활용 능력이 우수하신 분 - 정산/회계 관련 업무 경험이나 지식을 보유하신 분",[바로고] B2B 및 플랫폼 정산 담당자 | 경리/회계/결산 | 경영/사무 | 재무/세무/IR | 경리 | 결산 | 급여관리/4대보험 | 전표입력 | 부가세신고 | ERP/더존 | 회계 | 재무 | 세무 | IR | 회계감사 | 예산관리 | 자유양식 입니다.,[],management_support,"[""finance_investment""]","[""B2B 및 플랫폼 정산 담당자""]","[""ERP""]","[""Excel"", ""데이터 분석""]",logistics,unknown,mid_corp,unknown,"[""프로젝트""]","[""커뮤니케이션 역량"", ""실행력·업무처리 능력""]",바로고는 B2B 및 플랫폼 기반의 배달대행 서비스를 제공하는 기업입니다.,이 직무는 B2B 및 플랫폼 배달대행료 정산 업무를 담당하여 회사의 재무 건전성을 확보하고 효율적인 정산 프로세스를 구축하는 데 기여합니다.,"주요 업무는 B2B 및 플랫폼 배달대행료를 정확하게 정산하는 것입니다. 매출 세금계산서를 발행하고 ERP 시스템에 전표를 처리하며, 매출과 매입 및 수행 데이터를 검증하고 조정하는 역할을 수행합니다. 또한, 기존 정산 프로세스를 분석하고 개선 방안을 기획하여 업무 효율성을 높이는 데 참여합니다.","신입부터 관련 경력 5년 이하의 지원자를 찾고 있습니다. 원활한 커뮤니케이션 능력과 꼼꼼하고 책임감 있는 태도로 업무를 처리할 수 있는 분을 선호합니다. 엑셀 및 데이터 활용 능력이 우수하고, 정산 또는 회계 관련 업무 경험이나 지식을 보유한 분은 우대합니다.",[],"회사: 바로고는 B2B 및 플랫폼 기반의 배달대행 서비스를 제공하는 기업입니다.
직무 목적: 이 직무는 B2B 및 플랫폼 배달대행료 정산 업무를 담당하여 회사의 재무 건전성을 확보하고 효율적인 정산 프로세스를 구축하는 데 기여합니다.
주요 업무: 주요 업무는 B2B 및 플랫폼 배달대행료를 정확하게 정산하는 것입니다. 매출 세금계산서를 발행하고 ERP 시스템에 전표를 처리하며, 매출과 매입 및 수행 데이터를 검증하고 조정하는 역할을 수행합니다. 또한, 기존 정산 프로세스를 분석하고 개선 방안을 기획하여 업무 효율성을 높이는 데 참여합니다.
인재상: 신입부터 관련 경력 5년 이하의 지원자를 찾고 있습니다. 원활한 커뮤니케이션 능력과 꼼꼼하고 책임감 있는 태도로 업무를 처리할 수 있는 분을 선호합니다. 엑셀 및 데이터 활용 능력이 우수하고, 정산 또는 회계 관련 업무 경험이나 지식을 보유한 분은 우대합니다.",both,job_posting,"바로고의 B2B 및 플랫폼 배달대행료 정산을 담당하며, 재무 프로세스 개선에 기여할 신입 및 경력직 회계 담당자를 모집합니다.",[]
311644,새마을금고,[새마을금고] 정규직 신입 (금융일반) 채용,NEW,"[새마을금고] 정규직 신입 (금융일반) 채용 [세부 내용] - 담당업무 : 수신 여신 공제 등 금융 업무 전반 - 연령, 성별, 학력 제한 없음 - 임용 즉시 근무가 가능한 자 - 새마을금고 인사규정에 따른 임용 결격사유가 없는 자 - 병역필 또는 면제자 (남성에 한함) [채용 절차] - 지원서 접수 > 서류전형 > 필기전형 > 면접전형 > 합격자 발표 [ (월요일) 10:00 ~ 2026-04-08 (수요일) 17:00 마감","일반직 6급 | 채권/보험/보상/심사 | 전문/특수직 | 증권/투자/펀드/외환 | 경영분석/컨설턴트 | 대출심사 | 대출상담 | 손해사정 | 보험심사 | 증권 | 애널리스트 | 기업분석/심사 | 펀드매니저 | 컨설턴트 | 경영컨설팅 | 부동산컨설팅 | 금융컨설팅 | 창업컨설팅 | 설문/통계/리서치 | 헤드헌팅/노무/직업상담 | 외국어/번역/통역 | 법률/특허/상표 | 세무/회계/CPA | 도서관사서 | 사회복지/요양보호/자원봉사 | 1. 새마을금고에 지원한 이유와 새마을금고가 지원자를 채용해야 하는 이유를 본인의 역량과 강점, 그동안의 노력 등의 관점 중에서 작성해 주십시오. | 2. 새마을금고 인재상 중 본인이 해당하는 것을 고르고 그 이유를 작성해 주십시오. | 3. 높은 목표를 설정하여 성공 또는 실패한 경험과 그 교훈을 작성해 주십시오. | [새마을금고] 정규직 신입 (금융일반) 채용",[],finance_investment,[],"[""금융일반""]",[],[],finance_insurance,전국,public_org,unknown,"[""프로젝트""]","[""문제해결 능력"", ""실행력·업무처리 능력"", ""고객·서비스 지향""]","새마을금고는 지역사회와 함께 성장하는 금융협동조합으로, 수신, 여신, 공제 등 다양한 금융 서비스를 제공합니다.","금융일반 직무는 새마을금고의 핵심 금융 업무를 수행하며, 고객에게 안정적인 금융 서비스를 제공하고 지역사회 발전에 기여하는 중요한 역할을 합니다.","주요 업무는 수신, 여신, 공제 등 금융 업무 전반을 포함합니다. 구체적으로는 고객의 예금 및 적금 관리, 대출 상담 및 심사, 그리고 공제 상품 판매 및 관리 등을 수행합니다. 또한, 채권, 보험, 증권, 투자, 펀드, 외환 등 다양한 금융 상품과 서비스에 대한 기본적인 이해를 바탕으로 고객 응대 및 관련 업무를 처리하게 됩니다. 이를 통해 새마을금고의 안정적인 운영과 고객 만족도 향상에 기여합니다.","본 채용은 연령, 성별, 학력에 제한 없이 임용 즉시 근무 가능한 인재를 찾습니다. 새마을금고 인사규정에 따른 임용 결격사유가 없어야 하며, 남성의 경우 병역필 또는 면제자여야 합니다. 지원자는 새마을금고에 대한 깊은 이해와 본인의 역량 및 강점을 명확히 제시할 수 있어야 합니다. 특히, 높은 목표를 설정하고 이를 달성하거나 실패하더라도 교훈을 얻어 성장하는 경험을 가진 인재를 우대합니다.",[],"회사: 새마을금고는 지역사회와 함께 성장하는 금융협동조합으로, 수신, 여신, 공제 등 다양한 금융 서비스를 제공합니다.
직무 목적: 금융일반 직무는 새마을금고의 핵심 금융 업무를 수행하며, 고객에게 안정적인 금융 서비스를 제공하고 지역사회 발전에 기여하는 중요한 역할을 합니다.
주요 업무: 주요 업무는 수신, 여신, 공제 등 금융 업무 전반을 포함합니다. 구체적으로는 고객의 예금 및 적금 관리, 대출 상담 및 심사, 그리고 공제 상품 판매 및 관리 등을 수행합니다. 또한, 채권, 보험, 증권, 투자, 펀드, 외환 등 다양한 금융 상품과 서비스에 대한 기본적인 이해를 바탕으로 고객 응대 및 관련 업무를 처리하게 됩니다. 이를 통해 새마을금고의 안정적인 운영과 고객 만족도 향상에 기여합니다.
인재상: 본 채용은 연령, 성별, 학력에 제한 없이 임용 즉시 근무 가능한 인재를 찾습니다. 새마을금고 인사규정에 따른 임용 결격사유가 없어야 하며, 남성의 경우 병역필 또는 면제자여야 합니다. 지원자는 새마을금고에 대한 깊은 이해와 본인의 역량 및 강점을 명확히 제시할 수 있어야 합니다. 특히, 높은 목표를 설정하고 이를 달성하거나 실패하더라도 교훈을 얻어 성장하는 경험을 가진 인재를 우대합니다.",new,job_posting,"새마을금고 정규직 신입(금융일반) 채용으로, 수신/여신/공제 등 금융 업무 전반을 담당하며, 문제해결 능력과 고객 지향적 태도를 갖춘 인재를 모집합니다.",[]
311642,데이트립코리아,[데이트립코리아] 콘텐츠 에디터 및 마케터 채용,"NEW, EXPERIENCED","[데이트립코리아] 콘텐츠 에디터 및 마케터 채용 [모집 직무] 콘텐츠 에디터 및 마케터 [자격 요건] 콘텐츠 마케팅 및 에디팅 관련 경력 또는 이에 준하는 실무 역량을 보유하신 분 브랜드 SNS/디지털 채널 운영하며 실질적인 성과를 만들어 본 분 Figma, Adobe 등 그래픽 툴을 원활하게 다를 수 있는 분 높은 감도로 브랜드 톤앤매너에 맟는 사진 및 영상 촬영이 가능한 분 콘텐츠 기획 제작 발행 성과 분석까지 전 과정을 주도적으로 수행해 본 분 트렌드에 민감하며 데이터를 기반으로 성과 개선 가설을 세우고 실행할 수 있는 분 피드백을 빠르게 반영하며, 협업 과정에서 원활한 커뮤니케이션이 가능한 분 [우대 사항] 인스타그램 매거진 형태 채널 운영 경험이 있으신 분 인스타그램 중심의 오가닉 콘텐츠 성장 경험이 있는 분 콘텐츠 성과 리포트 작성 및 인사이트 도출 경험이 있는 분 AI를 실무에 도입해 업무 생산성을 높여본 경험이 있는 분 [모집 일정] 2026. 3. 28 - 2026. 4. 2",,[],marketing,[],"[""콘텐츠 에디터 및 마케터""]","[""Figma"", ""Adobe"", ""사진 촬영"", ""영상 촬영"", ""데이터 분석""]","[""인스타그램 채널 운영"", ""콘텐츠 성과 리포트 작성"", ""인사이트 도출"", ""AI 실무 도입""]",service_pm,unknown,unknown,unknown,"[""프로젝트"", ""인턴""]","[""실행력·업무처리 능력"", ""정보수집·분석 역량"", ""커뮤니케이션 역량"", ""협업·팀워크"", ""창의·혁신 역량""]",데이트립코리아는 콘텐츠 에디터 및 마케터를 채용하는 회사입니다.,"콘텐츠 기획, 제작, 발행 및 성과 분석을 주도하여 브랜드의 디지털 채널 성과를 높이고 트렌드를 선도하기 위해 이 직무가 필요합니다.","콘텐츠 기획, 제작, 발행, 성과 분석의 전 과정을 주도적으로 수행하며, 브랜드 SNS 및 디지털 채널을 운영하여 실질적인 성과를 창출합니다. Figma, Adobe 등 그래픽 툴을 활용하여 높은 감도로 브랜드 톤앤매너에 맞는 사진 및 영상 촬영을 진행합니다. 또한, 트렌드에 민감하게 반응하며 데이터를 기반으로 성과 개선 가설을 세우고 실행하는 업무를 담당합니다.","콘텐츠 마케팅 및 에디팅 관련 경력 또는 이에 준하는 실무 역량을 보유하고, 브랜드 SNS/디지털 채널 운영을 통해 실질적인 성과를 만들어 본 분을 찾습니다. Figma, Adobe 등 그래픽 툴을 원활하게 다루고, 높은 감도로 브랜드 톤앤매너에 맞는 사진 및 영상 촬영이 가능해야 합니다. 콘텐츠 기획부터 제작, 발행, 성과 분석까지 전 과정을 주도적으로 수행하며, 트렌드에 민감하고 데이터를 기반으로 성과 개선 가설을 세우고 실행할 수 있는 분을 선호합니다. 피드백을 빠르게 반영하며 협업 과정에서 원활한 커뮤니케이션이 가능한 인재를 기대합니다. 인스타그램 매거진 형태 채널 운영 경험, 오가닉 콘텐츠 성장 경험, 콘텐츠 성과 리포트 작성 및 인사이트 도출 경험, AI를 실무에 도입해 업무 생산성을 높여본 경험이 있는 분은 우대합니다.","[""주도적"", ""빠른실행"", ""협업"", ""데이터드리븐"", ""트렌드 민감""]","회사: 데이트립코리아는 콘텐츠 에디터 및 마케터를 채용하는 회사입니다.
직무 목적: 콘텐츠 기획, 제작, 발행 및 성과 분석을 주도하여 브랜드의 디지털 채널 성과를 높이고 트렌드를 선도하기 위해 이 직무가 필요합니다.
주요 업무: 콘텐츠 기획, 제작, 발행, 성과 분석의 전 과정을 주도적으로 수행하며, 브랜드 SNS 및 디지털 채널을 운영하여 실질적인 성과를 창출합니다. Figma, Adobe 등 그래픽 툴을 활용하여 높은 감도로 브랜드 톤앤매너에 맞는 사진 및 영상 촬영을 진행합니다. 또한, 트렌드에 민감하게 반응하며 데이터를 기반으로 성과 개선 가설을 세우고 실행하는 업무를 담당합니다.
인재상: 콘텐츠 마케팅 및 에디팅 관련 경력 또는 이에 준하는 실무 역량을 보유하고, 브랜드 SNS/디지털 채널 운영을 통해 실질적인 성과를 만들어 본 분을 찾습니다. Figma, Adobe 등 그래픽 툴을 원활하게 다루고, 높은 감도로 브랜드 톤앤매너에 맞는 사진 및 영상 촬영이 가능해야 합니다. 콘텐츠 기획부터 제작, 발행, 성과 분석까지 전 과정을 주도적으로 수행하며, 트렌드에 민감하고 데이터를 기반으로 성과 개선 가설을 세우고 실행할 수 있는 분을 선호합니다. 피드백을 빠르게 반영하며 협업 과정에서 원활한 커뮤니케이션이 가능한 인재를 기대합니다. 인스타그램 매거진 형태 채널 운영 경험, 오가닉 콘텐츠 성장 경험, 콘텐츠 성과 리포트 작성 및 인사이트 도출 경험, AI를 실무에 도입해 업무 생산성을 높여본 경험이 있는 분은 우대합니다.",both,job_posting,"데이트립코리아에서 콘텐츠 기획, 제작, 마케팅 및 성과 분석을 주도할 콘텐츠 에디터 및 마케터를 채용합니다.",[]
311640,피에프씨테크놀로지스,Product Design Lead(프로덕트 디자인 리드),EXPERIENCED,"PFC Technologies ""EXTRAORDINARY FINANCE FOR THE ORDINARY"" 보통 사람을 위한 보통이 아닌 금융 PFCT는 한국은 물론, 진출한 모든 시장에서 불가능하다고 여겨졌던 이정표들을 달성하고 있는 독보적인 금융 기술(Lending Tech) 전문성으로 아시아 금융 환경을 재편하고 있어요. 대한민국 최고의 온투금융사 B2B AI 솔루션 서비스로 9 개국에서 사업을 영위하고 있는 극소수의 AI 금융 기술 회사 대형 테크회사보다 높은 공헌 이익률 약 80%, 분기 손익분기점을 달성하며 빠르게 성장 중인 스타트업 창의적인 사업 전략과 혁신적인 기술력으로 '보통 사람을 위한 보통이 아닌 금융'을 구현할, 한국을 넘어 아시아 전역에서 활약하는 사업 활동에 가슴 뛰는 최고의 인재를 기다리고 있어요. 지금, PFCT와 함께해요! Product Design Team은, 디자인팀은 문제의 본질에 집중해 사용자 경험을 설계하고, 일관성과 완성도를 함께 만들어가는 팀이에요. PFCT 투자- 대출 금융 플랫폼인 크플 전반의 사용자 경험을 설계하고 개선해요. 고객이 복잡한 금융 결정을 더 쉽고 명확하게 할 수 있도록 문제를 정의하고 해결해요. 기획 초기 단계부터 문제 정의, 가설 설정, 설계, 검증, 개선까지 프로덕트 전 과정에 깊이 관여하며 일해요. PM, 개발자, 데이터, 마케팅 등 다양한 직군과 긴밀하게 협업하며 역할보다 문제 해결을 중심으로 소통해요. 단순히 화면을 만드는 것보다, 왜 이 경험이 필요한지 설명할 수 있는 디자인을 중요하게 생각해요. 피드백을 결과물의 완성도를 높이기 위한 과정으로 여기며, 직급이나 역할에 관계없이 자유롭게 의견을 나눠요. 디자인 시스템을 기반으로 일관된 경험을 설계하고, 필요하다면 개선과 고도화에도 적극적으로 참여해요. 관련 링크 기술과 사람, 그 사이 우리다움 을 찾다 현장 실습 인터뷰 : PFCT는 정말 다니기 좋은 회사일까? Product Design Lead는, 합류하면 이런 일을 해요 돈을 벌고, 모으고, 아낄 수 있는 활동을 망라한 투자-대출 관리 플랫폼 크플 의 디자인 팀을 총괄하며 방향성을 결정하고 플랫폼의 퀄리티를 향상시켜요. 문제 정의와 해결책 도출을 통해 온투업 1위 플랫폼 '크플 App/Web UX 의 고객 경험을 설계해요. App/Web UX를 기획하고 프로토타이핑하며 최종 UI/GUI 디자인을 산출해요. 데이터를 기반으로 제품의 문제를 발견하고, 수집하고, 개선해요. 이런 분을 찾고 있어요 7년 이상의 UX/UI 경력과 2년 이상의 팀 매니징 경력이 있는 분 고객 경험 극대화를 위해 고객과의 직접적인 소통을 통해 적극적으로 니즈를 파악하고 분석, 검증하며 고객 경험을 디자인하는 분 문제해결을 위한 UX 기획 및 설계부터 구조화된 UI 디자인까지 가능한 분 디자인을 위한 툴(Figma, Sketch, Zeplin, Adobe tools 등) 사용이 능숙한 분 프로토타이핑 툴(Figma, Protopie 등) 사용이 가능한 분 팀과의 협업 및 원활한 커뮤니케이션이 가능한 분 Android, iOS, Web 실무 환경에 대한 이해가 있는 분 이런 경험을 가진 분이면 더 좋아요 최신 기술 동향 및 디자인 트렌드에 대하여 지속적으로 리서치하고 공부하는 분 디자이너가 성장할 수 있는 팀 환경을 제안하고 만드실 수 있는 분 금융과 IT 산업에 대한 관심이 있는 분 BX 디자인에 대한 경험이 있는 분 합류 여정에 대해 알려드려요 채용 프로세스 서류 전형 1차 인터뷰(Job-Fit) 2차 인터뷰(Culture Fit) 3차 인터뷰(Final) 처우 협의 최종 합류 지원 서류 이력서(필수/자유 양식) 포트폴리오( 필수 ) 제출 형식: PDF 파일 권장 안내 사항 내부 사정에 따라 채용 일정 또는 절차가 변경될 수 있으며, 변경 시 별도 안내 드릴 예정입니다. 제출 서류에",,[],design,[],"[""Product Design Lead"", ""프로덕트 디자인 리드""]","[""UX"", ""UI"", ""Figma"", ""Sketch"", ""Zeplin"", ""Adobe tools"", ""Protopie"", ""Android"", ""iOS"", ""Web""]","[""BX Design"", ""리서치""]",finance_fintech,unknown,startup,unknown,"[""프로젝트""]","[""문제해결 능력"", ""협업·팀워크"", ""커뮤니케이션 역량"", ""고객·서비스 지향"", ""리더십·팔로워십""]",PFCT는 한국을 포함한 아시아 시장에서 독보적인 금융 기술(Lending Tech) 전문성으로 금융 환경을 재편하고 있는 회사입니다. 대한민국 최고의 온투금융사로서 B2B AI 솔루션 서비스를 9개국에서 영위하고 있는 AI 금융 기술 기업입니다.,"이 직무는 문제의 본질에 집중하여 사용자 경험을 설계하고, PFCT의 투자-대출 금융 플랫폼 '크플' 전반의 사용자 경험을 개선하는 역할을 합니다. 고객이 복잡한 금융 결정을 더 쉽고 명확하게 할 수 있도록 문제를 정의하고 해결하는 데 기여합니다.","투자-대출 관리 플랫폼 '크플'의 디자인 팀을 총괄하며 플랫폼의 디자인 방향성을 결정하고 퀄리티를 향상시킵니다. 문제 정의와 해결책 도출을 통해 온투업 1위 플랫폼 '크플'의 App/Web UX 고객 경험을 설계합니다. App/Web UX를 기획하고 프로토타이핑하며 최종 UI/GUI 디자인을 산출하는 업무를 수행합니다. 데이터를 기반으로 제품의 문제를 발견하고, 수집하고, 개선하는 활동에 참여합니다. 기획 초기 단계부터 문제 정의, 가설 설정, 설계, 검증, 개선까지 프로덕트 전 과정에 깊이 관여하며 PM, 개발자, 데이터, 마케팅 등 다양한 직군과 긴밀하게 협업합니다.","7년 이상의 UX/UI 경력과 2년 이상의 팀 매니징 경력을 보유한 분을 찾습니다. 고객 경험 극대화를 위해 고객과 직접 소통하며 니즈를 파악하고 분석, 검증하여 고객 경험을 디자인할 수 있어야 합니다. 문제해결을 위한 UX 기획 및 설계부터 구조화된 UI 디자인까지 가능하며, Figma, Sketch, Zeplin, Adobe tools, Protopie 등 디자인 및 프로토타이핑 툴 사용에 능숙해야 합니다. 팀과의 협업 및 원활한 커뮤니케이션이 필수적이며, Android, iOS, Web 실무 환경에 대한 이해가 있는 분을 선호합니다. 최신 기술 동향 및 디자인 트렌드에 대한 지속적인 리서치와 학습, 디자이너 성장을 위한 팀 환경 조성 경험, 금융 및 IT 산업에 대한 관심, BX 디자인 경험이 있다면 더욱 좋습니다.","[""혁신"", ""성장"", ""자율"", ""수평적"", ""협업"", ""문제해결중심""]","회사: PFCT는 한국을 포함한 아시아 시장에서 독보적인 금융 기술(Lending Tech) 전문성으로 금융 환경을 재편하고 있는 회사입니다. 대한민국 최고의 온투금융사로서 B2B AI 솔루션 서비스를 9개국에서 영위하고 있는 AI 금융 기술 기업입니다.
직무 목적: 이 직무는 문제의 본질에 집중하여 사용자 경험을 설계하고, PFCT의 투자-대출 금융 플랫폼 '크플' 전반의 사용자 경험을 개선하는 역할을 합니다. 고객이 복잡한 금융 결정을 더 쉽고 명확하게 할 수 있도록 문제를 정의하고 해결하는 데 기여합니다.
주요 업무: 투자-대출 관리 플랫폼 '크플'의 디자인 팀을 총괄하며 플랫폼의 디자인 방향성을 결정하고 퀄리티를 향상시킵니다. 문제 정의와 해결책 도출을 통해 온투업 1위 플랫폼 '크플'의 App/Web UX 고객 경험을 설계합니다. App/Web UX를 기획하고 프로토타이핑하며 최종 UI/GUI 디자인을 산출하는 업무를 수행합니다. 데이터를 기반으로 제품의 문제를 발견하고, 수집하고, 개선하는 활동에 참여합니다. 기획 초기 단계부터 문제 정의, 가설 설정, 설계, 검증, 개선까지 프로덕트 전 과정에 깊이 관여하며 PM, 개발자, 데이터, 마케팅 등 다양한 직군과 긴밀하게 협업합니다.
인재상: 7년 이상의 UX/UI 경력과 2년 이상의 팀 매니징 경력을 보유한 분을 찾습니다. 고객 경험 극대화를 위해 고객과 직접 소통하며 니즈를 파악하고 분석, 검증하여 고객 경험을 디자인할 수 있어야 합니다. 문제해결을 위한 UX 기획 및 설계부터 구조화된 UI 디자인까지 가능하며, Figma, Sketch, Zeplin, Adobe tools, Protopie 등 디자인 및 프로토타이핑 툴 사용에 능숙해야 합니다. 팀과의 협업 및 원활한 커뮤니케이션이 필수적이며, Android, iOS, Web 실무 환경에 대한 이해가 있는 분을 선호합니다. 최신 기술 동향 및 디자인 트렌드에 대한 지속적인 리서치와 학습, 디자이너 성장을 위한 팀 환경 조성 경험, 금융 및 IT 산업에 대한 관심, BX 디자인 경험이 있다면 더욱 좋습니다.",experienced,job_posting,금융 기술 스타트업 피에프씨테크놀로지스에서 투자-대출 플랫폼 '크플'의 사용자 경험을 총괄하고 개선할 Product Design Lead를 찾습니다.,[]
311639,동대문구청,2026년 상반기 동대문구 청년 행정인턴 지원사업 참여자 추가모집,INTERN,"동대문구에서는 청년들에게 소중한 직무경험 및 사회진출에 필요한 경력을 제공하고자 본 사업에 참여를 희망하는 청년을 아래와 같이 추가 모집합니다. 사업개요 사 업 명 : 2026년도 상반기 청년 행정인턴 지원사업 추가모집 사업기간 : 2026. 4. 13. ~ 2026. 7. 31. [약 4개월] 사업내용 : 행정기관에서의 일경험 기회제공, 사회진출에 필요한 경력 지원 모집개요 신청기간 : 2026. 3. 31. (화) ~ 2026. 4. 6. (월) 18:00까지 선발인원 : 1명 자격요건(모집공고일 기준, 2026. 3. 31.) : 공고문 참조 근무장소 : 동대문구가족센터 제2센터 업무내용 : 공고문 참조 근로조건 : 주 5일 / 일 8시간 근무 임금조건 : 월 253만원 내외(공제금액 포함) 제출서류 : 공고문 참조 신청방법 : 동대문구청 청년정책고용과(동대문구청 6층)로 구비서류 직접 제출 담당자 이메일( )제출 등기우편 제출 택1 문 의 처 : 동대문구청 청년정책고용과( ) 보다 자세한 내용은 공고문과 첨부파일을 반드시 참고바랍니다. 신청서식은 동대문구청 홈페이지에서 다운로드 가능합니다.",,[],management_support,[],"[""청년 행정인턴""]",[],[],public_ngo,서울,public_org,office,"[""인턴"", ""프로젝트""]",[],"동대문구청은 서울 동대문구의 행정 업무를 담당하는 지방자치단체로, 지역 주민의 삶의 질 향상과 지역 발전을 위한 다양한 정책을 추진합니다.","이 직무는 청년들에게 행정기관에서의 실질적인 직무 경험을 제공하고, 사회 진출에 필요한 경력을 쌓을 기회를 지원하기 위해 마련되었습니다.","본 행정인턴은 동대문구청의 행정 업무를 보조하며 실무 경험을 쌓게 됩니다. 구체적인 업무 내용은 공고문에서 상세히 안내될 예정이나, 일반적으로 문서 작성 및 관리, 자료 조사, 민원 안내 지원, 행사 보조 등 다양한 행정 지원 활동을 수행할 것으로 예상됩니다. 이를 통해 공공 행정 시스템을 이해하고 실무 역량을 강화할 수 있습니다.","본 행정인턴 지원사업은 청년들에게 직무 경험과 사회 진출에 필요한 경력을 제공하는 것을 목표로 합니다. 지원 자격은 공고문에서 상세히 명시되어 있으므로, 해당 공고문을 반드시 확인해야 합니다. 행정 업무에 대한 관심과 배우려는 의지를 가진 청년이라면 지원 가능합니다.",[],"회사: 동대문구청은 서울 동대문구의 행정 업무를 담당하는 지방자치단체로, 지역 주민의 삶의 질 향상과 지역 발전을 위한 다양한 정책을 추진합니다.
직무 목적: 이 직무는 청년들에게 행정기관에서의 실질적인 직무 경험을 제공하고, 사회 진출에 필요한 경력을 쌓을 기회를 지원하기 위해 마련되었습니다.
주요 업무: 본 행정인턴은 동대문구청의 행정 업무를 보조하며 실무 경험을 쌓게 됩니다. 구체적인 업무 내용은 공고문에서 상세히 안내될 예정이나, 일반적으로 문서 작성 및 관리, 자료 조사, 민원 안내 지원, 행사 보조 등 다양한 행정 지원 활동을 수행할 것으로 예상됩니다. 이를 통해 공공 행정 시스템을 이해하고 실무 역량을 강화할 수 있습니다.
인재상: 본 행정인턴 지원사업은 청년들에게 직무 경험과 사회 진출에 필요한 경력을 제공하는 것을 목표로 합니다. 지원 자격은 공고문에서 상세히 명시되어 있으므로, 해당 공고문을 반드시 확인해야 합니다. 행정 업무에 대한 관심과 배우려는 의지를 가진 청년이라면 지원 가능합니다.",intern,internship_program,동대문구청에서 청년들에게 행정 직무 경험과 사회 진출 경력을 제공하는 행정인턴을 추가 모집합니다.,"[""low_signal""]"
311638,주식회사 화해글로벌,글로벌 뷰티 B2B 사업 운영 지원 (Contract),CONTRACT,"글로벌 뷰티 B2B 사업 운영 지원 (Contract) ~ 채용 시 마감 모집부문 및 상세내용 모집 부문 상세내용 글로벌 뷰티 B2B 사업 운영 지원 (Contract) [담당업무] 온보딩 브랜드사 관리 화해글로벌 B2B 사업팀에 온보딩된 브랜드사 현황 관리 및 정보 최신화 브랜드사와의 커뮤니케이션 이력 정리 및 자료 아카이빙 브랜드사 제출 서류 및 계약 관련 문서 관리 신규 브랜드 소싱 서포트 화해 플랫폼 소비자 데이터(리뷰 검색 위시리스트)를 기반으로 신규 소싱 후보 브랜드 리서치 브랜드 기초 정보(제품 라인업, 채널 현황, 수출 여부 등) 수집 및 정리 브랜드 마스터 데이터베이스 입력 및 업데이트 관리 자료 취합 및 데이터베이스 관리 팀 내 운영 자료(브랜드 DB, 바이어 DB, 상품 DB 등) 정기 업데이트 내부 보고용 자료 취합 및 정리 지원 신규 바이어 등록 관리 바이어 온보딩 서류 수합 및 등록 정보 정리 바이어 정보 DB 입력 및 현황 관리 바이어 리서치 동남아, 중동, 유럽 등 타깃 지역 글로벌 바이어 유통사 리서치 LinkedIn, 전시회, 플랫폼 등 채널별 바이어 정보 수집 및 정리 [필수조건] 이메일 작성, 자료 해석 수준의 비즈니스 영어 커뮤니케이션이 가능하신 분 Excel / Google Sheets를 활용해 데이터를 입력하고 정리할 수 있는 분 K-Beauty 브랜드에 대한 이해를 바탕으로 다양한 브랜드를 경험해보고 싶으신 분 정보를 정확하게 수집 정리할 수 있는 꼼꼼함을 갖추신 분 글로벌 뷰티, 유통, 혹은 이커머스 분야에 관심 있으신 분 [우대조건] 뷰티 이커머스 또는 글로벌 유통 분야에서 인턴십을 경험하신 분 Notion, Airtable, CRM 툴 등을 활용해 데이터를 정리 관리해보신 분 해외 거주 또는 유학 경험을 통해 글로벌 문화와 소비자 트렌드를 직접 체감하신 분 LinkedIn을 활용해 해외 바이어 또는 파트너사와 네트워킹을 시도해보신 분 화해 앱을 사용 경험을 바탕으로 K-뷰티 소비자 데이터의 가치를 이해하고 계신 분 [채용형태] - 계약직 12개월 자격요건 학력 학력무관 근무조건 급여 회사 내규에 따름 근무시간 주 5일(월~금) 강남빌딩 6층",,[],management_support,"[""sales"", ""marketing""]","[""글로벌 뷰티 B2B 사업 운영 지원""]","[""비즈니스 영어"", ""Excel"", ""Google Sheets""]","[""Notion"", ""Airtable"", ""CRM 툴"", ""LinkedIn""]",beauty_cosmetics,서울,startup,office,"[""인턴""]","[""커뮤니케이션 역량"", ""정보수집·분석 역량"", ""실행력·업무처리 능력"", ""글로벌·다문화 역량""]","주식회사 화해글로벌은 국내 대표 뷰티 플랫폼 '화해'의 소비자 데이터를 기반으로 글로벌 뷰티 B2B 사업을 운영하며, 국내 K-Beauty 브랜드의 해외 진출을 지원하고 있습니다.","이 직무는 화해글로벌의 글로벌 뷰티 B2B 사업이 원활하게 운영되도록 지원하고, K-Beauty 브랜드의 해외 진출을 위한 신규 브랜드 및 바이어 소싱을 돕는 핵심적인 역할을 수행합니다.","온보딩된 브랜드사의 현황을 관리하고 정보를 최신화하며, 브랜드사와의 커뮤니케이션 이력을 정리하고 자료를 아카이빙합니다. 또한, 브랜드사 제출 서류 및 계약 관련 문서를 관리합니다. 화해 플랫폼 소비자 데이터를 활용하여 신규 소싱 후보 브랜드를 리서치하고, 제품 라인업, 채널 현황, 수출 여부 등 기초 정보를 수집 및 정리하여 브랜드 마스터 데이터베이스를 입력하고 업데이트합니다. 팀 내 운영 자료인 브랜드, 바이어, 상품 DB를 정기적으로 업데이트하고, 내부 보고용 자료를 취합 및 정리 지원합니다. 신규 바이어의 온보딩 서류를 수합하고 등록 정보를 정리하며, 바이어 정보 DB를 입력하고 현황을 관리합니다. 동남아, 중동, 유럽 등 타깃 지역의 글로벌 바이어 및 유통사를 리서치하고, LinkedIn, 전시회, 플랫폼 등 다양한 채널을 통해 바이어 정보를 수집 및 정리합니다.","이메일 작성 및 자료 해석이 가능한 비즈니스 영어 커뮤니케이션 역량을 갖추고, Excel 및 Google Sheets를 활용한 데이터 입력 및 정리 능력이 필수입니다. K-Beauty 브랜드에 대한 깊은 이해와 다양한 브랜드를 경험하고자 하는 열정이 필요하며, 정보를 정확하게 수집하고 정리하는 꼼꼼함을 갖춘 분을 찾습니다. 뷰티 이커머스 또는 글로벌 유통 분야 인턴십 경험이 있거나, Notion, Airtable, CRM 툴 활용 경험이 있다면 우대합니다. 해외 거주 또는 유학 경험을 통해 글로벌 문화와 소비자 트렌드를 체감하고, LinkedIn을 활용한 해외 바이어 네트워킹 경험이 있는 분을 선호합니다. 화해 앱 사용 경험을 바탕으로 K-뷰티 소비자 데이터의 가치를 이해하는 분께 적합합니다.","[""글로벌"", ""데이터드리븐"", ""성장지향"", ""꼼꼼함""]","회사: 주식회사 화해글로벌은 국내 대표 뷰티 플랫폼 '화해'의 소비자 데이터를 기반으로 글로벌 뷰티 B2B 사업을 운영하며, 국내 K-Beauty 브랜드의 해외 진출을 지원하고 있습니다.
직무 목적: 이 직무는 화해글로벌의 글로벌 뷰티 B2B 사업이 원활하게 운영되도록 지원하고, K-Beauty 브랜드의 해외 진출을 위한 신규 브랜드 및 바이어 소싱을 돕는 핵심적인 역할을 수행합니다.
주요 업무: 온보딩된 브랜드사의 현황을 관리하고 정보를 최신화하며, 브랜드사와의 커뮤니케이션 이력을 정리하고 자료를 아카이빙합니다. 또한, 브랜드사 제출 서류 및 계약 관련 문서를 관리합니다. 화해 플랫폼 소비자 데이터를 활용하여 신규 소싱 후보 브랜드를 리서치하고, 제품 라인업, 채널 현황, 수출 여부 등 기초 정보를 수집 및 정리하여 브랜드 마스터 데이터베이스를 입력하고 업데이트합니다. 팀 내 운영 자료인 브랜드, 바이어, 상품 DB를 정기적으로 업데이트하고, 내부 보고용 자료를 취합 및 정리 지원합니다. 신규 바이어의 온보딩 서류를 수합하고 등록 정보를 정리하며, 바이어 정보 DB를 입력하고 현황을 관리합니다. 동남아, 중동, 유럽 등 타깃 지역의 글로벌 바이어 및 유통사를 리서치하고, LinkedIn, 전시회, 플랫폼 등 다양한 채널을 통해 바이어 정보를 수집 및 정리합니다.
인재상: 이메일 작성 및 자료 해석이 가능한 비즈니스 영어 커뮤니케이션 역량을 갖추고, Excel 및 Google Sheets를 활용한 데이터 입력 및 정리 능력이 필수입니다. K-Beauty 브랜드에 대한 깊은 이해와 다양한 브랜드를 경험하고자 하는 열정이 필요하며, 정보를 정확하게 수집하고 정리하는 꼼꼼함을 갖춘 분을 찾습니다. 뷰티 이커머스 또는 글로벌 유통 분야 인턴십 경험이 있거나, Notion, Airtable, CRM 툴 활용 경험이 있다면 우대합니다. 해외 거주 또는 유학 경험을 통해 글로벌 문화와 소비자 트렌드를 체감하고, LinkedIn을 활용한 해외 바이어 네트워킹 경험이 있는 분을 선호합니다. 화해 앱 사용 경험을 바탕으로 K-뷰티 소비자 데이터의 가치를 이해하는 분께 적합합니다.",contract,job_posting,"화해글로벌의 글로벌 뷰티 B2B 사업 운영을 지원하며, 브랜드 및 바이어 관리, 데이터 리서치 등을 담당하는 계약직 포지션입니다.",[]
311637,주식회사 구다이글로벌,[구다이글로벌/조선미녀] 글로벌 인플루언서 마케팅 인턴,INTERN,"팀 소개 구다이글로벌 Social Growth 팀 은 북미, 유럽, 영국 지역에 조선미녀 소셜/인플루언서 마케팅과 틱톡 기반 세일즈를 연결하는 조직입니다. 브랜드 인지도 확대를 목표로 바이럴을 유도하여 매출 성장에 기여하고 인플루언서와의 전략적 협업부터 뷰티 트렌드를 캐치하여, 크리에이티브한 콘텐츠를 통해 조선미녀 브랜드를 홍보 하고 있습니다. 담당 업무 글로벌 인플루언서 시딩 운영 시딩 주제 제안 및 콘텐츠 가이드 기획, 대행사 협업 커뮤니케이션 글로벌 SNS 트렌드 리서치 및 인사이트 도출 콘텐츠 성과 트래킹 및 퍼포먼스 데이터 정리/분석 자격 조건 4년제 대학 기졸업자/졸업 예정자 인턴십 기간 동안 풀타임 근무가 가능하신 분 TikTok, Instagram 등 글로벌 콘텐츠를 즐기는 분 인플루언서 마케팅 및 뷰티 산업에 관심이 있으신 분 영문 비즈니스 커뮤니케이션이 가능하신 분 창조적 사고와 성과 기반 마케팅에 대한 기본적인 이해를 갖추신 분 우대 사항 개인 SNS 채널 운영 또는 크리에이터 활동 경험을 보유하신 분 Native 수준 또는 이에 준하는 영어 커뮤니케이션 역량을 보유하신 분 글로벌 인플루언서 마케팅 또는 시딩 운영 경험을 보유하신 분 중급 이상의 Excel 활용 능력을 갖추신 분 지원 서류 이력서 및 자기소개서 경력기술서 포트폴리오 (선택) 채용 절차 처우협의 최종합격 각 전형별 합/불 여부는 대상자에 한하여 메일로 안내 드립니다. 채용 프로세스는 평균적으로 4~8주 소요됩니다. 전형별 일정은 지원자와 조정할 수 있으며, 지연될 경우 별도 안내 드립니다. 복리후생은 회사 상황에 따라 변경될 수 있으며 고용 형태 별로 다르게 적용될 수 있습니다. 지원하신 서류는 인재풀로 활용되며 유사한 포지션 오픈 시 우선으로 검토됩니다. 채용서류 반환 절차는 채용 절차법에 따라 운영되며, 관련문의는 으로 문의해주세요.",,[],marketing,[],"[""글로벌 인플루언서 마케팅 인턴""]","[""TikTok"", ""Instagram"", ""영문 비즈니스 커뮤니케이션""]","[""개인 SNS 채널 운영"", ""크리에이터 활동 경험"", ""Native 수준 영어"", ""글로벌 인플루언서 마케팅 경험"", ""시딩 운영 경험"", ""Excel""]",beauty_cosmetics,unknown,startup,unknown,"[""인턴"", ""대외활동"", ""프로젝트""]","[""창의·혁신 역량"", ""실행력·업무처리 능력"", ""정보수집·분석 역량"", ""커뮤니케이션 역량""]","구다이글로벌은 조선미녀 브랜드를 운영하며 북미, 유럽, 영국 지역에서 소셜/인플루언서 마케팅과 틱톡 기반 세일즈를 연결하는 회사입니다.","이 직무는 조선미녀 브랜드의 글로벌 인지도를 확대하고 바이럴을 유도하여 매출 성장에 기여하며, 인플루언서와의 전략적 협업과 뷰티 트렌드 기반 콘텐츠를 통해 브랜드를 홍보하는 역할을 합니다.","글로벌 인플루언서 시딩 운영을 담당하며, 시딩 주제 제안 및 콘텐츠 가이드 기획을 통해 대행사와 협업 커뮤니케이션을 수행합니다. 또한 글로벌 SNS 트렌드를 리서치하여 인사이트를 도출하고, 콘텐츠 성과를 트래킹하며 퍼포먼스 데이터를 정리하고 분석하는 업무를 수행합니다.","4년제 대학 기졸업자 또는 졸업 예정자로 인턴십 기간 동안 풀타임 근무가 가능해야 합니다. TikTok, Instagram 등 글로벌 콘텐츠를 즐기고 인플루언서 마케팅 및 뷰티 산업에 관심이 있는 분을 찾습니다. 영문 비즈니스 커뮤니케이션이 가능하며 창조적 사고와 성과 기반 마케팅에 대한 기본적인 이해를 갖춘 분을 선호합니다. 개인 SNS 채널 운영 또는 크리에이터 활동 경험, Native 수준의 영어 커뮤니케이션 역량, 글로벌 인플루언서 마케팅 또는 시딩 운영 경험, 중급 이상의 Excel 활용 능력을 보유한 분은 우대합니다.","[""창조적 사고"", ""성과 기반"", ""전략적 협업""]","회사: 구다이글로벌은 조선미녀 브랜드를 운영하며 북미, 유럽, 영국 지역에서 소셜/인플루언서 마케팅과 틱톡 기반 세일즈를 연결하는 회사입니다.
직무 목적: 이 직무는 조선미녀 브랜드의 글로벌 인지도를 확대하고 바이럴을 유도하여 매출 성장에 기여하며, 인플루언서와의 전략적 협업과 뷰티 트렌드 기반 콘텐츠를 통해 브랜드를 홍보하는 역할을 합니다.
주요 업무: 글로벌 인플루언서 시딩 운영을 담당하며, 시딩 주제 제안 및 콘텐츠 가이드 기획을 통해 대행사와 협업 커뮤니케이션을 수행합니다. 또한 글로벌 SNS 트렌드를 리서치하여 인사이트를 도출하고, 콘텐츠 성과를 트래킹하며 퍼포먼스 데이터를 정리하고 분석하는 업무를 수행합니다.
인재상: 4년제 대학 기졸업자 또는 졸업 예정자로 인턴십 기간 동안 풀타임 근무가 가능해야 합니다. TikTok, Instagram 등 글로벌 콘텐츠를 즐기고 인플루언서 마케팅 및 뷰티 산업에 관심이 있는 분을 찾습니다. 영문 비즈니스 커뮤니케이션이 가능하며 창조적 사고와 성과 기반 마케팅에 대한 기본적인 이해를 갖춘 분을 선호합니다. 개인 SNS 채널 운영 또는 크리에이터 활동 경험, Native 수준의 영어 커뮤니케이션 역량, 글로벌 인플루언서 마케팅 또는 시딩 운영 경험, 중급 이상의 Excel 활용 능력을 보유한 분은 우대합니다.",intern,internship_program,"조선미녀 브랜드의 글로벌 인플루언서 마케팅을 담당할 인턴을 모집하며, SNS 트렌드 리서치 및 콘텐츠 성과 분석을 통해 브랜드 인지도 확대에 기여합니다.",[]
311636,에이비엘생명보험,[에이비엘생명보험] 총무지원팀 신입/경력 채용,"NEW, EXPERIENCED","[에이비엘생명보험] 총무지원팀 신입/경력 채용 [담당 업무] - 부동산 임대차계약(PM)실무 (신규, 재계약, 해지 등) - 건물위탁관리업무(FM): 사옥관리 전반, 보안, 소방, 안전관련 업무 - 부동산 데이터 분석 및 관리(마감업무 포함) - 부동산 취득 및 처분(CBA, Cap Rate, IM등) 지원 업무 - 부동산 비용 처리: 임대차관리비, 수도광열비 등 [필수 사항] - 해외여행 결격 사유가 없는 자 - 4년제 정규대학 이상 졸업 [우대 사항] - 부동산, 경영/경제, 통계/수리계열 전공자 우대 - 공인중개사 등 부동산 관련 자격증 소지자 우대 - 관련 업무 및 금융회사 근무 경험자 우대 - 영어 활용 가능자 우대 - 국가보훈 및 취업보호대상자는 관련법 의거 우대","총무지원팀 | 부동산개발/시행 | 부동산/중개/분양/경매 | 건설 | 분양/임대 | 총무 | 사무/총무/법무 | 경영/사무 | 1. 당사 지원 동기에 대해 작성해 주세요. (최소 500자, 최대 800자 입력가능) | 2. 본인만의 차별화된 강점을 기반으로 본인이 지원직무에 적합하다고 생각하는 이유를 작성해 주세요. (최소 500자, 최대 800자 입력가능) | 3. 본인의 경험 또는 경력에 대해 기술하고, 향후 경력 목표를 기재해주세요. (최소 500자, 최대 800자 입력가능) | [에이비엘생명보험] 총무지원팀 신입/경력 채용",[],management_support,"[""planning_strategy""]","[""총무지원팀""]",[],"[""공인중개사"", ""영어""]",finance_insurance,unknown,large_corp,office,"[""프로젝트""]","[""정보수집·분석 역량"", ""실행력·업무처리 능력""]","에이비엘생명보험은 생명보험 서비스를 제공하는 회사로, 총무지원팀에서 회사의 부동산 자산을 관리하고 운영합니다.",이 직무는 에이비엘생명보험의 부동산 자산을 효율적으로 관리하고 운영하여 회사의 안정적인 자산 가치 유지 및 증대에 기여하는 것을 목표로 합니다.,"총무지원팀에서 부동산 임대차계약 실무를 담당하며 신규 계약, 재계약, 해지 등 전반적인 과정을 관리합니다. 또한 건물위탁관리업무를 수행하며 사옥관리, 보안, 소방, 안전 등 건물 운영 전반을 책임집니다. 부동산 데이터 분석 및 관리를 통해 마감 업무를 포함한 정확한 정보를 제공하고, 부동산 취득 및 처분 관련 CBA, Cap Rate, IM 등의 지원 업무를 수행합니다. 마지막으로 임대차관리비, 수도광열비 등 부동산 관련 비용을 효율적으로 처리하고 관리합니다.","해외여행에 결격 사유가 없으며 4년제 정규대학 이상을 졸업한 분을 찾습니다. 부동산, 경영/경제, 통계/수리계열 전공자를 우대하며, 공인중개사 등 부동산 관련 자격증 소지자를 선호합니다. 관련 업무 및 금융회사 근무 경험이 있는 분과 영어 활용이 가능한 분을 우대합니다. 국가보훈 및 취업보호대상자는 관련 법규에 의거하여 우대합니다.",[],"회사: 에이비엘생명보험은 생명보험 서비스를 제공하는 회사로, 총무지원팀에서 회사의 부동산 자산을 관리하고 운영합니다.
직무 목적: 이 직무는 에이비엘생명보험의 부동산 자산을 효율적으로 관리하고 운영하여 회사의 안정적인 자산 가치 유지 및 증대에 기여하는 것을 목표로 합니다.
주요 업무: 총무지원팀에서 부동산 임대차계약 실무를 담당하며 신규 계약, 재계약, 해지 등 전반적인 과정을 관리합니다. 또한 건물위탁관리업무를 수행하며 사옥관리, 보안, 소방, 안전 등 건물 운영 전반을 책임집니다. 부동산 데이터 분석 및 관리를 통해 마감 업무를 포함한 정확한 정보를 제공하고, 부동산 취득 및 처분 관련 CBA, Cap Rate, IM 등의 지원 업무를 수행합니다. 마지막으로 임대차관리비, 수도광열비 등 부동산 관련 비용을 효율적으로 처리하고 관리합니다.
인재상: 해외여행에 결격 사유가 없으며 4년제 정규대학 이상을 졸업한 분을 찾습니다. 부동산, 경영/경제, 통계/수리계열 전공자를 우대하며, 공인중개사 등 부동산 관련 자격증 소지자를 선호합니다. 관련 업무 및 금융회사 근무 경험이 있는 분과 영어 활용이 가능한 분을 우대합니다. 국가보훈 및 취업보호대상자는 관련 법규에 의거하여 우대합니다.",both,job_posting,"에이비엘생명보험 총무지원팀에서 부동산 임대차 및 자산 관리, 데이터 분석, 취득/처분 지원 업무를 담당할 신입/경력직을 채용합니다.",[]
311633,젠지이스포츠글로벌아카데미,[젠지이스포츠글로벌아카데미] (신입) 아카데미팀 어드민파트 인턴 / Academy Team Admin Part Intern,INTERN,"[젠지이스포츠글로벌아카데미] (신입) 아카데미팀 어드민파트 인턴 / Academy Team Admin Part Intern [담당 업무] - 잠재 고객 문의 응대 (전화, 메신저, 방문 등) - 신규 고객 니즈 파악 및 맞춤형 프로그램 컨설팅 제공 - 학생 및 학부모 상담 (방문, 전화, 온라인 포함) - 각종 주요 지표 모니터링, VoC(고객의 소리) 수집 분석 후 개선안 반영 [자격요건] - 뛰어난 커뮤니케이션 능력과 고객 중심의 서비스 마인드를 갖추신 분 - 빠르게 변화하는 업무 및 환경에 대한 높은 적응력을 가지신 분 - 구글 워크스페이스(Docs, Slides, Sheets) 또는 MS Office 활용 능력(중급 이상)을 보유하신 분 - 다양한 부서와 원활히 협업할 수 있는 팀워크와 조율 능력을 갖추신 분 - 이스포츠 및 게임 교육 분야에 대한 이해도 또는 학습 의지가 있으신 분 [우대사항] - 학원 학생 관리 업무 경험이 있으신 분 - 각종 고객 서비스업 경험이 있으신 분 - 데이터 기반 분석을 통한 문제 해결 및 프로세스 개선 능력을 보유하신 분","아카데미팀 어드민파트 | 학원관리/운영/상담 | 교육 | 교육상담/안내 | 수강생관리 | 학원운영 | 선택) 게임 경험이 있으신 경우, 게임 이력을 설명 내용에 근거하여 작성해주세요. (작성 양식) 게임명, 플랫폼(모바일/PC/콘솔), 플레이타임(시간), 레벨/랭크, 기타 특이사항 (예시) 리그오브레전드, PC, 100시간, 다이아2, 아마추어 대회 참가 경험 | [젠지이스포츠글로벌아카데미] (신입) 아카데미팀 어드민파트 인턴 / Academy Team Admin Part Intern",[],education,"[""cs_cx""]","[""아카데미팀 어드민파트 인턴"", ""Academy Team Admin Part Intern""]","[""Google Workspace"", ""MS Office""]","[""데이터 분석""]",edu_tech,unknown,mid_corp,office,"[""인턴"", ""아르바이트""]","[""커뮤니케이션 역량"", ""고객·서비스 지향"", ""실행력·업무처리 능력"", ""협업·팀워크"", ""문제해결 능력""]",젠지이스포츠글로벌아카데미는 이스포츠 및 게임 교육을 제공하는 기관입니다.,"이 직무는 잠재 고객 및 수강생과 학부모를 대상으로 교육 프로그램 컨설팅과 상담을 제공하고, 학원 운영을 지원하여 고객 만족도를 높이는 데 기여합니다.","잠재 고객의 문의에 전화, 메신저, 방문 등 다양한 채널로 응대하고, 신규 고객의 니즈를 파악하여 맞춤형 교육 프로그램을 컨설팅합니다. 학생 및 학부모와 방문, 전화, 온라인으로 상담을 진행하며, 각종 주요 지표를 모니터링하고 고객의 소리(VoC)를 수집 및 분석하여 교육 서비스 개선안을 반영하는 업무를 수행합니다.","뛰어난 커뮤니케이션 능력과 고객 중심의 서비스 마인드를 갖추고, 빠르게 변화하는 업무 환경에 높은 적응력을 가진 인재를 찾습니다. 구글 워크스페이스 또는 MS Office 활용 능력이 중급 이상이어야 하며, 다양한 부서와 원활히 협업할 수 있는 팀워크와 조율 능력이 중요합니다. 이스포츠 및 게임 교육 분야에 대한 이해도나 학습 의지가 있는 분을 우대하며, 학원 학생 관리나 각종 고객 서비스업 경험이 있는 분, 데이터 기반 분석을 통해 문제 해결 및 프로세스 개선 능력을 보유한 분을 선호합니다.","[""빠른실행"", ""적응력"", ""협업"", ""데이터드리븐""]","회사: 젠지이스포츠글로벌아카데미는 이스포츠 및 게임 교육을 제공하는 기관입니다.
직무 목적: 이 직무는 잠재 고객 및 수강생과 학부모를 대상으로 교육 프로그램 컨설팅과 상담을 제공하고, 학원 운영을 지원하여 고객 만족도를 높이는 데 기여합니다.
주요 업무: 잠재 고객의 문의에 전화, 메신저, 방문 등 다양한 채널로 응대하고, 신규 고객의 니즈를 파악하여 맞춤형 교육 프로그램을 컨설팅합니다. 학생 및 학부모와 방문, 전화, 온라인으로 상담을 진행하며, 각종 주요 지표를 모니터링하고 고객의 소리(VoC)를 수집 및 분석하여 교육 서비스 개선안을 반영하는 업무를 수행합니다.
인재상: 뛰어난 커뮤니케이션 능력과 고객 중심의 서비스 마인드를 갖추고, 빠르게 변화하는 업무 환경에 높은 적응력을 가진 인재를 찾습니다. 구글 워크스페이스 또는 MS Office 활용 능력이 중급 이상이어야 하며, 다양한 부서와 원활히 협업할 수 있는 팀워크와 조율 능력이 중요합니다. 이스포츠 및 게임 교육 분야에 대한 이해도나 학습 의지가 있는 분을 우대하며, 학원 학생 관리나 각종 고객 서비스업 경험이 있는 분, 데이터 기반 분석을 통해 문제 해결 및 프로세스 개선 능력을 보유한 분을 선호합니다.",intern,internship_program,"젠지이스포츠글로벌아카데미의 아카데미팀 어드민파트 인턴으로, 고객 상담 및 학원 운영 지원을 통해 교육 서비스 개선에 기여합니다.",[]
311632,(주)엘엑스세미콘,[LX세미콘] HRM 체험형 인턴 모집,INTERN,"[LX세미콘] HRM 체험형 인턴 모집 ~ 2026-04-05 모집부문 및 상세내용 HR 채용 형태 - 인턴 8개월 ( ) (단, 종료일자 협의 가능 / 최소 6개월 이상 근무 가능자에 한해 지원) 본 공고는 채용과 연계되지 않는 체험형 인턴 공고입니다. 담당업무 HRM 업무 지원 우대조건 - OA 활용 능력 우수자(엑셀, PPT 등) - 취업지원 대상자(국가보훈) 및 장애인 우대 자격요건 학력 4년제 학사 재학생(전공 무관)으로, 근무기간 중 Full-time 근무 가능자 (기졸업자 지원 불가) 근무조건 급여 월급 220만원 근무시간 주 5일(월~금) 08:30 ~ 17:30 길 12 LX세미콘 양재2캠퍼스 복리후생 반차, 연차, 창립일휴무, 수평적 호칭사용, 인재육성 중시, 자유복장, 패밀리데이, 점심식사 제공, 구내식당 운영, 저녁식사 제공, 아침식사 제공",,[],hr,[],"[""HRM""]","[""Excel"", ""PowerPoint""]",[],semiconductor,서울,large_corp,office,"[""인턴""]","[""실행력·업무처리 능력"", ""학습·성장 역량""]",(주)엘엑스세미콘은 반도체 관련 제품을 개발하고 공급하는 기업입니다.,"이 직무는 LX세미콘의 HRM 부서에서 인턴으로서 HR 업무를 지원하며, 조직 운영의 효율성을 높이는 데 기여합니다.","본 인턴십은 HRM 부서의 다양한 업무를 지원하는 역할을 수행합니다. 구체적으로는 인사 관련 데이터 관리 및 문서 작업을 보조하고, 채용 프로세스 지원 및 교육 프로그램 운영에 필요한 행정 업무를 처리합니다. 또한, 사내 이벤트나 복리후생 관련 업무를 지원하며, HR 시스템 활용을 통해 부서의 전반적인 운영에 기여하게 됩니다.","4년제 학사 재학생으로 전공과 무관하게 지원 가능하며, 근무 기간 동안 Full-time 근무가 가능한 분을 찾습니다. 특히 OA 활용 능력(엑셀, PPT 등)이 우수하여 문서 작성 및 데이터 관리에 능숙한 분을 우대합니다. 취업지원 대상자(국가보훈) 및 장애인 지원자는 관련 법규에 따라 우대합니다.","[""수평적"", ""인재육성"", ""자율복장""]","회사: (주)엘엑스세미콘은 반도체 관련 제품을 개발하고 공급하는 기업입니다.
직무 목적: 이 직무는 LX세미콘의 HRM 부서에서 인턴으로서 HR 업무를 지원하며, 조직 운영의 효율성을 높이는 데 기여합니다.
주요 업무: 본 인턴십은 HRM 부서의 다양한 업무를 지원하는 역할을 수행합니다. 구체적으로는 인사 관련 데이터 관리 및 문서 작업을 보조하고, 채용 프로세스 지원 및 교육 프로그램 운영에 필요한 행정 업무를 처리합니다. 또한, 사내 이벤트나 복리후생 관련 업무를 지원하며, HR 시스템 활용을 통해 부서의 전반적인 운영에 기여하게 됩니다.
인재상: 4년제 학사 재학생으로 전공과 무관하게 지원 가능하며, 근무 기간 동안 Full-time 근무가 가능한 분을 찾습니다. 특히 OA 활용 능력(엑셀, PPT 등)이 우수하여 문서 작성 및 데이터 관리에 능숙한 분을 우대합니다. 취업지원 대상자(국가보훈) 및 장애인 지원자는 관련 법규에 따라 우대합니다.",intern,internship_program,"LX세미콘에서 HRM 업무를 지원할 체험형 인턴을 모집하며, OA 활용 능력이 우수한 학사 재학생을 우대합니다.",[]
311624,FnC코오롱(주),코오롱 FnC G/FORE(지포어) 마케팅팀 인턴 공고,INTERN,"코오롱 FnC G/FORE(지포어) 마케팅팀 인턴 공고 ~ 채용 시 마감 모집부문 및 상세내용 모집 부문 상세내용 코오롱 FnC 지포어 마케팅 인턴 공고 담당업무 1) G/FORE 마케팅팀 내 브랜드 운영 및 사무 업무 서포트 2) 공식 SNS 콘텐츠 기획 및 피드 구성 한국, 중국, 일본 SNS 채널 통합 운영 보조 3) SNS 콘텐츠 제작 4) 인플루언서 마케팅 실행 및 리스트 관리 5) 대행사 및 외부 파트너와 커뮤니케이션 6) 협찬 제품 발송 관리 (택배 퀵 등) 7) 브랜드 촬영 업무 보조 채용형태 - 인턴 3개월 (최대 6개월까지 연장 가능) 우대조건 1) 브랜드 마케팅 또는 관련 업무 유경험자 2) 디자인 툴(Photoshop, Illustrator 등) 활용 능숙자 3) 릴스 및 SNS용 숏폼 영상 제작 가능자 4) AI 툴(이미지 생성, 콘텐츠 분석 등) 활용 경험자 5) 영어, 중국어, 일본어 등 외국어 활용 가능자 6) 꼼꼼한 업무 처리 능력 및 패션/골프 마케팅에 대한 높은 관심도 지원 시 참고사항 이력서에 활용 가능한 디자인 영상 툴, 외국어 능력(회화/독해/작성 등 수준 포함)을 반드시 기재해 주세요. 자격요건 학력 대학졸업(4년) 이상(졸업예정자 가능) 근무조건 급여 회사 내규에 따름 근무시간 주 5일(월~금) 09:00 ~ 18:00 인더스트리빌딩",,[],marketing,[],"[""지포어 마케팅 인턴""]",[],"[""Photoshop"", ""Illustrator"", ""릴스 제작"", ""숏폼 영상 제작"", ""AI 툴 활용"", ""영어"", ""중국어"", ""일본어""]",fashion,unknown,large_corp,office,"[""프로젝트"", ""인턴""]","[""실행력·업무처리 능력"", ""커뮤니케이션 역량""]","FnC코오롱은 다양한 패션 브랜드를 전개하는 기업이며, G/FORE는 그 중 골프웨어 및 라이프스타일 브랜드를 운영하고 있습니다.","이 인턴 직무는 G/FORE 브랜드의 마케팅 활동을 지원하고, 특히 SNS 콘텐츠 기획 및 인플루언서 마케팅 실행을 통해 브랜드 인지도를 높이고 고객과의 소통을 강화하는 데 기여합니다.","G/FORE 마케팅팀 내에서 브랜드 운영 및 전반적인 사무 업무를 서포트합니다. 공식 SNS 채널(한국, 중국, 일본)의 콘텐츠를 기획하고 피드를 구성하며, 통합 운영을 보조합니다. 또한 SNS 콘텐츠를 직접 제작하고, 인플루언서 마케팅을 실행하며 관련 리스트를 관리합니다. 대행사 및 외부 파트너들과 원활하게 커뮤니케이션하고, 협찬 제품 발송 관리 및 브랜드 촬영 업무를 보조하는 역할도 수행합니다.","대학 졸업자 또는 졸업예정자로, 브랜드 마케팅 또는 관련 업무 유경험자를 우대합니다. 디자인 툴(Photoshop, Illustrator 등) 활용이 능숙하고, 릴스 및 SNS용 숏폼 영상 제작이 가능한 분을 찾습니다. AI 툴(이미지 생성, 콘텐츠 분석 등) 활용 경험이 있다면 더욱 좋습니다. 영어, 중국어, 일본어 등 외국어 활용이 가능하며, 꼼꼼한 업무 처리 능력과 패션/골프 마케팅에 대한 높은 관심을 가진 분을 환영합니다. 지원 시 이력서에 활용 가능한 디자인/영상 툴과 외국어 능력을 상세히 기재해야 합니다.",[],"회사: FnC코오롱은 다양한 패션 브랜드를 전개하는 기업이며, G/FORE는 그 중 골프웨어 및 라이프스타일 브랜드를 운영하고 있습니다.
직무 목적: 이 인턴 직무는 G/FORE 브랜드의 마케팅 활동을 지원하고, 특히 SNS 콘텐츠 기획 및 인플루언서 마케팅 실행을 통해 브랜드 인지도를 높이고 고객과의 소통을 강화하는 데 기여합니다.
주요 업무: G/FORE 마케팅팀 내에서 브랜드 운영 및 전반적인 사무 업무를 서포트합니다. 공식 SNS 채널(한국, 중국, 일본)의 콘텐츠를 기획하고 피드를 구성하며, 통합 운영을 보조합니다. 또한 SNS 콘텐츠를 직접 제작하고, 인플루언서 마케팅을 실행하며 관련 리스트를 관리합니다. 대행사 및 외부 파트너들과 원활하게 커뮤니케이션하고, 협찬 제품 발송 관리 및 브랜드 촬영 업무를 보조하는 역할도 수행합니다.
인재상: 대학 졸업자 또는 졸업예정자로, 브랜드 마케팅 또는 관련 업무 유경험자를 우대합니다. 디자인 툴(Photoshop, Illustrator 등) 활용이 능숙하고, 릴스 및 SNS용 숏폼 영상 제작이 가능한 분을 찾습니다. AI 툴(이미지 생성, 콘텐츠 분석 등) 활용 경험이 있다면 더욱 좋습니다. 영어, 중국어, 일본어 등 외국어 활용이 가능하며, 꼼꼼한 업무 처리 능력과 패션/골프 마케팅에 대한 높은 관심을 가진 분을 환영합니다. 지원 시 이력서에 활용 가능한 디자인/영상 툴과 외국어 능력을 상세히 기재해야 합니다.",intern,internship_program,"FnC코오롱 G/FORE 마케팅팀에서 브랜드 운영 및 SNS 콘텐츠 기획, 인플루언서 마케팅을 지원할 인턴을 모집합니다.",[]
311615,주식회사 노타,[Technical Operations] QA Engineer Intern (체험형),INTERN,"우리 팀을 소개합니다. 우리는 AI Everywhere 라는 슬로건 아래, AI 기술을 산업 교통 안전 등 다양한 도메인에 적용한 자사 제품들의 높은 수준의 품질 보증을 목표로 합니다. Vision 기반 AI 기술이 실제 현장에 안정적으로 적용되도록 하기 위해, 단순한 기능 검증을 넘어서 정량적/정성적 품질 기준을 정의하고 체계적으로 검증하고 있습니다. 우리 QA팀은 수평적인 업무 문화를 기반으로 자유롭게 의견을 제시하고, 노타의 핵심 가치인 Curiosity (호기심)를 바탕으로 효율적이면서도 신뢰도를 높일 수 있는 새로운 검증 방법을 지속적으로 실험하고 있습니다. 반복되는 테스트에도 질문을 던지고, 개선할 수 있는 방법을 함께 고민하며, 제품의 검증 신뢰도를 극대화하는 것이 우리의 목표입니다. 해당 포지션으로 합류하신다면 이 포지션에서는 이미 정의된 테스트 프로세스와 검증 방식을 기반으로 하여, AI 제품에 특화된 창의적인 검증 아이디어를 제안하고 실제 적용할 수 있습니다. Customer-Centric의 관점에서 기능, UI/UX에 대한 개선 의견을 자유롭게 제시할 수 있습니다 제품에 대한 깊은 이해를 바탕으로 주도적으로 품질 향상 활동을 펼칠 수 있으며 Be Proactive, Over Deliver라는 리더십 원칙 속에서 제품 완성도를 한층 끌어올리는 주역이 될 수 있습니다. 또한 Vision AI를 활용한 산업안전 및 ITS와 같은 도메인 전문성까지 넓힐 수 있는 경험도 얻게 될 것입니다. 주요 업무 제품 기능 및 구조에 대한 이해를 기반으로 한 Test Case 설계 및 작성 테스트 시나리오 수행 및 결과 기록, 이슈 리포팅 테스트 결과 기반의 검증 리포트 및 품질 문서 작성 ISO9001 인증 대응을 위한 전사 경영 품질 산출물 작성 및 정리 지원 버그 재현, 원인 파악을 위한 기초 분석 및 개발팀 커뮤니케이션 테스트 데이터 정리 및 관리 자격요건 컴퓨터공학 또는 관련 전공자, 혹은 이에 준하는 기술적 이해도를 보유한 분 요구사항 및 기능 명세를 이해하고 논리적으로 정리할 수 있는 능력을 갖추신 분 테스트 결과 및 이슈를 문서로 명확하게 작성할 수 있는 역량이 있으신 분 다양한 이해관계자(개발자, 기획자 등)와의 원활한 커뮤니케이션 능력을 갖추신 분 문제를 발견하고 원인을 탐색하려는 논리적 사고 및 책임감이 있으신 분 적극적인 AI Tool 사용 및 그에 대한 결과를 내재화 시킬수 있는 능력을 갖추신 분 6개월 이상 근무가 가능하신 분 해외 여행에 결격사유가 없으신 분 우대사항 Python을 활용한 스크립트 작성 또는 테스트 자동화 경험 AI / Computer Vision / Vision-Language Model 관련 프로젝트 경험 간단한 API 테스트 또는 웹 서비스 테스트 경험 AI Agent 또는 LLM 기반 서비스 개발/활용 경험 Git, JIRA, Confluence 등 협업 도구 사용 경험 채용 절차 서류 검토 1차 인터뷰 2차 인터뷰 입사 일자 협의 최종 선발 (절차 간에 추가적인 과제가 있을 수 있습니다.) 팀의 메세지 우리는 AI QA의 새로운 기준을 만들어가고자 합니다. 기존의 검증 방식을 존중하면서도, 더 나은 검증 방법을 찾기 위해 끊임없이 실험하고 발전하는 팀입니다. 빠르게 진화하는 AI 기술만큼이나 QA도 유연하고 창의적이어야 한다고 믿습니다. 우리 팀은 효율적인 업무를 위해서라면 직급이나 연차에 상관없이 누구의 의견이라도 귀 기울여 검토합니다. 실제로 많은 검증 방식과 프로세스가 이런 자유로운 제안에서 시작되었고, 팀의 방향을 함께 만들어가는 경험이 가능하다는 것이 큰 장점입니다. 또한, 이곳에서는 일 잘하는 사람들과 함께 일하는 것 자체가 최고의 복지 라는 문화를 경험하실 수 있습니다. 개개인의 책임감을 존중하는 자유로운 업무 방식 속에서, 능동적으로 협업하고 성장할 수 있는 환경이 마련되어 있습니다. AI 제품의 품질을 더 높은 수준으로 끌어올리고 싶은 분, 검증이라는 단어에 창의성 을 더해보고 싶은 분이라면 지금 Nota QA팀에서 함께 시작해 보시죠! 지원 전, 확인해주세요! 해당 공고는 상시 채용으로, 채용 완료 시 조기 마감될 수 있습니다. 이력서 내 연봉 정보 등 민감한 개인 정보가 기재되어 있다면, 해당 서류는 검토되지 않을 수 있습니다. 제출해 주신 내용 중",,[],quality,"[""data_ai_ml""]","[""QA Engineer Intern""]","[""AI Tool 사용""]","[""Python"", ""테스트 자동화"", ""AI"", ""Computer Vision"", ""Vision-Language Model"", ""API 테스트"", ""웹 서비스 테스트"", ""AI Agent"", ""LLM"", ""Git"", ""JIRA"", ""Confluence""]",ai_data,unknown,startup,flexible,"[""인턴"", ""프로젝트""]","[""문제해결 능력"", ""커뮤니케이션 역량"", ""창의·혁신 역량"", ""디지털·기술 활용 역량"", ""협업·팀워크""]","주식회사 노타는 'AI Everywhere' 슬로건 아래, AI 기술을 산업 교통 안전 등 다양한 도메인에 적용한 자사 제품들의 높은 품질 보증을 목표로 하는 기업입니다.",이 포지션은 Vision 기반 AI 기술이 실제 현장에 안정적으로 적용되도록 단순한 기능 검증을 넘어 정량적/정성적 품질 기준을 정의하고 체계적으로 검증하여 제품의 신뢰도를 극대화하는 데 기여합니다.,"제품 기능 및 구조에 대한 깊은 이해를 바탕으로 Test Case를 설계하고 작성합니다. 정의된 테스트 시나리오를 수행하고 그 결과를 정확히 기록하며, 발견된 이슈를 리포팅합니다. 테스트 결과를 기반으로 검증 리포트와 품질 문서를 작성하고, ISO9001 인증 대응을 위한 경영 품질 산출물 작성 및 정리도 지원합니다. 버그 재현 및 원인 파악을 위한 기초 분석을 수행하고 개발팀과 원활하게 커뮤니케이션하며, 테스트 데이터를 효율적으로 정리하고 관리합니다. AI 제품에 특화된 창의적인 검증 아이디어를 제안하고 실제 적용하며, Customer-Centric 관점에서 기능 및 UI/UX 개선 의견을 제시합니다.","컴퓨터공학 또는 관련 전공 지식과 기술적 이해도를 갖추고, 요구사항 및 기능 명세를 논리적으로 정리할 수 있는 분을 찾습니다. 테스트 결과와 이슈를 명확하게 문서화하고, 개발자 및 기획자 등 다양한 이해관계자와 원활하게 소통할 수 있어야 합니다. 문제를 발견하고 원인을 탐색하는 논리적 사고와 책임감을 가지며, 적극적으로 AI Tool을 활용하고 그 결과를 내재화할 수 있는 역량이 중요합니다. Python을 활용한 스크립트 작성이나 테스트 자동화 경험, AI/Computer Vision/Vision-Language Model 관련 프로젝트 경험, API 또는 웹 서비스 테스트 경험, AI Agent/LLM 기반 서비스 개발/활용 경험이 있다면 우대합니다. Git, JIRA, Confluence 등 협업 도구 사용 경험도 선호됩니다.","[""수평적"", ""자율"", ""창의적"", ""실험적"", ""책임감"", ""성장""]","회사: 주식회사 노타는 'AI Everywhere' 슬로건 아래, AI 기술을 산업 교통 안전 등 다양한 도메인에 적용한 자사 제품들의 높은 품질 보증을 목표로 하는 기업입니다.
직무 목적: 이 포지션은 Vision 기반 AI 기술이 실제 현장에 안정적으로 적용되도록 단순한 기능 검증을 넘어 정량적/정성적 품질 기준을 정의하고 체계적으로 검증하여 제품의 신뢰도를 극대화하는 데 기여합니다.
주요 업무: 제품 기능 및 구조에 대한 깊은 이해를 바탕으로 Test Case를 설계하고 작성합니다. 정의된 테스트 시나리오를 수행하고 그 결과를 정확히 기록하며, 발견된 이슈를 리포팅합니다. 테스트 결과를 기반으로 검증 리포트와 품질 문서를 작성하고, ISO9001 인증 대응을 위한 경영 품질 산출물 작성 및 정리도 지원합니다. 버그 재현 및 원인 파악을 위한 기초 분석을 수행하고 개발팀과 원활하게 커뮤니케이션하며, 테스트 데이터를 효율적으로 정리하고 관리합니다. AI 제품에 특화된 창의적인 검증 아이디어를 제안하고 실제 적용하며, Customer-Centric 관점에서 기능 및 UI/UX 개선 의견을 제시합니다.
인재상: 컴퓨터공학 또는 관련 전공 지식과 기술적 이해도를 갖추고, 요구사항 및 기능 명세를 논리적으로 정리할 수 있는 분을 찾습니다. 테스트 결과와 이슈를 명확하게 문서화하고, 개발자 및 기획자 등 다양한 이해관계자와 원활하게 소통할 수 있어야 합니다. 문제를 발견하고 원인을 탐색하는 논리적 사고와 책임감을 가지며, 적극적으로 AI Tool을 활용하고 그 결과를 내재화할 수 있는 역량이 중요합니다. Python을 활용한 스크립트 작성이나 테스트 자동화 경험, AI/Computer Vision/Vision-Language Model 관련 프로젝트 경험, API 또는 웹 서비스 테스트 경험, AI Agent/LLM 기반 서비스 개발/활용 경험이 있다면 우대합니다. Git, JIRA, Confluence 등 협업 도구 사용 경험도 선호됩니다.",intern,internship_program,"노타의 AI 제품 품질을 책임질 QA 엔지니어 인턴으로, AI 기술 기반 제품의 테스트 케이스 설계, 수행, 이슈 리포팅 및 품질 문서 작성을 담당하며 창의적인 검증 방법을 모색합니다.",[]
311604,앰코테크놀로지코리아,[앰코테크놀로지코리아] [신입] 제조직(Operator) 기간제 모집(광주광역시),CONTRACT,[앰코테크놀로지코리아] [신입] 제조직(Operator) 기간제 모집(광주광역시) [담당 업무] 반도체 패키징 및 제품생산 제품검사/관리 및 품질검수 컴퓨터를 활용한 반도체 장비조작 [자격요건] 고등학교 졸업 이상 교대근무 가능한 분(4조 3교대) [우대사항] 교고성적 및 출결상태 우수자 계약기간 성실하게 근무하실 분,"제조직(Operator) 기간제 | 반도체 | 반도체/디스플레이 | 연구개발/설계 | 생산/제조/설비/조립 | 생산/제조 | 생산 | 제조/가공 | 포장 | 조립 | 검사/검품 | 1. 지원동기와 입사 후 회사에서 이루고 싶은 꿈은 무엇인가요? | 2. 지원한 직무를 위해 필요한 역량은 무엇이라고 생각하며, 이 역량을 갖추기 위한 노력이나 자신만의 특별한 경험을 작성해 주세요. | 3. 다른 지원자 대비 본인만의 '차별화된 강점'과 '보완해야 할 약점'에 대해 사례를 들어 구체적으로 기술해 주세요. | [앰코테크놀로지코리아] [신입] 제조직(Operator) 기간제 모집(광주광역시)",[],manufacturing,"[""semiconductor"", ""quality""]","[""제조직(Operator)""]","[""컴퓨터 활용 능력""]",[],semiconductor,광주광역시,large_corp,field,[],"[""실행력·업무처리 능력""]",앰코테크놀로지코리아는 반도체 패키징 및 테스트 서비스를 제공하는 글로벌 기업입니다.,"이 직무는 반도체 제품의 생산, 패키징, 검사 및 품질 관리를 담당하여 안정적인 제품 공급에 기여합니다.","반도체 패키징 및 제품생산 업무를 수행하며, 생산된 제품에 대한 검사 및 품질 검수를 진행합니다. 또한, 컴퓨터를 활용하여 반도체 장비를 조작하고 관리하는 역할을 담당합니다.","고등학교 졸업 이상의 학력을 가진 분으로, 4조 3교대 교대근무가 가능해야 합니다. 고교 성적 및 출결 상태가 우수하고, 계약 기간 동안 성실하게 근무할 수 있는 분을 우대합니다.","[""성실""]","회사: 앰코테크놀로지코리아는 반도체 패키징 및 테스트 서비스를 제공하는 글로벌 기업입니다.
직무 목적: 이 직무는 반도체 제품의 생산, 패키징, 검사 및 품질 관리를 담당하여 안정적인 제품 공급에 기여합니다.
주요 업무: 반도체 패키징 및 제품생산 업무를 수행하며, 생산된 제품에 대한 검사 및 품질 검수를 진행합니다. 또한, 컴퓨터를 활용하여 반도체 장비를 조작하고 관리하는 역할을 담당합니다.
인재상: 고등학교 졸업 이상의 학력을 가진 분으로, 4조 3교대 교대근무가 가능해야 합니다. 고교 성적 및 출결 상태가 우수하고, 계약 기간 동안 성실하게 근무할 수 있는 분을 우대합니다.",new,job_posting,앰코테크놀로지코리아 광주공장에서 반도체 제조 및 검사 업무를 담당할 신입 기간제 Operator를 모집합니다.,[]
311603,한국콜마,[한국콜마] 26년 4월 부천사업장 생산계획 신입사원 수시채용,INTERN,[한국콜마] 26년 4월 부천사업장 생산계획 신입사원 수시채용 [담당 업무] - 협력사 생산 일정 관리 - 협력사 생산 관련 서류 관리 - 자재 내역 점검 [전공 및 자격사항] - OA 활용 능력 보유자 [우대사항] - 근무지역 인근 거주자 - 동종업계 근무 경험자 - 컴퓨터 활용 능력 자격 보유자,"부천사업장 생산계획 | 생산관리/공정관리/품질관리 | 생산/제조 | 생산/제조/설비/조립 | 생산관리 | 공정관리 | 품질관리 | 자재관리 | 환경관리 | 생산 | 제조/가공 | 포장 | 조립 | 검사/검품 | 1. 한국콜마에 입사지원하게 된 동기 및 회사에서의 목표와 인생의 목표를 구분하여 기술하여 주십시오. | 2. 성장과정에서 부모, 가족으로부터 가장 인상적인 경험을 구체적으로 기술하여 주십시오. | 3. 한국콜마의 핵심가치인 4성 5행 가장 중요하다고 생각하는 것을 택 1 하여 그 정신이 왜 필요한지 기술하여 주십시오. | 4. 지원한 직무에 필요한 핵심역량 혹은 전문지식 3가지를 선정하여 그 이유를 기술하고 이와 관련한 본인의 강점에 대해 기술하여 주십시오. 지원한 직무에 본인이 적합한 이유 지원한 직무를 잘 수행하기 위한 그 동안의 노력과 도전 등을 반드시 포함하여 구체적으로 기술하여 주십시오. | [한국콜마] 26년 4월 부천사업장 생산계획 신입사원 수시채용",[],manufacturing,"[""logistics_scm"", ""quality""]","[""부천사업장 생산계획"", ""생산관리"", ""공정관리"", ""품질관리"", ""자재관리""]","[""OA 활용""]","[""컴퓨터 활용 능력 자격""]",beauty_cosmetics,부천,large_corp,office,"[""인턴"", ""프로젝트""]","[""실행력·업무처리 능력"", ""협업·팀워크"", ""디지털·기술 활용 역량"", ""문제해결 능력"", ""학습·성장 역량""]","한국콜마는 화장품, 의약품, 건강기능식품을 연구 개발 및 생산하는 ODM/OEM 전문 기업입니다.","부천사업장의 원활한 생산 활동을 위해 협력사 생산 일정 및 관련 서류, 자재 내역을 체계적으로 관리하는 역할을 수행합니다.","주요 업무는 협력사와의 긴밀한 소통을 통해 생산 일정을 조율하고 관리하는 것입니다. 또한, 협력사로부터 발생하는 생산 관련 서류들을 정확하게 취합하고 관리하며, 생산에 필요한 자재 내역을 주기적으로 점검하여 재고 및 수급에 문제가 없도록 지원합니다. 이 과정에서 OA 활용 능력을 바탕으로 효율적인 문서 작업과 데이터 관리를 수행하게 됩니다.","OA 활용 능력을 갖춘 인재를 찾습니다. 근무지역 인근 거주자를 우대하며, 동종업계에서 근무 경험이 있는 분을 선호합니다. 컴퓨터 활용 능력 자격증 보유자는 우대합니다. 한국콜마의 핵심가치를 이해하고 직무에 필요한 핵심역량과 전문지식을 바탕으로 적극적으로 업무에 임하며, 성장과 도전을 통해 목표를 달성하고자 하는 분을 환영합니다.","[""가치중심"", ""성장지향""]","회사: 한국콜마는 화장품, 의약품, 건강기능식품을 연구 개발 및 생산하는 ODM/OEM 전문 기업입니다.
직무 목적: 부천사업장의 원활한 생산 활동을 위해 협력사 생산 일정 및 관련 서류, 자재 내역을 체계적으로 관리하는 역할을 수행합니다.
주요 업무: 주요 업무는 협력사와의 긴밀한 소통을 통해 생산 일정을 조율하고 관리하는 것입니다. 또한, 협력사로부터 발생하는 생산 관련 서류들을 정확하게 취합하고 관리하며, 생산에 필요한 자재 내역을 주기적으로 점검하여 재고 및 수급에 문제가 없도록 지원합니다. 이 과정에서 OA 활용 능력을 바탕으로 효율적인 문서 작업과 데이터 관리를 수행하게 됩니다.
인재상: OA 활용 능력을 갖춘 인재를 찾습니다. 근무지역 인근 거주자를 우대하며, 동종업계에서 근무 경험이 있는 분을 선호합니다. 컴퓨터 활용 능력 자격증 보유자는 우대합니다. 한국콜마의 핵심가치를 이해하고 직무에 필요한 핵심역량과 전문지식을 바탕으로 적극적으로 업무에 임하며, 성장과 도전을 통해 목표를 달성하고자 하는 분을 환영합니다.",intern,internship_program,"한국콜마 부천사업장 생산계획 신입사원(인턴) 채용으로, 협력사 생산 일정 및 자재 관리를 담당하며 OA 활용 능력을 요구합니다.",[]
311602,HL만도,[HL만도] 서무행정 계약직 채용,CONTRACT,[HL만도] 서무행정 계약직 채용 [지원자격] 전문학사 이상 [수행업무] 정기/비정기 데이터 집계 및 정리 비용 관리 및 전표 처리 문서 및 우편물 수발신 관리 기타 행정 업무 전반 부문장 비서 업무 지원 탕비/사무용품 구매 및 임직원 복지 업무 지원 [우대사항] 관련 업무 및 SAP 사용 경험 전산 활용 능력 (MS Office 등),"서무행정 | OA/문서작성 | 사무보조/문서작성 | 경영/사무 | 사무보조 | 비서 | 사무/총무/법무 | 총무 | 해당 직무에 지원하신 이유와, HL만도에 지원한 동기에 대해 기술해 주시기 바랍니다. (최소 30자, 최대 700자 입력가능) | 지원 분야에 대해 본인이 보유한 전문성(지식과 경험)을 서술해 주시기 바랍니다. (최소 30자, 최대 1,000자 입력가능) | 직무 이외에 본인의 핵심 강점/약점에 대해 서술해 주시기 바랍니다. (최소 30자, 최대 700자 입력가능) | [HL만도] 서무행정 계약직 채용",[],management_support,[],"[""서무행정"", ""부문장 비서 업무 지원""]",[],"[""SAP"", ""MS Office""]",automotive,unknown,large_corp,unknown,"[""프로젝트""]","[""실행력·업무처리 능력"", ""정보수집·분석 역량"", ""커뮤니케이션 역량""]","HL만도는 자동차 부품 전문 기업으로, 자율주행 및 전기차 핵심 부품을 개발하고 생산합니다.","이 직무는 HL만도 내에서 다양한 행정 업무를 지원하고, 데이터 관리 및 비용 처리, 비서 업무를 수행하여 부서 운영의 효율성을 높이는 데 기여합니다.","정기 및 비정기 데이터를 집계하고 정리하며, 비용 관리 및 전표 처리 업무를 수행합니다. 또한, 문서와 우편물을 수발신하고 기타 행정 업무 전반을 처리합니다. 부문장 비서 업무를 지원하며, 탕비 및 사무용품 구매와 임직원 복지 업무 지원을 담당합니다.","전문학사 이상의 학력을 갖춘 분을 찾습니다. 관련 업무 경험과 SAP 사용 경험이 있는 분을 우대하며, MS Office 등 전산 활용 능력이 뛰어난 분을 선호합니다.",[],"회사: HL만도는 자동차 부품 전문 기업으로, 자율주행 및 전기차 핵심 부품을 개발하고 생산합니다.
직무 목적: 이 직무는 HL만도 내에서 다양한 행정 업무를 지원하고, 데이터 관리 및 비용 처리, 비서 업무를 수행하여 부서 운영의 효율성을 높이는 데 기여합니다.
주요 업무: 정기 및 비정기 데이터를 집계하고 정리하며, 비용 관리 및 전표 처리 업무를 수행합니다. 또한, 문서와 우편물을 수발신하고 기타 행정 업무 전반을 처리합니다. 부문장 비서 업무를 지원하며, 탕비 및 사무용품 구매와 임직원 복지 업무 지원을 담당합니다.
인재상: 전문학사 이상의 학력을 갖춘 분을 찾습니다. 관련 업무 경험과 SAP 사용 경험이 있는 분을 우대하며, MS Office 등 전산 활용 능력이 뛰어난 분을 선호합니다.",contract,job_posting,HL만도에서 서무행정 및 비서 업무를 담당할 계약직 직원을 채용합니다.,[]
311600,웹젠,[웹젠] 자금(신입/경력),"INTERN, EXPERIENCED",[웹젠] 자금(신입/경력) [담당업무] - 일계표 작성 및 일일 마감 - 자금계정 전표 입력 및 월마감 결산보조 - 법인카드 관리 [자격사항] - 신입(채용연계형 인턴) 또는 관련 경력 3년 이하 - 회계 관련 학과를 전공한 분 - 회계원리 수준의 회계지식을 보유한 분 - Excel 기본 함수 활용이 가능한 분 [우대사항] - 게임 및 IT업계 회계 또는 자금 업무를 경험한 분 - 관련 학과를 전공한 분 - 더존프로그램 경험이 있는 분 [,"자금 | 재무/세무/IR | 경영/사무 | 회계 | 재무 | 세무 | IR | 회계감사 | 예산관리 | 본인의 장점과 단점은 무엇입니까? 그리고 단점을 극복하기 위해 어떤 노력을 하고 계십니까? (최소 200자, 최대 1,000자 입력가능) | 재학 또는 재직기간 동안 가장 뛰어난 업적은 무엇입니까? 그리고 왜 그렇게 생각하는지 기술해 주십시오. (최소 200자, 최대 1,000자 입력가능) | 재학 또는 재직기간 동안 리더십을 발휘한 경험을 기술해 주십시오. (최소 200자, 최대 1,000자 입력가능) | 웹젠에 입사 지원한 동기는 무엇입니까? (최소 200자, 최대 1,000자 입력가능) | [선택] 추가적으로 자신에 대해 소개할 내용을 기술해 주십시오. (최대 1,000자 입력가능) | [웹젠] 자금(신입/경력)",[],finance_investment,"[""management_support""]","[""자금""]","[""회계지식"", ""Excel""]","[""더존프로그램""]",media_entertainment,unknown,mid_corp,unknown,"[""인턴"", ""프로젝트""]","[""실행력·업무처리 능력"", ""문제해결 능력"", ""리더십·팔로워십"", ""정보수집·분석 역량"", ""디지털·기술 활용 역량""]",웹젠은 게임 개발 및 서비스를 제공하는 기업입니다.,회사의 자금을 효율적으로 관리하고 재무 활동을 지원하여 안정적인 경영 환경을 구축하는 것이 이 직무의 목적입니다.,"매일 일계표를 정확하게 작성하고 일일 자금 마감을 수행하며, 회사의 재무 상태를 파악하는 데 기여합니다. 또한, 자금 계정 관련 전표를 정확히 입력하고 월마감 결산 업무를 보조하여 재무 보고의 신뢰성을 높입니다. 더불어, 법인카드를 효율적으로 관리하고 사용 내역을 철저히 검토하여 투명한 자금 집행을 지원합니다.","회계 관련 학과를 전공했거나 회계원리 수준의 회계 지식을 보유한 분을 찾습니다. Excel 기본 함수 활용이 필수적이며, 게임 및 IT 업계에서 회계 또는 자금 업무를 경험했거나 더존프로그램 사용 경험이 있는 분을 우대합니다.",[],"회사: 웹젠은 게임 개발 및 서비스를 제공하는 기업입니다.
직무 목적: 회사의 자금을 효율적으로 관리하고 재무 활동을 지원하여 안정적인 경영 환경을 구축하는 것이 이 직무의 목적입니다.
주요 업무: 매일 일계표를 정확하게 작성하고 일일 자금 마감을 수행하며, 회사의 재무 상태를 파악하는 데 기여합니다. 또한, 자금 계정 관련 전표를 정확히 입력하고 월마감 결산 업무를 보조하여 재무 보고의 신뢰성을 높입니다. 더불어, 법인카드를 효율적으로 관리하고 사용 내역을 철저히 검토하여 투명한 자금 집행을 지원합니다.
인재상: 회계 관련 학과를 전공했거나 회계원리 수준의 회계 지식을 보유한 분을 찾습니다. Excel 기본 함수 활용이 필수적이며, 게임 및 IT 업계에서 회계 또는 자금 업무를 경험했거나 더존프로그램 사용 경험이 있는 분을 우대합니다.",both,job_posting,"웹젠의 자금 직무는 일계표 작성, 전표 입력, 법인카드 관리 등을 담당하며, 회계 지식과 Excel 활용 능력을 갖춘 신입 또는 경력직을 채용합니다.",[]
311599,(주) 키두,[재택근무] 유아 수학 화상수업 강사 모집,CONTRACT,자세한 내용은 아래 링크에서 확인 부탁드립니다 :) 플리퍼 지원서 링크 플립매쓰 카카 오톡,,"[""https://bit.ly/4bxAGvd"", ""https://forms.gle/qgzgkbgwhsW7g8DD7"", ""http://pf.kakao.com/_xdjxlnG/chat""]",education,[],"[""유아 수학 화상수업 강사""]","[""수학 교육"", ""온라인 교육 플랫폼 활용""]",[],edu_tech,원격,unknown,remote,"[""프로젝트""]","[""커뮤니케이션 역량"", ""학습·성장 역량"", ""고객·서비스 지향""]",(주) 키두는 유아를 대상으로 수학 화상수업을 제공하는 교육 서비스 기업입니다.,유아에게 온라인 화상 시스템을 통해 수학을 가르쳐 아이들의 수학적 사고력과 학습 능력을 길러주는 역할을 합니다.,"유아를 대상으로 온라인 화상 플랫폼을 활용하여 수학 수업을 진행합니다. 수업 커리큘럼에 맞춰 학습 내용을 효과적으로 전달하고, 아이들의 눈높이에 맞는 다양한 교수법을 적용합니다. 학생 개개인의 학습 진도를 면밀히 관리하며, 학부모와 정기적으로 소통하여 학습 성과와 발전 방향을 공유합니다.","유아 교육에 대한 깊은 이해와 수학 지도 역량을 갖춘 분을 찾습니다. 온라인 화상 수업 환경에 능숙하며, 아이들과 효과적으로 상호작용할 수 있는 뛰어난 커뮤니케이션 능력이 필수적입니다. 책임감을 가지고 아이들의 수학적 성장을 꾸준히 지원하며, 긍정적인 학습 경험을 제공할 수 있는 인재를 우대합니다.",[],"회사: (주) 키두는 유아를 대상으로 수학 화상수업을 제공하는 교육 서비스 기업입니다.
직무 목적: 유아에게 온라인 화상 시스템을 통해 수학을 가르쳐 아이들의 수학적 사고력과 학습 능력을 길러주는 역할을 합니다.
주요 업무: 유아를 대상으로 온라인 화상 플랫폼을 활용하여 수학 수업을 진행합니다. 수업 커리큘럼에 맞춰 학습 내용을 효과적으로 전달하고, 아이들의 눈높이에 맞는 다양한 교수법을 적용합니다. 학생 개개인의 학습 진도를 면밀히 관리하며, 학부모와 정기적으로 소통하여 학습 성과와 발전 방향을 공유합니다.
인재상: 유아 교육에 대한 깊은 이해와 수학 지도 역량을 갖춘 분을 찾습니다. 온라인 화상 수업 환경에 능숙하며, 아이들과 효과적으로 상호작용할 수 있는 뛰어난 커뮤니케이션 능력이 필수적입니다. 책임감을 가지고 아이들의 수학적 성장을 꾸준히 지원하며, 긍정적인 학습 경험을 제공할 수 있는 인재를 우대합니다.",contract,job_posting,유아 수학 화상수업을 진행할 재택근무 강사를 모집합니다.,"[""short_text"", ""low_signal""]"
311598,KIS정보통신,[KIS정보통신] 상반기 각 부문 수시 채용(신입/경력),"NEW, CONTRACT",[KIS정보통신] 상반기 각 부문 수시 채용(신입/경력) [모집부문] 경영기획 PG정산 VAN 채널 영업 및 마케팅 디바이스 기획/운영 [ ~ 2026.04.08 [,,[],sales,"[""marketing"", ""planning_strategy"", ""service_pm""]","[""경영기획"", ""PG정산"", ""VAN 채널 영업 및 마케팅"", ""디바이스 기획/운영""]",[],[],fintech_finance,unknown,mid_corp,unknown,[],[],"KIS정보통신은 PG정산 및 VAN 채널 영업, 디바이스 기획/운영 등 정보통신 및 결제 관련 서비스를 제공하는 기업입니다.","이 직무들은 KIS정보통신의 경영 기획을 지원하고, 결제 시스템 정산 및 채널 영업을 통해 사업을 확장하며, 디바이스 운영을 통해 서비스 안정성을 확보하는 데 기여합니다.","경영 기획 업무를 수행하며 회사의 전략 방향을 수립하고, PG 정산 업무를 통해 결제 시스템의 정확한 운영을 담당합니다. VAN 채널 영업 및 마케팅 활동을 통해 신규 고객을 확보하고 시장 점유율을 확대하며, 디바이스 기획 및 운영을 통해 서비스의 효율성과 안정성을 관리합니다.","신입 또는 경력직 지원이 가능하며, 각 모집 부문별 직무에 대한 이해와 역량을 갖춘 인재를 찾습니다.",[],"회사: KIS정보통신은 PG정산 및 VAN 채널 영업, 디바이스 기획/운영 등 정보통신 및 결제 관련 서비스를 제공하는 기업입니다.
직무 목적: 이 직무들은 KIS정보통신의 경영 기획을 지원하고, 결제 시스템 정산 및 채널 영업을 통해 사업을 확장하며, 디바이스 운영을 통해 서비스 안정성을 확보하는 데 기여합니다.
주요 업무: 경영 기획 업무를 수행하며 회사의 전략 방향을 수립하고, PG 정산 업무를 통해 결제 시스템의 정확한 운영을 담당합니다. VAN 채널 영업 및 마케팅 활동을 통해 신규 고객을 확보하고 시장 점유율을 확대하며, 디바이스 기획 및 운영을 통해 서비스의 효율성과 안정성을 관리합니다.
인재상: 신입 또는 경력직 지원이 가능하며, 각 모집 부문별 직무에 대한 이해와 역량을 갖춘 인재를 찾습니다.",both,job_posting,"KIS정보통신에서 경영기획, PG정산, VAN 채널 영업/마케팅, 디바이스 기획/운영 부문 신입/경력직을 수시 채용합니다.","[""low_signal"", ""short_text""]"
311597,위펀,[위펀] CS/CX 인턴 (채용연계형),INTERN,"[위펀] CS/CX 인턴 (채용연계형) 근 무 지 : 서울 강남구 강남대로374, 15층 근무일정 : 주 5일 / 평일 09:00 ~ 18:00 (휴게 1시간 포함) 근무형태 : 위펀 소속 인턴 계약직 (3개월 평가에 따른 전환) 개인 업무평가에 따라 정규직 전환이 가능한 [채용연계형] 인턴계약 입니다.",,[],cs_cx,[],"[""CS/CX 인턴""]",[],[],service_pm,서울,startup,office,"[""인턴""]",[],"위펀은 기업 고객을 대상으로 식대 관리, 간식 제공 등 다양한 복지 솔루션을 제공하는 기업입니다.",고객 서비스 및 경험을 개선하고 지원하여 위펀의 기업 복지 솔루션이 원활하게 운영되도록 돕는 역할입니다.,"고객 문의 응대 및 문제 해결을 지원하고, 서비스 이용 관련 안내를 담당합니다. 고객 피드백을 수집하고 분석하는 업무를 보조하며, 고객 경험 개선을 위한 아이디어를 제안합니다. 내부 팀과의 협업을 통해 고객 만족도 향상에 기여하는 역할을 수행합니다.","고객 서비스에 대한 이해와 열정을 가진 인재를 찾습니다. 문제 해결 능력과 원활한 커뮤니케이션 역량을 갖추고 있으며, 고객 중심적인 사고를 하는 분을 우대합니다. 긍정적이고 적극적인 태도로 업무에 임하며, 빠르게 배우고 성장하고자 하는 의지가 중요합니다.",[],"회사: 위펀은 기업 고객을 대상으로 식대 관리, 간식 제공 등 다양한 복지 솔루션을 제공하는 기업입니다.
직무 목적: 고객 서비스 및 경험을 개선하고 지원하여 위펀의 기업 복지 솔루션이 원활하게 운영되도록 돕는 역할입니다.
주요 업무: 고객 문의 응대 및 문제 해결을 지원하고, 서비스 이용 관련 안내를 담당합니다. 고객 피드백을 수집하고 분석하는 업무를 보조하며, 고객 경험 개선을 위한 아이디어를 제안합니다. 내부 팀과의 협업을 통해 고객 만족도 향상에 기여하는 역할을 수행합니다.
인재상: 고객 서비스에 대한 이해와 열정을 가진 인재를 찾습니다. 문제 해결 능력과 원활한 커뮤니케이션 역량을 갖추고 있으며, 고객 중심적인 사고를 하는 분을 우대합니다. 긍정적이고 적극적인 태도로 업무에 임하며, 빠르게 배우고 성장하고자 하는 의지가 중요합니다.",intern,internship_program,위펀의 CS/CX 채용연계형 인턴십으로 고객 서비스 및 경험 개선에 기여할 인재를 모집합니다.,"[""short_text"", ""low_signal""]"
311595,위펀,[위펀] B2B 인바운드 영업 (법인/제휴/신사업),"NEW, EXPERIENCED","[위펀] B2B 인바운드 영업 (법인/제휴/신사업) [다음 업무를 함께 할 예정입니다.] - 위펀 서비스 이용 문의 / 신청 인입된 기업 고객 전화/미팅 상담 - 고객 상황 파악 후 스낵24, 커피24 등 위펀 서비스 제안 - 견적/제안서 작성 및 계약 조건 협의 - 계약 체결 및 설치 일정 조율 [우리는 이런 방식으로 일해요] - 단순 판매가 아닌 상담 제안 계약 중심 B2B 세일즈 - 마케팅/물류/CX/운영팀과 명확한 분업 구조 - 개인 감이 아닌 데이터 기반 영업 - 전환율, 계약률, 객단가 등 KPI 중심 성과 관리 - 제안서/스크립트/프로세스를 계속 개선하는 팀 문화 [이런 분과 함께하고 싶어요] - 사람과 대화하는 게 어렵지 않은 분 - 항상 배우면서 도전하는 성향을 가진 분 - 목표를 정하면 끝까지 해보는 성향을 가진 분 - 고객 입장에서 생각하고 문제를 해결하는 게 재밌는 분 - 팀원들과 협업/커뮤니케이션이 편한 분 - B2B 영업 또는 고객 관리 경험 우대 - 콜/메일/방문 등 다양한 세일즈 경험 우대 - 프로세스 개선, 자동화, 데이터 관리 경험 우대 - 운전 가능자 우대",B2B 인바운드 영업 (법인/제휴/신사업) | B2B영업/기술영업 | 영업/고객상담 | B2B영업 | 기술영업 | 자유양식 입니다. | [위펀] B2B 인바운드 영업 (법인/제휴/신사업),[],sales,[],"[""B2B 인바운드 영업 (법인/제휴/신사업)""]",[],"[""데이터 관리"", ""운전면허""]",retail_distribution,unknown,mid_corp,office,"[""인턴"", ""프로젝트""]","[""커뮤니케이션 역량"", ""학습·성장 역량"", ""실행력·업무처리 능력"", ""고객·서비스 지향"", ""문제해결 능력"", ""협업·팀워크"", ""정보수집·분석 역량""]","위펀은 기업 고객을 대상으로 스낵24, 커피24 등 다양한 오피스 서비스를 제공하는 B2B 서비스 기업입니다.","이 직무는 기업 고객의 서비스 이용 문의와 신청을 상담하고, 고객 상황에 맞는 위펀 서비스를 제안하여 계약을 체결함으로써 위펀의 B2B 서비스 확장을 담당합니다.","위펀 서비스 이용 문의 및 신청이 인입된 기업 고객과 전화 또는 미팅을 통해 상담을 진행합니다. 고객의 현재 상황을 정확히 파악한 후 스낵24, 커피24 등 위펀의 다양한 서비스를 맞춤형으로 제안합니다. 제안서와 견적서를 작성하고 고객과 계약 조건을 협의하며, 최종적으로 계약을 체결하고 설치 일정을 조율하는 업무를 수행합니다. 이 과정에서 단순 판매를 넘어 상담과 제안에 집중하며, 마케팅, 물류, CX, 운영팀과의 명확한 분업 구조 속에서 협업합니다.","사람들과 대화하는 것을 즐기며, 항상 배우고 도전하는 성향을 가진 분을 찾습니다. 목표를 설정하면 끝까지 달성하려는 의지가 강하고, 고객의 입장에서 문제를 해결하는 것에 흥미를 느끼는 분이어야 합니다. 팀원들과 원활하게 협업하고 소통할 수 있는 능력이 중요합니다. B2B 영업 또는 고객 관리 경험이 있거나, 콜, 메일, 방문 등 다양한 세일즈 경험이 있는 분을 우대합니다. 또한, 프로세스 개선, 자동화, 데이터 관리 경험이 있는 분과 운전 가능자를 우대합니다.","[""데이터드리븐"", ""성과중심"", ""프로세스개선"", ""협업"", ""도전""]","회사: 위펀은 기업 고객을 대상으로 스낵24, 커피24 등 다양한 오피스 서비스를 제공하는 B2B 서비스 기업입니다.
직무 목적: 이 직무는 기업 고객의 서비스 이용 문의와 신청을 상담하고, 고객 상황에 맞는 위펀 서비스를 제안하여 계약을 체결함으로써 위펀의 B2B 서비스 확장을 담당합니다.
주요 업무: 위펀 서비스 이용 문의 및 신청이 인입된 기업 고객과 전화 또는 미팅을 통해 상담을 진행합니다. 고객의 현재 상황을 정확히 파악한 후 스낵24, 커피24 등 위펀의 다양한 서비스를 맞춤형으로 제안합니다. 제안서와 견적서를 작성하고 고객과 계약 조건을 협의하며, 최종적으로 계약을 체결하고 설치 일정을 조율하는 업무를 수행합니다. 이 과정에서 단순 판매를 넘어 상담과 제안에 집중하며, 마케팅, 물류, CX, 운영팀과의 명확한 분업 구조 속에서 협업합니다.
인재상: 사람들과 대화하는 것을 즐기며, 항상 배우고 도전하는 성향을 가진 분을 찾습니다. 목표를 설정하면 끝까지 달성하려는 의지가 강하고, 고객의 입장에서 문제를 해결하는 것에 흥미를 느끼는 분이어야 합니다. 팀원들과 원활하게 협업하고 소통할 수 있는 능력이 중요합니다. B2B 영업 또는 고객 관리 경험이 있거나, 콜, 메일, 방문 등 다양한 세일즈 경험이 있는 분을 우대합니다. 또한, 프로세스 개선, 자동화, 데이터 관리 경험이 있는 분과 운전 가능자를 우대합니다.",both,job_posting,"위펀의 B2B 인바운드 영업 직무는 기업 고객 상담을 통해 스낵24, 커피24 등 오피스 서비스를 제안하고 계약을 체결하며, 데이터 기반의 성과 관리와 프로세스 개선을 지향하는 포지션입니다.",[]
311593,위펀,[위펀] 그로스마케팅 인턴 (채용연계형),INTERN,"[위펀] 그로스마케팅 인턴 (채용연계형) 근 무 지 : 서울 강남구 강남대로374, 15층 근무일정 : 평일 주 5일 / 1일 8시간 유연출근제 (08:00~10:30 출근) 근무형태 : 인턴 계약직 (4개월 인턴 평가에 따른 전환) 개인 업무평가에 따라 정규직 전환이 가능한 [채용연계형] 인턴 입니다.",,[],marketing,[],"[""그로스마케팅 인턴""]",[],[],it_software,서울,startup,flexible,"[""인턴""]","[""문제해결 능력"", ""실행력·업무처리 능력"", ""정보수집·분석 역량""]",위펀은 기업 복지 솔루션을 제공하는 플랫폼 기업입니다.,회사의 성장을 위한 그로스마케팅 전략 수립 및 실행을 지원하고 데이터 기반의 마케팅 활동을 통해 비즈니스 성과를 창출하는 데 기여합니다.,"그로스마케팅 인턴으로서 데이터 분석을 기반으로 마케팅 캠페인을 기획하고 실행하며, 사용자 유입 및 전환율 개선을 위한 다양한 실험을 진행합니다. 또한, 마케팅 성과를 측정하고 보고서를 작성하여 비즈니스 성장에 기여하는 업무를 수행합니다.","그로스마케팅에 대한 이해와 성장 의지를 가진 인재를 찾습니다. 데이터 분석 능력과 논리적 사고를 바탕으로 문제 해결에 적극적으로 참여하며, 새로운 마케팅 아이디어를 제안하고 실행할 수 있는 분을 우대합니다. 커뮤니케이션 능력이 뛰어나 팀원들과 협업하며 시너지를 낼 수 있는 분을 선호합니다.","[""자율""]","회사: 위펀은 기업 복지 솔루션을 제공하는 플랫폼 기업입니다.
직무 목적: 회사의 성장을 위한 그로스마케팅 전략 수립 및 실행을 지원하고 데이터 기반의 마케팅 활동을 통해 비즈니스 성과를 창출하는 데 기여합니다.
주요 업무: 그로스마케팅 인턴으로서 데이터 분석을 기반으로 마케팅 캠페인을 기획하고 실행하며, 사용자 유입 및 전환율 개선을 위한 다양한 실험을 진행합니다. 또한, 마케팅 성과를 측정하고 보고서를 작성하여 비즈니스 성장에 기여하는 업무를 수행합니다.
인재상: 그로스마케팅에 대한 이해와 성장 의지를 가진 인재를 찾습니다. 데이터 분석 능력과 논리적 사고를 바탕으로 문제 해결에 적극적으로 참여하며, 새로운 마케팅 아이디어를 제안하고 실행할 수 있는 분을 우대합니다. 커뮤니케이션 능력이 뛰어나 팀원들과 협업하며 시너지를 낼 수 있는 분을 선호합니다.",intern,internship_program,"위펀의 그로스마케팅 채용연계형 인턴으로, 유연출근제를 통해 회사의 성장을 위한 마케팅 활동을 지원합니다.","[""short_text"", ""low_signal""]"
311591,주식회사 레브잇,Associate Problem Solver (AI Internship),INTERN,"APS는 어떤 포지션인가요? 정해진 역할이 없습니다. Problem Solver와 함께 고객을 이해하고, 문제를 정의하고, 실험하고, 검증합니다. 어떤 날은 고객 인터뷰를 하고, 어떤 날은 유저 획득 실험을 직접 돌립니다. AI 쇼핑 Agent의 제품 고도화와 유저 획득 현장 중심에서 일하게 됩니다. 사회 첫 커리어를 저희와 시작할 분을 찾습니다. 어떤 조직에서, 어떤 사람 옆에서 일하느냐에 따라 향후 1년, 10년의 커리어가 달라질 수 있습니다. 빅테크, 커머스, AI, 창업 어디로든 이어질 수 있는 출발점을 만들어드립니다. 스마트함, 남들과 다른 접근, 논리적인 사고를 가졌지만 아직 스스로도 어떤 역량이 있는지, 무엇을 잘하는지 모를 수 있습니다. 저희는 그런 분을 찾고 싶습니다. 특정 스킬셋보다 빠르게 배우는 사람을 찾아 10X의 성장을 함께합니다. 레브잇은 Shopping AI Agent 출시와 함께 다시 한번 폭발적인 성장의 임계점에 서 있습니다. 이 여정을 함께할 팀원을 찾고 있습니다. 로켓이 발사되기 직전, 비즈니스가 어떻게 성장하는지 목격하고 기여할 수 있는 인생에서 가장 가치 있는 시간 이 될 것입니다. [합류하게 될 팀] 레브잇 PMF팀은 쇼핑 AI 에이전트를 기획 개발하는 팀입니다. PMF 팀 소개 바로가기: Problem Solver 인터뷰 바로가기: [합류하면 함께 할 업무] 고객 인터뷰, UT, 리서치를 통해 매우 깊은 수준의 '고객 이해'를 이룹니다. 문제를 정의하고 가설을 수립합니다. 프로토타입 제작, 실험 설계, 고객 반응 분석을 통해 가설을 검증합니다. 유저 획득을 위한 채널 테스트, 메시지 실험, 바이럴 장치 설계 등 마케팅을 시도합니다. 위 항목은 고정된 역할이 아닙니다. 함께 무엇이든 빠르게 배우고 시도합니다. [ 이런 분을 찾습니다] 경험보다 사고 속도가 중요합니다. 학력 / 전공 / 경력은 무관합니다. 처음 보는 문제를 빠르게 구조화하는 분을 찾습니다. 답이 없는 상황에서 스스로 방향성을 찾아갈 수 있는 분을 찾습니다. 생각과 실행 사이의 간격이 짧은 분을 찾습니다. 틀렸을 때 이유를 파악하고 빠르게 수정하는, 높은 수용성을 지닌 분을 찾습니다. [보상] 월 400만원(식대 별도 무제한 무상 제공) 장학금(성장지원금): 1,000만원 ( 수습 통과 시 지급, 1년 미만 재직 시 일할 반환 조건) 실패를 두려워하지 않고 가설을 검증할 수 있도록 전폭적으로 지원합니다. 최고의 장비 지원: 최신형 MacBook 및 업무 장비 지급 무제한 리소스 지원: GPT, Claude 등 문제 해결에 필요한 모든 유료 툴, 마케팅 비용 지원 최고의 동료: 소수 정예 1% 팀원들과 함께하며 제품의 성장을 만들어갑니다. [근무 조건] 근무형태: 인턴(평가에 따른 정규직 전환 가능) 근무기간: 최소 3개월 이상(협의가능) 합류일자: ASAP [합류 여정] 서류접수(사전 질문) > 과제 > 전화 인터뷰 > CEO 대면 인터뷰 > 최종합격 채용페이지 지원 시 지원서 항목에 사전 질문 내용이 포함되어 있습니다. 기타 플랫폼을 통한 지원시 아래 사전 질문에 대한 답변을 지원서에 포함하여 제출해주세요. 레브잇 APS 전형에 지원하신 이유와, 레브잇에 오시게 된다면 얻고 싶은 것을 알려주세요 최근 직접 발견한 사람들이 겪는 문제가 있나요? 왜 그게 문제라고 생각했는지, 어떻게 발견했는지 알려주세요. 임의의 서비스에서 새로운 유저를 획득하려 할 때, 이를 위해 어떤 시도를 할 수 있을까요? 서비스 무관, 자유롭게 써주세요. 본인이 가장 잘한다고 생각하는 것(태도에 가까운 것도 무관함) 한 가지와, 그걸 보여주는 경험을 알려주세요. [기타사항] 이력서 및 제출 서류에",,"[""https://team.alwayz.co/pmf"", ""https://blog.alwayz.co/jj""]",planning_strategy,"[""marketing"", ""data_ai_ml""]","[""Associate Problem Solver"", ""APS"", ""Problem Solver""]","[""GPT"", ""Claude""]",[],ai_data,unknown,startup,unknown,"[""인턴"", ""프로젝트""]","[""문제해결 능력"", ""학습·성장 역량"", ""창의·혁신 역량"", ""실행력·업무처리 능력""]",주식회사 레브잇은 AI 쇼핑 에이전트를 출시하며 폭발적인 성장의 임계점에 서 있는 회사입니다. PMF팀은 쇼핑 AI 에이전트를 기획하고 개발하는 핵심 팀입니다.,"정해진 역할 없이 Problem Solver와 함께 고객을 이해하고, 문제를 정의하며, 실험과 검증을 통해 AI 쇼핑 Agent의 제품 고도화와 유저 획득에 기여하는 역할입니다.","고객 인터뷰, UT, 리서치를 수행하여 매우 깊은 수준의 고객 이해를 달성합니다. 이를 바탕으로 문제를 정의하고 가설을 수립하며, 프로토타입 제작, 실험 설계, 고객 반응 분석을 통해 가설을 검증합니다. 또한 유저 획득을 위한 채널 테스트, 메시지 실험, 바이럴 장치 설계 등 다양한 마케팅 활동을 시도합니다. 이 모든 과정에서 고정된 역할 없이 무엇이든 빠르게 배우고 시도하며 비즈니스 성장에 기여합니다.","경험보다는 사고 속도가 중요하며, 학력, 전공, 경력에 무관하게 처음 보는 문제를 빠르게 구조화할 수 있는 인재를 찾습니다. 답이 없는 상황에서도 스스로 방향성을 찾아갈 수 있으며, 생각과 실행 사이의 간격이 짧고, 틀렸을 때 이유를 파악하고 빠르게 수정하는 높은 수용성을 지닌 분을 선호합니다. 스마트함, 남들과 다른 접근, 논리적인 사고를 바탕으로 빠르게 배우며 10X 성장을 함께할 분을 기대합니다.","[""도전적"", ""빠른실행"", ""성장지향"", ""협업·팀워크""]","회사: 주식회사 레브잇은 AI 쇼핑 에이전트를 출시하며 폭발적인 성장의 임계점에 서 있는 회사입니다. PMF팀은 쇼핑 AI 에이전트를 기획하고 개발하는 핵심 팀입니다.
직무 목적: 정해진 역할 없이 Problem Solver와 함께 고객을 이해하고, 문제를 정의하며, 실험과 검증을 통해 AI 쇼핑 Agent의 제품 고도화와 유저 획득에 기여하는 역할입니다.
주요 업무: 고객 인터뷰, UT, 리서치를 수행하여 매우 깊은 수준의 고객 이해를 달성합니다. 이를 바탕으로 문제를 정의하고 가설을 수립하며, 프로토타입 제작, 실험 설계, 고객 반응 분석을 통해 가설을 검증합니다. 또한 유저 획득을 위한 채널 테스트, 메시지 실험, 바이럴 장치 설계 등 다양한 마케팅 활동을 시도합니다. 이 모든 과정에서 고정된 역할 없이 무엇이든 빠르게 배우고 시도하며 비즈니스 성장에 기여합니다.
인재상: 경험보다는 사고 속도가 중요하며, 학력, 전공, 경력에 무관하게 처음 보는 문제를 빠르게 구조화할 수 있는 인재를 찾습니다. 답이 없는 상황에서도 스스로 방향성을 찾아갈 수 있으며, 생각과 실행 사이의 간격이 짧고, 틀렸을 때 이유를 파악하고 빠르게 수정하는 높은 수용성을 지닌 분을 선호합니다. 스마트함, 남들과 다른 접근, 논리적인 사고를 바탕으로 빠르게 배우며 10X 성장을 함께할 분을 기대합니다.",intern,job_posting,레브잇의 AI 쇼핑 에이전트 제품 고도화 및 유저 획득에 기여할 Associate Problem Solver 인턴을 모집합니다.,[]
311589,위펀,"[위펀] 간식 상품 큐레이션 (AMD,소싱,발주)","NEW, EXPERIENCED","[위펀] 간식 상품 큐레이션 (AMD,소싱,발주) [다음 업무를 함께 할 예정입니다.] 1) 고객사 니즈에 부합한 상품 큐레이션 구성 및 제안 - 담당 기업의 임직원 니즈를 파악하여 스낵, 음료 등을 구성 - 상품 제안 및 큐레이션을 통한 매출 이익률 상승 목표 2) 담당 고객사와의 Rapport building - 담당자와 소통(정산, 발주, CS 등)하며 관계를 유지 3) 상품 소싱 - 큐레이션이 다양해질 수 있도록 신상품 서칭 및 제안 [이런 역량을 갖춘 분과 함께 하고 싶어요.] - 고객 서비스 또는 MD, 큐레이션 등 업무 경험자 - 유통회사에서 스낵, 음료, 간편식 등 식품MD 경험하신 분 - B2B 스타트업에서 다양한 업무를 수행하신 분 - 영업, 물류 등의 유관부서와 다양한 협업 경험 - 원활한 커뮤니케이션 능력 보유 [근무 조건 확인해주세요.] - 근무형태 : 정규직 - 근무지 : 위펀 본사(서울시 강남구 강남대로 374, 15층) - 근무시간 : 주 5일(월-금), 8시~10시 30분 자율출근제 - 급여 : 경력에 따라 면접 후 협의","간식 상품 큐레이션 (AMD,소싱,발주) | 상품기획/MD | 무역/유통 | 상품기획/개발 | MD | 패션MD | 리테일MD | 식품MD | 자유양식 입니다. | [위펀] 간식 상품 큐레이션 (AMD,소싱,발주)",[],marketing,"[""logistics_scm"", ""sales""]","[""간식 상품 큐레이션"", ""AMD"", ""상품기획/MD"", ""식품MD""]",[],[],retail_distribution,서울,startup,flexible,"[""프로젝트""]","[""고객·서비스 지향"", ""커뮤니케이션 역량"", ""협업·팀워크""]",위펀은 고객사의 임직원들을 위한 간식 상품을 큐레이션하고 제안하는 B2B 서비스를 제공하는 기업입니다.,이 직무는 고객사의 니즈에 맞춰 최적의 간식 상품을 구성하고 제안하여 고객 만족도를 높이고 매출 이익률을 증대시키는 데 기여합니다.,"담당 기업 임직원의 니즈를 면밀히 파악하여 스낵, 음료 등 최적의 간식 상품 큐레이션을 구성하고 고객사에 효과적으로 제안합니다. 이 과정에서 상품 제안 및 큐레이션 전략을 통해 회사의 매출 이익률 상승을 적극적으로 목표로 합니다. 담당 고객사와의 지속적이고 긴밀한 소통을 바탕으로 정산, 발주, CS 등 다양한 업무를 처리하며 긍정적인 관계를 구축하고 유지합니다. 더 나아가, 시장 트렌드를 분석하고 신상품을 적극적으로 서칭하여 큐레이션의 다양성을 확보하고 고객에게 새로운 가치를 제안하는 업무를 수행합니다.","고객 서비스, MD, 또는 큐레이션 관련 업무 경험이 있는 분을 찾습니다. 유통회사에서 스낵, 음료, 간편식 등 식품MD 경험이 있거나 B2B 스타트업에서 다양한 업무를 수행한 경험이 있는 분을 우대합니다. 영업, 물류 등 유관 부서와의 원활한 협업 경험과 뛰어난 커뮤니케이션 능력을 갖춘 분이 적합합니다.","[""자율""]","회사: 위펀은 고객사의 임직원들을 위한 간식 상품을 큐레이션하고 제안하는 B2B 서비스를 제공하는 기업입니다.
직무 목적: 이 직무는 고객사의 니즈에 맞춰 최적의 간식 상품을 구성하고 제안하여 고객 만족도를 높이고 매출 이익률을 증대시키는 데 기여합니다.
주요 업무: 담당 기업 임직원의 니즈를 면밀히 파악하여 스낵, 음료 등 최적의 간식 상품 큐레이션을 구성하고 고객사에 효과적으로 제안합니다. 이 과정에서 상품 제안 및 큐레이션 전략을 통해 회사의 매출 이익률 상승을 적극적으로 목표로 합니다. 담당 고객사와의 지속적이고 긴밀한 소통을 바탕으로 정산, 발주, CS 등 다양한 업무를 처리하며 긍정적인 관계를 구축하고 유지합니다. 더 나아가, 시장 트렌드를 분석하고 신상품을 적극적으로 서칭하여 큐레이션의 다양성을 확보하고 고객에게 새로운 가치를 제안하는 업무를 수행합니다.
인재상: 고객 서비스, MD, 또는 큐레이션 관련 업무 경험이 있는 분을 찾습니다. 유통회사에서 스낵, 음료, 간편식 등 식품MD 경험이 있거나 B2B 스타트업에서 다양한 업무를 수행한 경험이 있는 분을 우대합니다. 영업, 물류 등 유관 부서와의 원활한 협업 경험과 뛰어난 커뮤니케이션 능력을 갖춘 분이 적합합니다.",both,job_posting,"위펀에서 고객사 임직원을 위한 간식 상품을 큐레이션하고 소싱하며, 고객 관계를 구축하여 매출 증대에 기여할 MD를 찾습니다.",[]
311588,(주)인터비즈시스템,[현대오토에버/양재] PMO팀(IT헬프데스크) 채용 모집,CONTRACT,"[현대오토에버/양재] PMO팀(IT헬프데스크) 채용 모집 1) 근무지: 서울특별시 서초구 양재대로 246 송암빌딩 별관 2) 근무시간: 월-금 08:00~17:00(주말, 공휴일 휴무) 3) 급여조건(평균 연봉 31,351,584원) - 급여: 월 2,612,632원 (세전금액) * 월 22시간 연장수당 포함) - 인터비즈시스템 파견계약직 1년 + 1년 최대 2년까지 근무 가능 - 4대보험, 퇴직연금, 연차수당, 중식제공, 회사 편의시설 사용 등 4) 담당업무 (현대오토에버 PMO팀 ) 협력사 외주 인원 출입 권한 부여 및 PC세팅/불출 관리 업무 - 외주 인원 투입 시 서류접수, VPN 및 업무 관련 계정 생성 지원 - 철수 인원 퇴소 처리 지원(노트북 포맷, 시스템 ID삭제 등) - 노트북 반입/반출 대응 - 출입 응대 및 IT 환경 셋업 지원, 출입카드 신청 및 배포 관리 - 인원 좌석 배치 및 배정관리 시스템 보안 관리 - 비인가 전산 장비 해제 신청 - 필수 보안 프로그램 설치 지원 및 검토 IT 관련 문의 응대(Helpdesk) - Windows & Office 정품인증 외 OA 관련 문의 대응 - 협력 외주 인원 사용 계정 및 DRM 등 패스워드 초기화 및 잠금해제 지원 5) 자격요건 및 우대사항 - MS오피스 (엑셀/워드/파워포인트) 활용 가능자 - 원할하고 적극적인 의사소통 역량 보유자 - 유사 업무 경력 보유자 우대 - 출퇴근 용이자 우대 6) 채용일정 - 서류접수: 3.25(수)~4.1(수) 오후 6시까지 서류 결과는 4.2(목)에 발표 및 면접 대상자 안내 예정 - 면접일정: 4.3(금) (오전 중 온라인 화상면접) 진행예정 * 변동시 별도 연락 - 입사일: 2026.04.06(월) 입사 예정 * 변동시 최종 합격자에 한해 별도 안내 예정",,[],cs_cx,[],"[""PMO팀(IT헬프데스크)""]","[""MS Office"", ""Excel"", ""Word"", ""PowerPoint""]",[],it_software,서울,large_corp,office,"[""프로젝트""]","[""커뮤니케이션 역량""]","현대오토에버는 현대자동차그룹의 IT 서비스 전문 기업으로, 다양한 IT 솔루션과 서비스를 제공하며 그룹의 디지털 전환을 지원합니다.",현대오토에버 PMO팀에서 협력사 외주 인력의 원활한 IT 환경 조성 및 보안 관리를 지원하여 효율적인 업무 수행을 돕는 것이 이 직무의 목적입니다.,"협력사 외주 인력의 출입 권한 부여 및 PC 세팅, 불출 관리를 담당합니다. 외주 인력 투입 시 서류 접수, VPN 및 업무 관련 계정 생성을 지원하고, 철수 인력의 퇴소 처리(노트북 포맷, 시스템 ID 삭제 등)를 지원합니다. 노트북 반입/반출에 대응하고, 출입 응대 및 IT 환경 셋업 지원, 출입카드 신청 및 배포 관리를 수행합니다. 또한, 인원 좌석 배치 및 배정 관리 시스템 보안을 유지하며, 비인가 전산 장비 해제 신청 및 필수 보안 프로그램 설치 지원 및 검토 업무를 처리합니다. IT 관련 문의 응대(Helpdesk)를 통해 Windows 및 Office 정품 인증 외 OA 관련 문의에 대응하고, 협력 외주 인력의 사용 계정 및 DRM 등 패스워드 초기화 및 잠금 해제를 지원합니다.","MS 오피스(엑셀, 워드, 파워포인트) 활용이 가능하며, 원활하고 적극적인 의사소통 역량을 보유한 분을 찾습니다. 유사 업무 경력 보유자를 우대하며, 출퇴근이 용이한 분을 선호합니다.",[],"회사: 현대오토에버는 현대자동차그룹의 IT 서비스 전문 기업으로, 다양한 IT 솔루션과 서비스를 제공하며 그룹의 디지털 전환을 지원합니다.
직무 목적: 현대오토에버 PMO팀에서 협력사 외주 인력의 원활한 IT 환경 조성 및 보안 관리를 지원하여 효율적인 업무 수행을 돕는 것이 이 직무의 목적입니다.
주요 업무: 협력사 외주 인력의 출입 권한 부여 및 PC 세팅, 불출 관리를 담당합니다. 외주 인력 투입 시 서류 접수, VPN 및 업무 관련 계정 생성을 지원하고, 철수 인력의 퇴소 처리(노트북 포맷, 시스템 ID 삭제 등)를 지원합니다. 노트북 반입/반출에 대응하고, 출입 응대 및 IT 환경 셋업 지원, 출입카드 신청 및 배포 관리를 수행합니다. 또한, 인원 좌석 배치 및 배정 관리 시스템 보안을 유지하며, 비인가 전산 장비 해제 신청 및 필수 보안 프로그램 설치 지원 및 검토 업무를 처리합니다. IT 관련 문의 응대(Helpdesk)를 통해 Windows 및 Office 정품 인증 외 OA 관련 문의에 대응하고, 협력 외주 인력의 사용 계정 및 DRM 등 패스워드 초기화 및 잠금 해제를 지원합니다.
인재상: MS 오피스(엑셀, 워드, 파워포인트) 활용이 가능하며, 원활하고 적극적인 의사소통 역량을 보유한 분을 찾습니다. 유사 업무 경력 보유자를 우대하며, 출퇴근이 용이한 분을 선호합니다.",contract,job_posting,현대오토에버 PMO팀에서 협력사 외주 인력의 IT 헬프데스크 및 자산 관리를 담당할 계약직 직원을 모집합니다.,[]
311587,피에프씨테크놀로지스,개인신용대출 심사 담당자,EXPERIENCED,"PFC Technologies ""EXTRAORDINARY FINANCE FOR THE ORDINARY"" 보통 사람을 위한 보통이 아닌 금융 PFCT는 한국은 물론, 진출한 모든 시장에서 불가능하다고 여겨졌던 이정표들을 달성하고 있는 독보적인 금융 기술(Lending Tech) 전문성으로 아시아 금융 환경을 재편하고 있어요. 대한민국 최고의 온투금융사 B2B AI 솔루션 서비스로 9 개국에서 사업을 영위하고 있는 극소수의 AI 금융 기술 회사 대형 테크회사보다 높은 공헌 이익률 약 80%, 분기 손익분기점을 달성하며 빠르게 성장 중인 스타트업 창의적인 사업 전략과 혁신적인 기술력으로 '보통 사람을 위한 보통이 아닌 금융'을 구현할, 한국을 넘어 아시아 전역에서 활약하는 사업 활동에 가슴 뛰는 최고의 인재를 기다리고 있어요. 지금, PFCT와 함께해요! Risk Management Team 은, PFCT 서비스의 개인신용대출/주택담보대출/기타담보대출 등 리스크를 줄이기 위한 프로세스를 더 나은 방향으로 개선하고 있는 팀이에요. 이를 위해 대출 심사(사전), 채권관리(사후) 담당자들이 한 팀으로 구성되어 보다 유연하고 효율적으로 리스크를 관리하고 있어요. 개인신용대출 심사 담당자 는, 합류하면 이런 일을 해요 개인신용대출 서류 심사를 통해 대출 진행 여부를 판단해요. 대출 상담 및 1차 심사, 약정 체결 등 개인 여신 전반의 업무를 다뤄요. 개인신용대출 및 신상품 승인 전략을 수립해요. 신규 금융 상품에 대한 심사 기준을 마련해요. 나아가서는, 리스크에 대한 회사의 든든한 최후 방어선 역할을 수행해요. 저희는 이런 분을 찾고 있어요 금융권 개인신용대출 심사 경력을 2년 이상 보유한 분 맡은 일에 대해 강한 주인 의식을 가지고, 완결성 있게 업무를 수행할 수 있는 분 업무 프로세스 개선을 위해 의견을 적극적으로 제시할 수 있는 분 유연한 사고와 능동적인 자세를 가지고 있는 분 이런 경험을 가진 분이면 더 좋아요 온라인투자금융업에 대한 이해도를 가지고 있는 분 개인신용대출 심사 경험이 있는 분 엑셀, 구글 스프레드시트 등 OA 활용 능력을 보유하고 있는 분 합류 여정에 대해 알려드려요 채용 프로세스 서류 전형 1차 인터뷰(Job-Fit) 2차 인터뷰(Culture Fit) 3차 인터뷰(Final) 처우 협의 최종 합류 지원 서류 이력서(필수/자유 양식) 포트폴리오(선택) 제출 형식: PDF 파일 권장 안내 사항 내부 사정에 따라 채용 일정 또는 절차가 변경될 수 있으며, 변경 시 별도 안내 드릴 예정입니다. 제출 서류에",,[],finance_investment,[],"[""개인신용대출 심사 담당자""]","[""개인신용대출 심사"", ""엑셀"", ""구글 스프레드시트"", ""OA 활용 능력""]","[""온라인투자금융업 이해""]",finance_fintech,unknown,startup,unknown,[],"[""문제해결 능력"", ""실행력·업무처리 능력"", ""커뮤니케이션 역량"", ""창의·혁신 역량"", ""협업·팀워크""]",PFC Technologies는 한국을 포함한 아시아 시장에서 금융 기술(Lending Tech) 전문성을 바탕으로 금융 환경을 재편하고 있는 회사입니다. 대한민국 온라인투자금융사로서 B2B AI 솔루션 서비스를 9개국에서 제공하며 빠르게 성장하고 있습니다.,"이 직무는 개인신용대출 서류 심사를 통해 대출 진행 여부를 판단하고, 신규 금융 상품에 대한 심사 기준을 마련하여 회사의 리스크를 관리하는 최후 방어선 역할을 수행합니다.","개인신용대출 서류 심사를 진행하여 대출 진행 여부를 판단하며, 대출 상담 및 1차 심사, 약정 체결 등 개인 여신 전반의 업무를 담당합니다. 또한, 개인신용대출 및 신상품 승인 전략을 수립하고, 신규 금융 상품에 대한 심사 기준을 마련하는 역할을 수행합니다. 궁극적으로 회사의 리스크 관리에 있어 든든한 최후 방어선으로서 기여합니다.","금융권에서 개인신용대출 심사 경력을 2년 이상 보유한 분을 찾습니다. 맡은 업무에 대해 강한 주인 의식을 가지고 완결성 있게 수행하며, 업무 프로세스 개선을 위해 적극적으로 의견을 제시할 수 있어야 합니다. 유연한 사고와 능동적인 자세로 업무에 임하고, 온라인투자금융업에 대한 이해도를 갖춘 분을 우대합니다. 엑셀, 구글 스프레드시트 등 OA 활용 능력 또한 중요합니다.","[""창의"", ""혁신"", ""성장"", ""주인의식"", ""능동적"", ""유연""]","회사: PFC Technologies는 한국을 포함한 아시아 시장에서 금융 기술(Lending Tech) 전문성을 바탕으로 금융 환경을 재편하고 있는 회사입니다. 대한민국 온라인투자금융사로서 B2B AI 솔루션 서비스를 9개국에서 제공하며 빠르게 성장하고 있습니다.
직무 목적: 이 직무는 개인신용대출 서류 심사를 통해 대출 진행 여부를 판단하고, 신규 금융 상품에 대한 심사 기준을 마련하여 회사의 리스크를 관리하는 최후 방어선 역할을 수행합니다.
주요 업무: 개인신용대출 서류 심사를 진행하여 대출 진행 여부를 판단하며, 대출 상담 및 1차 심사, 약정 체결 등 개인 여신 전반의 업무를 담당합니다. 또한, 개인신용대출 및 신상품 승인 전략을 수립하고, 신규 금융 상품에 대한 심사 기준을 마련하는 역할을 수행합니다. 궁극적으로 회사의 리스크 관리에 있어 든든한 최후 방어선으로서 기여합니다.
인재상: 금융권에서 개인신용대출 심사 경력을 2년 이상 보유한 분을 찾습니다. 맡은 업무에 대해 강한 주인 의식을 가지고 완결성 있게 수행하며, 업무 프로세스 개선을 위해 적극적으로 의견을 제시할 수 있어야 합니다. 유연한 사고와 능동적인 자세로 업무에 임하고, 온라인투자금융업에 대한 이해도를 갖춘 분을 우대합니다. 엑셀, 구글 스프레드시트 등 OA 활용 능력 또한 중요합니다.",experienced,job_posting,PFC Technologies에서 개인신용대출 심사 및 리스크 관리를 담당할 2년 이상 경력자를 찾습니다.,[]
311586,신신제약,[신신제약] OTC 영업사원 모집,NEW,"[신신제약] OTC 영업사원 모집 ~ 2026-04-17 모집부문 및 상세내용 모집 부문 상세내용 OTC 영업사원 담당업무 OTC 약국 영업 (부산 수영구, 부산진구, 남구, 사상구 등) 신규 거래처 발굴 및 유지 고객사 관리 및 관계 구축 기타 OTC 영업 관련 업무 채용형태 - 신입 - 팀원,사원 우대조건 화학 생명과학 환경 전체 전공, 약학 전체 전공 자격요건 학력 대학졸업(4년) 이상(졸업예정자 가능) 근무조건 급여 회사 내규에 따름 근무지역 서울 강서구 마곡중앙8로1길 58 신신제약 마곡 ~ 2026-04-17 지원",,[],sales,[],"[""OTC 영업사원""]",[],"[""화학"", ""생명과학"", ""환경"", ""약학""]",pharmaceutical,부산,mid_corp,field,[],"[""고객·서비스 지향"", ""커뮤니케이션 역량"", ""실행력·업무처리 능력""]",신신제약은 의약품을 제조 및 판매하는 제약회사입니다.,"이 직무는 부산 지역 약국을 대상으로 OTC 의약품 영업을 수행하며, 신규 거래처를 발굴하고 기존 고객과의 관계를 강화하여 회사 매출 증대에 기여하는 역할을 합니다.","OTC 영업사원은 부산 수영구, 부산진구, 남구, 사상구 등 지정된 지역 내 약국을 대상으로 OTC 의약품 영업 활동을 담당합니다. 주요 업무로는 신규 거래처를 적극적으로 발굴하고 기존 고객사와의 관계를 유지하며 관리하는 것이 포함됩니다. 또한, 고객사와의 긴밀한 관계를 구축하고 유지하며, 기타 OTC 영업과 관련된 다양한 업무를 수행하게 됩니다.","4년제 대학 졸업 이상의 학력을 갖추었거나 졸업 예정인 분을 찾습니다. 특히 화학, 생명과학, 환경 또는 약학 관련 전공자를 우대합니다. 고객과의 원활한 소통을 통해 신규 거래처를 발굴하고 기존 고객사를 효과적으로 관리할 수 있는 역량을 가진 분을 선호합니다.",[],"회사: 신신제약은 의약품을 제조 및 판매하는 제약회사입니다.
직무 목적: 이 직무는 부산 지역 약국을 대상으로 OTC 의약품 영업을 수행하며, 신규 거래처를 발굴하고 기존 고객과의 관계를 강화하여 회사 매출 증대에 기여하는 역할을 합니다.
주요 업무: OTC 영업사원은 부산 수영구, 부산진구, 남구, 사상구 등 지정된 지역 내 약국을 대상으로 OTC 의약품 영업 활동을 담당합니다. 주요 업무로는 신규 거래처를 적극적으로 발굴하고 기존 고객사와의 관계를 유지하며 관리하는 것이 포함됩니다. 또한, 고객사와의 긴밀한 관계를 구축하고 유지하며, 기타 OTC 영업과 관련된 다양한 업무를 수행하게 됩니다.
인재상: 4년제 대학 졸업 이상의 학력을 갖추었거나 졸업 예정인 분을 찾습니다. 특히 화학, 생명과학, 환경 또는 약학 관련 전공자를 우대합니다. 고객과의 원활한 소통을 통해 신규 거래처를 발굴하고 기존 고객사를 효과적으로 관리할 수 있는 역량을 가진 분을 선호합니다.",new,job_posting,신신제약에서 부산 지역 약국 대상 OTC 의약품 영업을 담당할 신입 사원을 모집합니다.,[]
311585,위펀,[위펀] 영업관리 (매출관리/해지방어/CSM),"NEW, EXPERIENCED","[위펀] 영업관리 (매출관리/해지방어/CSM) [다음 업무를 함께 할 예정입니다.] - 고객사의 서비스 이용 내역과 매출 데이터를 점검해 예산 대비 실적 격차 및 이슈 파악 - 이메일 / 전화 등 담당자와 소통하며 관계 형성 및 주요 고민과 개선 요청 청취 - 불만 문의 사항 접수 후 내부팀 이관, 처리 결과 신속 피드백 - 매출 사용 패턴 분석해 교차 판매 기회 발굴, 제안서 전달 및 매출 확대 - 계약 만료 고객사 파악, 재계약 조건 협의로 서비스 유지 유도 - CRM에 실적 데이터 업데이트, 주간 월간 실적 모니터링 및 이슈 공유 - 목표 달성 고객사 선별, 심화 관리팀 인수인계 자료 정리 [이런 역량을 갖춘 분과 함께 하고 싶어요.] - 경력무관 (신입가능 / 학력, 전공무관) - B2B B2C 영업관리, 고객 응대 등에 관심과 호기심이 있는 분 - 데이터로 성과를 분석하고, 제안해 볼 수 있는 논리적 사고력 보유자 [이런 분이시라면 더욱 좋습니다!] - 이전에 슈퍼바이저 / 영업관리 / 인턴 등으로 업무를 해본 경험 - 아르바이트 등 매장관리 중 본인이 주도해 이렇게 바꿨더니 매출이 쑥쑥 성과를 낸 사례 경험자 - 고객 관점에서 문제를 정의하고, 해결책을 제시해본 분",영업관리 | 영업관리/지원/영업기획 | 영업/고객상담 | B2B영업/기술영업 | 지원 | 영업기획 | B2B영업 | 기술영업 | 자유양식 입니다. | [위펀] 영업관리 (매출관리/해지방어/CSM),[],sales,"[""cs_cx""]","[""영업관리"", ""매출관리"", ""해지방어"", ""CSM""]",[],"[""데이터 분석""]",retail_distribution,unknown,mid_corp,unknown,"[""인턴"", ""아르바이트"", ""프로젝트""]","[""고객·서비스 지향"", ""문제해결 능력"", ""실행력·업무처리 능력"", ""정보수집·분석 역량"", ""커뮤니케이션 역량""]","위펀은 고객사의 서비스 이용 내역과 매출 데이터를 관리하며, B2B 서비스를 제공하는 기업입니다.","이 직무는 고객사의 서비스 이용을 최적화하고, 매출 데이터를 분석하여 고객 만족도를 높이며, 재계약을 통해 지속적인 성장을 도모하는 데 기여합니다.","고객사의 서비스 이용 내역과 매출 데이터를 주기적으로 점검하여 예산 대비 실적 격차 및 잠재적 이슈를 파악합니다. 이메일과 전화를 통해 담당자와 긴밀히 소통하며 관계를 구축하고, 고객의 주요 고민과 개선 요청 사항을 경청합니다. 접수된 불만 문의 사항은 내부 관련 팀으로 신속하게 이관하고, 처리 결과를 고객에게 빠르게 피드백합니다. 매출 사용 패턴을 면밀히 분석하여 교차 판매 기회를 발굴하고, 맞춤형 제안서를 전달하여 매출 확대를 추진합니다. 계약 만료가 임박한 고객사를 파악하여 재계약 조건을 적극적으로 협의하고, 서비스 유지를 유도합니다. CRM 시스템에 실적 데이터를 정확히 업데이트하고, 주간 및 월간 실적을 모니터링하며 주요 이슈를 팀 내에 공유합니다. 목표 달성 고객사를 선별하여 심화 관리팀으로 인수인계 자료를 정리하는 업무도 수행합니다.","경력 무관하게 지원 가능하며, 학력 및 전공 제한이 없습니다. B2B 또는 B2C 영업관리 및 고객 응대에 대한 깊은 관심과 호기심을 가진 분을 찾습니다. 데이터를 기반으로 성과를 분석하고, 이를 바탕으로 효과적인 제안을 할 수 있는 논리적 사고력을 보유해야 합니다. 이전에 슈퍼바이저, 영업관리, 인턴 등으로 업무를 수행한 경험이 있거나, 아르바이트 등 매장 관리 중 주도적으로 개선하여 매출 성과를 낸 경험이 있는 분을 우대합니다. 또한, 고객 관점에서 문제를 명확히 정의하고 실질적인 해결책을 제시해본 경험이 있는 분을 선호합니다.",[],"회사: 위펀은 고객사의 서비스 이용 내역과 매출 데이터를 관리하며, B2B 서비스를 제공하는 기업입니다.
직무 목적: 이 직무는 고객사의 서비스 이용을 최적화하고, 매출 데이터를 분석하여 고객 만족도를 높이며, 재계약을 통해 지속적인 성장을 도모하는 데 기여합니다.
주요 업무: 고객사의 서비스 이용 내역과 매출 데이터를 주기적으로 점검하여 예산 대비 실적 격차 및 잠재적 이슈를 파악합니다. 이메일과 전화를 통해 담당자와 긴밀히 소통하며 관계를 구축하고, 고객의 주요 고민과 개선 요청 사항을 경청합니다. 접수된 불만 문의 사항은 내부 관련 팀으로 신속하게 이관하고, 처리 결과를 고객에게 빠르게 피드백합니다. 매출 사용 패턴을 면밀히 분석하여 교차 판매 기회를 발굴하고, 맞춤형 제안서를 전달하여 매출 확대를 추진합니다. 계약 만료가 임박한 고객사를 파악하여 재계약 조건을 적극적으로 협의하고, 서비스 유지를 유도합니다. CRM 시스템에 실적 데이터를 정확히 업데이트하고, 주간 및 월간 실적을 모니터링하며 주요 이슈를 팀 내에 공유합니다. 목표 달성 고객사를 선별하여 심화 관리팀으로 인수인계 자료를 정리하는 업무도 수행합니다.
인재상: 경력 무관하게 지원 가능하며, 학력 및 전공 제한이 없습니다. B2B 또는 B2C 영업관리 및 고객 응대에 대한 깊은 관심과 호기심을 가진 분을 찾습니다. 데이터를 기반으로 성과를 분석하고, 이를 바탕으로 효과적인 제안을 할 수 있는 논리적 사고력을 보유해야 합니다. 이전에 슈퍼바이저, 영업관리, 인턴 등으로 업무를 수행한 경험이 있거나, 아르바이트 등 매장 관리 중 주도적으로 개선하여 매출 성과를 낸 경험이 있는 분을 우대합니다. 또한, 고객 관점에서 문제를 명확히 정의하고 실질적인 해결책을 제시해본 경험이 있는 분을 선호합니다.",both,job_posting,"위펀의 영업관리 직무는 고객사의 매출 데이터를 분석하고 고객 관계를 관리하며, 재계약 및 매출 확대를 통해 서비스 성장에 기여하는 역할입니다.",[]
311581,네오심플릭스,[네오심플릭스] [Dr.Reju-All] 대만향 인플루언서 마케터(인턴),INTERN,"[네오심플릭스] [Dr.Reju-All] 대만향 인플루언서 마케터(인턴) [모집직무] 대만향 인플루언서 마케터 [업무내용] 대만 인플루언서를 발굴하고 시딩(Seeding) 프로그램을 기획 운영하여, 브랜드의 진정한 첫 팬을 만들어갑니다. 대만향 인플루언서와 직접 소통하며 협업 콘텐츠를 기획 제작하고, 브랜드 메시지가 현지 시장에 자연스럽게 스며들 수 있도록 파트너십을 관리합니다. 인플루언서가 제작한 콘텐츠를 분석하여 성과 높은 광고 소재를 발굴하고, 데이터 기반으로 크리에이티브 인사이트를 도출합니다. 캠페인별 성과 데이터를 직접 수집 분석하고, 다음 실행으로 연결되는 인사이트를 도출합니다. [우대사항] 대만어로 소통이 가능하신 분 글로벌 마케팅 분야로 Specialist가 되고 싶은신 분",,[],marketing,"[""data_ai_ml""]","[""대만향 인플루언서 마케터""]",[],"[""대만어""]",beauty_cosmetics,unknown,unknown,unknown,"[""인턴"", ""프로젝트""]","[""정보수집·분석 역량"", ""문제해결 능력"", ""커뮤니케이션 역량"", ""협업·팀워크"", ""학습·성장 역량""]",네오심플릭스는 Dr.Reju-All 브랜드를 운영하며 대만 시장을 타겟으로 인플루언서 마케팅을 진행하는 회사입니다.,"대만 인플루언서 마케팅을 통해 브랜드의 첫 팬을 만들고, 현지 시장에 브랜드 메시지를 효과적으로 전달하며, 데이터 기반으로 마케팅 성과를 분석하여 캠페인 효율을 높이는 역할입니다.","대만 인플루언서를 발굴하고 시딩(Seeding) 프로그램을 기획 운영하여 브랜드의 진정한 첫 팬을 만들어갑니다. 대만향 인플루언서와 직접 소통하며 협업 콘텐츠를 기획 제작하고, 브랜드 메시지가 현지 시장에 자연스럽게 스며들 수 있도록 파트너십을 관리합니다. 인플루언서가 제작한 콘텐츠를 분석하여 성과 높은 광고 소재를 발굴하고, 데이터 기반으로 크리에이티브 인사이트를 도출합니다. 캠페인별 성과 데이터를 직접 수집 분석하고, 다음 실행으로 연결되는 인사이트를 도출하는 업무를 수행합니다.","대만어로 원활한 소통이 가능하며, 글로벌 마케팅 분야의 전문가로 성장하고자 하는 분을 우대합니다. 인플루언서 발굴 및 시딩 프로그램 기획 운영 경험, 협업 콘텐츠 기획 제작 능력, 그리고 데이터 기반의 콘텐츠 성과 분석 및 인사이트 도출 역량을 갖춘 인재를 찾습니다.",[],"회사: 네오심플릭스는 Dr.Reju-All 브랜드를 운영하며 대만 시장을 타겟으로 인플루언서 마케팅을 진행하는 회사입니다.
직무 목적: 대만 인플루언서 마케팅을 통해 브랜드의 첫 팬을 만들고, 현지 시장에 브랜드 메시지를 효과적으로 전달하며, 데이터 기반으로 마케팅 성과를 분석하여 캠페인 효율을 높이는 역할입니다.
주요 업무: 대만 인플루언서를 발굴하고 시딩(Seeding) 프로그램을 기획 운영하여 브랜드의 진정한 첫 팬을 만들어갑니다. 대만향 인플루언서와 직접 소통하며 협업 콘텐츠를 기획 제작하고, 브랜드 메시지가 현지 시장에 자연스럽게 스며들 수 있도록 파트너십을 관리합니다. 인플루언서가 제작한 콘텐츠를 분석하여 성과 높은 광고 소재를 발굴하고, 데이터 기반으로 크리에이티브 인사이트를 도출합니다. 캠페인별 성과 데이터를 직접 수집 분석하고, 다음 실행으로 연결되는 인사이트를 도출하는 업무를 수행합니다.
인재상: 대만어로 원활한 소통이 가능하며, 글로벌 마케팅 분야의 전문가로 성장하고자 하는 분을 우대합니다. 인플루언서 발굴 및 시딩 프로그램 기획 운영 경험, 협업 콘텐츠 기획 제작 능력, 그리고 데이터 기반의 콘텐츠 성과 분석 및 인사이트 도출 역량을 갖춘 인재를 찾습니다.",intern,job_posting,"대만 시장을 타겟으로 인플루언서 마케팅을 기획하고 실행하며, 데이터 기반으로 성과를 분석하는 인턴십 포지션입니다.",[]
311580,위펀,[위펀] 영업팀 인턴 (채용연계형),INTERN,"[위펀] 영업팀 인턴 (채용연계형) [다음 업무를 함께 할 예정입니다.] - 위펀에서 제공하는 기업 복지 운영 관리 서비스 전반에 대한 영업 업무 경험 - 고객사의 상황과 니즈를 이해하고, 맞춤형 제안 방향을 함께 고민하는 컨설팅 커뮤니케이션 - 리드 파악 제안 계약 운영 연계까지 영업의 전체 흐름을 실무 중심으로 경험 - 운영 물류 CX 등 유관부서와의 협업을 통한 고객 경험 개선 및 서비스 품질 제고 - 단순 보조 역할이 아닌, 영업이 실제로 성과로 이어지는 구조를 직접 경험하는 포지션입니다. [이런 역량을 갖춘 분과 함께 하고 싶어요 .] - 영업 커리어를 시작하고 싶은 분 - 신입 가능 (2026년 졸업 예정자 가능) - 경력자 / 직무 전환 희망자도 지원 가능 - 영업을 하고 싶지만 어디서, 어떻게 시작해야 할지 고민해본 적이 있는 분 - 영업에 대해 본인만의 생각과 기준, 철학을 가지고 있는 분 - 말솜씨보다 시도하고 실행하는 태도를 더 중요하게 생각하는 분 [퍼니가 되는 여정] - 서류 심사 직무/컬처 interview 최종 합격 -","영업팀 인턴 (채용연계형) | B2B영업/기술영업 | 영업/고객상담 | 일반영업 | B2B영업 | 기술영업 | 왜 영업 이라고 생각하셨나요? 다른 직무가 아닌 영업을 선택한 이유는 무엇인가요? | 본인이 생각하는 영업을 잘한다 는 것은 무엇인가요? | 실적, 관계, 태도, 사고방식 등 어떤 기준이 중요하다고 생각하나요? | 본인은 영업을 잘할 수 있을 것 같나요? | 그렇다면 그 이유는 무엇인가요? | 잘할 수 있을지 아직 모르겠다면, 그럼에도 불구하고 영업에 도전 하고 싶은 이유는 무엇인가요? | [위펀] 영업팀 인턴 (채용연계형)",[],sales,[],"[""영업팀 인턴"", ""B2B영업"", ""기술영업"", ""일반영업"", ""고객상담""]",[],[],service_pm,unknown,mid_corp,unknown,"[""인턴""]","[""커뮤니케이션 역량"", ""문제해결 능력"", ""실행력·업무처리 능력"", ""전략·기획 역량""]",위펀은 기업을 대상으로 다양한 복지 운영 관리 서비스를 제공하는 회사입니다.,"이 직무는 위펀의 기업 복지 운영 관리 서비스 영업 전반을 실무적으로 경험하며, 고객의 니즈를 파악하고 맞춤형 솔루션을 제공하여 실제 영업 성과로 연결하는 데 기여하기 위해 필요합니다.","위펀에서 제공하는 기업 복지 운영 관리 서비스 전반에 대한 영업 업무를 경험하게 됩니다. 고객사의 상황과 니즈를 깊이 이해하고, 이에 맞는 맞춤형 제안 방향을 함께 고민하며 컨설팅 기반의 커뮤니케이션을 수행합니다. 리드 파악부터 제안, 계약, 운영 연계까지 영업의 전체 흐름을 실무 중심으로 경험하며, 운영, 물류, CX 등 유관부서와의 긴밀한 협업을 통해 고객 경험을 개선하고 서비스 품질을 제고합니다. 단순 보조 역할에 그치지 않고, 영업 활동이 실제로 성과로 이어지는 구조를 직접 경험하고 기여하는 포지션입니다.","영업 커리어를 새롭게 시작하고 싶은 분, 또는 직무 전환을 희망하는 경력자 모두 지원 가능합니다. 특히 2026년 졸업 예정인 신입 지원자도 환영합니다. 영업에 대한 본인만의 명확한 생각과 기준, 철학을 가지고 있으며, 단순히 말솜씨보다는 적극적으로 시도하고 실행하는 태도를 중요하게 생각하는 인재를 찾습니다. 영업을 시작하는 방법에 대해 고민해본 경험이 있는 분이라면 더욱 좋습니다.","[""실행력""]","회사: 위펀은 기업을 대상으로 다양한 복지 운영 관리 서비스를 제공하는 회사입니다.
직무 목적: 이 직무는 위펀의 기업 복지 운영 관리 서비스 영업 전반을 실무적으로 경험하며, 고객의 니즈를 파악하고 맞춤형 솔루션을 제공하여 실제 영업 성과로 연결하는 데 기여하기 위해 필요합니다.
주요 업무: 위펀에서 제공하는 기업 복지 운영 관리 서비스 전반에 대한 영업 업무를 경험하게 됩니다. 고객사의 상황과 니즈를 깊이 이해하고, 이에 맞는 맞춤형 제안 방향을 함께 고민하며 컨설팅 기반의 커뮤니케이션을 수행합니다. 리드 파악부터 제안, 계약, 운영 연계까지 영업의 전체 흐름을 실무 중심으로 경험하며, 운영, 물류, CX 등 유관부서와의 긴밀한 협업을 통해 고객 경험을 개선하고 서비스 품질을 제고합니다. 단순 보조 역할에 그치지 않고, 영업 활동이 실제로 성과로 이어지는 구조를 직접 경험하고 기여하는 포지션입니다.
인재상: 영업 커리어를 새롭게 시작하고 싶은 분, 또는 직무 전환을 희망하는 경력자 모두 지원 가능합니다. 특히 2026년 졸업 예정인 신입 지원자도 환영합니다. 영업에 대한 본인만의 명확한 생각과 기준, 철학을 가지고 있으며, 단순히 말솜씨보다는 적극적으로 시도하고 실행하는 태도를 중요하게 생각하는 인재를 찾습니다. 영업을 시작하는 방법에 대해 고민해본 경험이 있는 분이라면 더욱 좋습니다.",intern,internship_program,위펀의 기업 복지 운영 관리 서비스 영업팀에서 실무 중심의 영업 경험을 쌓고 성과 창출에 기여할 채용연계형 인턴을 모집합니다.,[]
311578,피에프씨테크놀로지스,Legal Counsel(사내 변호사),EXPERIENCED,"PFC Technologies ""EXTRAORDINARY FINANCE FOR THE ORDINARY"" 보통 사람을 위한 보통이 아닌 금융 PFCT는 한국은 물론, 진출한 모든 시장에서 불가능하다고 여겨졌던 이정표들을 달성하고 있는 독보적인 금융 기술(Lending Tech) 전문성으로 아시아 금융 환경을 재편하고 있어요. 대한민국 최고의 온투금융사 B2B AI 솔루션 서비스로 9 개국에서 사업을 영위하고 있는 극소수의 AI 금융 기술 회사 대형 테크회사보다 높은 공헌 이익률 약 80%, 분기 손익분기점을 달성하며 빠르게 성장 중인 스타트업 창의적인 사업 전략과 혁신적인 기술력으로 '보통 사람을 위한 보통이 아닌 금융'을 구현할, 한국을 넘어 아시아 전역에서 활약하는 사업 활동에 가슴 뛰는 최고의 인재를 기다리고 있어요. 지금, PFCT와 함께해요! Legal Division 은, 회사의 법무를 총괄하고 법률 자문, 내부 통제, 소송 분쟁 등에 필요한 업무를 수행하며 사업 부서를 지원하는 역할을 수행해요. 구체적으로는 PFCT가 사업을 영위하고 업무를 수행하는 과정에서 준수하여야 할 관련 법률과 규정, 내규 등을 해석하고 이를 바탕으로 운영에 필요한 지원 업무를 수행해요. [ 팀이 일하는 방식 ] 높은 윤리 의식과 도덕성을 기반으로 PFCT가 안전하게 성장할 수 있도록 올바르게 판단하고 행동해요. 금융과 IT에 대한 지식과 사업에 대한 이해도를 가지고 다양한 부서의 동료들과 원활하게 협업해요. Legal Counsel( 사내 변호사) 은 , 합류하면 이런 일을 해요 금융 상품 및 회사 운영 전반에 관한 계약서 작성 및 검토를 총괄해요. 온라인투자연계금융업법, 금융소비자보호법, 신용정보법, 전자금융거래법 등 관련 법률 검토 의견을 제시해요. 조직 내부에서 내부 통제와 관련하여 컴플라이언스팀을 지원하고, 사업 부서에 필요한 법률 업무를 수행해요. 회사 운영 일반과 전략, 거버넌스, IR 등에 필요한 법률적 지원을 제공해요. 규제 관련 이슈 대응을 위한 금융 감독 당국과 소통해요. 관련 법령 및 내규에서 법무 부서와 준법 감시인의 업무 영역에 속하는 실무를 수행해요. 소송 및 분쟁을 관리하고 소송 대리인으로서 업무를 수행해요. 이런 분을 찾고 있어요 국내 변호사 자격이 있는 분 내부 통제, 준법 감시, 법무 등 관련 업무 경험이 있는 분 이런 경험을 가진 분이면 더 좋아요 금융회사 근무 또는 금융업 자문 경험이 있는 분 법무 법인 근무 경력이 있는 분 협업 솔루션 활용 능력이 있는 분 비즈니스 영어가 가능한 분 합류 여정에 대해 알려드려요 채용 프로세스 서류 전형 -> 1차 인터뷰(Job-Fit) 2차 인터뷰(Culture Fit) 처우 협의 최종 합류 지원 서류 이력서(필수/자유 양식) 포트폴리오(선택) 제출 형식: PDF 파일 권장 안내 사항 내부 사정에 따라 채용 일정 또는 절차가 변경될 수 있으며, 변경 시 별도 안내 드릴 예정입니다. 제출 서류에",,[],management_support,[],"[""Legal Counsel"", ""사내 변호사""]","[""국내 변호사 자격"", ""온라인투자연계금융업법"", ""금융소비자보호법"", ""신용정보법"", ""전자금융거래법""]","[""금융회사 근무 경험"", ""금융업 자문 경험"", ""법무 법인 근무 경력"", ""협업 솔루션 활용"", ""비즈니스 영어""]",finance_fintech,서울,startup,office,"[""프로젝트""]","[""문제해결 능력"", ""협업·팀워크"", ""정보수집·분석 역량""]",PFC Technologies는 독보적인 금융 기술(Lending Tech) 전문성을 바탕으로 아시아 금융 환경을 재편하고 있는 AI 금융 기술 회사입니다. 대한민국 최고의 온투금융사로서 9개국에서 사업을 영위하며 빠르게 성장하고 있습니다.,"회사의 법무를 총괄하고 법률 자문, 내부 통제, 소송 분쟁 등에 필요한 업무를 수행하며 사업 부서의 안전한 성장을 지원하는 역할을 수행합니다.","금융 상품 및 회사 운영 전반에 관한 계약서 작성 및 검토를 총괄합니다. 온라인투자연계금융업법, 금융소비자보호법, 신용정보법, 전자금융거래법 등 관련 법률 검토 의견을 제시합니다. 조직 내부에서 내부 통제와 관련하여 컴플라이언스팀을 지원하고, 사업 부서에 필요한 법률 업무를 수행합니다. 회사 운영 일반과 전략, 거버넌스, IR 등에 필요한 법률적 지원을 제공하며, 규제 관련 이슈 대응을 위해 금융 감독 당국과 소통합니다. 관련 법령 및 내규에서 법무 부서와 준법 감시인의 업무 영역에 속하는 실무를 수행하고, 소송 및 분쟁을 관리하며 소송 대리인으로서 업무를 수행합니다.","국내 변호사 자격을 보유하고 내부 통제, 준법 감시, 법무 등 관련 업무 경험이 있는 분을 찾습니다. 금융회사 근무 또는 금융업 자문 경험, 법무 법인 근무 경력이 있다면 더욱 좋습니다. 협업 솔루션 활용 능력과 비즈니스 영어 능력을 갖춘 분을 우대합니다. 높은 윤리 의식과 도덕성을 바탕으로 올바른 판단을 내리고, 금융과 IT 지식 및 사업 이해도를 바탕으로 다양한 부서와 원활하게 협업할 수 있는 인재를 선호합니다.","[""윤리"", ""성장"", ""혁신"", ""기술중심"", ""스타트업""]","회사: PFC Technologies는 독보적인 금융 기술(Lending Tech) 전문성을 바탕으로 아시아 금융 환경을 재편하고 있는 AI 금융 기술 회사입니다. 대한민국 최고의 온투금융사로서 9개국에서 사업을 영위하며 빠르게 성장하고 있습니다.
직무 목적: 회사의 법무를 총괄하고 법률 자문, 내부 통제, 소송 분쟁 등에 필요한 업무를 수행하며 사업 부서의 안전한 성장을 지원하는 역할을 수행합니다.
주요 업무: 금융 상품 및 회사 운영 전반에 관한 계약서 작성 및 검토를 총괄합니다. 온라인투자연계금융업법, 금융소비자보호법, 신용정보법, 전자금융거래법 등 관련 법률 검토 의견을 제시합니다. 조직 내부에서 내부 통제와 관련하여 컴플라이언스팀을 지원하고, 사업 부서에 필요한 법률 업무를 수행합니다. 회사 운영 일반과 전략, 거버넌스, IR 등에 필요한 법률적 지원을 제공하며, 규제 관련 이슈 대응을 위해 금융 감독 당국과 소통합니다. 관련 법령 및 내규에서 법무 부서와 준법 감시인의 업무 영역에 속하는 실무를 수행하고, 소송 및 분쟁을 관리하며 소송 대리인으로서 업무를 수행합니다.
인재상: 국내 변호사 자격을 보유하고 내부 통제, 준법 감시, 법무 등 관련 업무 경험이 있는 분을 찾습니다. 금융회사 근무 또는 금융업 자문 경험, 법무 법인 근무 경력이 있다면 더욱 좋습니다. 협업 솔루션 활용 능력과 비즈니스 영어 능력을 갖춘 분을 우대합니다. 높은 윤리 의식과 도덕성을 바탕으로 올바른 판단을 내리고, 금융과 IT 지식 및 사업 이해도를 바탕으로 다양한 부서와 원활하게 협업할 수 있는 인재를 선호합니다.",experienced,job_posting,"PFC Technologies의 Legal Counsel은 금융 기술 스타트업의 법무를 총괄하며, 계약 검토, 법률 자문, 내부 통제 지원, 규제 대응 및 소송 관리를 담당합니다.",[]
311576,네오심플릭스,[네오심플릭스] [Dr.Reju-All] 중국향 인플루언서 마케터(인턴),INTERN,"[네오심플릭스] [Dr.Reju-All] 중국향 인플루언서 마케터(인턴) [모집직무] 중국향 인플루언서 마케터 [업무내용] 중국 인플루언서를 발굴하고 시딩(Seeding) 프로그램을 기획 운영하여, 브랜드의 진정한 첫 팬을 만들어갑니다. 중국향 인플루언서와 직접 소통하며 협업 콘텐츠를 기획 제작하고, 브랜드 메시지가 현지 시장에 자연스럽게 스며들 수 있도록 파트너십을 관리합니다. 인플루언서가 제작한 콘텐츠를 분석하여 성과 높은 광고 소재를 발굴하고, 데이터 기반으로 크리에이티브 인사이트를 도출합니다. 캠페인별 성과 데이터를 직접 수집 분석하고, 다음 실행으로 연결되는 인사이트를 도출합니다. [우대사항] 중국어로 소통이 가능하신 분 글로벌 마케팅 분야로 Specialist가 되고 싶은신 분",,[],marketing,[],"[""중국향 인플루언서 마케터""]","[""인플루언서 마케팅"", ""캠페인 기획"", ""콘텐츠 기획"", ""데이터 분석""]","[""중국어""]",beauty_cosmetics,unknown,unknown,unknown,"[""프로젝트""]","[""정보수집·분석 역량"", ""창의·혁신 역량"", ""실행력·업무처리 능력"", ""커뮤니케이션 역량"", ""협업·팀워크""]",네오심플릭스는 Dr.Reju-All 브랜드를 운영하며 중국 시장을 대상으로 인플루언서 마케팅을 진행하는 회사입니다.,"중국향 인플루언서 마케터는 중국 인플루언서 발굴 및 협업을 통해 브랜드의 팬을 만들고, 데이터 기반으로 마케팅 성과를 분석하여 브랜드 메시지를 현지 시장에 효과적으로 전달하는 역할을 수행합니다.","중국 인플루언서를 발굴하고 시딩 프로그램을 기획 운영하여 브랜드의 진정한 첫 팬을 만들어갑니다. 중국향 인플루언서와 직접 소통하며 협업 콘텐츠를 기획 제작하고, 브랜드 메시지가 현지 시장에 자연스럽게 스며들 수 있도록 파트너십을 관리합니다. 인플루언서가 제작한 콘텐츠를 분석하여 성과 높은 광고 소재를 발굴하고, 데이터 기반으로 크리에이티브 인사이트를 도출합니다. 캠페인별 성과 데이터를 직접 수집 분석하고, 다음 실행으로 연결되는 인사이트를 도출합니다.","중국어로 원활한 소통이 가능하며, 글로벌 마케팅 분야의 전문가로 성장하고자 하는 분을 우대합니다. 인플루언서 발굴 및 시딩 프로그램 기획 운영 경험이 있으며, 데이터 기반의 분석을 통해 마케팅 성과를 개선하고 크리에이티브 인사이트를 도출할 수 있는 인재를 찾습니다.","[""데이터드리븐""]","회사: 네오심플릭스는 Dr.Reju-All 브랜드를 운영하며 중국 시장을 대상으로 인플루언서 마케팅을 진행하는 회사입니다.
직무 목적: 중국향 인플루언서 마케터는 중국 인플루언서 발굴 및 협업을 통해 브랜드의 팬을 만들고, 데이터 기반으로 마케팅 성과를 분석하여 브랜드 메시지를 현지 시장에 효과적으로 전달하는 역할을 수행합니다.
주요 업무: 중국 인플루언서를 발굴하고 시딩 프로그램을 기획 운영하여 브랜드의 진정한 첫 팬을 만들어갑니다. 중국향 인플루언서와 직접 소통하며 협업 콘텐츠를 기획 제작하고, 브랜드 메시지가 현지 시장에 자연스럽게 스며들 수 있도록 파트너십을 관리합니다. 인플루언서가 제작한 콘텐츠를 분석하여 성과 높은 광고 소재를 발굴하고, 데이터 기반으로 크리에이티브 인사이트를 도출합니다. 캠페인별 성과 데이터를 직접 수집 분석하고, 다음 실행으로 연결되는 인사이트를 도출합니다.
인재상: 중국어로 원활한 소통이 가능하며, 글로벌 마케팅 분야의 전문가로 성장하고자 하는 분을 우대합니다. 인플루언서 발굴 및 시딩 프로그램 기획 운영 경험이 있으며, 데이터 기반의 분석을 통해 마케팅 성과를 개선하고 크리에이티브 인사이트를 도출할 수 있는 인재를 찾습니다.",intern,internship_program,"네오심플릭스의 Dr.Reju-All 브랜드 중국향 인플루언서 마케터 인턴십으로, 중국 인플루언서 발굴 및 협업, 콘텐츠 기획, 데이터 기반 성과 분석을 담당합니다.",[]
311573,기아,(사전공고) [기아] 2026 상반기 신입/전환형 인턴 채용,"NEW, INTERN",2026 상반기 기아 공고 확인하기! [기아] 2026 상반기 신입 채용 (Click!) (사전공고) [기아] 2026 상반기 신입/전환형 인턴 채용 [모집분야] - 신입 - 인턴 [ 11시 ~ 2026.4.13 11시 - 전환형 인턴 : 2026.4.8 11시 ~ 2026.4.20 11시 [,,"[""https://linkareer.com/activity/312143""]",unknown,[],"[""신입"", ""인턴""]",[],[],automotive,unknown,large_corp,unknown,"[""인턴""]",[],"기아는 글로벌 자동차 제조 기업으로, 다양한 차량을 생산하고 판매합니다.",,,,[],"회사: 기아는 글로벌 자동차 제조 기업으로, 다양한 차량을 생산하고 판매합니다.",both,job_posting,기아 2026년 상반기 신입 및 전환형 인턴 채용 사전 공고입니다.,"[""short_text"", ""low_signal""]"
311571,피에프씨테크놀로지스,Senior Data Strategist(데이터 전략가) - Senior CSS Consultant,EXPERIENCED,"PFC Technologies ""EXTRAORDINARY FINANCE FOR THE ORDINARY"" 보통 사람을 위한 보통이 아닌 금융 PFCT는 한국은 물론, 진출한 모든 시장에서 불가능하다고 여겨졌던 이정표들을 달성하고 있는 독보적인 금융 기술(Lending Tech) 전문성으로 아시아 금융 환경을 재편하고 있어요. 대한민국 최고의 온투금융사 B2B AI 솔루션 서비스로 9 개국에서 사업을 영위하고 있는 극소수의 AI 금융기술회사 대형 테크회사보다 높은 공헌 이익률 약 80%, 분기 손익분기점을 달성하며 빠르게 성장 중인 스타트업 창의적인 사업 전략과 혁신적인 기술력으로 '보통 사람을 위한 보통이 아닌 금융'을 구현할, 한국을 넘어 아시아 전역에서 활약하는 사업 활동에 가슴 뛰는 최고의 인재를 기다리고 있어요. 지금, PFCT와 함께해요! Enterprise Analystics Team은, Enterprise Analytics Team은 AIRPACK[AI R isk management solution PACK age/AI 리스크 관리 솔루션]을 활용하여, 금융사의 문제를 해결하는 전문가 조직이에요. 우리는 단순한 데이터 분석을 넘어, 고객의 비즈니스 본질을 이해하고 실질적인 가치를 창출하는 것을 목표로 해요. 문제 해결 과정에서 습득한 인사이트를 바탕으로 AIRPACK 고도화에 기여하는 역할도 수행해요. Enterprise Analytics Team팀은 신용평가 분야에서 17년 이상 컨설팅 경력을 쌓아온 팀장을 중심으로, 8명의 데이터 분석가들이 협력하며 운영되고 있어요. 자사 솔루션인 AIRPACK[AI R isk management solution PACK age/AI 리스크 관리 솔루션]을 활용하여 신용 평가 모델링, 여신 운영 전략 최적화 등 신용 평가 전반에 대한 다양한 고객사의 문제 해결에 기여하고 있어요. [ 팀 미션 & 성장 목표 ] 우리는 AIRPACK을 활용하여 고객사의 문제를 해결하고, 현장에서 얻은 인사이트를 기반으로 AIRPACK 고도화에 기여한다 는 간결하지만 강력한 목표 아래 움직이고 있어요. 팀원들은 아래 네 가지 영역에서의 실질적인 성장을 추구해요. a. Professionalism 전문성과 책임감을 바탕으로 한 일의 완성도 b. Problem Solving 데이터로 문제의 본질을 파악하고 해결책을 제시하는 역량 c. Communication 고객사 및 팀 내 원활한 협업을 위한 소통 능력 d. Domain Knowledge 신용 평가 및 금융업에 대한 깊이 있는 이해 Data Strategist(Senior CSS Consultant) 는, 합류하면 이런 일을 해요 Data Strategist 는 제품 AIRPACK [ AI R isk management solution PACK age/AI 리스크 관리 솔루션] 기반 데이터 전략가로서, 신용평가 모델 개발 여신 운영 전략 컨설팅 제품 고도화를 통해 금융의 혁신을 주도합니다."" [ AIRPACK 기반 CSS 컨설팅 PM(Project Manager) ] 고객사 맞춤 컨설팅 기획 고객사의 본질적인 비즈니스 문제를 파악하고, 구체적인 해결 방안 및 실행 계획을 제안해요. 모델 개발 및 전략 최적화 분석 총괄 AIRPACK을 활용한 신용평가 모델 개발 및 여신 운영 전략(승인, 금리, 한도 등) 최적화 과정을 주도해요. 프로젝트 관리 현장 팀원 - 제품 R&D 팀 - 고객사 등 다양한 이해관계자 사이에서 효율적인 커뮤니케이션을 통한 협업 효과를 극대화하여 프로젝트를 성공으로 이끌어요. [ AIRPACK 고도화 기획 ] AIRPACK 경쟁력 강화 프로젝트를 통해 얻은 인사이트를 기반으로, 알고리즘 설계 모듈 추가 등 제품 고도화 방안을 제시하고, PO와 함께 제품 완성 과정에 참여해요. 신뢰 기반 고객사 관리 고객사 핵심 의사 결정권자와의 신뢰를 기반으로 장기 파트너십을 유지하고, 업셀링 크로스셀링 기회를 발굴해요. 고객사의 요구 사항을 명확히 파악하고, PFCT 내부 다양한 팀(제품 R&D 팀, 데이터 분석가, ML 엔지니어 등)을 연결하여 해결 방안을 기획해요. 저희는 이런 분을 찾고 있어요 CSS 컨설팅 또는 금융기관(은행/카드/캐피탈/저축은행, CB사 등) 관련 분야 경력 7년 이상 보유한 분 통계학, 데이터 사이언스, 컴퓨터공학, 금융공학 등 관련 전공 학사 이상을 졸업한 분 신용평가 모델 및 금융 데이터에 대한 이해도가 높은 분 프로젝트 리딩 또는 조직 내 협업을 주도한 경험이 있는 분 이런 경험을 가진 분이면 더 좋아요 금융권 신용평가 모델 개발 및 운영 경험을 보유한 분 Basel, IFRS 9, XAI 등 금융 규제 요건에 대한 이해도가 높은 분 합류 여정에 대해 알려드려요 채용 프로세스 서류 전형 -> 1차 인터뷰(Job-Fit) 2차 인터뷰(Culture Fit) 3차 인터뷰(Final) 처우 협의 최종 합류 지원 서류 이력서(필수/자유 양식) 포트폴리오(선택) 제출 형식: PDF 파일 권장 안내 사항 내부 사정에 따라 채용 일정 또는 절차가 변경될 수 있으며, 변경 시 별도 안내 드릴 예정입니다. 제출 서류에",,[],data_ai_ml,"[""consulting""]","[""Senior Data Strategist"", ""Senior CSS Consultant"", ""AIRPACK 기반 CSS 컨설팅 PM"", ""AIRPACK 고도화 기획""]","[""신용평가 모델"", ""금융 데이터"", ""AIRPACK"", ""데이터 분석""]","[""신용평가 모델 개발"", ""신용평가 모델 운영"", ""Basel"", ""IFRS 9"", ""XAI"", ""금융 규제""]",finance_fintech,unknown,startup,unknown,"[""프로젝트""]","[""문제해결 능력"", ""커뮤니케이션 역량"", ""실행력·업무처리 능력"", ""정보수집·분석 역량"", ""협업·팀워크""]",PFC Technologies는 독보적인 금융 기술(Lending Tech) 전문성을 바탕으로 아시아 금융 환경을 재편하고 있는 AI 금융기술회사입니다. 대한민국 최고의 온투금융사 B2B AI 솔루션 서비스를 9개국에서 영위하며 빠르게 성장하고 있습니다.,"Data Strategist는 AIRPACK 기반 데이터 전략가로서 신용평가 모델 개발, 여신 운영 전략 컨설팅, 제품 고도화를 통해 금융의 혁신을 주도하고 고객사의 비즈니스 문제를 해결하는 역할을 수행합니다.","고객사의 본질적인 비즈니스 문제를 파악하고 구체적인 해결 방안 및 실행 계획을 제안합니다. AIRPACK을 활용하여 신용평가 모델 개발 및 여신 운영 전략(승인, 금리, 한도 등) 최적화 과정을 주도합니다. 현장 팀원, 제품 R&D 팀, 고객사 등 다양한 이해관계자 사이에서 효율적인 커뮤니케이션을 통해 프로젝트를 성공으로 이끌고 협업 효과를 극대화합니다. 프로젝트를 통해 얻은 인사이트를 기반으로 AIRPACK 알고리즘 설계 및 모듈 추가 등 제품 고도화 방안을 제시하고 PO와 함께 제품 완성 과정에 참여합니다. 고객사 핵심 의사 결정권자와의 신뢰를 기반으로 장기 파트너십을 유지하며 업셀링 및 크로스셀링 기회를 발굴합니다. 고객사의 요구 사항을 명확히 파악하고 PFCT 내부 다양한 팀(제품 R&D 팀, 데이터 분석가, ML 엔지니어 등)을 연결하여 해결 방안을 기획합니다.","CSS 컨설팅 또는 금융기관 관련 분야에서 7년 이상의 경력을 보유한 분을 찾습니다. 통계학, 데이터 사이언스, 컴퓨터공학, 금융공학 등 관련 전공 학사 이상 학위와 신용평가 모델 및 금융 데이터에 대한 깊은 이해가 필수적입니다. 프로젝트 리딩 또는 조직 내 협업을 주도한 경험이 있는 분을 선호하며, 금융권 신용평가 모델 개발 및 운영 경험과 Basel, IFRS 9, XAI 등 금융 규제 요건에 대한 이해도가 높은 분은 우대합니다.","[""스타트업"", ""혁신"", ""성장"", ""전문성"", ""협업"", ""데이터드리븐""]","회사: PFC Technologies는 독보적인 금융 기술(Lending Tech) 전문성을 바탕으로 아시아 금융 환경을 재편하고 있는 AI 금융기술회사입니다. 대한민국 최고의 온투금융사 B2B AI 솔루션 서비스를 9개국에서 영위하며 빠르게 성장하고 있습니다.
직무 목적: Data Strategist는 AIRPACK 기반 데이터 전략가로서 신용평가 모델 개발, 여신 운영 전략 컨설팅, 제품 고도화를 통해 금융의 혁신을 주도하고 고객사의 비즈니스 문제를 해결하는 역할을 수행합니다.
주요 업무: 고객사의 본질적인 비즈니스 문제를 파악하고 구체적인 해결 방안 및 실행 계획을 제안합니다. AIRPACK을 활용하여 신용평가 모델 개발 및 여신 운영 전략(승인, 금리, 한도 등) 최적화 과정을 주도합니다. 현장 팀원, 제품 R&D 팀, 고객사 등 다양한 이해관계자 사이에서 효율적인 커뮤니케이션을 통해 프로젝트를 성공으로 이끌고 협업 효과를 극대화합니다. 프로젝트를 통해 얻은 인사이트를 기반으로 AIRPACK 알고리즘 설계 및 모듈 추가 등 제품 고도화 방안을 제시하고 PO와 함께 제품 완성 과정에 참여합니다. 고객사 핵심 의사 결정권자와의 신뢰를 기반으로 장기 파트너십을 유지하며 업셀링 및 크로스셀링 기회를 발굴합니다. 고객사의 요구 사항을 명확히 파악하고 PFCT 내부 다양한 팀(제품 R&D 팀, 데이터 분석가, ML 엔지니어 등)을 연결하여 해결 방안을 기획합니다.
인재상: CSS 컨설팅 또는 금융기관 관련 분야에서 7년 이상의 경력을 보유한 분을 찾습니다. 통계학, 데이터 사이언스, 컴퓨터공학, 금융공학 등 관련 전공 학사 이상 학위와 신용평가 모델 및 금융 데이터에 대한 깊은 이해가 필수적입니다. 프로젝트 리딩 또는 조직 내 협업을 주도한 경험이 있는 분을 선호하며, 금융권 신용평가 모델 개발 및 운영 경험과 Basel, IFRS 9, XAI 등 금융 규제 요건에 대한 이해도가 높은 분은 우대합니다.",experienced,job_posting,PFC Technologies의 Senior Data Strategist는 AI 리스크 관리 솔루션 AIRPACK을 활용하여 금융사의 신용평가 모델 개발 및 여신 운영 전략 컨설팅을 주도하고 제품 고도화에 기여하는 역할입니다.,[]
311570,위펀,[위펀] 커뮤니케이션마케팅 인턴 (채용연계형),INTERN,"[위펀] 커뮤니케이션마케팅 인턴 (채용연계형) [다음 업무를 함께 할 예정입니다.] - 브랜드/SNS 콘텐츠 기획 및 제작 보조 - 콘텐츠 업로드 및 채널 운영 (블로그, SNS 등) - 캠페인/프로모션 운영 지원 - 대외 커뮤니케이션 자료 작성 보조 - 마케팅 콘텐츠 성과 모니터링 - 트렌드 및 레퍼런스 리서치 [이런 역량을 갖춘 분과 함께 하고 싶어요 .] - 콘텐츠 제작 및 마케팅에 관심 있는 분 - SNS/트렌드에 민감한 분 - 글쓰기 및 커뮤니케이션에 강점 있는 분 - 꼼꼼하고 실행력이 좋은 분 [우대사항] - SNS 운영 경험 (개인/팀/브랜드) - 콘텐츠 제작 경험 (블로그, 카드뉴스, 영상 등) - 디자인 툴 사용 경험 (피그마, 포토샵 등) - 스타트업 및 브랜드 마케팅에 관심 있는 분",커뮤니케이션마케팅 인턴 (채용연계형) | 마케팅/PR/분석 | 마케팅/광고/홍보 | 마케팅전략/기획 | 광고기획 | 온라인마케팅 | 시장조사/분석 | 브랜드매니저 | 해외마케팅 | 언론홍보/PR | 설문/리서치 | 자유양식 입니다. | [위펀] 커뮤니케이션마케팅 인턴 (채용연계형),[],marketing,"[""planning_strategy"", ""data_ai_ml""]","[""커뮤니케이션마케팅 인턴""]",[],"[""Figma"", ""Photoshop""]",service_pm,unknown,startup,unknown,"[""인턴""]","[""정보수집·분석 역량"", ""커뮤니케이션 역량"", ""실행력·업무처리 능력""]","위펀은 기업 복지 솔루션을 제공하는 회사로, 다양한 기업 고객에게 맞춤형 복지 서비스를 제공합니다.","브랜드 및 SNS 콘텐츠 기획과 제작을 보조하고, 캠페인 및 프로모션 운영을 지원하여 위펀의 대외 커뮤니케이션을 강화하고 마케팅 성과를 창출하는 데 기여합니다.","주요 업무는 브랜드 및 SNS 콘텐츠를 기획하고 제작하는 것을 보조하며, 블로그와 SNS 채널에 콘텐츠를 업로드하고 운영하는 것입니다. 또한, 다양한 캠페인과 프로모션 운영을 지원하고, 대외 커뮤니케이션 자료 작성을 보조합니다. 마케팅 콘텐츠의 성과를 지속적으로 모니터링하고, 최신 트렌드 및 레퍼런스를 리서치하여 마케팅 전략 수립에 기여합니다.","콘텐츠 제작 및 마케팅에 깊은 관심을 가지고 있으며, SNS와 최신 트렌드에 민감한 분을 찾습니다. 뛰어난 글쓰기 능력과 원활한 커뮤니케이션 역량을 보유하고, 꼼꼼하며 실행력이 좋은 분을 선호합니다. 우대사항으로는 개인, 팀 또는 브랜드 SNS 운영 경험, 블로그, 카드뉴스, 영상 등 다양한 형태의 콘텐츠 제작 경험, 그리고 피그마, 포토샵 등 디자인 툴 사용 경험이 있는 분입니다. 스타트업 환경과 브랜드 마케팅에 대한 관심이 있는 분이라면 더욱 좋습니다.",[],"회사: 위펀은 기업 복지 솔루션을 제공하는 회사로, 다양한 기업 고객에게 맞춤형 복지 서비스를 제공합니다.
직무 목적: 브랜드 및 SNS 콘텐츠 기획과 제작을 보조하고, 캠페인 및 프로모션 운영을 지원하여 위펀의 대외 커뮤니케이션을 강화하고 마케팅 성과를 창출하는 데 기여합니다.
주요 업무: 주요 업무는 브랜드 및 SNS 콘텐츠를 기획하고 제작하는 것을 보조하며, 블로그와 SNS 채널에 콘텐츠를 업로드하고 운영하는 것입니다. 또한, 다양한 캠페인과 프로모션 운영을 지원하고, 대외 커뮤니케이션 자료 작성을 보조합니다. 마케팅 콘텐츠의 성과를 지속적으로 모니터링하고, 최신 트렌드 및 레퍼런스를 리서치하여 마케팅 전략 수립에 기여합니다.
인재상: 콘텐츠 제작 및 마케팅에 깊은 관심을 가지고 있으며, SNS와 최신 트렌드에 민감한 분을 찾습니다. 뛰어난 글쓰기 능력과 원활한 커뮤니케이션 역량을 보유하고, 꼼꼼하며 실행력이 좋은 분을 선호합니다. 우대사항으로는 개인, 팀 또는 브랜드 SNS 운영 경험, 블로그, 카드뉴스, 영상 등 다양한 형태의 콘텐츠 제작 경험, 그리고 피그마, 포토샵 등 디자인 툴 사용 경험이 있는 분입니다. 스타트업 환경과 브랜드 마케팅에 대한 관심이 있는 분이라면 더욱 좋습니다.",intern,internship_program,"위펀에서 브랜드 및 SNS 콘텐츠 기획, 제작, 운영을 지원하고 마케팅 캠페인을 보조할 채용연계형 커뮤니케이션마케팅 인턴을 모집합니다.",[]
311567,중앙대학교병원,[중앙대학교병원] 중앙대학교의료원 전산정보팀 행정(계약직) 모집 (2026.03-2),CONTRACT,"[중앙대학교병원] 중앙대학교의료원 전산정보팀 행정(계약직) 모집 (2026.03-2) [주요 업무] - OCS/EMR/EDW 전산 개발 및 운영 [직무역량] - 시스템 유지보수 역량 - 문제 해결 능력 - 협업 능력 - 업무 수행 책임감 및 대응력 [우대사항] - IT 관련 자격증을 취득하신 분 - JAVA, Oracle, Xplatform에 능통하신 분 - 데이터 분석 및 AI 활용 역량이 우수하신 분 [공통자격] - 본원 인사규정 상 결격사유에 해당하지 않는 자 - 해외여행 결격사유가 없는 자 - 남성의 경우 병역필 또는 면제자",전산정보팀 | ERP/시스템개발/설계 | IT/인터넷 | CTO | DevOps / 시스템 관리자 | 시스템엔지니어(SE) | 임베디드 개발자 | 블록체인 플랫폼 엔지니어 | 하드웨어 엔지니어 | 성장과정 | 본인의 장단점 | 지원동기 및 포부 | 기타 (경력사항등) | [중앙대학교병원] 중앙대학교의료원 전산정보팀 행정(계약직) 모집 (2026.03-2),[],software_dev,"[""infrastructure_eng"", ""data_ai_ml""]","[""전산정보팀 행정""]",[],"[""IT 관련 자격증"", ""JAVA"", ""Oracle"", ""Xplatform"", ""데이터 분석"", ""AI 활용""]",healthcare,서울,public_org,office,"[""프로젝트""]","[""문제해결 능력"", ""협업·팀워크"", ""실행력·업무처리 능력""]","중앙대학교병원은 중앙대학교의료원 산하의 종합병원으로, 환자 진료와 연구를 수행합니다. 전산정보팀은 병원의 핵심 IT 시스템을 개발하고 운영하여 의료 서비스의 효율성을 지원합니다.","이 직무는 OCS, EMR, EDW와 같은 병원 전산 시스템을 개발하고 운영하여 의료 서비스의 안정성과 효율성을 확보하는 데 기여합니다.","OCS(처방전달시스템), EMR(전자의무기록), EDW(전사적 데이터웨어하우스) 시스템의 개발 및 운영을 담당합니다. 이 역할은 병원 내 핵심 전산 시스템의 안정적인 기능과 효율적인 데이터 관리를 지원하는 데 필수적입니다. 시스템 유지보수 역량을 발휘하여 문제 발생 시 해결하고, 협업을 통해 업무를 수행하며 책임감 있는 대응으로 시스템을 관리합니다.","시스템 유지보수 역량을 갖추고 문제 해결 능력과 협업 능력이 뛰어난 인재를 찾습니다. 업무 수행에 대한 책임감과 빠른 대응력을 중요하게 생각합니다. IT 관련 자격증을 소지하고 JAVA, Oracle, Xplatform에 능통하며, 데이터 분석 및 AI 활용 역량이 우수한 분을 우대합니다. 본원 인사규정상 결격사유가 없고 해외여행에 결격사유가 없으며, 남성의 경우 병역필 또는 면제자여야 합니다.",[],"회사: 중앙대학교병원은 중앙대학교의료원 산하의 종합병원으로, 환자 진료와 연구를 수행합니다. 전산정보팀은 병원의 핵심 IT 시스템을 개발하고 운영하여 의료 서비스의 효율성을 지원합니다.
직무 목적: 이 직무는 OCS, EMR, EDW와 같은 병원 전산 시스템을 개발하고 운영하여 의료 서비스의 안정성과 효율성을 확보하는 데 기여합니다.
주요 업무: OCS(처방전달시스템), EMR(전자의무기록), EDW(전사적 데이터웨어하우스) 시스템의 개발 및 운영을 담당합니다. 이 역할은 병원 내 핵심 전산 시스템의 안정적인 기능과 효율적인 데이터 관리를 지원하는 데 필수적입니다. 시스템 유지보수 역량을 발휘하여 문제 발생 시 해결하고, 협업을 통해 업무를 수행하며 책임감 있는 대응으로 시스템을 관리합니다.
인재상: 시스템 유지보수 역량을 갖추고 문제 해결 능력과 협업 능력이 뛰어난 인재를 찾습니다. 업무 수행에 대한 책임감과 빠른 대응력을 중요하게 생각합니다. IT 관련 자격증을 소지하고 JAVA, Oracle, Xplatform에 능통하며, 데이터 분석 및 AI 활용 역량이 우수한 분을 우대합니다. 본원 인사규정상 결격사유가 없고 해외여행에 결격사유가 없으며, 남성의 경우 병역필 또는 면제자여야 합니다.",contract,job_posting,중앙대학교병원 전산정보팀에서 OCS/EMR/EDW 시스템 개발 및 운영을 담당할 계약직 행정 직원을 모집합니다.,"[""short_text"", ""low_signal""]"
311566,피에프씨테크놀로지스,Junior Data Strategist(데이터 전략가) - Junior CSS Consultant,EXPERIENCED,"PFC Technologies ""EXTRAORDINARY FINANCE FOR THE ORDINARY"" 보통 사람을 위한 보통이 아닌 금융 PFCT는 한국은 물론, 진출한 모든 시장에서 불가능하다고 여겨졌던 이정표들을 달성하고 있는 독보적인 금융 기술(Lending Tech) 전문성으로 아시아 금융 환경을 재편하고 있어요. 대한민국 최고의 온투금융사 B2B AI 솔루션 서비스로 9 개국에서 사업을 영위하고 있는 극소수의 AI 금융기술회사 대형 테크회사보다 높은 공헌 이익률 약 80%, 분기 손익분기점을 달성하며 빠르게 성장 중인 스타트업 창의적인 사업 전략과 혁신적인 기술력으로 '보통 사람을 위한 보통이 아닌 금융'을 구현할, 한국을 넘어 아시아 전역에서 활약하는 사업 활동에 가슴 뛰는 최고의 인재를 기다리고 있어요. 지금, PFCT와 함께해요! Enterprise Analystics Team은, Enterprise Analytics Team은 AIRPACK [ AI R isk management solution PACK age/AI 리스크 관리 솔루션]을 활용하여, 금융사의 문제를 해결하는 전문가 조직이에요. 우리는 단순한 데이터 분석을 넘어, 고객의 비즈니스 본질을 이해하고 실질적인 가치를 창출하는 것을 목표로 해요. 문제 해결 과정에서 습득한 인사이트를 바탕으로 AIRPACK 고도화에 기여하는 역할도 수행해요. Enterprise Analytics Team팀은 신용평가 분야에서 17년 이상 컨설팅 경력을 쌓아온 팀장을 중심으로, 8명의 데이터 분석가들이 협력하며 운영되고 있어요. 자사 솔루션인 AIRPACK [ AI R isk management solution PACK age/AI 리스크 관리 솔루션]을 활용하여 신용평가 모델링, 여신 운영 전략 최적화 등 신용평가 전반에 대한 다양한 고객사의 문제 해결에 기여하고 있어요. [ 팀 미션 & 성장 목표 ] 우리는 AIRPACK을 활용하여 고객사의 문제를 해결하고, 현장에서 얻은 인사이트를 기반으로 AIRPACK 고도화에 기여한다 는 간결하지만 강력한 목표 아래 움직이고 있어요. 팀원들은 아래 네 가지 영역에서의 실질적인 성장을 추구해요. a. Professionalism 전문성과 책임감을 바탕으로 한 일의 완성도 b. Problem Solving 데이터로 문제의 본질을 파악하고 해결책을 제시하는 역량 c. Communication 고객사 및 팀 내 원활한 협업을 위한 소통 능력 d. Domain Knowledge 신용평가 및 금융업에 대한 깊이 있는 이해 데이터 전략가를 꿈꾸는 신입이라면 누구나! 인턴 전환 기회가 있는 ' AI 신용평가 아카데미'에 참여해보세요! 관련 링크 국내 최초! AI 신용평가 아카데미 AI 신용평가 아카데미 제1회 교육생들의 찐 후기 모음집.zip Data Strategist(Junior CSS Consultant) 는, 합류하면 이런 일을 해요 Data Strategist 는 제품 AIRPACK [ AI R isk management solution PACK age/AI 리스크 관리 솔루션] 기반 데이터 전략가로서, 신용평가 모델 개발 여신 운영 전략 컨설팅 제품 고도화를 통해 금융의 혁신을 주도해요."" [ AIRPACK 기반 CSS 컨설팅 ] 고객사 맞춤 컨설팅 데이터 분석을 통해 고객사의 본질적인 비즈니스 문제를 해결해요. 모델 개발 및 전략 최적화 AIRPACK을 활용한 신용 평가 모델 개발 및 여신 운영 전략(승인, 금리, 한도 등) 최적화 분석을 수행해요. 보고서 작성 프로젝트 제안서 분석 결과를 명확한 인사이트로 가공해 전달해요. [ AIRPACK 고도화 기여 ] AIRPACK 개선 아이디어 제안 프로젝트를 통해 얻은 경험을 제품 개선 피드백으로 전달해요. 고객사 관리 지원 고객사 운영 현황 모니터링, VOC 수집 정리, 이슈 대응 업무를 지원해요. 저희는 이런 분을 찾고 있어요 통계학, 데이터 사이언스, 컴퓨터공학, 금융공학 등 관련 전공 학사 이상을 졸업한 분 3년 이상 6년 이하의 데이터 분석 또는 컨설팅 경력을 지닌 분 (석사 학위 소지 시, 경력 2년 인정) Python, R 등 데이터 분석 도구를 활용한 데이터 전처리부터 모델링까지 가능한 분 논리적 사고 및 문서화 역량이 높은 분 이런 경험을 가진 분이면 더 좋아요 금융권 신용평가 모델 개발 및 운영 경험을 보유한 분 신용평가 모델 및 금융 데이터에 대한 이해도가 높은 분 B2B 환경에서 고객 니즈를 데이터로 구체화하여 프로젝트를 완수해 보신 분 합류 여정에 대해 알려드려요 채용 프로세스 서류 전형 1차 인터뷰(Job-Fit) 2차 인터뷰(Culture Fit) 3차 인터뷰(Final) 처우 협의 최종 합류 지원 서류 이력서(필수/자유 양식) 포트폴리오(선택) 제출 형식: PDF 파일 권장 안내 사항 내부 사정에 따라 채용 일정 또는 절차가 변경될 수 있으며, 변경 시 별도 안내 드릴 예정입니다. 제출 서류에",,[],data_ai_ml,"[""consulting""]","[""Junior Data Strategist"", ""Junior CSS Consultant""]","[""Python"", ""R"", ""데이터 전처리"", ""모델링"", ""통계학"", ""데이터 사이언스"", ""컴퓨터공학"", ""금융공학""]","[""금융권 신용평가 모델 개발 및 운영 경험"", ""신용평가 모델 및 금융 데이터 이해"", ""B2B 프로젝트 완수 경험""]",finance_fintech,unknown,startup,office,"[""프로젝트""]","[""문제해결 능력"", ""정보수집·분석 역량"", ""커뮤니케이션 역량"", ""협업·팀워크"", ""실행력·업무처리 능력""]",PFC Technologies는 독보적인 금융 기술(Lending Tech) 전문성으로 아시아 금융 환경을 재편하고 있는 AI 금융기술회사입니다. 대한민국 최고의 온투금융사 B2B AI 솔루션 서비스를 9개국에서 영위하며 빠르게 성장하고 있습니다.,이 직무는 AI 리스크 관리 솔루션인 AIRPACK을 활용하여 금융사의 본질적인 비즈니스 문제를 해결하고 실질적인 가치를 창출하는 역할을 합니다. 데이터 분석을 넘어 고객의 비즈니스를 이해하고 솔루션 고도화에 기여합니다.,"Data Strategist는 AIRPACK 기반 데이터 전략가로서 신용평가 모델 개발 및 여신 운영 전략 컨설팅을 통해 금융 혁신을 주도합니다. 고객사의 본질적인 비즈니스 문제를 데이터 분석으로 해결하며, AIRPACK을 활용하여 신용 평가 모델 개발 및 여신 운영 전략(승인, 금리, 한도 등) 최적화 분석을 수행합니다. 또한, 프로젝트 제안서 및 분석 결과를 명확한 인사이트로 가공하여 보고서를 작성하고 전달합니다. 프로젝트 경험을 바탕으로 AIRPACK 개선 아이디어를 제안하고 제품 개선 피드백을 전달하며, 고객사 운영 현황 모니터링, VOC 수집 정리, 이슈 대응 업무를 지원합니다.","통계학, 데이터 사이언스, 컴퓨터공학, 금융공학 등 관련 전공 학사 이상을 졸업하고 3년 이상 6년 이하의 데이터 분석 또는 컨설팅 경력을 지닌 분을 찾습니다. Python, R 등 데이터 분석 도구를 활용한 데이터 전처리부터 모델링까지 가능하며, 논리적 사고 및 문서화 역량이 높은 분이어야 합니다. 금융권 신용평가 모델 개발 및 운영 경험, 신용평가 모델 및 금융 데이터에 대한 높은 이해도를 가진 분을 우대하며, B2B 환경에서 고객 니즈를 데이터로 구체화하여 프로젝트를 완수해 본 경험이 있는 분이면 더욱 좋습니다.","[""혁신"", ""성장"", ""전문성"", ""문제해결"", ""협업"", ""데이터드리븐""]","회사: PFC Technologies는 독보적인 금융 기술(Lending Tech) 전문성으로 아시아 금융 환경을 재편하고 있는 AI 금융기술회사입니다. 대한민국 최고의 온투금융사 B2B AI 솔루션 서비스를 9개국에서 영위하며 빠르게 성장하고 있습니다.
직무 목적: 이 직무는 AI 리스크 관리 솔루션인 AIRPACK을 활용하여 금융사의 본질적인 비즈니스 문제를 해결하고 실질적인 가치를 창출하는 역할을 합니다. 데이터 분석을 넘어 고객의 비즈니스를 이해하고 솔루션 고도화에 기여합니다.
주요 업무: Data Strategist는 AIRPACK 기반 데이터 전략가로서 신용평가 모델 개발 및 여신 운영 전략 컨설팅을 통해 금융 혁신을 주도합니다. 고객사의 본질적인 비즈니스 문제를 데이터 분석으로 해결하며, AIRPACK을 활용하여 신용 평가 모델 개발 및 여신 운영 전략(승인, 금리, 한도 등) 최적화 분석을 수행합니다. 또한, 프로젝트 제안서 및 분석 결과를 명확한 인사이트로 가공하여 보고서를 작성하고 전달합니다. 프로젝트 경험을 바탕으로 AIRPACK 개선 아이디어를 제안하고 제품 개선 피드백을 전달하며, 고객사 운영 현황 모니터링, VOC 수집 정리, 이슈 대응 업무를 지원합니다.
인재상: 통계학, 데이터 사이언스, 컴퓨터공학, 금융공학 등 관련 전공 학사 이상을 졸업하고 3년 이상 6년 이하의 데이터 분석 또는 컨설팅 경력을 지닌 분을 찾습니다. Python, R 등 데이터 분석 도구를 활용한 데이터 전처리부터 모델링까지 가능하며, 논리적 사고 및 문서화 역량이 높은 분이어야 합니다. 금융권 신용평가 모델 개발 및 운영 경험, 신용평가 모델 및 금융 데이터에 대한 높은 이해도를 가진 분을 우대하며, B2B 환경에서 고객 니즈를 데이터로 구체화하여 프로젝트를 완수해 본 경험이 있는 분이면 더욱 좋습니다.",experienced,job_posting,피에프씨테크놀로지스는 AI 리스크 관리 솔루션 AIRPACK을 활용하여 금융사의 데이터 기반 문제 해결 및 신용평가 모델 고도화를 담당할 Junior Data Strategist를 찾습니다.,[]
311564,중앙대학교병원,[중앙대학교병원] 중앙대학교의료원(광명병원) 보험심사팀 행정직(간호사) (정규직) 모집 (2026.03),NEW,[중앙대학교병원] 중앙대학교의료원(광명병원) 보험심사팀 행정직(간호사) (정규직) 모집 (2026.03) [주요 업무] - 진료비 심사 업무 [직무역량] - 의사소통 능력 - 문제 해결력 - 책임감 - 팀워크 [필수사항] - 간호사 면허 소지자 - 보험심사관리사 자격 소지자 [우대사항] -종합병원 이상의 의료기관에서 심사 및 청구 업무 경력자 -종합병원 이상의 의료기관에서 임상경력 3년 이상 경력자 [공통자격] - 본원 인사규정 상 결격사유에 해당하지 않는 자 - 해외여행 결격사유가 없는 자 - 남성의 경우 병역필 또는 면제자,보험심사팀 행정직(간호사) | 간호사 | 의료 | 의사/치과/한의사 | 약사/한약사/약무보조 | 간호조무사 | 의료기사 | 사무/원무/코디 | 수의사/수의간호 | 의료직기타 | 성장과정 | 본인의 장단점 | 지원동기 및 포부 | 기타 (경력사항등) | [중앙대학교병원] 중앙대학교의료원(광명병원) 보험심사팀 행정직(간호사) (정규직) 모집 (2026.03),[],management_support,"[""cs_cx""]","[""보험심사팀 행정직(간호사)""]","[""간호사 면허"", ""보험심사관리사 자격""]",[],healthcare,광명,large_corp,unknown,[],"[""커뮤니케이션 역량"", ""문제해결 능력"", ""실행력·업무처리 능력"", ""협업·팀워크""]","중앙대학교병원은 중앙대학교의료원 산하의 병원으로, 광명병원에서 의료 서비스를 제공합니다.",진료비 심사 업무를 통해 병원의 재정 건전성을 확보하고 환자에게 정확한 의료비 청구를 제공하기 위해 필요합니다.,"진료비 심사 업무를 수행합니다. 이는 환자의 진료 기록을 검토하고, 보험 규정에 따라 적절한 진료비가 청구되었는지 확인하는 과정을 포함합니다. 또한, 관련 부서와 협력하여 심사 과정에서 발생하는 문제점을 해결하고, 정확한 청구 데이터를 관리합니다.","간호사 면허를 소지하고 보험심사관리사 자격을 갖춘 인재를 찾습니다. 종합병원 이상의 의료기관에서 심사 및 청구 업무 경력이 있거나, 3년 이상의 임상경력을 보유한 분을 우대합니다. 원활한 의사소통 능력과 문제 해결력을 바탕으로 책임감을 가지고 팀워크에 기여할 수 있는 분이어야 합니다. 본원 인사규정 및 해외여행에 결격사유가 없어야 하며, 남성의 경우 병역을 필하거나 면제되어야 합니다.",[],"회사: 중앙대학교병원은 중앙대학교의료원 산하의 병원으로, 광명병원에서 의료 서비스를 제공합니다.
직무 목적: 진료비 심사 업무를 통해 병원의 재정 건전성을 확보하고 환자에게 정확한 의료비 청구를 제공하기 위해 필요합니다.
주요 업무: 진료비 심사 업무를 수행합니다. 이는 환자의 진료 기록을 검토하고, 보험 규정에 따라 적절한 진료비가 청구되었는지 확인하는 과정을 포함합니다. 또한, 관련 부서와 협력하여 심사 과정에서 발생하는 문제점을 해결하고, 정확한 청구 데이터를 관리합니다.
인재상: 간호사 면허를 소지하고 보험심사관리사 자격을 갖춘 인재를 찾습니다. 종합병원 이상의 의료기관에서 심사 및 청구 업무 경력이 있거나, 3년 이상의 임상경력을 보유한 분을 우대합니다. 원활한 의사소통 능력과 문제 해결력을 바탕으로 책임감을 가지고 팀워크에 기여할 수 있는 분이어야 합니다. 본원 인사규정 및 해외여행에 결격사유가 없어야 하며, 남성의 경우 병역을 필하거나 면제되어야 합니다.",both,job_posting,"중앙대학교병원 광명병원 보험심사팀에서 간호사 면허 및 보험심사관리사 자격을 갖춘 행정직을 모집하며, 진료비 심사 업무를 담당합니다.",[]
311563,중앙대학교병원,[중앙대학교병원] 중앙대학교의료원(광명병원) 간호본부 순환기내과 전담간호사 (계약직) 모집 (2026.03),CONTRACT,[중앙대학교병원] 중앙대학교의료원(광명병원) 간호본부 순환기내과 전담간호사 (계약직) 모집 (2026.03) [주요 업무] - 순환기내과 전담간호 업무 [직무 역량] - 의사소통 능력 - 문제 해결력 - 책임감 - 팀워크 [필수사항] - 간호사 면허 소지자 - 2교대 근무 및 주말 근무 가능자 [우대사항] - 최근 대학(종합)병원 임상경력 보유자 (2년이상) - 관련 부서 경력자 우대 - 즉시 근무 가능자 [공통자격] - 본원 인사규정 상 결격사유에 해당하지 않는 자 - 해외여행 결격사유가 없는 자 - 남성의 경우 병역필 또는 면제자,간호본부 (진료지원 간호팀) | 간호사 | 의료 | 성장과정 | 본인의 장단점 | 지원동기 및 포부 | 기타 (경력사항등) | [중앙대학교병원] 중앙대학교의료원(광명병원) 간호본부 순환기내과 전담간호사 (계약직) 모집 (2026.03),[],unknown,[],"[""순환기내과 전담간호사""]","[""간호사 면허""]",[],healthcare,광명,large_corp,field,[],"[""커뮤니케이션 역량"", ""문제해결 능력"", ""실행력·업무처리 능력"", ""협업·팀워크""]","중앙대학교병원은 중앙대학교의료원 산하의 병원으로, 광명병원에서 순환기내과 전담간호사를 모집합니다.","순환기내과 환자들에게 전문적인 간호 서비스를 제공하고, 의료진과의 협업을 통해 환자 치료 및 회복을 돕기 위함입니다.","순환기내과 전담간호 업무를 수행하며, 환자 진료 지원 및 간호 서비스를 제공합니다. 환자의 상태를 면밀히 관찰하고 필요한 처치를 시행하며, 의료진의 지시에 따라 정확하게 업무를 처리합니다. 의사소통 능력을 바탕으로 환자 및 보호자와 원활하게 소통하고, 그들의 질문에 답하며 심리적 지지를 제공합니다. 또한, 문제 해결력을 발휘하여 응급 상황이나 예상치 못한 상황에 침착하게 대처하고 해결 방안을 모색합니다. 책임감을 가지고 맡은 바 업무에 임하며, 팀워크를 통해 의사, 다른 간호사, 그리고 관련 부서와 긴밀히 협력하여 환자 치료 및 회복에 적극적으로 기여합니다.","간호사 면허를 소지하고 2교대 및 주말 근무가 가능한 인재를 찾습니다. 특히 최근 대학(종합)병원에서 2년 이상의 임상경력을 보유했거나 관련 부서 경력이 있는 분을 우대합니다. 즉시 근무가 가능하며, 의사소통 능력, 문제 해결력, 책임감, 팀워크 역량을 갖춘 분을 환영합니다. 본원 인사규정상 결격사유가 없고 해외여행에 결격사유가 없어야 하며, 남성의 경우 병역필 또는 면제자여야 합니다.",[],"회사: 중앙대학교병원은 중앙대학교의료원 산하의 병원으로, 광명병원에서 순환기내과 전담간호사를 모집합니다.
직무 목적: 순환기내과 환자들에게 전문적인 간호 서비스를 제공하고, 의료진과의 협업을 통해 환자 치료 및 회복을 돕기 위함입니다.
주요 업무: 순환기내과 전담간호 업무를 수행하며, 환자 진료 지원 및 간호 서비스를 제공합니다. 환자의 상태를 면밀히 관찰하고 필요한 처치를 시행하며, 의료진의 지시에 따라 정확하게 업무를 처리합니다. 의사소통 능력을 바탕으로 환자 및 보호자와 원활하게 소통하고, 그들의 질문에 답하며 심리적 지지를 제공합니다. 또한, 문제 해결력을 발휘하여 응급 상황이나 예상치 못한 상황에 침착하게 대처하고 해결 방안을 모색합니다. 책임감을 가지고 맡은 바 업무에 임하며, 팀워크를 통해 의사, 다른 간호사, 그리고 관련 부서와 긴밀히 협력하여 환자 치료 및 회복에 적극적으로 기여합니다.
인재상: 간호사 면허를 소지하고 2교대 및 주말 근무가 가능한 인재를 찾습니다. 특히 최근 대학(종합)병원에서 2년 이상의 임상경력을 보유했거나 관련 부서 경력이 있는 분을 우대합니다. 즉시 근무가 가능하며, 의사소통 능력, 문제 해결력, 책임감, 팀워크 역량을 갖춘 분을 환영합니다. 본원 인사규정상 결격사유가 없고 해외여행에 결격사유가 없어야 하며, 남성의 경우 병역필 또는 면제자여야 합니다.",contract,job_posting,"중앙대학교병원 광명병원에서 순환기내과 전담간호사(계약직)를 모집하며, 간호사 면허와 2년 이상 임상경력을 요구합니다.",[]
311562,사단법인 굿네이버스 경기강원권역본부,[굿네이버스 경기강원권역본부] 위기가정지원사업 사례관리 시간제 계약직 채용,CONTRACT,"사단법인 굿네이버스 경기강원권역본부에서는 함께 근무할 직원을 모집합니다. 관심 있는 분들의 많은 지원 바랍니다. 모집정보 - (금)~ 2026-04-13(월) - - 근무형태 : 계약직 - 경력 : 무관 - 급여 : 시급 10,320원, 명절 수당 별도 지급 기관정보 및 근무지 - 기 관 명 : 굿네이버스 경기강원권역본부 - 주소지 : 경기도 수원시 권선구 매송고색로 744 3층 301호 - 전 화: 031) 8061-7038 - 팩 스: 031) 8061-7047 채용 정보 - - 고용형태 : 시간제 계약직 (계약기간 : 2026년 5월 1일 ~ 2026년 12월 31일 / 근무기간 : 8개월) - 근무시간 : 매주 월~목요일 / 09:00~17:00 (일 7시간, 주 4일 근무) - 근무조건 : 급여 및 복리후생 법인 규정에 따름 - 근무장소 : 굿네이버스 경기강원권역본부 (경기도 수원시 권선구 매송고색로 744 3층) - 담당업무 : 국내위기가정지원사업(고려인지원사업 외) / 관련 행정 업무 등 - 우대사항 : 사회복지전공, 유관 경력 및 자격증 소지자 우대 - 문의사항 : / 김현희 차장 전형과정 및 일정안내 - 1차전형(서류접수): 2026년 3월 20일(금) ~ 4월 13일(금) - 서류 합격자발표 : 2026년 4월 15일(수) / 개별연락 - 2차전형 : 면접/ 일정 추후안내 / 경기강원권역본부 교육실 - 최종합격자 발표 : 일정 추후안내 / 개별연락 모집전형 방법 안내 - 접수 (E-mail : ) - 제출서류 : 가. 입사지원서 나. 최종학력 졸업(예정)증명서 및 성적증명서 각 1부. 다. 주민등록등본 1부/ 주민등록 초본 1부 (남자만 해당, 군 경력사항 포함) 라. 경력증명서 및 자격증 (사본)- 사회복지자격증 , 운전면허증 외 각 1부. 마. 채용신체검사서 모든 제출서류는 원본을 스캔하여 첨부하여, 개인정보보호법 시행에 따라 제출서류에 주민등록번호가 기재되어 있는 경우 뒷번호를 가려서 제출해주시기 바랍니다. 입사지원서 작성 시 을 받을 수 있습니다. - 이력서 내용이 사실과 다를 경우 합격취소의 사유가 됩니다. - 증명서류 제출이 불가능한 공인시험(기한만료), 자원봉사활동 및 경력사항은 기입하지 않습니다.",,[],management_support,[],"[""위기가정지원사업 사례관리 시간제 계약직""]","[""사회복지자격증"", ""운전면허증""]","[""사회복지전공""]",public_ngo,경기도 수원시,public_org,office,"[""프로젝트"", ""대외활동""]","[""문제해결 능력"", ""커뮤니케이션 역량"", ""고객·서비스 지향""]",사단법인 굿네이버스 경기강원권역본부는 국내 위기가정지원사업을 수행하는 비영리 단체입니다.,이 직무는 국내 위기가정(고려인 지원사업 포함)에 대한 사례관리를 통해 안정적인 생활을 지원하고 관련 행정 업무를 처리하여 사업의 원활한 운영을 돕기 위해 필요합니다.,"국내 위기가정지원사업, 특히 고려인 지원사업을 중심으로 사례관리를 수행합니다. 위기가정의 상황을 파악하고 필요한 자원 연계 및 상담을 제공하며, 이와 관련된 제반 행정 업무를 처리하여 사업의 효율적인 운영을 지원합니다. 주 4일, 일 7시간 근무하며 위기가정의 복지 증진에 기여합니다.","사회복지 관련 전공자 또는 유관 경력 및 자격증 소지자를 우대합니다. 사회복지자격증과 운전면허증을 보유한 분을 찾습니다. 위기가정 사례관리에 대한 이해와 실무 역량을 갖추고, 관련 행정 업무를 꼼꼼하게 처리할 수 있는 인재를 선호합니다.",[],"회사: 사단법인 굿네이버스 경기강원권역본부는 국내 위기가정지원사업을 수행하는 비영리 단체입니다.
직무 목적: 이 직무는 국내 위기가정(고려인 지원사업 포함)에 대한 사례관리를 통해 안정적인 생활을 지원하고 관련 행정 업무를 처리하여 사업의 원활한 운영을 돕기 위해 필요합니다.
주요 업무: 국내 위기가정지원사업, 특히 고려인 지원사업을 중심으로 사례관리를 수행합니다. 위기가정의 상황을 파악하고 필요한 자원 연계 및 상담을 제공하며, 이와 관련된 제반 행정 업무를 처리하여 사업의 효율적인 운영을 지원합니다. 주 4일, 일 7시간 근무하며 위기가정의 복지 증진에 기여합니다.
인재상: 사회복지 관련 전공자 또는 유관 경력 및 자격증 소지자를 우대합니다. 사회복지자격증과 운전면허증을 보유한 분을 찾습니다. 위기가정 사례관리에 대한 이해와 실무 역량을 갖추고, 관련 행정 업무를 꼼꼼하게 처리할 수 있는 인재를 선호합니다.",contract,job_posting,굿네이버스 경기강원권역본부에서 위기가정지원사업 사례관리 및 행정 업무를 담당할 시간제 계약직 직원을 채용합니다.,[]
311561,동부건설,[동부건설] 2026년 대졸 신입사원 공개채용,NEW,"[동부건설] 2026년 대졸 신입사원 공개채용 [모집분야] - 공고 이미지 참조 [지원자격] 정규 4년제 대학(이상) 기졸업자 또는 2026년 8월 졸업예정자 지원분야 관련학과 전공자 2026년 6월 내 입사 가능한자 해외여행에 결격사유가 없는 자(남성의 경우, 병역을 마쳤거나 면제인 자) 품질 : 관련(건축/토목공학 등)전공자 / 건설재료시험기사 자격 보유자 IT : 관련(컴퓨터공학, 정보통신, 소프트웨어 등)전공자 (IT 시스템에 대한 기본 이해 보유자) [우대사항] 지원분야 관련 자격증, 수상경력, 인턴 경험 보유자 어학우수자(제출 마감일 기준 2년 이내 취득) 석사 이상 학위 보유 [채용절차] - 서류심사 > AI역량검사 > 1차면접 (PT/실무) > 2차면접 (임원) > 채용검진 > 합격자 발표","품질-품질관리 | 생산관리/공정관리/품질관리 | 생산/제조 | 생산관리 | 공정관리 | 품질관리 | 자재관리 | 환경관리 | 1. 동부건설에 지원한 동기와 입사 후 포부를 기술해주십시오. | 2. 본인의 성장과정과 삶의 가치관에 대해 기술해주십시오. | 3. 지원직무를 수행함에 있어 가장 필요한 역량이 무엇인지 기술하고, 해당 역량을 갖추기 위해 어떤 노력을 해왔는지 기술해주십시오. | 4. 동부건설의 핵심가치(창의, 열정, 신뢰)중 본인을 가장 잘 표현하는 가치관 1개를 선택하고, 그 이유를 본인의 경험과 함께 작성해주십시오. | [동부건설] 2026년 대졸 신입사원 공개채용 | 경영지원-IT | IT/인터넷 | 웹개발 | 응용프로그램개발 | ERP/시스템개발/설계 | 네트워크/서버/보안 | DBA/데이터베이스 | 콘텐츠/사이트운영 | 웹기획/PM/웹마케팅 | HTML/퍼블리싱/UI개발 | QA | 게임 | 경영지원-사무 | 사무보조/문서작성 | 경영/사무 | 사무/총무/법무 | 사무보조 | OA/문서작성 | 홈페이지관리 | 총무 | 문서관리 | 인허가업무 | 비서 | 법무 | 비품/시설관리 | 특허/저작권업무 | 안내/리셉션",[],quality,"[""software_dev"", ""management_support""]","[""품질관리"", ""IT"", ""사무보조"", ""웹개발"", ""ERP/시스템개발/설계"", ""네트워크/서버/보안"", ""DBA/데이터베이스"", ""웹기획/PM""]","[""건설재료시험기사"", ""웹 개발"", ""애플리케이션 개발"", ""ERP"", ""네트워크"", ""서버"", ""보안"", ""데이터베이스"", ""HTML"", ""UI 개발""]","[""어학""]",construction,unknown,large_corp,office,"[""인턴"", ""프로젝트""]","[""디지털·기술 활용 역량"", ""실행력·업무처리 능력"", ""문제해결 능력""]","동부건설은 건설업을 영위하는 기업으로, 2026년 대졸 신입사원을 공개 채용하고 있습니다.","신입사원으로서 품질관리, IT 시스템 개발 및 운영, 그리고 경영지원 사무 업무를 수행하며 회사의 성장과 발전에 기여하는 것이 목표입니다.","품질 직무는 건설 현장의 품질을 관리하고, 생산 및 공정 관리 업무를 지원하며, 자재 및 환경 관리 업무를 수행합니다. IT 직무는 웹 개발, 응용프로그램 개발, ERP 시스템 개발 및 설계, 네트워크/서버/보안 관리, 데이터베이스 운영 등 다양한 IT 관련 업무를 담당합니다. 또한 콘텐츠/사이트 운영, 웹기획/PM, HTML/퍼블리싱/UI 개발, QA 등의 업무를 통해 IT 시스템 전반을 관리합니다. 경영지원 사무 직무는 사무보조, 문서작성, 총무, 문서관리, 인허가 업무를 처리합니다. 비서, 법무, 비품/시설 관리 등 전반적인 경영지원 업무를 수행하며 회사의 원활한 운영을 돕습니다.","정규 4년제 대학 이상 기졸업자 또는 2026년 8월 졸업예정자로, 지원 분야 관련학과를 전공한 인재를 찾습니다. 2026년 6월 내 입사 가능하며 해외여행에 결격 사유가 없어야 합니다. 특히 품질 직무 지원자는 건설재료시험기사 자격증을 보유해야 하며, IT 직무 지원자는 IT 시스템에 대한 기본적인 이해를 갖추고 있어야 합니다. 지원 분야 관련 자격증, 수상 경력, 인턴 경험 보유자를 우대하며, 어학 우수자 및 석사 이상 학위 보유자에게도 가점을 부여합니다.",[],"회사: 동부건설은 건설업을 영위하는 기업으로, 2026년 대졸 신입사원을 공개 채용하고 있습니다.
직무 목적: 신입사원으로서 품질관리, IT 시스템 개발 및 운영, 그리고 경영지원 사무 업무를 수행하며 회사의 성장과 발전에 기여하는 것이 목표입니다.
주요 업무: 품질 직무는 건설 현장의 품질을 관리하고, 생산 및 공정 관리 업무를 지원하며, 자재 및 환경 관리 업무를 수행합니다. IT 직무는 웹 개발, 응용프로그램 개발, ERP 시스템 개발 및 설계, 네트워크/서버/보안 관리, 데이터베이스 운영 등 다양한 IT 관련 업무를 담당합니다. 또한 콘텐츠/사이트 운영, 웹기획/PM, HTML/퍼블리싱/UI 개발, QA 등의 업무를 통해 IT 시스템 전반을 관리합니다. 경영지원 사무 직무는 사무보조, 문서작성, 총무, 문서관리, 인허가 업무를 처리합니다. 비서, 법무, 비품/시설 관리 등 전반적인 경영지원 업무를 수행하며 회사의 원활한 운영을 돕습니다.
인재상: 정규 4년제 대학 이상 기졸업자 또는 2026년 8월 졸업예정자로, 지원 분야 관련학과를 전공한 인재를 찾습니다. 2026년 6월 내 입사 가능하며 해외여행에 결격 사유가 없어야 합니다. 특히 품질 직무 지원자는 건설재료시험기사 자격증을 보유해야 하며, IT 직무 지원자는 IT 시스템에 대한 기본적인 이해를 갖추고 있어야 합니다. 지원 분야 관련 자격증, 수상 경력, 인턴 경험 보유자를 우대하며, 어학 우수자 및 석사 이상 학위 보유자에게도 가점을 부여합니다.",new,job_posting,"동부건설의 2026년 대졸 신입사원 공개채용으로, 품질관리, IT, 경영지원 사무 분야에서 역량 있는 인재를 모집합니다.",[]
311560,(주)힐링페이퍼,[강남언니 팀/ 병원 마케팅] 글로벌 콘텐츠 마케팅 인턴 (일본),INTERN,"함께할 스쿼드를 소개해요 병원 마케팅 스쿼드는 힐링페이퍼 파트너 병원의 성장을 위해 글로벌 마케팅 전략을 설계하고 실행해요. 글로벌 고객을 대상으로 한국 의료 뷰티 서비스를 효과적으로 알리는 방법을 실험하고 있어요. 앞으로 이런 일들을 하게 될 거예요 일본 시장 타겟 소셜미디어 커뮤니티 채널 리서치 및 트렌드 분석 현지 SNS 커뮤니티에 콘텐츠 업로드 및 바이럴 게시물 반응, 유입, 전환 등 성과 지표 모니터링 및 데이터 분석 성과 지표를 기반으로 콘텐츠 개선 아이디어 도출 및 실행 경쟁 병원 및 현지 마케팅 사례 분석을 통한 인사이트 도출 이런 분을 모시고 싶어요 일본어로 커뮤니케이션이 가능하며, 일본 문화 및 온라인 커뮤니티에 대한 이해가 있으신 분 소셜미디어를 일상적으로 사용하며, 트렌드에 민감하신 분 콘텐츠 성과(유입 전환 등)를 분석하고 개선해보신 분 데이터를 분석하고 숫자 기반으로 사고하는 데 익숙하신 분 이런 점이 있다면 더욱 좋아요 인플루언서 마케팅 또는 콘텐츠 시딩 경험이 있으신 분 SNS(Instagram, X 등) 운영 경험이 있으신 분 디지털 마케팅 성과 지표(CTR, 전환율 등)에 대한 기본적인 이해가 있으신 분 의료 뷰티 산업에 관심이 있으신 분 이런 경험과 성장을 할 수 있어요 일본어 역량을 활용해 실제 글로벌 마케팅을 직접 실행해볼 수 있어요. 콘텐츠 기획 시딩 성과 분석 개선까지의 전 과정을 경험할 수 있어요. 글로벌 타겟 마케팅에서 문화적 차이가 성과에 어떻게 연결되는지 체감해볼 수 있어요. 이런 과정으로 합류해요 서류지원 > 직무 인터뷰(오프라인) > 최종합격 포트폴리오 제출 필수 (기획, 제작 등 항목별 기여도 표기 필수) 참고해 주세요 체험형 인턴으로 근무 기간은 6개월이에요. 외국 국적 보유자의 경우, 근로 가능 여부 확인을 위해 현재 보유하고 있는 비자 종류를 이력서에 기재해주세요. 강남언니 팀 서포팅 패키지 최신 고사양 업무 장비 지원 동료들과의 점심/저녁 식사비용 지원 커피 타임 지원 사내 길드(동호회) 활동 지원",,[],marketing,[],"[""글로벌 콘텐츠 마케팅 인턴 (일본)""]","[""일본어"", ""소셜미디어"", ""데이터 분석""]","[""인플루언서 마케팅"", ""콘텐츠 시딩"", ""Instagram"", ""X"", ""디지털 마케팅 성과 지표 이해""]",beauty_cosmetics,서울,startup,office,"[""프로젝트"", ""인턴""]","[""정보수집·분석 역량"", ""실행력·업무처리 능력"", ""창의·혁신 역량"", ""글로벌·다문화 역량""]",(주)힐링페이퍼는 '강남언니' 팀을 운영하며 파트너 병원의 성장을 위한 글로벌 마케팅 전략을 설계하고 실행합니다. 글로벌 고객을 대상으로 한국 의료 뷰티 서비스를 효과적으로 알리는 데 주력하고 있습니다.,"일본 시장을 타겟으로 한국 의료 뷰티 서비스 콘텐츠를 기획, 실행, 분석하여 파트너 병원의 글로벌 성장을 지원하고, 일본 고객에게 효과적으로 서비스를 알리기 위함입니다.","일본 시장 타겟 소셜미디어 커뮤니티 채널을 리서치하고 트렌드를 분석합니다. 현지 SNS 커뮤니티에 콘텐츠를 업로드하고 바이럴을 유도합니다. 게시물 반응, 유입, 전환 등 성과 지표를 모니터링하고 데이터를 분석합니다. 성과 지표를 기반으로 콘텐츠 개선 아이디어를 도출하고 실행합니다. 경쟁 병원 및 현지 마케팅 사례 분석을 통해 인사이트를 도출합니다.","일본어로 원활한 커뮤니케이션이 가능하며, 일본 문화 및 온라인 커뮤니티에 대한 깊은 이해를 가진 분을 찾습니다. 소셜미디어를 일상적으로 사용하고 트렌드에 민감하며, 콘텐츠 성과를 분석하고 개선해본 경험이 있는 분이어야 합니다. 데이터를 분석하고 숫자 기반으로 사고하는 데 익숙해야 합니다. 인플루언서 마케팅 또는 콘텐츠 시딩 경험, SNS 운영 경험, 디지털 마케팅 성과 지표에 대한 이해, 그리고 의료 뷰티 산업에 대한 관심을 가진 분이라면 더욱 좋습니다.","[""데이터드리븐"", ""성장지향"", ""실험정신""]","회사: (주)힐링페이퍼는 '강남언니' 팀을 운영하며 파트너 병원의 성장을 위한 글로벌 마케팅 전략을 설계하고 실행합니다. 글로벌 고객을 대상으로 한국 의료 뷰티 서비스를 효과적으로 알리는 데 주력하고 있습니다.
직무 목적: 일본 시장을 타겟으로 한국 의료 뷰티 서비스 콘텐츠를 기획, 실행, 분석하여 파트너 병원의 글로벌 성장을 지원하고, 일본 고객에게 효과적으로 서비스를 알리기 위함입니다.
주요 업무: 일본 시장 타겟 소셜미디어 커뮤니티 채널을 리서치하고 트렌드를 분석합니다. 현지 SNS 커뮤니티에 콘텐츠를 업로드하고 바이럴을 유도합니다. 게시물 반응, 유입, 전환 등 성과 지표를 모니터링하고 데이터를 분석합니다. 성과 지표를 기반으로 콘텐츠 개선 아이디어를 도출하고 실행합니다. 경쟁 병원 및 현지 마케팅 사례 분석을 통해 인사이트를 도출합니다.
인재상: 일본어로 원활한 커뮤니케이션이 가능하며, 일본 문화 및 온라인 커뮤니티에 대한 깊은 이해를 가진 분을 찾습니다. 소셜미디어를 일상적으로 사용하고 트렌드에 민감하며, 콘텐츠 성과를 분석하고 개선해본 경험이 있는 분이어야 합니다. 데이터를 분석하고 숫자 기반으로 사고하는 데 익숙해야 합니다. 인플루언서 마케팅 또는 콘텐츠 시딩 경험, SNS 운영 경험, 디지털 마케팅 성과 지표에 대한 이해, 그리고 의료 뷰티 산업에 대한 관심을 가진 분이라면 더욱 좋습니다.",intern,internship_program,강남언니 팀에서 일본 시장을 타겟으로 한국 의료 뷰티 서비스의 글로벌 콘텐츠 마케팅을 담당할 인턴을 모집합니다.,[]
311557,마야크루,"[마야크루] 글로벌 TikTok 커머스 콘텐츠 마케터(6개월, 정규직 전환형)",INTERN,"[마야크루] 글로벌 TikTok 커머스 콘텐츠 마케터 (6개월, 정규직 전환형) ~ 2026-04-06 모집부문 및 상세내용 모집 부문 상세내용 글로벌 TikTok 커머스 콘텐츠 마케터 담당업무 <코스덕은 어떤 팀인가요?> 코스덕은 한국 브랜드의 글로벌 TikTok Shop 성장을 직접 설계하고 실행하는 콘텐츠 커머스 팀입니다. 미국 법인을 기반으로 K-Beauty 브랜드들의 TikTok Shop 운영, 인플루언서 캠페인, 광고, 물류까지 전 과정을 직접 실행하고 있습니다. 2024년 미국 법인 설립 이후, 자체 PB 브랜드 HEEDA, MAPDA를 직접 런칭하고 운영하며 TikTok 알고리즘, 콘텐츠 구조, 인플루언서 성과 데이터를 실전에서 축적해 왔습니다. 이렇게 축적한 데이터를 바탕으로 현재는 컬러그램, 비플레인 등 국내 탑 브랜드들의 북미 TikTok Shop 운영과 글로벌 마케팅을 전담하고 있습니다. 지금 코스덕은 북미에서 검증된 구조를 기반으로 동남아, 유럽, 일본으로 확장하는 단계에 있으며, 글로벌 커머스의 0 1과 1 10을 동시에 경험할 수 있는 시기입니다. 합류하면 함께 할 업무예요 단순 운영 보조가 아닌, 콘텐츠로 실제 매출을 만드는 글로벌 TikTok 커머스 실전 포지션입니다. - 북미 및 글로벌 TikTok Shop 콘텐츠 광고 캠페인 기획 및 운영 - 미국 및 글로벌 인플루언서 발굴, 협업, 콘텐츠 디렉션 - 콘텐츠 광고 퍼포먼스 데이터 분석 및 개선 전략 도출 - 브랜드 주요 제품 기반 기획 번들, 프로모션 기획 - TikTok 콘텐츠 광고 매출까지 전 과정 운영 - PB 브랜드(HEEDA, MAPDA) 글로벌 TikTok Shop 실전 운영 참여 채용형태 - 인턴 6개월 인턴 근무 종료 시점에 실시되는 평가 결과에 따라 정규직 전환 여부 또는 근무 기간 연장 등이 결정됩니다. 우대조건 이런 분과 함께 하고 싶어요 전공 경력보다 콘텐츠 감각과 실행력을 가장 중요하게 봅니다. - TikTok, 숏폼 콘텐츠, 인플루언서 마케팅에 관심이 크신 분 - 조회수 가 아니라 콘텐츠로 매출을 만들어보고 싶은 분 - 미국 및 해외 크리에이터와 소통 가능한 영어 커뮤니케이션 역량 - 주어진 일을 처리하는 것보다, 직접 기획하고 실행해보고 싶은 분 - 직감이 아니라 데이터로 판단하는 마인드를 가진 분 - 빠른 실행과 빠른 피드백 환경이 잘 맞는 분 이런 경험이 있다면 더욱 좋아요 - 뷰티 회사/업계에서 인턴, 아르바이트 등의 유관 경험이 있으신 분 - 창업에 대한 꿈 또는 관련 경험이 있으신 분 - 해외 거주 경험이 있으신 분 - Excel, SQL 등을 경험해 보신 분 합류 여정 서류 전형 사전 인터뷰(비대면) 실무 인터뷰 인턴 최종합격 제출 서류 : 이력서(필수), 포트폴리오 및 자기소개서(선택) - 단순 액션과 결과물이 아닌, 어떤 가설과 생각을 기반으로 액션을 취했는지에 대한 결과와 논리를 담아주세요. 본 채용 절차에서 수집된 개인정보는 (주)마야크루 개인정보 처리방침 및 채용 절차법에 따라 관리되며, 채용 목적 외 사용되지 않습니다. 자격요건 학력 대학졸업(4년) 이상(졸업예정자 가능) 근무조건 급여 회사 내규에 따름 층 복리후생 함께 할 동료들의 한 마디 Luffy : Dream Big, Aim High! Hyuny : It always seems impossible until it s done. Let's get it done together! Jade : No playbook? No problem. Let s make it happen! Dani : If you're a fast learner who loves taking initiative, you'll fit right in! It's not just an internship - it's a chance to grow with the brand as a true brand partner! Lucy : Never underestimate yourself! You're capable of more than you think! Elon : Welcome to the best place to grow into FSD! 일하는 방식 & 복지 어떻게 평범한 사람들이 모여 혁신적인 성장을 만들어낼 수 있을까요? 고객 집착, 데이터 중심, 빠른 속도보다 더 중요한 핵심 가치는 바로 직원의 행복입니다. 우리는 회사 구성원들의 삶이 바뀔 수 있어야 비로소 세상을 바꾸는 혁신이 가능해진다고 믿습니다. 1) 회사는 즐거워야 합니다. 직원과 고객 그리고 주주 중 과연 누가 우선일까요? 당연히 직원이 먼저입니다. 하루의 절반을 지내는 회사의 삶이 스트레스라면 얼마나 불행한 인생일까요? 회사 구성원들이 행복한 회사가 되어야 회사가 전체적인 힘을 발휘할 수 있습니다. 일할 때는 최고의 동료로, 놀 때는 최고의 친구로 서로를 응원하고 지지합니다. 2) 회사는 성장해야 합니다. 마야크루는 매년 3배 이상 연속해서 성장중에 있습니다. 나의 성장, 동료의 성장, 회사의 성장을 만들어갑니다. 마야크루에는 매월 초가 되면 회사의 성과와 목표를 투명하게 공유하는 문화가 있습니다. 매월 성장의 신기록을 세워가고 있습니다. 3) 회사는 가슴 뛰어야 합니다. 성장할 때만큼 가슴뛰는 순간이 없습니다. 회사의 성장은 단순히 숫자의 증가가 아니라, 구성원들의 역량이 성장할 때 이뤄집니다. 각 구성원들의 잠재력이, 가슴 뛰는 성취로 이어질 수 있도록 최선을 다해 지원해드립니다. 전직원 맥북 지원, GPT 유료계정 지원, 도서 구매 지원 등 성장에는 아끼지 않습니다. GPT4를 현업에서 직접 활용해볼 수 있게 전 직원에게 유료 계정을 제공해드리며 매월 정기적으로 교육 세션을 진행하고 있습니다. 이외에도 이런 혜택을 제공드립니다. 복리후생 전 직원 맥북, 모션데스크 지원 유연 출퇴근제 (9~10시) 긴 점심시간 (90분) 수평적 호칭 문화 자유로운 연차, 반차 사용 GPT 유료 계정 지원 도서 구매, 교육 지원 명절 상여금 간식 & 커피 무한 공급 경조휴가 및 화환 지원 3년 이상 근속 시, 14일 리프레시 휴가 제공 해외 및 국내 워크샵 지원 명절 단축근무 및 선물 제공 사내인재 추천제도 100만원 지급 자사 제품 50% 할인",,[],marketing,"[""sales""]","[""글로벌 TikTok 커머스 콘텐츠 마케터""]","[""TikTok"", ""숏폼 콘텐츠 제작"", ""인플루언서 마케팅"", ""영어"", ""데이터 분석""]","[""Excel"", ""SQL"", ""뷰티 산업 이해"", ""창업 경험"", ""해외 거주 경험""]",beauty_cosmetics,unknown,startup,flexible,"[""인턴"", ""아르바이트"", ""프로젝트""]","[""실행력·업무처리 능력"", ""커뮤니케이션 역량"", ""정보수집·분석 역량"", ""창의·혁신 역량""]","마야크루는 한국 브랜드의 글로벌 TikTok Shop 성장을 직접 설계하고 실행하는 콘텐츠 커머스 팀입니다. 미국 법인을 기반으로 K-Beauty 브랜드들의 TikTok Shop 운영, 인플루언서 캠페인, 광고, 물류까지 전 과정을 직접 실행하고 있습니다. 자체 PB 브랜드 HEEDA, MAPDA를 런칭하고 운영하며 TikTok 알고리즘, 콘텐츠 구조, 인플루언서 성과 데이터를 축적해왔습니다.","이 직무는 단순 운영 보조가 아닌, 콘텐츠로 실제 매출을 만드는 글로벌 TikTok 커머스 실전 포지션입니다. 북미에서 검증된 구조를 기반으로 동남아, 유럽, 일본으로 확장하는 글로벌 커머스 성장에 기여하게 됩니다.","북미 및 글로벌 TikTok Shop 콘텐츠 광고 캠페인을 기획하고 운영합니다. 미국 및 글로벌 인플루언서를 발굴하고 협업하며 콘텐츠 디렉션을 제공합니다. 콘텐츠 광고 퍼포먼스 데이터를 분석하여 개선 전략을 도출하고, 브랜드 주요 제품 기반의 기획 번들 및 프로모션을 기획합니다. TikTok 콘텐츠 광고 매출까지 전 과정을 운영하며, PB 브랜드(HEEDA, MAPDA)의 글로벌 TikTok Shop 실전 운영에 참여합니다.","TikTok, 숏폼 콘텐츠, 인플루언서 마케팅에 대한 높은 관심과 콘텐츠 감각, 실행력을 가진 분을 찾습니다. 조회수가 아닌 콘텐츠로 실제 매출을 만들어보고 싶은 분, 미국 및 해외 크리에이터와 원활하게 소통 가능한 영어 커뮤니케이션 역량을 보유한 분을 우대합니다. 주어진 일을 처리하기보다 직접 기획하고 실행하며, 직감이 아닌 데이터로 판단하는 마인드를 가진 분, 빠른 실행과 빠른 피드백 환경에 잘 맞는 분이 적합합니다. 뷰티 회사/업계 유관 경험, 창업 경험, 해외 거주 경험, Excel, SQL 경험이 있다면 더욱 좋습니다.","[""고객 지향"", ""데이터드리븐"", ""빠른 실행"", ""성장 지향"", ""자율"", ""수평적""]","회사: 마야크루는 한국 브랜드의 글로벌 TikTok Shop 성장을 직접 설계하고 실행하는 콘텐츠 커머스 팀입니다. 미국 법인을 기반으로 K-Beauty 브랜드들의 TikTok Shop 운영, 인플루언서 캠페인, 광고, 물류까지 전 과정을 직접 실행하고 있습니다. 자체 PB 브랜드 HEEDA, MAPDA를 런칭하고 운영하며 TikTok 알고리즘, 콘텐츠 구조, 인플루언서 성과 데이터를 축적해왔습니다.
직무 목적: 이 직무는 단순 운영 보조가 아닌, 콘텐츠로 실제 매출을 만드는 글로벌 TikTok 커머스 실전 포지션입니다. 북미에서 검증된 구조를 기반으로 동남아, 유럽, 일본으로 확장하는 글로벌 커머스 성장에 기여하게 됩니다.
주요 업무: 북미 및 글로벌 TikTok Shop 콘텐츠 광고 캠페인을 기획하고 운영합니다. 미국 및 글로벌 인플루언서를 발굴하고 협업하며 콘텐츠 디렉션을 제공합니다. 콘텐츠 광고 퍼포먼스 데이터를 분석하여 개선 전략을 도출하고, 브랜드 주요 제품 기반의 기획 번들 및 프로모션을 기획합니다. TikTok 콘텐츠 광고 매출까지 전 과정을 운영하며, PB 브랜드(HEEDA, MAPDA)의 글로벌 TikTok Shop 실전 운영에 참여합니다.
인재상: TikTok, 숏폼 콘텐츠, 인플루언서 마케팅에 대한 높은 관심과 콘텐츠 감각, 실행력을 가진 분을 찾습니다. 조회수가 아닌 콘텐츠로 실제 매출을 만들어보고 싶은 분, 미국 및 해외 크리에이터와 원활하게 소통 가능한 영어 커뮤니케이션 역량을 보유한 분을 우대합니다. 주어진 일을 처리하기보다 직접 기획하고 실행하며, 직감이 아닌 데이터로 판단하는 마인드를 가진 분, 빠른 실행과 빠른 피드백 환경에 잘 맞는 분이 적합합니다. 뷰티 회사/업계 유관 경험, 창업 경험, 해외 거주 경험, Excel, SQL 경험이 있다면 더욱 좋습니다.",intern,internship_program,"마야크루의 글로벌 TikTok 커머스 콘텐츠 마케터는 K-Beauty 브랜드의 TikTok Shop 운영 및 인플루언서 캠페인을 기획하고 실행하며, 데이터 기반으로 매출 성장을 이끄는 정규직 전환형 인턴십입니다.",[]
311555,마야크루,"[마야크루] CX manager (3개월, 정규직 전환형)",INTERN,"[마야크루] CX manager (3개월, 정규직 전환형) ~ 2026-04-06 모집부문 및 상세내용 모집 부문 상세내용 CX Manager 담당업무 <슈퍼멤버스 CX팀, 이렇게 성장하려고 해요> 슈퍼멤버스 CX팀은 고객의 문제를 가장 먼저 발견하고 이를 서비스 개선으로 연결하는 팀입니다. CX팀은 고객과 가장 가까운 위치에서 얻은 인사이트를 기반으로 반복적으로 발생하는 고객 문제를 구조화하고, 서비스 개선이 필요한 지점을 발견하며, 개발팀 및 내부 팀과 협업하여 실제 서비스 개선으로 연결합니다. 즉 CX팀은 고객 문의 문제 정의 서비스 개선 고객 경험 향상 까지 이어지는 슈퍼멤버스의 고객 경험을 설계하는 역할을 담당합니다. 이번 CX 인턴은 단순한 CS 업무를 넘어 고객 문의 데이터를 기반으로 서비스 문제를 발견하고 개선하는 CX 업무 전반을 경험하게 됩니다. 합류하면 함께 할 업무예요 1. 고객 소통 및 서비스 운영 - 슈퍼멤버스 앱 내 1:1 게시판과 카카오톡 문의를 응대하며 고객이 겪는 문제의 근본적인 원인을 파악합니다. - 블로거 및 사장님의 문의를 확인하고 문제 상황을 정리하여 해결을 지원합니다. - 반복적으로 발생하는 문의를 정리하고 문제의 구조와 원인을 분석합니다. - 상담 과정에서 발견된 이슈를 내부 팀과 공유하고 서비스 개선 포인트를 정리합니다. 2. CX 개선 및 서비스 고도화 - 고객 문의(VOC)를 기반으로 서비스 개선이 필요한 포인트를 발견합니다. - 반복 문의를 줄이기 위해 SOP 및 고객 가이드 문서를 작성하고 업데이트합니다. - 백오피스 및 서비스 기능 개선이 필요한 부분을 정리하고 개발팀과 협업합니다. - 고객의 행동 흐름을 기반으로 유저 여정(User Journey)을 분석하고 문제를 발견합니다. 앞으로 CX팀은 고객 문의 데이터를 기반으로 서비스 개선 프로덕트 개선 CX 전략 수립까지 확장해 나갈 예정입니다. 채용형태 - 인턴 3개월 인턴 근무 종료 시점에 실시되는 평가 결과에 따라 정규직 전환 여부 또는 근무 기간 연장 등이 결정됩니다. 우대조건 이런 분과 함께 하고 싶어요 - 고객과의 접점에서 CS 또는 CX 경험이 있으신 분 (아르바이트, 인턴 등 포함) - 빠르게 변화하는 환경에서도 업무의 우선순위를 설정하고 실행할 수 있는 분 - 고객의 질문 뒤에 숨은 진짜 문제를 파악하려는 사고 방식을 가지신 분 - 필요한 지식을 스스로 학습하며 성장하려는 셀프 스터디 역량이 있으신 분 - 문제를 구조적으로 정리하고 문서로 정리하는 것을 어려워하지 않으신 분 이런 분이라면 더욱 좋아요 - IT 기업 또는 스타트업 환경에서 인턴 또는 프로젝트 경험이 있으신 분 - 유저 행동이나 고객 여정(User Journey)에 대해 고민해본 경험이 있으신 분 - 고객 데이터를 기반으로 문제를 분석하거나 개선을 시도해본 경험이 있으신 분 - 블로그, 커뮤니티 등 온라인 플랫폼 사용 경험이 많은 분 - 배운 내용이나 정리한 자료를 팀에 공유하는 Happy to Share 마인드를 가지신 분 이 포지션은 이런 분에게 특히 좋은 경험이 될 거예요 - 고객 문제를 발견하고 서비스 개선까지 연결하는 경험을 해보고 싶은 분 - CX 경험을 기반으로 서비스 기획, Product Manager, Operations 등 다양한 직무로 성장하고 싶은 분 - 스타트업 환경에서 빠르게 실험하고 개선하는 경험을 해보고 싶은 분 합류 여정 서류 전형 사전 인터뷰(비대면) 실무 인터뷰 인턴 최종합격 제출 서류 : 이력서(필수), 포트폴리오 및 자기소개서(선택) - 단순 액션과 결과물이 아닌, 어떤 가설과 생각을 기반으로 액션을 취했는지에 대한 결과와 논리를 담아주세요. 본 채용 절차에서 수집된 개인정보는 (주)마야크루 개인정보 처리방침 및 채용 절차법에 따라 관리되며, 채용 목적 외 사용되지 않습니다. 자격요건 학력 대학졸업(4년) 이상(졸업예정자 가능) 근무조건 급여 회사 내규에 따름 층 복리후생 일하는 방식 & 복지 어떻게 평범한 사람들이 모여 혁신적인 성장을 만들어낼 수 있을까요? 고객 집착, 데이터 중심, 빠른 속도보다 더 중요한 핵심 가치는 바로 직원의 행복입니다. 우리는 회사 구성원들의 삶이 바뀔 수 있어야 비로소 세상을 바꾸는 혁신이 가능해진다고 믿습니다. 1) 회사는 즐거워야 합니다. 직원과 고객 그리고 주주 중 과연 누가 우선일까요? 당연히 직원이 먼저입니다. 하루의 절반을 지내는 회사의 삶이 스트레스라면 얼마나 불행한 인생일까요? 회사 구성원들이 행복한 회사가 되어야 회사가 전체적인 힘을 발휘할 수 있습니다. 일할 때는 최고의 동료로, 놀 때는 최고의 친구로 서로를 응원하고 지지합니다. 2) 회사는 성장해야 합니다. 마야크루는 매년 3배 이상 연속해서 성장중에 있습니다. 나의 성장, 동료의 성장, 회사의 성장을 만들어갑니다. 마야크루에는 매월 초가 되면 회사의 성과와 목표를 투명하게 공유하는 문화가 있습니다. 매월 성장의 신기록을 세워가고 있습니다. 3) 회사는 가슴 뛰어야 합니다. 성장할 때만큼 가슴뛰는 순간이 없습니다. 회사의 성장은 단순히 숫자의 증가가 아니라, 구성원들의 역량이 성장할 때 이뤄집니다. 각 구성원들의 잠재력이, 가슴 뛰는 성취로 이어질 수 있도록 최선을 다해 지원해드립니다. 전직원 맥북 지원, GPT 유료계정 지원, 도서 구매 지원 등 성장에는 아끼지 않습니다. GPT4를 현업에서 직접 활용해볼 수 있게 전 직원에게 유료 계정을 제공해드리며 매월 정기적으로 교육 세션을 진행하고 있습니다. 이외에도 이런 혜택을 제공드립니다. 복리후생 전 직원 맥북, 모션데스크 지원 유연 출퇴근제 (9~10시) 긴 점심시간 (90분) 수평적 호칭 문화 자유로운 연차, 반차 사용 GPT 유료 계정 지원 도서 구매, 교육 지원 명절 상여금 간식 & 커피 무한 공급 경조휴가 및 화환 지원 3년 이상 근속 시, 14일 리프레시 휴가 제공 해외 및 국내 워크샵 지원 명절 단축근무 및 선물 제공 사내인재 추천제도 100만원 지급 자사 제품 50% 할인 함께 할 동료들의 한 마디 Bolt : 빠르게 성장하는 기업에서 프로덕트의 성장 경험을 얻을 수 있습니다! 같이 업계에서 가장 임팩트 있는 팀으로 만들어 가요! Leah : 슈퍼멤버스는 인턴의 의견이라도 좋은 의견이라면 내일 바로 실행에 옮기는 팀이에요! 당신의 아이디어가 실현되고, 직접 만든 변화가 팀의 성과로 이어지는 경험, 그 여정에 함께 하실래요? Lily : 슈퍼멤버스팀은 자유로운 분위기 속 재능을 마음껏 펼칠 수 있는 곳입니다. Eli : 열정과 실행력이 모이면 얼마나 멀리 갈 수 있는지, 함께 증명해봐요! Eren : 좋은 팀과 함께라면 성장 속도는 배가 된다고 믿습니다. 도전이 즐거운 팀에서, 함께 치열하게 배우고 빠르게 성장해요! Link : 마야크루는 주어진 업무에만 갇히지 않고, 팀을 넘어 협력하며 가장 빠르게 성장할 수 있는 곳입니다! 인턴에게도 아낌없이 기회와 격려를 주는 곳이라, 여러분의 가능성을 마음껏 펼칠 수 있어요 Irene : 슈퍼멤버스는 서로를 경쟁자가 아닌 동료로 생각하며, 피드백을 통해 함께 성장하는 팀입니다. 형식적인 스펙 한 줄보다, 실제로 문제를 해결해본 경험과 결과를 만들고 싶은 분이라면 진심으로 환영해요! Meri : 슈퍼멤버스는 성장의 기회가 열려 있는 곳입니다. 의견을 자유롭게 나눌 수 있고, 그 의견이 실제로 반영되는 팀이에요. 함께 변화를 만들어가고 싶은 분들께 추천드려요!",,[],cs_cx,[],"[""CX Manager""]","[""데이터 분석"", ""문서 작성""]","[""고객 데이터 분석"", ""온라인 플랫폼 활용""]",it_software,unknown,startup,flexible,"[""인턴"", ""아르바이트"", ""프로젝트""]","[""문제해결 능력"", ""실행력·업무처리 능력"", ""학습·성장 역량"", ""정보수집·분석 역량"", ""커뮤니케이션 역량"", ""협업·팀워크""]",마야크루는 슈퍼멤버스 앱을 운영하며 고객의 문제를 발견하고 서비스 개선으로 연결하여 고객 경험을 설계하는 회사입니다.,"이 직무는 고객과 가장 가까운 위치에서 고객의 문제를 발견하고 구조화하며, 이를 서비스 개선으로 연결하여 슈퍼멤버스의 고객 경험을 향상시키는 역할을 담당합니다.","슈퍼멤버스 앱 내 1:1 게시판과 카카오톡 문의를 응대하며 고객 문제의 근본 원인을 파악하고, 블로거 및 사장님의 문의를 확인하여 문제 상황을 정리하고 해결을 지원합니다. 반복적으로 발생하는 문의를 구조화하고 원인을 분석하며, 상담 과정에서 발견된 이슈를 내부 팀과 공유하여 서비스 개선 포인트를 정리합니다. 또한, 고객 문의(VOC)를 기반으로 서비스 개선 포인트를 발견하고, 반복 문의를 줄이기 위해 SOP 및 고객 가이드 문서를 작성 및 업데이트합니다. 백오피스 및 서비스 기능 개선이 필요한 부분을 정리하고 개발팀과 협업하며, 고객의 행동 흐름을 기반으로 유저 여정을 분석하고 문제를 발견합니다.","고객과의 접점에서 CS 또는 CX 경험이 있고, 빠르게 변화하는 환경에서 업무 우선순위를 설정하고 실행할 수 있는 분을 찾습니다. 고객 질문 뒤에 숨은 진짜 문제를 파악하려는 사고방식과 필요한 지식을 스스로 학습하며 성장하려는 역량이 중요합니다. 문제를 구조적으로 정리하고 문서화하는 능력도 필요합니다. IT 기업 또는 스타트업 환경에서 인턴/프로젝트 경험이 있거나, 유저 행동 및 고객 여정에 대해 고민해본 경험, 고객 데이터를 기반으로 문제 분석 및 개선을 시도해본 경험이 있다면 더욱 좋습니다. 블로그, 커뮤니티 등 온라인 플랫폼 사용 경험이 많고, 배운 내용을 팀에 공유하는 Happy to Share 마인드를 가진 분을 우대합니다.","[""고객 집착"", ""데이터 중심"", ""빠른 속도"", ""자율"", ""수평적"", ""협업""]","회사: 마야크루는 슈퍼멤버스 앱을 운영하며 고객의 문제를 발견하고 서비스 개선으로 연결하여 고객 경험을 설계하는 회사입니다.
직무 목적: 이 직무는 고객과 가장 가까운 위치에서 고객의 문제를 발견하고 구조화하며, 이를 서비스 개선으로 연결하여 슈퍼멤버스의 고객 경험을 향상시키는 역할을 담당합니다.
주요 업무: 슈퍼멤버스 앱 내 1:1 게시판과 카카오톡 문의를 응대하며 고객 문제의 근본 원인을 파악하고, 블로거 및 사장님의 문의를 확인하여 문제 상황을 정리하고 해결을 지원합니다. 반복적으로 발생하는 문의를 구조화하고 원인을 분석하며, 상담 과정에서 발견된 이슈를 내부 팀과 공유하여 서비스 개선 포인트를 정리합니다. 또한, 고객 문의(VOC)를 기반으로 서비스 개선 포인트를 발견하고, 반복 문의를 줄이기 위해 SOP 및 고객 가이드 문서를 작성 및 업데이트합니다. 백오피스 및 서비스 기능 개선이 필요한 부분을 정리하고 개발팀과 협업하며, 고객의 행동 흐름을 기반으로 유저 여정을 분석하고 문제를 발견합니다.
인재상: 고객과의 접점에서 CS 또는 CX 경험이 있고, 빠르게 변화하는 환경에서 업무 우선순위를 설정하고 실행할 수 있는 분을 찾습니다. 고객 질문 뒤에 숨은 진짜 문제를 파악하려는 사고방식과 필요한 지식을 스스로 학습하며 성장하려는 역량이 중요합니다. 문제를 구조적으로 정리하고 문서화하는 능력도 필요합니다. IT 기업 또는 스타트업 환경에서 인턴/프로젝트 경험이 있거나, 유저 행동 및 고객 여정에 대해 고민해본 경험, 고객 데이터를 기반으로 문제 분석 및 개선을 시도해본 경험이 있다면 더욱 좋습니다. 블로그, 커뮤니티 등 온라인 플랫폼 사용 경험이 많고, 배운 내용을 팀에 공유하는 Happy to Share 마인드를 가진 분을 우대합니다.",intern,job_posting,마야크루 슈퍼멤버스 CX팀에서 고객 문의 데이터 기반 서비스 개선 및 고객 경험 향상을 담당할 정규직 전환형 인턴을 모집합니다.,[]
311554,NHN,[NHN Enterprise] IDC 운영자 (광주),NEW,"NHN Enterprise NHN Enterprise는 국내 대표 클라우드 서비스 NHN Cloud의 자회사로서,자체 호스팅 및 클라우드 기술로 고객의 요구에 맞는 인프라를 제공하는 디지털 트랜스포메이션 선도 기업입니다. 고객 맞춤형 IT 인프라 구축/운영을 통해 디지털 기반 혁신성장에 기여하기 위해 Hosting, Cloud, Managed 사업을 중점적으로 추진하고 있습니다. NHN Enterprise 광주IDC운영팀을 소개해요 광주IDC운영팀는 IDC 근무자가 인프라 환경 최전선에서 24X365 가장 빠르게 운영 이슈를 해결하고 있습니다. 요청 업무 처리의 Delivery 일정을 준수하며, 기본적인 업무 프로세스에 대해 정확한 이해와 숙지로 어떤 인원이 진행하더라도 늘 동일한 결과물이 나올 수 있도록 운영하는 것을 목표로 하고 있습니다. 우리 팀은 이렇게 일해요 효율적이고 효과적인 문제해결을 위해, 경력에 상관없이 팀원 모두가 자유로운 의견과 아이디어를 제시합니다. 각 IDC(광주/판교/평촌/논현)에서 발생하는 이슈에 대하여 업무 시스템을 통해 장애case 트러블 슈팅을 공유합니다. 업무 자동화를 위해 스터디를 진행하며 프로젝트를 진행하고 있습니다. 함께하면 이런 점들이 좋아요 최첨단 IDC에서 최고의 장비들을 다루며 H/W 관리자로서의 경험을 배울 수 있습니다. IDC 내 테스트 베드 환경을 구축하여, 서버&스위치를 직접 다루며 하드웨어 운영자로서의 역량을 강화할 수 있습니다. 이런 업무를 해요 (주요 업무) 광주 IDC 운영 24 x 7 모니터링 및 인프라 점검 서버 H/W구축 및 장애 복구 서버 Life-cycle 관리 (입출고/폐기/자산관리) 인력 및 전산장비 출입관리(보안통제실 근무) 이런 분들을 찾고 있어요 (자격 요건) 주/야간 교대근무가 가능한 분 긍정적이고 적극적인 마인드를 보유하고 있으며, 주변인과 커뮤니케이션이 원활하신 분 이런 분이면 더 좋아요 (우대 사항) IT관련 기본 지식을 갖추고 있는 분 서버의 기본 Architecture를 이해하고, 이에 대한 지식이 있는 분 IDC Infra 및 서버 H/W 등 에 관심이 많으신 분 IDC(OP) 근무 경험 있으신 분 지원서는 이렇게 작성하시면 좋아요 채용 공고에서 요구하는 경험과 역량을 중심으로 기재해주세요. 해오신 업무를 프로젝트 단위로 잘 정리해서 적어주세요. 포트폴리오, 노션, 깃허브 등 경험과 역량을 어필할 별도의 자료가 있다면 함께 제출해주세요. 일부 포지션에서는 포트폴리오 제출이 필수입니다. 확인하시고 꼭 제출해주세요. 자기소개는 직무 역량을 경험과 잘 연결지어 작성해주시면 좋아요. NHN Enterprise로의 합류 여정 서류전형 > T인터뷰(Tech) > C인터뷰(Career) > 최종합격 꼭 확인해주세요 남자의 경우, 병역의무를 필하였거나 면제된 분만 지원 가능합니다. 해외여행에 결격 사유가 없어야 지원 가능합니다. 국가보훈해당자 및 장애인은 관련 법률에 의거 우대합니다.(증빙서류 제출자에 한함) 제출서류에 허위기재 또는 기재착오, 구비서류 미제출 등으로 인한 불이익은 응시자 본인의 책임으로 합니다. 제출서류나 각종 증명서의 기재내용이 허위일 경우, 응시를 무효로 하며 합격을 취소합니다. 근무지는 광주AI데이터센터(광주광역시 북구 오룡동 1004)입니다. 가지고 계신 경험을 충분히 보여주실 수 있도록 학력/경력은 빠짐없이 모두 작성 부탁드립니다.",,[],infrastructure_eng,[],"[""IDC 운영자""]",[],"[""IT관련 기본 지식"", ""서버 기본 Architecture 이해"", ""IDC Infra 지식"", ""서버 H/W 지식"", ""IDC(OP) 근무 경험""]",it_software,광주,large_corp,field,"[""인턴"", ""프로젝트""]","[""실행력·업무처리 능력"", ""커뮤니케이션 역량"", ""문제해결 능력"", ""학습·성장 역량"", ""디지털·기술 활용 역량""]","NHN Enterprise는 NHN Cloud의 자회사로, 자체 호스팅 및 클라우드 기술을 통해 고객 맞춤형 IT 인프라를 제공하는 디지털 트랜스포메이션 선도 기업입니다. Hosting, Cloud, Managed 사업을 중점적으로 추진하며 디지털 기반 혁신 성장에 기여하고 있습니다.","IDC 운영자는 인프라 환경 최전선에서 24시간 365일 발생하는 운영 이슈를 가장 빠르게 해결하고, 고객 맞춤형 IT 인프라의 안정적인 운영을 통해 디지털 혁신 성장을 지원합니다.","광주 IDC의 24시간 7일 모니터링을 수행하며 인프라를 점검합니다. 서버 하드웨어 구축 및 장애 발생 시 신속하게 복구하는 업무를 담당합니다. 서버의 입출고, 폐기, 자산 관리 등 라이프사이클 전반을 관리합니다. 보안 통제실에서 인력 및 전산 장비의 출입을 관리하며 보안을 유지합니다.","주/야간 교대근무가 가능하며, 긍정적이고 적극적인 마인드로 주변인과 원활하게 소통할 수 있는 분을 찾습니다. IT 관련 기본 지식을 갖추고 서버의 기본 아키텍처를 이해하는 분을 우대합니다. IDC 인프라 및 서버 하드웨어에 관심이 많고, IDC(OP) 근무 경험이 있다면 더욱 좋습니다.","[""협업"", ""문제해결"", ""학습"", ""기술중심"", ""자율""]","회사: NHN Enterprise는 NHN Cloud의 자회사로, 자체 호스팅 및 클라우드 기술을 통해 고객 맞춤형 IT 인프라를 제공하는 디지털 트랜스포메이션 선도 기업입니다. Hosting, Cloud, Managed 사업을 중점적으로 추진하며 디지털 기반 혁신 성장에 기여하고 있습니다.
직무 목적: IDC 운영자는 인프라 환경 최전선에서 24시간 365일 발생하는 운영 이슈를 가장 빠르게 해결하고, 고객 맞춤형 IT 인프라의 안정적인 운영을 통해 디지털 혁신 성장을 지원합니다.
주요 업무: 광주 IDC의 24시간 7일 모니터링을 수행하며 인프라를 점검합니다. 서버 하드웨어 구축 및 장애 발생 시 신속하게 복구하는 업무를 담당합니다. 서버의 입출고, 폐기, 자산 관리 등 라이프사이클 전반을 관리합니다. 보안 통제실에서 인력 및 전산 장비의 출입을 관리하며 보안을 유지합니다.
인재상: 주/야간 교대근무가 가능하며, 긍정적이고 적극적인 마인드로 주변인과 원활하게 소통할 수 있는 분을 찾습니다. IT 관련 기본 지식을 갖추고 서버의 기본 아키텍처를 이해하는 분을 우대합니다. IDC 인프라 및 서버 하드웨어에 관심이 많고, IDC(OP) 근무 경험이 있다면 더욱 좋습니다.",new,job_posting,NHN Enterprise 광주 IDC에서 24시간 7일 인프라 모니터링 및 서버 하드웨어 운영을 담당할 신입 IDC 운영자를 모집합니다.,[]
311548,경찰청,[경찰청] 체험형 인턴 채용 (~04/10),INTERN,"[경찰청] 체험형 인턴 채용 (~04/10) [모집분야] - 경찰청 (본청) 38명 - 시, 도청 및 부속기관 262명 [근무조건] - 청년인턴 (공무원의 사무를 보조하는 공무원이 아닌 근로자) [원서 접수일정] - [",수사연수원 | 시설/보안/경비/안전 | 서비스 | 경영/사무 | 보안 | 경호/경비 | 안전 | 기획/전략/경영 | 사무/총무/법무 | 인사/노무/교육 | 경리/회계/결산 | 재무/세무/IR | 사무보조/문서작성 | 지원 동기 및 진로 계획 | 직무 관련 전문성 획득을 위한 활동 내용 | 문제 해결 경험 | 소통 및 협업 능력 | 기대하는 점 및 각오 | [경찰청] 체험형 인턴 채용 (~04/10) | 경찰인재개발원 (아산1 대전유성1) | 경찰대학 기타,[],management_support,"[""planning_strategy"", ""hr"", ""finance_investment""]","[""수사연수원"", ""시설/보안/경비/안전"", ""서비스"", ""경영/사무"", ""보안"", ""경호/경비"", ""안전"", ""기획/전략/경영"", ""사무/총무/법무"", ""인사/노무/교육"", ""경리/회계/결산"", ""재무/세무/IR"", ""사무보조/문서작성""]",[],[],public_ngo,전국,public_org,office,"[""인턴"", ""프로젝트""]","[""문제해결 능력"", ""커뮤니케이션 역량""]",경찰청은 대한민국의 치안 유지 및 공공 안전을 담당하는 국가기관입니다. 국민의 생명과 재산을 보호하고 사회 질서를 유지하는 데 핵심적인 역할을 수행합니다.,"체험형 인턴으로서 경찰청의 다양한 행정 및 지원 업무를 보조하며, 공공 서비스 현장을 경험하고 직무 전문성을 함양하는 것이 목적입니다.","인턴은 수사연수원을 포함한 경찰청 내 다양한 부서에서 시설 관리, 보안, 경비, 안전 관련 업무를 지원합니다. 또한, 서비스 운영 보조, 일반 경영 및 사무 업무, 기획 및 전략 수립 지원 등 행정 전반에 걸친 역할을 수행합니다. 구체적으로는 총무, 법무, 인사, 노무, 교육, 경리, 회계, 결산, 재무, 세무, IR 등 여러 분야에서 공무원의 사무를 보조하며 문서 작성 및 사무 보조 업무를 담당하게 됩니다.","경찰청 체험형 인턴은 직무 관련 전문성 획득을 위한 활동 경험을 보유하고, 실제 문제 해결 경험을 통해 역량을 증명할 수 있는 인재를 찾습니다. 또한, 조직 내에서 원활한 소통과 협업 능력을 발휘하여 팀워크에 기여할 수 있어야 합니다. 명확한 지원 동기와 구체적인 진로 계획을 제시하며, 경찰청 업무에 대한 높은 이해와 기여 의지를 가진 지원자를 우대합니다.",[],"회사: 경찰청은 대한민국의 치안 유지 및 공공 안전을 담당하는 국가기관입니다. 국민의 생명과 재산을 보호하고 사회 질서를 유지하는 데 핵심적인 역할을 수행합니다.
직무 목적: 체험형 인턴으로서 경찰청의 다양한 행정 및 지원 업무를 보조하며, 공공 서비스 현장을 경험하고 직무 전문성을 함양하는 것이 목적입니다.
주요 업무: 인턴은 수사연수원을 포함한 경찰청 내 다양한 부서에서 시설 관리, 보안, 경비, 안전 관련 업무를 지원합니다. 또한, 서비스 운영 보조, 일반 경영 및 사무 업무, 기획 및 전략 수립 지원 등 행정 전반에 걸친 역할을 수행합니다. 구체적으로는 총무, 법무, 인사, 노무, 교육, 경리, 회계, 결산, 재무, 세무, IR 등 여러 분야에서 공무원의 사무를 보조하며 문서 작성 및 사무 보조 업무를 담당하게 됩니다.
인재상: 경찰청 체험형 인턴은 직무 관련 전문성 획득을 위한 활동 경험을 보유하고, 실제 문제 해결 경험을 통해 역량을 증명할 수 있는 인재를 찾습니다. 또한, 조직 내에서 원활한 소통과 협업 능력을 발휘하여 팀워크에 기여할 수 있어야 합니다. 명확한 지원 동기와 구체적인 진로 계획을 제시하며, 경찰청 업무에 대한 높은 이해와 기여 의지를 가진 지원자를 우대합니다.",intern,internship_program,경찰청 체험형 인턴 채용으로 다양한 행정 및 지원 업무를 경험하고 직무 역량을 강화할 기회입니다.,"[""short_text"", ""low_signal""]"
311545,한국언론진흥재단,[한국언론진흥재단] 체험형 인턴 (일반행정) 채용 (~04/13),INTERN,[한국언론진흥재단] 체험형 인턴 (일반행정) 채용 (~04/13) [모집분야] - 일반행정 (본사) 4명 [고용형태] - 체험형 청년인턴 [,,[],management_support,[],"[""일반행정 (본사)""]",[],[],public_ngo,서울,public_org,unknown,"[""인턴""]",[],한국언론진흥재단은 언론 진흥을 위한 사업을 수행하는 공공기관입니다.,재단의 일반 행정 업무를 지원하며 공공기관 실무 경험을 쌓고 언론 진흥 사업에 기여하는 역할입니다.,"재단의 원활한 운영을 위해 문서 작성, 자료 관리, 회의 준비 등 다양한 일반 행정 업무를 수행합니다. 부서별 업무 지원을 통해 재단의 주요 사업이 효율적으로 진행될 수 있도록 돕고, 행정 효율성을 높이는 데 기여합니다.","일반 행정 업무에 대한 기본적인 이해와 성실함을 갖춘 인재를 찾습니다. 공공기관에서의 실무 경험을 통해 성장하고자 하는 지원자를 우대하며, 꼼꼼하고 책임감 있는 태도로 업무에 임할 수 있어야 합니다. 원활한 의사소통 능력과 협업 능력을 갖춘 분을 선호합니다.",[],"회사: 한국언론진흥재단은 언론 진흥을 위한 사업을 수행하는 공공기관입니다.
직무 목적: 재단의 일반 행정 업무를 지원하며 공공기관 실무 경험을 쌓고 언론 진흥 사업에 기여하는 역할입니다.
주요 업무: 재단의 원활한 운영을 위해 문서 작성, 자료 관리, 회의 준비 등 다양한 일반 행정 업무를 수행합니다. 부서별 업무 지원을 통해 재단의 주요 사업이 효율적으로 진행될 수 있도록 돕고, 행정 효율성을 높이는 데 기여합니다.
인재상: 일반 행정 업무에 대한 기본적인 이해와 성실함을 갖춘 인재를 찾습니다. 공공기관에서의 실무 경험을 통해 성장하고자 하는 지원자를 우대하며, 꼼꼼하고 책임감 있는 태도로 업무에 임할 수 있어야 합니다. 원활한 의사소통 능력과 협업 능력을 갖춘 분을 선호합니다.",intern,internship_program,한국언론진흥재단에서 일반 행정 업무를 지원할 체험형 인턴을 채용합니다.,"[""short_text"", ""low_signal""]"
311543,두산그룹,[두산그룹] 2026년 두산그룹 Global Talent 채용(학사/석사),NEW,"[두산그룹] 2026년 두산그룹 Global Talent 채용(학사/석사) [모집부문] - 공고 이미지 참조 [자격요건] * 미국(혹은 영미권) 대학 공학 계열 전공자 - 신규 입사 : 기졸업자 또는 26년 12월 이내 졸업 예정자 (학사, 석사 공통) - Global 장학생 : 26년 12월 ~ 29년 12월 이내 졸업 예정자 (학사, 석사 공통) * 해외여행에 결격사유가 없는 분 * 남자의 경우 병역을 필하였거나 면제된 분 [",,[],engineering_hw,"[""rnd""]",[],[],[],manufacturing,unknown,large_corp,unknown,[],[],"두산그룹은 중공업, 건설, 에너지 등 다양한 사업 분야를 영위하는 글로벌 기업입니다.","두산그룹의 미래를 이끌어갈 글로벌 인재를 확보하고, 공학 계열의 전문성을 바탕으로 그룹의 성장에 기여할 인력을 양성하기 위함입니다.","본 채용은 두산그룹의 2026년 Global Talent 채용으로, 구체적인 모집 부문 및 담당 업무는 공고 이미지에 상세히 명시되어 있습니다. 일반적으로 공학 계열 전공자로서 그룹 내 다양한 기술 및 연구 개발 프로젝트에 참여하게 되며, 각 계열사의 핵심 사업 분야에서 전문성을 발휘할 기회가 주어집니다.","미국 또는 영미권 대학에서 공학 계열을 전공한 학사 및 석사 학위 소지자를 찾습니다. 신규 입사자의 경우 기졸업자 또는 2026년 12월 이내 졸업 예정자여야 하며, Global 장학생은 2026년 12월부터 2029년 12월 이내 졸업 예정자여야 합니다. 해외여행에 결격사유가 없어야 하며, 남성의 경우 병역을 필하였거나 면제된 분을 선호합니다.",[],"회사: 두산그룹은 중공업, 건설, 에너지 등 다양한 사업 분야를 영위하는 글로벌 기업입니다.
직무 목적: 두산그룹의 미래를 이끌어갈 글로벌 인재를 확보하고, 공학 계열의 전문성을 바탕으로 그룹의 성장에 기여할 인력을 양성하기 위함입니다.
주요 업무: 본 채용은 두산그룹의 2026년 Global Talent 채용으로, 구체적인 모집 부문 및 담당 업무는 공고 이미지에 상세히 명시되어 있습니다. 일반적으로 공학 계열 전공자로서 그룹 내 다양한 기술 및 연구 개발 프로젝트에 참여하게 되며, 각 계열사의 핵심 사업 분야에서 전문성을 발휘할 기회가 주어집니다.
인재상: 미국 또는 영미권 대학에서 공학 계열을 전공한 학사 및 석사 학위 소지자를 찾습니다. 신규 입사자의 경우 기졸업자 또는 2026년 12월 이내 졸업 예정자여야 하며, Global 장학생은 2026년 12월부터 2029년 12월 이내 졸업 예정자여야 합니다. 해외여행에 결격사유가 없어야 하며, 남성의 경우 병역을 필하였거나 면제된 분을 선호합니다.",new,job_posting,두산그룹의 2026년 Global Talent 채용은 미국 및 영미권 대학 공학 계열 학사/석사 졸업 예정자를 대상으로 하는 신입 채용 프로그램입니다.,"[""low_signal""]"
311540,SK키파운드리,[SK키파운드리] 환경안전(SHE) 분야 신입 채용,NEW,"[SK키파운드리] 환경안전(SHE) 분야 신입 채용 [담당 업무 및 역할] - 중대재해처벌법 안전보건관리체계 운영 지원 - 사고조사 및 재발방지대책 이행 관리 - 안전보건지표 통합관리 - 내부 점검 및 감사 대응을 위한 자료 준비 및 운영 지원 [지원자격] - 학사 학위 이상 (안전공학 등 이공계 전공) - 문서 작성 능력 (보고서, 데이터 정리 등) - ISO 45001 (안전보건경영시스템) 관련 지식 보유 [","환경안전(SHE) | 전기/소방/통신/안전 | 건설 | 시설관리 | 건설안전 | 소방방재 | 통신설비 | 자발적으로 최고 수준의 목표를 세우고 끈질기게 성취한 경험에 대해 서술해 주십시오. | 팀워크를 발휘해 사람들을 연결하고 공동 목표 달성에 기여한 경험에 대해 서술해 주세요. | 지원하신 직무 분야의 전문성을 키우기 위해 꾸준히 노력한 경험에 대해 서술해 주세요. | 지원자님은 어떤 사람인가요? 본 문항은 자유롭게 여러분을 표현할 수 있는 자율 문항입니다. 지원자님을 가장 잘 나타낼수 있는 해시태그(#)를 포함하여, 남들과는 다른 특별한 가치관, 개성, 강점 등을 자유롭게 표현해 주세요. | 본인의 연구 과제 또는 경력 사항에 대해 상세히 기술하여 주세요. | [SK키파운드리] 환경안전(SHE) 분야 신입 채용",[],quality,"[""engineering_hw"", ""infrastructure_eng""]","[""환경안전(SHE)"", ""전기/소방/통신/안전"", ""건설"", ""시설관리"", ""건설안전"", ""소방방재"", ""통신설비""]","[""문서 작성 능력"", ""ISO 45001""]",[],semiconductor,unknown,large_corp,unknown,"[""프로젝트"", ""대외활동"", ""교내동아리""]","[""문제해결 능력"", ""협업·팀워크"", ""학습·성장 역량""]",SK키파운드리는 반도체 파운드리 사업을 영위하는 회사입니다.,"이 직무는 중대재해처벌법에 따른 안전보건관리체계를 운영하고 사고를 예방하며, 안전보건 지표를 관리하여 사업장의 안전을 확보하는 데 기여합니다.","중대재해처벌법에 따른 안전보건관리체계 운영을 지원하며, 발생 가능한 사고를 조사하고 재발 방지 대책을 수립 및 이행을 관리합니다. 또한, 안전보건 관련 지표를 통합적으로 관리하고, 내부 점검 및 감사에 대응하기 위한 필요한 자료를 준비하고 운영을 지원하는 역할을 수행합니다.","안전공학 등 이공계 학사 학위 이상 소지자로, 보고서 작성 및 데이터 정리 등 뛰어난 문서 작성 능력을 갖추어야 합니다. ISO 45001 안전보건경영시스템 관련 지식을 보유한 분을 선호합니다. 자발적으로 높은 목표를 설정하고 끈질기게 성취하며, 팀워크를 발휘하여 공동 목표 달성에 기여할 수 있는 인재를 찾습니다. 지원 직무 분야의 전문성을 꾸준히 키우기 위해 노력하는 자세와 함께 자신만의 특별한 가치관과 강점을 자유롭게 표현할 수 있는 분을 환영합니다.",[],"회사: SK키파운드리는 반도체 파운드리 사업을 영위하는 회사입니다.
직무 목적: 이 직무는 중대재해처벌법에 따른 안전보건관리체계를 운영하고 사고를 예방하며, 안전보건 지표를 관리하여 사업장의 안전을 확보하는 데 기여합니다.
주요 업무: 중대재해처벌법에 따른 안전보건관리체계 운영을 지원하며, 발생 가능한 사고를 조사하고 재발 방지 대책을 수립 및 이행을 관리합니다. 또한, 안전보건 관련 지표를 통합적으로 관리하고, 내부 점검 및 감사에 대응하기 위한 필요한 자료를 준비하고 운영을 지원하는 역할을 수행합니다.
인재상: 안전공학 등 이공계 학사 학위 이상 소지자로, 보고서 작성 및 데이터 정리 등 뛰어난 문서 작성 능력을 갖추어야 합니다. ISO 45001 안전보건경영시스템 관련 지식을 보유한 분을 선호합니다. 자발적으로 높은 목표를 설정하고 끈질기게 성취하며, 팀워크를 발휘하여 공동 목표 달성에 기여할 수 있는 인재를 찾습니다. 지원 직무 분야의 전문성을 꾸준히 키우기 위해 노력하는 자세와 함께 자신만의 특별한 가치관과 강점을 자유롭게 표현할 수 있는 분을 환영합니다.",new,job_posting,SK키파운드리에서 중대재해처벌법 대응 및 안전보건관리체계 운영을 담당할 신입 환경안전(SHE) 전문가를 채용합니다.,[]
311538,네이버웹툰,[네이버웹툰] 글로벌 웹툰 Creative Video 제작 (체험형 인턴),INTERN,"[네이버웹툰] 글로벌 웹툰 Creative Video 제작 (체험형 인턴) [담당 업무] - 글로벌 웹툰 서비스에서 웹툰 숏폼 영상 제작 및 신규 프로덕트 필요한 영상 지원 - 담당 언어에 대한 영상 베리에이션 [필요 역량] - Adobe Premiere Pro, After Effects, Photoshop 등 다양한 디자인 및 영상 편집 툴을 원활하게 활용할 수 있는 분 - 웹툰 및 만화 콘텐츠에 대한 높은 애정과 이해도를 보유하신 분 - 영문 콘텐츠를 읽고 맥락을 정확히 파악하여 제작에 반영할 수 있는 분 - 최소 3개월 동안 full-time 근무 가능하신 분 (근무 기간은 3~6개월로 협의 가능) [우대 사항] - 웹툰/애니/게임 감성의 리터칭, 이펙트 스킬 및 일러스트레이션 등의 작화에 경험이나 이해도가 있으신 분 - 글로벌 웹툰에 관심이 있으신 분 - 새로운 영상 편집 기술 도전에 관심이 있으신 분 - 틱톡 운영 경험이 있으신 분","글로벌 웹툰 Creative Video 제작 | 콘텐츠/사이트운영 | IT/인터넷 | e-러닝운영 | 게시판관리 | 사이트운영 | 쇼핑몰 오픈마켓 | 카페 블로그관리 | 컨텐츠운영 | 컨텐츠제작 | [필수] 지원자의 경험을 중심으로 지원 동기를 작성해 주세요. | [필수] 사용 가능한 영상 제작 Tool과 해당 Tool을 통해 영상을 제작해 본 경험에 대해 설명해 주세요. 그리고 이 직무를 수행하는 데 있어서 본인의 강점을 말씀해 주세요. | [필수] 웹툰 사용 경험을 바탕으로 가장 추천하고 싶은 웹툰과 그 이유를 설명해주세요. 그리고 다른 사람에게 어떤 방식으로 해당 웹툰을 추천하고 싶은 지 설명해 주세요. | [필수] 업무/프로젝트를 진행할 때 가장 중요하게 생각하는 부분은 무엇인 지 자유롭게 서술해 주세요. | [선택] 영상 제작 관련하여 본인의 장점이나 경쟁력을 나타낼 수 있는 자료를 자유롭게 제출해 주세요. *채용과 무관한 개인정보(본인 사진, 거주지 주소, 결혼여부, 연봉정보 등)는 제외해 주세요. *공개가 어려운 대외비 자료 등은 제외해주세요. | [네이버웹툰] 글로벌 웹툰 Creative Video 제작 (체험형 인턴)",[],design,"[""marketing""]","[""글로벌 웹툰 Creative Video 제작""]","[""Adobe Premiere Pro"", ""After Effects"", ""Photoshop"", ""영어""]","[""리터칭"", ""이펙트 스킬"", ""일러스트레이션"", ""작화"", ""틱톡 운영""]",media_entertainment,unknown,large_corp,office,"[""프로젝트""]","[""정보수집·분석 역량"", ""학습·성장 역량""]",네이버웹툰은 글로벌 웹툰 서비스를 제공하며 다양한 웹툰 콘텐츠를 통해 사용자들에게 즐거움을 선사합니다.,글로벌 웹툰 서비스의 숏폼 영상 제작 및 신규 프로덕트 영상 지원을 통해 웹툰 콘텐츠의 매력을 효과적으로 전달하고 사용자 경험을 향상시키는 역할을 수행합니다.,"글로벌 웹툰 서비스에서 웹툰 숏폼 영상을 기획하고 제작하며, 신규 프로덕트에 필요한 영상 콘텐츠를 지원합니다. 담당 언어에 맞춰 영상 베리에이션 작업을 수행하며, Adobe Premiere Pro, After Effects, Photoshop 등 다양한 디자인 및 영상 편집 툴을 활용하여 고품질의 영상을 만듭니다.","Adobe Premiere Pro, After Effects, Photoshop 등 다양한 디자인 및 영상 편집 툴을 원활하게 활용할 수 있는 분을 찾습니다. 웹툰 및 만화 콘텐츠에 대한 높은 애정과 이해도를 보유하고 영문 콘텐츠의 맥락을 정확히 파악하여 제작에 반영할 수 있어야 합니다. 웹툰/애니/게임 감성의 리터칭, 이펙트 스킬 및 일러스트레이션 등의 작화 경험이나 이해도가 있는 분을 우대하며, 글로벌 웹툰과 새로운 영상 편집 기술 도전에 관심이 있고 틱톡 운영 경험이 있는 분을 환영합니다.",[],"회사: 네이버웹툰은 글로벌 웹툰 서비스를 제공하며 다양한 웹툰 콘텐츠를 통해 사용자들에게 즐거움을 선사합니다.
직무 목적: 글로벌 웹툰 서비스의 숏폼 영상 제작 및 신규 프로덕트 영상 지원을 통해 웹툰 콘텐츠의 매력을 효과적으로 전달하고 사용자 경험을 향상시키는 역할을 수행합니다.
주요 업무: 글로벌 웹툰 서비스에서 웹툰 숏폼 영상을 기획하고 제작하며, 신규 프로덕트에 필요한 영상 콘텐츠를 지원합니다. 담당 언어에 맞춰 영상 베리에이션 작업을 수행하며, Adobe Premiere Pro, After Effects, Photoshop 등 다양한 디자인 및 영상 편집 툴을 활용하여 고품질의 영상을 만듭니다.
인재상: Adobe Premiere Pro, After Effects, Photoshop 등 다양한 디자인 및 영상 편집 툴을 원활하게 활용할 수 있는 분을 찾습니다. 웹툰 및 만화 콘텐츠에 대한 높은 애정과 이해도를 보유하고 영문 콘텐츠의 맥락을 정확히 파악하여 제작에 반영할 수 있어야 합니다. 웹툰/애니/게임 감성의 리터칭, 이펙트 스킬 및 일러스트레이션 등의 작화 경험이나 이해도가 있는 분을 우대하며, 글로벌 웹툰과 새로운 영상 편집 기술 도전에 관심이 있고 틱톡 운영 경험이 있는 분을 환영합니다.",intern,internship_program,네이버웹툰 글로벌 웹툰 서비스의 숏폼 영상 제작 및 영상 지원을 담당할 체험형 인턴을 모집합니다.,[]
311537,현대모비스,2026 상반기 현대모비스 장학전환인턴,INTERN,2026 상반기 현대모비스 장학전환인턴 [모집기간] - 3/30(월) 11:00 ~ 4/16(목) 15:00 [모집분야] - 전장(SW/로직) - 반도체 (HW) - FTCI(R&D) [지원자격] - 대학교 3-4학년 재 휴학생 (26년 여름방학 기준 5~7학기 수료생) 현재 학기 종료 이후 졸업까지 잔여 학기가 1학기 이상 남은 재 휴학생 모두 지원 가능 26년 8월 졸업 예정이신 분들은 신입 지원 공고로 지원 부탁드립니다. - 해외여행에 결격 사유가 없으신 분 (남자는 병역필 또는 면제 인원) [,"2026 상반기 현대모비스 장학전환인턴 | 연구개발/설계 | 자동차/조선/기계 | 반도체/디스플레이 | 화학/에너지/환경 | 전기/전자/제어 | 기계설계/CAD/CAM | 통신기술/네트워크구축 | 바이오/제약/식품 | 자동차 | 조선 | 기계 | 반도체 | 디스플레이 | 화학 | 에너지 | 환경 | 화장품 | 전기/전기설비 | 전자 | 공정/품질/테스트 | 기계설계 | CAD | CAM | 바이오 | 제약 | 의약품 | 식품가공/개발 | 1. 현대모비스 장학생 선발이 본인에게 갖는 의미와, 지원 직무 수행에 있어 본인의 차별화된 강점을 구체적으로 서술해주세요. Please describe what being selected as a Hyundai Mobis R&D Scholarship recipient means to you and your key strengths for the role. | 2. 인생에서 가장 큰 성취 경험과, 그 경험을 통해 배운 점을 서술해주세요. Please describe your greatest achievement and what you learned from it. | 3. 공동의 목표를 달성하기 위해 헌신했던 경험을 기술하고, 좋은 동료란 무엇이라고 생각하는지 서술해주세요. Please describe an experience where you worked toward a shared goal and what you consider a good colleague. | 4. 졸업 전까지의 학업 계획을 자유롭게 서술해주세요. Please describe your academic plan until graduation.",[],software_dev,"[""engineering_hw"", ""semiconductor""]","[""전장(SW/로직)"", ""반도체 (HW)"", ""FTCI(R&D)""]","[""SW 개발"", ""로직 설계"", ""하드웨어 설계""]",[],automotive,unknown,large_corp,office,"[""인턴"", ""프로젝트""]","[""문제해결 능력"", ""실행력·업무처리 능력"", ""협업·팀워크"", ""커뮤니케이션 역량"", ""학습·성장 역량""]","현대모비스는 현대자동차그룹의 핵심 계열사로, 자동차 부품 및 모듈 제조와 첨단 기술 연구개발을 통해 미래 모빌리티 솔루션을 제공하는 글로벌 기업입니다.","이 장학전환인턴십은 현대모비스의 미래 연구개발 인재를 조기에 발굴하고 육성하여, 전장 소프트웨어, 반도체 하드웨어 등 핵심 기술 분야의 역량을 강화하는 데 기여합니다.","지원자는 전장 소프트웨어 및 로직 개발, 반도체 하드웨어 설계 및 개발, 그리고 FTCI 분야의 연구개발 업무를 수행하게 됩니다. 구체적으로는 자동차 전장 시스템의 소프트웨어 아키텍처를 설계하고 로직을 구현하며, 차량용 반도체 부품의 하드웨어 회로를 설계하고 검증하는 활동을 포함합니다. 또한, 미래 기술 연구개발 프로젝트에 참여하여 혁신적인 솔루션을 탐색하고 개발하는 역할을 담당합니다.","대학교 3-4학년 재학생 또는 휴학생으로, 졸업까지 1학기 이상 남은 분들이 지원 가능합니다. 해외여행에 결격 사유가 없어야 하며, 남성의 경우 병역을 필하거나 면제된 인원이어야 합니다. 지원 직무 수행에 필요한 차별화된 강점과 함께, 인생에서 큰 성취를 이룬 경험을 통해 배운 점을 갖춘 인재를 찾습니다. 공동의 목표 달성을 위해 헌신하고 좋은 동료의 가치를 아는 협업 역량을 중요하게 평가하며, 명확한 학업 계획을 통해 지속적으로 성장하고자 하는 의지를 가진 분을 선호합니다.",[],"회사: 현대모비스는 현대자동차그룹의 핵심 계열사로, 자동차 부품 및 모듈 제조와 첨단 기술 연구개발을 통해 미래 모빌리티 솔루션을 제공하는 글로벌 기업입니다.
직무 목적: 이 장학전환인턴십은 현대모비스의 미래 연구개발 인재를 조기에 발굴하고 육성하여, 전장 소프트웨어, 반도체 하드웨어 등 핵심 기술 분야의 역량을 강화하는 데 기여합니다.
주요 업무: 지원자는 전장 소프트웨어 및 로직 개발, 반도체 하드웨어 설계 및 개발, 그리고 FTCI 분야의 연구개발 업무를 수행하게 됩니다. 구체적으로는 자동차 전장 시스템의 소프트웨어 아키텍처를 설계하고 로직을 구현하며, 차량용 반도체 부품의 하드웨어 회로를 설계하고 검증하는 활동을 포함합니다. 또한, 미래 기술 연구개발 프로젝트에 참여하여 혁신적인 솔루션을 탐색하고 개발하는 역할을 담당합니다.
인재상: 대학교 3-4학년 재학생 또는 휴학생으로, 졸업까지 1학기 이상 남은 분들이 지원 가능합니다. 해외여행에 결격 사유가 없어야 하며, 남성의 경우 병역을 필하거나 면제된 인원이어야 합니다. 지원 직무 수행에 필요한 차별화된 강점과 함께, 인생에서 큰 성취를 이룬 경험을 통해 배운 점을 갖춘 인재를 찾습니다. 공동의 목표 달성을 위해 헌신하고 좋은 동료의 가치를 아는 협업 역량을 중요하게 평가하며, 명확한 학업 계획을 통해 지속적으로 성장하고자 하는 의지를 가진 분을 선호합니다.",intern,internship_program,"현대모비스 2026 상반기 장학전환인턴십은 전장 SW, 반도체 HW, FTCI R&D 분야의 미래 핵심 인재를 발굴하고 육성하는 프로그램입니다.",[]
311487,산림항공본부,[산림항공본부] 2026년 산림항공본부 청년인턴(인턴02) 채용 재공고,INTERN,[산림항공본부] 2026년 산림항공본부 청년인턴(인턴02) 채용 재공고 [담당업무] 행정지원팀 업무 보조 - 우편업무 보조 및 행정업무 지원 - 유관기관 이전 공공기관 관련 등 항공지원과 행사 보조 - 청사시설물 및 용역관리 보조 기타 고용인이 지정하는 업무 [모집기간] 04월 03일 ~ 04월 08일 [채용공고],"행정 | 경영/사무 | 기획/전략/경영 | 사무/총무/법무 | 인사/노무/교육 | 경리/회계/결산 | 재무/세무/IR | 사무보조/문서작성 | 지원 동기 및 진로 계획 - 해당 기관 및 직무에 지원하게 된 계기 - 향후 어떤 일을 하고 싶은지, 이 인턴 경험이 진로에 어떻게 도움이 되는지 서술 | 직무 관련 전문성 획득을 위한 활동 내용 - 지원한 분야 직무를 수행하는 데 필요한 지식이나 능력을 갖추기 위해 어떤 활동 및 노력을 해왔는지 구체적으로 서술 - 출신학교, 자격증, 시험(어학 등)성적 등은 언급하지 말고 행동과 경험 중심으로 작성 | 문제 해결 경험 - 일상생활, 학교, 아르바이트, 동아리 등 다양한 상황에서 문제를 인식하고 해결했던 경험 서술 - 어떤 방식으로 해결했는지와 그 결과가 어땠는지 중심으로 서술 | 소통 및 협업 능력 - 타인과 협력하여 성과를 낸 경험 서술 | 기대하는 점 및 각오 - 인턴십을 통해 배우고 싶은 점과 어떤 자세로 임할 것인지 서술 | [산림항공본부] 2026년 산림항공본부 청년인턴(인턴02) 채용 재공고",[],management_support,[],"[""청년인턴"", ""행정지원팀 업무 보조""]",[],[],public_ngo,unknown,public_org,unknown,"[""인턴"", ""프로젝트"", ""아르바이트"", ""교내동아리"", ""대외활동""]","[""문제해결 능력"", ""커뮤니케이션 역량"", ""협업·팀워크""]",산림항공본부는 산림 관련 항공 업무를 수행하는 공공기관입니다.,"이 인턴십은 산림항공본부의 행정지원팀에서 다양한 행정 업무를 보조하며, 청년들이 공공기관의 실무 경험을 쌓고 직무 역량을 개발할 수 있도록 돕기 위해 마련되었습니다.","주요 업무는 행정지원팀의 전반적인 업무를 보조하는 것입니다. 구체적으로는 우편 업무를 처리하고 일반 행정 업무를 지원하며, 유관기관과의 협력 및 공공기관 관련 행사 보조 역할을 수행합니다. 또한, 청사 시설물 및 용역 관리를 보조하고, 고용인이 지정하는 기타 업무를 처리하게 됩니다.","지원자는 해당 기관 및 직무에 대한 명확한 지원 동기와 진로 계획을 가지고 있어야 합니다. 지원 분야 직무 수행에 필요한 지식이나 능력을 갖추기 위한 활동 및 노력을 구체적인 행동과 경험 중심으로 서술할 수 있는 인재를 찾습니다. 일상생활, 학교, 아르바이트, 동아리 등 다양한 상황에서 문제를 인식하고 해결했던 경험과 그 결과를 명확히 제시할 수 있어야 합니다. 또한, 타인과 협력하여 성과를 낸 경험을 통해 소통 및 협업 능력을 보여줄 수 있는 인재를 우대합니다. 인턴십을 통해 배우고 싶은 점과 임하는 자세를 적극적으로 표현할 수 있는 지원자를 기대합니다.",[],"회사: 산림항공본부는 산림 관련 항공 업무를 수행하는 공공기관입니다.
직무 목적: 이 인턴십은 산림항공본부의 행정지원팀에서 다양한 행정 업무를 보조하며, 청년들이 공공기관의 실무 경험을 쌓고 직무 역량을 개발할 수 있도록 돕기 위해 마련되었습니다.
주요 업무: 주요 업무는 행정지원팀의 전반적인 업무를 보조하는 것입니다. 구체적으로는 우편 업무를 처리하고 일반 행정 업무를 지원하며, 유관기관과의 협력 및 공공기관 관련 행사 보조 역할을 수행합니다. 또한, 청사 시설물 및 용역 관리를 보조하고, 고용인이 지정하는 기타 업무를 처리하게 됩니다.
인재상: 지원자는 해당 기관 및 직무에 대한 명확한 지원 동기와 진로 계획을 가지고 있어야 합니다. 지원 분야 직무 수행에 필요한 지식이나 능력을 갖추기 위한 활동 및 노력을 구체적인 행동과 경험 중심으로 서술할 수 있는 인재를 찾습니다. 일상생활, 학교, 아르바이트, 동아리 등 다양한 상황에서 문제를 인식하고 해결했던 경험과 그 결과를 명확히 제시할 수 있어야 합니다. 또한, 타인과 협력하여 성과를 낸 경험을 통해 소통 및 협업 능력을 보여줄 수 있는 인재를 우대합니다. 인턴십을 통해 배우고 싶은 점과 임하는 자세를 적극적으로 표현할 수 있는 지원자를 기대합니다.",intern,internship_program,"산림항공본부 행정지원팀에서 우편, 행정, 행사 보조 등 다양한 업무를 수행할 청년인턴을 채용합니다.",[]
311485,서해지방해양경찰청,[서해지방해양경찰청] 2026년 서해지방해양경찰청 청년인턴 채용 재공고,INTERN,"[서해지방해양경찰청] 2026년 서해지방해양경찰청 청년인턴 채용 재공고 [담당업무] ㅇ 회의, 행사, 기록물 관리 등 업무지원 ㅇ 정책홍보, 디지털콘텐츠 제작, 사회관계망 운영 등 홍보업무 ㅇ 전산, 통계, 데이터정보 등 관리 지원 ㅇ 정책현장 방문 및 의견수렴 과정 참여 ㅇ 기타 행정업무 지원 [모집기간] 03월 27일 ~ 04월 01일 [채용공고]","행정 - 완도해양경찰서 | 경영/사무 | 기획/전략/경영 | 사무/총무/법무 | 인사/노무/교육 | 경리/회계/결산 | 재무/세무/IR | 사무보조/문서작성 | 지원 동기 및 진로 계획 - 해당 기관 및 직무에 지원하게 된 계기 - 향후 어떤 일을 하고 싶은지, 이 인턴 경험이 진로에 어떻게 도움이 되는지 서술 | 직무 관련 전문성 획득을 위한 활동 내용 - 지원한 분야 직무를 수행하는 데 필요한 지식이나 능력을 갖추기 위해 어떤 활동 및 노력을 해왔는지 구체적으로 서술 - 출신학교, 자격증, 시험(어학 등)성적 등은 언급하지 말고 행동과 경험 중심으로 작성 | 문제 해결 경험 - 일상생활, 학교, 아르바이트, 동아리 등 다양한 상황에서 문제를 인식하고 해결했던 경험 서술 - 어떤 방식으로 해결했는지와 그 결과가 어땠는지 중심으로 서술 | 소통 및 협업 능력 - 타인과 협력하여 성과를 낸 경험 서술 | 기대하는 점 및 각오 - 인턴십을 통해 배우고 싶은 점과 어떤 자세로 임할 것인지 서술 | [서해지방해양경찰청] 2026년 서해지방해양경찰청 청년인턴 채용 재공고 | 행정 - 군산해양경찰서",[],management_support,"[""marketing""]","[""행정 - 완도해양경찰서"", ""행정 - 군산해양경찰서""]",[],[],public_ngo,"완도, 군산",public_org,office,"[""아르바이트"", ""교내동아리"", ""교내 프로젝트"", ""인턴""]","[""문제해결 능력"", ""커뮤니케이션 역량"", ""협업·팀워크"", ""학습·성장 역량""]",서해지방해양경찰청은 서해 지역의 해양 안전과 질서 유지를 담당하는 정부 기관입니다.,"청년인턴으로서 서해지방해양경찰청의 다양한 행정 업무를 지원하고, 정책 홍보 및 데이터 관리 등 실무 경험을 통해 공공 부문 직무 역량을 강화하는 기회를 제공합니다.","회의, 행사, 기록물 관리 등 일반적인 업무를 지원합니다. 정책 홍보를 위해 디지털 콘텐츠를 제작하고 사회관계망을 운영하는 업무를 수행합니다. 전산, 통계, 데이터 정보 관리 지원을 통해 효율적인 업무 환경을 조성합니다. 또한, 정책 현장을 방문하여 의견을 수렴하는 과정에 참여하고, 기타 다양한 행정 업무를 지원합니다.","지원한 직무에 필요한 지식과 능력을 갖추기 위해 노력해온 인재를 찾습니다. 일상생활, 학교, 아르바이트, 동아리 등 다양한 상황에서 문제를 인식하고 해결했던 경험이 중요하며, 타인과 협력하여 성과를 낸 경험이 있는 분을 우대합니다. 해당 기관 및 직무에 대한 명확한 지원 동기와 진로 계획을 가지고 인턴십을 통해 배우고 성장하려는 적극적인 자세를 가진 분을 환영합니다.",[],"회사: 서해지방해양경찰청은 서해 지역의 해양 안전과 질서 유지를 담당하는 정부 기관입니다.
직무 목적: 청년인턴으로서 서해지방해양경찰청의 다양한 행정 업무를 지원하고, 정책 홍보 및 데이터 관리 등 실무 경험을 통해 공공 부문 직무 역량을 강화하는 기회를 제공합니다.
주요 업무: 회의, 행사, 기록물 관리 등 일반적인 업무를 지원합니다. 정책 홍보를 위해 디지털 콘텐츠를 제작하고 사회관계망을 운영하는 업무를 수행합니다. 전산, 통계, 데이터 정보 관리 지원을 통해 효율적인 업무 환경을 조성합니다. 또한, 정책 현장을 방문하여 의견을 수렴하는 과정에 참여하고, 기타 다양한 행정 업무를 지원합니다.
인재상: 지원한 직무에 필요한 지식과 능력을 갖추기 위해 노력해온 인재를 찾습니다. 일상생활, 학교, 아르바이트, 동아리 등 다양한 상황에서 문제를 인식하고 해결했던 경험이 중요하며, 타인과 협력하여 성과를 낸 경험이 있는 분을 우대합니다. 해당 기관 및 직무에 대한 명확한 지원 동기와 진로 계획을 가지고 인턴십을 통해 배우고 성장하려는 적극적인 자세를 가진 분을 환영합니다.",intern,internship_program,"서해지방해양경찰청에서 행정 업무 지원, 홍보, 데이터 관리 등을 담당할 청년인턴을 채용합니다.",[]
311473,PTKOREA,[PTKOREA] 채용 운영 업무 지원 (인턴),INTERN,[PTKOREA] 채용 운영 업무 지원 (인턴) [담당업무] - 전사 채용 오퍼레이션 지원 - 채용 프로세스 플랫폼 지원 (에이치닷) - 기타 채용 업무 지원 (공채 운영 지원 등) [ 모집기간 ] 03월 27일 ~ 04월 10일 [채용공고],"채용 운영 업무 지원 (인턴) | 경영/사무 | 기획/전략/경영 | 사무/총무/법무 | 인사/노무/교육 | 경리/회계/결산 | 재무/세무/IR | 사무보조/문서작성 | 1. PTKOREA 지원동기 및 본인을 소개할 내용을 자유롭게 기술하시오.(ex. 자기소개, 직무 역량, 장단점, 해외경험 등/선택 기술) (최소 200자, 최대 2,000자 입력가능) | [PTKOREA] 채용 운영 업무 지원 (인턴)",[],hr,"[""management_support"", ""planning_strategy""]","[""채용 운영 업무 지원""]",[],[],unknown,unknown,unknown,unknown,"[""인턴""]","[""실행력·업무처리 능력"", ""협업·팀워크""]","PTKOREA는 채용 운영 업무를 담당하는 기업으로, 전사 채용 프로세스 지원을 통해 인재 확보에 기여합니다.",이 직무는 PTKOREA의 전사 채용 오퍼레이션을 지원하고 채용 프로세스 플랫폼을 관리하여 효율적인 인재 채용에 기여합니다.,"전사 채용 오퍼레이션을 지원하며, 채용 프로세스 플랫폼인 에이치닷을 활용하여 시스템을 관리합니다. 또한, 공채 운영 지원을 포함한 기타 채용 관련 업무를 수행합니다.",채용 운영 업무 지원에 필요한 꼼꼼함과 책임감을 갖춘 인재를 찾습니다. 채용 프로세스에 대한 이해와 플랫폼 활용 능력이 있다면 업무에 빠르게 적응할 수 있습니다.,[],"회사: PTKOREA는 채용 운영 업무를 담당하는 기업으로, 전사 채용 프로세스 지원을 통해 인재 확보에 기여합니다.
직무 목적: 이 직무는 PTKOREA의 전사 채용 오퍼레이션을 지원하고 채용 프로세스 플랫폼을 관리하여 효율적인 인재 채용에 기여합니다.
주요 업무: 전사 채용 오퍼레이션을 지원하며, 채용 프로세스 플랫폼인 에이치닷을 활용하여 시스템을 관리합니다. 또한, 공채 운영 지원을 포함한 기타 채용 관련 업무를 수행합니다.
인재상: 채용 운영 업무 지원에 필요한 꼼꼼함과 책임감을 갖춘 인재를 찾습니다. 채용 프로세스에 대한 이해와 플랫폼 활용 능력이 있다면 업무에 빠르게 적응할 수 있습니다.",intern,internship_program,PTKOREA에서 전사 채용 운영 및 플랫폼 지원 업무를 담당할 인턴을 모집합니다.,"[""short_text"", ""low_signal""]"
311471,지멘스,[지멘스] 인사부 업무지원 인턴,INTERN,"[지멘스] 인사부 업무지원 인턴 [담당업무] 1. Support P&O administration work - Update and maintain P&O information records in Workday, SAP, and etc. - Release a weekly up-to date employee master data - Issue certificate of employment 2. Support TA administration work - Support onboarding process (ex. newcomer guide and welcome e-mail) - Share newcomers and retirees list to related department 3. Support T&E and P&O System work - User administration: role provisioning, defining & controlling security access - Handling and solving of system and process related incidents 4. Support payment work - Register 3rd party vendor - Tax invoice processing related with general affairs - Monthly payment life cycle (GR/IR, JV Allocation back data, etc.) 5. Support Global Mobility service a. Korea inbound travelers - Issue invitation letters - Checking immigration regulations for business travelers entering Korea - Short-term visa consulting b. Outbound travelers from Korea - Issue Dispatch order - Apply CoC letter 6. ad-hoc support upon request by GBS H2R and P&O team [ [채용공고]",,[],hr,[],"[""인사부 업무지원 인턴""]","[""Workday"", ""SAP""]",[],manufacturing,서울,foreign_corp,office,"[""인턴""]","[""실행력·업무처리 능력"", ""문제해결 능력"", ""협업·팀워크""]",지멘스는 전 세계적으로 다양한 산업 분야에서 활동하는 글로벌 기술 기업입니다.,"이 인턴십은 인사부의 P&O, 채용, 시스템, 결제 및 글로벌 이동성 관련 행정 업무를 지원하여 원활한 인사 운영에 기여하는 것을 목표로 합니다.","P&O 정보 기록을 Workday, SAP 등 시스템에 업데이트하고 유지하며, 주간 직원 마스터 데이터를 발행하고 재직 증명서를 발급합니다. 신규 입사자 온보딩 프로세스를 지원하고 관련 부서에 신규 입사자 및 퇴직자 목록을 공유합니다. T&E 및 P&O 시스템 사용자 관리, 역할 부여, 보안 접근 제어 및 시스템/프로세스 관련 문제 해결을 담당합니다. 제3자 공급업체 등록, 일반 업무 관련 세금 계산서 처리, 월별 결제 주기 관리(GR/IR, JV Allocation back data 등)를 수행합니다. 한국 입국 비즈니스 여행객을 위한 초대장 발급, 이민 규정 확인 및 단기 비자 컨설팅을 제공하고, 한국 출국 여행객을 위한 파견 명령서 발급 및 CoC 레터 신청을 지원하며, GBS H2R 및 P&O 팀의 요청에 따라 수시 지원 업무를 수행합니다.","인사 행정 업무에 대한 이해와 Workday, SAP 등 시스템 활용 능력을 갖춘 인재를 찾습니다. 정확하고 꼼꼼하게 데이터를 관리하고, 온보딩 및 글로벌 이동성 지원 등 다양한 HR 업무를 효과적으로 처리할 수 있어야 합니다. 시스템 관련 문제 해결 능력과 팀 요청에 유연하게 대응하는 자세가 중요합니다.",[],"회사: 지멘스는 전 세계적으로 다양한 산업 분야에서 활동하는 글로벌 기술 기업입니다.
직무 목적: 이 인턴십은 인사부의 P&O, 채용, 시스템, 결제 및 글로벌 이동성 관련 행정 업무를 지원하여 원활한 인사 운영에 기여하는 것을 목표로 합니다.
주요 업무: P&O 정보 기록을 Workday, SAP 등 시스템에 업데이트하고 유지하며, 주간 직원 마스터 데이터를 발행하고 재직 증명서를 발급합니다. 신규 입사자 온보딩 프로세스를 지원하고 관련 부서에 신규 입사자 및 퇴직자 목록을 공유합니다. T&E 및 P&O 시스템 사용자 관리, 역할 부여, 보안 접근 제어 및 시스템/프로세스 관련 문제 해결을 담당합니다. 제3자 공급업체 등록, 일반 업무 관련 세금 계산서 처리, 월별 결제 주기 관리(GR/IR, JV Allocation back data 등)를 수행합니다. 한국 입국 비즈니스 여행객을 위한 초대장 발급, 이민 규정 확인 및 단기 비자 컨설팅을 제공하고, 한국 출국 여행객을 위한 파견 명령서 발급 및 CoC 레터 신청을 지원하며, GBS H2R 및 P&O 팀의 요청에 따라 수시 지원 업무를 수행합니다.
인재상: 인사 행정 업무에 대한 이해와 Workday, SAP 등 시스템 활용 능력을 갖춘 인재를 찾습니다. 정확하고 꼼꼼하게 데이터를 관리하고, 온보딩 및 글로벌 이동성 지원 등 다양한 HR 업무를 효과적으로 처리할 수 있어야 합니다. 시스템 관련 문제 해결 능력과 팀 요청에 유연하게 대응하는 자세가 중요합니다.",intern,internship_program,"지멘스 인사부에서 P&O, 채용, 시스템, 결제 및 글로벌 이동성 관련 행정 업무를 지원할 인턴을 모집합니다.",[]
311470,은행연합회,[은행연합회] 사무보조 모집 (인턴),INTERN,"[은행연합회] 사무보조 모집 (인턴) ~ 2026-04-26 모집부문 및 상세내용 사무보조 채용 형태 - 인턴 담당업무 사무보조, 사무관리, 일반사무, (전산)자료입력 등 자격요건 학력 학력무관 근무조건 급여 회사 내규에 따름 길 19 은행연합회",사무보조 | 경영/사무 | 기획/전략/경영 | 사무/총무/법무 | 인사/노무/교육 | 경리/회계/결산 | 재무/세무/IR | 사무보조/문서작성 | 자유양식 입니다. | [은행연합회] 사무보조 모집 (인턴),[],management_support,"[""hr"", ""finance_investment"", ""planning_strategy""]","[""사무보조""]",[],[],finance_fintech,서울,public_org,office,"[""인턴""]","[""실행력·업무처리 능력"", ""정보수집·분석 역량""]",은행연합회는 국내 은행들의 공동 이익을 대변하고 금융 산업 발전에 기여하는 비영리 사단법인입니다.,"이 직무는 은행연합회에서 사무보조 및 일반 사무 업무를 수행하며, 조직의 원활한 운영과 효율적인 자료 관리를 지원하는 데 목적이 있습니다.","주요 업무는 사무보조로서 일반 사무 업무를 처리하고, 사무 관리를 수행하며, 전산 자료입력 등의 행정 지원을 포함합니다. 이를 통해 은행연합회의 일상적인 운영을 돕고, 필요한 정보를 체계적으로 관리하는 데 기여합니다.","학력 무관하게 지원 가능하며, 사무보조 및 일반 사무 업무에 대한 기본적인 이해와 성실한 태도를 갖춘 인재를 찾습니다. 특히 전산 자료입력 등 정확하고 꼼꼼한 업무 처리 능력이 중요합니다.",[],"회사: 은행연합회는 국내 은행들의 공동 이익을 대변하고 금융 산업 발전에 기여하는 비영리 사단법인입니다.
직무 목적: 이 직무는 은행연합회에서 사무보조 및 일반 사무 업무를 수행하며, 조직의 원활한 운영과 효율적인 자료 관리를 지원하는 데 목적이 있습니다.
주요 업무: 주요 업무는 사무보조로서 일반 사무 업무를 처리하고, 사무 관리를 수행하며, 전산 자료입력 등의 행정 지원을 포함합니다. 이를 통해 은행연합회의 일상적인 운영을 돕고, 필요한 정보를 체계적으로 관리하는 데 기여합니다.
인재상: 학력 무관하게 지원 가능하며, 사무보조 및 일반 사무 업무에 대한 기본적인 이해와 성실한 태도를 갖춘 인재를 찾습니다. 특히 전산 자료입력 등 정확하고 꼼꼼한 업무 처리 능력이 중요합니다.",intern,internship_program,은행연합회에서 일반 사무 및 자료입력 업무를 담당할 사무보조 인턴을 모집합니다.,"[""low_signal""]"
311469,신한투자증권,[신한투자증권] 대학생 체험형 인턴사원 공개채용_브랜드전략부,INTERN,"[신한투자증권] 대학생 체험형 인턴사원 공개채용_브랜드전략부 [담당업무] [ 브랜드전략부] - 유튜브 영상 콘텐츠 기획 및 편집 - 타이틀 그래픽, 영상 내 모션 그래픽 및 후반작업 - 이미지 편집 및 디자인 [모집기간] 03월 27일 ~ 03월 31일 [채용공고]",브랜드전략부 | 마케팅/PR/분석 | 마케팅/광고/홍보 | 마케팅전략/기획 | 광고기획 | 온라인마케팅 | 시장조사/분석 | 브랜드매니저 | 해외마케팅 | 언론홍보/PR | 설문/리서치 | 자기소개 | 증권업에 지원한 이유와 그 중 신한투자증권에 지원한 이유를 기술하시오. | 해당 직무에 지원한 이유 및 직무 수행을 위해 본인이 갖추고 있는 역량을 기술하시오. | 선택 사항 (상기 항목에서 기재하지 못한 내용 및 기타 사항을 자유롭게 기술) | [신한투자증권] 대학생 체험형 인턴사원 공개채용_브랜드전략부,[],marketing,"[""design"", ""planning_strategy""]","[""브랜드전략부"", ""마케팅/PR/분석"", ""마케팅전략/기획"", ""광고기획"", ""온라인마케팅"", ""시장조사/분석"", ""브랜드매니저"", ""언론홍보/PR""]","[""영상 기획"", ""영상 편집"", ""모션 그래픽"", ""이미지 편집"", ""디자인""]",[],finance_fintech,서울,large_corp,office,"[""프로젝트""]","[""전략·기획 역량"", ""창의·혁신 역량"", ""정보수집·분석 역량""]","신한투자증권은 국내 주요 증권사 중 하나로, 고객에게 다양한 금융 투자 서비스를 제공하고 있습니다.","브랜드전략부에서 유튜브 영상 콘텐츠 기획 및 편집, 디자인 업무를 지원하여 신한투자증권의 브랜드 이미지를 강화하고 대외 소통을 활성화하는 데 기여합니다.","브랜드전략부에서 유튜브 영상 콘텐츠를 기획하고 편집하는 업무를 수행합니다. 구체적으로는 타이틀 그래픽 제작, 영상 내 모션 그래픽 삽입 및 전반적인 후반작업을 담당하게 됩니다. 또한, 다양한 마케팅 목적에 맞는 이미지 편집 및 디자인 작업을 통해 신한투자증권의 브랜드 이미지를 효과적으로 구축하고 강화하는 데 기여합니다.","유튜브 영상 콘텐츠 기획 및 편집에 대한 이해와 경험을 가진 인재를 찾습니다. 타이틀 그래픽, 모션 그래픽, 후반작업 등 영상 제작 기술을 보유하고, 이미지 편집 및 디자인 역량을 갖춘 분을 우대합니다. 증권업에 대한 관심과 브랜드 전략에 대한 열정을 가진 분이라면 좋습니다.",[],"회사: 신한투자증권은 국내 주요 증권사 중 하나로, 고객에게 다양한 금융 투자 서비스를 제공하고 있습니다.
직무 목적: 브랜드전략부에서 유튜브 영상 콘텐츠 기획 및 편집, 디자인 업무를 지원하여 신한투자증권의 브랜드 이미지를 강화하고 대외 소통을 활성화하는 데 기여합니다.
주요 업무: 브랜드전략부에서 유튜브 영상 콘텐츠를 기획하고 편집하는 업무를 수행합니다. 구체적으로는 타이틀 그래픽 제작, 영상 내 모션 그래픽 삽입 및 전반적인 후반작업을 담당하게 됩니다. 또한, 다양한 마케팅 목적에 맞는 이미지 편집 및 디자인 작업을 통해 신한투자증권의 브랜드 이미지를 효과적으로 구축하고 강화하는 데 기여합니다.
인재상: 유튜브 영상 콘텐츠 기획 및 편집에 대한 이해와 경험을 가진 인재를 찾습니다. 타이틀 그래픽, 모션 그래픽, 후반작업 등 영상 제작 기술을 보유하고, 이미지 편집 및 디자인 역량을 갖춘 분을 우대합니다. 증권업에 대한 관심과 브랜드 전략에 대한 열정을 가진 분이라면 좋습니다.",intern,internship_program,"신한투자증권 브랜드전략부에서 유튜브 영상 콘텐츠 기획 및 편집, 디자인 업무를 담당할 대학생 체험형 인턴을 모집합니다.","[""short_text"", ""low_signal""]"
311468,성북구도시관리공단,[성북구도시관리공단] 2026년 청년 체험형 인턴 채용공고,INTERN,[성북구도시관리공단] 2026년 청년 체험형 인턴 채용공고 [담당업무] 사무행정업무(서무보조) 수입금 작성 및 회계업무 및 고객응대서비스 인증취득업무 지원 및 기록물 분류 등 전문직 기술직 현장실습 및 업무체험 [모집기간] 03월 27일 ~ 04월 06일 [채용공고],청년 체험형 인턴 | 경영/사무 | 기획/전략/경영 | 사무/총무/법무 | 인사/노무/교육 | 경리/회계/결산 | 재무/세무/IR | 사무보조/문서작성 | 1. 지원분야와 관련된 본인의 보유 역량을 기술하세요. | 2. 직무수행을 통해 문제해결 능력을 발휘한 경험이 있으면 기술하세요. | 3. 성북구도시관리공단에 가장 부합된다고 판단되는 인재상을 기술하세요. | 4-1. 온라인 미션평가 | 4-2. 온라인 미션평가 | [직무에세이] | [성북구도시관리공단] 2026년 청년 체험형 인턴 채용공고,[],management_support,"[""planning_strategy"", ""finance_investment"", ""hr""]","[""사무행정업무(서무보조)"", ""수입금 작성 및 회계업무"", ""고객응대서비스"", ""인증취득업무 지원"", ""기록물 분류"", ""전문직 기술직 현장실습 및 업무체험""]","[""문서작성"", ""회계""]",[],public_ngo,서울,public_org,office,"[""인턴"", ""프로젝트""]","[""문제해결 능력"", ""실행력·업무처리 능력"", ""커뮤니케이션 역량""]",성북구도시관리공단은 서울 성북구의 도시 시설을 효율적으로 관리하고 주민들에게 다양한 공공 서비스를 제공하는 지방 공기업이다.,이 인턴십은 청년들에게 공공기관의 사무행정 및 전문직 업무를 직접 체험하게 하여 실무 역량을 강화하고 직업 탐색 기회를 제공하는 데 목적이 있다.,"주요 업무는 사무행정업무를 보조하고 서무 관련 작업을 처리하는 것이다. 수입금 작성 및 회계 관련 업무를 수행하며, 고객 응대 서비스를 통해 민원인과의 소통을 담당한다. 또한, 공단의 인증 취득 업무를 지원하고 중요한 기록물을 분류 및 관리하는 역할을 맡는다. 전문직 및 기술직 분야의 현장실습과 업무 체험을 통해 공공기관의 다양한 직무를 경험할 수 있다.","지원 분야와 관련된 본인의 역량을 적극적으로 활용할 수 있는 인재를 찾는다. 직무 수행 과정에서 발생하는 문제를 효과적으로 해결할 수 있는 능력을 갖추어야 한다. 성북구도시관리공단의 인재상에 부합하며, 사무행정, 회계, 고객 응대 등 다양한 공공 서비스 업무에 대한 이해와 참여 의지가 있는 청년 인턴을 우대한다.",[],"회사: 성북구도시관리공단은 서울 성북구의 도시 시설을 효율적으로 관리하고 주민들에게 다양한 공공 서비스를 제공하는 지방 공기업이다.
직무 목적: 이 인턴십은 청년들에게 공공기관의 사무행정 및 전문직 업무를 직접 체험하게 하여 실무 역량을 강화하고 직업 탐색 기회를 제공하는 데 목적이 있다.
주요 업무: 주요 업무는 사무행정업무를 보조하고 서무 관련 작업을 처리하는 것이다. 수입금 작성 및 회계 관련 업무를 수행하며, 고객 응대 서비스를 통해 민원인과의 소통을 담당한다. 또한, 공단의 인증 취득 업무를 지원하고 중요한 기록물을 분류 및 관리하는 역할을 맡는다. 전문직 및 기술직 분야의 현장실습과 업무 체험을 통해 공공기관의 다양한 직무를 경험할 수 있다.
인재상: 지원 분야와 관련된 본인의 역량을 적극적으로 활용할 수 있는 인재를 찾는다. 직무 수행 과정에서 발생하는 문제를 효과적으로 해결할 수 있는 능력을 갖추어야 한다. 성북구도시관리공단의 인재상에 부합하며, 사무행정, 회계, 고객 응대 등 다양한 공공 서비스 업무에 대한 이해와 참여 의지가 있는 청년 인턴을 우대한다.",intern,internship_program,"성북구도시관리공단에서 사무행정, 회계, 고객응대 등 공공기관 실무를 경험할 청년 체험형 인턴을 모집합니다.",[]
311467,KB라이프생명사회공헌재단,[KB라이프생명사회공헌재단] 인턴채용,INTERN,"[KB라이프생명사회공헌재단] 인턴채용 ~ 2026-03-31 모집부문 및 상세내용 모집 부문 상세내용 사회공헌부문 인턴 담당업무 -자원봉사와 나눔으로 더 나은 세상을 위해 노력하는 청소년 자원봉사자를 선발 및 격려하는 사회공헌 사업 지원 -해당 사업의 홍보 및 운영 전반 업무 지원 -청소년 육성 및 지원, 생명나눔 실천을 통한 재단의 다양한 사회공헌 사업 업무 지원 및 경험 채용형태 - 인턴 [자격요건] 경력: 신입 학력: 대학 휴학 또는 졸업(예정)자로서 사회공헌 부문에 관심이 있는 분 직무기술: 아동청소년에 대한 이해, 커뮤니케이션능력, MS오피스 등 사용능력 등 사회공헌, 비영리 관련 업무 경험 운전 가능하며 건강한 체력과 밝은 성격 소유자 [우대사항] 전공계열: 인문과학계열, 사회과학계열 자격증: 2급 청소년지도사, 사회복지사 우대사항: 운전가능자, 봉사활동경험, 운전가능자 자격요건 학력 대학졸업(4년) 이상(졸업예정자 가능) 근무조건 급여 회사 내규에 따름 근무시간 주 5일(월~금) 09:00 ~ 18:00 KB라이프타워 2층",사회공헌부문 인턴 | 경영/사무 | 기획/전략/경영 | 사무/총무/법무 | 인사/노무/교육 | 경리/회계/결산 | 재무/세무/IR | 사무보조/문서작성 | 자유양식 입니다. | [KB라이프생명사회공헌재단] 인턴채용,[],management_support,"[""planning_strategy"", ""hr""]","[""사회공헌부문 인턴""]","[""MS오피스""]","[""운전면허"", ""청소년지도사"", ""사회복지사""]",public_ngo,서울,large_corp,office,"[""봉사활동"", ""대외활동""]","[""고객·서비스 지향"", ""커뮤니케이션 역량"", ""협업·팀워크"", ""실행력·업무처리 능력""]","KB라이프생명사회공헌재단은 KB라이프생명과 연계된 재단으로, 자원봉사와 나눔을 통해 더 나은 사회를 만들고자 다양한 사회공헌 사업을 운영합니다.","이 인턴 직무는 청소년 자원봉사자 선발 및 격려, 사회공헌 사업의 홍보 및 운영 전반을 지원하여 재단의 사회공헌 활동에 기여하는 것을 목표로 합니다.","주요 업무는 자원봉사와 나눔을 통해 더 나은 세상을 위해 노력하는 청소년 자원봉사자를 선발하고 격려하는 사회공헌 사업을 지원하는 것입니다. 또한, 해당 사업의 홍보 및 운영 전반에 걸쳐 업무를 지원하며, 청소년 육성 및 지원, 생명나눔 실천을 통한 재단의 다양한 사회공헌 사업 업무를 지원하고 경험을 쌓게 됩니다.","사회공헌 부문에 관심이 있는 대학 휴학 또는 졸업(예정)자로서, 아동청소년에 대한 이해와 원활한 커뮤니케이션 능력을 갖춘 분을 찾습니다. MS오피스 활용 능력이 필수적이며, 사회공헌 및 비영리 관련 업무 경험이 있는 분을 우대합니다. 또한, 운전이 가능하고 건강한 체력과 밝은 성격을 소유한 분, 인문과학계열 또는 사회과학계열 전공자, 2급 청소년지도사나 사회복지사 자격증 소지자, 그리고 봉사활동 경험이 있는 분을 선호합니다.","[""사회공헌"", ""나눔"", ""협업"", ""긍정적""]","회사: KB라이프생명사회공헌재단은 KB라이프생명과 연계된 재단으로, 자원봉사와 나눔을 통해 더 나은 사회를 만들고자 다양한 사회공헌 사업을 운영합니다.
직무 목적: 이 인턴 직무는 청소년 자원봉사자 선발 및 격려, 사회공헌 사업의 홍보 및 운영 전반을 지원하여 재단의 사회공헌 활동에 기여하는 것을 목표로 합니다.
주요 업무: 주요 업무는 자원봉사와 나눔을 통해 더 나은 세상을 위해 노력하는 청소년 자원봉사자를 선발하고 격려하는 사회공헌 사업을 지원하는 것입니다. 또한, 해당 사업의 홍보 및 운영 전반에 걸쳐 업무를 지원하며, 청소년 육성 및 지원, 생명나눔 실천을 통한 재단의 다양한 사회공헌 사업 업무를 지원하고 경험을 쌓게 됩니다.
인재상: 사회공헌 부문에 관심이 있는 대학 휴학 또는 졸업(예정)자로서, 아동청소년에 대한 이해와 원활한 커뮤니케이션 능력을 갖춘 분을 찾습니다. MS오피스 활용 능력이 필수적이며, 사회공헌 및 비영리 관련 업무 경험이 있는 분을 우대합니다. 또한, 운전이 가능하고 건강한 체력과 밝은 성격을 소유한 분, 인문과학계열 또는 사회과학계열 전공자, 2급 청소년지도사나 사회복지사 자격증 소지자, 그리고 봉사활동 경험이 있는 분을 선호합니다.",intern,internship_program,KB라이프생명사회공헌재단에서 청소년 자원봉사 및 사회공헌 사업을 지원할 인턴을 채용합니다.,[]
311466,코오롱바이오텍,[코오롱바이오텍] 2026년 상반기 공개채용,"NEW, EXPERIENCED","[코오롱바이오텍] 2026년 상반기 공개채용 ~ 2026-04-07 모집부문 및 상세내용 모집 부문 상세내용 Bio생산 공정 개발 담당업무 동물세포배양 및 바이오의약품 대량생산(scale up) 부착세포 2D, 3D 공정개발 고객사 배양/정제 기술이전 및 커뮤니케이션 채용형태 - 신입 [필수] 생명과학, 바이오 관련 전공 석사 학위 이상 소지자 기술이전 및 GMP 관련 경험 또는 지식 보유자 [우대] 부착세포 또는 부유세포 배양 경험자 (2D, 3D배양) 세포치료제 공정개발 또는 생산 경험자 비즈니스 영어 커뮤니케이션 능통자 품질보증 (QA) 담당업무 밸리데이션 정책 수립 및 관리 (정책서, SOP) 시스템 영향 평가 및 위험평가 수행 바이오의약품 장비/유틸리티 적격성평가 수행 (BSC, CO2 Incubator, Filling machine, Isolator, HVAC 등) 바이오의약품 밸리데이션 수행 (APS, 공정, 세척, CSV 등) 채용형태 - 경력 [필수] 생명과학, 바이오 관련 전공 학사 학위 소지자 바이오의약품 경력 5년 이상인 자 [우대] 신축 GMP 제조소 관련 업무 경험자 규제기관(FDA, EU 등) 감사 대응 경험 보유자 영어능통자 품질보증 (QA) 담당업무 밸리데이션 문서 관리 - 바이오의약품 장비/유틸리티 적격성평가 수행 (BSC, CO2 Incubator, Filling machine, Isolator, HVAC 등) - 바이오의약품 밸리데이션 수행 (APS, 공정, 세척, CSV 등) 채용형태 - 신입 [필수] 생명과학, 바이오 관련 전공 학사 학위 소지자 [우대] 밸리데이션 관련 전문 교육 이수자 우대 밸리데이션 관련 자격증 소지자 우대 영어능통자 품질관리 (QC) 담당업무 품질시험 수행 (이화학, 미생물, 분자생물) 시험법 검증(Validation) GMP 문서 작성 시험실관리(장비관리) 채용형태 - 신입 [필수] 생명과학, 화학, 바이오 관련 전공 학사 학위 소지자 [우대] GMP 사업장 근무 경험자 영어능통자 물류관리 담당업무 GMP 운영관리 : 문서작성 (SOP등), 인.허가 규제 대응 물류 관리 (구매, 입.출고 등) 물류 시스템 운영 SAP 활용 : 데이터 관리 채용형태 - 신입 [필수] 바이오, 물류 관련 전공 학사 학위 소지자 GMP 관련 지식 보유자 경력 지원자의 경우, 직무 관련 경력 3년 이하인 자 [우대] 영어 능통자 ㆍ문서 활용 능력 우수자 (AI를 활용한 데이터 관리, 엑셀 활용 등) 물류관리 담당업무 GMP 운영관리 - 제품 입출고 관리 재고 관리 채용형태 - 신입 [필수] 바이오, 물류 관련 전공 전문학사 학위 소지자 GMP 관련 지식 보유자 [우대] ㆍ문서 작성 및 활용 능력 보유자 (엑셀, AI 등) 지게차 자격증 소지자 Bio생산 담당업무 동물세포배양 부착세포 2D 배양 채용형태 - 경력 [필수] 생명과학, 바이오 관련 전공 전문학사 학위 소지자 GMP 근무 경험 3년 이상인 자 GMP(무균환경) 근무 가능자 [우대] ㆍ세포배양, 정제, 무균조작 경험자 - 세포치료제 생산 경험자 Excel 등 데이터 작성 및 문서 작성 능력 보유자 영어 활용 가능자 Bio생산 담당업무 ㆍ동물세포배양 - 부착세포 2D 배양 채용형태 - 신입 [필수] 생명과학, 바이오 관련 전공 전문학사 학위 소지자 GMP(무균환경)근무 가능자 [우대] GMP 관련 지식 보유자 및 GMP 환경 경험자 세포배양, 정제, 무균조작 경험자 세포치료제 생산 경험자 Excel 등 데이터 작성 및 문서 작성 능력 보유자 영어 활용 가능자 자격요건 학력 대학졸업(4년) 이상 근무조건 급여 회사 내규에 따름 근무지역 충북 충주시 대소원면 기업도시1로 54-1 코오롱바이오텍",Bio생산 | 생산 | 생산/제조/설비/조립 | 생산/제조 | 1.회사를 선택할 때 가장 중요하게 고려하는 가치(요인) 한 가지와 코오롱생명과학에 지원하는 이유를 관련지어 말씀해 주세요. | 2.지금까지 가장 열정적이고 헌신적으로 노력했던 경험과 그 결과에 대해 말씀해 주세요. | 3.지원하는 직무에 본인이 적합하다고 생각하는 이유와 해당 직무를 위해 무엇을 어떻게 준비해 왔는지에 대해 말씀해 주세요. | 4.추가로 하고 싶은 말을 자유롭게 작성해 주세요. | [코오롱바이오텍] 2026년 상반기 공개채용 | 바이오 | 바이오/제약/식품 | 연구개발/설계 | 물류관리 | 물류 | 배송/택배/운전 | 무역/유통,[],manufacturing,"[""quality"", ""logistics_scm""]","[""Bio생산 공정 개발"", ""품질보증 (QA)"", ""품질관리 (QC)"", ""물류관리"", ""Bio생산""]","[""생명과학 전공"", ""바이오 전공"", ""GMP 지식"", ""GMP 경험"", ""GMP(무균환경) 근무 가능""]","[""영어"", ""세포배양"", ""정제"", ""무균조작"", ""세포치료제 생산"", ""GMP 제조소 경험"", ""규제기관 감사 대응"", ""밸리데이션 교육 이수"", ""밸리데이션 자격증"", ""Excel"", ""AI 활용"", ""지게차 자격증""]",bio_pharma,충주,large_corp,office,"[""프로젝트""]","[""글로벌·다문화 역량"", ""커뮤니케이션 역량"", ""실행력·업무처리 능력"", ""정보수집·분석 역량"", ""디지털·기술 활용 역량""]","코오롱바이오텍은 코오롱 그룹의 계열사로, 바이오의약품의 생산, 공정 개발, 품질 보증 및 관리를 전문으로 합니다.","바이오의약품의 생산 공정을 개발하고 효율적으로 운영하며, 엄격한 품질 관리 및 보증을 통해 제품의 안전성과 규제 준수를 확보하고, 전반적인 물류 시스템을 관리하여 안정적인 공급망을 구축하는 것이 이 직무들의 목적입니다.","Bio생산 직무는 동물세포배양 기술을 활용하여 바이오의약품의 대량생산 공정을 개발하고, 부착세포의 2D 및 3D 배양 공정을 담당하며 고객사 기술이전을 수행합니다. 품질보증(QA) 직무는 밸리데이션 정책 수립 및 관리, 시스템 영향 평가, 장비/유틸리티 적격성 평가, 바이오의약품 밸리데이션 수행 및 문서 관리를 담당합니다. 품질관리(QC) 직무는 이화학, 미생물, 분자생물학적 품질시험을 수행하고 시험법을 검증하며 GMP 문서 작성 및 시험실을 관리합니다. 물류관리 직무는 GMP 운영관리 문서 작성 및 규제 대응, 구매, 입출고 등 물류 전반을 관리하고 SAP 시스템을 활용하여 데이터 및 재고를 관리합니다.","생명과학, 바이오 또는 화학, 물류 관련 전공 학사 학위 이상 소지자로, GMP 관련 지식과 경험을 보유한 인재를 찾습니다. 특히 바이오의약품 생산 및 공정 개발, 품질 보증 및 관리, 물류 관리 분야에서 전문성을 갖춘 분을 우대합니다. 부착세포 또는 부유세포 배양, 세포치료제 공정개발 및 생산 경험이 있거나, 밸리데이션 관련 전문 교육 이수 및 자격증 소지자를 선호합니다. 비즈니스 영어 커뮤니케이션 능력과 Excel, AI 등 문서 활용 능력이 우수하며, 규제기관 감사 대응 경험이나 지게차 자격증이 있다면 더욱 좋습니다.","[""안정"", ""규정준수""]","회사: 코오롱바이오텍은 코오롱 그룹의 계열사로, 바이오의약품의 생산, 공정 개발, 품질 보증 및 관리를 전문으로 합니다.
직무 목적: 바이오의약품의 생산 공정을 개발하고 효율적으로 운영하며, 엄격한 품질 관리 및 보증을 통해 제품의 안전성과 규제 준수를 확보하고, 전반적인 물류 시스템을 관리하여 안정적인 공급망을 구축하는 것이 이 직무들의 목적입니다.
주요 업무: Bio생산 직무는 동물세포배양 기술을 활용하여 바이오의약품의 대량생산 공정을 개발하고, 부착세포의 2D 및 3D 배양 공정을 담당하며 고객사 기술이전을 수행합니다. 품질보증(QA) 직무는 밸리데이션 정책 수립 및 관리, 시스템 영향 평가, 장비/유틸리티 적격성 평가, 바이오의약품 밸리데이션 수행 및 문서 관리를 담당합니다. 품질관리(QC) 직무는 이화학, 미생물, 분자생물학적 품질시험을 수행하고 시험법을 검증하며 GMP 문서 작성 및 시험실을 관리합니다. 물류관리 직무는 GMP 운영관리 문서 작성 및 규제 대응, 구매, 입출고 등 물류 전반을 관리하고 SAP 시스템을 활용하여 데이터 및 재고를 관리합니다.
인재상: 생명과학, 바이오 또는 화학, 물류 관련 전공 학사 학위 이상 소지자로, GMP 관련 지식과 경험을 보유한 인재를 찾습니다. 특히 바이오의약품 생산 및 공정 개발, 품질 보증 및 관리, 물류 관리 분야에서 전문성을 갖춘 분을 우대합니다. 부착세포 또는 부유세포 배양, 세포치료제 공정개발 및 생산 경험이 있거나, 밸리데이션 관련 전문 교육 이수 및 자격증 소지자를 선호합니다. 비즈니스 영어 커뮤니케이션 능력과 Excel, AI 등 문서 활용 능력이 우수하며, 규제기관 감사 대응 경험이나 지게차 자격증이 있다면 더욱 좋습니다.",both,job_posting,"코오롱바이오텍에서 바이오의약품 생산, 품질보증, 품질관리, 물류관리 신입 및 경력직을 채용하며, GMP 지식과 바이오 관련 전공자를 우대합니다.",[]
311465,코오롱생명과학,[코오롱생명과학] 2026년 상반기 정기채용,"EXPERIENCED, NEW","[코오롱생명과학] 2026년 상반기 정기채용 ~ 2026-04-07 모집부문 및 상세내용 모집 부문 상세내용 법무 담당업무 Legal risk 관리 (국내외 송무, 계약, 법률 모니터링) 전사 컴플라이언스 정책 수립 및 점검 ISO준법경영시스템, 부패방지시스템 인증 및 유지관리 전사 컴플라이언스 교육 및 전파 채용형태 - 경력 [필수] 학사 학위 소지자 직무 유관 경력 5년 이상인 자 - 비즈니스 영어 능통자 [우대] 바이오 화학 제조업 경험자 준법경영시스템 인증 및 유지관리 경험 보유자 인사 담당업무 ㆍ인사 기획, 평가, 보상 등 인사 전반 운영 인사규정 관리 및 인사제도 운영 지원 사업, 생산, 연구 부서와의 긴밀한 소통으로 인사 현안 해결 지원 채용형태 - 경력 [필수] 학사 학위 소지자 제약 바이오 업종 근무 경력 4년 이상인 자 (직무 무관) 제약 바이오 비즈니스에 대한 높은 이해도를 보유한 자 MS Office 활용 스킬 중급 이상인 자 유연한 커뮤니케이션 스킬 보유자 [우대] 직무 전환 희망자 (사업, 연구, 생산기술, 품질 등 제약 바이오 현업 직무 근무자 중 HR 직무로의 전환 희망자) 화학, 생명공학, 경영학 관련 전공자 인사관련 자격증 소지자 ㆍ인사관련 법률 지식 보유자 구매 담당업무 화학 관련 원료 구매 업무 : 가격 협상, 납기 및 재고 관리 등 신규 거래처 발굴 신규 아이템 개발시 원료 Sourcing 업무 원료 수입 관련 업무 : 화학물질신고, 관련 비용 정산 등 정기적 화학 물질 신고, ISO9001 심사 대응 채용형태 - 신입 [필수] 화학 관련 전공 학사 학위소지자 영어 능통자비즈니스 MS Office 활용 스킬 중급 이상인 자 [우대] 비즈니스 중국어 가능자 Warehouse /Logistics 담당업무 GMP Complicance (보관/물류 부문) GMP WMS 구축 및 운영 운영 기획 채용형태 - 신입 [필수] 경영, 생산관리 관련 전공 학사 학위 소지자 ㆍ시스템 활용 및 데이터 분석 능력 보유자 경력 지원자의 경우, 직무 관련 경력 3년 이하인 자 [우대] 원료의약/제약 제조 Plant 경험 보유자 (GMP 운영, AUDIT 대응 경험자) WMS 구축/고도화 프로젝트 참여 경험 보유자 품질보증QA 담당업무 - Validation & Qualification : 밸리데이션 및 적격성평가 파트 총괄 - Supplier Qualification : 공급자 평가 수행 및 관리 - Quality Risk Assessment : 품질 위험도 평가 수행 및 체계 운영 Personnel Qualification & Training: 작업자 적격성 관리 및 교육프로그램 운영 채용형태 - 경력 [필수] 화학, 약학, 제약학 등 직무 관련 전공 학사 학위 소지자 품질보증(QA) 또는 밸리데이션 직무 경력 5년 이상인 자 [우대] 규제기관(FDA, 식약처 등) 감사 대응 경험 보유자 영어 커뮤니케이션 가능자 품질보증QA 담당업무 통합 CAPA 관리/실사 및 감사 대응 변경 관리, 일탈 관리 품질 리스크 통합 CAPA 관리 규제기관 실사 및 고객감사 대응 채용형태 - 신입 [필수] 화학, 제약, 생명과학 등 관련 전공 학사 학위 소지자 GMP 및 품질 시스템에 대한 기본 이해 보유자 [우대] 영어 문서 작성 및 커뮤니케이션 가능자 품질보증 (QA) 담당업무 공급자 평가/자격 관리 공급업체 적격성 관리 주요 공급업체 현장 감사 계획 및 수행 작업자 자격 부여 및 교육 프로그램 운영 채용형태 - 신입 [필수] 화학, 제약, 생명과학 등 관련 전공 학사 학위 소지자 - GMP 및 품질 시스템에 대한 기본 이해 보유자 [우대] 영어 문서 작성 및 커뮤니케이션 가능자 공정기술 담당업무 공정 최적화 및 공정 개선 Scale up 및 pilot 수행 Troubleshooting 채용형태 - 신입 [필수] 화학 및 유기화학 또는 관련 분야 석사 학위 소지자 공정 이해력 보유자 데이터 기반 문제 해결 능력 보유자 원활한 커뮤니케이션 능력 보유자 [우대] GMP 환경 이해 보유자 통계 분석 툴 활용 경험자 영어 능통자 유기합성 및 공정 개발 연구 경력 보유자 자격요건 학력 대학졸업(4년) 이상 근무조건 급여 회사 내규에 따름 근무지역 경북 김천시 어모면 산업단지2로 77 코오롱생명과학 충북 충주시 대소원면 기업도시1로 54 코오롱생명과학 서울 강서구 마곡동로 110 코오롱생명과학",공정기술 | 공정관리 | 생산관리/공정관리/품질관리 | 생산/제조 | 1.회사를 선택할 때 가장 중요하게 고려하는 가치(요인) 한 가지와 코오롱생명과학에 지원하는 이유를 관련지어 말씀해 주세요. | 2.지금까지 가장 열정적이고 헌신적으로 노력했던 경험과 그 결과에 대해 말씀해 주세요. | 3.지원하는 직무에 본인이 적합하다고 생각하는 이유와 해당 직무를 위해 무엇을 어떻게 준비해 왔는지에 대해 말씀해 주세요. | 4.추가로 하고 싶은 말을 자유롭게 작성해 주세요. | [코오롱생명과학] 2026년 상반기 정기채용 | 품질보증 (QA) | 품질관리 | 품질보증QA,[],quality,"[""manufacturing"", ""logistics_scm"", ""hr""]","[""법무 담당"", ""인사 담당"", ""구매 담당"", ""Warehouse / Logistics 담당"", ""품질보증 (QA)"", ""Validation & Qualification"", ""Supplier Qualification"", ""Quality Risk Assessment"", ""Personnel Qualification & Training"", ""통합 CAPA 관리"", ""변경 관리"", ""일탈 관리"", ""공정기술 담당""]","[""비즈니스 영어"", ""MS Office"", ""시스템 활용 및 데이터 분석 능력"", ""공정 이해력"", ""데이터 기반 문제 해결 능력"", ""원활한 커뮤니케이션 능력"", ""GMP 및 품질 시스템에 대한 기본 이해""]","[""ISO준법경영시스템"", ""부패방지시스템"", ""바이오 화학 제조업 경험"", ""인사관련 자격증"", ""인사관련 법률 지식"", ""비즈니스 중국어"", ""WMS 구축/고도화 프로젝트 참여 경험"", ""원료의약/제약 제조 Plant 경험"", ""규제기관 감사 대응 경험"", ""통계 분석 툴"", ""유기합성 및 공정 개발 연구 경력""]",bio_pharma,서울,large_corp,office,"[""프로젝트"", ""학부연구생""]","[""문제해결 능력"", ""실행력·업무처리 능력"", ""정보수집·분석 역량"", ""커뮤니케이션 역량"", ""디지털·기술 활용 역량""]","코오롱생명과학은 제약 바이오 분야에서 활동하는 기업으로, 다양한 의약품 및 바이오 관련 제품을 연구, 개발, 생산하고 있습니다.","코오롱생명과학의 다양한 직무는 법무, 인사, 구매, 물류, 품질보증, 공정기술 등 전반적인 사업 운영을 지원하며, 특히 의약품 생산의 품질과 효율성을 확보하고 규제 준수를 통해 안정적인 사업 성장을 도모합니다.","법무 담당자는 국내외 송무, 계약, 법률 모니터링을 통해 Legal risk를 관리하고 전사 컴플라이언스 정책 수립 및 ISO준법경영시스템을 유지합니다. 인사 담당자는 인사 기획, 평가, 보상 등 인사 전반을 운영하며 사업, 생산, 연구 부서와 소통하여 인사 현안을 해결합니다. 구매 담당자는 화학 관련 원료의 가격 협상, 납기 및 재고 관리, 신규 거래처 발굴, 원료 수입 관련 업무를 수행합니다. Warehouse/Logistics 담당자는 GMP Complicance에 맞춰 보관/물류 부문을 관리하고 WMS를 구축 및 운영합니다. 품질보증(QA) 담당자는 밸리데이션 및 적격성평가, 공급자 평가, 품질 위험도 평가, CAPA 관리, 규제기관 실사 및 고객 감사 대응, 작업자 적격성 관리 및 교육 프로그램 운영을 담당합니다. 공정기술 담당자는 공정 최적화 및 개선, Scale up 및 pilot 수행, Troubleshooting을 통해 생산 효율성을 높입니다.","지원자는 법학, 경영학, 화학, 약학, 제약학, 생명과학, 생산관리 등 직무 관련 학사 또는 석사 학위를 소지해야 합니다. 비즈니스 영어 능통자 및 MS Office 활용 능력이 필수적이며, 유연한 커뮤니케이션 스킬과 데이터 기반 문제 해결 능력을 갖춘 인재를 찾습니다. 직무 유관 경력 4~5년 이상 또는 신입 지원자 모두 환영하며, 바이오 화학 제조업 경험, GMP 환경 이해, 규제기관 감사 대응 경험, WMS 구축 경험, 인사 관련 자격증 및 법률 지식 보유자는 우대합니다.","[""협업"", ""데이터드리븐"", ""규제준수""]","회사: 코오롱생명과학은 제약 바이오 분야에서 활동하는 기업으로, 다양한 의약품 및 바이오 관련 제품을 연구, 개발, 생산하고 있습니다.
직무 목적: 코오롱생명과학의 다양한 직무는 법무, 인사, 구매, 물류, 품질보증, 공정기술 등 전반적인 사업 운영을 지원하며, 특히 의약품 생산의 품질과 효율성을 확보하고 규제 준수를 통해 안정적인 사업 성장을 도모합니다.
주요 업무: 법무 담당자는 국내외 송무, 계약, 법률 모니터링을 통해 Legal risk를 관리하고 전사 컴플라이언스 정책 수립 및 ISO준법경영시스템을 유지합니다. 인사 담당자는 인사 기획, 평가, 보상 등 인사 전반을 운영하며 사업, 생산, 연구 부서와 소통하여 인사 현안을 해결합니다. 구매 담당자는 화학 관련 원료의 가격 협상, 납기 및 재고 관리, 신규 거래처 발굴, 원료 수입 관련 업무를 수행합니다. Warehouse/Logistics 담당자는 GMP Complicance에 맞춰 보관/물류 부문을 관리하고 WMS를 구축 및 운영합니다. 품질보증(QA) 담당자는 밸리데이션 및 적격성평가, 공급자 평가, 품질 위험도 평가, CAPA 관리, 규제기관 실사 및 고객 감사 대응, 작업자 적격성 관리 및 교육 프로그램 운영을 담당합니다. 공정기술 담당자는 공정 최적화 및 개선, Scale up 및 pilot 수행, Troubleshooting을 통해 생산 효율성을 높입니다.
인재상: 지원자는 법학, 경영학, 화학, 약학, 제약학, 생명과학, 생산관리 등 직무 관련 학사 또는 석사 학위를 소지해야 합니다. 비즈니스 영어 능통자 및 MS Office 활용 능력이 필수적이며, 유연한 커뮤니케이션 스킬과 데이터 기반 문제 해결 능력을 갖춘 인재를 찾습니다. 직무 유관 경력 4~5년 이상 또는 신입 지원자 모두 환영하며, 바이오 화학 제조업 경험, GMP 환경 이해, 규제기관 감사 대응 경험, WMS 구축 경험, 인사 관련 자격증 및 법률 지식 보유자는 우대합니다.",both,job_posting,"코오롱생명과학의 2026년 상반기 정기채용으로, 법무, 인사, 구매, 물류, 품질보증, 공정기술 등 다양한 직무에서 신입 및 경력직을 모집합니다.",[]
311464,여주에너지서비스,[여주에너지서비스] 2026 상반기 발전운영 신입 채용,NEW,[여주에너지서비스] 2026 상반기 발전운영 신입 채용 [담당업무] 발전운영 전력거래 입찰 및 정산 LNG 수급 및 재고관리 손익관리 (매출 및 원가분석) 전력시장 및 LNG 시장 분석 / 제도 개선 사업 경제성 검토 [모집기간] 03월 27일 ~ 04월 15일 [채용공고],"발전운영 | 마케팅/PR/분석 | 마케팅/광고/홍보 | 마케팅전략/기획 | 광고기획 | 온라인마케팅 | 시장조사/분석 | 브랜드매니저 | 해외마케팅 | 언론홍보/PR | 설문/리서치 | 자발적, 의욕적인 자세 1. 자발적으로 최고 수준의 목표를 세우고 끈질기게 성취한 경험에 대해 서술해 주십시오. (본인이 설정한 목표/ 목표의 수립 과정/ 처음에 생각했던 목표 달성 가능성/ 수행 과정에서 부딪힌 장애물 및 그 때의 감정(생각)/ 목표 달성을 위한 구체적 노력/ 실제 결과/ 경험의 진실성을 증명할 수 있는 근거가 잘 드러나도록 기술) (700~1000자 10단락 이내) | 틀을 깨는 과감한 실행 2. 새로운 것을 접목하거나 남다른 아이디어를 통해 문제를 개선했던 경험에 대해 서술해 주십시오. (기존 방식과 본인이 시도한 방식의 차이/ 새로운 시도를 하게 된 계기/ 새로운 시도를 했을 때의 주변 반응/ 새로운 시도를 위해 감수해야 했던 점/ 구체적인 실행 과정 및 결과/ 경험의 진실성을 증명 할 수 있는 근거가 잘 드러나도록 기술) (700~1000자 10단락 이내) | 역량개발 3. 지원 분야와 관련하여 특정 영역의 전문성을 키우기 위해 꾸준히 노력한 경험에 대해 서술해 주십시오. (전문성의 구체적 영역 (예. 통계 분석)/ 전문성을 높이기 위한 학습 과정/ 전문성 획득을 위해 투입한 시간 및 방법/ 습득한 지식 및 기술 을 실전적으로 적용해 본 사례/ 전문성을 객관적으로 확인한 경험/ 전문성 향상을 위해 교류하고 있는 네트워크/ 경험의 진실성을 증명 할 수 있는 근거가 잘 드러나도록 기술) (700~1000자 10단락 이내) | Teamwork 4. 혼자 하기 어려운 일에서 다양한 자원 활용, 타인의 협력을 최대한으로 이끌어 내며, Teamwork를 발휘하여 공동의 목표 달성에 기여한 경험에 대해 서술해 주십시오. (관련된 사람들의 관계(예. 친구, 직장 동료) 및 역할/ 혼자 하기 어렵다고 판단한 이유/ 목표 설정 과정/ 자원(예. 사람, 자료 등) 활용 계획 및 행동/ 구성원들의 참여도 및 의견 차이/ 그에 대한 대응 및 협조를 이끌어 내기 위한 구체적 행동/ 목표 달성 정도 및 본인의 기여도/ 경험의 진실성을 증명할 수 있는 근거 가 잘 드러나도록 기술) (700~1000자 10단락 이내) | [여주에너지서비스] 2026 상반기 발전운영 신입 채용",[],manufacturing,[],"[""발전운영""]",[],[],energy,여주,mid_corp,unknown,[],"[""실행력·업무처리 능력"", ""창의·혁신 역량"", ""문제해결 능력"", ""학습·성장 역량"", ""협업·팀워크""]",여주에너지서비스는 발전운영을 담당하는 회사입니다.,"이 직무는 전력거래, LNG 수급, 손익관리 및 시장 분석을 통해 발전소의 효율적이고 안정적인 운영과 성장에 기여하는 것을 목표로 합니다.","발전운영 직무는 전력거래 입찰 및 정산 업무를 수행합니다. 또한 LNG 수급을 관리하고 재고를 효율적으로 운영하는 역할을 담당합니다. 회사의 손익을 관리하기 위해 매출 및 원가 분석을 진행하며, 전력시장과 LNG 시장을 분석하고 제도 개선 방안을 모색합니다. 더불어 신규 사업의 경제성을 검토하여 회사의 성장에 기여합니다.",여주에너지서비스는 자발적이고 의욕적인 자세로 최고 수준의 목표를 설정하고 끈질기게 성취하는 인재를 찾습니다. 새로운 아이디어를 접목하여 문제를 개선하고 과감하게 실행하는 도전 정신을 가진 지원자를 선호합니다. 지원 분야와 관련하여 특정 영역의 전문성을 꾸준히 개발하고 실전적으로 적용할 수 있는 역량을 갖추어야 합니다. 또한 혼자 하기 어려운 일에서 다양한 자원을 활용하고 타인의 협력을 이끌어내어 공동의 목표 달성에 기여하는 팀워크 역량을 중요하게 생각합니다.,[],"회사: 여주에너지서비스는 발전운영을 담당하는 회사입니다.
직무 목적: 이 직무는 전력거래, LNG 수급, 손익관리 및 시장 분석을 통해 발전소의 효율적이고 안정적인 운영과 성장에 기여하는 것을 목표로 합니다.
주요 업무: 발전운영 직무는 전력거래 입찰 및 정산 업무를 수행합니다. 또한 LNG 수급을 관리하고 재고를 효율적으로 운영하는 역할을 담당합니다. 회사의 손익을 관리하기 위해 매출 및 원가 분석을 진행하며, 전력시장과 LNG 시장을 분석하고 제도 개선 방안을 모색합니다. 더불어 신규 사업의 경제성을 검토하여 회사의 성장에 기여합니다.
인재상: 여주에너지서비스는 자발적이고 의욕적인 자세로 최고 수준의 목표를 설정하고 끈질기게 성취하는 인재를 찾습니다. 새로운 아이디어를 접목하여 문제를 개선하고 과감하게 실행하는 도전 정신을 가진 지원자를 선호합니다. 지원 분야와 관련하여 특정 영역의 전문성을 꾸준히 개발하고 실전적으로 적용할 수 있는 역량을 갖추어야 합니다. 또한 혼자 하기 어려운 일에서 다양한 자원을 활용하고 타인의 협력을 이끌어내어 공동의 목표 달성에 기여하는 팀워크 역량을 중요하게 생각합니다.",new,job_posting,"여주에너지서비스의 발전운영 신입 채용으로, 전력거래, LNG 수급, 손익관리 및 시장 분석을 담당하며, 자발적이고 협력적인 인재를 찾습니다.",[]
311447,주식회사 아성다이소,2026년 상반기 아성다이소 및 관계사 신입/경력사원 공개채용,INTERN,"모집부문 회사 모집부문 직무 채용구분 근무지 모집요강 아성다이소 영업 [신입] 매장관리 영업지원 영업비용관리 영업예산운영 [경력] 매장디자인 신입/경력 전국, 서울 본사 자세히보기 온라인사업 [경력] QA/PMO 모션/영상디자인 경력 서울 본사 자세히보기 상품 [신입] 욕실/청소/생활용품MD 문구/선물포장MD [경력] 식품(가공/건강식품)MD 반려동물MD 화장품(기초/바디)MD 화장품(색조)MD 화장품(미용소품)MD 신입/경력 서울 본사 자세히보기 디자인 [신입] VMD [경력] 매장그래픽디자인 영상 아트웍 디자이너 신입/경력 서울 본사 자세히보기 물동 [경력] 고객/데이터분석[부서장급/팀원] 경력 서울 본사 자세히보기 물류 [신입] 물류운영 물류입고 물류보충 매장분류/포장 배차관리 시설관리 입고보충 피킹분류 분류포장 인사관리 [경력] 시설관리[팀장급] 물류지원 설비관리 소방안전 안전관리[팀장급] 입고보충 분류포장 설비관리 신입/경력 각 물류센터 [용인, 부산, 안성, 세종] 자세히보기 TQC [경력] 교육[HRD] 상품안전 경력 서울 본사 자세히보기 IT [경력] 보안인프라[부서장급] 물류시스템 운영/개발 DBA 경력 서울 본사 자세히보기 인사총무 [경력] 급여관리 경력 서울 본사 자세히보기 법무 [신입] 법무지원 신입 서울 본사 자세히보기 (주)아성 해외영업 [신입] 상품개발 및 글로벌소싱(영어) 신입 서울 본사 자세히보기 (주)아성 HMP 해외영업 [신입] 상품개발 및 해외영업(일본어) 신입 서울 본사 자세히보기 영업관리 [신입] 영업관리 및 지원 [경력] 영업관리 및 지원 신입/경력 서울 본사 자세히보기 관리 [경력] 인사총무 경력 서울 본사 자세히보기 한웰 부동산개발 [경력] 부동산 개발 및 시설관리 경력 서울 본사 자세히보기 전형절차는 관계사별 상이할 수 있으며, 아래 내용 참고 모집분야별 상세 직무 내용은 아래의 '다이소 커리어북' 참고 전형절차(신입) 전형절차(경력) 아성다이소 : 회사분석리포트는 서류전형 합격자에 한하여 작성 [합격자 별도 안내 예정] 아성HMP/아성 : 시장분석리포트는 해외영업 직무 서류전형 합격자에 한하여 작성 [합격자 별도 안내 예정] 전형 안내사항 [신입/경력] 공통 회사(시장) 분석리포트는 서류전형 합격자에 한하여 작성하며, 회사와 유통 산업에 대한 지원자의 관심과 이해도를 보기 위한 것 입니다. - 관계사(아성, 아성HMP)의 경우 해외영업 직무에 한하여 회사(시장)분석리포트 제출 인성직무역량검사는 온라인으로 진행됩니다. 인성직무역량검사는 언어/수리와 같이 정답을 묻는 문제가 아니며, 지원자의 인성과 직무 적합도를 파악하기 위한 검사입니다. 서류전형, 면접접형, 인성직무역량검사, 평판조회, 인턴십 등 다양한 절차와 방법, 종합적인 검토를 통해 최종전형을 진행합니다. 전형별 일정은 회사의 사정에 따라 변동될 수 있습니다. [신입] 인턴십 프로그램은 신입사원 입문교육, 다이소 매장실습[아성다이소 ], 직무별 OJT, 최종평가로 진행되며, 급여는 2,156,880원(세전) 입니다. 인턴십 진행기간 중 최종 평가가 이루어지며, 평가 우수자에 한하여 최종면접 대상자로 선정됩니다. [경력] 인성직무역량검사 및 평판조회 결과는 전형 결과에 반영될 수 있습니다. 아성다이소 및 관계사 카카오 오픈채팅방 [채용상담기간] 3/27~4/8 실시간 채팅 14:00~18:00 (실시간 채팅이 아니더라도 질문은 월금 9:00~18:00 내 언제든 가능합니다.) 현업담당자들에게 직무관련 궁금사항을 직접 물어보시고 답변을 받으세요! 아성다이소 오픈채팅방 영업본부 온라인사업본부 상품본부 디자인본부 물동본부 물류본부 TQC본부 IT본부 인사총무본부 법무부문 아성 오픈채팅방 아성HMP 오픈채팅방 한웰 오픈채팅방 해외영업 해외영업/영업관리/인사총무 부동산개발 급여 및 복리후생 ㆍ급여 : 대졸 신입 초임 4,800만원 (인센티브 별도) 공통 자격요건 ㆍ최소학력 : 대졸 이상[2026년 8월 졸업 예정자 및 기 졸업자] ㆍ국가보훈대상자는 관련법에 의거하여 우대 ㆍ병역필 또는 면제자로 해외여행 및 건강상 결격사유가 없는 자 제출서류 ㆍ입사지원서 : 사진첨부(최근 6개월 이내 사진 첨부), 긴급연락처, 희망연봉 등 반드시 기재할 것 ㆍ자기소개서 ㆍ경력기술서(경력 지원자의 경우 작성 필수, 신입의 경우 인턴 및 직무 관련 경험 기술) ㆍ회사 분석 리포트(서류전형 합격자에 한함) ㆍ포트폴리오 (대상 직무 : 매장디자인, 모션/영상디자인, VMD, 매장 그래픽디자인, 영상 아트웍 디자이너) - 파일명 [직무명_이름_포트폴리오] - 예: 영상디자인_홍길동_포트폴리오 - 포트폴리오는 50MB 이하로 압축하여 제출해주시기 바랍니다. - 영상 제출 직무는 공고 내에 기재되어 있는 이메일로 제출해주시기 바랍니다. ㆍ최종학력 졸업증명서, 성적증명서, 경력증명서 각 1부(최종합격자에 한함) ㆍ보훈대상자 취업지원대상자 증명서(최종합격자 및 해당자에 한함) 제출방법 구분 채용홈페이지 비고 *입사지원서 및 포트폴리오 : 채용홈페이지 온라인 작성 및 제출 (단, 포트폴리오는 제출 직무에 한함) 기타사항 ㆍ입사지원서 내 입력한 자격/경력사항 등은 입사 후 증빙자료 제출이 가능해야 하며, 기재한 내용이 허위임이 밝혀질 시 채용이 취소됩니다. ㆍ현 주소와 전화번호, e-mail은 연락 가능한 곳으로 정확히 기재 바랍니다. [채용서류 반환 관련] 채용 전형과정에서 직접 제출받은 서류(채용홈페이지나 전자우편을 통해 제출된 서류 제외)의 경우, 지원자가 희망하는 경우 서류를 반환해드리고 있습니다. * 반환가능 기간 : 최종 합격 발표 후 14일이 지난 후부터 60일 이내 * 신청방법 : 채용홈페이지 '질문하기' 게시판을 통해 반환청구 요청 (이름, 수험번호, 지원직무, 연락처, 우편번호, 주소 기재 ) 요청일로부터 14일 이내 요청서류 반환(등기/소포 배송_반환 시 발생하는 비용은 회사에서 부담) 접수마감일 ㆍ 2026년 4월 8일(수) 23:59 마감일 당일은 홈페이지 접속 인원이 급증할 것으로 예상되오니, 마감일 이전에 충분히 여유를 가지고 등록하여 주시기 바랍니다. 입사지원서 작성 시, 항목별 작성요령을 필히 확인해주시기 바랍니다. 입사지원서 작성 완료 후 최종제출 하셔야 입사지원이 완료됩니다.",,"[""https://daiso.recruiter.co.kr/career/home""]",sales,"[""marketing"", ""software_dev"", ""design""]","[""매장관리"", ""욕실/청소/생활용품MD"", ""VMD"", ""고객/데이터분석"", ""물류운영"", ""보안인프라"", ""급여관리"", ""상품개발 및 글로벌소싱(영어)""]","[""영어"", ""일본어"", ""데이터 분석"", ""DBA"", ""정보보안"", ""시스템 개발"", ""그래픽 디자인"", ""영상 디자인"", ""VMD"", ""시장 분석"", ""유통 산업 이해""]",[],retail_distribution,전국,large_corp,office,"[""인턴"", ""프로젝트""]","[""정보수집·분석 역량"", ""문제해결 능력"", ""실행력·업무처리 능력"", ""학습·성장 역량"", ""협업·팀워크""]","주식회사 아성다이소는 생활용품 전문점 다이소를 운영하는 국내 대표 유통 기업이며, 관계사들과 함께 다양한 사업을 영위하고 있습니다.","아성다이소 및 관계사의 지속적인 성장과 발전을 위해 영업, 상품, IT, 물류, 디자인 등 다양한 직무 분야에서 역량 있는 신입 및 경력 인재를 확보하는 것이 이 채용의 목적입니다.","영업 직무는 매장 관리, 영업 지원, 영업 비용 및 예산 운영을 담당합니다. 온라인사업 직무는 QA/PMO 및 모션/영상 디자인 업무를 수행합니다. 상품 직무는 욕실/청소/생활용품, 문구/선물포장, 식품, 반려동물, 화장품 등 다양한 카테고리의 상품을 기획하고 개발하며 소싱합니다. 디자인 직무는 VMD, 매장 그래픽 디자인, 영상 아트웍 디자인을 통해 브랜드 이미지를 구축합니다. 물동 직무는 고객 및 데이터 분석을 통해 비즈니스 인사이트를 도출합니다. 물류 직무는 물류 운영, 입고, 보충, 매장 분류/포장, 배차 관리, 시설 관리 및 안전 관리 등 전반적인 물류 프로세스를 담당합니다. IT 직무는 보안 인프라 구축 및 운영, 물류 시스템 개발 및 DBA 업무를 수행합니다. 해외영업 직무는 상품 개발 및 글로벌 소싱, 해외 영업 활동을 통해 시장을 확대합니다.","아성다이소는 2026년 8월 졸업 예정자 및 기 졸업한 대졸 이상의 신입 및 경력 사원을 모집합니다. 병역을 필하거나 면제받고 해외여행 및 건강상 결격사유가 없는 인재를 찾습니다. 지원자는 회사와 유통 산업에 대한 깊은 관심과 이해도를 바탕으로 회사 분석 리포트를 작성해야 합니다. 특히 경력 지원자는 경력기술서를, 신입 지원자는 인턴 및 직무 관련 경험을 상세히 기술해야 합니다. 디자인 관련 직무 지원자는 포트폴리오 제출이 필수이며, 해외영업 직무는 영어 또는 일본어 능통자를 우대합니다. 국가보훈대상자는 관련 법규에 의거하여 우대합니다.","[""성장 지향"", ""분석적"", ""소통"", ""직무 적합성""]","회사: 주식회사 아성다이소는 생활용품 전문점 다이소를 운영하는 국내 대표 유통 기업이며, 관계사들과 함께 다양한 사업을 영위하고 있습니다.
직무 목적: 아성다이소 및 관계사의 지속적인 성장과 발전을 위해 영업, 상품, IT, 물류, 디자인 등 다양한 직무 분야에서 역량 있는 신입 및 경력 인재를 확보하는 것이 이 채용의 목적입니다.
주요 업무: 영업 직무는 매장 관리, 영업 지원, 영업 비용 및 예산 운영을 담당합니다. 온라인사업 직무는 QA/PMO 및 모션/영상 디자인 업무를 수행합니다. 상품 직무는 욕실/청소/생활용품, 문구/선물포장, 식품, 반려동물, 화장품 등 다양한 카테고리의 상품을 기획하고 개발하며 소싱합니다. 디자인 직무는 VMD, 매장 그래픽 디자인, 영상 아트웍 디자인을 통해 브랜드 이미지를 구축합니다. 물동 직무는 고객 및 데이터 분석을 통해 비즈니스 인사이트를 도출합니다. 물류 직무는 물류 운영, 입고, 보충, 매장 분류/포장, 배차 관리, 시설 관리 및 안전 관리 등 전반적인 물류 프로세스를 담당합니다. IT 직무는 보안 인프라 구축 및 운영, 물류 시스템 개발 및 DBA 업무를 수행합니다. 해외영업 직무는 상품 개발 및 글로벌 소싱, 해외 영업 활동을 통해 시장을 확대합니다.
인재상: 아성다이소는 2026년 8월 졸업 예정자 및 기 졸업한 대졸 이상의 신입 및 경력 사원을 모집합니다. 병역을 필하거나 면제받고 해외여행 및 건강상 결격사유가 없는 인재를 찾습니다. 지원자는 회사와 유통 산업에 대한 깊은 관심과 이해도를 바탕으로 회사 분석 리포트를 작성해야 합니다. 특히 경력 지원자는 경력기술서를, 신입 지원자는 인턴 및 직무 관련 경험을 상세히 기술해야 합니다. 디자인 관련 직무 지원자는 포트폴리오 제출이 필수이며, 해외영업 직무는 영어 또는 일본어 능통자를 우대합니다. 국가보훈대상자는 관련 법규에 의거하여 우대합니다.",both,job_posting,"아성다이소 및 관계사에서 영업, 상품, IT, 물류, 디자인 등 다양한 직무 분야의 신입 및 경력사원을 공개 채용합니다.",[]
311425,주식회사 더파운더즈,[더파운더즈] 품질팀 QC 파트 리더,EXPERIENCED,#품질관리 #QC #품질보증 #품질전략 #품질리더 #품질팀장 #화장품QC #화장품품질 #책임판매관리자 #CGMP #품질시스템 #품질프로세스 #SOP관리 #품질지표 #KPI관리 #데이터기반 #품질데이터 #불량관리 #VOC분석 #CAPA #품질개선 #리스크관리 #리콜대응 #협력사관리 #공급사관리 #Audit #물류품질 #입출고품질 #SKU관리 #조직운영 #팀리딩 #리더십,,[],quality,[],"[""품질팀 QC 파트 리더""]","[""품질관리"", ""QC"", ""품질보증"", ""품질전략"", ""화장품QC"", ""화장품품질"", ""책임판매관리자"", ""CGMP"", ""품질시스템"", ""품질프로세스"", ""SOP관리"", ""품질지표"", ""KPI관리"", ""데이터기반"", ""품질데이터"", ""불량관리"", ""VOC분석"", ""CAPA"", ""품질개선"", ""리스크관리"", ""리콜대응"", ""협력사관리"", ""공급사관리"", ""Audit"", ""물류품질"", ""입출고품질"", ""SKU관리""]",[],beauty_cosmetics,unknown,mid_corp,unknown,"[""프로젝트""]","[""리더십·팔로워십"", ""정보수집·분석 역량"", ""문제해결 능력"", ""실행력·업무처리 능력""]",주식회사 더파운더즈는 화장품 산업에서 품질 관리 및 보증을 담당하는 회사입니다.,"화장품 제품의 전반적인 품질을 책임지고, 품질 시스템을 구축 및 운영하여 고객 만족과 기업 신뢰도를 높이는 데 기여합니다.","품질팀 QC 파트 리더로서 화장품 품질 관리 및 보증 업무를 총괄합니다. CGMP 기준에 맞춰 품질 시스템과 프로세스를 수립하고 SOP를 관리하며, 품질 지표(KPI)를 설정하고 모니터링합니다. 데이터 기반으로 품질 데이터를 분석하여 불량 원인을 파악하고 VOC를 분석하여 개선 방안을 도출합니다. CAPA 활동을 통해 품질을 지속적으로 개선하고, 리스크 관리 및 리콜 대응을 수행합니다. 또한, 협력사 및 공급사 품질 Audit을 진행하고 물류 입출고 품질 및 SKU 관리를 담당합니다.","화장품 QC 및 품질보증 분야에서 풍부한 경험을 갖춘 인재를 찾습니다. 책임판매관리자 자격을 보유하고 CGMP, 품질 시스템, SOP 관리 등 품질 프로세스에 대한 깊은 이해가 필수적입니다. 데이터 기반의 품질 지표 관리 및 분석 역량을 갖추고, 불량 및 VOC 분석을 통한 품질 개선(CAPA) 경험이 있는 분을 선호합니다. 리스크 관리 및 리콜 대응 능력과 협력사 Audit 경험이 중요하며, 조직 운영 및 팀 리딩 역량을 갖춘 리더십 있는 분을 환영합니다.","[""데이터드리븐"", ""품질중심"", ""리더십""]","회사: 주식회사 더파운더즈는 화장품 산업에서 품질 관리 및 보증을 담당하는 회사입니다.
직무 목적: 화장품 제품의 전반적인 품질을 책임지고, 품질 시스템을 구축 및 운영하여 고객 만족과 기업 신뢰도를 높이는 데 기여합니다.
주요 업무: 품질팀 QC 파트 리더로서 화장품 품질 관리 및 보증 업무를 총괄합니다. CGMP 기준에 맞춰 품질 시스템과 프로세스를 수립하고 SOP를 관리하며, 품질 지표(KPI)를 설정하고 모니터링합니다. 데이터 기반으로 품질 데이터를 분석하여 불량 원인을 파악하고 VOC를 분석하여 개선 방안을 도출합니다. CAPA 활동을 통해 품질을 지속적으로 개선하고, 리스크 관리 및 리콜 대응을 수행합니다. 또한, 협력사 및 공급사 품질 Audit을 진행하고 물류 입출고 품질 및 SKU 관리를 담당합니다.
인재상: 화장품 QC 및 품질보증 분야에서 풍부한 경험을 갖춘 인재를 찾습니다. 책임판매관리자 자격을 보유하고 CGMP, 품질 시스템, SOP 관리 등 품질 프로세스에 대한 깊은 이해가 필수적입니다. 데이터 기반의 품질 지표 관리 및 분석 역량을 갖추고, 불량 및 VOC 분석을 통한 품질 개선(CAPA) 경험이 있는 분을 선호합니다. 리스크 관리 및 리콜 대응 능력과 협력사 Audit 경험이 중요하며, 조직 운영 및 팀 리딩 역량을 갖춘 리더십 있는 분을 환영합니다.",experienced,job_posting,"주식회사 더파운더즈의 화장품 품질팀 QC 파트 리더로서, 전반적인 품질 관리 및 시스템 운영을 책임지고 팀을 리딩할 경험 있는 인재를 모집합니다.",[]
311424,에이티커니코리아 ,[Kearney Korea] RA(인턴) 모집 공고(AI),INTERN,"kearney Korea Research Analyst (Intern) 모집 공고 글로벌 경영 전략 컨설팅펌 Kearney Korea에서 Research Analyst를 모집합니다. 당사는 국내 최대 규모의 전략 컨설팅 회사로 세계적 수준의 전략, 운영 및 테크놀로지 Consulting Service를 제공하고 있습니다. * 포지션: Research Analyst (Intern) * * 근무기간: ASAP~6월 12일 (연장 가능) (* 파일명에 본인 근무 가능일자 기재 바랍니다.) * 근무지: 강남 필수사항 - Python 및 SQL 활용 능력 - LLM API 또는 오픈소스 모델 활용 프로젝트 경험 - 논리적 사고 기반의 문제 해결 및 원활한 커뮤니케이션 역량 - 새로운 기술을 빠르게 습득하고 실무에 적용하는 학습 능력 - 풀타임 근무 가능자 (졸업생 또는 재/휴학생) 우대사항 (우대사항에 해당하는 경우, Mail body에 기재 바랍니다.) - AI 에이전트 설계 및 고도화 경험 (LangGraph, MCP 등) - AI 서비스 기획/운영 또는 프로젝트 매니징(PM) 경험 - Python 웹프레임워크(FastAPI, Streamlit) 활용 프로토타이핑 경험 - 데이터베이스(BigQuery, VectorDB 등) 설계 및 활용 경험 주요업무 - LLM 기반 프롬프트 엔지니어링 및 성능 평가 파이프라인 구축 - Text2SQL 및 RAG를 활용한 데이터 분석 에이전트 설계/실험 - AI 기반 자동 리포트 생성 프로세스 개발 및 결과 시각화 - 최신 AI 기술/시장 트렌드 리서치 및 분석 인사이트 도출 - 프로젝트 기술 스택 검토 및 분석 보조 * 기타사항 - 남자의 경우, 병역 필 또는 면제자 등 - 외국 국적자의 경우, 취업 가능 비자 소지한 자 * 채용절차: 서류 전형 및 인터뷰 진행 * 제출서류 및 방법: 영문 resume (PDF only)를 로 송부 - 이메일 제목&파일명: RA_AI_홍길동(본인이름)_mm.dd~mm.dd(근무가능기간) * 제출기한: ASAP, 채용 시 마감 * 홈페이지: www.kearney.co.kr - 문의사항은 이메일( )로 주시기 바랍니다. -",,[],data_ai_ml,"[""consulting""]","[""Research Analyst (Intern)""]","[""Python"", ""SQL"", ""LLM API"", ""오픈소스 모델""]","[""LangGraph"", ""MCP"", ""FastAPI"", ""Streamlit"", ""BigQuery"", ""VectorDB"", ""AI 에이전트 설계"", ""AI 서비스 기획"", ""프로젝트 매니징""]",consulting_professional,서울,foreign_corp,office,"[""프로젝트"", ""인턴""]","[""문제해결 능력"", ""커뮤니케이션 역량"", ""학습·성장 역량""]","Kearney Korea는 글로벌 경영 전략 컨설팅펌으로, 국내 최대 규모의 전략 컨설팅 회사입니다. 세계적 수준의 전략, 운영 및 테크놀로지 컨설팅 서비스를 제공합니다.","이 직무는 최신 AI 기술을 활용하여 컨설팅 프로젝트의 리서치 및 분석 역량을 강화하고, LLM 기반 솔루션 개발을 통해 효율적인 데이터 분석 및 리포트 생성 프로세스를 구축하는 데 기여합니다.","주요 업무는 LLM 기반 프롬프트 엔지니어링 및 성능 평가 파이프라인을 구축하는 것입니다. Text2SQL 및 RAG 기술을 활용하여 데이터 분석 에이전트를 설계하고 실험하며, AI 기반 자동 리포트 생성 프로세스를 개발하고 그 결과를 시각화합니다. 또한, 최신 AI 기술 및 시장 트렌드를 리서치하고 분석하여 인사이트를 도출하며, 프로젝트 기술 스택 검토 및 분석 보조 업무를 수행합니다.","Python 및 SQL 활용 능력을 갖추고 LLM API 또는 오픈소스 모델 활용 프로젝트 경험이 있는 분을 찾습니다. 논리적 사고 기반의 문제 해결 능력과 원활한 커뮤니케이션 역량이 필수적이며, 새로운 기술을 빠르게 습득하고 실무에 적용하는 학습 능력이 중요합니다. AI 에이전트 설계 및 고도화 경험, AI 서비스 기획/운영 또는 프로젝트 매니징 경험, Python 웹프레임워크(FastAPI, Streamlit) 활용 프로토타이핑 경험, 데이터베이스(BigQuery, VectorDB 등) 설계 및 활용 경험이 있다면 우대합니다.",[],"회사: Kearney Korea는 글로벌 경영 전략 컨설팅펌으로, 국내 최대 규모의 전략 컨설팅 회사입니다. 세계적 수준의 전략, 운영 및 테크놀로지 컨설팅 서비스를 제공합니다.
직무 목적: 이 직무는 최신 AI 기술을 활용하여 컨설팅 프로젝트의 리서치 및 분석 역량을 강화하고, LLM 기반 솔루션 개발을 통해 효율적인 데이터 분석 및 리포트 생성 프로세스를 구축하는 데 기여합니다.
주요 업무: 주요 업무는 LLM 기반 프롬프트 엔지니어링 및 성능 평가 파이프라인을 구축하는 것입니다. Text2SQL 및 RAG 기술을 활용하여 데이터 분석 에이전트를 설계하고 실험하며, AI 기반 자동 리포트 생성 프로세스를 개발하고 그 결과를 시각화합니다. 또한, 최신 AI 기술 및 시장 트렌드를 리서치하고 분석하여 인사이트를 도출하며, 프로젝트 기술 스택 검토 및 분석 보조 업무를 수행합니다.
인재상: Python 및 SQL 활용 능력을 갖추고 LLM API 또는 오픈소스 모델 활용 프로젝트 경험이 있는 분을 찾습니다. 논리적 사고 기반의 문제 해결 능력과 원활한 커뮤니케이션 역량이 필수적이며, 새로운 기술을 빠르게 습득하고 실무에 적용하는 학습 능력이 중요합니다. AI 에이전트 설계 및 고도화 경험, AI 서비스 기획/운영 또는 프로젝트 매니징 경험, Python 웹프레임워크(FastAPI, Streamlit) 활용 프로토타이핑 경험, 데이터베이스(BigQuery, VectorDB 등) 설계 및 활용 경험이 있다면 우대합니다.",intern,internship_program,에이티커니코리아에서 AI 기술을 활용하여 컨설팅 프로젝트를 지원할 리서치 애널리스트 인턴을 모집합니다.,[]
311420,비웰코리아,[일본기업] 커리어 교육 상담 담당자 모집 #일본어 우대,INTERN,"포지션 일본취업 교육 담당 업무내용 한국 내 일본 취업을 희망하는 학생 및 구직자를 대상으로 한 상담 업무 일본 취업 관련 설명회 교육 행사 운영 및 진행 보조 학생의 취업 준비 전반에 대한 서포트 업무 자격요건 (필수) 일본어 비즈니스 레벨(JLPT N1/N2 레벨) 일본 기업 또는 일본계 기업 취업 준비 경험이 있으신 분 내부 커뮤니케이션이 원활한 자 개인 노트북을 지참하고 계신 분 VISA 인재상 상대방의 이야기를 잘 경청하고, 상황에 맞는 조언을 할 수 있는 분 누군가의 도전과 성장을 돕는 서포트 역할에 보람을 느끼는 분 책임감을 가지고 성실하게 업무에 임할 수 있는 분 우대사항 일본 기업/일본계 기업 근무 경력이 있으신 분 일본 기업 취업 내정자 환영! 교육 및 강의 경험이 있으신 분 직업상담사 자격증을 소지하고 계신 분 인턴 월급 230만 원 (1일 6시간 근무 기준 / 주 5일) 근무시간 시프트 제도 (12:00-18:00) 월요일 / 목요일 휴무 * 이벤트에 따라 근무시간 변경의 가능성이 있습니다. 근무지 (서울)일본취업카페 KOREC *원격 근무 불가",,[],education,"[""consulting""]","[""일본취업 교육 담당"", ""커리어 교육 상담 담당자""]","[""일본어"", ""JLPT N1"", ""JLPT N2"", ""개인 노트북""]","[""직업상담사 자격증"", ""교육 경험"", ""강의 경험""]",edu_tech,서울,foreign_corp,flexible,"[""인턴"", ""프로젝트""]","[""커뮤니케이션 역량"", ""고객·서비스 지향"", ""실행력·업무처리 능력""]",비웰코리아는 한국 내 일본 취업을 희망하는 학생 및 구직자를 대상으로 교육 및 상담 서비스를 제공하는 기업입니다.,일본 취업을 희망하는 구직자들이 성공적으로 일본 기업에 취업할 수 있도록 교육 및 상담을 통해 전반적인 준비 과정을 지원하고 성장을 돕는 역할입니다.,"한국 내 일본 취업을 희망하는 학생 및 구직자를 대상으로 상담 업무를 수행합니다. 일본 취업 관련 설명회 및 교육 행사를 운영하고 진행을 보조합니다. 학생들의 취업 준비 전반에 대한 서포트 업무를 담당하며, 이들의 성공적인 일본 취업을 지원합니다.","일본어 비즈니스 레벨(JLPT N1/N2)을 갖추고 일본 기업 또는 일본계 기업 취업 준비 경험이 있는 분을 찾습니다. 내부 커뮤니케이션이 원활하며 개인 노트북 지참이 가능해야 합니다. 상대방의 이야기를 잘 경청하고 상황에 맞는 조언을 할 수 있으며, 누군가의 도전과 성장을 돕는 역할에 보람을 느끼고 책임감을 가지고 성실하게 업무에 임할 수 있는 인재를 선호합니다. 일본 기업/일본계 기업 근무 경력이나 직업상담사 자격증 소지자는 우대합니다.","[""성장지원"", ""책임감"", ""성실"", ""서포트""]","회사: 비웰코리아는 한국 내 일본 취업을 희망하는 학생 및 구직자를 대상으로 교육 및 상담 서비스를 제공하는 기업입니다.
직무 목적: 일본 취업을 희망하는 구직자들이 성공적으로 일본 기업에 취업할 수 있도록 교육 및 상담을 통해 전반적인 준비 과정을 지원하고 성장을 돕는 역할입니다.
주요 업무: 한국 내 일본 취업을 희망하는 학생 및 구직자를 대상으로 상담 업무를 수행합니다. 일본 취업 관련 설명회 및 교육 행사를 운영하고 진행을 보조합니다. 학생들의 취업 준비 전반에 대한 서포트 업무를 담당하며, 이들의 성공적인 일본 취업을 지원합니다.
인재상: 일본어 비즈니스 레벨(JLPT N1/N2)을 갖추고 일본 기업 또는 일본계 기업 취업 준비 경험이 있는 분을 찾습니다. 내부 커뮤니케이션이 원활하며 개인 노트북 지참이 가능해야 합니다. 상대방의 이야기를 잘 경청하고 상황에 맞는 조언을 할 수 있으며, 누군가의 도전과 성장을 돕는 역할에 보람을 느끼고 책임감을 가지고 성실하게 업무에 임할 수 있는 인재를 선호합니다. 일본 기업/일본계 기업 근무 경력이나 직업상담사 자격증 소지자는 우대합니다.",intern,internship_program,"일본 취업 희망자를 대상으로 교육 및 상담을 제공하며, 일본어 능력을 바탕으로 구직자의 취업 준비를 지원하는 인턴 포지션입니다.",[]
311418,대홍기획,대홍기획 디지털 전략 AE 인턴,INTERN,"회사명 - 대홍기획 채용 포지션 - 디지털 전략 AE 인턴 ( 정규직 전환이 아닌 체험형 ) 업무 내용 - 소셜 채널 모니터링 - 소셜 채널 데이터 수집 및 관리 - 소셜 채널 운영 성과 리포트 작성 근무기간 및 지원조건 - 2026 년 4 월부터 출근 가능하신 분 (26 년 12 월까지 근무 가능자 / 1 개월 추가 연장 가능 ) 우대 사항 - PPT 및 Microsoft 문서 작성 능숙자 - 인스타그램 / 블로그 채널 운영 경험자 - 디지털 트렌드 인사이트 도출 가능하신 분 - 소셜 캠페인 , 디지털 트렌드에 관심 많으신 분 ( 유튜브 , SNS 등 ) 제출 서류 - 이력서 , 자기소개서 , 포트폴리오 지원 및 마감 기한 - 3/27( 금 ) ~ 3/31( 화 ) * 채용 시 마감 * 조기 마감될 수 있으니 빠른 시일 내에 지원 바랍니다 . 복지제도 - 대홍기획 내규에 따름 문의 및 접수 - 이메일 접수 : 으로 메일 접수",,[],marketing,"[""data_ai_ml""]","[""디지털 전략 AE 인턴""]","[""PPT"", ""Microsoft Office""]","[""인스타그램"", ""블로그"", ""유튜브"", ""SNS""]",media_entertainment,서울,large_corp,office,"[""인턴"", ""프로젝트"", ""대외활동""]","[""정보수집·분석 역량"", ""창의·혁신 역량"", ""학습·성장 역량""]","대홍기획은 국내 주요 광고 대행사 중 하나로, 다양한 브랜드의 마케팅 및 광고 캠페인을 기획하고 실행합니다.","디지털 전략 AE 인턴은 소셜 채널의 데이터를 분석하고 모니터링하여 디지털 캠페인의 성과를 향상시키고, 최신 트렌드를 반영한 전략 수립에 기여합니다.","주요 업무는 다양한 소셜 채널을 지속적으로 모니터링하여 시장 동향과 소비자 반응을 파악하는 것입니다. 또한, 소셜 채널에서 발생하는 데이터를 체계적으로 수집하고 관리하여 분석의 기반을 마련합니다. 수집된 데이터를 바탕으로 소셜 채널 운영 성과 리포트를 작성하며, 이를 통해 디지털 캠페인의 효과를 측정하고 개선 방안을 도출하는 데 기여합니다.","PPT 및 Microsoft 문서 작성에 능숙하며, 인스타그램이나 블로그 채널 운영 경험이 있는 분을 우대합니다. 디지털 트렌드에 대한 깊은 이해를 바탕으로 인사이트를 도출할 수 있는 역량을 갖추고 있어야 합니다. 특히 소셜 캠페인 및 유튜브, SNS 등 디지털 트렌드에 대한 높은 관심과 이해를 가진 분을 찾습니다.",[],"회사: 대홍기획은 국내 주요 광고 대행사 중 하나로, 다양한 브랜드의 마케팅 및 광고 캠페인을 기획하고 실행합니다.
직무 목적: 디지털 전략 AE 인턴은 소셜 채널의 데이터를 분석하고 모니터링하여 디지털 캠페인의 성과를 향상시키고, 최신 트렌드를 반영한 전략 수립에 기여합니다.
주요 업무: 주요 업무는 다양한 소셜 채널을 지속적으로 모니터링하여 시장 동향과 소비자 반응을 파악하는 것입니다. 또한, 소셜 채널에서 발생하는 데이터를 체계적으로 수집하고 관리하여 분석의 기반을 마련합니다. 수집된 데이터를 바탕으로 소셜 채널 운영 성과 리포트를 작성하며, 이를 통해 디지털 캠페인의 효과를 측정하고 개선 방안을 도출하는 데 기여합니다.
인재상: PPT 및 Microsoft 문서 작성에 능숙하며, 인스타그램이나 블로그 채널 운영 경험이 있는 분을 우대합니다. 디지털 트렌드에 대한 깊은 이해를 바탕으로 인사이트를 도출할 수 있는 역량을 갖추고 있어야 합니다. 특히 소셜 캠페인 및 유튜브, SNS 등 디지털 트렌드에 대한 높은 관심과 이해를 가진 분을 찾습니다.",intern,internship_program,"대홍기획 디지털 전략 AE 인턴은 소셜 채널 모니터링 및 데이터 분석을 통해 디지털 캠페인 성과 리포트를 작성하며, 디지털 트렌드에 관심 있는 인재를 찾습니다.",[]
311416,한국생산성본부(kpc),[서울투자진흥재단] 전략기획/사무행정 인턴 모집 (미래내일 일경험),INTERN,"[서울투자진흥재단] 전략기획/사무행정 인턴 모집 (미래내일 일경험) ~ 2026-03-29 모집부문 및 상세내용 전략 기획/사무 행정 채용 형태 - 인턴 3개월 지원방식 고용노동부 미래내일 일경험 인턴형 프로그램을 통해 서울투자진흥재단에서 인턴을 모집합니다. 인턴 경험에 관심있는 분들은 많은 관심 바랍니다. * 23시 59분 * 사전직무교육: 2026.04.09~04.10 * 일경험 기간: * 일경험 시간: 09:00-15:00 * 급여: 4주기준으로 지급 예정 / 150만원 * 신청방법: 청년 일경험 포털에서 신청 (회원가입 필수) ** 신청링크: 담당업무 1. 투자유치팀 - 글로벌투자자 네트워크 관리 및 서울기업 온오프라인 매칭 밋업 지원 2. 기업유치팀 - 해외 기업 유치 및 FDI(외투) 사업 지원 3. 투자기반팀 - 서울국제금융오피스(Seoul Financial Hub) 운영 지원 자격요건 최종학력 : 대학교 졸업이상 전공 : 경영대학(경영학과, 경제학과, 국제통상학과 등), 사회과학대학(사회언론정보학부, 광고홍보학과 등), 문과대학(영어영문 등) 등 O/A(요구역량) : 한글(워드), Excel, 파워포인트, 기타(망고보드, 미리캔버스 등 디자인 툴 사용 능숙) 외국어 : 영어 우대사항 : 공공기관, 기업 등 인턴 경험 유경험자 자격요건 학력 대학졸업(4년) 이상 근무조건 급여 월급 150만원 ~ 150만원 근무시간 주 5일(월~금) 09:00 ~ 15:00 서울투자진흥재단 서울 영등포구 국제금융로 10 국제금융오피스",,"[""https://yw.work24.go.kr/d/a/selectWkexPrgmList.do""]",management_support,"[""planning_strategy""]","[""전략 기획"", ""사무 행정""]","[""한글"", ""Excel"", ""파워포인트"", ""망고보드"", ""미리캔버스"", ""영어""]",[],public_ngo,서울,public_org,office,"[""인턴""]","[""글로벌·다문화 역량"", ""전략·기획 역량"", ""실행력·업무처리 능력""]","서울투자진흥재단은 서울의 투자 유치 및 해외 기업 유치를 지원하고, 서울국제금융오피스를 운영하는 공공기관입니다.","본 인턴십은 서울투자진흥재단에서 글로벌 투자자 네트워크 관리, 해외 기업 유치 지원, 서울국제금융오피스 운영 지원 등 전략 기획 및 사무 행정 업무를 보조하여 서울의 투자 환경 조성에 기여하는 것을 목표로 합니다.","투자유치팀에서는 글로벌 투자자 네트워크를 관리하고 서울 기업의 온오프라인 매칭 밋업을 지원합니다. 기업유치팀에서는 해외 기업 유치 및 FDI(외국인 직접 투자) 사업을 지원하는 역할을 수행합니다. 투자기반팀에서는 서울국제금융오피스(Seoul Financial Hub) 운영을 지원하며, 전반적인 전략 기획 및 사무 행정 업무를 담당하게 됩니다.","대학교 졸업 이상의 학력을 가진 지원자로, 경영, 경제, 국제통상, 사회언론정보, 광고홍보, 영어영문 등 관련 전공자를 우대합니다. 한글(워드), Excel, 파워포인트 등 OA 툴 사용에 능숙해야 하며, 망고보드, 미리캔버스 등 디자인 툴 활용 능력도 요구됩니다. 영어 능통자는 필수이며, 공공기관이나 기업에서의 인턴 경험이 있는 유경험자를 우대합니다.",[],"회사: 서울투자진흥재단은 서울의 투자 유치 및 해외 기업 유치를 지원하고, 서울국제금융오피스를 운영하는 공공기관입니다.
직무 목적: 본 인턴십은 서울투자진흥재단에서 글로벌 투자자 네트워크 관리, 해외 기업 유치 지원, 서울국제금융오피스 운영 지원 등 전략 기획 및 사무 행정 업무를 보조하여 서울의 투자 환경 조성에 기여하는 것을 목표로 합니다.
주요 업무: 투자유치팀에서는 글로벌 투자자 네트워크를 관리하고 서울 기업의 온오프라인 매칭 밋업을 지원합니다. 기업유치팀에서는 해외 기업 유치 및 FDI(외국인 직접 투자) 사업을 지원하는 역할을 수행합니다. 투자기반팀에서는 서울국제금융오피스(Seoul Financial Hub) 운영을 지원하며, 전반적인 전략 기획 및 사무 행정 업무를 담당하게 됩니다.
인재상: 대학교 졸업 이상의 학력을 가진 지원자로, 경영, 경제, 국제통상, 사회언론정보, 광고홍보, 영어영문 등 관련 전공자를 우대합니다. 한글(워드), Excel, 파워포인트 등 OA 툴 사용에 능숙해야 하며, 망고보드, 미리캔버스 등 디자인 툴 활용 능력도 요구됩니다. 영어 능통자는 필수이며, 공공기관이나 기업에서의 인턴 경험이 있는 유경험자를 우대합니다.",intern,internship_program,서울투자진흥재단에서 글로벌 투자 유치 및 사무 행정을 지원할 인턴을 모집합니다.,[]
311411,한국생산성본부(kpc),[한국자산관리공사] 대전/세종/광주 인턴 모집 (미래내일 일경험),INTERN,"[한국자산관리공사] 대전/세종/광주 인턴 모집 (미래내일 일경험) ~ 2026-03-29 모집부문 및 상세내용 사무 행정 채용 형태 - 인턴 5개월 지원방식 고용노동부 미래내일 일경험 인턴형 프로그램을 통해 한국자산관리공사에서 인턴을 모집합니다. 인턴 경험에 관심있는 분들은 많은 관심 바랍니다. * 23시 59분 * 사전직무교육: 2026.04.09~04.10 * 일경험 기간: * 일경험 시간: 13:00-18:00(월-금) * 급여: 4주기준으로 지급 예정 / 150만원 * 신청방법: 청년 일경험 포털에서 신청 (회원가입 필수) ** 신청링크: 담당업무 1. 가계기획처(부산) - 가계지원부문 경영평가 및 부서 조직성과평가 관리 - 공사의 담보부채권의 정기 관련 내규 제 개정 - 가계지원업무 관련 조사 연구 및 방안 수립 - 공사 무담보채권 관리 업무 관련 전산 등 업무 개선 2. 경기지역본부(수원) - 기획관리: 문서수발, 행사지원 - 채권관리: 부채증명원 발급, 원인서류 딥스 등 - 조세정리: 공매재산 신규수임 등록, 우편송달 검토 - 국유재산: 대부 및 매수신청서 관리, 문서 접수, 대장현황 점검 3. 경남지역본부(창원) - 채권관리: 부채증명원 발급, 원인서류 딥스 등 - 조세정리: 공매재산 신규수임 등록 - 국유재산: 국유재산 대부 및 매수신청서 접수 등 4. 경영지원실(부산) - 동반성장: 사회공헌, 기업문화, 동반성장 업무 지원 5. 경영지원실(서울) - 서울사옥 행낭 마감 및 부점별 배부, 스마트워크센터 및 임원실 관리 등 6. 광주전남지역본부(광주) - 조세정리: 공매재산 신규수임 등록 - 국유재산: 국유재산관리 및 실태조사 업무 지원 7. 국민행복기금관리처(부산) - 기획: 국민행복기금 사업운영 등 - 채권관리: 인수채권 비위탁채권 및 위탁채권 관리 등 - 소액대부 및 대위변제: 대위변제 이행 청구 심사 등 - 기금소송: 기금소송 수행 및 소송 종결 업무 등 8. 대구경북지역본부 포항지사(대구) - 채권관리: 부채증명원 발급, 새출발기금 창구 업무 지원 등 9. 대구경북지역본부(대구) - 기획: 비전자기록물 정리 등 - 채권관리: 원인서류 딥스, 송무업무 보조, 부채증명원 발급 등 - 국유재산: 국유재산 대부 및 매수신청서 접수 등 10. 대전충남지역본부(세종) - 국유재산: 국유재산 대부 및 매수신청서 접수 등 11. 대전충남지역본부(대전) - 국유재산: 국유재산 대부 및 매수신청서 접수 등 12. 디지털시스템실(부산) - 부서서무: 계약 및 업체방문 응대 및 미팅 회의실 관리 - 업무지원: 전산비품 관련 방문/전화 문의 응대 등 13. 부산지역본부(부산) - 국유재산: 국유재산 대부 및 매수신청서 접수 등 - 채권관리: 등기부등본 등 서류 출력, 사무보조 등 14. 서울서부지역본부(강남) - 채권관리: 부채증명원 발급, 원인서류 딥스 등 - 조세정리: 공매재산 신규수임 등록 등 - 국유재산: 국유재산 대부 및 매수신청서 접수 등 15. 채권연수처(부산) - 채권관리: 등기부등본 발급, 양수도계약서류 등 법원서류 관리 등 우대조건 무관 자격요건 학력 고등학교 졸업 이상 근무조건 급여 월급 150만원 ~ 150만원 근무시간 주 5일(월~금) 13:00 ~ 18:00 대전충남지역본부(국유세종팀) 대전 서구 한밭대로 797 대전충남지역본부 광주 서구 내방로 392 광주전남지역본부",,"[""https://yw.work24.go.kr/d/a/selectWkexPrgmList.do""]",management_support,[],"[""사무 행정 인턴"", ""가계기획처 인턴"", ""경기지역본부 인턴"", ""경남지역본부 인턴"", ""경영지원실 인턴"", ""광주전남지역본부 인턴"", ""국민행복기금관리처 인턴"", ""디지털시스템실 인턴""]",[],[],public_ngo,대전,public_org,office,"[""인턴""]","[""실행력·업무처리 능력"", ""정보수집·분석 역량"", ""협업·팀워크""]","한국자산관리공사는 국가 자산 및 채권 관리를 담당하는 공공기관으로, 이번 공고를 통해 미래내일 일경험 인턴을 모집합니다.","이 인턴십은 한국자산관리공사의 다양한 부서에서 사무 행정 및 자산 관리 관련 실무 경험을 제공하여, 참가자들이 공공기관의 업무를 이해하고 직무 역량을 개발할 수 있도록 돕기 위해 마련되었습니다.","인턴은 가계지원부문 경영평가 및 부서 조직성과평가 관리, 공사 담보부채권 관련 내규 제개정 지원, 가계지원업무 관련 조사 연구 및 방안 수립을 담당합니다. 또한, 문서 수발, 행사 지원, 부채증명원 발급, 원인서류 처리, 공매재산 신규 수임 등록, 우편 송달 검토 등 기획 및 채권 관리 업무를 수행합니다. 국유재산 대부 및 매수 신청서 관리, 실태 조사 업무 지원, 대장 현황 점검 등 국유재산 관리 업무도 포함됩니다. 동반성장, 사회공헌, 기업문화 업무 지원 및 전산 비품 관련 문의 응대 등 다양한 경영지원 및 디지털 시스템 지원 업무도 수행하게 됩니다.","고등학교 졸업 이상의 학력을 가진 지원자라면 누구나 지원 가능하며, 특별한 우대 조건은 없습니다. 한국자산관리공사에서 공공기관의 행정 및 자산 관리 업무에 대한 실무 경험을 쌓고 싶은 분들을 환영합니다.","[""공공성"", ""안정""]","회사: 한국자산관리공사는 국가 자산 및 채권 관리를 담당하는 공공기관으로, 이번 공고를 통해 미래내일 일경험 인턴을 모집합니다.
직무 목적: 이 인턴십은 한국자산관리공사의 다양한 부서에서 사무 행정 및 자산 관리 관련 실무 경험을 제공하여, 참가자들이 공공기관의 업무를 이해하고 직무 역량을 개발할 수 있도록 돕기 위해 마련되었습니다.
주요 업무: 인턴은 가계지원부문 경영평가 및 부서 조직성과평가 관리, 공사 담보부채권 관련 내규 제개정 지원, 가계지원업무 관련 조사 연구 및 방안 수립을 담당합니다. 또한, 문서 수발, 행사 지원, 부채증명원 발급, 원인서류 처리, 공매재산 신규 수임 등록, 우편 송달 검토 등 기획 및 채권 관리 업무를 수행합니다. 국유재산 대부 및 매수 신청서 관리, 실태 조사 업무 지원, 대장 현황 점검 등 국유재산 관리 업무도 포함됩니다. 동반성장, 사회공헌, 기업문화 업무 지원 및 전산 비품 관련 문의 응대 등 다양한 경영지원 및 디지털 시스템 지원 업무도 수행하게 됩니다.
인재상: 고등학교 졸업 이상의 학력을 가진 지원자라면 누구나 지원 가능하며, 특별한 우대 조건은 없습니다. 한국자산관리공사에서 공공기관의 행정 및 자산 관리 업무에 대한 실무 경험을 쌓고 싶은 분들을 환영합니다.",intern,internship_program,"한국자산관리공사에서 대전, 세종, 광주 등 전국 각지에서 사무 행정 및 자산 관리 업무를 수행할 미래내일 일경험 인턴을 모집합니다.",[]
311406,한국생산성본부(kpc),[한국자산관리공사] 서울/경기/부산/대구/경상 인턴 모집 (미래내일 일경험),INTERN,"[한국자산관리공사] 서울/경기/부산/대구/경상 인턴 모집 (미래내일 일경험) ~ 2026-03-29 모집부문 및 상세내용 사무 행정 채용 형태 - 인턴 5개월 지원 방식 고용노동부 미래내일 일경험 인턴형 프로그램을 통해 한국자산관리공사에서 인턴을 모집합니다. 인턴 경험에 관심있는 분들은 많은 관심 바랍니다. * 23시 59분 * 사전직무교육: 2026.04.09~04.10 * 일경험 기간: * 일경험 시간: 13:00-18:00(월-금) * 급여: 4주기준으로 지급 예정 / 150만원 * 신청방법: 청년 일경험 포털에서 신청 (회원가입 필수) ** 신청링크: 담당업무 1. 가계기획처(부산) - 가계지원부문 경영평가 및 부서 조직성과평가 관리 - 공사의 담보부채권의 정기 관련 내규 제 개정 - 가계지원업무 관련 조사 연구 및 방안 수립 - 공사 무담보채권 관리 업무 관련 전산 등 업무 개선 2. 경기지역본부(수원) - 기획관리: 문서수발, 행사지원 - 채권관리: 부채증명원 발급, 원인서류 딥스 등 - 조세정리: 공매재산 신규수임 등록, 우편송달 검토 - 국유재산: 대부 및 매수신청서 관리, 문서 접수, 대장현황 점검 3. 경남지역본부(창원) - 채권관리: 부채증명원 발급, 원인서류 딥스 등 - 조세정리: 공매재산 신규수임 등록 - 국유재산: 국유재산 대부 및 매수신청서 접수 등 4. 경영지원실(부산) - 동반성장: 사회공헌, 기업문화, 동반성장 업무 지원 5. 경영지원실(서울) - 서울사옥 행낭 마감 및 부점별 배부, 스마트워크센터 및 임원실 관리 등 6. 광주전남지역본부(광주) - 조세정리: 공매재산 신규수임 등록 - 국유재산: 국유재산관리 및 실태조사 업무 지원 7. 국민행복기금관리처(부산) - 기획: 국민행복기금 사업운영 등 - 채권관리: 인수채권 비위탁채권 및 위탁채권 관리 등 - 소액대부 및 대위변제: 대위변제 이행 청구 심사 등 - 기금소송: 기금소송 수행 및 소송 종결 업무 등 8. 대구경북지역본부 포항지사(대구) - 채권관리: 부채증명원 발급, 새출발기금 창구 업무 지원 등 9. 대구경북지역본부(대구) - 기획: 비전자기록물 정리 등 - 채권관리: 원인서류 딥스, 송무업무 보조, 부채증명원 발급 등 - 국유재산: 국유재산 대부 및 매수신청서 접수 등 10. 대전충남지역본부(세종) - 국유재산: 국유재산 대부 및 매수신청서 접수 등 11. 대전충남지역본부(대전) - 국유재산: 국유재산 대부 및 매수신청서 접수 등 12. 디지털시스템실(부산) - 부서서무: 계약 및 업체방문 응대 및 미팅 회의실 관리 - 업무지원: 전산비품 관련 방문/전화 문의 응대 등 13. 부산지역본부(부산) - 국유재산: 국유재산 대부 및 매수신청서 접수 등 - 채권관리: 등기부등본 등 서류 출력, 사무보조 등 14. 서울서부지역본부(강남) - 채권관리: 부채증명원 발급, 원인서류 딥스 등 - 조세정리: 공매재산 신규수임 등록 등 - 국유재산: 국유재산 대부 및 매수신청서 접수 등 15. 채권연수처(부산) - 채권관리: 등기부등본 발급, 양수도계약서류 등 법원서류 관리 등 자격요건 무관 자격요건 학력 고등학교 졸업 이상 근무조건 급여 월급 150만원 ~ 150만원 근무시간 13:00-18:00 가계기획처, 경영지원실(부산), 국민행복기금관리처, 디지털시스템실, 부산지역본부, 채권연수처 경기 수원시 영통구 월드컵로150번길 33 경기지역본부 경남 창원시 성산구 중앙대로 105 경남지역본부 서울 강남구 강남대로 450 경영지원실(서울), 서울서부지역본부 대구 중구 달구벌대로 2095 대구경북지역본부",,"[""https://yw.work24.go.kr/d/a/selectWkexPrgmList.do""]",management_support,"[""finance_investment""]","[""사무 행정""]",[],[],public_ngo,전국,public_org,office,"[""인턴""]","[""실행력·업무처리 능력"", ""정보수집·분석 역량"", ""커뮤니케이션 역량"", ""협업·팀워크""]","한국자산관리공사는 국가 자산의 효율적인 관리와 국민 경제 발전에 기여하는 공공기관입니다. 주로 채권 관리, 국유재산 관리, 기업 구조조정 지원 등의 업무를 수행합니다.","이 인턴십은 한국자산관리공사의 다양한 부서에서 사무 행정 및 자산 관리 관련 실무 경험을 제공하여 참가자의 직무 역량 강화를 돕고, 공공기관 업무에 대한 이해를 높이는 것을 목표로 합니다.","가계지원부문 경영평가 및 부서 조직성과평가 관리, 담보부채권 및 무담보채권 관련 내규 제개정 및 전산 업무 개선을 지원합니다. 또한 문서 수발, 행사 지원, 부채증명원 발급, 원인서류 관리, 공매재산 신규수임 등록, 우편 송달 검토 등 채권 및 조세정리 업무를 보조합니다. 국유재산 대부 및 매수신청서 관리, 실태조사 업무 지원, 비전자기록물 정리 등 국유재산 관리 업무도 수행합니다. 이외에도 사회공헌, 기업문화, 동반성장 업무 지원, 사옥 행낭 마감 및 임원실 관리, 전산 비품 관련 방문/전화 문의 응대 등 다양한 사무 행정 및 지원 업무를 담당합니다.","학력은 고등학교 졸업 이상이며, 특별한 자격요건은 없습니다. 공공기관의 행정 및 자산 관리 업무에 대한 관심과 배우고자 하는 의지를 가진 인재를 찾습니다. 다양한 부서의 지원 업무를 성실하고 책임감 있게 수행하며, 기본적인 문서 처리 능력과 원활한 의사소통 능력을 갖춘 분을 우대합니다.","[""안정""]","회사: 한국자산관리공사는 국가 자산의 효율적인 관리와 국민 경제 발전에 기여하는 공공기관입니다. 주로 채권 관리, 국유재산 관리, 기업 구조조정 지원 등의 업무를 수행합니다.
직무 목적: 이 인턴십은 한국자산관리공사의 다양한 부서에서 사무 행정 및 자산 관리 관련 실무 경험을 제공하여 참가자의 직무 역량 강화를 돕고, 공공기관 업무에 대한 이해를 높이는 것을 목표로 합니다.
주요 업무: 가계지원부문 경영평가 및 부서 조직성과평가 관리, 담보부채권 및 무담보채권 관련 내규 제개정 및 전산 업무 개선을 지원합니다. 또한 문서 수발, 행사 지원, 부채증명원 발급, 원인서류 관리, 공매재산 신규수임 등록, 우편 송달 검토 등 채권 및 조세정리 업무를 보조합니다. 국유재산 대부 및 매수신청서 관리, 실태조사 업무 지원, 비전자기록물 정리 등 국유재산 관리 업무도 수행합니다. 이외에도 사회공헌, 기업문화, 동반성장 업무 지원, 사옥 행낭 마감 및 임원실 관리, 전산 비품 관련 방문/전화 문의 응대 등 다양한 사무 행정 및 지원 업무를 담당합니다.
인재상: 학력은 고등학교 졸업 이상이며, 특별한 자격요건은 없습니다. 공공기관의 행정 및 자산 관리 업무에 대한 관심과 배우고자 하는 의지를 가진 인재를 찾습니다. 다양한 부서의 지원 업무를 성실하고 책임감 있게 수행하며, 기본적인 문서 처리 능력과 원활한 의사소통 능력을 갖춘 분을 우대합니다.",intern,internship_program,한국자산관리공사에서 사무 행정 및 자산 관리 지원 업무를 담당할 미래내일 일경험 인턴을 모집합니다.,[]
311405,(주)토탈현대,현대계열 채용연계형 인턴십 2기,INTERN,"현대계열 채용연계형 인턴십 2기 ~ 2026-04-12 모집부문 및 상세내용 현대계열 채용연계형 인턴십 2기 채용 형태 - 인턴 1개월 - 사원 담당업무 [담당업무] 현대해상 기계약관리 계약변경, 고객정보변경, 배서, 보험금 지급관리, 기타 고객관리 우대조건 [우대조건] 군 전역 간부 공모전 입상자 인근거주자 MS오피스 활용 가능 자격요건 학력 대학졸업(4년) 이상(졸업예정자 가능) 근무조건 급여 월급 300만원 ~ 300만원 근무시간 주 5일(월~금) 09:00 ~ 18:00 길 55 607호 복리후생 우수사원포상, 인센티브제, 자격증수당, 연차, 반차, 수평적 호칭사용, 야근강요 안함, 인재육성 중시, 사내동호회 지원, 음료, 간식 제공, 신입사원교육(OJT), 멘토링제도, 워크샵/MT, 자격증취득지원, 우수사원시상식, 시무식/종무식 행사, 각종 경조사 지원, 휴게실, 화장실비데",,[],cs_cx,[],"[""기계약관리""]",[],"[""MS오피스""]",finance_insurance,unknown,large_corp,office,"[""공모전""]","[""학습·성장 역량"", ""협업·팀워크""]","(주)토탈현대는 현대계열사로, 현대해상과 연계된 채용연계형 인턴십 프로그램을 운영합니다. 이 프로그램은 고객 관리 업무를 중심으로 진행됩니다.","이 직무는 현대해상 고객의 보험 계약을 효율적으로 관리하고 변경하며, 보험금 지급을 지원하여 고객 만족도를 높이는 데 기여합니다.","현대해상 기계약관리 업무를 수행하며, 고객의 계약 변경 요청을 처리하고 고객 정보를 업데이트합니다. 또한, 배서 업무를 처리하고 보험금 지급 관리를 지원합니다. 이 외에도 다양한 고객 관리 업무를 담당하여 고객 서비스 품질을 유지하고 향상시킵니다.","대학 졸업(4년) 이상 또는 졸업예정자로서 지원 가능합니다. MS오피스 활용이 가능하고 공모전 입상 경험이 있는 분을 우대합니다. 군 전역 간부 및 인근 거주자도 환영하며, 고객 관리 업무에 대한 이해와 책임감을 갖춘 인재를 찾습니다.","[""수평적"", ""인재육성"", ""야근없음""]","회사: (주)토탈현대는 현대계열사로, 현대해상과 연계된 채용연계형 인턴십 프로그램을 운영합니다. 이 프로그램은 고객 관리 업무를 중심으로 진행됩니다.
직무 목적: 이 직무는 현대해상 고객의 보험 계약을 효율적으로 관리하고 변경하며, 보험금 지급을 지원하여 고객 만족도를 높이는 데 기여합니다.
주요 업무: 현대해상 기계약관리 업무를 수행하며, 고객의 계약 변경 요청을 처리하고 고객 정보를 업데이트합니다. 또한, 배서 업무를 처리하고 보험금 지급 관리를 지원합니다. 이 외에도 다양한 고객 관리 업무를 담당하여 고객 서비스 품질을 유지하고 향상시킵니다.
인재상: 대학 졸업(4년) 이상 또는 졸업예정자로서 지원 가능합니다. MS오피스 활용이 가능하고 공모전 입상 경험이 있는 분을 우대합니다. 군 전역 간부 및 인근 거주자도 환영하며, 고객 관리 업무에 대한 이해와 책임감을 갖춘 인재를 찾습니다.",intern,internship_program,"현대계열 채용연계형 인턴십 2기 모집으로, 현대해상 기계약관리 및 고객 서비스 업무를 담당할 인턴을 찾습니다.",[]
311400,(주)삼구아이앤씨,신세계코스메틱 어뮤즈 BX디자인팀 웹디자인 인턴 채용,INTERN,"신세계코스메틱 어뮤즈 BX디자인팀 웹디자인 인턴 채용 2018년 론칭된 어뮤즈 는 '장원영 틴트'로 잘 알려진 코스메틱 비건 색조 브랜드 입니다. 어뮤즈 마케팅커뮤니케이션팀 에서 코스메틱에 관심많은분을 모집중이오니 많은 지원바랍니다. www.amusemakeup.com 모집부문 및 자격요건 모집분야 업무내용 및 상세 요구조건 및 지원자격 BX디자인팀 웹디자인 인턴 2명 자사몰 채널 프로모션 페이지, 배너, 웹디자인 전반적인 업무 및 디자인 관리 일본JP 채널 큐텐, SNS 컨텐츠, 광고소재 프로모션 웹디자인 업무 신규 런칭 제품 상세페이지 디자인, 키비주얼 디 자인 채널별 프로모션 기획전, 광고 소재 디자인 브랜드 웹 디자인 아트 소스 개발 및 디벨롭 국/내외 4년제 학사 이상 Adobe Photoshop , Illustrator등 디자인 Tool 상급 AI 이미지 생성 및 영상 제작 가능자 유연한 커뮤니케이션 및 뷰티 색조브랜드 이해도와 감도를 가지신 분 코스메틱 메이크업 브랜드 웹디자인 경력(우대) *포트폴리오 제출 압축필수( 10MB 내외 ) 근무조건 - 근무시작일 : ASAP 채용시 ~ - 근무 기간 : 채용시부터 6개월( 3개월계약후 합의&평가에 따른 연장검토 ) - 근무 형태 : 삼구아이앤씨 소속 파견계약직 인턴(신세계 그룹 경력증명서 발급 가능) 정규직전환X - 근무 시간 : 09:30~18:30 (8H근무, 1H휴게) - 근무지 : 서울시 강남구 도산대로 138, 10층 어뮤즈 - 월급 : 2,438,810( 세전. 8H근무기준. 식대비 포함 ) - 복리후생 : 4대보험. 연차. 명절상품권. 경조사지원 등 문의 및 이메일제출 : j - 서류합격자에 한해 2주일 이내 개별 통보 (서류불합격 개별안내X. 영업일기준 1주일 초과 미연락시 자동탈락) - 자유양식 이력서&자기소개서/포트폴리오 파일로 첨부 ( 포트폴리오 - 10MB이내 ) - 메일제목에 지원부서 어뮤즈 BX디자인팀 인턴 / 성명 반드시 표기 / 전형 미구분시 전달X",,[],design,[],"[""BX디자인팀 웹디자인 인턴""]","[""Adobe Photoshop"", ""Illustrator"", ""AI 이미지 생성"", ""영상 제작""]","[""웹디자인 경력""]",beauty_cosmetics,서울,large_corp,office,"[""프로젝트""]","[""커뮤니케이션 역량""]","신세계코스메틱 어뮤즈는 2018년 론칭된 비건 색조 브랜드로, '장원영 틴트'로 잘 알려져 있습니다.","어뮤즈 브랜드의 온라인 채널 웹디자인을 담당하여 프로모션 페이지, 배너, 상세페이지 등을 제작하고 브랜드 웹 디자인 아트 소스를 개발하여 브랜드 인지도와 매출 증대에 기여합니다.","자사몰 채널의 프로모션 페이지, 배너, 웹디자인 전반적인 업무 및 디자인 관리를 수행합니다. 일본JP 채널인 큐텐 및 SNS 컨텐츠, 광고소재 프로모션 웹디자인 업무를 담당합니다. 신규 런칭 제품의 상세페이지 디자인과 키비주얼 디자인을 제작하며, 채널별 프로모션 기획전 및 광고 소재 디자인을 개발합니다. 또한, 브랜드 웹 디자인 아트 소스를 개발하고 디벨롭하는 역할을 수행합니다.","국내외 4년제 학사 이상 학력을 갖추고 Adobe Photoshop, Illustrator 등 디자인 툴을 상급으로 활용할 수 있는 분을 찾습니다. AI 이미지 생성 및 영상 제작이 가능하며, 유연한 커뮤니케이션 능력과 뷰티 색조 브랜드에 대한 높은 이해도와 감도를 가지신 분을 우대합니다. 코스메틱 메이크업 브랜드 웹디자인 경력자를 우대하며, 포트폴리오 제출은 필수입니다.",[],"회사: 신세계코스메틱 어뮤즈는 2018년 론칭된 비건 색조 브랜드로, '장원영 틴트'로 잘 알려져 있습니다.
직무 목적: 어뮤즈 브랜드의 온라인 채널 웹디자인을 담당하여 프로모션 페이지, 배너, 상세페이지 등을 제작하고 브랜드 웹 디자인 아트 소스를 개발하여 브랜드 인지도와 매출 증대에 기여합니다.
주요 업무: 자사몰 채널의 프로모션 페이지, 배너, 웹디자인 전반적인 업무 및 디자인 관리를 수행합니다. 일본JP 채널인 큐텐 및 SNS 컨텐츠, 광고소재 프로모션 웹디자인 업무를 담당합니다. 신규 런칭 제품의 상세페이지 디자인과 키비주얼 디자인을 제작하며, 채널별 프로모션 기획전 및 광고 소재 디자인을 개발합니다. 또한, 브랜드 웹 디자인 아트 소스를 개발하고 디벨롭하는 역할을 수행합니다.
인재상: 국내외 4년제 학사 이상 학력을 갖추고 Adobe Photoshop, Illustrator 등 디자인 툴을 상급으로 활용할 수 있는 분을 찾습니다. AI 이미지 생성 및 영상 제작이 가능하며, 유연한 커뮤니케이션 능력과 뷰티 색조 브랜드에 대한 높은 이해도와 감도를 가지신 분을 우대합니다. 코스메틱 메이크업 브랜드 웹디자인 경력자를 우대하며, 포트폴리오 제출은 필수입니다.",intern,internship_program,신세계코스메틱 어뮤즈 BX디자인팀에서 비건 색조 브랜드의 웹디자인 및 프로모션 콘텐츠 제작을 담당할 인턴을 채용합니다.,[]
311398,한국생산성본부(kpc),[한국AI 로봇산업협회] 사무/행사운영 인턴 모집 (미래내일 일경험),INTERN,"[한국AI 로봇산업협회] 사무/행사운영 인턴 모집 (미래내일 일경험) ~ 2026-03-29 모집부문 및 상세내용 경영 사무 채용 형태 - 인턴 5개월 지원 방식 고용노동부 미래내일 일경험 인턴형 프로그램을 통해 한국AI 로봇산업협회에서 인턴을 모집합니다. 인턴 경험에 관심있는 분들은 많은 관심 바랍니다. * 23시 59분 * 사전직무교육: 2026.04.09~04.10 * 일경험 기간: * 일경험 시간: 13:00-18:00(월-금) * 급여: 4주기준으로 지급 예정 / 150만원 * 신청방법: 청년 일경험 포털에서 신청 (회원가입 필수) ** 신청링크: 담당업무 1. MICE 사업팀 - 국제로봇산업대전 운영 지원 - 국제로봇비즈니스컨퍼런스 운영 지원 2. 운영지원실 - 회계업무 사무 보조 - 로보컵 업무 보조 자격요건 전공 : 무관 O/A(요구역량) : 한글(워드), Excel, 파워포인트 외국어 : 무관 우대사항 : 영어능통자(MICE사업팀) 자격요건 학력 대학졸업(4년) 이상 근무조건 급여 월급 150만원 ~ 150만원 근무시간 13:00-18:00 (월-금 휴게시간 1시간 포함) (운영지원실) 서울 강남구 광평로39길 112 (MICE 사업팀)",,"[""https://yw.work24.go.kr/d/a/selectWkexPrgmList.do""]",management_support,"[""planning_strategy""]","[""경영 사무"", ""MICE 사업팀"", ""운영지원실"", ""국제로봇산업대전 운영 지원"", ""국제로봇비즈니스컨퍼런스 운영 지원"", ""회계업무 사무 보조"", ""로보컵 업무 보조""]","[""한글"", ""Excel"", ""파워포인트""]","[""영어""]",robotics,서울,public_org,office,"[""인턴""]","[""실행력·업무처리 능력"", ""협업·팀워크""]",한국생산성본부(kpc)는 한국AI 로봇산업협회와 연계하여 인턴을 모집합니다. 한국AI 로봇산업협회는 AI 및 로봇 산업 관련 다양한 사업을 수행하는 기관입니다.,"미래내일 일경험 인턴형 프로그램을 통해 사무 및 행사 운영을 지원하며, AI 로봇 산업 분야의 실무 경험을 제공하여 인턴의 성장을 돕습니다.","MICE 사업팀에서는 국제로봇산업대전 및 국제로봇비즈니스컨퍼런스 운영을 지원합니다. 운영지원실에서는 회계업무 사무 보조와 로보컵 업무 보조를 수행합니다. 전반적인 사무 및 행사 운영 지원을 통해 협회의 원활한 활동에 기여하고, AI 로봇 산업 관련 다양한 프로젝트에 참여할 수 있습니다.","전공 무관하게 지원 가능하며, 한글(워드), Excel, 파워포인트 등 기본적인 OA 활용 능력을 갖춘 인재를 찾습니다. MICE 사업팀의 경우 영어 능통자를 우대합니다. 대학 졸업(4년) 이상 학력 소지자를 선호하며, 미래내일 일경험 프로그램에 적극적으로 참여할 의지가 있는 분을 환영합니다.",[],"회사: 한국생산성본부(kpc)는 한국AI 로봇산업협회와 연계하여 인턴을 모집합니다. 한국AI 로봇산업협회는 AI 및 로봇 산업 관련 다양한 사업을 수행하는 기관입니다.
직무 목적: 미래내일 일경험 인턴형 프로그램을 통해 사무 및 행사 운영을 지원하며, AI 로봇 산업 분야의 실무 경험을 제공하여 인턴의 성장을 돕습니다.
주요 업무: MICE 사업팀에서는 국제로봇산업대전 및 국제로봇비즈니스컨퍼런스 운영을 지원합니다. 운영지원실에서는 회계업무 사무 보조와 로보컵 업무 보조를 수행합니다. 전반적인 사무 및 행사 운영 지원을 통해 협회의 원활한 활동에 기여하고, AI 로봇 산업 관련 다양한 프로젝트에 참여할 수 있습니다.
인재상: 전공 무관하게 지원 가능하며, 한글(워드), Excel, 파워포인트 등 기본적인 OA 활용 능력을 갖춘 인재를 찾습니다. MICE 사업팀의 경우 영어 능통자를 우대합니다. 대학 졸업(4년) 이상 학력 소지자를 선호하며, 미래내일 일경험 프로그램에 적극적으로 참여할 의지가 있는 분을 환영합니다.",intern,internship_program,"한국AI 로봇산업협회에서 사무 및 행사 운영을 지원할 인턴을 모집하며, MICE 사업 및 운영지원실 업무를 경험할 수 있습니다.",[]
311392,한국생산성본부(kpc),[코데이터솔루션(주)] 리서치/통계/사무 인턴 모집 (미래내일 일경험),INTERN,"[코데이터솔루션(주)] 리서치/통계/사무 인턴 모집 (미래내일 일경험) ~ 2026-03-29 모집부문 및 상세내용 경영 사무 채용 형태 - 인턴 3개월 지원방식 고용노동부 미래내일 일경험 인턴형 프로그램을 통해 코데이터솔루션에서 인턴을 모집합니다. 인턴 경험에 관심있는 분들은 많은 관심 바랍니다. * 23시 59분 * 사전직무교육: 2026.04.09~04.10 * 일경험 기간: * 일경험 시간: 09:30-15:30(월-금, 휴게시간 1시간 포함) * 급여: 4주기준으로 지급 예정 / 150만원 * 신청방법: 청년 일경험 포털에서 신청 (회원가입 필수) ** 신청링크: 담당업무 1. R&C본부(ESG 파트) - AI 기반 ESG 보고서 콘텐츠 개발 - 국내외 주요 ESG 이니셔티브 기준 맞춤 평가 및 컨설팅 모델 제작 2. R&C본부(리서치 파트) - 공공사회분야 제안서 및 보고서 작성 - 조사모집단 구축 및 정비 - 데이터 검증 및 통계분석 3. 리서치연구본부 - 조사기획 및 설계 - 보고서 및 제안서 작성 4. 사업지원센터 - 사업(프로젝트) 관리 및 평가업무 지원 5. D&R센터 - 자료 조사 관리 및 통계 관리 보조 6. 경영전략실 - 인사 경영지원 업무 - 총무 경영지원 업무 - 회계 경영지원 업무 자격요건 1. R&C본부(ESG 파트) 전공 : 무관 지식/기술: 환경, 안전관련 자격증 우대 O/A(요구역량) : 엑셀, 파워포인트 외국어 : 무관 기타: 원활한 커뮤니케이션 능력 및 ESG에 대한 기본 지식 보유 우대사항: 상경 계열, 환경 분야 관련 학과 우대 2. R&C파트(리서치 파트) 전공: 사회학, 통계학, 사회심리학 등 지식/기술: SPSS 활용능력 O/A(요구역량): 엑셀, 파워포인트, 한글 외국어: 무관 기타: 원활한 커뮤니케이션 능력 및 조사통계(리서치)에 대한 기본 지식 보유 우대사항: 사회조사분석사 2급 자격증 우대 3. 리서치연구본부 전공 : 통계학, 경영학, 경제학, 사회학, 심리학, 정치외교학, 행정학 등 지식/기술: 무관 O/A(요구역량) : 엑셀, 파워포인트, 한글 외국어 : 무관 우대사항: 사회조사분석사 2급 자격증, 조사방법론 및 통계에 대한 이해도가 우수한 자 우대 4. 사업지원센터 전공 : 무관 지식/기술: 무관 O/A(요구역량) : 무관 외국어 : 무관 5. D&R센터 전공 : 문과계열 포함, 통계학 지식/기술: 무관 O/A(요구역량) : 한글 외국어 : 무관 기타 : 차분하고 성실함 6. 경영전략실 전공 : 무관 지식/기술: 무관 O/A(요구역량) : 엑셀, 한글 외국어 : 무관 우대사항: 인사 및 회계 관련 자격증 소지자 우대 자격요건 학력 대학졸업(4년) 이상(졸업예정자 가능) 근무조건 급여 월급 150만원 ~ 150만원 근무시간 9:30 - 15:30 (일5시간, 주25시간) 층",,"[""https://yw.work24.go.kr/d/a/selectWkexPrgmList.do""]",management_support,"[""data_ai_ml"", ""planning_strategy""]","[""R&C본부(ESG 파트)"", ""R&C본부(리서치 파트)"", ""리서치연구본부"", ""사업지원센터"", ""D&R센터"", ""경영전략실""]","[""엑셀"", ""파워포인트"", ""한글"", ""SPSS"", ""ESG 기본 지식"", ""조사통계 기본 지식"", ""조사방법론 및 통계 이해""]","[""사회조사분석사 2급"", ""환경 관련 자격증"", ""안전 관련 자격증"", ""인사 관련 자격증"", ""회계 관련 자격증""]",consulting_professional,unknown,public_org,office,"[""인턴"", ""프로젝트""]","[""정보수집·분석 역량"", ""실행력·업무처리 능력"", ""커뮤니케이션 역량"", ""문제해결 능력""]","한국생산성본부(kpc)는 생산성 향상을 위한 교육, 컨설팅, 연구 등을 수행하는 기관이며, 코데이터솔루션(주)는 데이터 기반 솔루션을 제공하는 회사입니다.","미래내일 일경험 인턴 프로그램을 통해 다양한 직무 경험을 제공하고, 리서치, 데이터 분석, ESG 콘텐츠 개발 및 일반 사무 지원 업무를 수행할 인재를 모집합니다.","R&C본부(ESG 파트)에서는 AI 기반 ESG 보고서 콘텐츠를 개발하고, 국내외 주요 ESG 이니셔티브 기준에 맞춰 평가 및 컨설팅 모델을 제작하는 업무를 수행합니다. R&C본부(리서치 파트)에서는 공공사회분야 제안서 및 보고서를 작성하며, 조사모집단을 구축하고 정비합니다. 또한 데이터 검증 및 통계분석을 담당합니다. 리서치연구본부에서는 조사 기획 및 설계를 지원하고, 보고서 및 제안서 작성 업무를 수행합니다. 사업지원센터에서는 사업(프로젝트) 관리 및 평가 업무를 지원하며, D&R센터에서는 자료 조사 관리 및 통계 관리 보조 업무를 수행합니다. 경영전략실에서는 인사, 총무, 회계 등 경영지원 업무를 보조합니다.","전공 무관하나 사회학, 통계학, 사회심리학, 경영학, 경제학, 심리학, 정치외교학, 행정학 등 관련 전공자를 우대합니다. 엑셀, 파워포인트, 한글 등 OA 활용 능력이 필수이며, SPSS 활용 능력 및 사회조사분석사 2급 자격증 소지자를 우대합니다. ESG에 대한 기본 지식 및 환경/안전 관련 자격증 소지자, 조사통계(리서치)에 대한 기본 지식과 조사방법론 및 통계 이해도가 우수한 자를 우대합니다. 인사 및 회계 관련 자격증 소지자도 우대하며, 원활한 커뮤니케이션 능력과 차분하고 성실한 태도를 갖춘 인재를 찾습니다.","[""성장"", ""학습""]","회사: 한국생산성본부(kpc)는 생산성 향상을 위한 교육, 컨설팅, 연구 등을 수행하는 기관이며, 코데이터솔루션(주)는 데이터 기반 솔루션을 제공하는 회사입니다.
직무 목적: 미래내일 일경험 인턴 프로그램을 통해 다양한 직무 경험을 제공하고, 리서치, 데이터 분석, ESG 콘텐츠 개발 및 일반 사무 지원 업무를 수행할 인재를 모집합니다.
주요 업무: R&C본부(ESG 파트)에서는 AI 기반 ESG 보고서 콘텐츠를 개발하고, 국내외 주요 ESG 이니셔티브 기준에 맞춰 평가 및 컨설팅 모델을 제작하는 업무를 수행합니다. R&C본부(리서치 파트)에서는 공공사회분야 제안서 및 보고서를 작성하며, 조사모집단을 구축하고 정비합니다. 또한 데이터 검증 및 통계분석을 담당합니다. 리서치연구본부에서는 조사 기획 및 설계를 지원하고, 보고서 및 제안서 작성 업무를 수행합니다. 사업지원센터에서는 사업(프로젝트) 관리 및 평가 업무를 지원하며, D&R센터에서는 자료 조사 관리 및 통계 관리 보조 업무를 수행합니다. 경영전략실에서는 인사, 총무, 회계 등 경영지원 업무를 보조합니다.
인재상: 전공 무관하나 사회학, 통계학, 사회심리학, 경영학, 경제학, 심리학, 정치외교학, 행정학 등 관련 전공자를 우대합니다. 엑셀, 파워포인트, 한글 등 OA 활용 능력이 필수이며, SPSS 활용 능력 및 사회조사분석사 2급 자격증 소지자를 우대합니다. ESG에 대한 기본 지식 및 환경/안전 관련 자격증 소지자, 조사통계(리서치)에 대한 기본 지식과 조사방법론 및 통계 이해도가 우수한 자를 우대합니다. 인사 및 회계 관련 자격증 소지자도 우대하며, 원활한 커뮤니케이션 능력과 차분하고 성실한 태도를 갖춘 인재를 찾습니다.",intern,internship_program,"한국생산성본부의 코데이터솔루션에서 리서치, 통계, 사무 등 다양한 직무를 경험할 미래내일 일경험 인턴을 모집합니다.",[]
311381,주식회사 노타,[People & Culture] Culture Intern (체험형),INTERN,"우리 팀을 소개합니다. People & Culture 팀은 노타 구성원들이 공동의 목표에 몰입할 수 있는 환경과 문화를 함께 만들어가는 팀입니다. 채용, 인사정책, 조직 경험 등 구성원의 몰입과 성장을 돕는 입사 전부터 퇴사 후까지 의 여정을 함께하며, 매일 새로운 도전 속에서 더 나은 방식을 찾아갑니다. 또한 외부인의 시선이 아닌 동료로서 함께 고민하고 배우며 성장하는 러닝메이트(Learning Mate)로서의 역할도 중요하게 생각합니다. 해당 포지션으로 합류하신다면 노타다운 조직이란 무엇인지 정의한 후, 회사의 내외부인이 우리의 문화를 느낄 수 있는 경험과 철학을 입체적으로 전달합니다. 우리는 창의적인 아이디어를 통해 노타의 문화가 나아갈 길잡이의 역할을 하며, 현재 만들어지거나 개선이 필요한 제도를 점검하여 합리적인 방식으로 문화 정착을 돕습니다. 자신의 이야기는 물론, 타인의 이야기 또한 자신의 색깔을 담아내 다양한 형태로 재가공하고 발전시키는 것에 성취감과 재미를 느끼는 분과 함께 하고자 합니다. 주요 업무 노타가 어떤 문화를 가진 조직인지, 일하는 방식이 어떤지에 대해 내/외부에 알려요 노타 팀블로그 관리 및 콘텐츠 정기 투고 각종 채용/사내 브랜딩 기획물 제작 임직원과 회사가 마주하는 변화와 성장에 도움을 줄 수 있는 사내 콘텐츠 제작 노타의 건강한 문화를 활성화하는 프로그램을 기획하고 지원해요 리더십 원칙(LP)과 핵심 가치(CV) 내재화 프로그램 기획 구성원 성장과 조직 학습을 위한 L&D 프로그램 기획 보조 행사 기록, 회고, 분석을 통한 프로그램 개선 아이디에이션 신규입사자 온보딩 프로그램 진행 지원 자격요건 IT 스타트업과 AI 산업에 대해 남다른 관심을 가지고 계신 분 긍정적인 조직문화 형성에 열정적인 마음으로 업무에 임하실 수 있는 분 노타의 핵심 가치를 더욱 견고하게 만들기 위해 다양한 도전과 시도를 하실 수 있는 분 어디에서도 좋으니 대외적인 글을 써본 경험이 있으신 분 한 달에 N개 이상의 인터뷰 글을 작성할 자신이 있으신 분 정성적인 현상을 데이터나 지표로 옮겨보려 시도한 경험이 있는 분 작은 단서들을 연결해 맥락을 파악하는 것에 흥미를 느끼는 분 빠른 호흡의 변화와 속도에 적응할 준비가 되신 분 노타라는 조직에 처음부터 끝까지 애정과 관심을 쏟을 수 있는 분 4개월 이상 근무가 가능하신 분 해외 여행에 결격 사유가 없으신 분 우대사항 조직문화에 대해 스스로 공부하거나 주기적으로 아티클을 찾아 읽으시는 분 창의적인 시선으로 상황을 바라보고 재해석하는 것을 좋아하시는 분 규모, 대상과 상관없이 행사, 모임 등을 기획하거나 준비해 본 경험이 있으신 분 인터뷰, 취재, 대화를 듣고 글로 풀어본 경험이 있는 분 다양한 AI 툴을 업무 효율 극대화를 위해 활용할 줄 아시는 분 실력과 상관 없이 사진과 기록에 흥미와 관심이 있는 분 영어 활용이 가능하신 분 지원 방법 이력서와 자기소개서 제출 [자기소개서 포함 항목] 지원동기 스토리 작성 (택1) 더 넓은 가능성의 영역에서 더 나은 선택지를 만들어내다 라는 주제로 글을 작성해 주세요. 노타의 LP(Leadership Principles) 중 하나를 바꾼다면 왜, 어떤 방식으로 바꾸고 싶은지 작성해 주세요. [자기소개서 작성 시, 아래 내용을 참고해 주세요] 분량은 2000자 내외로 작성해 주세요. 수치적 나열(예: 지원율을 20%에서 80%로 높였다. 등)보다 사소한 한 가지 일이라도 본인의 철학과 생각을 담은 내용을 기대합니다. 실패했던 경험이어도, 별것 아닌 것으로 보여도 괜찮아요. 결과나 내용보다는 내 생각을 풀어나가는 방식에 초점을 맞추고 있습니다. 이미지, 사진 등 다양한 재료가 들어가도 좋습니다. 채용 절차 서류 검토 1차 인터뷰 2차 인터뷰 입사 일자 협의 최종 선발 (절차 간에 추가적인 과제가 있을 수 있습니다.) 근무 기간 최소 4개월 (이후 협의 가능) 팀의 메세지 People & Culture 팀은 변화에 빠르게 반응하고 구성원의 경험을 가장 중요한 기준으로 삼는 팀입니다. 더 나아가 컬쳐 인턴 역할은 단순히 문화를 소개하는 사람이 아니라, 노타의 여러 순간을 관찰하고 해석하고 다시 이야기로 만드는 역할에 가깝습니다. 회사에서 일어나는 크고 작은 경험이 어떤 메시지로 전해져야 하는지, 변화의 흐름을 어떤 방식으로 프로그램과 콘텐츠로 만들 수 있는지 고민하는 과정에서 자연스럽게 브랜딩과 내부 커뮤니케이션, 조직문화 설계의 기본기를 익힐 수 있습니다. 이 포지션은 실제로 문화가 움직이는 현장 한가운데에서 일하게 됩니다. 온보딩 지원, 팀블로그 인터뷰, 리더십과 가치 내재화 프로그램 운영, 행사 기획과 기록처럼 회사의 정체성과 분위기를 만들어가는 여러 실무를 직접 경험하게 됩니다. 스타트업의 조직문화가 어떻게 설계되고 실험되고 고도화되는지 처음부터 끝까지 가까운 자리에서 배울 수 있다는 점은 본인의 커리어에도 의미 있는 경험이 될 것이라 생각합니다. 지원 전, 확인해주세요! 해당 공고는 상시 채용으로, 채용 완료 시 조기 마감될 수 있습니다. 이력서 내 연봉 정보 등 민감한 개인 정보가 기재되어 있다면, 해당 서류는 검토되지 않을 수 있습니다. 제출해 주신 내용 중",,[],hr,"[""marketing"", ""planning_strategy""]","[""Culture Intern""]","[""글쓰기"", ""인터뷰"", ""데이터 분석""]","[""행사 기획"", ""AI 툴 활용"", ""사진 촬영"", ""기록"", ""영어""]",ai_data,unknown,startup,unknown,"[""프로젝트""]","[""협업·팀워크"", ""창의·혁신 역량"", ""정보수집·분석 역량"", ""문제해결 능력"", ""실행력·업무처리 능력""]","노타는 AI 산업 분야의 IT 스타트업으로, 구성원들이 공동의 목표에 몰입하고 성장할 수 있는 조직 문화와 환경을 조성하는 데 힘쓰고 있습니다.","이 직무는 노타의 독자적인 조직 문화를 정의하고, 이를 내외부에 효과적으로 전달하여 구성원들의 몰입과 성장을 돕는 데 기여합니다.","노타의 People & Culture 팀에서 컬쳐 인턴은 노타의 독특한 문화와 일하는 방식을 내외부에 알리는 역할을 수행합니다. 팀블로그를 관리하고 정기적으로 콘텐츠를 투고하며, 채용 및 사내 브랜딩을 위한 기획물을 제작합니다. 또한 임직원의 변화와 성장을 지원하는 사내 콘텐츠를 제작하고, 노타의 건강한 문화를 활성화하기 위한 다양한 프로그램을 기획하고 지원합니다. 리더십 원칙과 핵심 가치 내재화 프로그램, 구성원 성장 및 조직 학습을 위한 L&D 프로그램 기획을 보조하며, 행사 기록, 회고, 분석을 통해 프로그램 개선 아이디어를 도출하고 신규 입사자 온보딩 프로그램을 지원합니다.","IT 스타트업과 AI 산업에 대한 깊은 관심과 이해를 바탕으로 긍정적인 조직문화 형성에 열정적으로 기여할 인재를 찾습니다. 노타의 핵심 가치를 강화하기 위한 다양한 도전과 시도를 즐기며, 대외적인 글쓰기 경험을 통해 노타의 문화를 효과적으로 전달할 수 있는 분을 선호합니다. 정성적인 현상을 데이터나 지표로 분석하려는 시도와 작은 단서들을 연결하여 맥락을 파악하는 능력을 갖춘 분을 우대합니다. 조직문화에 대한 꾸준한 학습과 창의적인 시각으로 상황을 재해석하는 것을 즐기며, 행사 기획 및 운영 경험과 AI 툴 활용 능력, 그리고 영어 활용이 가능한 분은 더욱 환영합니다.","[""몰입"", ""도전"", ""성장"", ""창의"", ""빠른실행"", ""협업""]","회사: 노타는 AI 산업 분야의 IT 스타트업으로, 구성원들이 공동의 목표에 몰입하고 성장할 수 있는 조직 문화와 환경을 조성하는 데 힘쓰고 있습니다.
직무 목적: 이 직무는 노타의 독자적인 조직 문화를 정의하고, 이를 내외부에 효과적으로 전달하여 구성원들의 몰입과 성장을 돕는 데 기여합니다.
주요 업무: 노타의 People & Culture 팀에서 컬쳐 인턴은 노타의 독특한 문화와 일하는 방식을 내외부에 알리는 역할을 수행합니다. 팀블로그를 관리하고 정기적으로 콘텐츠를 투고하며, 채용 및 사내 브랜딩을 위한 기획물을 제작합니다. 또한 임직원의 변화와 성장을 지원하는 사내 콘텐츠를 제작하고, 노타의 건강한 문화를 활성화하기 위한 다양한 프로그램을 기획하고 지원합니다. 리더십 원칙과 핵심 가치 내재화 프로그램, 구성원 성장 및 조직 학습을 위한 L&D 프로그램 기획을 보조하며, 행사 기록, 회고, 분석을 통해 프로그램 개선 아이디어를 도출하고 신규 입사자 온보딩 프로그램을 지원합니다.
인재상: IT 스타트업과 AI 산업에 대한 깊은 관심과 이해를 바탕으로 긍정적인 조직문화 형성에 열정적으로 기여할 인재를 찾습니다. 노타의 핵심 가치를 강화하기 위한 다양한 도전과 시도를 즐기며, 대외적인 글쓰기 경험을 통해 노타의 문화를 효과적으로 전달할 수 있는 분을 선호합니다. 정성적인 현상을 데이터나 지표로 분석하려는 시도와 작은 단서들을 연결하여 맥락을 파악하는 능력을 갖춘 분을 우대합니다. 조직문화에 대한 꾸준한 학습과 창의적인 시각으로 상황을 재해석하는 것을 즐기며, 행사 기획 및 운영 경험과 AI 툴 활용 능력, 그리고 영어 활용이 가능한 분은 더욱 환영합니다.",intern,internship_program,노타의 People & Culture 팀에서 조직문화 콘텐츠 기획 및 프로그램 운영을 담당할 체험형 인턴을 모집합니다.,[]
311376,피에프씨테크놀로지스,iOS Engineer(iOS 엔지니어),EXPERIENCED,"PFC Technologies ""EXTRAORDINARY FINANCE FOR THE ORDINARY"" 보통 사람을 위한 보통이 아닌 금융 한국은 물론, 진출한 모든 시장에서 불가능하다고 여겨졌던 이정표들을 달성하고 있는 PFCT는 독보적인 금융 기술(Lending Tech) 전문성으로 아시아 금융 환경을 재편하고 있어요. 대한민국 최고의 온투금융사 B2B AI 솔루션 서비스로 9 개국에서 사업을 영위하고 있는 극소수의 AI 금융기술회사 대형 테크회사보다 높은 공헌 이익률 약 80%, 분기 손익분기점을 달성하며 빠르게 성장 중인 스타트업 창의적인 사업 전략과 혁신적인 기술력으로 '보통 사람을 위한 보통이 아닌 금융'을 구현할, 한국을 넘어 아시아 전역에서 활약하는 사업 활동에 가슴 뛰는 최고의 인재를 기다리고 있어요. 지금, PFCT와 함께해요! Client Team은, PFCT 투자-대출 메인 플랫폼인 크플 의 앱/웹 어플리케이션을 개발하는 팀으로, 고객이 AI 금융 서비스를 쉽고 간편하게 이용할 수 있도록 주도적으로 문제를 찾고 개선해요. 고객에게 최고의 금융 경험을 제공하기 위해 크게 5 가지 서비스의 완성도를 높여요. 채권형 투자/대출 AI 대출 능력 관리 AI 대출 상품 비교 앱테크 및 챌린지 리테일 상품 핫딜 저희 팀은 빠른 러닝 커브와 실행력을 가진 동료들로 구성되어 있으며, 프론트엔드 iOS Android 개발자들이 원팀이 되어 서로의 의견을 존중하며 투명하게 소통하고, PO 디자이너 마케터 등 여러 동료들과 긴밀하게 커뮤니케이션 해요. 자발적인 스터디 활동을 통해 새로운 지식이나 기술 트렌드를 공유하며, 어려움이나 고민은 함께 해결하는 개발 문화를 가지고 있어요. 누적 150만 유저, 누적 취급액 2조 5천억을 향해가는 플랫폼 개발 과정에서 주도적으로 의견을 내고 참여할 수 있어요. 트렌디한 기술들을 금융, 리테일 등 다양한 산업에 접목할 수 있는 장점을 가지고 있으며, 금융 도메인만 익히는 게 아닌 다양한 분야로 커리어를 쌓아나가며, 주도적으로 일을 할 수 있어요. 여러 유명 컨퍼런스에 연사로 참여할 만큼, 클라이언트 팀은 프론 트엔드 기술 발전에 큰 관심을 가지고 있어요. 관련 링크 우리의 기술력을 세계에 펼친 iOS개발자 KWDC24: 개발자로서의 도약 을 꿈꾸며 iOS Engineer는, 합류하면 이런 일을 해요 크플 앱의 사용자 경험을 책임지고 개발해요. 투자/대출 서비스의 핵심 플로우를 개선하고, 새로운 금융 경험을 제공하는 신규 기능을 주도적으로 개발해요. 단순한 기능 개발을 넘어, 앱 기반의 금융 상품이나 기능을 스스로 기획하고 실험해볼 수 있는 환경이 열려 있어요. 금융을 넘어 리테일 등 다양한 산업군에 트렌디한 기술을 접목하며 폭넓은 기술적 인사이트를 얻을 수 있어요. 여러 도메인에 걸쳐 얻은 인사이트들을 기반으로 금융앱에 대한 아이데이션을 하며, 적극적인 소통으로 보다 완성도 높은 앱을 만들어요. 저희는 이런 분을 찾고 있어요 Swift 기반 iOS 경력이 2년 이상 또는 그에 준하는 실력을 갖춘 분 SwiftUI 기반 선언형 방식의 개발에 익숙한 분 Combine 또는 Swift Concurrency 로 안정적인 비동기 로직과 상태 관리 구현 경험이 있는 분 MVVM 아키텍처 패턴에 대한 이해 및 프로덕트 적용 경험이 있는 분 이런 경험을 가진 분이면 더 좋아요 유닛 테스트 및 UI 테스트 자동화 경험이 있는 분 다양한 디자인 패턴을 프로덕트에 실제 적용해본 경험이 있는 분 유지 보수성과 성능을 고려한 코드 리팩토링 및 구조 개선을 주도해본 경험이 있는 분 능동적으로 유저 관점에서 고민하고, 고객이 겪는 문제점을 기술로 해결하고자 하 분 코드 리뷰를 통해 동료와 함께 성장하고, 새로운 기술 트렌드를 학습하고 공유하는 것을 즐기는 분 합류 여정에 대해 알려드려요 채용 프로세스 서류 전형 온라인 코딩 테스트 및 사전 인터뷰 설문 1차 인터뷰(Job-Fit) 2차 인터뷰(Culture Fit) 3차 인터뷰(Final) 처우 협의 최종 합류 지원 서류 이력서(필수/자유 양식) 포트폴리오(선택) 제출 형식: PDF 파일 권장 안내 사항 내부 사정에 따라 채용 일정 또는 절차가 변경될 수 있으며, 변경 시 별도 안내 드릴 예정입니다. 제출 서류에",,[],software_dev,[],"[""iOS Engineer"", ""Client Team""]","[""Swift"", ""iOS"", ""SwiftUI"", ""Combine"", ""Swift Concurrency"", ""MVVM""]","[""유닛 테스트"", ""UI 테스트 자동화"", ""디자인 패턴"", ""코드 리팩토링"", ""구조 개선""]",finance_fintech,서울,startup,unknown,"[""프로젝트""]","[""문제해결 능력"", ""실행력·업무처리 능력"", ""커뮤니케이션 역량"", ""협업·팀워크"", ""학습·성장 역량""]","PFC Technologies는 '보통 사람을 위한 보통이 아닌 금융'을 목표로 독보적인 금융 기술(Lending Tech) 전문성으로 아시아 금융 환경을 재편하고 있는 AI 금융기술회사입니다. 대한민국 최고의 온투금융사 B2B AI 솔루션 서비스로 9개국에서 사업을 영위하며, 높은 공헌 이익률과 빠른 성장을 보이고 있습니다.","Client Team의 iOS Engineer는 PFCT의 투자-대출 메인 플랫폼 '크플' 앱의 사용자 경험을 책임지고 개발하며, 고객이 AI 금융 서비스를 쉽고 간편하게 이용할 수 있도록 최고의 금융 경험을 제공하는 것이 목표입니다.","크플 앱의 사용자 경험을 책임지고 개발하며, 투자/대출 서비스의 핵심 플로우를 개선하고 새로운 금융 경험을 제공하는 신규 기능을 주도적으로 개발합니다. 단순한 기능 개발을 넘어, 앱 기반의 금융 상품이나 기능을 스스로 기획하고 실험해볼 수 있는 환경이 열려 있습니다. 금융을 넘어 리테일 등 다양한 산업군에 트렌디한 기술을 접목하며 폭넓은 기술적 인사이트를 얻고, 여러 도메인에 걸쳐 얻은 인사이트를 기반으로 금융앱에 대한 아이데이션을 하며 적극적인 소통으로 완성도 높은 앱을 만듭니다.","Swift 기반 iOS 개발 경력 2년 이상 또는 그에 준하는 실력을 갖춘 분을 찾습니다. SwiftUI 기반 선언형 방식 개발에 익숙하고, Combine 또는 Swift Concurrency로 안정적인 비동기 로직과 상태 관리 구현 경험이 필요합니다. MVVM 아키텍처 패턴에 대한 이해 및 프로덕트 적용 경험이 중요하며, 유닛 테스트 및 UI 테스트 자동화, 다양한 디자인 패턴 적용, 유지 보수성과 성능을 고려한 코드 리팩토링 및 구조 개선 경험이 있다면 더욱 좋습니다. 능동적으로 유저 관점에서 고민하고 고객 문제 해결에 기여하며, 코드 리뷰를 통해 동료와 성장하고 새로운 기술 트렌드를 학습하고 공유하는 것을 즐기는 분을 선호합니다.","[""빠른실행"", ""소통"", ""협업"", ""학습"", ""기술중심"", ""주도적""]","회사: PFC Technologies는 '보통 사람을 위한 보통이 아닌 금융'을 목표로 독보적인 금융 기술(Lending Tech) 전문성으로 아시아 금융 환경을 재편하고 있는 AI 금융기술회사입니다. 대한민국 최고의 온투금융사 B2B AI 솔루션 서비스로 9개국에서 사업을 영위하며, 높은 공헌 이익률과 빠른 성장을 보이고 있습니다.
직무 목적: Client Team의 iOS Engineer는 PFCT의 투자-대출 메인 플랫폼 '크플' 앱의 사용자 경험을 책임지고 개발하며, 고객이 AI 금융 서비스를 쉽고 간편하게 이용할 수 있도록 최고의 금융 경험을 제공하는 것이 목표입니다.
주요 업무: 크플 앱의 사용자 경험을 책임지고 개발하며, 투자/대출 서비스의 핵심 플로우를 개선하고 새로운 금융 경험을 제공하는 신규 기능을 주도적으로 개발합니다. 단순한 기능 개발을 넘어, 앱 기반의 금융 상품이나 기능을 스스로 기획하고 실험해볼 수 있는 환경이 열려 있습니다. 금융을 넘어 리테일 등 다양한 산업군에 트렌디한 기술을 접목하며 폭넓은 기술적 인사이트를 얻고, 여러 도메인에 걸쳐 얻은 인사이트를 기반으로 금융앱에 대한 아이데이션을 하며 적극적인 소통으로 완성도 높은 앱을 만듭니다.
인재상: Swift 기반 iOS 개발 경력 2년 이상 또는 그에 준하는 실력을 갖춘 분을 찾습니다. SwiftUI 기반 선언형 방식 개발에 익숙하고, Combine 또는 Swift Concurrency로 안정적인 비동기 로직과 상태 관리 구현 경험이 필요합니다. MVVM 아키텍처 패턴에 대한 이해 및 프로덕트 적용 경험이 중요하며, 유닛 테스트 및 UI 테스트 자동화, 다양한 디자인 패턴 적용, 유지 보수성과 성능을 고려한 코드 리팩토링 및 구조 개선 경험이 있다면 더욱 좋습니다. 능동적으로 유저 관점에서 고민하고 고객 문제 해결에 기여하며, 코드 리뷰를 통해 동료와 성장하고 새로운 기술 트렌드를 학습하고 공유하는 것을 즐기는 분을 선호합니다.",experienced,job_posting,PFC Technologies에서 금융 기술 플랫폼 '크플'의 iOS 앱 사용자 경험을 책임지고 개발할 2년 이상 경력의 iOS 엔지니어를 모집합니다.,[]
311374,KGL America Inc.,[미국인턴/플로리다] KGL America 플로리다 법인 Logistics Operations 부문 채용,INTERN,"KGL America Inc. Address : 1800 NW 129th Ave STE 108, Miami, FL Website : KGL America Inc.는 글로벌 물류 네트워크를 갖춘 국제 종합 물류기업으로, KGL America Inc.는 미국 캘리포니아주 Gardena에 본사를 두고 있습니다. 미국 로스앤젤레스를 비롯해 마이애미, 샌디에이고 등에 지사를 운영하고 있습니다. 해상 및 항공 운송, 통관, 창고 운영, 공급망 관리 등 다양한 물류 서비스를 제공합니다. 한국, 중국, 베트남 등과의 무역이 활발하며, 전 세계 15개국 27개 지사와 협력하는 글로벌 네트워크를 보유하고 있습니다. 2007년 설립 이후 지속적인 확장을 이어가고 있는 성장하는 기업으로, 전문성과 팀워크를 바탕으로 고객 중심의 서비스를 제공합니다. 플로리다 남부의 물류 및 무역 중심지인 Doral 지역 인근에 위치해 있으며, 마이애미 국제공항(MIA) 및 주요 항만과 가까워 국제 물류 거점으로 최적화된 위치입니다. 해당 지역은 중남미와의 무역이 활발한 글로벌 관문이며, 다양한 다국적 기업 및 물류회사들이 밀집해 있어 국제 비즈니스 경험을 쌓기에 유리한 환경입니다. 주변에는 쇼핑몰, 한인 식당, 주거시설 등 생활 인프라가 잘 갖춰져 있고, 따뜻한 기후와 다양한 문화가 공존하는 도시 특성상 정착 및 생활 만족도가 높은 편입니다. 영어 및 스페인어 환경에 익숙하거나, 물류 무역 분야에서 경력을 쌓고자 하는 분들께 적합한 근무지입니다. 모집안내 채용부문 : Logistics Operations 근무기간 : 12개월 이상 근무시간 : 09:00AM - 18:00PM (1hr lunch) 급여 : $18/an hour 연 환산급여 : 약 $37,440 /a year (주 40시간 52주 근무 기준 이며, 주말 및 공휴일 over time 근무에 따라 변동 가능) 급여 외 보상 : 중식제공, 유급 병가 제공 Job Description 해상 및 항공 물류 관련 운영 업무 지원 및 보조 고객 대응 및 지원 (이메일 전화 커뮤니케이션) 통관 및 물류 서류 관리 보조 창고 운영 및 재고 관련 지원 물류 프로세스 전반에 걸친 Operations Support 문의 신청서 제출(구글폼) 비자발급 가능 여부 검토 후 개별 전형/기업 안내 실시 전달받은 이력서 작성 후 회신(첨삭진행) 기업 서류/ 화상 면접전형 진행 합격자, 미국 스폰서기관 인터뷰 (회사-지원자 간의 보증을 해주는 미국 국무성 지정 기관, 별도 안내예정) 주한미국대사관 인터뷰 (별도 안내예정) 출국/출근 커리어랩스는 지원자에게 알선비나 기업 매칭에 따른 비용을 받지 않습니다. 파견직이 아닌 합격기업 소속 으로 근무하게 됩니다. 비자 발급비용은 본인 부담입니다. 지원문의: Tel. / Email : 신청서 제출:",,"[""http://www.kglnetwork.com/en/"", ""https://forms.gle/JDniMmJnRN39ESU56""]",logistics_scm,[],"[""Logistics Operations""]","[""영어"", ""스페인어""]",[],logistics_transport,플로리다,foreign_corp,office,"[""인턴""]","[""커뮤니케이션 역량"", ""실행력·업무처리 능력""]","KGL America Inc.는 글로벌 물류 네트워크를 갖춘 국제 종합 물류기업으로, 미국 캘리포니아에 본사를 두고 로스앤젤레스, 마이애미 등 미국 내 여러 지사를 운영합니다. 해상 및 항공 운송, 통관, 창고 운영, 공급망 관리 등 다양한 물류 서비스를 제공하며, 한국, 중국, 베트남 등과 활발히 무역합니다.","이 직무는 KGL America Inc.의 플로리다 법인에서 해상 및 항공 물류 운영 전반을 지원하고 고객을 응대하며, 물류 프로세스의 원활한 진행을 돕기 위해 필요합니다. 물류 무역 분야에서 실무 경험을 쌓고 성장할 인재를 찾습니다.","해상 및 항공 물류 관련 운영 업무를 지원하고 보조하며, 고객과의 이메일 및 전화 커뮤니케이션을 통해 고객 대응 및 지원을 수행합니다. 통관 및 물류 서류를 관리하고 창고 운영 및 재고 관련 업무를 지원합니다. 물류 프로세스 전반에 걸쳐 Operations Support를 제공하는 역할을 담당합니다.","영어 및 스페인어 환경에 익숙하며, 물류 무역 분야에서 경력을 쌓고자 하는 분에게 적합합니다. 전문성과 팀워크를 바탕으로 고객 중심의 서비스를 제공할 수 있는 인재를 찾습니다.","[""글로벌"", ""전문성"", ""팀워크"", ""고객중심"", ""성장""]","회사: KGL America Inc.는 글로벌 물류 네트워크를 갖춘 국제 종합 물류기업으로, 미국 캘리포니아에 본사를 두고 로스앤젤레스, 마이애미 등 미국 내 여러 지사를 운영합니다. 해상 및 항공 운송, 통관, 창고 운영, 공급망 관리 등 다양한 물류 서비스를 제공하며, 한국, 중국, 베트남 등과 활발히 무역합니다.
직무 목적: 이 직무는 KGL America Inc.의 플로리다 법인에서 해상 및 항공 물류 운영 전반을 지원하고 고객을 응대하며, 물류 프로세스의 원활한 진행을 돕기 위해 필요합니다. 물류 무역 분야에서 실무 경험을 쌓고 성장할 인재를 찾습니다.
주요 업무: 해상 및 항공 물류 관련 운영 업무를 지원하고 보조하며, 고객과의 이메일 및 전화 커뮤니케이션을 통해 고객 대응 및 지원을 수행합니다. 통관 및 물류 서류를 관리하고 창고 운영 및 재고 관련 업무를 지원합니다. 물류 프로세스 전반에 걸쳐 Operations Support를 제공하는 역할을 담당합니다.
인재상: 영어 및 스페인어 환경에 익숙하며, 물류 무역 분야에서 경력을 쌓고자 하는 분에게 적합합니다. 전문성과 팀워크를 바탕으로 고객 중심의 서비스를 제공할 수 있는 인재를 찾습니다.",intern,internship_program,KGL America Inc. 플로리다 법인에서 해상 및 항공 물류 운영을 지원하고 고객을 응대할 미국 인턴을 채용합니다.,[]
311373,NHN,[NHN Cloud] AX컨설팅(정규직 전환형 인턴),INTERN,"모집 직무 AX 컨설팅 이런 분이면 더 좋아요 (우대 사항) 클라우드 서비스 (IaaS, PaaS, GPUaaS) 이용 경험자 및 클라우드 자격증을 보유하신 분 AI 모델 학습/추론 워크플로우를 활용한 과제/프로젝트 수행 경험이 있으신 분 기술 및 비즈니스 이해관계자 대상 커뮤니케이션 스킬을 보유하신 분 (학술대회, 학회 발표 경험자) 이런 업무를 해요 (주요 업무) 금융/공공/기업 고객 대상 GPUaaS / MLOps 서비스 제공을 위한 아키텍처 설계, 서비스 구축 및 기술지원 지원서 작성 시 아래 주제의 포트폴리오 제출 필수 AI 학습/서비스 또는 MLOPS에 대하여 아래 2가지를 모두 기술해 주세요. 본인이 경험한 인프라 아키텍처의 장점 본인이 생각하는 클라우드 서비스를 활용한 최적의 아키텍처 약 10분 발표 분량의 PPT / PDF 형태로 제출해 주세요. 꼭 확인해주세요 남자의 경우, 병역의무를 필하였거나 면제된 분만 지원 가능합니다. 해외여행에 결격 사유가 없어야 지원 가능합니다. 국가보훈해당자 및 장애인은 관련 법률에 의거 우대합니다.(증빙서류 제출자에 한함) 제출서류에 허위기재 또는 기재착오, 구비서류 미제출 등으로 인한 불이익은 응시자 본인의 책임으로 합니다. 제출서류나 각종 증명서의 기재내용이 허위일 경우, 응시를 무효로 하며 합격을 취소합니다. 근무지는 판교 삼평동 플레이뮤지엄(Play Museum)입니다. 가지고 계신 경험을 충분히 보여주실 수 있도록 학력/경력은 빠짐없이 모두 작성 부탁드립니다. 해당 포지션은 정규직 전환형 인턴 채용으로, 2개월의 인턴십을 수행합니다.",,[],data_ai_ml,"[""consulting""]","[""AX 컨설팅""]","[""AI 모델 학습/추론 워크플로우"", ""클라우드 서비스"", ""MLOps"", ""인프라 아키텍처""]","[""클라우드 서비스 이용 경험"", ""클라우드 자격증"", ""AI 모델 학습/추론 워크플로우 활용 경험"", ""커뮤니케이션 스킬"", ""학술대회 발표 경험"", ""학회 발표 경험""]",ai_data,판교,large_corp,office,"[""프로젝트""]","[""디지털·기술 활용 역량"", ""문제해결 능력"", ""커뮤니케이션 역량""]","NHN Cloud는 클라우드 서비스(IaaS, PaaS, GPUaaS) 및 MLOps 솔루션을 제공하는 기업입니다.","금융, 공공, 기업 고객에게 GPUaaS 및 MLOps 서비스를 제공하기 위한 아키텍처를 설계하고 구축하며 기술을 지원하는 역할을 수행합니다.","주요 업무는 금융, 공공, 기업 고객을 대상으로 GPUaaS 및 MLOps 서비스 제공을 위한 아키텍처를 설계하고, 실제 서비스를 구축하며, 필요한 기술 지원을 제공하는 것입니다. 이 과정에서 AI 모델 학습 및 추론 워크플로우에 대한 깊은 이해를 바탕으로 고객의 비즈니스 요구사항을 분석하고 최적의 솔루션을 제안합니다. 클라우드 환경에서 AI/ML 시스템의 효율적인 운영과 확장을 위한 방안을 모색하며, 기술적인 문제 해결을 통해 고객의 성공적인 디지털 전환을 지원합니다.","클라우드 서비스(IaaS, PaaS, GPUaaS) 이용 경험과 클라우드 자격증을 보유한 분을 우대합니다. AI 모델 학습/추론 워크플로우를 활용한 과제 또는 프로젝트 수행 경험이 필수적이며, 기술 및 비즈니스 이해관계자들과의 원활한 커뮤니케이션 스킬을 갖춘 분을 찾습니다. 지원 시 본인이 경험한 인프라 아키텍처의 장점과 클라우드 서비스를 활용한 최적의 아키텍처에 대한 포트폴리오를 PPT/PDF 형태로 제출해야 합니다.",[],"회사: NHN Cloud는 클라우드 서비스(IaaS, PaaS, GPUaaS) 및 MLOps 솔루션을 제공하는 기업입니다.
직무 목적: 금융, 공공, 기업 고객에게 GPUaaS 및 MLOps 서비스를 제공하기 위한 아키텍처를 설계하고 구축하며 기술을 지원하는 역할을 수행합니다.
주요 업무: 주요 업무는 금융, 공공, 기업 고객을 대상으로 GPUaaS 및 MLOps 서비스 제공을 위한 아키텍처를 설계하고, 실제 서비스를 구축하며, 필요한 기술 지원을 제공하는 것입니다. 이 과정에서 AI 모델 학습 및 추론 워크플로우에 대한 깊은 이해를 바탕으로 고객의 비즈니스 요구사항을 분석하고 최적의 솔루션을 제안합니다. 클라우드 환경에서 AI/ML 시스템의 효율적인 운영과 확장을 위한 방안을 모색하며, 기술적인 문제 해결을 통해 고객의 성공적인 디지털 전환을 지원합니다.
인재상: 클라우드 서비스(IaaS, PaaS, GPUaaS) 이용 경험과 클라우드 자격증을 보유한 분을 우대합니다. AI 모델 학습/추론 워크플로우를 활용한 과제 또는 프로젝트 수행 경험이 필수적이며, 기술 및 비즈니스 이해관계자들과의 원활한 커뮤니케이션 스킬을 갖춘 분을 찾습니다. 지원 시 본인이 경험한 인프라 아키텍처의 장점과 클라우드 서비스를 활용한 최적의 아키텍처에 대한 포트폴리오를 PPT/PDF 형태로 제출해야 합니다.",intern,internship_program,"NHN Cloud의 AX 컨설팅 정규직 전환형 인턴으로, 금융/공공/기업 고객 대상 GPUaaS/MLOps 아키텍처 설계 및 기술 지원을 담당합니다.",[]
311372,SEOYON EHWA,[미국인턴/앨라배마][비자스폰 가능기업] 서연이화 미국법인 개발부문 인턴 채용,INTERN,"SEOYON EHWA Address : 7851 Bill Joseph Pkwy, Montgomery, AL 36105 Website: 직원수 : 약 600명 이상 서연이화 미국 법인(Seoyon E-Hwa USA)은 글로벌 자동차 내 외장재 전문기업인 서연이화의 북미 생산 및 기술 거점입니다. 서연이화는 1972년 설립 이후 지속적인 기술 혁신을 통해 전 세계 자동차 인테리어 시장을 선도해 왔으며, 현대자동차와 기아의 핵심 파트너사로서 글로벌 완성차 고객사에 고품질 제품을 공급하고 있습니다. 미국 법인은 북미 지역 내 5개 이상의 생산 거점을 기반으로 현대자동차그룹을 비롯한 주요 고객사에 자동차 내장 부품을 안정적으로 공급하며, 북미 시장에서 지속적인 성장을 이어가고 있습니다. 또한 한국 본사를 중심으로 미국, 멕시코, 유럽, 중국, 인도 등으로 이어지는 글로벌 생산 네트워크를 구축하여, 품질(Quality), 원가(Cost), 납기(Delivery) 경쟁력을 확보하고 있습니다. 특히 서연이화 미국 법인은 북미 완성차 생산 거점과 긴밀하게 연계된 현지 밀착형 운영 체계를 바탕으로 자동화된 생산라인과 체계적인 품질 관리 시스템을 운영하고 있으며, 이를 통해 고객 만족을 극대화하고 있습니다. 모집안내 채용부문 : Development Intern 근무기간 : 12개월 이상 근무시간 : 주 40시간 급여: $15.5 / an hour 연 환산 급여 : 약 $32,240 / a year (주 40시간 52주 근무 기준 이며, 주말 및 공휴일 over time 근무에 따라 변동 가능) 급여 외 보상 : 숙소 및 차량 제공 (지원자 부담: 차량은 주 $25, 주거비는 주 $45 공제 ), 점심 제공, 야근 시 저녁 제공, 초과근무 수당 지급, 우수근무자 E-2 비자 스폰서십 지원 가능 Job Description Essential Duties and Responsibilities New vehicle development Management supplier part development Management Pilot schedule Built & management Pilot part Qualifications/Requirements Must be able to communication with Team members in English Good written and verbal skills Ability to work within a team environment Ability to multi-task, set priorities and meet strict deadlines Strong organization and interpersonal skills Education/Training/Experience Vehicle engineering, Industrial engineering, Mechanical engineering, Chemical engineering High school diploma or GED required Experience with SAP or manufacturing systems is a plus but not required Any coursework or hands-on experience in automotive, plastics, or manufacturing is preferred. 문의 신청서 제출(구글폼) 비자발급 가능 여부 검토 후 개별 전형/기업 안내 실시 전달받은 이력서 작성 후 회신(첨삭진행) 기업 서류/ 화상 면접전형 진행 합격자, 미국 스폰서기관 인터뷰 (회사-지원자 간의 보증을 해주는 미국 국무성 지정 기관, 별도 안내예정) 주한미국대사관 인터뷰 (별도 안내예정) 출국/출근 커리어랩스는 지원자에게 알선이나 매칭에 따른 수수료를 받지 않습니다. 파견직이 아닌 합격기업 소속 으로 근무하게 됩니다. 비자 발급비용은 본인 부담입니다. 지원문의: Tel. / Email : 신청서 제출:",,"[""https://www.seoyoneh.com/"", ""https://forms.gle/JDniMmJnRN39ESU56""]",engineering_hw,[],"[""Development Intern""]","[""English""]","[""SAP"", ""manufacturing systems"", ""automotive"", ""plastics""]",automotive,앨라배마,large_corp,field,"[""인턴"", ""프로젝트"", ""학부연구생""]","[""협업·팀워크"", ""실행력·업무처리 능력"", ""커뮤니케이션 역량""]",서연이화 미국 법인은 글로벌 자동차 내 외장재 전문기업인 서연이화의 북미 생산 및 기술 거점입니다. 1972년 설립된 서연이화는 현대자동차와 기아의 핵심 파트너사로서 전 세계 완성차 고객사에 고품질 제품을 공급하고 있습니다. 북미 지역 내 5개 이상의 생산 거점을 기반으로 주요 고객사에 자동차 내장 부품을 안정적으로 공급하며 성장하고 있습니다.,"이 인턴십은 신차 개발 과정에서 공급업체 부품 개발 및 파일럿 일정, 부품 관리를 지원하여 북미 시장 내 자동차 내장 부품의 안정적인 공급과 품질 경쟁력 확보에 기여합니다.","신차 개발 프로젝트에 참여하여 전반적인 개발 과정을 지원합니다. 이 과정에서 공급업체와의 긴밀한 협력을 통해 부품 개발을 효과적으로 관리하는 것이 중요합니다. 또한, 파일럿 생산 일정을 수립하고 체계적으로 관리하여 생산 계획에 차질이 없도록 합니다. 구축된 파일럿 부품들을 면밀히 관리하며, 품질 기준에 부합하는지 확인하는 업무도 포함됩니다. 이러한 활동을 통해 최종 제품의 품질과 생산 효율성을 확보하고, 고객 만족에 기여하게 됩니다.","팀원들과의 원활한 영어 의사소통 능력(구두 및 서면)이 필수적입니다. 팀 환경에서 효과적으로 협업하고, 여러 업무를 동시에 처리하며 엄격한 마감 기한을 준수할 수 있는 뛰어난 실행력과 조직력이 요구됩니다. 차량 공학, 산업 공학, 기계 공학, 화학 공학 등 관련 공학 분야의 학위 또는 교육 배경을 가진 지원자를 우대합니다. 특히 SAP 또는 제조 시스템 사용 경험이 있거나, 자동차, 플라스틱, 제조 분야에서의 교육 과정 또는 실무 경험을 보유한 분을 선호합니다. 강한 조직력과 대인 관계 기술을 바탕으로 업무에 적극적으로 임할 인재를 찾습니다.","[""글로벌"", ""기술 혁신"", ""품질중시"", ""팀워크""]","회사: 서연이화 미국 법인은 글로벌 자동차 내 외장재 전문기업인 서연이화의 북미 생산 및 기술 거점입니다. 1972년 설립된 서연이화는 현대자동차와 기아의 핵심 파트너사로서 전 세계 완성차 고객사에 고품질 제품을 공급하고 있습니다. 북미 지역 내 5개 이상의 생산 거점을 기반으로 주요 고객사에 자동차 내장 부품을 안정적으로 공급하며 성장하고 있습니다.
직무 목적: 이 인턴십은 신차 개발 과정에서 공급업체 부품 개발 및 파일럿 일정, 부품 관리를 지원하여 북미 시장 내 자동차 내장 부품의 안정적인 공급과 품질 경쟁력 확보에 기여합니다.
주요 업무: 신차 개발 프로젝트에 참여하여 전반적인 개발 과정을 지원합니다. 이 과정에서 공급업체와의 긴밀한 협력을 통해 부품 개발을 효과적으로 관리하는 것이 중요합니다. 또한, 파일럿 생산 일정을 수립하고 체계적으로 관리하여 생산 계획에 차질이 없도록 합니다. 구축된 파일럿 부품들을 면밀히 관리하며, 품질 기준에 부합하는지 확인하는 업무도 포함됩니다. 이러한 활동을 통해 최종 제품의 품질과 생산 효율성을 확보하고, 고객 만족에 기여하게 됩니다.
인재상: 팀원들과의 원활한 영어 의사소통 능력(구두 및 서면)이 필수적입니다. 팀 환경에서 효과적으로 협업하고, 여러 업무를 동시에 처리하며 엄격한 마감 기한을 준수할 수 있는 뛰어난 실행력과 조직력이 요구됩니다. 차량 공학, 산업 공학, 기계 공학, 화학 공학 등 관련 공학 분야의 학위 또는 교육 배경을 가진 지원자를 우대합니다. 특히 SAP 또는 제조 시스템 사용 경험이 있거나, 자동차, 플라스틱, 제조 분야에서의 교육 과정 또는 실무 경험을 보유한 분을 선호합니다. 강한 조직력과 대인 관계 기술을 바탕으로 업무에 적극적으로 임할 인재를 찾습니다.",intern,internship_program,서연이화 미국법인에서 신차 개발 및 부품 관리를 담당할 엔지니어링 인턴을 채용합니다.,[]
311369,피에프씨테크놀로지스,ML Engineer(ML 엔지니어),EXPERIENCED,"PFC Technologies ""EXTRAORDINARY FINANCE FOR THE ORDINARY"" 보통 사람을 위한 보통이 아닌 금융 PFCT는 한국은 물론, 진출한 모든 시장에서 불가능하다고 여겨졌던 이정표들을 달성하고 있는 독보적인 금융 기술(Lending Tech) 전문성으로 아시아 금융 환경을 재편하고 있어요. 대한민국 최고의 온투금융사 B2B AI 솔루션 서비스로 9 개국에서 사업을 영위하고 있는 극소수의 AI 금융 기술 회사 대형 테크회사보다 높은 공헌 이익률 약 80%, 분기 손익분기점을 달성하며 빠르게 성장 중인 스타트업 창의적인 사업 전략과 혁신적인 기술력으로 '보통 사람을 위한 보통이 아닌 금융'을 구현할, 한국을 넘어 아시아 전역에서 활약하는 사업 활동에 가슴 뛰는 최고의 인재를 기다리고 있어요. 지금, PFCT와 함께해요! AI R&D Team은, AI R&D Team은 최첨단 ML 인프라와 모델을 활용하여 혁신적 금융 상품을 제공하고 사업적 의사 결정을 자동화함으로써 PFCT의 핵심 사업에 매우 중요한 역할을 하고 있어요. 우리의 연구 환경은 높은 자유도를 갖고 다양한 방법론을 활용할 수 있는 기회를 제공하고 있으며, 사업을 발전시키기 위한 인사이트를 지속적으로 모색하고 있어요. 최고의 여신 상품 전략을 수립하기 위한 제품을 개발해요. 전략의 흐름이 효율적으로 이루어질 수 있도록 프로세스를 설계하고 자동화해요. 엄격한 정확성 및 확장성이 요구되는 제품 기능들에 대해 구축, 테스트, 배포까지 담당해요. [ 팀이 일하는 방식 ] 우리는 팀워크를 최우선으로 생각하여 서로의 의견에 존중하고, 투명하게 소통해요. 누구보다 빠르게 시도하고 능동적으로 행동하며 문제를 해결하고 있어요. 관련 링크 안병규 PFCT AI 총괄이사 서민 위한 중금리 대출 AI 신용평가로 새 시대 열 것 ""빚 갚을 수 있는 사람이 '돌려막기' 하더라...AI기술로 바꿀 것"" ML Engineer 는, 합류하면 이런 일을 해요 여신 시장의 실제 데이터를 분석하여 신용 평가 및 리스크 관리 모델을 연구 고도화해요. 금융권 모델링/분석 툴인 Airpack의 기초 모듈(모델, 알고리즘 등)을 개발하고 개선해요. 국내외 기관과의 컨설팅 프로젝트에서 모델 개발, 데이터 분석, 기술 컨설팅을 수행해요. 개발한 모델이 실제 서비스에 적용될 수 있도록 서빙 파이프라인 구축 및 운영에 참여하고, 모델의 성능을 지속적으로 모니터링하여 개선점을 제안해요. 저희는 이런 분을 찾고 있어요 3년 이상의 데이터 분석, 머신러닝 또는 모델링 관련 실무 경험이 있는 분 Python 기반의 데이터 분석 라이브러리와 머신러닝/딥러닝 알고리즘에 대해 이해도가 높은 분 새로운 영역의 업무라도 빠르게 이해하고, 스스로 학습하여 실행까지 이어갈 수 있는 분 동료들과의 적극적인 소통과 협업을 통해 함께 성장하고 싶은 분 이런 경험을 가진 분이면 더 좋아요 금융/커머스 등 실제 산업의 정형 데이터를 기반으로 의미 있는 결과를 만들어 본 경험이 있는 분 모델의 기획부터 검증, 서빙까지 End-to-End ML 파이프라인을 주도적으로 운영해 본 경험이 있는 분 특정 기술 스택에 얽매이지 않고, 문제의 본질을 이해하고 해결책을 설계할 수 있는 분 ICPC, Google Codejam, SCPC등 프로그래밍 경진 대회에서 좋은 결과를 만든 경험이 있는 분 합류 여정에 대해 알려드려요 채용 프로세스 서류 전형 온라인 코딩 테스트 및 사전 인터뷰 설문 1차 인터뷰(Job-Fit) 2차 인터뷰(Culture Fit) 3차 인터뷰(Final) 처우 협의 최종 합류 지원 서류 이력서(필수 / 자유 양식) 포트폴리오(선택) 제출 형식: PDF 파일 권장 안내 사항 내부 사정에 따라 채용 일정 또는 절차가 변경될 수 있으며, 변경 시 별도 안내 드릴 예정입니다. 제출 서류에",,[],data_ai_ml,[],"[""ML Engineer""]","[""Python"", ""머신러닝"", ""딥러닝"", ""Airpack"", ""데이터 분석 라이브러리""]","[""ML 파이프라인 운영"", ""프로그래밍 경진 대회 경험"", ""금융 데이터 분석"", ""커머스 데이터 분석""]",finance_fintech,unknown,startup,office,"[""프로젝트"", ""공모전""]","[""학습·성장 역량"", ""실행력·업무처리 능력"", ""협업·팀워크"", ""커뮤니케이션 역량"", ""문제해결 능력""]",PFC Technologies는 독보적인 금융 기술(Lending Tech) 전문성으로 아시아 금융 환경을 재편하고 있는 AI 금융 기술 회사입니다. 대한민국 최고의 온투금융사 B2B AI 솔루션 서비스를 제공하며 9개국에서 사업을 영위하고 있습니다.,이 직무는 최첨단 ML 인프라와 모델을 활용하여 혁신적 금융 상품을 제공하고 사업적 의사 결정을 자동화함으로써 PFCT의 핵심 사업에 중요한 역할을 수행합니다. 최고의 여신 상품 전략을 수립하고 효율적인 프로세스를 설계하며 자동화하는 것이 목표입니다.,"ML 엔지니어는 여신 시장의 실제 데이터를 분석하여 신용 평가 및 리스크 관리 모델을 연구하고 고도화합니다. 금융권 모델링/분석 툴인 Airpack의 기초 모듈을 개발하고 개선하며, 국내외 기관과의 컨설팅 프로젝트에서 모델 개발, 데이터 분석, 기술 컨설팅을 수행합니다. 개발한 모델이 실제 서비스에 적용될 수 있도록 서빙 파이프라인 구축 및 운영에 참여하고, 모델의 성능을 지속적으로 모니터링하여 개선점을 제안합니다. 엄격한 정확성 및 확장성이 요구되는 제품 기능들에 대해 구축, 테스트, 배포까지 담당합니다.","3년 이상의 데이터 분석, 머신러닝 또는 모델링 관련 실무 경험을 보유하고 Python 기반의 데이터 분석 라이브러리와 머신러닝/딥러닝 알고리즘에 대한 높은 이해도를 가진 분을 찾습니다. 새로운 영역의 업무를 빠르게 이해하고 스스로 학습하여 실행까지 이어갈 수 있으며, 동료들과 적극적으로 소통하고 협업하여 함께 성장할 수 있는 인재를 선호합니다. 금융/커머스 등 실제 산업의 정형 데이터를 기반으로 의미 있는 결과를 만들어 본 경험, 모델 기획부터 검증 및 서빙까지 End-to-End ML 파이프라인을 주도적으로 운영해 본 경험이 있다면 더욱 좋습니다. 특정 기술 스택에 얽매이지 않고 문제의 본질을 이해하고 해결책을 설계할 수 있는 능력 또한 중요합니다.","[""팀워크"", ""투명성"", ""빠른실행"", ""능동적"", ""자율"", ""문제해결""]","회사: PFC Technologies는 독보적인 금융 기술(Lending Tech) 전문성으로 아시아 금융 환경을 재편하고 있는 AI 금융 기술 회사입니다. 대한민국 최고의 온투금융사 B2B AI 솔루션 서비스를 제공하며 9개국에서 사업을 영위하고 있습니다.
직무 목적: 이 직무는 최첨단 ML 인프라와 모델을 활용하여 혁신적 금융 상품을 제공하고 사업적 의사 결정을 자동화함으로써 PFCT의 핵심 사업에 중요한 역할을 수행합니다. 최고의 여신 상품 전략을 수립하고 효율적인 프로세스를 설계하며 자동화하는 것이 목표입니다.
주요 업무: ML 엔지니어는 여신 시장의 실제 데이터를 분석하여 신용 평가 및 리스크 관리 모델을 연구하고 고도화합니다. 금융권 모델링/분석 툴인 Airpack의 기초 모듈을 개발하고 개선하며, 국내외 기관과의 컨설팅 프로젝트에서 모델 개발, 데이터 분석, 기술 컨설팅을 수행합니다. 개발한 모델이 실제 서비스에 적용될 수 있도록 서빙 파이프라인 구축 및 운영에 참여하고, 모델의 성능을 지속적으로 모니터링하여 개선점을 제안합니다. 엄격한 정확성 및 확장성이 요구되는 제품 기능들에 대해 구축, 테스트, 배포까지 담당합니다.
인재상: 3년 이상의 데이터 분석, 머신러닝 또는 모델링 관련 실무 경험을 보유하고 Python 기반의 데이터 분석 라이브러리와 머신러닝/딥러닝 알고리즘에 대한 높은 이해도를 가진 분을 찾습니다. 새로운 영역의 업무를 빠르게 이해하고 스스로 학습하여 실행까지 이어갈 수 있으며, 동료들과 적극적으로 소통하고 협업하여 함께 성장할 수 있는 인재를 선호합니다. 금융/커머스 등 실제 산업의 정형 데이터를 기반으로 의미 있는 결과를 만들어 본 경험, 모델 기획부터 검증 및 서빙까지 End-to-End ML 파이프라인을 주도적으로 운영해 본 경험이 있다면 더욱 좋습니다. 특정 기술 스택에 얽매이지 않고 문제의 본질을 이해하고 해결책을 설계할 수 있는 능력 또한 중요합니다.",experienced,job_posting,"피에프씨테크놀로지스는 금융 기술 스타트업으로, ML 엔지니어를 채용하여 AI 기반 신용 평가 및 리스크 관리 모델을 개발하고 금융 상품 전략을 수립합니다.",[]
311365,피에프씨테크놀로지스,신규 영업담당자,EXPERIENCED,"PFC Technologies ""EXTRAORDINARY FINANCE FOR THE ORDINARY"" 보통 사람을 위한 보통이 아닌 금융 PFCT는 한국은 물론, 진출한 모든 시장에서 불가능하다고 여겨졌던 이정표들을 달성하고 있는 독보적인 금융 기술(Lending Tech) 전문성으로 아시아 금융 환경을 재편하고 있어요. 대한민국 최고의 온투금융사 B2B AI 솔루션 서비스로 9 개국에서 사업을 영위하고 있는 극소수의 AI 금융 기술 회사 대형 테크회사보다 높은 공헌 이익률 약 80%, 분기 손익분기점을 달성하며 빠르게 성장 중인 스타트업 창의적인 사업 전략과 혁신적인 기술력으로 '보통 사람을 위한 보통이 아닌 금융'을 구현할, 한국을 넘어 아시아 전역에서 활약하는 사업 활동에 가슴 뛰는 최고의 인재를 기다리고 있어요. 지금, PFCT와 함께해요! Lending Unit은, PFCT의 대출 사업 전반을 책임지며, 더 많은 사람이 빠르고 신뢰할 수 있는 금융을 경험할 수 있도록 만드는 조직이에요. 온라인투자연계금융(P2P)을 기반으로 다양한 대출 상품을 운영하며, 상품 기획부터 리스크 관리, 영업 전략, 운영까지 대출 비즈니스의 전 과정을 함께 만들어가요. 주택담보대출, 개인신용대출, 증권담보대출 등 다양한 대출 상품을 기획 운영해요. 신용평가와 리스크 관리 전략을 통해 안정적인 대출 구조를 설계하고 관리해요. 온라인 오프라인 채널을 통해 대출 모집과 고객 접점을 확장해요. 고객 여정 전반을 고려한 CRM 전략으로 대출 경험을 지속적으로 개선해요. 데이터 분석을 기반으로 의사 결정을 고도화하고, 업무 자동화를 통해 운영 효율을 높여요. 신규 대출 구조와 사업 기회를 발굴하며 대출 비즈니스의 확장을 고민해요. 신규 영업 담당자는, 합류하면 이런 일을 해요 재고객 발굴 및 유치 : 투자 여력이 있는 일반 기업, 투자 동호회, 대부업체 등 다양한 채널을 통해 신규 투자 고객을 발굴하고 플랫폼으로 유치해요. 네트워크 확장 : 은행 PB 등 금융 전문가와 협업하며 고액 자산가를 포함한 잠재 투자자 네트워크를 넓혀가요. 투자 컨설팅 : 플랫폼의 강점과 투자 상품을 소개하고, 투자자 성향에 맞춘 투자 솔루션을 제안해요. 고객 관리 : 투자 이후에도 지속적으로 소통하며 관계를 유지하고, 만족도를 높여 추가 투자를 이끌어내요. 저희는 이런 분을 찾고 있어요 영업 업무 경험이 있는 분(업계 무관) 탁월한 커뮤니케이션 능력과 대인 관계 구축 능력이 있는 분 적극적이고 도전적인 자세로 목표 달성 의지가 강한 분 지방 출장이 가능한 분 이런 경험을 가진 분이면 더 좋아요 법인 또는 기타 투자자 네트워크를 보유한 분 금융 상품에 대한 이해도를 보유한 분 과거 증권사 또는 PB 쪽에서 영업 및 응대 업무 경험이 있는 분 합류 여정에 대해 알려드려요 채용 프로세스 서류 전형 1/2차 통합 인터뷰(Job-Fit & Culture Fit) 3차 인터뷰(Final) 처우 협의 합류 지원 서류 이력서(필수/자유 양식) 포트폴리오(선택) 제출 형식: PDF 파일 권장 안내 사항 내부 사정에 따라 채용 일정 또는 절차가 변경될 수 있으며, 변경 시 별도 안내 드릴 예정입니다. 제출 서류에",,[],sales,[],"[""신규 영업 담당자""]",[],"[""금융 상품 이해"", ""투자자 네트워크 구축"", ""증권사 영업""]",finance_fintech,전국,startup,field,"[""프로젝트""]","[""커뮤니케이션 역량"", ""실행력·업무처리 능력""]",PFC Technologies는 독보적인 금융 기술(Lending Tech) 전문성으로 아시아 금융 환경을 재편하고 있는 회사입니다. 대한민국 온투금융사 B2B AI 솔루션 서비스로 9개국에서 사업을 영위하며 빠르게 성장 중입니다.,"이 직무는 투자 여력이 있는 신규 고객을 발굴하고 유치하며, 금융 전문가와 협업하여 잠재 투자자 네트워크를 확장하는 역할을 합니다. 이를 통해 PFCT의 대출 사업을 성장시키고 더 많은 사람이 빠르고 신뢰할 수 있는 금융을 경험하도록 기여합니다.","신규 영업 담당자는 투자 여력이 있는 일반 기업, 투자 동호회, 대부업체 등 다양한 채널을 통해 신규 투자 고객을 발굴하고 플랫폼으로 유치합니다. 은행 PB 등 금융 전문가와 협업하여 고액 자산가를 포함한 잠재 투자자 네트워크를 넓혀갑니다. 플랫폼의 강점과 투자 상품을 소개하고, 투자자 성향에 맞춘 투자 솔루션을 제안하며 투자 컨설팅을 제공합니다. 투자 이후에도 지속적으로 소통하며 관계를 유지하고, 고객 만족도를 높여 추가 투자를 이끌어내는 고객 관리 업무를 수행합니다.","영업 업무 경험이 있고 탁월한 커뮤니케이션 능력과 대인 관계 구축 능력을 갖춘 인재를 찾습니다. 적극적이고 도전적인 자세로 목표 달성 의지가 강하며 지방 출장이 가능해야 합니다. 법인 또는 기타 투자자 네트워크를 보유하고 금융 상품에 대한 이해도가 높으며, 과거 증권사 또는 PB 쪽에서 영업 및 응대 업무 경험이 있다면 더욱 좋습니다.","[""혁신"", ""성장"", ""데이터드리븐"", ""스타트업""]","회사: PFC Technologies는 독보적인 금융 기술(Lending Tech) 전문성으로 아시아 금융 환경을 재편하고 있는 회사입니다. 대한민국 온투금융사 B2B AI 솔루션 서비스로 9개국에서 사업을 영위하며 빠르게 성장 중입니다.
직무 목적: 이 직무는 투자 여력이 있는 신규 고객을 발굴하고 유치하며, 금융 전문가와 협업하여 잠재 투자자 네트워크를 확장하는 역할을 합니다. 이를 통해 PFCT의 대출 사업을 성장시키고 더 많은 사람이 빠르고 신뢰할 수 있는 금융을 경험하도록 기여합니다.
주요 업무: 신규 영업 담당자는 투자 여력이 있는 일반 기업, 투자 동호회, 대부업체 등 다양한 채널을 통해 신규 투자 고객을 발굴하고 플랫폼으로 유치합니다. 은행 PB 등 금융 전문가와 협업하여 고액 자산가를 포함한 잠재 투자자 네트워크를 넓혀갑니다. 플랫폼의 강점과 투자 상품을 소개하고, 투자자 성향에 맞춘 투자 솔루션을 제안하며 투자 컨설팅을 제공합니다. 투자 이후에도 지속적으로 소통하며 관계를 유지하고, 고객 만족도를 높여 추가 투자를 이끌어내는 고객 관리 업무를 수행합니다.
인재상: 영업 업무 경험이 있고 탁월한 커뮤니케이션 능력과 대인 관계 구축 능력을 갖춘 인재를 찾습니다. 적극적이고 도전적인 자세로 목표 달성 의지가 강하며 지방 출장이 가능해야 합니다. 법인 또는 기타 투자자 네트워크를 보유하고 금융 상품에 대한 이해도가 높으며, 과거 증권사 또는 PB 쪽에서 영업 및 응대 업무 경험이 있다면 더욱 좋습니다.",experienced,job_posting,피에프씨테크놀로지스에서 신규 투자 고객 발굴 및 유치를 통해 대출 사업을 확장할 영업 담당자를 모집합니다.,[]
311361,피에프씨테크놀로지스,채권관리 혁신 Lead,EXPERIENCED,"PFC Technologies ""EXTRAORDINARY FINANCE FOR THE ORDINARY"" 보통 사람을 위한 보통이 아닌 금융 PFCT는 한국은 물론, 진출한 모든 시장에서 불가능하다고 여겨졌던 이정표들을 달성하고 있는 독보적인 금융 기술(Lending Tech) 전문성으로 아시아 금융 환경을 재편하고 있어요. 대한민국 최고의 온투금융사 B2B AI 솔루션 서비스로 9 개국에서 사업을 영위하고 있는 극소수의 AI 금융 기술 회사 대형 테크회사보다 높은 공헌 이익률 약 80%, 분기 손익분기점을 달성하며 빠르게 성장 중인 스타트업 창의적인 사업 전략과 혁신적인 기술력으로 '보통 사람을 위한 보통이 아닌 금융'을 구현할, 한국을 넘어 아시아 전역에서 활약하는 사업 활동에 가슴 뛰는 최고의 인재를 기다리고 있어요. 지금, PFCT와 함께해요! Lending Unit은, PFCT의 대출 사업 전반을 책임지며, 더 많은 사람이 빠르고 신뢰할 수 있는 금융을 경험할 수 있도록 만드는 조직이에요. 온라인투자연계금융(P2P)을 기반으로 다양한 대출 상품을 운영하며, 상품 기획부터 리스크 관리, 영업 전략, 운영까지 대출 비즈니스의 전 과정을 함께 만들어가요. 주택담보대출, 개인신용대출, 증권담보대출 등 다양한 대출 상품을 기획 운영해요. 신용평가와 리스크 관리 전략을 통해 안정적인 대출 구조를 설계하고 관리해요. 온라인 오프라인 채널을 통해 대출 모집과 고객 접점을 확장해요. 고객 여정 전반을 고려한 CRM 전략으로 대출 경험을 지속적으로 개선해요. 데이터 분석을 기반으로 의사 결정을 고도화하고, 업무 자동화를 통해 운영 효율을 높여요. 신규 대출 구조와 사업 기회를 발굴하며 대출 비즈니스의 확장을 고민해요. 채권관리(Collection) 혁신 Lead는, 합류하면 이런 일을 해요 PFCT의 채권관리(사후 관리) 전반의 정책 및 채권종류/단계별 전략을 수립해요. 현행 채권관리 프로세스와 어드민(시스템)을 진단하고, 업계 최고 수준으로 개선 및 고도화해요. PFCT의 강점인 AI/자동화 기술을 활용하여, 기존에 없던 효율적이고 혁신적인 추심 시스템을 기획하고 구축해요. 채권관리팀의 조직을 세팅하고, 구성원의 성장을 이끌며 높은 성과를 달성해요. 저희는 이런 분을 찾고 있어요 금융권(은행, 캐피탈, 저축은행, 온투업 등) 채권관리/추심 관련 경력을 7년 이상 보유하셨거나, 그에 준하는 역량을 갖추고 있는 분 팀을 리드하고 구성원과 적극적으로 소통하며 동반 성장을 이끌어 본 경험이 있는 분 기존의 방식이나 과거의 성공 경험에 얽매이지 않고, 새로운 기술(AI 등)과 환경에 유연하게 적응하며 사고하는 분 이런 경험을 가진 분이면 더 좋아요 채권관리 관련 정책, 시스템, 프로세스를 직접 수립(Set-up)하거나 혁신적으로 개선해 본 경험이 있는 분 개인신용대출 및 주택담보대출 채권관리에 대한 깊은 이해도를 보유하는 분 데이터 기반으로 의사 결정을 하거나, IT/개발 부서와의 협업을 통해 시스템을 구축/개선한 경험이 있는 분 빠르게 성장하는 핀테크/스타트업 환경에서 주도적으로 업무를 수행해 본 경험이 있는 분 합류 여정에 대해 알려드려요 채용 프로세스 서류 전형 1차 인터뷰(Job-Fit) 2차 인터뷰(Culture Fit) 3차 인터뷰(Final) 처우 협의 합류 지원 서류 이력서(필수 / 자유 양식) 포트폴리오(선택) PDF 형식으로 제출을 권장드립니다. 안내 사항 내부 사정에 따라 채용 일정 또는 절차가 변경될 수 있으며, 변경 시 별도 안내 드릴 예정입니다. 제출 서류에",,[],finance_investment,"[""planning_strategy"", ""management_support""]","[""채권관리 혁신 Lead""]","[""채권관리"", ""추심"", ""AI"", ""자동화"", ""데이터 분석""]","[""채권관리 시스템 구축"", ""프로세스 개선"", ""개인신용대출 채권관리"", ""주택담보대출 채권관리"", ""데이터 기반 의사결정"", ""IT 협업"", ""스타트업 업무 경험""]",finance_fintech,unknown,startup,unknown,"[""프로젝트""]","[""리더십·팔로워십"", ""커뮤니케이션 역량"", ""창의·혁신 역량"", ""정보수집·분석 역량"", ""문제해결 능력""]",PFC Technologies는 '보통 사람을 위한 보통이 아닌 금융'을 목표로 하는 금융 기술(Lending Tech) 전문 기업입니다. 대한민국 최고의 온투금융사 B2B AI 솔루션 서비스로 9개국에서 사업을 영위하며 아시아 금융 환경을 재편하고 있습니다.,"채권관리 혁신 Lead는 PFCT의 대출 사업 전반의 안정적인 성장을 위해 채권관리 정책 및 전략을 수립하고, AI/자동화 기술을 활용한 혁신적인 추심 시스템을 기획 및 구축하는 역할을 수행합니다.","채권관리 혁신 Lead는 PFCT의 채권관리 및 사후 관리 전반의 정책과 채권 종류 및 단계별 전략을 수립하는 핵심 역할을 수행합니다. 이와 함께 현행 채권관리 프로세스와 어드민 시스템을 면밀히 진단하고, 이를 업계 최고 수준으로 개선 및 고도화하는 업무를 담당합니다. 특히 PFCT의 강점인 AI 및 자동화 기술을 적극적으로 활용하여 기존에 없던 효율적이고 혁신적인 추심 시스템을 기획하고 구축하는 것이 이 직무의 중요한 목표입니다. 또한, 채권관리팀의 조직을 효과적으로 세팅하고, 구성원들의 성장을 적극적으로 이끌며 팀 전체의 높은 성과를 달성해야 합니다. 이를 통해 더 많은 사람이 빠르고 신뢰할 수 있는 금융을 경험할 수 있도록 기여합니다.","금융권에서 채권관리 또는 추심 관련 7년 이상의 경력을 보유하고, 팀을 리드하며 구성원의 성장을 이끌어 본 경험이 있는 분을 찾습니다. 기존 방식에 얽매이지 않고 AI 등 새로운 기술과 환경에 유연하게 적응하며 사고하는 역량이 중요합니다. 채권관리 관련 정책, 시스템, 프로세스를 직접 수립하거나 혁신적으로 개선해 본 경험이 있다면 좋습니다. 개인신용대출 및 주택담보대출 채권관리에 대한 깊은 이해도를 보유하고, 데이터 기반 의사 결정 및 IT/개발 부서와의 협업을 통해 시스템을 구축/개선한 경험이 있는 분을 우대합니다. 빠르게 성장하는 핀테크/스타트업 환경에서 주도적으로 업무를 수행해 본 경험이 있는 분이면 더욱 좋습니다.","[""혁신"", ""기술중심"", ""빠른실행"", ""성장지향"", ""유연"", ""주도적""]","회사: PFC Technologies는 '보통 사람을 위한 보통이 아닌 금융'을 목표로 하는 금융 기술(Lending Tech) 전문 기업입니다. 대한민국 최고의 온투금융사 B2B AI 솔루션 서비스로 9개국에서 사업을 영위하며 아시아 금융 환경을 재편하고 있습니다.
직무 목적: 채권관리 혁신 Lead는 PFCT의 대출 사업 전반의 안정적인 성장을 위해 채권관리 정책 및 전략을 수립하고, AI/자동화 기술을 활용한 혁신적인 추심 시스템을 기획 및 구축하는 역할을 수행합니다.
주요 업무: 채권관리 혁신 Lead는 PFCT의 채권관리 및 사후 관리 전반의 정책과 채권 종류 및 단계별 전략을 수립하는 핵심 역할을 수행합니다. 이와 함께 현행 채권관리 프로세스와 어드민 시스템을 면밀히 진단하고, 이를 업계 최고 수준으로 개선 및 고도화하는 업무를 담당합니다. 특히 PFCT의 강점인 AI 및 자동화 기술을 적극적으로 활용하여 기존에 없던 효율적이고 혁신적인 추심 시스템을 기획하고 구축하는 것이 이 직무의 중요한 목표입니다. 또한, 채권관리팀의 조직을 효과적으로 세팅하고, 구성원들의 성장을 적극적으로 이끌며 팀 전체의 높은 성과를 달성해야 합니다. 이를 통해 더 많은 사람이 빠르고 신뢰할 수 있는 금융을 경험할 수 있도록 기여합니다.
인재상: 금융권에서 채권관리 또는 추심 관련 7년 이상의 경력을 보유하고, 팀을 리드하며 구성원의 성장을 이끌어 본 경험이 있는 분을 찾습니다. 기존 방식에 얽매이지 않고 AI 등 새로운 기술과 환경에 유연하게 적응하며 사고하는 역량이 중요합니다. 채권관리 관련 정책, 시스템, 프로세스를 직접 수립하거나 혁신적으로 개선해 본 경험이 있다면 좋습니다. 개인신용대출 및 주택담보대출 채권관리에 대한 깊은 이해도를 보유하고, 데이터 기반 의사 결정 및 IT/개발 부서와의 협업을 통해 시스템을 구축/개선한 경험이 있는 분을 우대합니다. 빠르게 성장하는 핀테크/스타트업 환경에서 주도적으로 업무를 수행해 본 경험이 있는 분이면 더욱 좋습니다.",experienced,job_posting,PFC Technologies의 채권관리 혁신 Lead는 AI/자동화 기술을 활용하여 채권관리 시스템을 혁신하고 팀을 이끌며 대출 사업의 안정적인 성장을 주도합니다.,[]
311357,피에프씨테크놀로지스,Android Engineer(안드로이드 엔지니어),EXPERIENCED,"PFC Technologies ""EXTRAORDINARY FINANCE FOR THE ORDINARY"" 보통 사람을 위한 보통이 아닌 금융 PFCT는 한국은 물론, 진출한 모든 시장에서 불가능하다고 여겨졌던 이정표들을 달성하고 있는 독보적인 금융 기술(Lending Tech) 전문성으로 아시아 금융 환경을 재편하고 있어요. 대한민국 최고의 온투금융사 B2B AI 솔루션 서비스로 9 개국에서 사업을 영위하고 있는 극소수의 AI 금융 기술 회사 대형 테크회사보다 높은 공헌 이익률 약 80%, 분기 손익분기점을 달성하며 빠르게 성장 중인 스타트업 창의적인 사업 전략과 혁신적인 기술력으로 '보통 사람을 위한 보통이 아닌 금융'을 구현할, 한국을 넘어 아시아 전역에서 활약하는 사업 활동에 가슴 뛰는 최고의 인재를 기다리고 있어요. 지금, PFCT와 함께해요! Client Team은, PFCT 투자-대출 메인 플랫폼인 크플 의 앱/웹 어플리케이션을 개발하는 팀으로, 고객이 AI 금융 서비스를 쉽고 간편하게 이용할 수 있도록 주도적으로 문제를 찾고 개선해요. 고객에게 최고의 금융 경험을 제공하기 위해 크게 5 가지 서비스의 완성도를 높이고 있어요. 채권형 투자/대출 AI 대출 능력 관리 AI 대출 상품 비교 앱테크 및 챌린지 리테일 상품 핫딜 저희 팀은 빠른 러닝 커브와 실행력을 가진 동료들로 구성되어 있으며, 프론트엔드 iOS Android 개발자들이 원팀이 되어 서로의 의견을 존중하며 투명하게 소통하고, PO 디자이너 마케터 등 여러 동료들과 긴밀하게 커뮤니케이션 해요. 자발적인 스터디 활동을 통해 새로운 지식이나 기술 트렌드를 공유하며, 어려움이나 고민은 함께 해결하는 개발 문화를 가지고 있어요. 누적 150만 유저, 누적 취급액 2조 5천억을 향해가는 플랫폼 개발 과정에서 주도적으로 의견을 내고 참여할 수 있어요. 트렌디한 기술들을 금융, 리테일 등 다양한 산업에 접목할 수 있는 장점을 가지고 있으며, 금융 도메인만 익히는 게 아닌 다양한 분야로 커리어를 쌓아나가며, 주도적으로 일을 할 수 있어요. 여러 유명 컨퍼런스에 연사로 참여할 만큼, 클라이언트 팀은 프론 트엔드 기술 발전에 큰 관심을 가지고 있어요. 관련 링크 우리의 기술력을 세계에 펼친 iOS개발자 KWDC24: 개발자로서의 도약 을 꿈꾸며 Android Engineer는, 합류하면 이런 일을 해요 돈을 벌고, 모으고, 아낄 수 있는 활동을 망라한 투자-대출 관리 플랫폼 크플 의 앱/웹 사용 여정을 개발 및 개선해요. 단순 금융 서비스가 아니라 온투금융사 최초로 투자, 대출, 앱테크, 리테일 핫딜 등이 한데 모여진 고객의 금융 생활 밀착형 플랫폼을 만들어 나갈 수 있으며, 엔지니어가 자유롭게 앱 기반의 상품을 기획해 볼 수 있는 기회도 열려있어요. 크플 앱 서비스의 고객수 증가에 따라 B2C 대규모 앱을 만들어 나가며 커리어를 확장할 수 있어요. 저희는 이런 분을 찾고 있어요 2년 이상 Kotlin을 활용한 안드로이드 개발 경험이 있는 분 Kotlin 개발 경험이 풍부한 분 Room, Paging 등 Jetpack에 능통한 분 Dagger Hilt, Data binding, Retrofit2 + OkHttp3의 경험이 있는 분 MVVM, MVI와 같이 다양한 아키텍처 및 디자인 패턴에 익숙한 분 이런 경험을 가진 분이면 더 좋아요 최신 개발 트렌드에 대해서 관심이 있고, 프로젝트에 접목 시켜본 경험이 있는 분 유저 경험에 관심이 많고, 금융 서비스의 이해 및 경험이 있는 분 최신 개발 트렌드에 대한 관심 및 최적화된 인터페이스를 지향하는 분 지속적인 코드 최적화 및 유지 보수 경험이 있는 분 경험을 활용하는 것 이외에도 직관과 다양한 시각으로 문제 해결에 접근하는 분 뛰어난 의사소통 능력과 어려운 기술 문제를 해결하려는 열정이 있는 분 합류 여정에 대해 알려드려요 채용 프로세스 서류 전형 온라인 코딩 테스트 및 사전 인터뷰 설문 1차 인터뷰(Job-Fit) 2차 인터뷰(Culture Fit) 3차 인터뷰(Final) 처우 협의 최종 합류 지원 서류 이력서(필수/자유 양식) 포트폴리오(선택) 제출 형식: PDF 파일 권장 안내 사항 내부 사정에 따라 채용 일정 또는 절차가 변경될 수 있으며, 변경 시 별도 안내 드릴 예정입니다. 제출 서류에",,[],software_dev,[],"[""Android Engineer""]","[""Kotlin"", ""Room"", ""Paging"", ""Jetpack"", ""Dagger Hilt"", ""Data binding"", ""Retrofit2"", ""OkHttp3"", ""MVVM"", ""MVI""]","[""최신 개발 트렌드"", ""유저 경험"", ""금융 서비스 이해"", ""코드 최적화"", ""유지 보수""]",finance_fintech,unknown,startup,unknown,"[""프로젝트""]","[""실행력·업무처리 능력"", ""문제해결 능력"", ""커뮤니케이션 역량"", ""협업·팀워크"", ""학습·성장 역량""]",PFC Technologies는 독보적인 금융 기술(Lending Tech) 전문성으로 아시아 금융 환경을 재편하고 있는 AI 금융 기술 회사입니다. 대한민국 최고의 온투금융사 B2B AI 솔루션 서비스를 제공하며 9개국에서 사업을 영위하고 있습니다.,고객이 AI 금융 서비스를 쉽고 간편하게 이용할 수 있도록 투자-대출 메인 플랫폼 '크플'의 앱/웹 사용 여정을 개발 및 개선하여 최고의 금융 경험을 제공하는 것이 이 직무의 목적입니다.,"투자-대출 메인 플랫폼인 크플의 앱/웹 어플리케이션을 개발 및 개선하며, 고객이 AI 금융 서비스를 쉽고 간편하게 이용할 수 있도록 주도적으로 문제를 찾고 해결합니다. 채권형 투자/대출, AI 대출 능력 관리, AI 대출 상품 비교, 앱테크 및 챌린지, 리테일 상품 핫딜 등 5가지 핵심 서비스의 완성도를 높이는 데 기여합니다. 온투금융사 최초로 투자, 대출, 앱테크, 리테일 핫딜 등이 한데 모여진 고객의 금융 생활 밀착형 플랫폼을 만들어 나가며, 엔지니어가 자유롭게 앱 기반의 상품을 기획해 볼 수 있는 기회도 있습니다. 누적 150만 유저, 누적 취급액 2조 5천억을 향해가는 플랫폼 개발 과정에서 주도적으로 의견을 내고 참여합니다.","2년 이상 Kotlin을 활용한 안드로이드 개발 경험이 필수이며, Room, Paging 등 Jetpack과 Dagger Hilt, Data binding, Retrofit2 + OkHttp3에 능통해야 합니다. MVVM, MVI와 같은 다양한 아키텍처 및 디자인 패턴에 익숙한 분을 찾습니다. 최신 개발 트렌드에 관심이 많고 프로젝트에 접목시켜본 경험이 있으며, 유저 경험에 대한 이해와 금융 서비스 경험이 있다면 우대합니다. 지속적인 코드 최적화 및 유지 보수 경험과 뛰어난 의사소통 능력, 어려운 기술 문제를 해결하려는 열정을 가진 분을 환영합니다.","[""빠른실행"", ""소통"", ""협업"", ""학습"", ""기술중심"", ""주도적""]","회사: PFC Technologies는 독보적인 금융 기술(Lending Tech) 전문성으로 아시아 금융 환경을 재편하고 있는 AI 금융 기술 회사입니다. 대한민국 최고의 온투금융사 B2B AI 솔루션 서비스를 제공하며 9개국에서 사업을 영위하고 있습니다.
직무 목적: 고객이 AI 금융 서비스를 쉽고 간편하게 이용할 수 있도록 투자-대출 메인 플랫폼 '크플'의 앱/웹 사용 여정을 개발 및 개선하여 최고의 금융 경험을 제공하는 것이 이 직무의 목적입니다.
주요 업무: 투자-대출 메인 플랫폼인 크플의 앱/웹 어플리케이션을 개발 및 개선하며, 고객이 AI 금융 서비스를 쉽고 간편하게 이용할 수 있도록 주도적으로 문제를 찾고 해결합니다. 채권형 투자/대출, AI 대출 능력 관리, AI 대출 상품 비교, 앱테크 및 챌린지, 리테일 상품 핫딜 등 5가지 핵심 서비스의 완성도를 높이는 데 기여합니다. 온투금융사 최초로 투자, 대출, 앱테크, 리테일 핫딜 등이 한데 모여진 고객의 금융 생활 밀착형 플랫폼을 만들어 나가며, 엔지니어가 자유롭게 앱 기반의 상품을 기획해 볼 수 있는 기회도 있습니다. 누적 150만 유저, 누적 취급액 2조 5천억을 향해가는 플랫폼 개발 과정에서 주도적으로 의견을 내고 참여합니다.
인재상: 2년 이상 Kotlin을 활용한 안드로이드 개발 경험이 필수이며, Room, Paging 등 Jetpack과 Dagger Hilt, Data binding, Retrofit2 + OkHttp3에 능통해야 합니다. MVVM, MVI와 같은 다양한 아키텍처 및 디자인 패턴에 익숙한 분을 찾습니다. 최신 개발 트렌드에 관심이 많고 프로젝트에 접목시켜본 경험이 있으며, 유저 경험에 대한 이해와 금융 서비스 경험이 있다면 우대합니다. 지속적인 코드 최적화 및 유지 보수 경험과 뛰어난 의사소통 능력, 어려운 기술 문제를 해결하려는 열정을 가진 분을 환영합니다.",experienced,job_posting,PFC Technologies에서 금융 기술 플랫폼 '크플'의 안드로이드 앱 개발 및 개선을 담당할 경력직 안드로이드 엔지니어를 모집합니다.,[]
311352,피에프씨테크놀로지스,Backend Engineer(백엔드 엔지니어),EXPERIENCED,"PFC Technologies ""EXTRAORDINARY FINANCE FOR THE ORDINARY"" 보통 사람을 위한 보통이 아닌 금융 PFCT는 한국은 물론, 진출한 모든 시장에서 불가능하다고 여겨졌던 이정표들을 달성하고 있는 독보적인 금융 기술(Lending Tech) 전문성으로 아시아 금융 환경을 재편하고 있어요. 대한민국 최고의 온투금융사 B2B AI 솔루션 서비스로 9 개국에서 사업을 영위하고 있는 극소수의 AI 금융 기술 회사 대형 테크회사보다 높은 공헌 이익률 약 80%, 분기 손익분기점을 달성하며 빠르게 성장 중인 스타트업 창의적인 사업 전략과 혁신적인 기술력으로 '보통 사람을 위한 보통이 아닌 금융'을 구현할, 한국을 넘어 아시아 전역에서 활약하는 사업 활동에 가슴 뛰는 최고의 인재를 기다리고 있어요. 지금, PFCT와 함께해요! Back-end Team은, Backend Team은 크플의 핵심 금융 서비스 전반을 책임지고 있어요. 금융의 복잡함을 코드로 풀어내고 있어요. 대출, 투자, 상환, 정산 등 금융 현장의 복잡한 비즈니스 로직을 안정적이고 확장 가능한 시스템으로 구현해요. 수천 건의 트랜잭션이 정확하게 처리되고, 고객이 신뢰할 수 있는 서비스를 만드는 것이 우리의 목표예요. 플랫폼으로 제품의 성장을 가속합니다. 스쿼드가 빠르게 실험하고 배포할 수 있도록 공통 플랫폼과 API를 제공해요. 때로는 백엔드의 경계를 넘어, 필요한 어드민이나 도구를 직접 구현(Full-stack)하여 운영 효율을 극대화하고 있어요. 제품팀이 본질적인 고객 가치에만 집중할 수 있도록 돕는 일이에요. DDD와 Clean Architecture를 기반으로 도메인을 모델링하고, EDA로 확장 가능한 시스템을 구축하며, 100% AWS 클라우드 환경에서 마이크로서비스를 운영하는 것도 저희의 역할이에요. 관련 링크 은행의 공식을 따르지 않는 보통이 아닌 코어뱅킹 이야기 PFCT 기술 스택 Language : Python, Kotlin, TypeScript Framework : Django, Spring Boot, NestJS, React/Next.js Database : MySQL, PostgreSQL, Redis, DynamoDB Messaging : Kafka, Celery, RabbitMQ Infra : AWS, Docker, Jenkins, ArgoCD Monitoring : Prometheus, Grafana, Sentry, Pinpoint Architecture : DDD, Clean Architecture, EDA, CQRS Back-end Engineer는 합류하면 이런 일을 해요 대출, 투자, 상환 등 핵심 금융 서비스를 설계하고 구현해요. 여신, 이자 계산, 정산, 거래 처리 등 계정계 로직을 개발해요. 크플서버, 포인트서버, 알림 플랫폼 등 공통 서비스를 개발하고 운영해요. 내부 운영 효율화를 위한 어드민 시스템 및 Back Office 풀스택을 개발해요. 분산 트랜잭션 환경에서 데이터 정합성을 보장해요. 저희는 이런 분을 찾고 있어요 우리가 중요하게 보는 것은 특정 프레임워크 경험이 아니에요. Python이든 Kotlin이든, 새로운 스택은 팀에서 온보딩하고 있어요. 대신, 다음과 같은 기본기가 탄탄한 분을 찾고 있어요. 튼튼한 백엔드 능력을 5년 이상 보유한 분 자료구조, 네트워크, 데이터베이스 등 CS 기본 개념 RESTful API 설계 및 구현 RDBMS 트랜잭션과 정합성 보장에 대한 이해 복잡한 도메인을 다루는 설계 능력을 보유한 분 비즈니스 로직을 명확하게 모델링하고 코드로 표현 낮은 결합도, 높은 응집도를 추구하는 설계 테스트 가능하고 유지 보수 가능한 구조 설계 AI를 활용한 개발 능력을 보유한 분 Cursor, Copilot 등 AI 도구를 활용해 생산성을 높이는 능력 AI가 생성한 코드를 검증하고 개선할 수 있는 판단력 새로운 도구와 기술을 빠르게 습득하고 업무에 적용하는 자세 문제 해결력과 원활한 커뮤니케이션이 가능한 분 장애 상황에서 원인을 추적하고 해결하는 능력 기획자, 디자이너, 동료 개발자와 명확하게 소통 복잡한 기술적 내용을 쉽게 설명하는 능력 내 영역이 아니더라도(Frontend/Infra) 문제 해결을 위해 적극적으로 파고드는 자세 이런 경험을 가진 분이면 더 좋아요 Python(Django, Django Ninja) 또는 Kotlin/Spring 기반 서비스 개발을 해본 분 금융 서비스(대출 투자 정산 계정계) 개발 경험이 있는 분 이벤트 기반 아키텍처(Kafka RabbitMQ Celery) 적용 경험이 있는 분 DDD, Clean Architecture 기반 설계 경험을 해본 분 대규모 트래픽 또는 분산 트랜잭션 환경 운영 경험이 있는 분 React, Next.js 등을 활용해 어드민(Back-office) 페이지를 직접 구축해 본 경험이 있는 분 온투업/P2P 금융에 대한 이해가 높은 분 합류 여정에 대해 알려드려요 채용 프로세스 서류 전형 현장 코딩 테스트 및 1차 인터뷰(Job-Fit) 2차 인터뷰(Culture Fit) 3차 인터뷰(Final) 처우 협의 최종 합류 지원 서류 이력서(필수 / 자유 양식) 포트폴리오(선택) 제출 형식: PDF 파일 권장 안내 사항 내부 사정에 따라 채용 일정 또는 절차가 변경될 수 있으며, 변경 시 별도 안내 드릴 예정입니다. 제출 서류에",,[],software_dev,[],"[""Backend Engineer"", ""백엔드 엔지니어""]","[""Python"", ""Kotlin"", ""Django"", ""Spring Boot"", ""MySQL"", ""PostgreSQL"", ""AWS"", ""Docker"", ""DDD"", ""Clean Architecture"", ""RESTful API"", ""자료구조"", ""네트워크"", ""데이터베이스"", ""RDBMS 트랜잭션""]","[""Django Ninja"", ""Kotlin/Spring"", ""Kafka"", ""RabbitMQ"", ""Celery"", ""React"", ""Next.js""]",finance_fintech,서울,startup,office,[],"[""문제해결 능력"", ""커뮤니케이션 역량"", ""학습·성장 역량"", ""실행력·업무처리 능력"", ""협업·팀워크""]","PFC Technologies는 독보적인 금융 기술(Lending Tech) 전문성으로 아시아 금융 환경을 재편하고 있는 회사입니다. 대한민국 최고의 온투금융사 B2B AI 솔루션 서비스로 9개국에서 사업을 영위하며, 보통 사람을 위한 보통이 아닌 금융을 구현합니다.","Backend Engineer는 크플의 핵심 금융 서비스 전반을 책임지며, 금융의 복잡한 비즈니스 로직을 안정적이고 확장 가능한 시스템으로 구현하여 고객이 신뢰할 수 있는 서비스를 제공하고, 제품 성장을 가속화하기 위한 공통 플랫폼과 API를 제공합니다.","대출, 투자, 상환 등 핵심 금융 서비스를 설계하고 구현하며, 여신, 이자 계산, 정산, 거래 처리 등 계정계 로직을 개발합니다. 크플서버, 포인트서버, 알림 플랫폼 등 공통 서비스를 개발하고 운영하며, 내부 운영 효율화를 위한 어드민 시스템 및 Back Office 풀스택을 개발합니다. 분산 트랜잭션 환경에서 데이터 정합성을 보장하고, DDD와 Clean Architecture를 기반으로 도메인을 모델링하며, EDA로 확장 가능한 시스템을 구축하고 100% AWS 클라우드 환경에서 마이크로서비스를 운영합니다.","튼튼한 백엔드 기본기를 5년 이상 보유한 분으로, 자료구조, 네트워크, 데이터베이스 등 CS 기본 개념과 RESTful API 설계 및 구현, RDBMS 트랜잭션과 정합성 보장에 대한 깊은 이해가 필요합니다. 복잡한 도메인을 다루는 설계 능력을 보유하여 비즈니스 로직을 명확하게 모델링하고 낮은 결합도, 높은 응집도를 추구하는 테스트 가능하고 유지 보수 가능한 구조를 설계할 수 있어야 합니다. AI 도구(Cursor, Copilot 등)를 활용해 생산성을 높이고 AI가 생성한 코드를 검증 및 개선할 수 있는 판단력을 갖춘 분을 찾습니다. 새로운 도구와 기술을 빠르게 습득하고 업무에 적용하는 자세와 함께, 장애 상황에서 원인을 추적하고 해결하며 기획자, 디자이너, 동료 개발자와 명확하게 소통하는 문제 해결력과 원활한 커뮤니케이션 역량이 중요합니다. Python(Django) 또는 Kotlin/Spring 기반 서비스 개발, 금융 서비스 개발, 이벤트 기반 아키텍처 적용, DDD/Clean Architecture 설계, 대규모 트래픽/분산 트랜잭션 환경 운영, React/Next.js를 활용한 어드민 페이지 구축, 온투업/P2P 금융 이해 경험이 있다면 더욱 좋습니다.","[""혁신"", ""성장"", ""빠른실행"", ""문제해결"", ""협업""]","회사: PFC Technologies는 독보적인 금융 기술(Lending Tech) 전문성으로 아시아 금융 환경을 재편하고 있는 회사입니다. 대한민국 최고의 온투금융사 B2B AI 솔루션 서비스로 9개국에서 사업을 영위하며, 보통 사람을 위한 보통이 아닌 금융을 구현합니다.
직무 목적: Backend Engineer는 크플의 핵심 금융 서비스 전반을 책임지며, 금융의 복잡한 비즈니스 로직을 안정적이고 확장 가능한 시스템으로 구현하여 고객이 신뢰할 수 있는 서비스를 제공하고, 제품 성장을 가속화하기 위한 공통 플랫폼과 API를 제공합니다.
주요 업무: 대출, 투자, 상환 등 핵심 금융 서비스를 설계하고 구현하며, 여신, 이자 계산, 정산, 거래 처리 등 계정계 로직을 개발합니다. 크플서버, 포인트서버, 알림 플랫폼 등 공통 서비스를 개발하고 운영하며, 내부 운영 효율화를 위한 어드민 시스템 및 Back Office 풀스택을 개발합니다. 분산 트랜잭션 환경에서 데이터 정합성을 보장하고, DDD와 Clean Architecture를 기반으로 도메인을 모델링하며, EDA로 확장 가능한 시스템을 구축하고 100% AWS 클라우드 환경에서 마이크로서비스를 운영합니다.
인재상: 튼튼한 백엔드 기본기를 5년 이상 보유한 분으로, 자료구조, 네트워크, 데이터베이스 등 CS 기본 개념과 RESTful API 설계 및 구현, RDBMS 트랜잭션과 정합성 보장에 대한 깊은 이해가 필요합니다. 복잡한 도메인을 다루는 설계 능력을 보유하여 비즈니스 로직을 명확하게 모델링하고 낮은 결합도, 높은 응집도를 추구하는 테스트 가능하고 유지 보수 가능한 구조를 설계할 수 있어야 합니다. AI 도구(Cursor, Copilot 등)를 활용해 생산성을 높이고 AI가 생성한 코드를 검증 및 개선할 수 있는 판단력을 갖춘 분을 찾습니다. 새로운 도구와 기술을 빠르게 습득하고 업무에 적용하는 자세와 함께, 장애 상황에서 원인을 추적하고 해결하며 기획자, 디자이너, 동료 개발자와 명확하게 소통하는 문제 해결력과 원활한 커뮤니케이션 역량이 중요합니다. Python(Django) 또는 Kotlin/Spring 기반 서비스 개발, 금융 서비스 개발, 이벤트 기반 아키텍처 적용, DDD/Clean Architecture 설계, 대규모 트래픽/분산 트랜잭션 환경 운영, React/Next.js를 활용한 어드민 페이지 구축, 온투업/P2P 금융 이해 경험이 있다면 더욱 좋습니다.",experienced,job_posting,PFC Technologies에서 금융 기술 기반의 핵심 백엔드 서비스를 설계하고 구현할 5년 이상 경력의 백엔드 엔지니어를 모집합니다.,[]
311345,피에프씨테크놀로지스,여신상품운영매니저,EXPERIENCED,"PFC Technologies ""EXTRAORDINARY FINANCE FOR THE ORDINARY"" 보통 사람을 위한 보통이 아닌 금융 PFCT는 한국은 물론, 진출한 모든 시장에서 불가능하다고 여겨졌던 이정표들을 달성하고 있는 독보적인 금융 기술(Lending Tech) 전문성으로 아시아 금융 환경을 재편하고 있어요. 대한민국 최고의 온투금융사 대한민국 최고의 온투금융사 B2B AI 솔루션 서비스로 9 개국에서 사업을 영위하고 있는 극소수의 AI 금융 기술 회사 B2B AI 솔루션 서비스로 9 개국에서 사업을 영위하고 있는 극소수의 AI 금융 기술 회사 대형 테크회사보다 높은 공헌 이익률 약 80%, 분기 손익분기점을 달성하며 빠르게 성장 중인 스타트업 대형 테크회사보다 높은 공헌 이익률 약 80%, 분기 손익분기점을 달성하며 빠르게 성장 중인 스타트업 창의적인 사업 전략과 혁신적인 기술력으로 '보통 사람을 위한 보통이 아닌 금융'을 구현할, 한국을 넘어 아시아 전역에서 활약하는 사업 활동에 가슴 뛰는 최고의 인재를 기다리고 있어요. 지금, PFCT와 함께해요! 대출을 처리하는 팀이 아니라, 금융을 설계하는 팀 Customer Management Team은 , 단순히 대출을 '처리'하는 팀이 아니에요. 주택담보대출 개인신용대출 등 여신상품의 기획, 실행, 사후 관리까지 책임지는 팀이에요. 법무사 보험사 신용정보사 등 다양한 협력사와 긴밀히 협업하며 복잡한 금융 실무를 정확하게 처리해요. ""이 업무, 더 잘할 수 없을까?"" 라는 질문을 바탕으로 자동화와 프로세스 개선 프로젝트를 직접 주도해요. 운영 현장의 감각과 기획력을 모두 키울 수 있는 곳에서, 실무 전문가이자 비즈니스를 바꾸는 기획자로 함께 성장해요. 여신상품운영매니저 는, 합류하면 이런 일을 해요 여신대출상품의 취급 및 운영 실무를 관리해요. 법무사, 보험사 등 협력사와 커뮤니케이션해요. 대출 실행 사후 업무의 운영을 관리해요. 운영 업무의 개선을 위한 어젠다 발굴 및 프로젝트를 진행해요. 저희는 이런 분을 찾고 있어요 여신대출상품 운영 업무 경력 3년 이상인 분 꼼꼼하고 책임감 있게 업무에 임하는 분 기존 금융을 뒤집는 '보통 사람을 위한 보통이 아닌 금융' 미션에 가슴 뛰는 분 긍정적이고 유연한 사고방식을 보유한 분 이런 경험을 가진 분이면 더 좋아요 계약 서류 검수 및 관리 능력이 우수한 분 다양한 안건을 동시에 다루는 상황에서도 꼼꼼함과 오너십을 잃지 않는 분 엑셀, 구글 시트, SQL 사용이 능숙한 분 이런 면에서 특별한 포지션이예요 복잡한 금융 실무를 정확하게 처리하는 운영 역량을 키울 수 있어요. 운영 병목을 분석하고 개선하며 문제를 구조적으로 해결하는 기획력을 기를 수 있어요. 채용 프로세스는, 합류 여정 서류 전형 1차 인터뷰(Job-Fit) 2차 인터뷰(Culture Fit) 3차 인터뷰(Final) 처우 협의 최종 합류 지원 서류 이력서(필수/자유 양식) 포트폴리오(선택) 제출 형식: PDF 파일 권장 안내 사항 내부 사정에 따라 채용 일정 또는 절차가 변경될 수 있으며, 변경 시 별도 안내 드릴 예정입니다. 제출 서류에",,[],finance_investment,[],"[""여신상품운영매니저""]",[],"[""계약 서류 검수 및 관리"", ""엑셀"", ""구글 시트"", ""SQL""]",finance_fintech,unknown,startup,unknown,[],"[""실행력·업무처리 능력"", ""문제해결 능력"", ""전략·기획 역량""]",PFC Technologies는 독보적인 금융 기술(Lending Tech) 전문성으로 아시아 금융 환경을 재편하고 있는 AI 금융 기술 회사입니다. 대한민국 최고의 온투금융사로서 9개국에서 B2B AI 솔루션 서비스를 제공하고 있습니다.,"이 직무는 여신상품의 기획부터 실행, 사후 관리까지 전 과정을 책임지며, 운영 현장의 감각과 기획력을 바탕으로 금융 실무를 정확하게 처리하고 프로세스 개선 프로젝트를 주도하여 비즈니스를 혁신하는 데 기여합니다.","여신대출상품의 취급 및 운영 실무를 관리하며, 법무사, 보험사 등 다양한 협력사와 긴밀히 커뮤니케이션합니다. 대출 실행 및 사후 업무의 운영을 관리하고, 운영 업무의 개선을 위한 어젠다를 발굴하며 관련 프로젝트를 직접 주도합니다. 이를 통해 복잡한 금융 실무를 정확하게 처리하고 운영 병목을 분석하여 개선하며 문제를 구조적으로 해결하는 기획력을 발휘합니다.","여신대출상품 운영 업무 경력 3년 이상인 분을 찾습니다. 꼼꼼하고 책임감 있게 업무에 임하며, 기존 금융을 뒤집는 '보통 사람을 위한 보통이 아닌 금융' 미션에 공감하는 긍정적이고 유연한 사고방식을 가진 분을 선호합니다. 계약 서류 검수 및 관리 능력이 우수하고, 다양한 안건을 동시에 다루면서도 꼼꼼함과 오너십을 잃지 않는 분을 우대합니다. 엑셀, 구글 시트, SQL 사용이 능숙한 분이면 더욱 좋습니다.","[""혁신"", ""기술중심"", ""성장"", ""미션중심""]","회사: PFC Technologies는 독보적인 금융 기술(Lending Tech) 전문성으로 아시아 금융 환경을 재편하고 있는 AI 금융 기술 회사입니다. 대한민국 최고의 온투금융사로서 9개국에서 B2B AI 솔루션 서비스를 제공하고 있습니다.
직무 목적: 이 직무는 여신상품의 기획부터 실행, 사후 관리까지 전 과정을 책임지며, 운영 현장의 감각과 기획력을 바탕으로 금융 실무를 정확하게 처리하고 프로세스 개선 프로젝트를 주도하여 비즈니스를 혁신하는 데 기여합니다.
주요 업무: 여신대출상품의 취급 및 운영 실무를 관리하며, 법무사, 보험사 등 다양한 협력사와 긴밀히 커뮤니케이션합니다. 대출 실행 및 사후 업무의 운영을 관리하고, 운영 업무의 개선을 위한 어젠다를 발굴하며 관련 프로젝트를 직접 주도합니다. 이를 통해 복잡한 금융 실무를 정확하게 처리하고 운영 병목을 분석하여 개선하며 문제를 구조적으로 해결하는 기획력을 발휘합니다.
인재상: 여신대출상품 운영 업무 경력 3년 이상인 분을 찾습니다. 꼼꼼하고 책임감 있게 업무에 임하며, 기존 금융을 뒤집는 '보통 사람을 위한 보통이 아닌 금융' 미션에 공감하는 긍정적이고 유연한 사고방식을 가진 분을 선호합니다. 계약 서류 검수 및 관리 능력이 우수하고, 다양한 안건을 동시에 다루면서도 꼼꼼함과 오너십을 잃지 않는 분을 우대합니다. 엑셀, 구글 시트, SQL 사용이 능숙한 분이면 더욱 좋습니다.",experienced,job_posting,PFC Technologies에서 여신상품의 기획부터 사후 관리까지 담당하며 운영 개선 프로젝트를 주도할 3년 이상 경력의 여신상품운영매니저를 채용합니다.,[]
311343,(주) 미리디,[미리디] 프로덕트 디자이너 (대규모 채용 ~04/17),EXPERIENCED,"미리디에서 2,000만 유저의 경험을 함께 그려갈 프로덕트 디자이너(PD) 잠재동료님을 기다립니다. 바쁜 잠재동료님을 위한 [Fast-Track 채용 프로세스] 당장 포트폴리오를 다듬을 여유가 없고, 면접 때문에 여러 번 연차를 내기 눈치 보이는 현업 실무자분들의 현실적인 고민을 덜어드리고자 합니다. 1 포트폴리오는 업데이트 안 해도 OK (선택 제출): 주말 반납해가며 포트폴리오 다듬지 마세요. 화려한 결과물보다, 사전 설문으로 들려주실 '생각의 흐름'이 훨씬 더 궁금하거든요. 2 원데이 서류 검토: 기약 없는 기다림으로 애태우지 마세요. 지원서를 제출해 주시면 빠르게 검토하여 서류 결과를 안내해 드립니다. 3 원데이 인터뷰: 눈치 보며 귀한 연차 여러 번 내지 마세요. 하루(최대 3.5시간) 만에 모든 인터뷰를 마칩니다. 나만 알기 아까운 PD 지인이 있다면? > [인재 추천 보상] 직접 지원하지 않으시더라도, 주변의 훌륭한 프로덕트 디자이너를 추천해 주세요! 피추천인이 미리디에 합류하게 된다면 추천인에게 300만 원의 감사 를 전합니다. 안녕하세요, 미리디 프로덕트 디자인 팀입니다. ""거대하고 복잡한 프로덕트, 과연 내가 감당할 수 있을까?"" 수천만 개의 템플릿을 다루는 에디터 생태계, 실물 인쇄로 이어지는 B2B 백오피스와 커머스, 그리고 AI 생성 로직까지 유기적으로 얽혀 있는 이 거대한 시스템을 설계하는 일은 결코 쉽지 않습니다. 저희도 매일 그 무거운 책임감을 느끼며 치열하게 부딪히고 있거든요. 하지만, 누군가 그려준 기획서대로 화면만 예쁘게 다듬는 일에 지쳐있으셨다면. 내가 직접 문제를 정의하고 치열하게 짠 플로우가 수천만 명의 사용자에게 닿는 그 짜릿한 성취감을 원하셨다면, 미리디는 꽤 괜찮은 해답이 될 수 있을 거라고 조심스레, 하지만 굳게 확신합니다. 이 치열하고 즐거운 고민의 여정을 미리디와 함께해 주시겠어요? [ 프로덕트를 함께 만들어가요 ] 상상할 수 있는 거의 모든 도메인을 다뤄볼 수 있어요. 미리캔버스의 강력한 에디터 기능을 중심으로 뻗어나가는 다양한 서비스들이 유기적으로 연결되어 있거든요. 코어 에디터 & 크리에이터 플랫폼 2,000만 국민 플랫폼 미리캔버스 의 코어 기능 프레젠테이션 을 만들고, 수많은 크리에이터가 수익을 창출하는 생태계 디자인허브 를 단단하게 구축해요. 잠재동료님이 설계한 경험으로 디자인으로 소통하는 세상을 만들어요. 커머스 & B2B 공급망 플랫폼 웹 에디터의 디자인이 실제 인쇄물로 고객에게 닿는 PoD 커머스 비즈하우스 를 다뤄요. B2B 고객의 페인포인트를 해소하고, 생산업체들이 고객을 만날 수 있는 강력한 백오피스 프린트허브 를 설계합니다. 고객의 복잡했던 디자인 소통 과정을 줄여주며, 비즈니스를 성장시키는데 기여합니다. AI 생성 & 검색 어려운 프롬프트 없이 디자인을 뚝딱 만드는 생성형 AI 미리클 과 그리고 수천만 개의 템플릿 중 유저의 의도를 파악해 템플릿 탐색 수고를 덜어주는 검색추천 로직을 설계해요. 유저의 탐색과 창작에 드는 수고를 획기적으로 줄여주는, 디자인의 미래를 그리는 곳이에요. 글로벌 확장 & 그로스 미리캔버스 가 한국을 넘어 세계로 뻗어나가는 여정을 주도해요. 영미권과 일본 시장을 타겟으로 한 현지화 및 SEO 등 제품 최적화를 통해 글로벌 유저를 획득하고, 국내 유저 확장을 위한 그로스 실험을 빠르고 치열하게 굴려봅니다. [ 미리디에서 이런 일들을 함께 하고 싶어요 ] 문제를 정의하고 문제 해결을 위한 분석과 UX 설계 및 UI 디자인을 담당하며 사용자에게 배포되기까지의 과정에 모두 참여해요. 스쿼드는 다양한 직무(PM, 엔지니어, QA, 데이터, 프로덕트디자이너 등)로 구성되며 한두가지 프로덕트에 오너십을 갖고 집중할 수 있어요. PM, 데이터 분석 팀과 함께 고객 활동 지표 등 다양한 데이터 분석, UX 리서치, 시장 조사 등을 통해 문제를 발견하고 정의해요. 동료와 함께 상하좌우 적극적인 소통 및 의사결정을 이끌어요. 리서치 결과 보고서, 상세 정책, UX Flow, Flow Chart, UX writing, Prototype, UI 등을 설계해요. 프리토타이핑, 디자인씽킹, 애자일, 린스타트업 기반으로 문제를 해결해요. [ 이런 분이라면 목표 달성에 확신을 얻을 것 같아요 ] 복잡한 문제 속에서 핵심을 파악하고, 스스로 목표를 설정해 끝까지 해결해낼 수 있는 실행력과 주도성을 갖춘 분 '왜?'라는 질문을 통해 문제의 본질과 목적을 파악하고, 이를 기반으로 서비스를 기획하며 지속적으로 발전시켜 나갈 수 있는 분 복잡하고 어려운 정보를 사용자가 쉽게 이해할 수 있도록 구조화할 수 있는 분 정성적인 사용자 조사 결과와 정량적인 데이터를 기반으로 문제를 찾고 서비스를 개선할 수 있는 분 서비스에 대한 오너십과 높은 자율성 및 책임감을 가지고 업무에 임하며, 항상 배우려고 노력하는 분 PM, 개발자 등 다양한 직군과 협업할 때 배려심을 바탕으로 한 논리적인 커뮤니케이션을 할 수 있고, 효과적으로 피드백을 주고 받을 수 있는 분 [ 이런 경험이 있으시다면 더 기쁘게 모시고 싶어요 ] 서비스의 흐름과 상세 정책을 직접 기획 설계하고 실제 시장에 출시해본 경험이 있는 분 B2B 서비스 또는 복잡한 내부 시스템을 설계하고 개선한 경험이 있는 분 PC, 태블릿, 모바일 등 다양한 디바이스 환경에서 범용적인 디자인 패턴을 이해하고, 상황에 맞게 적용할 수 있는 분 디자인 시스템을 직접 제작하거나 운영하며, 일관된 사용자 경험과 서비스 품질을 향상시킨 경험이 있는 분 팀 내 디자인 문화와 협업 환경을 개선하고, 동료 디자이너의 성장을 도운 경험이 있는 분 다양한 문화적 배경을 이해하고, 글로벌 사용자에게 적합한 언어와 표현을 사용할 수 있는 분 AI 기술(예: 이미지 생성, 추천 모델 등)의 원리를 이해하고, 이를 프로덕트에 적절히 녹여 설계한 경험이 있는 분 [ 포트폴리오는 업데이트하지 않아도 괜찮아요 ] 바쁜 현업 중에 포트폴리오를 업데이트하기 벅차다는 것, 미리디도 깊이 공감합니다. 미리디는 완성된 화려한 결과물보다, 그동안 어떤 고민을 거쳐 문제를 해결해 오셨는지 그 치열했던 '생각의 흐름'이 더 궁금해요. 아래 사전 설문으로 잠재동료님만의 깊은 고민의 흔적을 먼저 들려주시겠어요? | 사전 설문 | 미리디 홈페이지에서 <지원하기>를 누르면 제출 양식이 나옵니다. 필수 문항 1-1. 가장 주도적으로 정의하고 해결까지 리드한 문제는 무엇인가요? 1-2. 왜 그 문제가 반드시 해결해야 할 과제라고 판단하셨나요? 1-3. 해당 문제를 해결하기 위해 어떤 방식으로 설계하셨나요? 1-4. 그 설계를 통해 고객에게 제공하고자 한 핵심 가치는 무엇이었나요? 1-5. 프로젝트의 성과는 어떤 지표로 측정했고, 어떻게 해석하셨나요? 선택 문항 (아래 3개 중 택 1) 2. 처음 정의한 문제와 실제로 해결한 문제가 달라진 경험 (계기와 이유) 3. 마무리됐지만 아쉬움이 남아 '제대로 못 풀었다'고 느끼는 프로젝트 (지표가 좋았어도 찜찜했던 이유) 4. 디자인 경험이 없는 신규 유저가 미리캔버스를 처음 이용할 때 겪는 가장 큰 어려움과 현재 서비스의 한계점 [ 귀한 연차, 여러 번 쓰지 않도록 하루 만에 뵐게요 ] 바쁜 와중에 면접을 위해 귀한 연차를 여러 번 내야 하는 부담을 덜어드리고 싶습니다. 하루(쉬는 시간 포함 최대 3시간 30분) 만에 모든 인터뷰를 마칠 수 있도록 준비했어요. 서류 전형: ~4월 17일(금) 최대 영업일 2일 이내에 결과를 안내해드립니다. 경우에 따라, 본인의 작업을 확인할 수 있는 결과물 제출을 요청드릴 수 있어요. 1-Day 인터뷰: 1차 인터뷰 (90분) : 잠재동료님의 직무 역량과 'How & Why'를 깊이 있게 듣는 시간 쉬는 시간 (30분) : 휴식 및 다음 세션 진행 여부 결정 (미진행 확정 시 인터뷰 단계 종료) 2차 인터뷰 (90분) : 'Impact & Fit' 미리디의 컬처와 리더십을 서로 맞춰보는 시간 처우 협의 및 입사: 인터뷰 결과 안내는 최대 3주가 소요되며, 직급에 따라 레퍼런스 체크가 진행될 수 있습니다. 합류 후 3개월의 수습 기간 동안에도 급여는 100% 지급됩니다. [ 나만 알기 아까운 동료가 있다면 추천해 주세요 ] 이 글을 읽고 떠오르는 멋진 잠재동료님이 계신가요? 추천해 주신 분이 합류해 수습 기간을 통과하시면 300만 원의 감사를 전합니다. > [추천하는 법] 미리디 프로덕트 디자인 팀이 진짜로 일하는 방식이 궁금하시다면, 아래 인터뷰도 꼭 한번 읽어봐 주세요. 현업자가 말해주는 미리디 프로덕트 디자인 팀의 매력을 만나보세요! 직무 인터뷰 1부 보러가기 미리디 프로덕트 디자인 팀에 들어오게 되면 어떤 일을 하게 될까요? -> 직무 인터뷰 2부 보러가기 좋은 인연으로 만나 뵙기를 진심으로 기다리겠습니다!",,[],design,[],"[""프로덕트 디자이너"", ""PD""]","[""UX 설계"", ""UI 디자인"", ""데이터 분석"", ""UX 리서치"", ""시장 조사""]","[""디자인 시스템 제작"", ""디자인 시스템 운영"", ""AI 기술 적용"", ""글로벌 디자인"", ""B2B 서비스 설계""]",it_software,unknown,mid_corp,unknown,"[""프로젝트""]","[""문제해결 능력"", ""실행력·업무처리 능력"", ""전략·기획 역량"", ""정보수집·분석 역량"", ""커뮤니케이션 역량"", ""협업·팀워크"", ""학습·성장 역량"", ""창의·혁신 역량""]","미리디는 2,000만 유저를 위한 디자인 플랫폼 미리캔버스, PoD 커머스 비즈하우스, AI 생성 디자인 미리클 등을 운영하며 다양한 디자인 서비스를 제공하는 기업입니다.","프로덕트 디자이너는 미리디의 거대하고 복잡한 디자인 프로덕트 생태계를 설계하고, 수천만 명의 사용자에게 닿는 짜릿한 성취감을 통해 디자인으로 소통하는 세상을 만드는 데 기여합니다.","프로덕트 디자이너는 미리캔버스의 코어 에디터 및 크리에이터 플랫폼, PoD 커머스 비즈하우스, B2B 백오피스 프린트허브, AI 생성 디자인 미리클, 검색추천 로직, 그리고 글로벌 확장 및 그로스 등 미리디의 다양한 프로덕트를 함께 만들어갑니다. 문제를 정의하고 해결을 위한 분석, UX 설계 및 UI 디자인을 담당하며, 사용자에게 배포되기까지의 전 과정에 참여합니다. PM, 엔지니어, QA, 데이터 등 다양한 직무의 스쿼드 동료들과 협업하며 고객 활동 지표 분석, UX 리서치, 시장 조사를 통해 문제를 발견하고 정의합니다. 리서치 결과 보고서, 상세 정책, UX Flow, Flow Chart, UX writing, Prototype, UI 등을 설계하며, 프리토타이핑, 디자인씽킹, 애자일, 린스타트업 기반으로 문제를 해결합니다.","미리디는 복잡한 문제 속에서 핵심을 파악하고 스스로 목표를 설정하여 해결하는 실행력과 주도성을 갖춘 인재를 찾습니다. '왜?'라는 질문으로 문제의 본질을 파악하고 서비스를 기획하며 발전시키는 분, 복잡한 정보를 쉽게 구조화하는 능력을 가진 분을 선호합니다. 정성적 사용자 조사 결과와 정량적 데이터를 기반으로 문제를 찾고 서비스를 개선할 수 있어야 하며, 서비스에 대한 오너십과 높은 자율성, 책임감을 가지고 배우려는 자세가 중요합니다. PM, 개발자 등 다양한 직군과 배려심 있는 논리적 커뮤니케이션 및 효과적인 피드백 교환 능력이 요구됩니다. 서비스 기획 및 출시 경험, B2B 서비스 또는 복잡한 내부 시스템 설계 경험, 다양한 디바이스 환경 디자인 패턴 이해, 디자인 시스템 제작/운영 경험, 팀 내 디자인 문화 개선 및 동료 성장 지원 경험, 글로벌 사용자 대상 디자인 경험, AI 기술 원리 이해 및 프로덕트 적용 경험이 있다면 더욱 좋습니다.","[""자율"", ""책임감"", ""협업"", ""문제해결"", ""성장"", ""빠른실행""]","회사: 미리디는 2,000만 유저를 위한 디자인 플랫폼 미리캔버스, PoD 커머스 비즈하우스, AI 생성 디자인 미리클 등을 운영하며 다양한 디자인 서비스를 제공하는 기업입니다.
직무 목적: 프로덕트 디자이너는 미리디의 거대하고 복잡한 디자인 프로덕트 생태계를 설계하고, 수천만 명의 사용자에게 닿는 짜릿한 성취감을 통해 디자인으로 소통하는 세상을 만드는 데 기여합니다.
주요 업무: 프로덕트 디자이너는 미리캔버스의 코어 에디터 및 크리에이터 플랫폼, PoD 커머스 비즈하우스, B2B 백오피스 프린트허브, AI 생성 디자인 미리클, 검색추천 로직, 그리고 글로벌 확장 및 그로스 등 미리디의 다양한 프로덕트를 함께 만들어갑니다. 문제를 정의하고 해결을 위한 분석, UX 설계 및 UI 디자인을 담당하며, 사용자에게 배포되기까지의 전 과정에 참여합니다. PM, 엔지니어, QA, 데이터 등 다양한 직무의 스쿼드 동료들과 협업하며 고객 활동 지표 분석, UX 리서치, 시장 조사를 통해 문제를 발견하고 정의합니다. 리서치 결과 보고서, 상세 정책, UX Flow, Flow Chart, UX writing, Prototype, UI 등을 설계하며, 프리토타이핑, 디자인씽킹, 애자일, 린스타트업 기반으로 문제를 해결합니다.
인재상: 미리디는 복잡한 문제 속에서 핵심을 파악하고 스스로 목표를 설정하여 해결하는 실행력과 주도성을 갖춘 인재를 찾습니다. '왜?'라는 질문으로 문제의 본질을 파악하고 서비스를 기획하며 발전시키는 분, 복잡한 정보를 쉽게 구조화하는 능력을 가진 분을 선호합니다. 정성적 사용자 조사 결과와 정량적 데이터를 기반으로 문제를 찾고 서비스를 개선할 수 있어야 하며, 서비스에 대한 오너십과 높은 자율성, 책임감을 가지고 배우려는 자세가 중요합니다. PM, 개발자 등 다양한 직군과 배려심 있는 논리적 커뮤니케이션 및 효과적인 피드백 교환 능력이 요구됩니다. 서비스 기획 및 출시 경험, B2B 서비스 또는 복잡한 내부 시스템 설계 경험, 다양한 디바이스 환경 디자인 패턴 이해, 디자인 시스템 제작/운영 경험, 팀 내 디자인 문화 개선 및 동료 성장 지원 경험, 글로벌 사용자 대상 디자인 경험, AI 기술 원리 이해 및 프로덕트 적용 경험이 있다면 더욱 좋습니다.",experienced,job_posting,미리디에서 2천만 유저의 경험을 설계하고 디자인 생태계를 혁신할 프로덕트 디자이너를 대규모 채용합니다.,[]
311342,피에프씨테크놀로지스,B2B Business Development Manager(B2B 사업개발 매니저),EXPERIENCED,"PFC Technologies ""EXTRAORDINARY FINANCE FOR THE ORDINARY"" 보통 사람을 위한 보통이 아닌 금융 PFCT는 한국은 물론, 진출한 모든 시장에서 불가능하다고 여겨졌던 이정표들을 달성하고 있는 독보적인 금융 기술(Lending Tech) 전문성으로 아시아 금융 환경을 재편하고 있어요. 대한민국 최고의 온투금융사 B2B AI 솔루션 서비스로 9 개국에서 사업을 영위하고 있는 극소수의 AI 금융 기술 회사 대형 테크회사보다 높은 공헌 이익률 약 80%, 분기 손익분기점을 달성하며 빠르게 성장 중인 스타트업 창의적인 사업 전략과 혁신적인 기술력으로 '보통 사람을 위한 보통이 아닌 금융'을 구현할, 한국을 넘어 아시아 전역에서 활약하는 사업 활동에 가슴 뛰는 최고의 인재를 기다리고 있어요. 지금, PFCT와 함께해요! ""규제라는 벽을 넘어, AI로 금융의 판을 바꿀 동료를 찾습니다."" 우리는 대한민국 1위 온라인 투자 연계 금융 기업 PFCT에서 출발했어요. 남들이 ""금융권이라서 안 돼"", ""규제 때문에 힘들어""라고 말할 때, 우리는 기술로 돌파구를 찾았고, 스타트업 혹한기(2023~2025)에도 오직 기술력만으로 '팀 흑자'를 달성하며 자생력을 증명했어요. 2026년, 이제 우리는 'AI Agent'와 '글로벌 시장'이라는 더 큰 바다로 나아갈 예정이에요. 세상에 없던 Lending AX를 함께 정의하고 시장의 표준으로 만들어갈 BD Manager를 모시고 있어요. Enterprise Unit은, Enterprise Unit(EU)은 금융회사를 위한 B2B AI 솔루션을 통해, 금융 의사 결정과 운영 방식을 근본적으로 개선하는 조직이에요. AI 기반 리스크 관리 솔루션과 컨설팅을 결합해, 금융사의 신용평가 및 여신 운영 전략이 더 정확하고 효율적으로 작동하도록 지원해요. 검증된 기술 조직의 Spin-off : 3년 전, PFCT 내 최정예 인력들이 모여 독립 사업 조직(CIC)으로 출범했어요. 실력으로 증명한 생존과 성장 : 지난 3년간, 우리는 외부 투자 없이 오직 자체 개발한 AI RISK 관리 솔루션의 사업화 성공으로 팀 단위 흑자를 달성했어요. 재무적 안정성과 스타트업의 민첩함을 동시에 갖춘 희소성 있는 조직이에요. Global & Next AI : 2026년은 도약의 해에요. 해외 사무소 확장을 통해 글로벌 금융 시장을 공략하고, 기존 솔루션을 AI Agent 기반으로 고도화하여 기술 격차를 더욱 벌릴 예정이에요. 관련 링크 B2B 사업 탄생기: 금융기관의 리스크 관리 파트너 에어팩(AIRPACK) ""AI로 연체율 2% 1.5%까지 줄였다"" PFCT ""하루 걸러 바뀌는 대출 시장... AI 신용평가 설루션 '에어팩'이 해결"" [핀테크톡] ""빚 갚을 수 있는 사람이 '돌려막기' 하더라...AI기술로 바꿀 것"" 안병규 PFCT AI 총괄이사 서민 위한 중금리 대출 AI 신용평가로 새 시대 열 것 B2B Business Development Manager 는, 합류하면 이런 일을 해요 Enterprise Lending AX 시장 및 트렌드를 분석하고, 타겟 산업 고객군 기반의 사업 기회를 발굴해요. Lending AX 솔루션 도입을 희망하는 Enterprise 고객사를 대상으로 세일즈 활동을 수행하고, 초기 미팅부터 제안 협상까지 영업 전반을 리딩해요. Enterprise 고객 및 전략적 파트너와의 관계를 구축 확장하고, 다양한 이해관계자 및 의사 결정권자와의 커뮤니케이션을 주도해요. 솔루션 도입 이후 비즈니스 성과를 분석하고, 추가 수주 및 확장 기회를 발굴해요. RFP/RFI 대응 및 제안서(Proposal) 작성 발표를 준비해요.(입찰 프로세스, 고객 요구 사항 정리, 솔루션 구조화 등) 프로젝트 사전/사후 단계 고객 접점의 커뮤니케이션을 관리하고 조율해요. 저희는 이런 분을 찾고 있어요 관련 경력 5년 이상의 B2B 세일즈 또는 사업개발 경험 (금융사, 핀테크, 금융 IT, SaaS, 엔터프라이즈 솔루션 등) 을 보유한 분 솔루션(플랫폼, 소프트웨어, 데이터, AI 등) 기반의 장기 세일즈 사이클을 경험해본 분 전략적 파트너십 발굴 및 협업 구조를 설계하거나 운영해본 경험이 있는 분(클라우드, 금융 IT 벤더, 컨설팅사 등) GTM(Go-To-Market) 전략 수립 또는 실행 경험을 보유한 분(타겟 고객 정의, 세일즈 메시지 정립, 시장 진입 확장 전략 등) PoC/파일럿 프로젝트를 기획 운영하고 상용 전환까지 리딩해 본 경험이 있는 분 고객사 의사 결정 구조를 파악하고 C-level/실무 조직을 동시에 설득해본 경험이 있는 분 계약 협상 및 가격 정책(견적/정산/수익 모델) 설계 경험이 있는 분 이런 경험을 가진 분이면 더 좋아요 금융 비즈니스 구조 및 Lending 도메인에 대한 이해를 보유한 분(여신RISK 관리, CSS 등) 고객사 프로젝트 수행 과정에서 PMO 역할로 일정 이슈 산출물을 관리하며 커뮤니케이션을 리딩해 본 경험이 있는 분(요구 사항 정리, 실행 계획 수립, 주간 보고, 리스크 관리 등) 세일즈 이후 딜리버리/온보딩 단계에서 고객 실무 조직과 내부 조직 간 조율을 주도해본 경험이 있는 분 데이터/AI 기반 솔루션의 핵심 가치(ROI, 효율화, 리스크 절감)를 고객 관점에서 설명할 수 있는 분 합류 여정에 대해 알려드려요 채용 프로세스 서류 전형 1차 인터뷰(Job-Fit) 2차 인터뷰(Culture Fit) 3차 인터뷰(Final) 처우 협의 최종 합류 지원 서류 이력서(필수 / 자유 양식) 포트폴리오(선택) 제출 형식: PDF 파일 권장 안내 사항 내부 사정에 따라 채용 일정 또는 절차가 변경될 수 있으며, 변경 시 별도 안내 드릴 예정입니다. 제출 서류에",,[],sales,"[""planning_strategy""]","[""B2B Business Development Manager""]","[""B2B 세일즈"", ""사업개발"", ""시장 분석"", ""영업"", ""제안 협상"", ""관계 구축"", ""커뮤니케이션"", ""성과 분석"", ""RFP/RFI 대응"", ""제안서 작성"", ""프레젠테이션"", ""계약 협상"", ""가격 정책 설계""]","[""금융 도메인 이해"", ""Lending 도메인 이해"", ""PMO"", ""프로젝트 관리"", ""딜리버리 관리"", ""온보딩 관리"", ""조율"", ""데이터/AI 솔루션 이해"", ""가치 제안""]",finance_fintech,unknown,startup,office,"[""프로젝트""]","[""커뮤니케이션 역량"", ""전략·기획 역량"", ""창의·혁신 역량"", ""정보수집·분석 역량"", ""실행력·업무처리 능력""]","PFC Technologies는 '보통 사람을 위한 보통이 아닌 금융'을 목표로 하는 금융 기술(Lending Tech) 전문 기업입니다. 한국을 넘어 아시아 시장에서 AI 기반 금융 솔루션으로 금융 환경을 재편하고 있으며, 대한민국 최고의 온투금융사로서 B2B AI 솔루션 서비스를 9개국에서 영위하고 있습니다.","이 직무는 AI 기반 Lending AX 솔루션을 통해 금융 의사 결정과 운영 방식을 개선하고, 글로벌 시장에서 새로운 금융 기술 표준을 만들어갈 B2B 사업 기회를 발굴하고 확장하는 역할을 수행합니다.","Enterprise Lending AX 시장 및 트렌드를 분석하여 타겟 고객군 기반의 사업 기회를 발굴합니다. Lending AX 솔루션 도입을 희망하는 Enterprise 고객사를 대상으로 세일즈 활동을 수행하며, 초기 미팅부터 제안 협상까지 영업 전반을 리딩합니다. Enterprise 고객 및 전략적 파트너와의 관계를 구축하고 확장하며, 다양한 이해관계자 및 의사 결정권자와의 커뮤니케이션을 주도합니다. 솔루션 도입 이후 비즈니스 성과를 분석하고, 추가 수주 및 확장 기회를 발굴합니다. RFP/RFI 대응 및 제안서 작성 발표를 준비하며, 프로젝트 사전/사후 단계에서 고객 접점의 커뮤니케이션을 관리하고 조율합니다.","관련 경력 5년 이상의 B2B 세일즈 또는 사업개발 경험을 보유하고, 솔루션 기반의 장기 세일즈 사이클을 경험한 분을 찾습니다. 전략적 파트너십 발굴 및 협업 구조 설계/운영 경험, GTM 전략 수립/실행 경험, PoC/파일럿 프로젝트 기획/운영 및 상용 전환 리딩 경험이 필수적입니다. 고객사 의사 결정 구조를 파악하고 C-level/실무 조직을 동시에 설득하며, 계약 협상 및 가격 정책 설계 경험이 있는 분을 우대합니다. 금융 비즈니스 구조 및 Lending 도메인 이해, PMO 역할 수행 경험, 데이터/AI 기반 솔루션의 핵심 가치를 고객 관점에서 설명할 수 있는 역량을 갖춘 분이라면 더욱 좋습니다.","[""기술중심"", ""혁신"", ""성장"", ""민첩함"", ""글로벌""]","회사: PFC Technologies는 '보통 사람을 위한 보통이 아닌 금융'을 목표로 하는 금융 기술(Lending Tech) 전문 기업입니다. 한국을 넘어 아시아 시장에서 AI 기반 금융 솔루션으로 금융 환경을 재편하고 있으며, 대한민국 최고의 온투금융사로서 B2B AI 솔루션 서비스를 9개국에서 영위하고 있습니다.
직무 목적: 이 직무는 AI 기반 Lending AX 솔루션을 통해 금융 의사 결정과 운영 방식을 개선하고, 글로벌 시장에서 새로운 금융 기술 표준을 만들어갈 B2B 사업 기회를 발굴하고 확장하는 역할을 수행합니다.
주요 업무: Enterprise Lending AX 시장 및 트렌드를 분석하여 타겟 고객군 기반의 사업 기회를 발굴합니다. Lending AX 솔루션 도입을 희망하는 Enterprise 고객사를 대상으로 세일즈 활동을 수행하며, 초기 미팅부터 제안 협상까지 영업 전반을 리딩합니다. Enterprise 고객 및 전략적 파트너와의 관계를 구축하고 확장하며, 다양한 이해관계자 및 의사 결정권자와의 커뮤니케이션을 주도합니다. 솔루션 도입 이후 비즈니스 성과를 분석하고, 추가 수주 및 확장 기회를 발굴합니다. RFP/RFI 대응 및 제안서 작성 발표를 준비하며, 프로젝트 사전/사후 단계에서 고객 접점의 커뮤니케이션을 관리하고 조율합니다.
인재상: 관련 경력 5년 이상의 B2B 세일즈 또는 사업개발 경험을 보유하고, 솔루션 기반의 장기 세일즈 사이클을 경험한 분을 찾습니다. 전략적 파트너십 발굴 및 협업 구조 설계/운영 경험, GTM 전략 수립/실행 경험, PoC/파일럿 프로젝트 기획/운영 및 상용 전환 리딩 경험이 필수적입니다. 고객사 의사 결정 구조를 파악하고 C-level/실무 조직을 동시에 설득하며, 계약 협상 및 가격 정책 설계 경험이 있는 분을 우대합니다. 금융 비즈니스 구조 및 Lending 도메인 이해, PMO 역할 수행 경험, 데이터/AI 기반 솔루션의 핵심 가치를 고객 관점에서 설명할 수 있는 역량을 갖춘 분이라면 더욱 좋습니다.",experienced,job_posting,"PFC Technologies는 AI 기반 금융 기술 솔루션으로 아시아 금융 시장을 혁신하는 스타트업으로, B2B 사업 기회를 발굴하고 고객 관계를 구축하며 솔루션 세일즈를 리딩할 5년 이상 경력의 사업개발 매니저를 찾습니다.",[]
311329,코스알엑스,[코스알엑스] 26년 3월 (신입 및 경력) 아마존MD,"NEW, EXPERIENCED","[코스알엑스] 26년 3월 (신입 및 경력) 아마존MD [모집직무] 아마존MD [자격요건] - 아마존 플랫폼 운영 경력 2년 이상 보유자 - 데이터 분석을 기반으로 마켓 성과를 최적화한 경험자 - 비즈니스 수준의 영어 능통자 * 어학 테스트 진행 예정 [우대사항] - 제2외국어 가능자 (영어 외 유럽권 언어 우대) - 글로벌 이커머스 환경에 대한 이해 및 적응력 높은 분 - 화장품, 소비재 카테고리 경험자",,[],sales,"[""marketing""]","[""아마존MD""]","[""아마존 플랫폼 운영"", ""데이터 분석"", ""영어""]","[""제2외국어"", ""유럽권 언어"", ""글로벌 이커머스 이해"", ""화장품 카테고리 경험"", ""소비재 카테고리 경험""]",beauty_cosmetics,unknown,mid_corp,unknown,"[""프로젝트""]","[""정보수집·분석 역량"", ""문제해결 능력"", ""글로벌·다문화 역량""]","코스알엑스는 글로벌 스킨케어 브랜드를 운영하며, 전 세계 고객에게 건강한 피부 솔루션을 제공하는 기업입니다.",아마존 플랫폼에서 코스알엑스 제품의 판매 성과를 데이터 기반으로 최적화하고 글로벌 시장에서의 브랜드 성장을 주도하는 역할입니다.,"아마존 플랫폼의 전반적인 운영을 담당하며, 데이터 분석을 통해 마켓 성과를 지속적으로 모니터링하고 최적화합니다. 이를 위해 판매 전략을 수립하고 실행하며, 프로모션 기획 및 관리를 통해 매출 증대에 기여합니다. 또한, 비즈니스 수준의 영어 능력을 활용하여 아마존 본사 및 해외 파트너들과 원활하게 소통하고 협력합니다.","아마존 플랫폼 운영 경력이 2년 이상이며, 데이터 분석을 기반으로 마켓 성과를 최적화한 경험을 보유한 분을 찾습니다. 비즈니스 수준의 영어 능통자는 필수이며, 어학 테스트가 진행될 예정입니다. 제2외국어(특히 유럽권 언어) 가능자를 우대하며, 글로벌 이커머스 환경에 대한 높은 이해와 적응력을 가진 분을 선호합니다. 화장품 또는 소비재 카테고리 경험자는 더욱 환영합니다.","[""글로벌"", ""데이터드리븐""]","회사: 코스알엑스는 글로벌 스킨케어 브랜드를 운영하며, 전 세계 고객에게 건강한 피부 솔루션을 제공하는 기업입니다.
직무 목적: 아마존 플랫폼에서 코스알엑스 제품의 판매 성과를 데이터 기반으로 최적화하고 글로벌 시장에서의 브랜드 성장을 주도하는 역할입니다.
주요 업무: 아마존 플랫폼의 전반적인 운영을 담당하며, 데이터 분석을 통해 마켓 성과를 지속적으로 모니터링하고 최적화합니다. 이를 위해 판매 전략을 수립하고 실행하며, 프로모션 기획 및 관리를 통해 매출 증대에 기여합니다. 또한, 비즈니스 수준의 영어 능력을 활용하여 아마존 본사 및 해외 파트너들과 원활하게 소통하고 협력합니다.
인재상: 아마존 플랫폼 운영 경력이 2년 이상이며, 데이터 분석을 기반으로 마켓 성과를 최적화한 경험을 보유한 분을 찾습니다. 비즈니스 수준의 영어 능통자는 필수이며, 어학 테스트가 진행될 예정입니다. 제2외국어(특히 유럽권 언어) 가능자를 우대하며, 글로벌 이커머스 환경에 대한 높은 이해와 적응력을 가진 분을 선호합니다. 화장품 또는 소비재 카테고리 경험자는 더욱 환영합니다.",both,job_posting,코스알엑스에서 아마존 플랫폼 운영 및 데이터 기반 성과 최적화를 담당할 신입 및 경력 아마존MD를 채용합니다.,[]
311327,코스알엑스,[코스알엑스] 26년 3월 (신입 및 경력) 일본 마케팅 커뮤니케이션 채용,"NEW, EXPERIENCED",[코스알엑스] 26년 3월 (신입 및 경력) 일본 마케팅 커뮤니케이션 채용 [모집직무] 일본 마케팅 커뮤니케이션 [ 자격요건 ] -유관 경력 0년~4년 보유자 * 신입 지원 가능(정규직 전환형 인턴) - 비즈니스 레벨 이상의 일본어 커뮤니케이션 역량 보유자 * 어학 테스트 진행 예정 - 일본 SNS 및 크리에이터/인플루언서 생태계에 대한 높은 이해 보유자 - 다양한 이해관계자와의 원활한 커뮤니케이션 및 협업 역량 경험자 - 일본 시장 및 소비자 특성에 대한 이해 보유자 [ 우대사항 ] - 일본 뷰티/화장품 브랜드 마케팅 또는 PR 경험 보유자 - 글로벌 브랜드의 일본 시장 진출 또는 현지화 마케팅 경험 보유자 - 데이터 기반 캠페인 성과 분석 및 리포팅 경험 보유자 - 일본 현지 거주 경험 또는 장기 체류 경험 보유자,,[],marketing,[],"[""일본 마케팅 커뮤니케이션""]","[""일본어"", ""SNS 마케팅"", ""인플루언서 마케팅""]","[""PR"", ""현지화 마케팅"", ""데이터 분석""]",beauty_cosmetics,서울,mid_corp,unknown,"[""인턴"", ""프로젝트""]","[""커뮤니케이션 역량"", ""협업·팀워크"", ""정보수집·분석 역량"", ""실행력·업무처리 능력""]",코스알엑스는 피부 고민을 위한 스킨케어 제품을 개발하고 판매하는 글로벌 뷰티 브랜드입니다.,일본 시장에서 코스알엑스 브랜드의 인지도를 높이고 성장을 가속화하기 위해 현지 마케팅 커뮤니케이션 전략을 수립하고 실행하는 핵심적인 역할을 수행합니다.,"일본 시장의 특성과 소비자 니즈를 깊이 이해하여 코스알엑스 브랜드의 마케팅 커뮤니케이션 전략을 수립하고 실행합니다. 일본 SNS 채널 및 현지 크리에이터, 인플루언서 생태계를 활용하여 브랜드 콘텐츠를 기획하고 확산하며, 다양한 이해관계자들과 협력하여 캠페인을 성공적으로 운영합니다. 또한, 데이터 기반으로 캠페인 성과를 분석하고 리포팅하여 마케팅 활동의 효율성을 지속적으로 개선하는 업무를 수행합니다.","비즈니스 레벨 이상의 일본어 커뮤니케이션 역량을 갖추고, 일본 SNS 및 크리에이터/인플루언서 생태계에 대한 높은 이해를 보유한 인재를 찾습니다. 다양한 이해관계자와 원활하게 소통하고 협업할 수 있는 역량이 필수적이며, 일본 시장 및 소비자 특성에 대한 깊이 있는 이해를 바탕으로 마케팅 전략을 수립할 수 있어야 합니다. 일본 뷰티/화장품 브랜드 마케팅 또는 PR 경험, 글로벌 브랜드의 일본 시장 진출 및 현지화 마케팅 경험이 있는 분을 우대하며, 데이터 기반으로 캠페인 성과를 분석하고 리포팅할 수 있는 능력을 갖춘 분을 선호합니다. 일본 현지 거주 또는 장기 체류 경험이 있다면 더욱 좋습니다.",[],"회사: 코스알엑스는 피부 고민을 위한 스킨케어 제품을 개발하고 판매하는 글로벌 뷰티 브랜드입니다.
직무 목적: 일본 시장에서 코스알엑스 브랜드의 인지도를 높이고 성장을 가속화하기 위해 현지 마케팅 커뮤니케이션 전략을 수립하고 실행하는 핵심적인 역할을 수행합니다.
주요 업무: 일본 시장의 특성과 소비자 니즈를 깊이 이해하여 코스알엑스 브랜드의 마케팅 커뮤니케이션 전략을 수립하고 실행합니다. 일본 SNS 채널 및 현지 크리에이터, 인플루언서 생태계를 활용하여 브랜드 콘텐츠를 기획하고 확산하며, 다양한 이해관계자들과 협력하여 캠페인을 성공적으로 운영합니다. 또한, 데이터 기반으로 캠페인 성과를 분석하고 리포팅하여 마케팅 활동의 효율성을 지속적으로 개선하는 업무를 수행합니다.
인재상: 비즈니스 레벨 이상의 일본어 커뮤니케이션 역량을 갖추고, 일본 SNS 및 크리에이터/인플루언서 생태계에 대한 높은 이해를 보유한 인재를 찾습니다. 다양한 이해관계자와 원활하게 소통하고 협업할 수 있는 역량이 필수적이며, 일본 시장 및 소비자 특성에 대한 깊이 있는 이해를 바탕으로 마케팅 전략을 수립할 수 있어야 합니다. 일본 뷰티/화장품 브랜드 마케팅 또는 PR 경험, 글로벌 브랜드의 일본 시장 진출 및 현지화 마케팅 경험이 있는 분을 우대하며, 데이터 기반으로 캠페인 성과를 분석하고 리포팅할 수 있는 능력을 갖춘 분을 선호합니다. 일본 현지 거주 또는 장기 체류 경험이 있다면 더욱 좋습니다.",both,job_posting,"코스알엑스에서 일본 시장 마케팅 커뮤니케이션을 담당할 신입 및 경력직을 채용하며, 일본어 능력과 현지 시장 이해를 바탕으로 브랜드 성장을 이끌 인재를 찾습니다.",[]
311325,아이디스,[아이디스] 대전 2026년 생산직 모집 [정규직/병역특례(보충역)],"NEW, EXPERIENCED","[아이디스] 대전 2026년 생산직 모집 [정규직/병역특례(보충역)] [모집직무] 생산직 [모집일정] 채용 시 마감 [자격요건] ㆍ 신체 건강하고 성실하신 분 ㆍ전기, 전자업종 생산직 근무 경험자 우대 ㆍ보충역 편입 대상 지원 가능 ㆍ공업계열, 상업계열 고등학교 졸업자 우대 ㆍ대전 근무 가능하신 분 ㆍ해외여행에 결격사유가 없는 자",,[],manufacturing,[],"[""생산직""]",[],[],electronics,대전,mid_corp,unknown,"[""아르바이트""]","[""실행력·업무처리 능력""]","아이디스는 전기, 전자업종에서 영상 보안 솔루션 등을 생산하는 기업입니다.",이 직무는 전기·전자 제품의 생산 및 조립을 담당하여 회사의 제품 공급과 생산 목표 달성에 기여합니다.,"주요 업무는 전기·전자 제품의 생산 라인에서 제품을 조립하고, 품질을 검사하며, 생산 공정을 관리하는 것입니다. 생산 계획에 따라 효율적으로 작업을 수행하고, 필요한 경우 장비 유지보수 및 개선 활동에 참여할 수 있습니다. 안전 수칙을 준수하며 생산 목표 달성에 기여합니다.","신체 건강하고 성실하며, 전기·전자업종 생산직 근무 경험이 있는 분을 우대합니다. 보충역 편입 대상자도 지원 가능하며, 공업계열 또는 상업계열 고등학교 졸업자를 우대합니다. 대전에서 근무 가능하고 해외여행에 결격사유가 없어야 합니다.",[],"회사: 아이디스는 전기, 전자업종에서 영상 보안 솔루션 등을 생산하는 기업입니다.
직무 목적: 이 직무는 전기·전자 제품의 생산 및 조립을 담당하여 회사의 제품 공급과 생산 목표 달성에 기여합니다.
주요 업무: 주요 업무는 전기·전자 제품의 생산 라인에서 제품을 조립하고, 품질을 검사하며, 생산 공정을 관리하는 것입니다. 생산 계획에 따라 효율적으로 작업을 수행하고, 필요한 경우 장비 유지보수 및 개선 활동에 참여할 수 있습니다. 안전 수칙을 준수하며 생산 목표 달성에 기여합니다.
인재상: 신체 건강하고 성실하며, 전기·전자업종 생산직 근무 경험이 있는 분을 우대합니다. 보충역 편입 대상자도 지원 가능하며, 공업계열 또는 상업계열 고등학교 졸업자를 우대합니다. 대전에서 근무 가능하고 해외여행에 결격사유가 없어야 합니다.",both,job_posting,"아이디스 대전 생산직 정규직/병역특례 모집 공고로, 전기·전자업종 생산 경험자와 관련 고등학교 졸업자를 우대합니다.","[""low_signal""]"
311320,KCC,[KCC] 본사 건재 기술지원 담당 촉탁 인재 채용,CONTRACT,[KCC] 본사 건재 기술지원 담당 촉탁 인재 채용 [담당업무] - 거래선 가/시공 업체 지도/감리 및 교육 - 창호 제품 품질 및 가시공 기술검토 [자격요건] - 전문대학 졸업자 한정 (학점 평점 3.0 이상 - 4.5 만점 기준) - 건축 계열 전공자 - 기타 해외여행에 결격 사유 없는 자 [우대사항] - 건설현장 유경험자 - 건축 산업기사 이상 자격 보유자 - Auto-Cad 활용 가능한 자 - 국가보훈대상자 : 관련 법령에 의거 우대,,[],engineering_hw,"[""quality""]","[""본사 건재 기술지원 담당""]","[""건축 계열 전공 지식""]","[""Auto-Cad"", ""건축 산업기사""]",construction,서울,large_corp,office,"[""프로젝트""]","[""문제해결 능력"", ""실행력·업무처리 능력""]","KCC는 건축자재, 도료, 유리 등 다양한 사업 분야를 영위하는 국내 대표 기업입니다. 특히 건자재 분야에서 폭넓은 제품군을 제공하며 시장을 선도하고 있습니다.",본 직무는 KCC의 건자재 제품이 거래선 현장에서 올바르게 시공되고 품질을 유지할 수 있도록 기술적으로 지원하고 관리하는 역할을 수행합니다. 이를 통해 제품의 신뢰도를 높이고 고객 만족을 확보하는 데 기여합니다.,"주요 업무는 거래선 가/시공 업체에 대한 현장 지도, 감리 및 교육을 포함합니다. 창호 제품의 품질을 면밀히 검토하고, 가시공 기술에 대한 전문적인 검토를 수행하여 문제 발생을 사전에 방지합니다. 현장에서 발생하는 기술적인 이슈에 대해 적극적으로 대응하고 해결 방안을 제시하며, 시공 품질 향상을 위한 교육 프로그램을 기획하고 실행합니다.","전문대학 졸업 이상의 학력을 소지하고 건축 계열을 전공한 분을 찾습니다. 학점 평점 3.0 이상(4.5 만점 기준)의 성적을 갖추어야 합니다. 건설현장 유경험자는 우대하며, 건축 산업기사 이상의 자격증을 보유하고 Auto-Cad 활용이 가능한 분을 선호합니다. 해외여행에 결격 사유가 없어야 합니다.",[],"회사: KCC는 건축자재, 도료, 유리 등 다양한 사업 분야를 영위하는 국내 대표 기업입니다. 특히 건자재 분야에서 폭넓은 제품군을 제공하며 시장을 선도하고 있습니다.
직무 목적: 본 직무는 KCC의 건자재 제품이 거래선 현장에서 올바르게 시공되고 품질을 유지할 수 있도록 기술적으로 지원하고 관리하는 역할을 수행합니다. 이를 통해 제품의 신뢰도를 높이고 고객 만족을 확보하는 데 기여합니다.
주요 업무: 주요 업무는 거래선 가/시공 업체에 대한 현장 지도, 감리 및 교육을 포함합니다. 창호 제품의 품질을 면밀히 검토하고, 가시공 기술에 대한 전문적인 검토를 수행하여 문제 발생을 사전에 방지합니다. 현장에서 발생하는 기술적인 이슈에 대해 적극적으로 대응하고 해결 방안을 제시하며, 시공 품질 향상을 위한 교육 프로그램을 기획하고 실행합니다.
인재상: 전문대학 졸업 이상의 학력을 소지하고 건축 계열을 전공한 분을 찾습니다. 학점 평점 3.0 이상(4.5 만점 기준)의 성적을 갖추어야 합니다. 건설현장 유경험자는 우대하며, 건축 산업기사 이상의 자격증을 보유하고 Auto-Cad 활용이 가능한 분을 선호합니다. 해외여행에 결격 사유가 없어야 합니다.",contract,job_posting,KCC 본사에서 건재 기술지원 및 품질 검토를 담당할 촉탁 인재를 채용합니다.,[]
311315,대한해운,[대한해운] 2026년 IR 담당자/자금 담당자 모집,"EXPERIENCED, NEW",[대한해운] 2026년 IR 담당자/자금 담당자 모집 [모집분야] - iR 담당자 (경력) - 자금 담당자 (신입/경력) [,"자금 | 재무/세무/IR | 경영/사무 | 회계 | 재무 | 세무 | IR | 회계감사 | 예산관리 | 1. 지원동기와 입사 후 회사에서 이루고 싶은 꿈은 무엇인가요? | 2. 지원한 직무를 위해 필요한 역량은 무엇이라고 생각하며, 이 역량을 갖추기 위한 노력이나 자신만의 특별한 경험을 작성해 주세요. | 3. 다른 지원자 대비 본인만의 '차별화된 강점'과 '보완해야 할 약점'에 대해 사례를 들어 구체적으로 기술해 주세요. | [대한해운] 2026년 IR 담당자/자금 담당자 모집 | IR / PR / 공시",[],finance_investment,"[""management_support""]","[""IR 담당자"", ""자금 담당자""]",[],[],logistics_transport,unknown,large_corp,unknown,[],"[""정보수집·분석 역량"", ""실행력·업무처리 능력"", ""커뮤니케이션 역량"", ""문제해결 능력""]","대한해운은 해운업을 영위하는 회사로, 본 채용은 IR 및 자금 관리 직무를 담당할 인재를 모집합니다.",회사의 투자자 관계를 관리하고 자금을 효율적으로 운용하여 기업 가치를 제고하는 데 기여합니다.,"IR 담당자는 투자자 관계 관리, PR 활동 및 공시 업무를 수행합니다. 자금 담당자는 회사의 자금 운용, 재무 및 세무 관련 업무를 담당합니다. 또한 회계감사 및 예산 관리 업무를 통해 재무 건전성을 확보하고 경영 사무를 지원하는 역할을 수행합니다.","지원자는 회사에 대한 명확한 지원 동기와 입사 후 이루고 싶은 꿈을 제시해야 합니다. 지원 직무에 필요한 역량을 갖추기 위한 노력과 특별한 경험을 구체적으로 기술하고, 자신만의 차별화된 강점과 보완해야 할 약점을 솔직하게 설명할 수 있는 인재를 찾습니다.",[],"회사: 대한해운은 해운업을 영위하는 회사로, 본 채용은 IR 및 자금 관리 직무를 담당할 인재를 모집합니다.
