job_id,company_name,title,job_types,duties_clean,skills_clean,benefits_clean,detail_text_clean
312239,유한킴벌리(주),[유한킴벌리] 2026년 유한킴벌리 신입 및 경력사원 채용,"EXPERIENCED, NEW, CONTRACT","고객사업부문 플랫폼 마케터 경력 채용 | 마케팅/광고/홍보 | 마케팅/PR/분석 | 전시/컨벤션 | 마케팅전략/기획 | 광고기획 | 온라인마케팅 | 시장조사/분석 | 브랜드매니저 | 해외마케팅 | 언론홍보/PR | 설문/리서치 | 전시기획 | 회의/컨벤션/세미나 | 유한킴벌리에 지원하신 동기와, 입사 후 포부를 단기(5년 이내)와 장기(10년 이상)로 나누어 작성해 주세요. | · 지원자님을 가장 잘 표현할 수 있는 성장 경험을 예를 들어 작성해 주세요. (학교생활, 인턴·아르바이트 경험, 직장 경험 등) | · 데이터 분석 또는 AI 툴을 활용하여 학업, 업무, 또는 일상생활을 개선한 경험을 작성해 주세요. (활용한 툴, 적용 목적, 문제 해결 과정, 성과 및 배운 점을 포함) | · 그동안 쌓아온 직무 경험과 인턴십을 포함한 실무 경험 전반을 작성해 주세요. 특히 해당 과정에서 발휘한 역량, 습득한 기술, 성과 등을 중심으로 소개해 주시면 좋습니다. | [유한킴벌리] 2026년 유한킴벌리 신입 및 경력사원 채용 | 고객사업부문 플랫폼 마케터 신입 채용 | 서초연구소 Research Scientist(육아용품 제품개발) 계약직 채용 | 연구개발/설계 | 자동차/조선/기계 | 반도체/디스플레이 | 화학/에너지/환경 | 전기/전자/제어 | 기계설계/CAD/CAM | 통신기술/네트워크구축 | 바이오/제약/식품 | 자동차 | 조선 | 기계 | 반도체 | 디스플레이 | 화학 | 에너지 | 환경 | 화장품 | 전기/전기설비 | 전자 | 공정/품질/테스트 | 기계설계 | CAD | CAM | 바이오 | 제약 | 의약품 | 식품가공/개발",,,2026 Ŵ » ä 1 DNA Ư ֽ ϴ . # Ȱ ǰ # 귣 尡ġ ְ # Ӱ ɰ濵 õ ȹ ι Data Scientist ä Ⱓ : 26.03.12~26.04.02 6 ñ ʿ ?Research Scientist ( ǰ ǰ )? ä Ⱓ : 26.03.24~26.04.07 6 ñ ι ä Ⱓ : 26.03.25~26.04.09 6 ñ ʿ ?Research Scientist ( ƿ ǰ ǰ )? ä Ⱓ : 26.03.26~26.04.09 6 ñ ι ÷ ä Ⱓ : 26.03.27~26.04.10 6 ñ
312238,삼보모터스,[삼보모터스]  2026년 글로벌 사업본부 채용,"NEW, EXPERIENCED",,,,[삼보모터스] 2026년 글로벌 사업본부 채용 [모집직무] 글로벌 비즈니스2팀 (신입) 글로벌 프로그램 운영팀 (신입) 글로벌 비즈니스1팀 (경력) 글로벌 비즈니스2팀 (경력) [접수기간] 2026.04.12 오후 11:59까지
312237,동성인재개발교육원,[부산무역학원] 기업맞춤 국제무역물류 협약기업멘토링 교육과정,,,,,"협약기업과 함께하는 기업 맞춤형 국제무역물류 실무자 양성 과정 개강합니다. 실무 중심 교육+자격증 대비+기업 프로젝트+현직자 멘토링까지 한 번에 준비할 수 있는 취업 특화 과정입니다. 개강일 : 2026.05.19 교육기관 : 동성인재개발교육원 [과정특징] ✔ 실무+자격증+기업맞춤 프로젝트 운영 ✔ 협약기업 현직자 멘토링 진행 ✔ 1:1 취업지원 및 컨설팅 ✔ 매월 훈련수당 지급 [자격증 대비 가능] ✔ 국제무역사 1급 ✔ 무역영어 1급 ✔ ERP물류정보관리사 ✔ FTA원산지실무사 실무 이론뿐 아니라 실제 업무에 바로 적용 가능한 무역/물류 프로세스 중심으로 교육이 진행됩니다. 부산 지역 무역/물류/항만 기업 취업을 준비하는 분들에게 추천드립니다. 본 과정에 궁금하신 분은 아래 유선문의,또는 홈페이지 내용 참고 문의:051-933-3400 홈페이지 지원: https://www.dshrd.or.kr/course_a.html?eduPart=3"
312236,주식회사 송지랩스 ,[퓨어루] 영유아 스킨케어 브랜드 사업운영 및  MD(주니어) 모집,EXPERIENCED,,,,"[퓨어루] 영유아 스킨케어 브랜드 운영 및 MD 주니어 모집 접수 기간 2026-04-01 ~ 채용 시 마감 모집부문 및 상세내용 모집부문 채용구분 담당업무 우대조건 [퓨어루] 영유아 스킨케어 브랜드 정규직 MD (0명) 경력 사원,선임연구원 담당업무 안녕하세요. 송지랩스는 무자극 영유아 스킨케어 브랜드 퓨어루를 운영하는 회사입니다. 민감한 피부를 가지고 태어난 사람이 평생 피부에 대한 고민 없이 편안한 삶을 살 수 있도록 돕는 것을 목표로 합니다. 순한 식물성 원료를 최적의 비율로 담아, 생애 주기에 맞춘 건강하고 안전한 평생의 스킨케어 솔루션을 제공합니다. [퓨어루]는 영유아 스킨케어 브랜드로, 안전하고 믿을 수 있는 제품을 통해 부모님들의 신뢰를 얻고 있어요. 이번에 모집하는 MD는 다양한 판매 채널을 관리하고, 판매 전략을 기획하며, 외부 파트너와의 협업을 통해 브랜드의 성장을 이끌어갈 중요한 역할을 맡게 됩니다. 퓨어루 MD는 단순히 채널을 관리하는 역할이 아니에요. PM과 긴밀하게 협업하며 브랜드의 방향을 함께 만들어가는 포지션입니다. [아래에 해당하는 분이라면 저희랑 잘 맞을 거예요.] • 일을 구조적으로 정리하는 편이에요 해야 할 일이 많아도 스스로 우선순위를 잡고 차근차근 해내는 스타일이에요. • 문제가 생기면 일단 방법부터 찾아요 막히는 상황에서도 ""어떻게 하면 될까?""를 먼저 생각하는 분이면 좋겠어요. • 피드백을 편하게 주고받을 수 있어요 잘한 것도, 아쉬운 것도 솔직하게 함께 나눌 수 있는 분이면 더 잘 맞을 것 같아요. • 누군가와 함께 일해본 경험이 있어요 팀 협업이든, 사이드 프로젝트든 타인과 함께 무언가를 만들어본 경험이 있는 분이요. • 브랜드에 관심이 많아요 이 브랜드는 왜 잘 됐을까, 이 캠페인은 왜 반응이 좋았을까 같은 걸 자연스럽게 궁금해하는 분이요. •호기심이 원동력이에요 ""왜 이게 팔릴까?"", ""우리 고객은 어떤 사람일까?"" 이런 질문을 스스로 던지고 답을 찾으려는 분이라면 딱이에요. 주요업무 [판매 채널 운영 및 관리] • 스마트스토어, 자사몰, 폐쇄몰 등 멀티 채널 상품 등록 및 운영 관리 • 채널별 상품 페이지 세팅 점검 (썸네일 개편, 배너·등록, 상세페이지 교체, 이벤트 관리 등) • 채널별 발주 업무 및 재고 현황 관리 [프로모션 실행] • 자사몰 월별 프로모션 기획 (PM과 협업하여 방향 수립) • 기획전, 할인 이벤트, 시즌 캠페인 등 세팅 및 운영 보조 [CRM / 마케팅 메시지 운영] • 정기 CRM 메시지 (카카오 알림톡, 문자, 이메일 등) 주제 기획 및 발송 관리 • 고객 세그먼트별 메시지 전략 고민 및 실행 • 메시지 발송 결과 데이터 분석 및 전략 설정 [판매 분석 및 데이터 관리] • 채널별 매출 데이터 정기 취합 및 리포트 정리 • 상품별 판매 성과 분석 (잘 팔린 이유 / 안 팔린 이유 파악) • 분석 결과를 프로모션 및 다음 기획에 반영 [라이브커머스 기획·운영] • 네이버 쇼핑라이브 기획, 진행 및 사후 성과 관리 • 방송 콘셉트, 스크립트, 판매 상품 구성 등 준비 • 외주사와의 협업 [외주 및 파트너사 커뮤니케이션] • 디자인, 인쇄물 등 외주 작업 의뢰 및 일정·품질 관리 • 외부 파트너사,외주 디자이너와의 원활한 소통과 협업(필수) [오프라인 행사 참여 및 운영] • 베이비페어 등 오프라인 행사 기획 보조 및 현장 운영 참여 • 행사별 상품 구성, 진열, 판매 지원 등 돌발 업무 대응 자격요건 • 관련 분야에서 2~5년의 경력을 보유하신 분 • 외주사 및 파트너사와의 다수의 커뮤니케이션 경험 • 영유아 스킨케어 / 뷰티 브랜드 MD 경험자 • 멀티 채널 운영 및 관리 경험이 있으신 분 혜택 및 복지 • 출근 시간은 09~10시 사이 자율 출퇴근 • 운동 & 취미생활 복지 지원 • 노트북, 데스크탑 등 최고 사양의 장비 지원 • 데스크테리어 포인트 20만원 제공 — 내 공간, 내 취향으로 • 점심 지원 (1.3만원) — 매일 든든하게 • 휴가(연차,반차) & 경조사비, 눈치 없이 자유롭게 사용 가능 우대사항 • 영유아 스킨케어 제품에 대한 이해도가 높으신 분 • 노션, 미리캔버스, 디자인(포토샵,일러스트 등), AI 툴 등 업무 툴을 적극적으로 활용해본 분 • 스타트업 또는 초기 브랜드에서 신규 서비스·상품 출시를 경험해본 분 • 라이브커머스 기획 및 운영 경험이 있으신 분 • 외주 협업 및 파트너사와의 커뮤니케이션 능력이 뛰어나신 분 • 데이터 분석 및 리포트 작성 능력이 뛰어나신 분 • 의사소통 능력이 뛰어나신 분 자격요건 학력 학력무관 근무조건 급여 면접 후 급여 결정, 회사 내규에 따름 근무시간 탄력근무제 근무지역 서울 구로구 가마산로 242 505호 전형 절차 Step 1 서류전형 Step 2 1차 면접 Step 2 최종합격 지원 기간 및 방법 접수기간 2026-04-01 ~ 채용 시 마감 접수방법 링커리어 간편지원 복리후생 연차, 반차, 창립일휴무, 수평적 호칭사용, 야근강요 안함, 자유복장, 생일엔 조기퇴근, 회식은 점심에, 점심식사 제공, 음료, 간식 제공, 여성전용휴게실 문의 이메일 jhpark@sj-labs.kr 유의사항 허위 사실이 발견될 경우 채용이 취소될 수 있습니다."
312235,(주)삼구아이앤씨,신세계인터내셔날 코스메틱 수입브랜드2팀 AMD 인턴 모집,INTERN,,,,"﻿ 신세계인터내셔날 코스메틱 수입브랜드2팀 AMD 인턴 모집 1. 소속: 수입브랜드2팀 2. 담당 브랜드: 퍼퓸/바디 브랜드(MEMO 등) 3. 채용구분: 삼구아이앤씨 소속 파견계약직 체험형인턴(정규직 전환 불가) 4. 채용기간: 채용시점 기준 약 10개월 (* 계약 기간 엄수) 5. 근무시간: 주 5일 (월-금) / ( 09:00~17:00 , 점심시간 1시간 포함) 6. 근무 위치: 서울시 중구 장충단로 180 신세계 남산 사옥 7. 담당업무 (Research Assistant) - MD 업무 보조 및 온라인몰 관리 8. 채용절차 구분 내용 세부내용 비고 1차 서류전형 ~ ASAP 이력서 1부, 자기소개서 1부(자유양식) 포트폴리오 1부(10MB이내) wonjeilee@sikorea.co.kr (제목: 수입2팀 인턴 지원 (이름, 전화번호) 2차 대면면접 ~ ASAP 대면 면접 서류전형 합격자 개별 연락 근무 전임자 개인사정 퇴사로 4월 빠른 출근 희망 10개월 근무가능자 출근 일정 변동 될수 있음 * 면접 및 출근 일자 변동 가능 / 채용 전환이 되지 않는 인턴십입니다. 9. 우대자격 - 4월 중 면접 및 근무 시작 가능 인원 - 엑셀 업무 가능자 - 포토샵, 일러 업무 가능자 우대 10. 급여: 월 1,888,590원 ( 7H근무.세전기준 ) / 4대보험. / 연차 / 점심 무료 제공 등 ﻿"
312234,오티스엘리베이터,"[오티스엘리베이터] 해외사업부 Sigma 영업사원 (신입,경력직/서울)","NEW, EXPERIENCED",,,,"[오티스엘리베이터] 해외사업부 Sigma 영업사원 (신입,경력직/서울) [모집직무] Sigma 영업 [지원 자격] . 신입 또는 경력사원(해외영업) . 학력: 4년제 대학교 이상 졸업 (즉시 근무 가능 시, 졸업예정자 가능) . 효율적인 의사소통 기술과 적극적이고 책임감 있는 마인드 소유자 . 해외시장 개발에 높은 관심과 의지 소유자 . PPT/Excel등 MS Office 활용 우수자 . 유창한 영어 말하기 및 쓰기 능력 . 공학 또는 상공계열 전공 선호 [주요업무] . 중동아프리카 지역 엘리베이터 해외영업 및 대리점 관리 . 월간/연간 판매 계획 수립 및 마케팅 전략 개발 . 프로젝트 견적 및 기술 자료 제공 . 해외 수주 계약 및 생산 일정 관리 . 프로젝트 선적 진행과 in-time 수금 관리 . 고객 제품 claim 처리 & After-sales service 제공"
312233,중앙선거방송토론위원회,2026 대한민국 열린 토론대회 토론 논제 공모,,,,기타,"2026 대한민국 열린 토론대회 토론 논제 공모 2026 대한민국 열린 토론대회의 토론 논제를 공모합니다. 대한민국 국민이라면 누구든지 공모에 참여할 수 있으며, 국민의 관심사를 반영한 정치·사회(선거분야 포함) 전반에 대해 자유롭게 제안할 수 있습니다. ※ 논제명을 기재하고, 추천이유 50자 이상으로 작성(복수 제출 가능) ○참가자격 전국민 누구나 ○접수기간 2026. 4. 1.(수) 09:00 ~ 2026. 4. 14.(화) 18:00 ○접수방법 중앙선거방송토론위원회 홈페이지(https://debates.go.kr/2016_parti/parti01.php) 에 접속하여 온라인 접수 ○경품지급 추첨을 통해 100명 선정하여 모바일 커피 쿠폰 발송 ※ 2026. 4. 30.(목)까지 발송 예정 ○문 의 debates@nec.go.kr"
312232,태안군청,2026 태안 방문의 해 숏폼영상 공모전,,,,상장 수여,"2026 태안 방문의 해 숏폼영상 공모전 공모주제 : 2026 태안 방문의 해 홍보 (장소, 컨셉, 편집 등 제한 없음) 접수자격 : 제한없음(전국 누구나) 접수기간 : 2026. 4. 1. (수) ~ 5. 31. (일) 출품한도 : 1인당 1점 출품규격 : 본인이 직접 촬영한 세로형 영상 - 1080*1920P 이상의 해상도, 30초 이상~1분 미만의 영상으로 V-log, 애니메이션, 모션그래픽, 드론 등 자유 형식의 콘텐츠 응모방법 : 공모전 홈페이지에서 신청서 다운로드 후 신청서와 함께 이메일 접수 이메일 주소 : taeanutube@gmail.com ※ 출품작과 클린본(자막, 나레이션, 디자인이 없는 컷편집본) 제출 필수 발표일정 : 2026년 6월 중 시상규모 대상(1명) 1,000,000원 최우수상 (2명) 500,000원 우수상 (3명) 300,000원 참가상 (5명) 200,000원 유의사항 ① 초상권, 저작권에 문제없는 순수 창작물만 인정 ② 관광지를 제외한 식당, 숙소, 카페 등의 상호명 노출 금지 ③ 작품 접수시 원본과 클린본(무자막) 제출 필수 ④ 표절, 도용 등으로 인한 시비는 응모자 본인에게 1차 책임이 있음 ⑤ 생성형 AI 활용 가능한 범위 : 나레이션, 음원 ⑥ AI를 활용한 이미지, 동영상 사용 금지 문의사항 : 070-4773-3123"
312231,동성인재개발교육원,[일본IT취업] 협약기업 취업연계 자바 풀스택 개발 과정,,,,,"﻿[정보처리산업기사 취득형] 자바 기반 풀스택 개발자 과정 모집 개발자﻿ 취업을 준비하는 분들은 위한 자격증+실무+취업 연계형 국비지원 과정 안내드립니다. [과정개요] 과정명: 정보처리산업기사 취득 자바 기반 풀스책 개발 과정 개강일: 2026.06.09 교육기간: 2026.06.09 ~ 2026.11.20 교육시간: 09:10 ~ 17:50 교육장소: 부산진구 중앙대로 668, 에이원프라자 6층 [과정특징] 1.정보처리산업기사 취득 가능 - ​과정평가형 자격 취득 과정 - 교육 이수 + 평가를 통한 자격증 취득 - 학력·전공 무관 지원 가능 2.자바 기반 풀스택 개발 교육 - ​JAVA 프로그래밍 기초 및 심화 - 웹 개발 (프론트엔드+백엔드) - 데이터베이스 설계 및 활용 - 실무 프로젝트 및 포트폴리오 제작 3.취업 연계 지원 - 국내 IT기업 취업지원 - 일본 현지 협약기업 (주)CAL 취업연계 및 취업 컨설팅 제공 [교육 혜택] - 국민내일배움카드 적용 과정 - 매월 훈련장려금 지급 (약 20~80만원) - 취업 지원 및 컨설팅 제공 [문의 및 접수] 문의전화: 051-933-3400 홈페이지: https://www.dshrd.or.kr/course_a.html?eduPart=1 해당 과정은 정원 마감 시 조기 종료될 수 있으니 관심 있는 분들은 빠르게 문의 해보시길 바랍니다."
312230,인천북부아동보호전문기관(인천북부지부),굿네이버스 아동권리 옹호 10기 서포터즈 모집,,,파워블로거/SNS | 기타,수료증 및 인증서 | 입사시 혜택,"굿 네이버스 아동권리옹호 10기 서포터즈 모집 안녕하세요 ! 저희 굿네이버스 인천북부지부에서 아동권리 옹호에 관심을 갖고 함께 활동해나갈 서포터즈 를 모집합니다 . 모든 아동들이 당연히 누려야 할 권리를 가지는 세상을 위하여 동참해주세요 . < 모집대상 > 아동권리 옹호에 관심있는 누구나 컨텐츠 제작 및 홍 보 활동에 관심 있는 누구나 아동권리 후원사업에 함께할 수 있는 누구나 < 활동기기 간 > 2 개월간 월 단위 활동 * 선착순 모집 < 활동내용 > - 월 1 회 정기 교육 영상 시청 후 인증샷 전송 - 월 1 회 이상 아동권리 옹호 관련 영상 또는 카드뉴스 제작하여 포스팅 ( 인스타그램 , 유튜브 , 블로그 중 선택 ) - 이어서 캠페인에 참여할 차기 서포터 지목 및 해시태그 게시 ( 인스타그램 , 블로그 중 선택 ) < 활동혜택 > - 참여 인증서 발급 - 우수 서포터즈 수상 *신청방법 -지원양식 내 QR 코드를 이용한 신청 https://docs.google.com/forms/d/1sQ9Wb1WJi8L4bmq76-ucVthh1P3PBLRCPRvOsXnxJyI/viewform?edit_requested=true"
312229,사단법인 텐스푼,2026 춘천공연예술제 작품 공모,,,,기타,"춘천공연예술제는 매년 8월, 무용, 음악, 연극 등 현대 공연예술을 선보이는 축제의 장입니다. 2002년 춘천무용축제를 시작으로 올해 26회를 맞이하며 ‘십시일반‘의 마음으로 우수한 공연예술의 유통 활성화에 힘쓰고 있습니다. 올해 축제의 키워드는 '러너스 하이'입니다. 스스로의 한계를 넘어설 때 맞이하는 순수한 환희의 경험인 러너스 하이를 예술적 탐구의 장으로 확장하려고 합니다. 각자의 방식으로 ""환희는 어디서 오는가?""라는 질문을 품고, 고통과 인내의 끝에서 피어나는 예술의 에너지를 발산할 작품을 찾습니다. ■ 축제 개요 - 축제명: 2026 춘천공연예술제 - 기간: 2026. 8. 11.(화) ~ 8. 15.(토) - 장소: 축제극장몸짓, 성암교회, 봄내극장, 담작은도서관 ■ 공모 개요 - 모집 부문 및 공모 자격 [시그니처] ‣ 무용, 음악, 아동극, 미디어, 복합장르 등 제한 없음 ‣ 예술성과 시대성을 대표하는 공연예술 작품 ‣ 초연 재연 제한 없음 [파인더] ‣ 2026 춘천공연예술제 초연으로 하는 창작 단계의 작품 ‣ 강원도에 거주(소재)하는 예술가(단체) 우대 [춘아페x담도] ‣ 어린이와 가족이 함께 즐길 수 있는 공연 ‣ 10대, 어린이를 위한 공간인 담작은도서관 이용 - 모집 마감 : 2026. 4. 13.(월) 18:00까지 이메일 접수 - 선정작 발표 : 4월 말 개별 연락 ■ 제출 방법 - 제출 서류 : 참가신청서 (연습 및 공연 동영상은 웹 링크 작성 또는 파일 첨부) - 홈페이지에서 신청서 다운로드 -> 작성 -> 이메일 접수 ccaf@hanmail.net ※ 이메일 제목에 [참가작품신청] 표기, 신청서 파일 이름은 ‘[참가신청서]공연장르_신청부문_참가명.hwp’ (예: [참가신청서]무용_파인더_브레이크스루.hwp) ■ 안내 및 문의 (사)텐스푼 tel. 033-251-0545 | e-mail. ccaf@hanmail.net ■ 홈페이지 : https://www.ccaf.or.kr/application"
312228,유연,[한국기업가정신재단]「2026년 제15회 청년기업가대회」참가 모집 공고 (~5/6),,,,기타,"<2026 년 제 15 회 청년기업가대회 > 가 도전과 혁신을 꿈꾸는 창업가를 찾습니다 ! 2011 년부터 한국기업가정신재단과 머니투데이가 주최해 온 본 대회는 미래 한국 경제를 이끌 유망 스타트업을 발굴하고 지원해 왔습니다 . 그동안 크몽 , 스타일쉐어 , VCNC( 타다 운영사 ), 엔도로보틱스 등 기업 가치가 수천억 원에 달하는 예비 유니콘들을 배출하며 국내 최고의 창업 경진대회로 자리매김했습니다 . 올해 역시 총 1 억 1,600 만 원 규모의 상금과 투자금 이 준비되어 있으며 , 선발된 팀에게는 멘토링 , 네트워킹 , 후속 투자 기회 등 실질적인 성장의 발판을 제공합니다 . 본 게시물에 첨부된 포스터 및 모집 공고문 파일 을 확인하시어 많은 관심과 참여 부탁드립니다 . 대한민국을 이끌 청년 창업가의 도전을 기다립니다 ! 관련기사 : https://www.mt.co.kr/future/2026/04/01/2026033110464272229 신청방법 및 대상 ■ 신청 기간 : 2026 년 4 월 1 일 ( 수 ) – 2025 년 5 월 6 일 ( 수 ) 오전 11 시까지 ■ 신청 대상 : 도전과 혁신을 꿈꾸는 창업가 누구나 ( 출전자격 제한 없음 ) ■ 신청 방법 : 한국기업가정신재단 홈페이지 ( https://www.kef.kr/contest/entry ) 온라인 신청 ( 청년기업가대회→대회 참가 신청→온라인 등록 신청 ) 제출 서류 ■ 회사 기본 정보 ( 온라인 입력 ) ■ IR 자료 ( 파일 첨부 ) 선정절차 ■ 예선 접수 ( 온라인 ) : 4 월 1 일 ( 수 ) - 5 월 6 일 ( 수 ) 오전 11 시까지 ■ 예선 결과 발표 : 5 월 12 일 ( 화 ) ■ 1 차 멘토링 ( 온라인 ) : 5 월 15 일 ( 금 ) - 5 월 29 일 ( 금 ) ■ 기관투자설명회 : 5 월 26 일 ( 화 ) * 서울창업허브 공덕 ( 서울 마포구 ) ■ 본선 접수 ( 온라인 ) : 5 월 20 일 ( 수 ) - 6 월 1 일 ( 월 ) 오전 11 시까지 ■ 본선 결과 발표 : 6 월 4 일 ( 목 ) ■ 2 차 멘토링 ( 온라인 ) : 6 월 8 일 ( 월 ) - 6 월 19 일 ( 금 ) ■ 결선 ( 대면 ) : 6 월 25 일 ( 목 ) * 슈피겐홀 ( 서울 강남구 ) 지원 내용 ■ 상금혜택 구분 팀수 상금 수여기관 대상 1 팀 400 만원 한국기업가정신재단 최우수상 1 팀 300 만원 한국기업가정신재단 우수상 1 팀 200 만원 한국기업가정신재단 장려상 5 팀 100 만원 ( 총 500 만원 ) 한국기업가정신재단 특별상 1 팀 200 만원 연구개발특구진흥재단 * 한국기업가정신재단 상금 , 공동주최기관 특별상 중복 수상 가능 ■ 투자혜택 투자 기관 투자 대상 투자 금액 한국기업가정신재단 대상 1 팀 최대 5,000 만원 한국기업가정신재단 최우수상 1 팀 최대 3,000 만원 한국기업가정신재단 우수상 1 팀 최대 2,000 만원 패스파인더 H 개별 심사 최대 10 억원 AC 패스파인더 개별 심사 최대 1 억원 * 투자 금액은 대상 팀과 협의를 통해 최종 결정 * 대회 수상 결과와 상관없이 , 공동주최기관인 패스파인더 H 와 AC 패스파인더는 개별 심사를 통해 각각 최대 10 억원과 1 억원의 투자 가능 ■ 지원혜택 - 본선진출팀 , 결선진출팀 대상 VC/AC 멘토링 진행 - 미디어 홍보 지원 , 공동투자 연결 , 시너지업체 연결 , 후속투자 연계 등 초기 스타트업 성장에 필요한 다양한 지원 제공 문의처 ■ 청년기업가대회 사무국 contest@u-yeon.kr 02-333-0313, 010-4449-2826"
312227,부산광역시일시청소년쉼터(고정형),2026년 부산광역시일시청소년쉼터(고정형) 제 18기 아웃리치자원봉사단 모집,,,리더십 | 휴학 중/시간 투자 가능,활동비 | 수료증 및 인증서,"안녕하세요 부산광역시일시청소년쉼터(고정형)입니다. 2026년 제 18기 아웃리치 자원봉사단을 모집합니다. ■ 모집 대상 - 청소년에게 관심과 열정이 있는 누구나!(대학생 및 관련 자격증 소지자) ■ 모집 기간 - 2026년 4월 1일 ~ 2026년 4월 17일 ■ 지원 방법 - 포스터 QR코드 접속을 통한 온라인 지원서 제출 - http://naver.me/xpj0tqE7 - 서류심사 -> 면접심사(개별연락) -> 이론교육(4월 18일) -> 실습교육(4월22일 ~ 4월24일) ■ 활동 내용 1. 상담부스 운영 청소년 밀집지역 내 부스 설치 후 방문하는 거리청소년 대상 다양한 체험활동과 거리상담을 비롯한 다양한 지원서비스를 제공합니다. 2. 패트롤 아웃리치 청소년 밀집지역 내 거리로 나아가 쉼터에 대한 정보제공 및 홍보활동을 실시하고 위기청소년 발굴 및 부스연계 활동을 실시합니다. ■ 활동 혜택 1. 아웃리치 활동 시 활동비(식대) 2. 아웃리치전문가 기본양성교육 및 심화교육 실시 3. 아웃리치 활동 자원봉사 시간 제공 및 수료증 발급 4. 자원봉사자 관련 각종 시상 추천 ■ 시상내역 2017, 2018 시장상, 국무총리표창, 장관상, 2020 부산광역시자원봉사센터장 우수상, 2023 여성가족부장관상, 2024 한국중앙자원봉사센터장상 2025 종합평가 최우수기관 장관상 등 수상 다수 ■ 문의 사항 051-303-9670 아웃리치자원봉사단 담당자 요청"
312224,BWS Group Co.,[미국인턴/캘리포니아] BWS Group Co. | IT Associate 채용,INTERN,,,,"BWS Group Co. Address: 9526 Ann St. Santa Fe Springs, CA 90670 Website : https://www.gooddaysoju.us/ “ BWS Group Co.는 미국과 호주 전역에 좋은데이 소주를 수입 및 유통하는 기업입니다. BWS그룹은 호주 시드니의 DY그룹을 시작으로 현재 미국 및 호주 전역의 한국산 OB&Cass 맥주, 좋은데이 소주 브랜드 및 과일 와인 브랜드의 수입 도매 업체로 활동하고 있습니다. 100명 이상의 직원과 2천만 달러 이상의 수익을 가진 BTW Group Co.는 밝고 끝없는 미래를 가진 신뢰할 수 있고 경험이 풍부한 회사입니다 ” 모집안내 ◾ 채용부문 : IT Associate ◾ 근무시간 : 08:30AM ~ 17:00PM (1hr lunch) ◾ 급여 : $20 / an hour ◾ 연 환산 급여 : 약 $41,600/ a year (주 40시간 52주 근무 기준 이며, 주말 및 공휴일 over time 근무에 따라 변동 가능) ◾ 급여 외 보상 : 점심 제공, Paid Sick Leaves 제공 Job Description IT Associate는 웹 및 모바일 애플리케이션의 개발과 유지보수를 담당하며, 다양한 팀과 협업하여 안정적이고 효율적인 서비스를 제공하는 역할을 수행합니다. 또한 시스템 성능 개선과 기술적 문제 해결을 통해 서비스 품질 향상에 기여합니다. 웹 및 모바일 애플리케이션의 개발, 유지보수 및 성능 개선 다양한 팀과 협업하여 기능 기획, 설계 및 구현 진행 효율적이고 확장 가능한 코드 작성 (Best Practice 준수) 기존 시스템의 문제 해결, 디버깅 및 업그레이드 코드 리뷰 참여 및 팀 내 기술 공유 애플리케이션의 성능, 품질 및 반응성 유지 최신 기술 트렌드 및 개발 동향 지속 학습 Core Skills ✔ 기술 스택 Frontend: HTML, CSS, JavaScript (React, Vue 등 프레임워크 우대) Backend: Node.js, PHP, Python 등 Mobile (우대): React Native, Flutter, Swift, Kotlin ✔ 기타 요구사항 데이터베이스 경험 (MySQL, PostgreSQL, MongoDB 등) Git 등 버전 관리 도구 기본 이해 IT, 컴퓨터공학 또는 관련 전공자 실제 프로젝트 경험 (포트폴리오 또는 GitHub 제출 필수) RESTful API 및 외부 서비스 연동 이해 AWS, Firebase 등 클라우드 서비스 경험 (우대) UI/UX 기본 이해 독립적으로 업무 수행 가능한 능력 문제 해결 능력 및 논리적 사고 원활한 영어 커뮤니케이션 전형절차 ◾ 문의 신청서 제출(구글폼) ◾ 비자발급 가능 여부 검토 후 개별 전형/기업 안내 실시 ◾ 전달받은 이력서 작성 후 회신(첨삭진행) ◾ 기업 서류/ 화상 면접전형 진행 ◾ 합격자, 미국 스폰서기관 인터뷰 (회사-지원자 간의 보증을 해주는 미국 국무성 지정 기관, 별도 안내예정) ◾ 주한미국대사관 인터뷰 (별도 안내예정) ◾ 출국/출근 접수기간 채용 시 마감 ㈜커리어랩스는 지원자에게 알선비나 기업 매칭에 따른 비용을 받지 않습니다. ⋇ 파견직이 아닌 「합격기업 소속」으로 근무하게 됩니다. ⋇ 비자 발급비용은 본인 부담입니다. ☎ 지원문의: Tel. 031-8027-9060 / Email : hr@careerlabs.co.kr ✏ 신청서 제출: https://forms.gle/JDniMmJnRN39ESU56"
312223,"DaeSang America USA, Inc.   ",[미국인턴/캘리포니아] DAESANG America USA 회계 부문 채용,INTERN,,,,"DaeSang America USA, Inc. Address: 829 S Lawson St, City of Industry, CA Website: https://www.daesang.com/en/#BUSINESS "" 1956년 설립한 (주) 대상의 USA 법인입니다. 식품 사업부와 소재 사업부로 운영하고 있으며, 식품 사업 부분에는 정정원 O'Food 와 종가집등의 대표 브랜드가 있습니다. 대상 아메리카는 미국 캘리포니아 주 로스앤젤레스 카운티 동부 샌 가브리엘 밸리에 위치한 City of Industry에 있습니다. 이름에서도 알 수 있듯이 산업화 도시이며, LA에서 자동차로 약 30여분 거리에 있기에 같은 생활권을 사용할 뿐만 아니라, 근처에 LA워크맨 앤드 템플 파밀리 홈스태드 뮤지엄을 비롯하여 공원, 낚시 자전거 등을 즐길 수 있는 프란크 G. 보넬리 리저널 공원, 하이킹을 즐기기에 좋은 피터 F. 리저널 공원, 등산과 승마를 즐길 수 있는 파우더 캐년등이 있어 주말에 액티비티를 하기에도 좋습니다."" 모집안내 ◾ 채용부문 : Accounting Assistant ◾ 근무기간 : 12개월 이상 ◾ 근무시간 : 주 40시간 ◾ 급여 : $18 ◾ 연 환산급여 : 약 $37,440 / a year (주 40시간 52주 근무 기준 이며, 주말 및 공휴일 over time 근무에 따라 변동 가능) ◾ 급여 외 보상 : 핸드폰 월 $60, 유급휴가 6일, 미국 공휴일도 유급으로 급여 지급(10일), 근무 우수자 비자스폰 가능 Job Description DaeSang America USA, Inc.는 글로벌 식품기업 Daesang Corporation의 미국 법인으로, 정정원(O’Food), 종가집(Jongga) 등 K-food 브랜드를 기반으로 성장하고 있습니다. 본 포지션은 회계팀을 지원하며, 매출채권(AR) 관리 및 일반 회계 업무를 담당하는 Entry-Level 역할입니다. 1. Accounts Receivable (AR) 관리 고객 결제 내역 입력 및 검증 (Posting & Verification) 거래 기록 관리 및 데이터 정확성 유지 2. 청구 및 수금 관리 고객 인보이스 및 Statement 작성 미수금 관리 및 Collection 업무 지원 3. 자금 및 은행 업무 현금 수납(Cash Receipts) 처리 은행 입금 및 계좌 조정(Bank Reconciliation) 4. 비용 및 내부 정산 직원 경비 보고서 검토 및 정확성 확인 5. 결산 및 감사 지원 월말 / 연말 마감 업무 지원 내부/외부 감사(Audit) 대응 보조 6. 일반 사무 업무 문서 정리, 스캔 및 파일링 기타 회계팀 지원 업무 수행 전형절차 ◾ 문의 신청서 제출(구글폼) ◾ 비자발급 가능 여부 검토 후 개별 전형/기업 안내 실시 ◾ 전달받은 이력서 작성 후 회신(첨삭진행) ◾ 기업 서류/ 화상 면접전형 진행 ◾ 합격자, 미국 스폰서기관 인터뷰 (회사-지원자 간의 보증을 해주는 미국 국무성 지정 기관, 별도 안내예정) ◾ 주한미국대사관 인터뷰 (별도 안내예정) ◾ 출국/출근 접수기간 채용 시 마감 ㈜커리어랩스는 지원자에게 알선비나 기업 매칭에 따른 비용을 받지 않습니다. ⋇ 파견직이 아닌 「합격기업 소속」으로 근무하게 됩니다. ⋇ 비자 발급비용은 본인부담 입니다. ☎ 지원문의: Tel. 031-8027-9060 / Email : hr@careerlabs.co.kr ✏ 신청서 제출: https://forms.gle/JDniMmJnRN39ESU56"
312222,산업통상부,2026 굿디자인코리아,,,,상장 수여,"2026 굿디자인코리아 ■ 공모 주제 - 별도 주제는 없음(자유) - 7개 디자인부문(제품, 시각/정보, 디지털미디어/콘텐츠, 공간/환경, 서비스/경험, 패션/텍스타일, 산업공예) ■ 공모 내용 - 1985년부터 디자인이 우수한 상품에 정부 인증 'GD(GOOD DESIGN)' 마크를 부여하는 제도 ■ 지원 자격 - 접수마감일(6월 30일) 기준으로 2년 전부터 국내/외 시장에 출시되어 판매 또는 판매 예정인 상품 - 상품의 소유권을 가지고 있거나 디자인을 개발한 국내외 기업이 신청 ■ 전체 일정 - (접수) 2026. 5. 1.(금) ~ 6. 30.(화) - (심사) · 1차 : 방문심사(7.13.~7.24.) / 현물심사(8. 5.) · 2차 : 국민심사(8.20.~9. 3.)발표심사(9.15.~9.17.) - (시상 및 전시) 2026. 11. 25.(수) ~ 11. 29.(일) ■ 제출서류 - (필수항목)작품명, 기업명, 상품설명, 상품이미지, 기업정보 - (선택항목) 사회적 문제 해결 관련 설명, URL 등 ■ 공모전 시상내역 ① 대상 - 대통령상 : 1점 ② 금상 - 국무총리상 : 2점 ③ 은상 - 산업통상부장관상 : 15점 · 사회문제 해결 디자인 특별상 : 8점(유니버설디자인, 1인가구를 위한 디자인, 그린디자인, 사회적 약자와 문제 해결을 위한 디자인) · 기타 일반 : 7점 - 중소벤처기업부장관상) : 10점 ④ 동상 - 조달청장상 : 3점 - 지식재산처장상 : 10점 - 국가기술표준원장상(인간공학디자인특별상) : 10점 - 한국디자인진흥원장상 : 29점 내외 ⑤ 선정(GD Winner) : 전체 출품 상품의 30% 내외 ■ 문의 사항 - 한국디자인진흥원 굿디자인실 M. gd@kidp.or.kr T. 031-780-2139/2162"
312221,SK핀크스,[SK핀크스] 2026년 4월 SK핀크스 인사(HR) 채용공고,"NEW, EXPERIENCED",인사 | 채용/면접 | 인사/노무/교육 | 경영/사무 | 자신의 성장과정을 작성해 주세요. | 자신의 장점과 단점을 작성해 주세요. | SK핀크스에 입사 지원하시는 동기를 작성해 주세요. | SK핀크스 입사 후의 포부를 작성해 주세요. | [SK핀크스] 2026년 4월 SK핀크스 인사(HR) 채용공고,,,"[SK핀크스] 2026년 4월 SK핀크스 인사(HR) 채용공고 [채용] · 채용 프로세스 운영 · 채용브랜딩 기획 및 관리 · 온보딩 프로그램 기획 및 운영 · 복리후생 관리 등 인사 제반 업무 [자격요건] · 대졸 이상 (전공 무관, 졸업예정자 가능) · 운전면허 소지자 [우대사항] · 2년 이상 인사 경력 보유자 · 채용 Full-Cycle 운영 경험자 · Adobe 디자인툴 자격증 보유자 (Photoshop, Illustrator, Premiere Pro 등)"
312220,(사)한국해양문학가협회,2026년 하반기 해양과문학 33호 신인문학상 공모,,,,실제상용화 | 상장 수여,"2026년 하반기 해양과문학 33호 신인문학상 공모 본 지는 (사)한국해양문학가협회에서 2003년부터 발간하고 있는 국내 유일의 순수 해양 문학 전문지이며 개성과 패기가 충만한 해양 문학 신인들의 우수한 작품을 기다립니다. 참신하고 역량 있는 신인 작가의 작품을 공모 하오니 포스터 내용을 꼭 참고 바랍니다. ■ 공모 내용 - 해양시, 해양시조, 해양동시, 해양수필, 해양소설, 해양동화 등 ■ 지원 자격 - 신인 및 등단자 포함 ■ 모집 기간 - 2026.4.1~2026.6.26 ■ 지원 방법 - daemado@nate.com 이메일로만 받으며 한글 파일로 첨부 ■ 활동 혜택 - 협회 예우 규정에 따름. ■ 시상내역 - 신인 문학상 ■ 문의 사항 - daemado@nate.com"
312219,SK핀크스,[SK핀크스] 2026년 4월 SK핀크스 인사(HR) 채용공고,"NEW, EXPERIENCED",,,,﻿ [SK핀크스] 2026년 4월 SK핀크스 인사(HR) 채용공고 지원기간 2026년 04월 01일(수)~2026년 04월 10일(금) 직무 기업문화 - HRM 지역 제주
312218,알엑스씨(RXC),[RXC] CEO STAFF팀 CEO STAFF 전략/기획,EXPERIENCED,,,,"[RXC] CEO STAFF팀 CEO STAFF 전략/기획 접수 기간 2026-03-30 ~ 채용 시 마감 모집부문 및 상세내용 전략기획(0명) RXC는 국내 최초 리테일 미디어 플랫폼인 PRIZM 서비스를 운영하는 스타트업으로, ‘경험 소비’ 영역을 중심으로 하여 다양한 오프라인 경험재(호텔, 여행 등) 뿐 아니라, 시상식, 공연, 페스티벌의 온오프라인 미디어 파트너사 역할을 수행하면서 사업을 확장해나가고 있습니다. CEO Staff팀은 CEO 포함 경영진의 의사결정을 지원하는 것을 핵심 목적으로, 전사 관점의 성장을 이끌어내기 위한 전략적 Initiatives 도출/관리 및 외부 투자 유치/관리 업무를 수행합니다. ﻿전략적 사고와 문제 해결 능력에 입각하여, CEO와 함께 high-level 및 detailed point-of-view를 통해 플랫폼/미디어/커머스 전반에 걸친 다양한 경험과 성장을 할 수 있습니다. 채용 형태 - 경력 - 사원 담당업무 • ​주요 ​경영지표를 ​체계적으로 관리합니다. • ​신규 투자 라운드 자료 ​작성 ​및 정기적/비정기적 ​주주 간담회 지원 ​등 IR ​및 ​투자자 대응 ​업무를 ​수행합니다. • ​대형 IP (시상식, ​공연 ​등)를 대상으로 한 ​제안서 ​작성, ​내외부 이해관계자 커뮤니케이션, ​현장 프로젝트 ​실행 ​업무를 담당합니다. • ​이외에도 CEO ​직속 ​조직으로서 CEO 지시 ​과제를 담당하여 ​수행합니다. 자격 요건 • 전략 기획 관련 경력이 2~5년 있는 분을 모십니다. • 문제해결능력에 기반한 전략 수립, 전사 경영지표 분석, Financial Modeling 관련 업무 경험 및 역량이 필요합니다. • C-level 및 내부 실행 조직 간 Written 및 Verbal 커뮤니케이션을 주도한 경험이 있는 분을 찾습니다. • 문제 정의–솔루션 도출–실행까지 End-to-End 기획에 관심 있는 분을 모십니다. 우대조건 • 대기업 CVC, 스타트업 전략조직 등에서 실무 경험이 있는 분을 우대합니다. • 재무 모델링, PPT 슬라이드 구조화, 리서치 및 인사이트 도출에 강점을 가진 분을 우대합니다. • 영어 커뮤니케이션 능통자(Verbal, Written)를 선호합니다. • 이커머스, 소비재, 유통 부문 트렌드에 관심이 있으면 좋습니다. 고용 형태 • 정규직 (수습 3개월) 전형 절차 • 서류심사 > 1차 인터뷰 > 2차 인터뷰 > 처우협의/평판조회 > 최종합격 • 자유양식으로 이력서(필수) 제출해 주세요. • 각 전형 안내는 모든 지원자에게 개별적으로 드립니다. • 필요시 전형 과정이 추가되거나 변경될 수 있습니다. 근무 환경 • 선정릉역에서 도보 1분 거리 역세권 • 최고의 동료와 함께 성장할 수 있는 기회 • 아티스트/셀럽과 화제성 있는 트렌드를 경험할 수 있는 기회 • 영어 이름을 사용하고 수평적인 문화를 지향 • 자유로운 휴가 사용 • MRI 포함된 종합건강검진 패키지 제공 • 점심식대, 그리고 무제한 커피/음료 지원 • 야근할 경우, 야근식대 및 택시 지원 • 업무 택시 지원 • 경조사 지원 • 명절 선물 제공 • 쾌적하고 여유있는 업무 공간 • 효율적인 업무 수행을 위한 최적의 장비 지원 자격요건 학력 학력무관 근무조건 급여 회사 내규에 따름 근무지역 서울 강남구 선릉로 602 지원 기간 및 방법 접수기간 2026-03-30 ~ 채용 시 마감 접수방법 홈페이지 지원 유의사항 허위 사실이 발견될 경우 채용이 취소될 수 있습니다."
312217,비모소프트,[비모소프트] 백엔드 개발자 전환형 인턴 채용,INTERN,,,,[비모소프트] 백엔드 개발자 전환형 인턴 채용 [모집 분야] 백엔드 개발자 (전환 인턴) [전형절차] 서류 및 포트폴리오 접수 > 인적성 및 사전 과제 > 실무진 인터뷰 > 처우 및 최종 합격 [모집기간] 채용 시 마감
312216,SK핀크스,[SK핀크스] 2026년 4월 SK핀크스 조리사 채용공고,"NEW, EXPERIENCED",조리사 | 요리사 | 요리/영양/제과제빵/바리스타 | 서비스 | 자신의 성장과정을 작성해 주세요. | 자신의 장점과 단점을 작성해 주세요. | SK핀크스에 입사 지원하시는 동기를 작성해 주세요. | SK핀크스 입사 후의 포부를 작성해 주세요. | [SK핀크스] 2026년 4월 SK핀크스 조리사 채용공고,,,[SK핀크스] 2026년 4월 SK핀크스 조리사 채용공고 [직무내용] · 레스토랑 조리 업무 · 메뉴 R&D · 식자재 및 위생관리 [자격요건] · 초대졸 이상 · 조리 관련 자격증 소지자 [우대사항] · 2년 이상 5년 미만 경력자 · 특급호텔 및 동종업계 근무 경험자 · 중식조리기능사 및 한식조리기능사 자격증
312215,kt cloud,KT클라우드 직접 설계한 커리큘럼으로 직접 주관하는 '클라우드 인프라' [실시간 온라인] 실무 국비교육,,,,,"모집 과정 웹 개발: 풀스택개발 인프라/혁신 기술: 생성형 AI, 클라우드 인프라 프로덕트 전문가: 프로덕트 디자인 본 글은 여러 직무 중 [클라우드 인프라] 직무에 대한 글입니다. 다른 직무를 희망하시는 분은 문의로 남겨주시면 상담 해드리겠습니다. ﻿ 본 과정은 고용노동부가 주최하고 디지털선도기업인 kt Cloud TECH UP 에서 주관하는 K-디지털 트레이닝의 디지털선도기업아카데미 사업 으로 지원됩니다. 본 과정은 클라우드의 확장성과 안정성을 구축하는 인프라 전문가 과정이며 고용노동부에서 국비지원하는 취업교육 프로그램입니다. #클라우드운영 #IaC #비용최적화 #운영자동화 서울에만 집중 되어있는 대규모 대기업 국비지원 부트캠프에 참여하고 싶었지만 현실적인 거리, 경제적으로 참여하지 못한 분들은 집중해주세요! 전국 어디서나, 집에 PC나 테블릿이 오래되서 걱정되셔도 문제 없습니다. 참여자 전원에게 학습용 노트북 무상 대여 ! ﻿ 모집개요 모집과정 클라우드 인프라 전문가 과정 교육비용 19,166,400원 자비부담금 60만원 18,566,400원 국비지원 교육일정 26.05.12 (화) - 26.12.08 (화) 교육시간 월~금 09:00~18:00 ( 비대면실시간강의) 수업방식 100% 온라인 - 비대면 실시간 수업방식 지원자격 ✔️초보자, 비전공자, 전공자 ✔️클라우드 분야 취업 희망자 신청기간 선착순마감(선발합격 기준) 과정소개 📌 안정적인 환경을 설계하고 확장 가능한 기반을 만드는 길 {국내 최고 수준의 클라우드 인프라}를 만든 기술 노하우를 미래 클라우드 인프라 전문가에게 전수합니다. 📌 국내 최대 민간 GPU 클라우드 인프라 운영 경험 kt cloud는 국내 최대 규모의 민간 GPU 클라우드 인프라를 통해 대규모 연산과 안정적인 서비스 운영 노하우를 축적했습니다. 이 경험을 바탕으로 kt cloud와 AWS 환경을 모두 활용한 멀티 클라우드 운영 및 자동화 기술을 실무 중심으로 교육합니다. 📌 이런 분께 추천합니다 대기업 kt cloud 온라인 부트캠프에 참여하여 취업까지 성공하실 분 서울에만 밀집해 있는 대기업 부트캠프에 참여할 거리가 안되셨던 분 클라우드 인프라 및 시스템 엔지니어 지망생 인프라 자동화(IaC) 역량을 쌓고 싶은 개발자 하이브리드/멀티 클라우드 환경에 관심 있는 IT 전문가 참여희망 및 진로상담 https://naver.me/GkUU8Q64 ﻿ 상담 및 신청 문의 https://naver.me/GkUU8Q64 ﻿ 상담 및 신청 문의 https://naver.me/GkUU8Q64"
312214,팬오션,[팬오션(주)] 2026년 신입사원 채용,NEW,,,,"2026년 팬오션(주) 신입사원 채용 모집부문: 공통 (영업, 관리) 근무지 서울 모집기간 2026.04.01 ~ 2026.04.15"
312213,주식회사 더파운더즈,[더파운더즈] 글로벌 신사업 전략기획 매니저,EXPERIENCED,,,,"[더파운더즈] 글로벌 신사업 전략기획 매니저 [모집기간] 상시채용 [담당업무] - 시장에서 주요하게 바라봐야 할 지표를 정의하고 수집하여 사업부 선행 과제를 제안합니다. - 사업부의 판매전략을 기반으로 제품이 원활하게 공급될 수 있도록 제품 기획 및 생산 일정을 관리합니다. - 사업부의 재무 지표를 정의하고 수집, 가공하여 재무 지표 개선을 위해 실행해야 할 과제를 도출합니다. [자격요건] - 경력 2년 ~ 7년 - 전략 컨설팅 펌, 스타트업 프로젝트 리드, 대기업 전략팀 등에서 프로젝트의 A to Z를 경험해보신 분 - 구조적 / 논리적 사고가 가능하여 복잡한 프로세스를 도식화하고 효율적으로 개선하실 수 있으신 분 - 수리적 사고에 능숙하여 숫자를 바탕으로 문제를 분석하고 필요에 따라 가공할 수 있으신 분 [우대사항] 성향 - 전체 관점으로 사고하고, 본인의 영역 뿐 아니라 A to Z 의 프로세스를 고민하시는 분 - ""원래 안되는거야""를 싫어하고, 어렵고 새로운 문제도 집요하게 해결하시는 분 - 추상적인 과제도 나름의 논리로 뾰족한 가설을 세우고 빠르게 실행하시는 분 - 투명한 커뮤니케이션을 기반으로 소통하며 피드백 수용성이 높으신 분 - 회복 탄력성이 높아, 실패에 낙담하기보다는 다음에 어떻게 할지를 고민하고 실행하시는 분 경험 - 데이터를 가공하여 가시화 할 수 있는 스킬셋 - 화장품 또는 소비재, 커머스 업무 경험 - 특정 제품의 생산 및 판매 등 운영 과정에 대한 경험 [채용공고]"
312212,(주)삼구아이앤씨,신세계인터내셔날 패션브랜드 마케팅 인턴 모집공고,INTERN,,,,"﻿ 신세계인터내셔날 패션브랜드 마케팅 인턴 모집공고 1. 소속: 패션마케팅팀 * 기존 패션마케팅 다른 TO인원임 / 채용구분을 위해 지원요강 및 제목 변경(중복지원가능) 2. 담당 브랜드: Brunello Cucinelli, Man on the Boon, Lardini, Lalique 등 (* 업무에 따라 변경 가능 ) 3. 채용구분: 인턴 (* 파견직 사무 보조이며 정규직 전환불가) 4. 채용기간: 채용시점 기준 약 6개월 (* 계약 기간 엄수 / 논의 후 연장 계약 가능) 5. 근무시간: 주 5일 (월-금) / ( 09:00~17:00 , 점심시간 1시간 포함) 6. 근무 위치: 신세계인터내셔날 청담 사옥 11층 (서울시 강남구 도산대로 449) 7. 담당업무 (MARKETING ASSISTANT) - 패션 브랜드 마케팅 업무 서포트 - PR 샘플 관리, 브랜드 마케팅/PR 업무 보조, 번역/리서치/자료정리 등의 문서 작업 8. 채용절차 구분 내용 세부내용 비고 1차 서류전형 3/31 ( 화 ) – 4/8 ( 수 ) 이력서 1부, 자기소개서 1부(자유양식) jy.park@isamkoo.com 패션브랜드마케팅 인턴/이름 "" 구분을위해 지원제목 준수"" 2차 면접 4/14 ( 화 ) – 4/17 ( 금 ) 대면 면접 서류전형 합격자 개별 연락 근무 4/22(수) – 9/22(화) (인수인계 기간 포함) 6개월 이상 근무 필수 휴학생 우대 * 면접 및 출근 일자 변동 가능 / 채용 전환이 되지 않는 인턴십입니다. 9. 우대자격 - 영어 능통자 (이메일 작성 및 문서 번역 / 공인어학성적 보유자) - 엑셀/파워포인트 활용한 꼼꼼한 업무 처리 역량 및 패션 마케팅 직무 관심도 - 포토샵/일러스트레이터/프리미어 등 디자인 툴 활용 능력 우대 - 6개월 이상 중도 퇴사 없이 근무할 휴학생 10. 급여: 월 1,889,590원 (세전 기준 / 자사 내규에 따름) ﻿"
312211,현대로템대,현대로템 방산+AI부트캠프[국방기술학회 이사장 채용추천서] 수료자 전원 제공,,,,,"모집개요 모집분야 현대로템 K-방산 AI모델 개발과정 [7기수] 교육비용 17,424,000원 → 자비부담금 일부 있음 (50만원) 교육기간 26.4.08~26.10.07 (6개월 과정)::다음 기수 2~3달 주기로 상시개강(예약가능) 교육시간 월~금 09시30분~18시30분 지원대상 현대로템 및 인공지능 직무 관련 취업 희망하는자 , 초보자 및 퇴사예정자도 가능 신청기간 선착순마감 신청방법 최하단 신청링크 클릭 교육 장소 강남본원 선발 방법 서류전형 > 인터뷰 > 최종선발 AI개발 및 국방학과나 방위산업 관련 진로를 준비하다 보면, 많은 학생들이 비슷한 고민을 하게 됩니다. “전공은 맞는데, 실제 기업에서 원하는 역량이 뭘까?” “AI나 데이터 쪽 실무경험이 없으면 불리하지 않을까?” ​ 요즘 방위산업 채용 공고를 살펴보면 답은 꽤 분명합니다. 단순 이론 이해만으로는 부족하고, AI 모델 개발과 데이터 기반 문제 해결 역량이 사실상 필수가 되고 있습니다. ​ 그래서 최근 주목받는 과정이 바로 현대로템 방산AI 부트캠프 입니다. ​ 고용노동부 주최, 디지털선도기업이 직접 참여하는 K-디지털 트레이닝 이 과정은 단순한 교육 프로그램이 아닙니다. 고용노동부가 주최하고, 디지털선도기업인 현대로템 , 그리고 전문교육기관 한국전파진흥협회가 공동으로 운영하는 K-디지털 트레이닝 디지털선도기업아카데미 사업으로 지원됩니다. ​ 즉, 국가 차원에서 “실제로 취업으로 이어질 수 있는 교육” 으로 검증된 과정이라는 점에서 신뢰도가 높습니다. ​ 이론 위주의 수업이 아니라, 산업 현장에서 바로 활용 가능한 기술을 중심 으로 구성되어 있다는 점이 핵심입니다. ​ ​ ​ 방위산업 취업, 이제 AI 모델 개발은 선택이 아니다 AI 관련 채용 공고를 보면 공통적으로 등장하는 키워드가 있습니다. - 데이터 분석 - 머신러닝 - 모델 설계 및 검증 ​ 방산 기업 역시 예외가 아닙니다. 오히려 시뮬레이션, 예측, 자동화 영역에서 AI 모델 개발 역량은 필수 중 필수로 요구되고 있습니다. ​ 이 교육과정은 이러한 흐름을 그대로 반영해, 방위산업에 특화된 AI 프로젝트를 중심으로 학습이 진행됩니다. ​ 단순 실습이 아니라, 실제 기업 환경을 가정한 문제를 해결하는 방식이기 때문에 결과물, 즉 포트폴리오의 완성도가 다릅니다. ​ 현대로템 현직자가 함께 만드는 차별화된 포트폴리오 가장 큰 차별점은 현대로템 현직자의 직접 참여입니다. 프로젝트는 단순히 과제를 던져주고 끝나는 방식이 아니라, - 기획 단계에서 방향을 잡아주고 - 중간 점검을 통해 구조를 다듬고 - 최종 결과물에서 부족한 부분을 실무 기준으로 보완합니다. 즉, 현대로템 현직자가 기획부터 최종보완까지 함께한다는 의미입니다. ​ 이 과정을 통해 완성되는 결과물은 “교육용 프로젝트”가 아니라, 실제 채용 과정에서 설명 가능한 차별화된 포트폴리오 가 됩니다. ​ 방산·AI 분야 취업을 준비하는 입장에서는 이 점이 상당히 큰 강점입니다. 1,000개 이상 취업처, 현실적인 진로 선택 이 과정과 연계된 취업처는 1,000곳 이상 으로 알려져 있습니다. 방위산업뿐만 아니라 AI, 데이터, 연구·개발 직무까지 진출 범위가 넓기 때문에 국방학과 전공자에게도 선택지가 다양합니다. ​ 단순히 “배웠다”에서 끝나는 게 아니라, 실제 취업 시장에서 활용 가능한 경쟁력 을 만드는 데 초점이 맞춰져 있습니다. ​ 더불어 수료 시에 학회 이사장 명의의 채용 추천서가 제공됩니다. ​ ​ 국방학과 취업준비를 하고 있다면, 이제는 전공 지식만으로는 부족한 시대입니다. ​ 방위산업과 AI 모델 개발을 함께 준비할 수 있는 환경, 그리고 현직자의 시선으로 완성도를 끌어올릴 수 있는 프로젝트 경험. ​ 현대로템 방산AI 부트캠프는 이런 조건을 모두 고려한 현실적인 선택지입니다. ​ 방산 분야에서 한 단계 앞서고 싶다면, 단순한 공부가 아닌 검증된 교육 과정을 기준으로 판단해볼 필요가 있습니다. 상담 및 등록문의 https://naver.me/x672S1XS 상세페이지 https://graceful-move-836.notion.site/K-SMART-AI-1900490cfab580c9a6a2c863aa5f9319 상담 및 등록문의 https://naver.me/x672S1XS 상세페이지 https://graceful-move-836.notion.site/K-SMART-AI-1900490cfab580c9a6a2c863aa5f9319"
312210,토리든,[토리든] [해외퍼포먼스팀] 글로벌 틱톡샵 마케팅(인턴),INTERN,,,,[토리든] [해외퍼포먼스팀] 글로벌 틱톡샵 마케팅(인턴) [모집분야] 해외 퍼포먼스팀 글로벌 틱톡샵 마케팅 [지원자격] 서면 비즈니스 영어 가능하신 분 성실하고 적극적으로 배우는 태도를 가지신 분 [전형절차] 지원 > 1차 인터뷰 > 최종 합격
312209,SK핀크스,[SK핀크스] 2026년 4월 SK핀크스 식음서비스팀 채용공고,"NEW, EXPERIENCED",식음서비스팀 | 매장관리 | 판매/캐셔/매장관리 | 영업/고객상담 | 매니저/매장관리 | 외식/식음료 | 서비스 | 자신의 성장과정을 작성해 주세요. | 자신의 장점과 단점을 작성해 주세요. | SK핀크스에 입사 지원하시는 동기를 작성해 주세요. | SK핀크스 입사 후의 포부를 작성해 주세요. | [SK핀크스] 2026년 4월 SK핀크스 식음서비스팀 채용공고,,,"[SK핀크스] 2026년 4월 SK핀크스 식음서비스팀 채용공고 [직무내용] · F&B 서비스 · 매장관리 · 연회 및 세미나 제공 · 고객 서비스 및 캐셔 [자격요건] · 초대졸 이상 (전공 무관, 졸업예정자 가능) [우대사항] · 동종업계 경력자 · 소믈리에, 바리스타, 조주사 등 식음 관련 자격증 보유자 · 영어회화 가능자"
312208,쿠시먼앤드웨이크필드코리아,[쿠시먼앤드웨이크필드코리아] Assistant,INTERN,,,,"[쿠시먼앤드웨이크필드코리아] Assistant 접수 기간 2026-04-01 ~ 채용 시 마감 모집부문 및 상세내용 모집부문 채용구분 담당업무 우대조건 Assistant (0명) 인턴(7개월) 팀원 담당업무 보고서 한영 번역 업무 (호텔, 물류, 오피스, 리테일, 전망 보고서) 보고서 작성 보조 업무 (글로벌 보고서 번역 등) 데이터 수집 및 시각화 보조 업무 (오피스, 리테일 및 공공데이터) 기존 데이터 분류 보조 업무 능동적/적극적인 자세와 부동산에 대한 열정이 있으신 분 자격요건 학력 대학졸업(4년) 이상(졸업예정자 가능) 근무조건 급여 회사 내규에 따름 근무지역 서울 중구 세종대로 136 쿠시먼앤드웨이크필드코리아 지원 기간 및 방법 접수기간 2026-04-01 ~ 채용 시 마감 접수방법 홈페이지 지원 유의사항 허위 사실이 발견될 경우 채용이 취소될 수 있습니다."
312207,한국투자증권,[한국투자증권] 영업점 체험형 인턴 공채,INTERN,"영업점 업무 지원 | 일반영업 | 영업/고객상담 | B2B영업/기술영업 | 영업관리/지원/영업기획 | 판매/캐셔/매장관리 | 아웃바운드TM | 고객관리/인바운드 | [1-1] 성장과정:가족사항, 학창시절, 교우관계, 생활습관, 자신에게 크게 영향을 미친 사건 등을 포함하여 구체적으로 작성 | [1-2] 실패 혹은 좌절을 극복한 사례와 이를 통해 얻은 교훈은? | [2-1] 증권업을 선택하게된 이유와 증권사 중 당사를 선택한 이유 | [2-2] 지원한 분야는 어떤 일을 한다고 생각하는가? | [2-3] 지원분야에 본인이 적합한 이유를 증명하시오. | [3] 10년 후 당신의 하루 일기를 작성하고, 입사지원서를 쓰고 있는 10년 전 나에게 해주고 싶은 말을 덧붙이시오 | [한국투자증권] 영업점 체험형 인턴 공채",,,[한국투자증권] 영업점 체험형 인턴 공채 [모집분야] 영업점 업무 지원 [접수기간] 2026.04.01 (수) ~ 04.13 (월) [전형절차] 서류 전형 > 1차 면접 및 채용 검진 > 사전 교육 및 배치
312206,SK핀크스,[SK핀크스] 2026년 4월 SK핀크스 Front Officer 채용공고,"NEW, EXPERIENCED",Front Officer | 안내/리셉션 | 사무/총무/법무 | 경영/사무 | 매장관리 | 판매/캐셔/매장관리 | 영업/고객상담 | 캐셔 | 고객관리 | 고객관리/인바운드 | 자신의 성장과정을 작성해 주세요. | 자신의 장점과 단점을 작성해 주세요. | SK핀크스에 입사 지원하시는 동기를 작성해 주세요. | SK핀크스 입사 후의 포부를 작성해 주세요. | [SK핀크스] 2026년 4월 SK핀크스 Front Officer 채용공고,,,"[SK핀크스] 2026년 4월 SK핀크스 Front Officer 채용공고 [직무내용] · 골프장 및 호텔 프런트 고객 응대 · Check in / out (Cashier 업무) · 골프클럽 내장객 등록 및 정산 [자격요건] · 초대졸 이상 (전공 무관, 졸업예정자 가능) · 영어회화 가능자 · 운전 가능자 [우대사항] · 호텔 관련 자격증 보유자 · 관련 학과 졸업자 · 타 골프클럽 및 특급호텔(동종업계) 근무 경험자 · 서비스 마인드 및 커뮤니케이션 스킬 보유자"
312204,카카오뱅크,[카카오뱅크] 서비스 기획자 - AI 채용,EXPERIENCED,"서비스 기획자 - AI | 모바일기획 | 웹기획/PM/웹마케팅 | IT/인터넷 | PM | 웹서비스기획 | 서비스기획/운영 | 기획/전략/경영 | 경영/사무 | 1. 최근 가장 주목하고 있는 AI 기술(또는 서비스)은 무엇이며, 그 이유는 무엇인가요? 해당 기술을 활용하여 금융 분야의 고객에게 어떤 새로운 가치를 제공할 수 있을지 자유롭게 상상하여 설명해주세요. | 2. 같지만 다른 은행인 카카오뱅크, 본인의 차별화 된 역량 및 기술을 근거로 지원한 직무에 적합한 이유를 기술해 주세요. | [카카오뱅크] 서비스 기획자 - AI 채용",,,"[카카오뱅크] 서비스 기획자 - AI 채용 [담당할 업무] · 모바일 서비스 및 플랫폼 기획 및 운영 · AI 기반의 이용자 행동 패러다임 설계 및 전략 수립 · AI 기반 서비스 정책 수립 및 기획 · AI 서비스 UX 설계 및 경험 로드맵 정의 · 초기 서비스 아이디어 발굴부터 개발, 테스트, 출시까지 프로젝트의 A to Z 진행 · AI홈팀의 중장기 서비스 전략과 비전 수립 [필수 경험과 역량] · 7년 이상의 대고객 대상 모바일앱 서비스 구축 및 운영 경험이 있는 분 · 사용자 관점에서 문제를 정의하고 해결했던 기획 및 실행 경험이 있는 분 · 모바일 UX, 화면설계 및 유저 플로우, AI 기반의 행동 설계가 가능한 분 · 일정 관리 및 요구사항 정리, 꼼꼼하고 주도적인 프로젝트 관리가 가능한 분 · 기획 외 다양한 직무를 담당하는 동료들과의 원활한 소통 및 협업이 가능한 분 [우대사항] · AI 에이전트에 대한 실무 경험이 있는 분 · 복잡한 정책과 기능을 사용자에게 직관적이고 매력적인 UX/UI로 구현해 본 경험이 있는 분 · AI 서비스에 대한 기술적 이해와 도전 경험이 있는 분 · 복잡한 이해관계를 조율하며 결과를 만들어낸 경험이 있는 분 · 새로운 업무와 도전적인 과제를 두려워하지 않는 분"
312202,매드업,[매드업] 매니지먼트부 GA(총무)팀 체험형 인턴,INTERN,,,,"[매드업] 매니지먼트부 GA(총무)팀 체험형 인턴 접수 기간 2026-04-01 ~ 채용 시 마감 모집부문 및 상세내용 매니지먼트부 총무(0명) 채용 형태 - 인턴 6개월 담당업무 [매드업 매니지먼트부 GA팀] 매드업의 매니지먼트부는 체계적인 재무 시스템을 통해 운영의 효율성을 극대화하고, 최적의 오피스 환경을 조성하여 매드업의 폭발적인 성장을 뒷받침하는 탄탄한 경영 인프라를 구축하는 부서입니다. GA(총무)팀은 매드러너가 업무에 집중할 수 있는 환경을 만들기 위해 사무환경, 시설, 구매 등 회사 운영 전반을 지원합니다. 매드업이 빠르게 성장하는 과정에서도 안정적인 업무 환경이 유지 될 수 있도록 내부 운영 기반을 관리합니다. - IT 자산 관리 업무 - 사무환경 개선 및 시설 관리 - 유·무형자산 운영 및 관리 - 구성원 IT 장비 세팅 및 운영 관리 - 기타 총무 업무 서포트 우대조건 - 총무/운영 관련 경험이 있으신 분 지원자격 - PC 등 IT 장비의 기본적인 사용 및 설정에 익숙하신 분 - 하드웨어 및 소프트웨어에 대한 기본 지식을 보유하신 분 - 꼼꼼하고 책임감 있게 문제를 끝까지 해결하는 실행력을 보유하신 분 - 구성원의 업무 환경 개선에 관심이 많으신 분 - 빠르게 변화하는 환경에서도 유연하게 대응하실 수 있는 분 추가정보 - 근무 기간: 6개월 - 근로 계약은 3개월 단위로 진행 됩니다. - 급여: 월 240만원(세전) 자격요건 학력 학력무관 근무조건 급여 회사 내규에 따름 근무지역 서울 서초구 서초대로74길 4 20층 전형 절차 Step1 서류전형 Step2 실무진 인터뷰 Step2 최종합격 지원 기간 및 방법 접수기간 2026-04-01 ~ 채용 시 마감 접수방법 홈페이지 지원 유의사항 허위 사실이 발견될 경우 채용이 취소될 수 있습니다."
312201,한국휴렛팩커드주식회사,[한국 휴렛팩커드] APAC Graduate Digital Sales (Intern) (우수인턴정규직전환가능),INTERN,,,,"[한국 휴렛팩커드] APAC Graduate Digital Sales (Intern) (우수인턴정규직전환가능) 모집부문 및 상세내용 모집부문 채용구분 담당업무 자격요건 APAC Graduate Digital Sales (3명) 인턴 잠재고객을 대상으로 제품 정보 및 Value 를 전달하여 영업기회를 발굴 고객 프로파일링 및 딜 정보 관리 주요 project 의 최종 수주를 위해 고객영업 담당자 (Account Manager) 와 협업 중 / 소규모 딜의 End to End 관리 • 대상: (1년이내) 기졸업자 및 졸업예정자 • 학력: 대졸이상 • 자격요건: 영업 지향적 마인드의 소유자 (전공불문) 자격요건 학력 1년이내 기졸업자 및 졸업예정자 근무조건 급여 면접 후 급여 결정, 회사 내규에 따름 근무지역 서울 영등포구 국제금융로8길 31 14층 전형 절차 Step 1 서류전형 Step 2 면접 전형 Step 2 최종합격 지원 기간 및 방법 접수기간 2026-04-01 ~ 2026-04-08 접수방법 홈페이지 지원 제출서류: 국영문 이력서 및 국문자기소개서 (자유주제, 분량무관) 서류 미제출/미흡 시 서류 전형 불가, 링크를 통한 지원 완료 시 이력서 수정 및 재업로드 불가한 점 참고 요망 유의사항 면접은 서류전형 합격자에 개별통지 합니다. 국가보훈대상자와 신체장애자는 관련서류 제출시 관계법에 따라 우대함. 모든 서류는 반드시 MS Word로 작성하기 바랍니다. 제출하신 서류는 일체 반환하지 않습니다. 입사지원서 내용에 허위사실이 판명될 경우 입사가 취소될 수 있습니다. 기타 문의사항은 E-mail로 문의바랍니다."
312198,대한항공,[대한항공] 2026년 항공우주 부문 일경험 인턴 모집(체험형),INTERN,,,,"[대한항공] 2026년 항공우주 부문 일경험 인턴 모집(체험형) [지원 기간] ~ 2026. 4. 13 (월) [인턴십 프로그램] · 실습 기간 : 2026. 5. 18 ~ 2026. 7. 10 (8주) · 근무일/시간 : 일 5시간, 주 5일 근무 (주말 및 공휴일 제외) · 주요 내용 : 항공우주 생산 분야 일경험 ※ 군용기 정비 또는 민항기 생산 분야 중 배치 · 근무지역 : 부산 테크센터 [지원 자격] · 공학계열 전공자 (재학·휴학·졸업예정 또는 기졸업자) · 복수·이중전공자 포함 (부전공자 제외) · 인턴십 기간 동안 근무 가능한 분"
312197,과학기술정보통신부,다목적방사광가속기 명칭 공모전,,,,실제상용화,"공모주제 - 다목적방사광가속기의 기능·특성·비전 등을 반영하고 첨단기술, 혁신, 과학기술 발전, 지역 특성 및 역사적 상징성 등을 대표할 수 있는 명칭 공모대상 - 다목적방사광가속기에 관심 있는 전 국민 공모일정 - 공모접수: 2026년 4월 1일(수) ~ 4월 30일(목), 4주간 - 최종발표: 2026년 5월 예정 접수방법 - 다목적방사광가속기 이름(국문, 영문) 및 의미, 설명을 온라인 웹페이지 기반 제출(200자 내외) - 접수페이지: 4gsr.kbsi.re.kr 시상내역 - 최우수상 (1명): 300만원 - 우수상 (2명): 각 100만원 - 장려상 (2명): 각 50만원 ※ AI선정상 (10명): 각 상품권 5만원 *제세공과금은 본인 부담이며, 상금에서 공제 후 지급 문의 공모전 운영사무국 02-2233-4027"
312196,하남시청소년수련관,Values of Hanam 제작청년 모집!,,,취재/인터뷰/기사 경험 | 콘텐츠 기획/제작 경험 | 휴학 중/시간 투자 가능 | 타 대외활동 경험,전문가/임직원 멘토링 | 행사 참여,"[Values of Hanam 제작청년 모집] Values of Hanam은 하남시의 가치를 발굴하고 공유하는 가치 프로젝트입니다. 2026 VoH의 제작 청년으로서, ’건강‘의 가치를 함께 나눌 20대 청년들을 모집합니다. 많은 관심과 참여 부탁드립니다. [모집개요] - 모집기간 : 04/01(수) ~ 04/07(화) - 모집대상 : 후기청소년(대학생) 5명 - 선발절차 ㄴ접수 : 04/01(수) ~ 04/07(화) ㄴ서류심사 및 선발자 안내 : 04/08(수) (개별연락) [활동내용] - 인터뷰, 영상촬영 등 역량강화 교육 - 인터뷰 기획 및 운영 - 인터뷰 영상, SNS 콘텐츠, 매거진 등의 제작활동 등 ■ 활동기간 : 2026년 4월 ~ 10월 ■ 정기회의 : 매월 둘째주 토요일 14:00~16:00 [신청방법] ▶ 신청접수 및 활동후기 살펴보기 https://forms.gle/hJ9HKv71cgAnUnzX9 또는 프로필 하단 링크 접속 ☎문의사항 : 031-760-5825"
312195,부산경제진흥원,부산중견기업과 함께하는 [2026년 부산 명문향토기업 청년홍보 서포터즈] 모집연장,,,파워블로거/SNS | 사진/영상/디자인 툴 | 취재/인터뷰/기사 경험 | 콘텐츠 기획/제작 경험,활동비 | 수료증 및 인증서,"📢 2026년 부산 명문향토기업 청년홍보 서포터즈 모집연장!! ✨부 산 지역경제의 핵심인 명문향토기업에 대한 관심과 이해도를 높일 수 있는 기회✨ 방학때, 친구와 스펙쌓을 기회! 2 개월간 활동비 지급과 우수팀 시상 기회까지! 부산지역 청년들의 많은 관심과 참여 바랍니다. 1기 서포터즈이기때문에, SNS게시역량과 관계없이 종합적인 부분을 토대로 선발예정입니다. 많은 관심 부탁드립니다~ *기업리스트는 아래 공고게시링크사이트 공고문에 맨마지막에 작성되어있으니 참고부탁드립니다! ﻿ 📌 모집대상 공고일 기준, 만 18세이상 만 39세 이하로 구성된 2~5인 청년팀 📅 접수기간 공고일 ~ 4.22.(수),18시 📌 활동내용 명문 향토기업 1개사와 청년 홍보서포터즈 1개팀 1대1 매칭운영!! 기업 맞춤형 홍보활동 진행 📌 지원내용 🔹 서포터즈 팀 지원금 30만원 X 2회 지원 🔹 우수 홍보서포터즈팀 선정 및 시상 (최우수 100만원, 우수 50만원, 장려 30만원지급) 📅 활동기간 (약 2개월) 2026년 7월 ~ 8월(예정) 📨 접수방법 홈페이지내 신청서 다운로드 작성후 이메일 접수 다운로드 링크>> https://buly.kr/GZzLhdA 📧 lead@bepa.kr ☎️ 문의 (기업지원팀, 051-600-1735) ✨자세한 사항은 홈페이지내 공고문 확인 부탁드립니다"
312194,앳홈,[앳홈] 퍼플팀 총무 운영 담당자 (체험형 인턴),INTERN,,,,"[앳홈] 퍼플팀 총무 운영 담당자 (체험형 인턴) [모집기간] 03월 31일 ~ 채용 시 마감 [담당업무] - 사무 환경 전반의 운영 상태 점검 및 시설,공간 관리 지원 - IT 장비 및 사무용 자산 구매 프로세스 운영,자산 대장 관리 - Google Workspace, Slack, Notion, Microsoft 365, Adobe 등 전사 SaaS 라이선스 운영 및 관리 - 임직원 복리후생 프로그램 운영 지원 및 제도 개선을 위한 데이터 수집·정리 - 비용 처리 및 개인·법인카드 정산 업무 지원, 사내 비용 관련 정책·지침 운영 보조 - AWS 환경 및 클라이언트 앱 배포 등 IT·DevOps 관련 운영을 유관 팀과 협력하여 지원 [자격요건] - MS Office 또는 Google Workspace, Slack, Notion 등 협업툴 활용 가능한 분 - 다수의 업무를 동시에 관리할 수 있는 우선순위 조율 능력을 갖춘 분 - 다양한 부서 및 직군과 원활하게 소통하고 협업할 수 있는 분 - 데이터와 수치를 꼼꼼하게 다루고 정확하게 기록하는 분 [우대사항] - IT 자산 관리 또는 구매 관련 업무 경험이 있는 분 - AWS, 앱 배포 등 IT·DevOps 환경에 기본적인 이해가 있는 분 - 총무, 경영지원, 운영 관련 인턴·실무 경험이 있는 분 - 경영, 행정, 컴퓨터공학, 산업공학 등 유관 전공자 [채용공고]"
312193,호텔롯데,[호텔롯데] 롯데시티호텔 대전 Junior Staff 채용 (프런트),CONTRACT,대전 Junior Staff | 안내/리셉션 | 사무/총무/법무 | 경영/사무 | 지원동기 | 사회활동(봉사활동)경험 및 특기 | 준비한 내용 | [호텔롯데] 롯데시티호텔 대전 Junior Staff 채용 (프런트),,,[호텔롯데] 롯데시티호텔 대전 Junior Staff 채용 (프런트) ■ 주요 업무 1) 고객 응대 및 객실 배정 2) 객실 요금 정산 3) VOC 관리 ■ 우대 사항 1) 외국어 우수자 2) 관련 경력 보유자 3) Opera 활용 가능자 ■ 전형 단계 1) 입사지원 > 서류전형 > 면접전형 > 최종합격
312192,가상융합기술 아카데미,가상융합기술 아카데미 5기 (연장),,,,,"💛 가상 융합 기술 아카데미 추가 모집 💛 취업 ? 스트레스 많이 받을 거야 😎 근데 그런 스트레스 . 가상융합기술 아카데미랑 함께하면 괜찮아 실전 프로젝트부터 취 · 창업까지 경험하자 ! 과학기술정보통신부가 주최하고 정보통신산업진흥원 , 한국전파진흥협회가 주관하는 ' 가상융합기술 아카데미 ' 에서 가상융합산업 핵심 청년인재를 모집합니다 [ 아카데미에선 이걸 배우게 됩니다 ] XR(Unity) Unity Engine 기반 생성형 AI 연계 3D/XR 및 다중 사용자 인터랙티브 콘텐츠 개발 XR(Unreal) Unreal Engine 기반 생성형 AI 연계 3D/XR 및 다중 사용자 환경의 인터랙티브 콘텐츠 개발 백엔드 생성형 AI 연계 가상융합 플랫폼 확장형 백엔드 설계 및 AI 모델 서빙·데이터 연계 학습 AI XR 환경에 적용되는 생성형 AI 중심 최신 AI 융합 기술을 바탕으로 AI 모델 개발 및 서비스 기획·운영 역량 강화 TA 생성형 AI 연계 실시간 가상환경 구축을 위한 3D 그래픽스 및 리얼타임 3D 엔진 학습 어떤 강사님들과 배우게 되는지 궁금하다면 ? http://mtvs.kr/user/lecturer/info/ 🔎 선발 교육생 특전 ✔ 부총리 겸 과기정통부 장관상 ( 프로젝트 우수팀 ) 및 수료증 수여 ✔ 교육훈련비 최대 200 만원 지급 ✔ 교육비 전액 무료 ✔ 인턴십 참여 기회 및 창업컨설팅 지원 ( 우수교육생 및 프로젝트 우수팀 ) ✔ 기업 멘토링 제공 ✔ GPU 노트북 및 개발 실습 공간 등 제공 — 📅 교육 일정 및 장소 ✔ 교육 기간 : 2026 년 4 월 6 일 ( 월 ) ~ 8 월 31 일 ( 월 ) / 월 ~ 금 , 9:30~18:30 오프라인 수업 ✔ 교육 장소 : 경기도 수정구 대왕판교로 815, 가상융합기술 아카데미 1F 🏫 모집 일정 ✔ 지원 기간 : 2026 년 3 월 26 일 ( 목 ) ~ 4 월 10 일 ( 금 ) 23:59 까지 ✔ 면접 일정 : 서류 합격자에 한하여 개별 안내 ✔ 최종 발표 : 합격자에 한하여 개별 안내 👥 모집 분야 및 대상 ✔ 자격 요건 : 만 18 세 ~ 39 세 이하 청년 누구나 ( 지역 / 학력 / 전공 등 무관 ) ✔ 모집인원 : 총 00 명 ▸ XR(Unity) 00 명 · XR(Unreal) 00 명 · 백엔드 00 명 · AI 00 명 · TA 00 명 — 🗯️ 무료 교육들으며 돈도 받고 개발공간에서 편하게 포트폴리오 만들지 않을래 ? 자세한 내용은 ? 🔗 mtvs.kr ■ 문의처 070-8876-6242 | mtvs@rapa.or.kr"
312191,강남세움복지관,강남세움복지관 디지털 리터러시 서포터즈 모집,,,멘토링/수업 진행 경험 | 휴학 중/시간 투자 가능,수료증 및 인증서 | 봉사활동시간,"강남세움복지관에서 디지털 리터러시 서포터즈를 모집합니다! - 사업명: 디지털 리터러시 서포터즈 - 내용 : 디지털 리터러시 서포터즈 모집 - 일시 : 매주 화요일 14:30 ~15:30(2026년 연간 진행) - 장소 : 강남세움복지관 5층 프로그램실 - 모집 대상 : ① 발달장애인 디지털 교육 활동에 관심 있는 지역주민 ② 주 1회 교육 참여가 가능한 분 - 모집 인원 : 최대 10명 (*참여확정 개별 연락) - 모집 기간 : 2026년 4월 1일(수) ~ 4월10일(금) - 신청 방법 : 공고 포스터 속 QR코드 스캔을 통한 모아폼 신청 - 문의 : 디지털 전환지원팀 02-2184-8742 - 활동 내용 : ① 발대식 및 오리엔테이션 진행(활동 안내, 역할 이해, 일정공유) ② 디지털 리터러시 교육 보조 활동 참여 및 현장 이해(주 1회 교육 진행) ③ 교육 이수 후 디지털 리터러시 교육 보조 활동 참여(교육 보조 활동 참여 시 봉사시간 부여) ④ 서포터즈 활동 심화(교육 운영 지원 및 현장 참여 확대)"
312190,호텔롯데,[호텔롯데] L7강남 Junior Staff 채용 (프런트),CONTRACT,L7강남 Junior Staff 채용 (프런트) | 안내/리셉션 | 사무/총무/법무 | 경영/사무 | 지원동기 | 사회활동(봉사활동)경험 및 특기 | 준비한 내용 | [호텔롯데] L7강남 Junior Staff 채용 (프런트),,,[호텔롯데] L7강남 Junior Staff 채용 (프런트) ■ 주요 업무 1) 고객 응대 및 객실 배정 2) 객실 요금 정산 3) VOC 관리 ■ 우대 사항 1) 외국어 우수자 2) 관련 경력 보유자 3) Opera 활용 가능자 ■ 전형절차 1) 입사지원 > 서류전형 > 면접전형 > 최종합격
312189,동대문청소년센터,2026 시립동대문청소년센터 대학생 봉사단 Mentors 추가모집!,,,행사 기획 경험,수료증 및 인증서 | 봉사활동시간,"2026년 시립동대문청소년센터 대학생봉사단 Mentors 모집!!🔥 ""대학생봉사단 Mentors""는 지역사회 청소년을 위해 프로그램 기획, 운영 등 다양한 봉사활동을 진행하는 대학생 서포터즈입니다. 📢 추가 모집일정 1. 모집기간 : 4월 10일(금) 까지 2. 모집대상 : 19세~24세 후기청소년 3. 활동기간 : 선발시부터 활동 종료 희망일까지 4. 선발절차 : 신청접수 - 합격자인터뷰 5. 제출서류 : 최종 합격 시 제출 서류 개별 안내 📢활동내용✔️월 1회 회의✔️청소년 프로그램 기획 및 진행✔️지역사회 봉사활동 참여✔️타 기관과의 교류활동✔️다양한 연합기획봉사활동워크숍 📢활동혜택✔️센터 시설 및 프로그램 우선 참여✔️봉사활동시간 부여(E청소년)✔️활동 우수자 표창 📢지원방법 1. 네이버폼 https://naver.me/GZZW1uKT 2. 모집 포스터 내 QR코드 참고 📢문의사항- 화~토 09:00~18:00📞특화사업팀 김새벽 070-8824-4493"
312188,교육부,[교육부] 제8회 교육 공공데이터 AI 활용대회,,,,기타,"작품 접수 및 제출 기간 - 작품 접수 및 제출: 5.1.(금) ~ 5.31.(일) ※ AI 이용권 신청 여부와 관계없이 작품 제출 가능 공모 일정 - 1차 심사: 6.1.(월) ~ 6.14.(일) - 2차 심사: 7.18.(토) ~ 7.19.(일) - 최종 발표: 7.29.(수) - 시상식: 8.11.(화) 참가 부문 및 자격 - 팀 구성: 1인 단독 또는 최대 3인 이내 팀 구성 가능 [학생 부문] 가. AI 활용 소속학교 홍보영상 제작 - 초등학교 재학생 나. AI 활용 아이디어 기획 - 중·고등학생 및 해당 연령 만 13~19세 미만 청소년 [일반 부문] 가. AI 활용 아이디어 기획 - 대학(원)생, 교사, 직원, 공무원, 예비창업자 등 - 만 19세 이상 일반인 분야별 공모 내용 - AI 활용 소속학교 홍보영상 제작 AI 기술을 활용하여 제작한 창의적인 우리 학교 홍보 영상 - AI 활용 아이디어 기획 교육 공공데이터를 활용한 AI 서비스 아이디어 접수 방법 - 교육 공공데이터 AI 활용대회 홈페이지 ( data.edmgr.kr ) 온라인 접수 - 우측 하단에 QR코드 포함 시상 내역 - 시상 내역 총괄: 총 154편, 총 상금 5,050만원 * 수상팀 인원 전원 동일 상품 제공 [학생 부문] 가. AI 활용 소속학교 홍보영상 제작 - 대상 (교육부장관상): 1팀 / 상금 100만원 / 상품 태블릿 - 최우수상 (시도교육감상): 17팀(교육청별 1팀) / 상금 20만원 / 상품 무선이어폰 - 우수상 (시도교육청상): 51팀(교육청별 3팀) / 상금 10만원 / 상품 무선이어폰 나. AI 활용 아이디어 기획 - 대상 (교육부장관상): 1팀 / 상금 300만원 / 상품 태블릿 - 최우수상 (시도교육감상): 17팀(교육청별 1팀) / 상금 60만원 / 상품 무선이어폰 - 우수상 (시도교육청상): 51팀(교육청별 3팀) / 상금 30만원 / 상품 무선이어폰 [일반 부문] AI 활용 아이디어 기획 - 대상 (교육부장관상) : 1팀 / 상금 500만원 / 상품 기념품 - 최우수상 (시도교육감상): 2팀 / 상금 150만원 / 상품 기념품 - 우수상 (시도교육감상): 3팀 / 상금 50만원 / 상품 기념품 - 장려상 (후원기관장상): 10팀 / 상금 30만원 / 상품 기념품 자세한 내용은 아래 링크에서 확인 가능합니다. https://www.2026edudataaicontest.com/"
312187,링커리어테스트,공고명,INTERN,,,,공고명공고명공고명
312186,호텔롯데,[호텔롯데] 롯데호텔 울산 Junior Staff 채용 [객실/식음/조리부문],CONTRACT,식음부문 | 외식/식음료 | 서비스 | 매니저/매장관리 | 배달 | 자신의 성장배경 및 지원동기에 대해 서술해 주세요 | 사회활동 경험과 특기(어학등)에 대하여 서술해 주세요 | 롯데호텔의 호텔리어가 되기위해 특별히 준비한 것이나 호텔리어로서 앞으로의 포부를 서술해 주세요. | [호텔롯데] 롯데호텔 울산 Junior Staff 채용 [객실/식음/조리부문] | 객실부문 | 여행/항공/숙박/레저 | 안내/리셉션 | 사무/총무/법무 | 경영/사무 | 여행사 | 항공사 | 면세점 | 스포츠 | 레포츠 | 조리부문 | 요리/영양/제과제빵/바리스타 | 바리스타/커피 | 요리사 | 영양사 | 제과제빵,,,[호텔롯데] 롯데호텔 울산 Junior Staff 채용 [객실/식음/조리부문] [모집부문] - 조리부문 - 객실부문 - 식음부문 [전형단계] - 입사지원 > 서류전형 > 면접전형 > 최종합격 [우대사항] 1) 관련 업무 경력자 우대 2) 외국어 가능자 우대 등
312185,굿네이버스 경기2사업본부,"[굿네이버스 경기2] 초단기 SDGs 프로젝트, GOAL라잡는 사람들 26-5기 모집",,,휴학 중/시간 투자 가능,실무 교육 | 수료증 및 인증서,"프로그램 만족도 96/100! NGO Traveler에서 리뉴얼된 26-5기! SDGs 프로젝트, GOAL라잡는 사람들 모집 * 모집 및 활동 일정 1. 모집기간 : 04월 01일(수) ~ 04월 28일(화) 23시 55분까지 2. 최종 참가자 발표 : 04월 29일(수) *개별문자연락 확인 필수* 3. 활동기간 : 05월 01일(금) ~ 05월 29일(금) 총 3회 활동 진행 (개별 실천 활동) !간단하게 활동하고 싶은 참여자 부터 ~ 딥하게 얻어가고 싶은 참여자까지 자유도 max! * 활동혜택 - 굿네이버스 경기2사업본부에서만 만날 수 있는 ""SDGs 프레임워크 교육자료"" 제공 - 굿네이버스 경기2사업본부 연말 네트워크의 장 초대 - 굿네이버스 경기2사업본부 본부장님 직인 날인 수료증 제공 - SDGs 활동 실천가들에게 제공되는 작은 굿즈 제공 - 굿네이버스 경기2사업본부 인턴십 우대 등등 * 모집 대상 (선착순 70명 마감!) - NGO에 관심있는 누구나 - 대외활동이 처음인 혹은 경험쌓고 싶은 대학생 누구나 - 사회를 바라보는 새로운 관점을 얻고 싶은 일반인 누구나 ▶ 신청서가 나오지 않는다면, 링크를 복사 + 붙여넣기로 접속 부탁드립니다 :) https://forms.office.com/pages/responsepage.aspx?id=1_FwdgtS9Uew71l75lgdje0FOoKFz7tPjIZ2npcegPhUNlVDWk9LQVk2VzA1QjM3N0ZJUTdLMlNESS4u&route=shorturl"
312184,(주)블랭크코퍼레이션,[KONREV] SNS 콘텐츠 마케터 인턴(정규전환형),INTERN,,,,"본 포지션은 블랭크코퍼레이션의 자회사 콘레브 소속으로 근무합니다. 본 포지션은 블랭크코퍼레이션의 콘텐츠사업을 담당하는 법인인 콘레브 소속으로 근무합니다. 개발 ,마케팅, 디자인 등 다양한 직무의 뛰어난 인재들과 열정적으로 성장하고 일할 수 있는 인재를 채용하고자 합니다. ※ 업무 숙련도 및 성과에 따라 인턴 → 정규직 전환을 전제로 운영됩니다. [About the Role] 콘레브의 AI 기반 챗봇 프로덕트의 오가닉 콘텐츠를 기획, 편집하는 역할입니다. 처음에는 편집을 집중적으로 근무하지만 역량과 성과에 따라 단계적으로 기획 역할로 피봇팅 할 수 있습니다. 해당 업무를 통해 채널의 알고리즘에 대한 이해도를 높이고 데이터 기반으로 보다 설득력 강한 콘텐츠를 만들고자 합니다. 콘레브의 AI 챗봇 서비스는 베이글챗 에서 확인하실 수 있습니다. [근무 조건] 계약 조건 : 인턴 (3개월) -> 정규직 전환 검토 채용 TO : 3명 여성향 프로젝트 급여 : 월 216만원(식대 별도 - 1일 1만원 식권대장) 정규직 전환 시 3,000만원(기본급 2,800+명절 상여 200) 근무일 : 주 5일 (월-금) 10:00~19:00 (점 심시간 : 11:30~12:30 / 식대 별도 지원) 정규직 전환 시 오피스타임(12:30~17:00) 외 주 40시간 내 자율 근무지 : 서울특별시 강남구 역삼로 179 한빛빌딩 장비 지원 : 업무에 필요한 기본적인 장비와 Tool을 제공합니다. [채용 전형] 서류 전형 > 인터뷰 > 최종 합격 * 포트폴리오 필수 : SNS 운영, 영상 편집, AI 사용 관련 [주요 업무] SNS 콘텐츠 마케팅 피드, 릴스 콘텐츠 제작 및 편집 콘텐츠 / 소재 성과 분석 및 인사이트 도출 숏폼 및 피드 콘텐츠 기획 제작 및 편집 SNS 채널 운영(인스타, 유튜브 운영) [자격 요건] 회사 또는 브랜드 SNS 운영 경험 SNS 콘텐츠 제작 편집이 가능하신 분(포토샵, 프리미어) AI툴을 활용한 이미지, 영상 편집 사용 경험(프리픽, 학스필드 등) 카피라이팅 가능하신 분 [우대사항] 유튜브, 인스타그램 채널 운영 경험(개인/기업 계정 무관) SNS 콘텐츠로 성과를 만들어낸 경험 자막 디자인 가능하신 분 릴스/쇼츠를 자주 즐겨보시는 분 [지원하러가기]"
312182,서소문성지 역사박물관,서소문성지 역사박물관 ㅅㅅㅁ시민기자단 6기 모집,,,,,"서소문성지 역사박물관의 이야기를 더욱 풍성하게 기록하고 전할 [ㅅㅅㅁ 시민기자단 6기]를 모집합니다. [모집 대상] - 기사작성, 사진촬영, 온라인홍보에 재능이 많은 시민 누구나 [모집 일정] - 지원 마감 : 2026년 4월 15일(수) 자정까지 - 합격자 발표 : 2025년 5월 1일(금), 합격자 개별 연락 - 발대식 : 2026년 5월 16일(토) 오후 1시 *발대식 불참시 합격 취소 [활동 기간] - 2025년 5월 ~ 12월 [활동 내용] - 박물관의 전시 및 행사를 취재/촬영하여 기사작성 후 SNS를 통해 홍보 활동 [혜택] - 서소문성지 역사박물관장 인증 위촉장 및 수료증 수요 - 박물관 주최 행사 우선 초대 - 실무 교육 기회 제공 - 소정의 활동비와 기념품 제공 (수료자 한정) - 봉사시간 인정 (1365자원봉사포털) - 활동 중 제작한 콘텐츠는 모두 개인 포트폴리오로 사용 가능 [지원 방법] - 서소문성지 역사박물관 홈페이지(https://seosomun.org/)▶️지원서 다운로드▶️이메일 송부 (ksun9112@seosomun.org) - 제출 서류 1. ㅅㅅㅁ시민기자단 6기 지원서 2. 주제 관련 하여 직접 촬영한 사진 10장 이상 * 지원서 파일명 : ㅅㅅㅁ시민기자단 6기 지원_000(본인 이름) * 이메일 제목 : ㅅㅅㅁ시민기자단 6기 지원_000(본인 이름) * 문서 파일은 PDF 혹은 Hwp로 보내주세요. * 이미지 파일은 jpg 혹은 png로 개별 파일로 보내주세요. [문의] - 서소문성지 역사박물관 행정팀 (02-3147-2404)"
312181,(주) 모던지,청춘! 스토리테마파크에서 놀자 “제12회 전통 기록문화 활용 대학생 콘텐츠 공모전”,,,,기타,"청춘 ! 스토리테마파크에서 놀자 “ 제 12 회 전통 기록문화 활용 대학생 콘텐츠 공모전 ” ○ 공모내용 : 한국국학진흥원에서 서비스하고 있는 전통소재 활용한 콘텐츠 기획 및 아이디어 공모 * 본 공모전은 교육형 공모전으로 운영됩니다 . 1 차 , 2 차 심사를 거쳐 8 팀을 선발한 뒤 약 5 개월 동안 현업 멘토의 멘토링 후 최종심사를 통해 순위 ( 시상 ) 이 결정됩니다 . ○ 전통소재 활용 대상자료 - 스토리테마파크 : https://story.ugyo.net/ - 전통과 기록 : https://portal.ugyo.net - 유교넷 : https://ugyo.net/ ○ 공모전일정 - 접수기간 : 2026 년 5 월 1 일 ( 금 ) ~ 5 월 8 일 ( 금 ) 16:00 까지 - 서류심사 결과발표 : 6 월 1 일 ( 예정 ) - 면접심사 : 6 월 6 일 ( 예정 ) - 면접심사 결과발표 : 6 월 8 일 ( 예정 ) - 오리엔테이션 : 6 월 27 일 ( 예정 ) - 교육캠프 : 7 월 15 일 ~ 17 일 ( 예정 ) - 피칭교육 : 8 월 21 일 ~ 8 월 23 일 ( 예정 - 피칭캠프 : 9 월 19 일 ~ 20 일 ( 예정 ) - 최종피칭 : 10 월 10 일 ( 예정 ) *10 월 9 일 리허설 ○ 접수방법 : 공모전 사이트에서 온라인 접수 (https://story.ugyo.net) ○ 지원자격 : 전국 대학 ( 원 ) 생 최소 2 명 이상 5 명 이하로 구성된 팀 * 휴학생 및 8 월 졸업예정자 , 석사과정 포함 * 박사과정 제외 ○ 공모전 참가 혜택 - 콘텐츠 분야별 전문가 멘토 1:1 매칭 ( 예시 : 게임 기획안 - 게임 멘토 , 웹툰 기획안 - 웹툰 멘토 ) - 1:1 멘토링 최소 6 회 - 피칭멘토의 피칭교육 - 공모전 일정 수행에 필요한 경비 일부 지원 ( 오리엔테이션 ~ 최종피칭 ) - 피칭 지원금 30 만원 지원 - 전통 창작소재 관련 현장 답사(필요시) 및 창작 교육 캠프 참여 기회 제공 ○ 시상내역 : 총상금 2,300 만원 ◆ 대상 ( 문화체육관광부장관상 1 팀 ) : 상금 1,000 만원 ◆ 최우수상 ( 한국국학진흥원장상 1 팀 ) : 상금 500 만원 ◆ 우수상 ( 한국국학진흥원장상 2 팀 ) : 팀당 상금 200 만원 ◆ 장려상 ( 한국국학진흥원장상 4 팀 ) : 팀당 상금 100 만원 ○ 문의 한국국학진흥원 인문융합학술원 전화 ▶ 054-851-0856 이메일 ▶ jdh24@koreastudy.or.kr ○ 역대 공모전 훑어보기 [ 공모전 ] 스토리테마파크 ▶ https://story.ugyo.net/front/contest/index.do [ 유튜브 ] 스토리테마파크 ▶ https://www.youtube.com/@storythemepark [ 인스타 ] 스토리테마파크 ▶ https://www.instagram.com/storythemepark [ 블로그 ] 스토리테마파크 ▶ https://blog.naver.com/storyugyo"
312180,중앙일보에스(주),[중앙일보에스] 중앙북스 프렌즈 블로그 기자단 모집,,,파워블로거/SNS | 사진/영상/디자인 툴 | 취재/인터뷰/기사 경험 | 콘텐츠 기획/제작 경험 | 휴학 중/시간 투자 가능,활동비 | 전문가/임직원 멘토링,"🧳📝프렌즈 기자단이란? 프렌즈 도서를 기반으로 네이버 블로그에 유용한 여행 콘텐츠(서평·활용 글)를 꾸준히 발행하는 대학생 기자단입니다. 🎯모집 대상 여행을 좋아하고, 글로 정리하는 걸 즐기는 대학생 네이버 블로그 운영 필수(링크 제출) 4~9월(6개월) 동안 꾸준히 활동 가능한 분 (우대) 상위노출 경험, 월 평균 방문자 높은 블로거, 장문 작성 가능, 온라인 서점 리뷰 활동 활발 📋 운영 개요 활동 기간: 4~9월(6개월) 인원: 15명 (5명×3조) 📌활동 내용(필수) [개인 미션(월간)] 블로그 월 2건 이상 발행 온라인 서점 서평 1건 게재 필수 [조별 미션(외부 활동시)] 외부 활동 내용 후기 블로그 발행 🎁활동 혜택 프렌즈 도서 제공 (활동 연계) 기자단 수료증 발급 기자(혹은 관광청 직원) 선배와의 만남(QnA/실무 팁 공유) 개인 완수 리워드: 월간 미션 완수 시 소정의 고료 제공 ✨ 스페셜 리워드 프렌즈 공식 채널(중앙북스 블로그/인스타 등) 소개 히든 미션 어워드 → 네이버 상위 노출 달성자 대상 특별 리워드 제공 (폐회식 발표) ⚠️유의 사항 발대식과 폐회식 등 오프라인 활동을 모두 참여할 수 있어야 합니다. 미션 2회 이상 미수행 시 활동이 중지될 수 있습니다. 📮 지원 방법 지원 폼 제출: https://forms.gle/tm2pZ1hmvpLXvaZG9 문의 : lee.nakyung1@joins.com"
312179,(주)신한디에스,신한 금융 SW 풀스택 개발자 양성과정 7기,,,,,"☻ 과정 목표 AX기반 프론트엔드(Front-end)와 백엔드(Back-end) 기술을 익히고 금융관련 프로젝트 수행을 통해 활용함으로써 금융산업의 디지털 혁신을 이끄는 풀스택 개발자 양성 ☻ 교육내용 - Java프로그래밍, 데이터베이스 및 SQL, 웹 프로그래밍, 백엔드 프로그래밍, 금융공학, 협업도구, 통합테스트, RAG, API 통합, Kubernetes DevOps 등 ☻ 지원자격 - 대학[교] 졸업[예정]자 - 내일배움카드 발급 대상자 - 오프라인 교육에 성실히 참여하실 분 ☻ 접수기간 : 2026. 04. 01 ~ 2026. 04. 24 ☻ 교육기간 : 2026. 05. 14 ~ 2026. 11. 18 (1일 8시간) ☻ 교육장소 : 신한 금융SW 아카데미 홍대교육장 (서울특별시 마포구 월드컵북로 4길 77) ☻ 참여혜택 - 신한DS 대졸공채 서류 면제 (과정 수료자) - 교육비 1,700여만원 상당 국비 지원 (개인부담금 50만원) - 현업전문가 특강 및 프로젝트 멘토링 - 개인 강점 진단 및 채용담당자 멘토링 - 모의코딩테스트 및 인적성 검사 지원 - 취업 전략 컨설팅 제공 ☻ 신청방법 : https://shinhanacademy.com/bootcamp ☻ 문의 : 02-6392-0033, 02-6392-0044"
312177,플렉스,[플렉스] Content Marketing Internship (채용연계형),INTERN,,,,"[플렉스] Content Marketing Internship (채용연계형) B2B 비즈니스에서 '수요(Demand)'는 자연스럽게 만들어지지 않습니다. 시장을 이해하고, 고객을 정의하고, 적절한 타이밍과 메시지로 연결될 때 비로소 비즈니스는 실제 기회로 이어집니다. 플렉스팀 Marketing Chapter의 일원으로, flex 제품과 서비스의 가치를 고객과 시장에 설득력 있게 전달하는 역할을 합니다. 특히 ICP 정의하고, 고객의 문제를 기반으로 flex만의 USP를 발굴해 이를 콘텐츠와 캠페인으로 풀어내며 실제 리드 획득까지 연결하는 전 과정을 경험합니다. 또한, 고객의 문제를 깊이 고민하고 이를 콘텐츠로 풀어내어 실제 고객 수요와 리드로 연결합니다. 플렉스 성장의 가장 앞단에서 고객의 인식을 바꾸고 새로운 수요를 만드는 일을 가장 먼저 시도하며, 시장과 고객의 반응을 통해 끊임없이 답을 찾아가는 여정에 함께하세요! 이런 업무를 함께 합니다. • flex 제품과 서비스의 핵심 가치와 차별점을 기반으로 고객을 설득하는 내러티브를 기획합니다. • 오프라인 세미나, 웨비나, 이벤트 등 고객 접점을 확장하는 다양한 이니셔티브를 기획하고 수행합니다. • 신규 리드 획득의 레버가 되는 핵심 마케팅 콘텐츠(이미지, 영상, 리포트, 아티클 등)를 직접 기획하고 제작합니다. 이런 분과 함께 하고 싶습니다. • 변화하는 환경에서 새로운 시도를 두려워하지 않는 분 • 본인과 다른 의견에 대해서도 적극적으로 소통할 수 있는 분 • 피드백을 빠르게 흡수하고 실행을 통해 성장할 수 있는 분 • 이미지 및 영상 제작을 위한 툴 활용에 능숙하신 분 • 6개월 풀타임 인턴십 근무에 문제가 없는 분 • 병역필 또는 면제자로 결격 사유가 없는 분 인턴십 수료 후 이런 역량을 보유하실 수 있습니다. • B2B Revenue Funnel 전반 구조를 이해할 수 있습니다. • 멀티채널 Lead Generation 실행 전 과정을 경험할 수 있습니다. • 다양한 팀과 소통하며 협력적 리더십 역량을 기를 수 있습니다. 인턴십 합류 여정 안내 • 서류 전형 > 대면 인터뷰 > 최종 합격 발표 > 입사 • 인터뷰 과정에서 제출하신 포트폴리오(작업물)에 대해 설명을 요청드릴 수 있습니다. • 입사는 4/6(월) 예정되어 있으나, 내부 사정에 따라 일정 변경될 수 있습니다. 인턴십 운영 안내 • 이번 전형은 채용 연계형 인턴십으로, 6개월 이후 정규직 전환 여부를 최종 결정합니다. • 인턴십 동안 과제를 함께 수행하며, 제출해주신 결과 기반으로 피드백을 받게 됩니다. • 과정을 모두 수료하신 분들께는 인턴십 수료증이 발급됩니다. • 전형 일정은 개별적으로 조율이 어려우니 미리 숙지하시어 진행 부탁드립니다. · 지원서의 기재 내용이 허위로 판명되는 경우, 인턴십 진행 및 최종 정규직 합격이 취소될 수 있습니다. • 인턴십 진행 시, 구성원들과 함께 분당 오피스에서 함께 근무하게 됩니다. • 인턴십 채용 관련 문의는 join@flex.team으로 부탁드립니다. 서류 접수 안내 • 서류는 플렉스팀 채용 사이트에서 접수 가능합니다. • 이력서 및 포트폴리오 양식에는 별도의 제한이 없습니다. • 포트폴리오는 필수 제출이며, 이미지 및 영상 작업물을 모두 포함해 주세요. • 본인이 100% 기여한 작업물 중심으로 구성해 주시기 바랍니다. • 포트폴리오는 PDF 파일로 제출해 주시고, 영상 작업물의 경우 URL 형태로도 제출 가능합니다. • 서류 접수는 채용 상황에 따라 조기 마감될 수 있습니다. 우리는 플렉스팀입니다 flex는 '조직과 구성원이 겪는 다양한 문제를 해결하여 일하는 모든 사람의 필수재가 된다'는 미션 아래 2019년 5월 설립한 HR 기반 Al SaaS Platform 입니다. 우리는 기술을 통해 누구나 더 일하기 좋은 세상을 만들어 가고 있습니다. 유연한 근태, 공정한 평가, 합리적 보상, 사람을 존중하는 기업문화, 준법을 유도하는 시스템, 데이터 기반의 의사결정, 몰입을 위한 환경 조성 등 플렉스팀은 우리, 나아가 다음 세대를 위해 일하는 방식 자체를 혁신하고 있습니다. 플렉스팀의 담대한 여정에 함께하세요."
312176,네패스,[네패스] AI정보화파트 신입 채용,NEW,,,,"[네패스] AI정보화파트 신입 채용 [담당 업무] • Web 기술을 활용한 MES(Manufacturing Execution System) 시스템 개발 및 프로젝트 • 스마트팩토리 웹 플랫폼 구축 및 운영 • AI/ML 프로젝트 수행 및 파이썬 기반 데이터 분석 • 전사적 Datalake 구축 및 데이터 웨어하우징 설계/구축 • AWS 클라우드 환경에서의 데이터레이크 구축 및 Factory 마이그레이션 진행 • Tableau를 활용한 데이터 시각화 시스템 도입 및 BI 솔루션 구축 • Docker, AWS ECS를 활용한 컨테이너 기반 애플리케이션 배포 및 CI/CD 파이프라인 구축 [지원 자격] • 학력 : 대졸(4년제) 이상 • 유관 전공자(컴퓨터, 정보통신 관련학과) • Vue.js, next.js 등 웹 프론트엔드 프레임워크 활용 경험 • GitHub 기반 형상관리 및 CI/CD 파이프라인 구축 경험 • 제조공정 및 스마트팩토리 도메인 지식 • 프로그래밍 언어(C#, C++, VB, Java) 개발 경험 • Python, PySpark 활용한 데이터 처리 경험 • SQL(Oracle, MS SQL, PL/SQL) 및 데이터베이스 설계/관리 역량 • 클라우드 플랫폼(AWS) 및 컨테이너(Docker) 활용 경험 • MES 시스템 개발 또는 운영 경험 [우대사항] • Snowflake, Informatica 등 빅데이터 플랫폼 경험 • AI/ML 프로젝트 경험 및 데이터 분석 역량 • 애자일 프로젝트 관리 방법론 실무 경험 • DevOps 환경 구축 및 운영 경험 • AWS 아키텍처 설계 및 마이그레이션 경험 • 데이터 시각화 도구(Tableau, QuickSight) 사용 능력 • 프로젝트 관리 도구(MS Project, TFS, Mantis) 활용 능력"
312175,주식회사 라라스윗,[라라스윗] 퍼포먼스 광고 운영 담당자,CONTRACT,,,,"[라라스윗] 퍼포먼스 광고 운영 담당자 [모집기간] 04월 01일 ~ 채용 시 마감 [담당업무] - 주요 제품별 광고비 확장을 위한 퍼포먼스 광고 운영전략 기획 및 운영 - Meta, TikTok 등 주요 퍼포먼스 매체의 광고 운영 및 최적화 업무 전반을 담당 - CAC,CVR, 3초 재생률 등 핵심 지표 개선을 위한 데이터 기반의 액션 플랜 도출 및 유관 부서 소통 담당 - 핵심 지표 개선을 위한 상품 프라이싱 및 프로모션을 기획 [자격요건] - 1년 이상 Meta,Tiktok 주요 퍼포먼스 매체의 광고 운영을 경험하신 분 - 월 3억원 이상 규모의 퍼포먼스 광고 예산 집행을 경험 하신분 [우대사항] - 자기 주도적이며 논리적으로 소통하시는 분 [채용공고]"
312174,민커뮤니케이션즈,[아시아경제] 2026 아시아금융포럼(AFF 2026) 서포터즈 모집 (~4/15),,,파워블로거/SNS | 콘텐츠 기획/제작 경험,수료증 및 인증서,"<2026 아시아금융포럼(AFF 2026)> 서포터즈 모집 (~4/15) 📢""2026 아시아금융포럼과 함께하고 싶은 분들을 모집합니다!"" 🪙 2026 아시아금융포럼 행사 개요 🪙 - 행사명: 2026 아시아금융포럼(AFF 2026) - 주제: <미래금융 대전환: 생산적 자본의 시대와 새로운 금융질서> - 슬로건: '한국 금융의 도약, 자본의 흐름을 바꾸다' - 일시: 26. 5. 21(목) 09:00 ~ 15:30 - 장소: 조선호텔 서울 그랜드볼룸(1F) - 공식 홈페이지: https://e.asiae.co.kr/2026-아시아금융포럼/ 📆 모집 기간 및 활동 일정 - 모집 기간: 2026년 4월 1일(수) ~ 4월 15일(수) (2주) - 발표: 4월 22일(수) *개별 연락 - 활동 일정: 2026년 5월 1일(금) ~ 5월 31일(일) (한 달) 🎯 모집 대상 (00명) - 경제 및 금융 분야에 관심 있는 개인 - 관련 학과 및 경제 동아리 소속 대학(원)생, 휴학생 및 졸업생 우대 📝 활동 내용 1) SNS 및 블로그를 통한 2026 아시아금융포럼 사전 홍보 콘텐츠 제작 및 게시 1건 2) 2026 아시아금융포럼 참석 (일자: 2026년 5월 21일(목)) *필수* 3) 2026 아시아금융포럼 참가 후기 콘텐츠 제작 및 게시 1건 ※ 카드뉴스, 블로그 게시글, 릴스 및 쇼츠 같은 숏폼 콘텐츠(60초 이상), 컷툰, 영상 등 자유 형식 / 비공개 계정 참여 불가 ※ 홍보에 필요한 자료는 2026 아시아금융포럼 홈페이지에서 발췌 🎁 활동 혜택 1) 2026 아시아금융포럼 서포터즈 수료증 온라인 발급 2) 아시아금융포럼 참가비 33만 원 면제 (동반인 1인 포함) 3) 행사 당일 호텔 중식 제공 4) 활동 우수자 시상 🥇 1등: 소니 헤드폰 WH-1000XM5 (1명) 🥈 2등: 배민 상품권 10만 원 (3명) 🥉 3등: CJ 상품권 3만 원 (10명) ✏️ 지원 방법 - 구글 폼 및 QR코드 링크로 신청 https://forms.gle/3ZJEyGNFFAz6y5HJ8 📞 문의처 - 2026aff.official@gmail.com"
312170,아주대학교의료원,[아주대학교의료원] 2026학년도 신입 일반직(사무) 정규직 공채,NEW,"일반직 사무 | 사무보조/문서작성 | 경영/사무 | 사무/총무/법무 | 사무보조 | OA/문서작성 | 홈페이지관리 | 총무 | 문서관리 | 인허가업무 | 비서 | 법무 | 비품/시설관리 | 특허/저작권업무 | 안내/리셉션 | · 우리 의료원에 지원한 이유와 입사 이후 자신의 발전계획을 기재하여 주세요 (최소 100자, 최대 500자 입력가능) | · 지원한 직무를 능숙하게 수행할 수 있는 본인의 역량을 기재하여 주세요 (최소 100자, 최대 1,000자 입력가능) | · 본원의 핵심가치(헌신,윤리성,탁월성) 중 자신과 가장 잘 부합하는 가치를 한 가지 정하고 관련된 경험이나 사례를 중심으로 기재하여 주세요 선택한 핵심가치는 무엇입니까? (최소 2자, 최대 3자 입력가능) · 선택한 핵심가치와 관련된 경험이나 사례를 기재하여 주세요 (최소 1자, 최대 600자 입력가능) | · 예상치 못한 상황에 직면하거나 스트레스를 받았을 때 어떻게 이를 극복하는지 기재하여 주세요 (최소 1자, 최대 500자 입력가능) | [아주대학교의료원] 2026학년도 신입 일반직(사무) 정규직 공채",,,"[아주대학교의료원] 2026학년도 신입 일반직(사무) 정규직 공채 [채용부문] · 아주대학교의료원 신입 일반직(사무) 정규직 · 의료원 직원 인사규정에 의거 3개월 수습기간 근무평가 진행 · 임용 시 학사학위 이상 학력 및 관련 업무 경력 인정 없음 · 근무내용 : 아주대학교의료원 사무행정 업무 · 근무시간 : 1일 8시간 근무 (08:00~17:00 / 휴게시간 1시간 포함, 주 40시간) · 단, 부서사정에 따라 시차/연장/휴일/야간/당직/교대근무 가능 · 임용일자 : 2026년 6월 1일 부 임용 예정 [필수사항] - 학사학위 이상 소지자 - 공인어학성적(영어) 소지자 중 기준점수 이상인 자 (전문자격 소지자 예외) - TOEIC, TOEFL(IBT), NEW TEPS, OPIC, TOEIC Speaking 중 응시원서 제출일 기준 유효성적에 한함 - 공인어학성적(영어) 기준 점수 - TOEIC : 800점 - TOEFL(IBT) : 91점 - TEPS : 309점 - OPIC : IM3 - TOEIC Speaking : IH [우대사항] · 전문자격(변호사, 회계사, 세무사, 노무사, 변리사) 소지자 · 컴퓨터활용능력 우수자 (사무자동화산업기사, 컴퓨터활용능력 1급, MOS MASTER)"
312168,구로청년이룸,구로문화재단에게 직접 듣는 진짜 직무 <G밸리 실무 커피챗> 참여자 모집(~4/15),,,기타,전문가/임직원 멘토링,"구로문화재단에게 직접 듣는 진짜 직무 <G밸리 실무 커피챗> 참여자 모집(~4/15) ♥ 프로그램 소개 G밸리 내 기업 탐방부터 직무별 실무자와의 커피챗까지. 기업 및 관심 직무에 대한 이해도를 높이고, 실전 취업 역량을 키울 수 있도록 지원하는 기업탐방형 프로그램입니다. ♥ 탐방기업 구로문화재단(구로아트밸리 예술극장) 서울 구로구 가마산로25길 9-24 구로아트밸리 예술극장 ♥ 커피챗 직무 분야 공연기획 | 회계 | 인사 | 지역문화 ♥ 모집대상 공연기획·지역문화 실무가 궁금하거나 공공기관 경영(인사·회계)에 관심있는 만 19세~39세 구직 청년 *구로구 거주 청년 우선 선발 ♥ 모집안내 - 모집기간: ~ 2026.04.15(수) 23:59 까지 - 모집인원: 총 18명 - 선정발표: 2026.04.17(금) (합격자 대상 개별 연락 예정) ♥ 진행일정 - 4.20(월) 13:20~16:00 ♥ 참가비용 무료 ♥ 신청링크 https://miniintern.com/event/3129 ♥ 공식 홈페이지 및 SNS 공식 홈페이지 http://www.youtheroom.kr/main.php 인스타그램 https://www.instagram.com/youtheroom ♥ 문의사항 E-MAIL: eroom.youth@gmail.com TEL: 070-4913-4137 (평일 10시~19시 / 주말 및 공휴일 휴무)"
312167,말케팅,"[말케팅] 마케팅, 브랜딩 초보자 환영!!",,,,,"[말케팅] 말로 만들고, 말로 터뜨리는 콘텐츠 크루 너도 나도 만드는 숏폼과 카드뉴스! 막상 시작하려니 무슨 말을 써야 할지 막막하고, 내 콘텐츠만 묻히는 것 같아 고민되시나요?🥹 저희 **말케팅(Malketing)**은 ""말의 힘"" 하나로 모여, 트렌드를 읽고 나만의 카피로 세상을 흔드는 콘텐츠 제작 동아리입니다. 완벽한 디자인 실력, 수만 명의 팔로워.. 그런 거 없어도 됩니다! *말케팅(Malketing): '말'과 '마케팅'의 합성어로, 언어적 감각을 통해 콘텐츠의 파급력을 극대화하는 과정 ⚡ ""말케팅""의 추구미 [1] 본능을 자극하는 카피 : 스크롤을 멈추게 하는 한 줄의 힘 [2] 데이터 기반의 드립 : 단순한 유행을 넘어 지표로 증명되는 콘텐츠 [3] 함께 노는 아카이브 : 서로의 아이디어를 빌드업하는 유연한 분위기 ⚡ ""말케팅""만의 차별점 허들 높은 콘텐츠 기획, 더 이상은 No! 이미 인스타 알고리즘을 타본 운영진들이 밈의 구조 분석부터 터지는 카피 작성법까지 차근차근 같이 봐드립니다. ⚙️ 모집 대상 [1] 밈과 트렌드에 민감한 '인터넷 지박령' 대학생 [2] SNS를 즐겨 하지만, 이제는 직접 영향력을 만들어보고 싶은 분 [3] 내 아이디어를 **가시적인 결과물(콘텐츠)**로 남기고 싶은 분 [ 4] 전공/실력 상관없이 '말 센스' 하나는 자신 있는 분 *초보자 · 비전공자 환영 *SNS 계정 운영 경험 무관 ⚙️ 활동 내용 정규 세션 : 주 1회 오프라인 모임 (트렌드 리포트 공유 및 카피라이팅 실습) 제작 루틴 : 2주에 1회, 말케팅 공식 채널 혹은 개인 채널에 업로드될 실전 콘텐츠 제작 스페셜 멘토링 : 현직 콘텐츠 에디터/마케터 선배님의 실무 꿀팁 및 피드백 섹션 ⚙️ 지원 안내 기간 : 2026.02.09 ~ 선착순 마감 (인원 충원 시 조기 종료) 지원 방법 : malketing.com 홈페이지 내 지원서 작성 참고 : 지원 후 안내 문자가 발송되오니 확인 및 회신은 필수 입니다! 🔹 활동 상세 커리큘럼 [Level 1] 트렌드 파인더 (1-2주차) 현재 가장 핫한 밈/챌린지 구조 해체 타겟별 공감 포인트 분석 및 키워드 도출 인스타그램 알고리즘의 이해 [Level 2] 카피 마스터 (3-5주차) '저장'과 '공유'를 부르는 후킹 문구 설계 캔바/망고보드 등을 활용한 텍스트 중심 디자인 숏폼 자막 및 카드뉴스 레이아웃 실습 [Level 3] 리얼 디플로이 (6-8주차) 실전 콘텐츠 발행 및 도달율 데이터 분석 나만의 '베스트 카피' 포트폴리오 정리 최종 프로젝트 결과물 아카이빙 ⚙️ FAQ Q1. 콘텐츠 제작 경험이 전혀 없어도 되나요? A1. 네, 가능합니다! 우리는 툴 숙련도보다 **'어떤 말을 던질 것인가'**에 집중합니다. 아이디어만 있다면 제작 방법은 운영진이 함께 도와드립니다. Q2. 활동 시간은 얼마나 소요되나요? A2. 주 1회 정기 모임을 기본으로 하며, 콘텐츠 제작은 일상 속에서 틈틈이 아이디어를 메모하는 방식으로 부담 없이 진행됩니다. Q3. 지원 시 가장 중요하게 보는 점은 무엇인가요? A3. 트렌드에 대한 관심과 열정입니다. 평소 SNS를 즐겨 보며 ""나라면 이렇게 써봤을 텐데""라고 한 번이라도 생각해 보셨다면 당신이 바로 메인 멤버입니다! [말케팅]에서 당신의 센스를 증명하세요!!"
312166,경북테크노파크,2026 경북 국제 AI·메타버스 영상 공모전 참가자를 모집합니다 !,,,,기타 | 상장 수여,"﻿ 경북 국제 AI·메타버스 영상제 (GAMFF 2026) AI 영상·게임·광고·숏폼 등 전 분야 공모 진행 중입니다! 🔥 총 상금 규모 대형 공모전 🌍 해외 출품 및 글로벌 노출 기회 🎥 수상작 상영 및 GV·네트워킹 프로그램 운영 💡 평소 제작하신 AI 영상이나, 공모전을 위해 새롭게 제작한 작품 모두 출품 가능합니다. ☞ 공모전 접수 및 자세한 내용 * 공모전 안내 : www.gamff.com * 접수마감 : 2026. 6. 30.(화) 23:59 (KST) 회원 여러분들의 많은 관심과 참여 부탁드립니다. 널리널리 홍보 부탁드립니다 ! 감사합니다. GAMFF 운영사무국 드림 ﻿"
312164,양정인력개발센터,★취업률100%연속달성★ 관광MICE 취업준비생 모집!(스펙+취업용 포트폴리오),,,,,"🎯 MICE 컨벤션·관광마케팅·기획 실무 취업준비생 모집 ● 모집개요 - 취업유망직종 관광MICE 분야로 취업하고 싶으신 분 환영! - 관광마케팅·컨벤션·여행상품 실무 교육 + 취업용 포트폴리오 제작 - 취준생·졸업예정자·졸업자 모두 적극 추천! ● 교육혜택 - 교육비 국비 지원 - 교육수당 매월 최대 80만원 제공 - 실무 스펙+취업용 포트폴리오 완성 - 교재 무상 제공(시중교재,NCS학습모듈) - 취업컨설팅 제공 ● 교육내용 - 국제회의/컨벤션기획 - MICE 운영실무 - 여행상품개발 - 관광관련법규 - 관광마케팅 등 ● 교육대상 - 취업을 희망하는 누구나 - 초보자/비전공자 가능 - 대학생의 경우, 졸업예정자 및 3학년 이상 휴학생 ● 교육일정 - 교육기간 : 4월 16일 개강 ~ 7월23일 - 교육시간 : 평일 09:10~17:40 - 교육장소 : 양정인력개발센터 ● 관광MICE 전문 교육기관 '양정인력개발센터' ✔관광·MICE·컨벤션 분야 특화 교육기관 ✔500명 이상 수료생의 실제 취업률과 취업처로 증명 ✔취업률 100% 연속 달성! 압도적인 취업 성과 ● 신청방법 양정인력개발센터 홈페이지 접수 (클릭) ● 교육문의 - 홈페이지: www.취업교육.com - 전화문의: 051-851-7887 - 위치: 지하철 1호선 양정역 버스정류장 바로 앞 ​ ​"
312163,네이버,[네이버] AI 검색 사용성 기준 수립 및 검색 경험 개선 체험형 인턴,INTERN,"AI 검색 사용성 기준 수립 및 검색 경험 개선 | 설문/통계/리서치 | 전문/특수직 | 콘텐츠/사이트운영 | IT/인터넷 | 조사분석 | 통계 | 리서치 | 시장조사 | e-러닝운영 | 게시판관리 | 사이트운영 | 쇼핑몰•오픈마켓 | 카페•블로그관리 | 컨텐츠운영 | 컨텐츠제작 | [필수] 경험을 중심으로 지원 동기를 소개해 주시고, 최근 관심 있게 보고 있는 기술 또는 산업 트렌드를 간략히 소개해 주세요. (기술 및 시장 트렌드에 대한 소개, 관심있게 본 까닭 등) | [필수] 지원 포지션과 관련된 자신의 대표적인 프로젝트를 소개해 주시되, 어떤 고민을 가지고 어떻게 협업하여 결과물을 만들어 냈는지 구체적으로 설명해 주세요. (지원자가 어떤 역할로 기여했고, 그 과정에서 얻은 인사이트를 포함해 주세요.) | [선택] 이력서 혹은 CV가 있는 경우 첨부해 주세요. * 채용과 무관한 개인정보(본인 사진, 연락처/이메일 주소, 거주지 주소, 결혼 여부, 가족 관계, 연봉 등)는 제외해 주세요. * 공개가 어려운 대외비, 영업비밀이 포함된 자료 등은 제외해 주세요. | [네이버] AI 검색 사용성 기준 수립 및 검색 경험 개선 체험형 인턴",,,"[네이버] AI 검색 사용성 기준 수립 및 검색 경험 개선 체험형 인턴 [What You'll Do] ﻿• 네이버 검색의 미래 비전인 AI 검색 경험(UX) 개선 프로젝트에 참여하여, 최적화된 사용 경험 정책 및 기준 정의 • 새로운 검색 경험의 디자인 Language 정책과 가이드라인 구축, 시각화를 통한 디자인 과정 참여 • 서비스 리서치 등의 과제 수행 [Required Skill] ﻿• 사용자 중심 사고를 바탕으로 Pain Point를 발굴하고 분석한 경험이 있으신 분 ﻿• 도출된 문제를 바탕으로 논리적인 UX/UI 개선안 제안이 가능하신 분 • 서비스의 문제 및 개선점을 명확하고 직관적인 UX/UI로 시각화하는 역량을 갖추신 분 • 다양한 통합검색, AI 검색 서비스에 대한 기초 지식 및 활용 경험이 있으신 분 [Preferred Skill] ﻿• 복잡한 논리나 추상적인 서비스 개념을 명확하고 직관적인 형태로 시각화하는 역량을 갖추신 분 ﻿• UX 가이드라인 도큐먼트(웹사이트 등)를 구축 및 관리해 본 경험이 있으신 분 • 생성형 AI 툴을 디자인 프로세스에 적극적으로 도입해 본 경험이 있으신 분"
312162,Delice Global,[미국인턴] Delice Global Quality Control (QC) Associate 인턴 채용,INTERN,,,,"[문의 및 지원하기] ▶ 홈페이지 : www.ghramerica.com ▶블로그 : https://blog.naver.com/usacoo ▶ 지원문의 : hmn@ghr.or.kr (자유양식의 영문이력서를 메일로 지원해 주시면 됩니다) ▶ 영문이력서가 없으신 경우 먼저 상담 신청해 주시면 되며, 상담 후 보내드리는 이력서 양식으로 작성하셔도 됩니다. ▶ 상담신청 : https://forms.gle/QSdD64YRS8kRqyri7 ▶ 카카오톡 ID : “ghrghr” 검색 후 문의"
312161,한국산업기술협회연수원,[한국산업기술협회연수원] (환급)전기설비 현장실무 및 유지보수(4/21~4/24) 교육생 모집,,,,,"안녕하세요. 한국산업기술협회연수원입니다. 「(환급)전기설비 현장실무 및 유지보수」과정 안내드립니다. 본 과정은 사업주위탁환급과정이니, 해당 여부에 대해 확인 부탁드립니다. ▶ 사업주위탁환급과정이란? ☞ 더 알아보기 전력계통 이해부터 수배전설비 최적 관리, 변압기·차단기 특성, 그리고 전기설비 예방점검까지 현장에 바로 적용할 수 있게 정리한 과정입니다. 📅 교육날짜 : 2026.04.21(화) ~ 04.24(금) 📍 교육장소 : 한국산업기술협회연수원(서울시 금천구) 👉 상세 내용은 포스터 이미지를 참고해주세요! 많은 관심과 참여 부탁드립니다 🙏"
312160,Alphasiqhts,[Alphasiqhts] 주요 고객사 프로젝트 담당자,NEW,,,,[Alphasiqhts] 주요 고객사 프로젝트 담당자 [담당업무] - 고객사 니즈 분석 및 해결책 제안 - 관련 산업 분석 및 리서치 - 프로젝트 운영 [모집기간] 03월 23일 ~ 04월 19일 [채용공고]
312157,사진 연합 동아리 휴지필름,서울 사진촬영/출사 연합동아리 휴지필름,,,,,"🎞️ 휴지필름: 한 장의 필름에 담는 나의 쉼(休) 매일 똑같이 지나가는 시간 속에서, 순간의 온기를 붙잡고 싶을 때가 있습니다. ‘휴지필름’은 특별한 결과보다는 순간의 감정, 나의 하루를 온전히 기록하는 공간입니다. 💖 활동 목표 - 일상을 기록하며 힐링하기: 스트레스를 잠시 잊고, 카메라를 통해 온전한 나만의 시간을 즐깁니다. - 새로운 시선 발견: 주변의 사소한 것들 속에서 아름다움을 찾아내고, 삶의 미학을 발견하는 훈련을 합니다. - 따뜻한 교류와 소통: 직접 찍은 사진과 그에 담긴 이야기를 나누며 서로에게 긍정적인 영향을 줍니다. - 나만의 사진첩 만들기: 한 학기 동안 쌓인 힐링 기록을 모아 '나만의 휴지필름'을 완성합니다. 🏞️ 주요 활동 * 테마별 힐링 출사: '집 가는 길', '생각이 많을 때 가는 장소', '마음이 편안해지는 곳' 등 매월 새로운 테마를 정해 함께 여유로운 출사를 나갑니다. * '오늘의 휴지필름' 공유: 각자 찍은 사진 중 가장 편안함을 주는 한 컷을 골라, 사진에 얽힌 짧은 글과 함께 동아리 채팅방에 공유하며 서로의 일상을 나눕니다. * 포토 다이어리 쓰기: 사진과 함께 그날의 감정을 기록하는 나만의 '포토 다이어리'를 작성합니다. 사진으로 일기를 쓰는 과정 자체가 훌륭한 힐링이 됩니다. * 사진 속 이야기 나누기: 매주 한 명씩 돌아가며 자신이 찍은 사진 한 장을 소개하고, 그 사진을 찍게 된 배경이나 사진에 담긴 의미 등을 자유롭게 이야기하는 시간을 갖습니다. 👥 이런 분들에게 추천해요! - 바쁜 일상에 지쳐 소확행이 필요한 분 - 사진을 취미로 시작하고 싶지만 부담이 있는 분 - 거창한 스펙보다 마음의 안정과 소소한 힐링을 찾는 분 - 휴대폰 카메라를 가지고 손가락이 있는 분! 📋 모집 정보 - 모집 인원: 16명 내외 선착순이 아닌 신청서를 통한 신중한 선발 - 모집 대상: 수도권 거주 대학생 및 휴학생 - 활동비: 월 2만원 (출사비, 간식비, 인화비 포함) - 활동 기간: 2026년 5월 ~ 8월 (4개월) - 주요 활동지: 홍대, 강남, 성수, 한남동, 북촌 등 서울 각지 📅 모집 일정 - 모집 기간: 2026년 4월 1일 ~ 2026년 4월 29일 (자정 마감) - 최종 발표: 2026년 4월 30일 (목) - 모집 프로세스 서류 검토 -> 서류합격(개별 연락) -> 대면면접 -> 최종 합격 📝 지원 방법 - 신청 폼: https://forms.gle/1fZPuxKMpGCSZF9M7 📞 문의사항 - 오픈카톡 : https://open.kakao.com/o/sHOzlWSh"
312156,코딩테스트 & 알고리즘 대학생 연합 동아리 1일 1커밋,코딩테스트 & 알고리즘 대학생 연합 동아리 1일 1커밋 모집 공고,,,,,"[1일 1커밋] 코딩테스트 & 알고리즘 대학생 연합 동아리 신입 부원 모집 ""혼자 하면 작심삼일, 함께하면 취뽀까지!"" [1일 1커밋]은 매일의 꾸준함으로 코딩테스트의 벽을 넘고, 함께 성장할 동료를 찾는 대학생 연합 동아리입니다. 텅 빈 깃허브 잔디를 함께 채워나갈 열정적인 부원을 기다립니다. 💻 주요 활동 내용 1일 1커밋 챌린지: 매일 코딩테스트 한 문제 풀이 및 GitHub 잔디 심기 인증 격주 정기 오프라인 모임: 핵심 알고리즘 코드 리뷰 및 효율적인 풀이법 공유 기술 네트워킹: 취업/인턴 정보 교류 및 현직자·취업 선배 초청 세션 (예정) 친목 활동: 번개 모임 및 개발 관련 정보 공유 등 동아리원 간 네트워킹 ✅ 모집 및 운영 안내 모집 대상: 서울·수도권 거주 20대 대학생 및 휴학생 (전공 무관) 모집 인원: 12명 활동 지역: 서울 주요 거점 스터디룸 및 카페 준비물: 개인 노트북, GitHub 계정, 그리고 꾸준히 참여할 의지! 💰 활동비 안내 (투명성 고지) 가입비: 10,000원 사용처: 1. 오프라인 모임 장소(스터디룸) 대관료 2. 우수 활동 부원 포상 및 이벤트 경품 3. 동아리 운영을 위한 유료 서비스 활용비 모든 회비 사용 내역은 매달 결산하여 투명하게 공개됩니다. 📅 지원 방법 및 일정 모집 기간: ~ 2026. 04. 27(월) 23:59까지 활동 기간: 2026. 04. 29(수) ~ (3개월 단위 운영, 연장 가능) 지원 링크: 모아폼 접수 https://moaform.com/q/aVIYtU"
312154,코스메카코리아,[코스메카코리아] 화장품 생산관리 담당자 모집,"NEW, EXPERIENCED","화장품 생산관리 | 화장품 | 화학/에너지/환경 | 연구개발/설계 | 생산관리 | 생산관리/공정관리/품질관리 | 생산/제조 | 1. 지원동기와 입사 후 회사에서 이루고 싶은 꿈은 무엇인가요? | 2. 지원한 직무를 위해 필요한 역량은 무엇이라고 생각하며, 이 역량을 갖추기 위한 노력이나 자신만의 특별한 경험을 작성해 주세요. | 3. 다른 지원자 대비 본인만의 '차별화된 강점'과 '보완해야 할 약점'에 대해 사례를 들어 구체적으로 기술해 주세요. | 경력사항과 보유기술에 대해 구체적으로 설명해주세요. | [코스메카코리아] 화장품 생산관리 담당자 모집",,,"[코스메카코리아] 화장품 생산관리 담당자 모집 [담당 업무] ㆍ 생산 계획 및 실적 관리 ㆍ 생산 지표 관리 및 생산성 분석 ㆍ 공정도 작성 및 공정개선 활동 [자격요건] ㆍ학력 : 학사 학위 졸업자 ㆍ경력 : 신입 ~ 5년 이하 ㆍ사원, 대리, 팀원급 ㆍ산업공학 또는 산업경영공학 관련학과 졸업자 우대사항 ㆍ인근 거주자, 지방 근무 가능자 ㆍ제조업 근무 경력자"
312153,탁구 연합 동아리 '탁구는 못말려',탁구 연합 동아리 '탁구는 못말려' 신입 부원 모집,,,,,"[수도권/연합] 탁구 동아리 '탁구는 못말려' 신입 부원 모집 (왕초보·몸치 환영!🏓) ""핑~퐁! 경쾌한 탁구 소리에 스트레스를 날려버릴 분들을 찾습니다!"" 운동은 하고 싶지만 너무 빡센 분위기는 부담스러우셨나요? 라켓을 처음 잡아보는 '탁린이'부터, 공 튀기는 소리만 들어도 설레는 분들까지! 실력보다는 '함께 웃으며 땀 흘리는 시간' 을 소중히 여기는 [탁구는 못말려] 에서 잊지 못할 1학기를 만들어봐요. 😊 🌀 [탁구는 못말려]만의 소소하고 확실한 행복 ""나만 못 치면 어떡하지?"" 걱정 NO! 실력과 성비를 고려해 조를 짜드려요. 소외되는 사람 없이 모두가 즐겁게 한 게임 할 수 있도록 운영진이 세심하게 챙겨드립니다. MVP는 못말려! 분기별로 실력 향상도가 높거나, 분위기 메이커인 분들께 소정의 시상을 진행해요. 실력자가 아니어도 누구나 주인공이 될 수 있습니다. 탁구 그 이상의 재미 정기 모임 후에는 맛집 탐방이나 번개 모임이 기다리고 있어요. 운동 후 먹는 밥이 제일 맛있는 거 아시죠? (번개 참여는 자유!) 📍 활동 안내 정기 모임 (선택 가능) 평일반 : 월, 수 중 19:00 ~ 21:00 주말반 : 토요일 16:00 ~ 18:00 활동 장소 : 홍대(하이탁구장), 신림(짱탁구장), 공덕(나루탁구클럽) 등 접근성 좋은 탁구장 활동 기간 : 2026. 05 ~ 2026. 08 (약 4개월) 💰 투명한 비용 안내 공통 회비 : 없음 참가비 : 개인별 당일 탁구장 이용료만 본인 부담 내역 : 저희 동아리는 운영진이 따로 회비를 걷지 않습니다. 정기 모임 시 발생하는 탁구장 대관료(본인 사용분)만 각자 결제하는 방식으로 투명하게 운영됩니다. ✅ 모집 및 지원 안내 모집 대상 : 수도권 대학 재/휴학생 중 탁구 소리만 들어도 신나는 분 누구나! 모집 인원 : 12명 모집 일정 서류 접수: 4. 1(수) ~ 4. 22(수) 면접 진행: 서류 합격자 대상 전화/대면 면접 (의지와 열정 위주로 편안하게 대화해요!) 최종 발표: 4. 24(금) 지원 방법 : https://forms.gle/RMT9wEDDsARF5ovg6 문의 사항 : https://open.kakao.com/o/sfHrUIxh 저희는 대학생들이 자치적으로 운영하는 순수 운동 동아리로, 정치·종교·영리 단체와 어떠한 관련도 없음을 명시합니다."
312152,스마일게이트,[스마일게이트] 스토브크루 서포터즈 3기 모집(~4/15),,,파워블로거/SNS | 사진/영상/디자인 툴,활동비 | 인턴쉽 기회,"■ 모집 대상 • 콘텐츠 크리에이터를 꿈꾸는 20대라면 누구나!​ (휴학생, 졸업생 포함, 이전 참가자 재 지원 가능) ​ ​ ■ 활동 및 혜택 ​ • 스토브 플랫폼 내 게임 콘텐츠 인플루언서로 활동 ​ • 활동비 및 각종 쿠폰 제공 ​ • 최우수자 및 우수자 대상, 인턴십(2인), 상금 혜택 제공 ​ • 국내 주요 게임 행사 방문 기회 및 스토브 신작 게임 체험​ ​ ■ 지원 자격 ​ • 20대 포함 전 연령층 대상, 콘텐츠에 특화된 크리에이터​ • 이전 스토브크루 참가자 재 지원 가능​ • 활동 기간에 오프라인(경기도 분당) 모임에 참여 가능하신 분 ​ • 활발한 SNS 활동 혹은 콘텐츠 결과물을 만들어 보신 분​ ■ 일정 • 모집 : 2026.04.01 (수) 11:00 ~ 04.15 (수) 10:00 • 1차합격: 04.28(화) • 2차면접: 05.06 (수) ~ 05.15 (금) <블라인드 면접> • 최종합격: 05.22 (금) • 킥오프 : 05.29 (금) 오프라인 미팅 *경기 성남시 • 활동 안내 : 06.01~12.31 (7개월 간) 온라인 활동 메인, 격월로 오프라인 미팅 예정 ■ 지원 방법 ​ • 스마일게이트 채용(Careers) 페이지에서 지원서 제출​ ​ ■ 제출 서류 ​ • 온라인 지원서 작성 (지원서 내 스토브 계정 입력 필수, 해당 계정으로 활동 시 각종 알림 예정) ​ • 본인 어필용 자유 양식 포트폴리오 ​ ​ [제출 서류 상세 안내] ​ ■ 공통 안내 ​ - 모든 첨부파일은 PDF로 제출해 주세요. ​ - 외부 링크는 연결이 원활하지 않을 수 있습니다. ​ 내용은 모두 제출 문서 내에 기재해 주세요. (e.g. Notion, Drive 등) ​ ​ ■ 제출 서류 ​ - 작성한 문서는 기타 첨부파일란에 개별 문서로 첨부해 주세요. ​ ​ [기타 안내] ​ - 모집이 종료되는 4월 15일(수) 오전 10시 이후에는 지원서 제출이 불가능합니다. ​ - 서류 합격자에 한해 면접 전형이 진행됩니다. (합격자에 한해 이후 일정 개별 안내) ​ - 스마일게이트 채용 공고에 이미 합격한 이력이 있으신 경우, 계정을 새로 생성하여 지원해 주시기 바랍니다. ​ - 스마일게이트는 그룹 내 다양성과 포용성 증진을 위해 장애인과 국가유공자 등 취업보호대상자를 ​ 관련 법령에 의거하여 우대합니다.​ - 기타 문의사항은 CAREERS 1:1문의하기 및 stovecrew@smilegate.com 으로 알려 주시기 바랍니다."
312150,한국디스플레이산업협회,디스플레이 아카데미 서포터즈 1기 모집,,,,,🎬 디스플레이 아카데미 서포터즈 1기 모집 (~4/17) 💡 홍보 콘텐츠 만들면서 스펙 + 활동비 + 해외 전시까지? 디스플레이 산업 관심 있다면 무조건 주목! 👀 이런 사람이라면 추천! 콘텐츠 만드는 거 좋아하는 사람 (블로그 / 카드뉴스 / 영상 등) 디스플레이·IT·반도체 분야 관심 있는 사람 취업 정보 + 산업 트렌드 빠르게 얻고 싶은 사람 SNS 운영 중인 대학생 / 취준생 📌 모집 개요 모집기간 : 2026.03.31 ~ 04.17 활동기간 : 2026.04.30 ~ 09.30 (약 5개월) 모집인원 : 10명 내외 🧑‍💻 지원 자격 SNS 채널 1개 이상 운영 (블로그 or 인스타 등) 디스플레이 산업에 관심 있는 대학생 / 예비취업자 ✔ 우대 아카데미 수강/수료 경험 SNS 활발한 운영 영상·디자인 툴 사용 가능 ✍️ 활동 내용 👉 아래 주제로 콘텐츠 제작 (총 3건 이상) 디스플레이 산업 소개 & 전망 디스플레이 아카데미 교육 후기/정보 취업지원 행사 & 프로그램 홍보 📌 형식 자유 → 카드뉴스 / 블로그 / 브이로그 / 웹툰 등 가능 📌 업로드 → 개인 SNS + 공식 채널 활용 💰 활동 혜택 (🔥핵심) 💸 월 활동비 20만원 (총 100만원) 🎓 교육 & 취업행사 우선 참여 기회 ✈️ 우수 활동자 해외 전시 참관 (전액 지원) 🏆 우수자 상장 및 상금 👉 단순 서포터즈가 아니라 “경험 + 실적 + 보상” 다 챙기는 활동 📅 활동 흐름 4월 : 합격자 발표 & 발대식 5~8월 : 콘텐츠 제작 + 월 1회 온라인 회의 9월 : 최종 콘텐츠 제출 & 성과 발표 11월 : 우수자 시상 & 해단식 📝 지원 방법 1️⃣ 신청서 작성 2️⃣ 사전과제 제출 (콘텐츠 1건 제작) 👉 이메일 제출 🎯 선발 포인트 SNS 영향력 & 활동량 콘텐츠 제작 경험 사전과제 퀄리티 지원 동기 & 활동 의지 📢 이런 점이 좋아요 ✔ 콘텐츠 실적을 실제 기관 홍보에 활용 ✔ 산업 이해 + 취업 정보 동시에 얻기 ✔ 활동비 + 해외 기회까지 있는 “꿀 서포터즈” 📩 문의 한국디스플레이산업협회 📧 jyj@kdia.org 📞 02-3014-5733 📝 지원 하단 링크 클릭 후 신청서 양식 다운로드 및 이메일 접수 https://www.kdia.org/bbs/bbsView.jsp?mgrId=1&bbsId=17549&cPage=1&cBlck=1&srchItem=ALL&srchWord= 🔥 콘텐츠 만들 줄 아는 사람 = 이미 반은 합격 느낌 👉 관심 있으면 이번 기회 꼭 잡아봐!
312149,주식회사 메타툰,[메타툰] 여성향 단편 노블코믹스 작화 모집 공모전,,,,기타,"2026 2ND 메타툰 여성향 성인 단편 노블코믹스 작화 모집 공모전 안녕하세요. 메타툰 스튜디오입니다. 2026년 4월 여 성향 성인 단편 노블코믹스 작가님(작화) 모집을 위한 공모전을 오픈하였습니다. 2026년 5월 17일 종료되는 공모에 작가님들의 많은 관심과 성원 부탁드리며, 2026년 봄도 따뜻하고 행복한 계절 보내시길 바랍니다 :) ■ 공모전 : https://www.metatoon.co.kr/fair ■ 지원 기간 : 2026년 4월 1일(월) 0시 ~ 2026년 5월 17일(일) 24시 마감 ■ 당선 발표 : 접수 즉시 순차 검토 & 상시 발표 - 개별 연락 발표하며, 다음 회차 시 전체 공지 발표합니다. ■ 모집 부문 : 여성향 성인 단편 노블코믹스 작화 / 로맨스 로판(동양·서양) BL - 완결 기준 5~8화 분량. ■ 지원 자격 : 만 19세 이상 성인 - 신인&기성 작가님 누구나 ■ 제출 서류 : ① 메타툰에서 제공하는 그림 콘티를 기반으로 제작한 원고 - 원고 분량: 선화·채색·후보정을 포함한 15컷 완성 원고 (JPG) - 배경 및 식자 작업 자율 (미작업 제출 가능) - 원고 규격: 해상도 300DPI, 가로 1500px, 세로 무관, 컷 간격 무관 - 스토리 창작이 아닌, 상기 그림 콘티 기반 작화 완성입니다. - 모든 캐릭터의 외관은 자율 설정이 가능합니다. - 복수 작품 및 팀 지원이 가능합니다. ② 메타툰 공모전 참가 신청서 ※ 아래 메타툰 공모전 페이지에서 장르 별 그림 콘티와 공모전 참가 신청서 양식을 다운 받을 수 있습니다. https://metatoon.co.kr/fair ■ 접수 방법 : 제출 서류를 압축하여 접수 메일로 제출 - 접수 메일 metatoon@metatoon.co.kr - 문의 메일 surimhi@metatoon.co.kr ■ 당선 고료 안내 및 혜택 (3명) ① 고료: MG+RS - 선MG: 6,500,000원 / 5편 - RS: 10~20% - MG와 RS는 확정 완결 분량 및 담당 파트에 따라 최종 협의합니다. ② 혜택: 메이저 플랫폼 정식 연재 데뷔 ■ 참가 혜택 (전원) - 투썸플레이스 떠먹는 화이트 스초생 - 공모전 참여 작가님께 기프티콘 100% 증정 ■ 유의사항 - 당선은 개별 연락 안내하며, 다음 회차 시 전체 공지 발표합니다. - MG와 RS는 확정 완결 분량 및 담당 파트(콘티·선화·채색 등)에 따라 최종 협의합니다. - MG는 검수 완료 시 회차 별로 지급합니다. - 당선 후 제작하는 웹툰의 지식 재산권은 대금 지급 완료 시점에 스튜디오가 귀속합니다. - 2인 이상 팀 응모 시, 참가 혜택 증정 개수는 1개입니다. - 참가 혜택은 공모전 종료 후 지원하신 연락처로 일괄 지급하며, 완성 원고 기준에 미달하는 경우 제외할 수 있습니다.(미채색 등) - 심사 기준에 미달하는 경우 당선작이 없을 수 있습니다."
312148,LS일렉트릭,[LS일렉트릭] 2026년 청주사업장 현장 기사직(생산) 보훈제한경쟁 채용연계형 인턴 채용,INTERN,"현장 기사직 | 기계 | 자동차/조선/기계 | 연구개발/설계 | 전기/전기설비 | 전기/전자/제어 | CAD | 기계설계/CAD/CAM | 기계설계 | LS ELECTRIC에 지원한 동기를 구체적으로 기술하여 주시기 바랍니다. (최소 300자, 최대 1,000자 입력가능) | 희망하는 직무를 수행함에 있어 필요한 역량과 이 역량을 갖추기 위한 노력 또는 경험을 기술하여 주시기 바랍니다. (최소 300자, 최대 1,000자 입력가능) | 본인의 장점과 단점을 기술하여 주시기 바랍니다. (최소 300자, 최대 1,000자 입력가능) | 도전적인 목표를 세우고 이를 달성하기 위해 노력했던 사례와 결과를 구체적으로 기재해 주시기 바랍니다. (최소 300자, 최대 1,000자 입력가능) | [LS일렉트릭] 2026년 청주사업장 현장 기사직(생산) 보훈제한경쟁 채용연계형 인턴 채용",,,"[LS일렉트릭] 2026년 청주사업장 현장 기사직(생산) 보훈제한경쟁 채용연계형 인턴 채용 [모집분야] - 현장 기사직 [지원 자격] · 지원 가능 학력 : 고등학교 졸업 이상 · ’26년 5월부터 인턴 근무 가능한 자 · 모집 요강의 자격요건을 충족하는 자 · 병역필 또는 면제자로 해외여행에 결격사유가 없는 자 · 동일 기간 내 LS ELECTRIC E1 분야 채용 공고와 중복 지원 불가능 · 채용 관련 문의사항은 채용 담당자 이메일(dmshin@ls-electric.com)로 문의 [기타 사항] · 취업보호 대상자(보훈 대상자/장애인)는 관련 법규 등에 의거하여 우대 · 입사 지원 서류에 허위 사실이 발견될 경우, 채용 확정 이후라도 채용 취소 가능 · 인턴기간(12주) 후 평가 및 최종 면접 결과에 따라 채용 연계 · 인턴 배치 직무는 전형 과정 중 변경될 수 있음"
312147,안양청년1번가,<ANY TALK> 청년매니저와 나누는 1:1 고민토크 참여자 모집,,,,,"<ANY TALK> 청년매니저와 나누는 1:1 고민토크 참여자 모집 평소 혼자 앓는 고민이 있나요? 청년을 위한 청책 서비스는 많다고 하는데, 절차가 너무 복잡하게 느껴지나요? 청년 매니저와 차 한잔 하면서 나에게 꼭 맞는 정책정보 전달받고, 간단하게 실행계획도 세워보아요! 🗓 운영 일정 - 일시: 매주 화, 수 선택 가능 (10:00~12:00 / 14:00~17:00 / 18:00~20:00) - 장소: 안양청년1번가 B1층 마인드룸 👥 모집 안내 - 대상: 19~39세 청년 - 인원: 10명 - 비용: 무료 (무단 지각 및 불참 시 추후 공간 프로그램 참여 제한) ⏰ 모집 기간 - 상시모집 (선착순 마감) 📲 신청 방법 - QR코드 스캔 또는 링크(https://forms.gle/PUt2iBKHA6RvgA3P9)접속 후 신청 📩 선정자 안내 - 신청폼 제출 후 3일 이내 개별 연락 🎁 참여 혜택 - 정책 정보 및 간단한 다과 제공 ⚠️ 유의사항 - 1회 50분 진행 - 중복 참여 불가 ☎️ 문의 - 070-4131-5284 (평일 10:00~19:00)"
312146,중앙대학교병원,[중앙대학교병원] 중앙대학교의료원(서울병원) 부대사업팀 조리원(계약직) 모집 (2026.03-3),CONTRACT,조리원 | 요리사 | 요리/영양/제과제빵/바리스타 | 서비스 | · 성장과정 | · 본인의 장단점 | · 지원동기 및 포부 | · 기타 (경력사항등) | [중앙대학교병원] 중앙대학교의료원(서울병원) 부대사업팀 조리원(계약직) 모집 (2026.03-3),,,[중앙대학교병원] 중앙대학교의료원(서울병원) 부대사업팀 조리원(계약직) 모집 (2026.03-3) [주요 업무] - 장례식장 빈소 음식류 주문 및 조리 - 식자재 운반 및 전처리 [직무역량] - 고객지향 - 정확한 일처리 - 신속한 대응 - 팀워크 - 실행력 [필수사항] - 조리업무가 가능하신 분 [우대사항] - 장례식장 조리실 경험을 보유하신 분 [공통자격] - 본원 인사규정 상 결격사유에 해당하지 않는 자 - 해외여행 결격사유가 없는 자 - 남성의 경우 병역필 또는 면제자
312145,파이썬 입문 동아리 찍먹파,"""코딩, 부먹 말고 찍먹부터!"" 파이썬 입문 동아리 '찍먹파' 부원 모집",,,,,"[IT/코딩] ""코딩, 부먹 말고 찍먹부터!"" 파이썬 입문 동아리 '찍먹파' 부원 모집 🥣 “파이썬? 그게 뱀인가요? 먹는 건가요? 🤔” 요즘 여기저기서 코딩 코딩 하는데, 막상 시작하려니 두렵고 유료 강의는 돈 아까울 것 같아 망설였던 '파린이'들을 찾습니다! 저희 [찍먹파]는 무거운 전공 서적 대신 가벼운 노트북 한 대와 '한 번 해볼까?' 하는 호기심만 있으면 충분합니다. 컴공과 전공생들이 멘토가 되어, 여러분이 코딩이라는 세계에 발가락만 살짝 담가보실 수 있게 도와드릴게요! 🥢 🥢 이런 분들이라면 '찍먹'하러 오세요! 코딩? 해보고는 싶은데 1분 만에 포기할까 봐 독학이 겁나는 분 ""난 수포자인데..."" 하며 프로그래밍과는 담쌓고 지내온 비전공자 딱딱한 학원 강의 말고, 카페에서 도란도란 모여서 '진짜 쓸모 있는' 것만 배우고 싶은 분 내 손으로 직접 그래프 하나 그려보고 ""오! 내가 했다!"" 하고 싶은 분 📈 찍먹파의 유연한 10주 커리큘럼 단계 주제 활동 포인트 1~3주차 세팅 및 기초 환경 설정부터 데이터 입출력까지 '코딩 맛보기' 4~6주차 핵심 로직 직접 계산기 만들고, 공공데이터로 그래프 그려보기 7~10주차 실전 스크래핑 웹에서 데이터 긁어오기 + 나만의 자동화 프로젝트 완성 시험 기간에는 센스 있게 휴강하거나 스케줄을 조율하는 유연한 운영! 📍 활동 상세 안내 일정 : 2026. 05 ~ 2026. 09 (약 4개월) / 주 1회 1시간~1시간 30분 모임 장소 : 강남, 신촌, 홍대, 서울대입구 등 접근성 좋은 카페 또는 스터디룸 방식 : 4~6명씩 한 조로 구성, 운영진 멘토가 각 조에 붙어 밀착 케어! 준비물 : 개인 노트북 (필수!) 💰 비용 안내 회비 : 없음 운영 방식 : 본 모임은 영리 목적의 클래스가 아닌 순수 대학생 스터디입니다. 개인 비용 : 모임 시 발생하는 스터디룸 대여료나 카페 음료비만 각자 1/N 으로 지불합니다. 운영진은 어떠한 명목의 수익도 취하지 않습니다. ✅ 모집 및 지원 모집 기간 : 2026. 04. 01(수) ~ 04. 24(금) 모집 인원 : 8명 (면접 후 선발) 지원 방법 : 온라인 지원서 작성하기 문의 사항 : 오픈카톡 상담방 바로가기 본 모임은 컴공 전공생들이 지식 나눔을 위해 자치적으로 운영하며, 정치/종교/시민단체와 어떠한 관련도 없음을 밝힙니다."
312144,[수도권 연합] 봉사 동아리 호치케스,[수도권 연합] 봉사 동아리 ‘호치케스’ 2026 상반기 신입 단원 추가 모집,,,,,"[수도권 연합] 봉사 동아리 ‘호치케스’ 2026 상반기 신입 단원 추가 모집 📎 ""흩어진 종이들을 하나로 묶어주는 호치케스처럼, 우리의 작은 마음들을 모아 세상을 더 단단하게 연결할 수 있을까요?"" 안녕하세요! 각기 다른 전공과 일상을 가진 대학생들이 모여, 우리 주변의 빈틈을 따뜻한 온기로 채워가는 연합 봉사 동아리 [호치케스] 입니다. 단순히 '시간 채우기용' 봉사가 아니라, 누군가의 일상에 실질적인 변화를 선물하고 싶은 분들, 그리고 그 과정에서 나 자신의 성장을 경험하고 싶은 분들을 기다립니다. 🌱 우리가 함께 걸어갈 세 가지 길 (트랙 안내) 호치케스는 여러분의 관심사에 따라 가장 잘할 수 있는 봉사를 직접 선택할 수 있습니다. 📚 교육 봉사 [연결고리] ""지식의 나눔이 아이들의 꿈이 됩니다."" 초중고 멘토링부터 다문화 가정 한국어 교육, 어르신들을 위한 스마트폰 활용 교육까지! 가르치는 즐거움을 아는 분들과 함께합니다. 🌍 환경 보호 [그린클립] ""지구가 조금 더 숨 쉬기 편해지도록."" 한강 플로깅부터 대학가 제로웨이스트 캠페인, 도시 농업 프로젝트까지! 실천하는 환경 활동에 진심인 분들을 찾습니다. 🤝 사회 복지 [돌봄링크] ""곁에 있다는 것만으로도 힘이 되는 존재."" 독거 어르신 말벗 서비스, 유기 동물 보호소 봉사, 장애인 문화 활동 지원 등 소통과 공감의 가치를 실천합니다. ✨ 호치케스 단원이 되면 얻게 되는 것들 공식 인증의 신뢰 : 1365 봉사 시간 인증 및 정식 활동 확인서 발급으로 취업과 입시를 든든하게 지원합니다. 성장의 경험 : 봉사 기획부터 프로젝트 리더까지, 주도적으로 활동하며 커뮤니케이션 역량을 키웁니다. 따뜻한 인연 : 서울·수도권의 다양한 학교 친구들과 만나 '봉사'라는 공통의 가치로 끈끈하게 연결됩니다. 우수 활동 시상 : 한 학기를 빛낸 단원에게는 시상 및 수료증을 통해 감사의 마음을 전합니다. 📍 모집 및 활동 상세 누구와 함께하나요? : 서울/수도권 소재 대학 재학생 및 휴학생 (전공·나이 무관!) 언제 모집하나요? : 2026. 04. 01 ~ 2026. 04. 29 언제 활동하나요? : 2026. 05 ~ 2026. 10 (약 6개월간, 격주 1회 정기 활동) 어디서 만나나요? : 활동별 특성에 맞춰 서울/수도권 인근 현장 및 모임 공간 💰 운영비(회비) 안내 월 회비 : 10,000원 회비 사용처 : 아이들을 위한 교구 및 학습 자료 구매비 환경 정화용 소모품(집게, 장갑, 봉투 등) 구매비 봉사 대상자(어르신, 아이들)를 위한 소정의 간식 및 기념품비 모든 회비는 전액 활동 운영비 로만 사용되며, 운영진은 영수증이 포함된 결산 내역을 매달 단원들에게 투명하게 공유하여 상업적 목적이 없음을 약속드립니다. 📝 지원하는 방법 온라인 지원서 제출 : 구글 폼 바로가기 대면 면접 : 서류 합격자분들과 따뜻한 차 한 잔 마시며 편안하게 대화 나누는 시간을 가집니다. 💬 더 궁금한 점이 있다면? 언제든 [호치케스 오픈채팅방] 을 통해 말을 걸어주세요! 저희 동아리는 대학생들이 자치적으로 운영하며, 특정 종교나 정치 단체와는 무관한 순수 봉사 모임입니다."
312143,기아,[기아] 2026 상반기 신입 채용,NEW,"특수사업 개발 설계 | ERP/시스템개발/설계 | IT/인터넷 | CTO | DevOps / 시스템 관리자 | 시스템엔지니어(SE) | 임베디드 개발자 | 블록체인 플랫폼 엔지니어 | 하드웨어 엔지니어 | 웹개발 | 응용프로그램개발 | 네트워크/서버/보안 | DBA/데이터베이스 | 콘텐츠/사이트운영 | 웹기획/PM/웹마케팅 | HTML/퍼블리싱/UI개발 | QA | 게임 | · 1. 기아 설계 직무에 지원하게 된 계기와 관련 경험을 본인의 강점에 기반하여 구체적으로 서술해 주십시오. | · 2. 과거 프로젝트 또는 업무 수행 경험 중 팀과 협력하여 문제를 해결했던 사례를 구체적으로 서술해주세요. 또한, 이를 통해 당사에 기여할 수 있는 점에 대하여 서술해 주십시오. | · 3. 기아 미래 모빌리티 개발 방향에 대해 본인이 갖는 생각과 그에 기여할 수 있는 본인만의 역량을 서술해 주십시오. | · 4. 기아의 가치와 행동(기아 탤런트 라운지 내 Culture 페이지 참고) 중 한 가지를 선택해, 관련된 본인의 경험/사례를 소개해 주십시오. (기아의 가치와 행동 : 사람을 생각합니다 / 함께, 더 멀리 나아갑니다 / 서로에게 힘을 실어줍니다 / 과감히 한계에 도전합니다 / 어제보다 더 나은 오늘을 추구합니다) | [기아] 2026 상반기 신입 채용 | 재경 | 재무/세무/IR | 경영/사무 | 회계 | 재무 | 세무 | IR | 회계감사 | 예산관리 | 기획/전략/경영 | 사무/총무/법무 | 인사/노무/교육 | 경리/회계/결산 | 사무보조/문서작성 | · 1. 재경본부에 지원하게 된 동기 및 일원으로서 이루고 싶은 목표를 서술해 주십시오. | · 2. 지원직무와 관련한 지원자의 경험과 역량을 구체적으로 서술해 주십시오. | · 3. 도전적인 목표를 세우고 이를 달성하기 위해 노력했던 경험에 대해 서술해 주십시오. | · 4. 기아의 가치와 행동(기아 탤런트 라운지 내 Culture 페이지 참고) 중 한 가지를 선택해, 관련된 본인의 경험/사례를 소개해 주십시오. (기아의 가치와 행동 : 사람을 생각합니다 / 함께, 더 멀리 나아갑니다 / 서로에게 힘을 실어줍니다 / 과감히 한계에 도전합니다 / 어제보다 더 나은 오늘을 추구합니다 | 노사 기획 및 커뮤니케이션 | 인사 | 노무 | 채용/면접 | 교육기획 | · 1. 기아에 지원한 동기와 희망 직무를 수행하며 이루고 싶은 목표를 서술해 주십시오. | · 2. 희망 직무에 대해 본인이 갖추고 있는 강점을 구체적인 경험을 바탕으로 서술해 주십시오. | · 3. 기아의 가치와 행동(기아 탤런트 라운지 내 Culture 페이지 참고) 중 한 가지를 선택해, 관련된 본인의 경험/사례를 소개해 주십시오. (기아의 가치와 행동 : 사람을 생각합니다 / 함께, 더 멀리 나아갑니다 / 서로에게 힘을 실어줍니다 / 과감히 한계에 도전합니다 / 어제보다 더 나은 오늘을 추구합니다)",,,"[기아] 2026 상반기 신입 채용 [모집분야] - 공고 이미지 참조 [모집기간] - 4월 1일(수) 11시 ~ 4월 13일(월) 11시까지 [지원자격] · 2026년 8월 졸업 예정 또는 기졸업자이신 분(학사 또는 석사 학위) · 해외여행 또는 비자 발급 요건에 결격 사유가 없으신 분 · 남성의 경우, 2026년 7월 31일 기준 병역 필 또는 면제되신 분 · TOEIC Speaking 또는 OPIC 성적을 보유하신 분(2026. 4. 13. 기준 유효한 성적) · 국내·해외대상 전체 해당 [합류여정] - 지원서 접수 → 역량검사/서류전형 → 1차 면접 → 2차 면접 → 채용검진 → 최종합격 - 일부 IT 직무의 경우 코딩테스트가 진행될 예정입니다."
312142,한국산업기술협회연수원,[한국산업기술협회연수원] 비전공자를 위한 전기전자 실무(부산경남) (4/29) 교육생 모집,,,,,"안녕하세요. 한국산업기술협회연수원입니다. 「비전공자를 위한 전기전자 실무」 교육 안내드립니다. 전압·전류·전력 같은 기본 개념부터 도체/반도체/절연체, 교류·직류, 전기 기초(스위치·분전반·제어반) 전자 기초(PCB, 저항/코일/커패시터, 다이오드·트랜지스터·MOSFET)까지 하루에 핵심만 실무 기준으로 정리하는 과정입니다. ( 부산에서 진행 예정! ) 📅 교육날짜 : 2026.04.29(수) 📍 교육장소 : 부산역 인근 강의장 (추후 안내) 👉 상세 내용은 포스터 이미지를 참고해주세요! 많은 관심과 참여 부탁드립니다 🙏"
312141,대전광역시 공공보건의료지원단,2026년 대전광역시 공공보건의료지원단 서포터즈 모집,,,파워블로거/SNS | 사진/영상/디자인 툴 | 콘텐츠 기획/제작 경험,수료증 및 인증서 | 봉사활동시간,"[2026 년 대전광역시 공공보건의료지원단 서포터즈 모집 ] 📅 모집 기간 및 결과 발표 - 모집 기간 : 2026 년 4 월 6 일 ( 월 ) ~ 4 월 19 일 ( 일 ) - 결과 발표 : 2026 년 4 월 22 일 ( 수 ) ※ 합격자 개별 연락 🙋 모집 대상 - 모집 인원 : 10 명 - 지원 자격 : 대전에 거주하는 만 19 세 ~39 세 청년 ▶ 공공보건의료에 관심과 열정이 넘치는 분 ▶ SNS 활용 및 콘텐츠 ( 카드뉴스 , 영상 등 ) 제작에 자신있는 분 ▶ ( 우대 ) 대외활동 ( 서포터즈 , 기자단 등 ) 유경험자 ▶ ( 우대 ) 보건의료 관련 학과 전공자 📝 활동 내용 - 활동 기간 : 2026 년 5 월 ~ 12 월 (8 개월 ) - 지원단 성과 홍보 콘텐츠 기획 및 제작 및 개인 SNS( 유튜브 , 인스타그램 , 블로그 ) 업로드 ( 월 1 회 ) ※ 기본 홍보 자료 제공 - 발대식 : 2026 년 5 월 7 일 ( 목 ) ( 비대면 / 필수 참석 ) 🎁 활동 혜택 - 수료증 발급 : 콘텐츠 6 회 이상 제출 및 대면 행사 1 회 이상 참여 시 - 봉사시간 인정 : 월별 활동 완료 시 월 8 시간 인정 - 우수 서포터즈 선정 : 기관 표창장 및 부상 수여 📩 지원 방법 - 서류 접수 : QR 코드 접속 또는 홈페이지 (djpi.or.kr) 에서 지원서 다운로드 - 이메일 제출 : djpi20@djpi.or.kr - 제출 서류 : 신청서 , 개인정보 활용 동의서 각 1 부 - 파일명 규정 : DJPI 서포터즈 _ 이름 _ 생년월일 ( 예 : DJPI 서포터즈 _ 홍길동 _000101) 💡 유의 사항 - 신청서에 작성한 내용이 사실과 다르거나 허위로 작성된 경우 , 위조 · 변조한 사실이 발견된 경우에는 합격이 취소될 수 있습니다 . - 선발 기준은 내부 기준에 따라 운영되며 별도로 공개되지 않습니다 . 📞 문의처 - 전화 : 070-8832-8550, 070-8832-8548 - 이메일 : djpi20@djpi.or.kr"
312140,(주)그린프로그커뮤니케이션즈,[해양수산부] 제4기 수산물 위생·안전 국민소통단 모집,,,파워블로거/SNS | 사진/영상/디자인 툴 | 취재/인터뷰/기사 경험 | 콘텐츠 기획/제작 경험,활동비 | 행사 참여,"제 4 기 수산물 위생 · 안전 국민소통단 모집 우리 수산물 ! 맛있게 즐기면서도 , 위생과 안전이 조금은 궁금하셨던 분이라면 주목 ! “ 이거 정말 안전한 걸까 ?” 한 번쯤 가져봤던 그 궁금증 , 국민소통단이 되면 현장에서 직접 답을 찾을 수 있습니다 . 국민의 시선으로 보고 , 국민에게 전달하는 특별한 기회 ! 더욱 강력해진 팀 미션과 함께 현장 점검부터 콘텐츠 제작까지 ! 단순 참여를 넘어 ‘ 직접 알리는 경험 ’ 이 기다립니다 . 우리 모두의 건강한 먹거리 , 안전한 수산물 정책 홍보를 위해 함께해 주세요 ! 2026.4.1.( 수 ) 부터 4.14.( 화 ) 까지 제 4 기 수산물 위생안전 국민소통단 모집이 진행되니 여러분의 많은 관심과 지원 부탁드립니다 . ● 모집 대상 - 수산물 먹거리 안전에 관심있고 , SNS 계정을 보유한 19 세 이상 대한민국 거주자 (50 명 ) * 정책현장 점검 등을 위해 성인에 한해 지원 가능합니다 . ● 모집분야 - 영상 콘텐츠 제작 분야 - 이미지 콘텐츠 제작 분야 - 기사 작성 및 사진 촬영 분야 ● 우대사항 - 정책홍보 유경험자 · 다양한 SNS 채널 운영 경험자 - 온 · 오프라인 콘텐츠 제작 전문가 - 우리 수산물의 위생 · 안전에 관심이 많은 분 ● 활동내용 - 수산물 HQ 의 이해를 높이는 홍보 콘텐츠 제작 - 수산물 위생 · 안전 정책 관련 정책현장 탐방 및 간담회 - 수산물 위생 · 안전 정책 콘텐츠 제작 및 확산을 위한 SNS 활동 등 - 안전한 우리 수산물을 홍보하는 팀 공모전 진행 ● 활동혜택 - 국민소통단 위촉장 수여 - 소정의 활동비 지급 - 매월 우수 콘텐츠 선정 및 인센티브 지급 - 팀 미션 활동 우수팀 시상 - 우수팀에 한하여 인플루언서 협업 기회 제공 ● 응모일정 - 서류접수기간 : 4 월 1 일 ( 수 ) ∼ 4 월 14 일 ( 화 ) - 서류합격자 발표 : 4 월 16 일 ( 목 ) - 온라인 면접일정 : 4 월 17 일 ( 금 ) ~ 4 월 20 일 ( 월 ) - 최종합격자 발표 : 4 월 21 일 ( 화 ) ※ 합격자 대상 개별 안내 메시지 발송 - 활동기간 : 2026 년 4 월 ∼ 2026 년 11 월 (8 개월 ) ● 접수방법 - 원서접수 : https://naver.me/GrgAXz77 ( 네이버폼 접수 ) ● 문의사항 - 국민소통단 운영본부 (T.02-6952-9870, jjch787@naver.com)"
312139,SM엔터테인먼트,[SM엔터테인먼트] Creative Visual 담당자 채용 (신입/경력),"NEW, EXPERIENCED",Creative Visual 담당자 | 광고/시각디자인 | 디자인 | 출판/편집디자인 | 제품/산업디자인 | 시각디자인 | 광고디자인 | 디지털디자인 | 영상디자인 | 포스터디자인 | 편집디자인 | 카탈로그편집 | 북디자인 | 삽화/일러스트 | 제품디자인 | 산업디자인 | 패키지디자인 | 포장디자인 | 가구디자인 | 그래픽디자인/CG | 캐릭터/만화/애니 | 의류/패션/잡화디자인 | 전시/공간디자인 | 디자인기타 | 자유양식 입니다. | [SM엔터테인먼트] Creative Visual 담당자 채용 (신입/경력),,,"[SM엔터테인먼트] Creative Visual 담당자 채용 (신입/경력) [담당 업무] ​이런 업무를 담당해요 • 앨범 ​크리에이티브 ​컨셉 기획 ​및 제작 • 앨범 ​프로모션 컨텐츠 ​기획 ​및 제작 • ​앨범 ​키 ​비주얼 기획 및 ​디자인 ​(인쇄 실무) • 앨범 ​자켓 ​기획 ​및 촬영 어레인지먼트 [필요 ​요건] 이런 ​분을 ​찾고 있어요 • ​학사 이상의 ​학위를 ​소지한 분 (디자인 ​전공자) • 포토샵, ​일러스트와 같은 어도비 툴 활용이 능숙한 분 • MAC 사용이 가능한 분 • 직무 역량을 보여줄 수 있는 포트폴리오 제출이 가능한 분 (pdf) * 포트폴리오 제출 시 각 프로젝트에 대한 참여 역할과 비율 필수 기재 [우대 요건] 이런 분은 우대해요 • 영어 커뮤니케이션 역량을 보유한 분 • 편집 디자인 및 인쇄 업무(감리) 경험이 있으신 분 • 3D 프로그램 툴 활용이 익숙한 분"
312137,SM엔터테인먼트,[SM엔터테인먼트] M/V 담당자 채용 (신입/경력),"NEW, EXPERIENCED",M/V 담당자 | 영상/사진/촬영 | 미디어 | 콘텐츠/사이트운영 | IT/인터넷 | 영상기사 | 사진촬영기사 | 방송송출/송신 | e-러닝운영 | 게시판관리 | 사이트운영 | 쇼핑몰•오픈마켓 | 카페•블로그관리 | 컨텐츠운영 | 컨텐츠제작 | 감독/연출/PD | 광고제작/카피/CF | 진행/아나운서/성우/기자 | 작가/시나리오 | 공연/엔터테인먼트 | 인쇄/출판/편집 | 영화/배급 | 음악/음향 | 웹개발 | 응용프로그램개발 | ERP/시스템개발/설계 | 네트워크/서버/보안 | DBA/데이터베이스 | 웹기획/PM/웹마케팅 | HTML/퍼블리싱/UI개발 | QA | 게임 | 자유양식 입니다. | [SM엔터테인먼트] M/V 담당자 채용 (신입/경력),,,"[SM엔터테인먼트] M/V 담당자 채용 (신입/경력) [담당 업무] ​이런 업무를 담당해요 • 앨범 ​영상 ​프로모션 기획 ​및 제작 (뮤직비디오 ​및 프로모션 ​영상 ​콘텐츠) • 신규 ​프로젝트 ​프로모션 ​및 콘텐츠 개발 • ​프로덕션 ​어레인지 [필요 요건] 이런 ​분을 ​찾고 ​있어요 • 신입 또는 ​5년 이하의 ​업무 ​경력이 있는 ​분 (영상 ​연출, ​기획, 편집 등) • ​학사 이상의 ​학위를 소지한 분 • 창의적이고 도전적인 콘텐츠 기획 아이디어가 많은 분 • 원활한 커뮤니케이션 스킬과 새로운 상황에 대한 유연한 대처 능력을 갖춘 분 ※ 포트폴리오 첨부 필수 (자유 양식 / 본인 참여도 70% 이하의 작업물 제외) [우대 요건] 이런 분은 우대해요 • 영상 및 디자인 관련 전공인 분 • 음악, 영상 및 비주얼 트렌드에 대한 높은 이해도와 엔터테인먼트 기획 능력을 갖춘 분 • 뮤직비디오, 예술, 디자인 또는 엔터테인먼트 관련 경력이 있는 분"
312135,SM엔터테인먼트,[SM엔터테인먼트] 아티스트 소셜 채널 브랜딩 및 운영 담당자 채용 (신입/경력),"NEW, EXPERIENCED",아티스트 소셜 채널 브랜딩 및 운영 담당자 | 마케팅/PR/분석 | 마케팅/광고/홍보 | 마케팅전략/기획 | 광고기획 | 온라인마케팅 | 시장조사/분석 | 브랜드매니저 | 해외마케팅 | 언론홍보/PR | 설문/리서치 | 자유양식 입니다. | [SM엔터테인먼트] 아티스트 소셜 채널 브랜딩 및 운영 담당자 채용 (신입/경력),,,"[SM엔터테인먼트] 아티스트 소셜 채널 브랜딩 및 운영 담당자 채용 (신입/경력) [담당 업무] ​이런 ​업무를 담당해요 • ​아티스트 소셜 채널 ​브랜딩 및 ​운영 [필요 ​요건] 이런 ​분을 ​찾고 ​있어요 • 학사 이상의 ​학위를 ​보유하신 분 • ​뛰어난 ​스케줄 ​관리 역량을 보유하신 ​분 • 꼼꼼한 ​업무 ​수행 능력을 ​갖추신 분 • ​데이터 ​정리를 위한 컴퓨터 ​활용 능력을 ​보유하신 분 • 원활한 커뮤니케이션 스킬을 보유하신 분 • 전반적인 대중문화에 대한 이해도가 높으신 분 • SNS 콘텐츠 업로드 경험이 있으신 분 [우대 요건] 이런 분은 우대해요 • 영어, 중국어 또는 일본어 커뮤니케이션이 가능하신 분 • 동종 업계 경험을 보유하신 분 • SNS 프로모션 및 K-POP 트렌드에 대한 이해도가 높으신 분"
312134,SM엔터테인먼트,[SM엔터테인먼트] 아티스트 소셜 콘텐츠 기획/제작 담당자 채용 (신입/경력),"NEW, EXPERIENCED",아티스트 소셜 콘텐츠 기획/제작 담당자 | 감독/연출/PD | 미디어 | 콘텐츠/사이트운영 | IT/인터넷 | PD/연출 | 방송제작 | 방송기획 | AD/조연출 | FD/연출보조 | 방송편성 | 방송엔지니어 | e-러닝운영 | 게시판관리 | 사이트운영 | 쇼핑몰•오픈마켓 | 카페•블로그관리 | 컨텐츠운영 | 컨텐츠제작 | 자유양식 입니다. | [SM엔터테인먼트] 아티스트 소셜 콘텐츠 기획/제작 담당자 채용 (신입/경력),,,"[SM엔터테인먼트] 아티스트 소셜 콘텐츠 기획/제작 담당자 채용 (신입/경력) [담당 업무] 이런 업무를 ​담당해요 • ​아티스트 소셜 ​콘텐츠 기획 및 ​제작 [필요 요건] ​이런 ​분을 찾고 ​있어요 • ​영상, ​디자인, 사진 전공 ​또는 ​영상 연출 및 ​기획, ​편집 ​등 관련 직무 ​경력을 보유하신 ​분 ​ • 학사 ​이상의 학위를 ​보유하신 ​분 • 신입 ​또는 5년 ​이하의 유관 경력을 보유하신 분 • 영상 및 디자인 편집 툴에 대한 전문적 지식과 우수한 활용 능력을 갖추신 분 • 틱톡, 릴스, 쇼츠 등 SNS 콘텐츠 기획 및 제작, 업로드 경험이 있으신 분 • 원활한 커뮤니케이션 스킬 및 공감 능력을 보유하신 분 • 전반적인 대중문화에 대한 이해도가 높으신 분 [우대 요건] 이런 분은 우대해요 • 동종 업계 경험이 있으신 분 • 업무상 원활한 영어 커뮤니케이션이 가능하신 분 • SNS 프로모션 및 K-POP 트렌드에 대한 이해도가 높으신 분 • 영상 및 사진 촬영에 대한 지식과 비주얼 감각을 보유하신 분 • 음악, 춤, 비주얼에 대한 이해와 관련 콘텐츠 기획, 제작 경험이 있으신 분"
312133,경상남도,2026년 경상남도 도시재생 사진 공모전,,,,기타,"📢 2026 년 경상남도 도시재생 사진 공모전 ' 도시재생으로 변화한 지역의 모습 ' 을 사진으로 담아보세요 . 😍 🎁 공모개요 1. 접수기간 : 2026 년 4 월 1 일 ( 수 ) ∼ 5 월 31 일 ( 일 ) 2. 응모자격 : 제한 없음 ( 단 , 개인으로만 응모 가능 ) 3. 공모내용 : 경상남도 내 도시재생 공동이용시설의 외관과 주변 경관을 담은 사진 ※ 대상 시설은 [ 도시재생 플랫폼 - 공간 ] 참조 4. 작품규격 : JPG 또는 JPEG 디지털 사진 원본 파일 ( 컬러 , 가로형 ) - 제출수량 : 1 인당 3 점 이내 - 촬영기준 : 2025 년 1 월 1 일 이후 촬영본에 한함 ※ 파일 용량 2MB 이상 및 해상도 3,000×4,000px 이상 권장 5. 제출방법 : 네이버폼 작성 및 사진 원본 파일 이메일 제출 - 네이버폼 : https://naver.me/G4dzFLvA - 이 메 일 : hee0102@gni.re.kr 6. 결과발표 : 2026 년 7 월 중 ( 예정 ) 7. 시상내역 : 총 5 점 , 70 만원 규모 - 최우수상 1 점 (30 만원 ), 우수상 1 점 (20 만원 ), 장려상 1 점 (10 만원 ), 입선 2 점 (5 만원 ) 8. 문의사항 : 경상남도 도시재생지원센터 (055-580-0283) 🔔 자세한 내용은 ' 경상남도 도시재생지원센터 ' 홈페이지를 확인해 주세요 . 📍 경상남도 도시재생지원센터 - 홈페이지 gnurc.or.kr - 페이스북 @ 2018gnurc - 인스타그램 @gn_urc - 도시재생 플랫폼 gis.gyeongnam.go.kr/gnur"
312132,제이티비씨 주식회사,[JTBC] 2026년 제11기 J카운실 모집,,,파워블로거/SNS | 사진/영상/디자인 툴 | 콘텐츠 기획/제작 경험,활동비 | 전문가/임직원 멘토링,"JTBC 프로그램 관련 숏폼 콘텐트 제작 및 시청자 비평 등 젊은 세대의 의견을 반영하기 위한 『 J 카운실』 제 11 기 의원을 모집합니다 . ■ 모집 인원 : 12 명 ■ 지원 대상 : JTBC 와 JTBC 프로그램 등 방송 콘텐트에 대한 관심이 있는 대학 ∙ 원생 ■ 활동 기간 : 2026 년 5 월 ~ 2026 년 8 월 ( 총 4 개월 ) ■ 활동 내용 - JTBC 의 보도 교양 프로그램 관련 제작현장 체험 및 홍보용 콘텐트 제작 - JTBC 옴부즈맨 프로그램 < 시청자의회 > 출연하여 방송 프로그램 비평 ■ 활동 혜택 - 월별 숏폼 콘텐트 제작을 위한 소정의 활동비 지급 - 기자 , PD 등 현업 방송인 멘토링 및 간담회 참석 기회 제공 - JTBC 견학 , 방청 기회 제공 등 다양한 활동 기회 제공 - JTBC 홈페이지 다시보기 서비스 무료 제공 - 우수활동자 기념품 , 활동 증서 발급 및 연임 지원 시 가산점 부여 ■ 선발 일정 - 지원서 접수 : 2026 년 4 월 1 일 ( 수 ) ~ 4 월 12 일 ( 일 ) ※ 지원 방법 : 지원서 ( 첨부파일 ) 와 포트폴리오 제출 ( 숏폼 영상 , 블로그 , 카드뉴스 등 ) jtbcviewer@jtbc.co.kr 로 송부 ※ 포트폴리오 제출 형식은 자유양식 또는 링크 첨부 ■ 합격자 발표 : 2026 년 4 월 24 일 ( 금 ) - 발대식 : 2026 년 4 월 말 예정 ※ 합격자는 JTBC 홈페이지 게시판 공지 및 개별 이메일로 안내합니다 . ※ 상기 일정은 사정에 따라 변경될 수 있습니다 ."
312130,한국도로교통공단,[한국도로교통공단] 2026년도 상반기 체험형 청년인턴 채용공고,INTERN,"장애인 전형 | 기획/전략/경영 | 경영/사무 | 사무/총무/법무 | 사무보조/문서작성 | 사업기획 | 서비스기획/운영 | 신규사업/BD | 임원 (CEO/COO) | 전략기획 | 콘텐츠기획/운영 | M&A/타당성분석/사업제휴 | 총무 | 문서관리 | 인허가업무 | 비서 | 법무 | 비품/시설관리 | 특허/저작권업무 | 안내/리셉션 | 사무보조 | OA/문서작성 | 홈페이지관리 | 1. 우리 공단 인턴으로 지원한 동기 및 인턴기간 동안 이루고자 하는 본인의 목표에 대하여 설명하시오. (350자 이상 500자 이내) | 2. 공단 사업 중 관심분야는 무엇이고, 해당분야 근무 시 다른 사람과 차별화된 본인의 역량은? (350자 이상 500자 이내) | 3. 자신이 수행하는 업무에 대하여 팀원들의 의견이 다를 때 해결방법을 설명하시오. (350자 이상 500자 이내) | [한국도로교통공단] 2026년도 상반기 체험형 청년인턴 채용공고 | 자립준비청년 | 면허시험장",,,"[한국도로교통공단] 2026년도 상반기 체험형 청년인턴 채용공고 [모집분야] - 일반공개경쟁 140명 - 사회형평적인재 55명 [채용절차] - 공고, 접수 > 서류전형 > 면접전형 > 인턴근무 (근로계약) [원서 접수일정] - 2026.4.6 ~ 2026.4.15"
312128,역사 스터디 <청춘역사실록>,"[3기 모집] 우리들의 뜨거운 기록, 역사 스터디 <청춘역사실록>",,,,,"🏛 [3기 모집] 우리들의 뜨거운 기록, 역사 스터디 <청춘역사실록> ""영화 <왕과 사는 남자> 보고 밤잠 설친 사람... 저뿐인가요? 😭"" 유배된 어린 왕 단종과 그를 지키려던 사람들. 영화 속 그 먹먹한 여운을 혼자 간직하기 아쉬웠다면, 이제 “청춘역사실록” 에서 함께 나누고 제대로 공부해 봐요! 지루한 암기 위주의 공부는 NO! 영화로 시대를 읽고, 스터디로 자격증까지 따는 '갓생' 프로젝트를 시작합니다. 📜 <청춘역사실록>의 3대 실록 (활동 내용) 1. [학습 실록] 한능검 '단종' 파트부터 격파! • 영화 배경인 '계유정난'부터 '세조'의 통치까지, 영화보다 더 재미있는 역사 이야기로 시작합니다. • 매주 정기 스터디를 통해 한능검 핵심 키워드 정리 및 기출 풀이 (1급 합격 보장!) 2. [감상 실록] 화제의 영화 <왕과 사는 남자> 정주행 • 아직 못 본 분들을 위한 단체 관람 혹은 보고 온 분들을 위한 '딥토킹' 타임! • ""실제 엄흥도는 어땠을까?"", ""영화 속 한명회와 실제 한명회의 차이는?"" 등 흥미진진한 비하인드 탐구. 3. [우정 실록] 성지순례와 역사 나들이 • 영화의 여운을 따라 떠나는 '영월 청령포' 나들이 혹은 서울 내 단종 관련 유적지 답사. (안되면 경복궁이라도!) • 공부 후엔 맛집 탐방! 단순 스터디를 넘어 ”든든한 취향이 같은 인맥“을 쌓아갑니다. 📅 모집 상세 • 모집 기간 : 2026.03.21~2026.4.30 • 운영 기간: 2026.5~2026.6 • 모집 대상: <왕과 사는 남자> 보고 역사에 급 관심 생긴 대학생/휴학생&1년 안에 한능검 따고 싶은 분& 역사 영화 보고 수다 떠는 거 좋아하는 '역덕' 꿈나무 • 정기 모임: 주1회 (조율 가능) • 활동 장소: 스터디룸 및 카페 (장소 조율) • 회비: 대관료 및 개인 비용 (N분의 1) ""지나간 역사는 기록되지만, 우리의 청춘은 지금부터 기록됩니다."" ✍️ 지원 방법 하단 폼을 통해 지원 바랍니다! 🔗 https://smore.im/form/cNrzPnKUL7 😻 운영 스토리 https://padlet.com/f6j9stcprz/padlet-6blq93pi2m0as3zk 💡 동아리 추천 영화 : 첫 모임 시 '필수 시청' 영화 리스트 1. 왕과 사는 남자 (조선 단종/세조): 우리의 시작점! 계유정난의 비극을 몸소 체험하기. 2. 관상 (조선 문종/단종/세조): <왕사남> 이전의 시점을 수양대군의 시선에서 비교해 보기. 3. 서울의 봄 (현대사): 권력의 속성과 비극을 현대사 버전으로 느껴보기. 4. 자산어보 (조선 후기): 흑백의 미학으로 만나는 지식인의 고뇌."
312125,전주문화재단,[전주문화재단] 광고마케팅 역량 향상 일경험 프로그램 4-3,,,,,"[전주문화재단] 광고마케팅 역량 향상 일경험 프로그램 4-3 [모집대상] - 문화, 예술 계열 전공자, 인문계열, 영상 계열 전공자 ▶ 우대 사항 - 관련 전공자 우대 [모집기간] ~ 04월 07일까지 [모집공고]"
312124,전주관광재단,[전주관광재단] 광고마케팅 역량 향상 일경험 프로그램 4-3,,,,,"[전주관광재단] 광고마케팅 역량 향상 일경험 프로그램 4-3 [모집대상] - 문화 관광 관련 관심이 있는자 ▶ 우대 사항 - 포토샵 기초 사용 가능자, 문서작성 가능자 [모집기간] ~ 04월 07일까지 [모집공고]"
312123,전북씨비에스,[전북씨비에스] 광고마케팅 역량 향상 일경험 프로그램 4-3,,,,,"[전북씨비에스] 광고마케팅 역량 향상 일경험 프로그램 4-3 [모집대상] - 콘텐츠, 미디어 관련학과 ▶ 우대 사항 - 포토샵 기초 사용 가능자 [모집기간] ~ 04월 07일까지 [모집공고]"
312122,전북바이오융합산업진흥원,[전북바이오융합산업진흥원] 26년 4월 경영사무 일경험,,,,,"[전북바이오융합산업진흥원] 26년 4월 경영사무 일경험 [모집대상] [최종학력] 고졸이상 [전 공] 무관 [지식/기술] 무관 [O A] Excel, Power Point, 한글 [외 국 어] 무관 [기타사항] 공무원, 공기업 준비생, 기업체 기획, 행정, 사무 준비생 [모집기간] ~ 04월 08일까지 [모집공고]"
312121,익산문화관광재단,[익산문화관광재단] 광고마케팅 역량 향상 일경험 프로그램 4-3,,,,,"[익산문화관광재단] 광고마케팅 역량 향상 일경험 프로그램 4-3 [모집대상] - 문화, 예술 계열 전공자, 인문계열, 경상 계열 전공자, 문화예술 관련 관심이 있는자 ▶ 우대 사항 - 문화행사관련 홍보 및 마케팅 역량 향상 희망자 [모집기간] ~ 04월 07일까지 [모집공고]"
312120,완주문화재단,[완주문화재단] 광고마케팅 역량 향상 일경험 프로그램 4-3,,,,,[완주문화재단] 광고마케팅 역량 향상 일경험 프로그램 4-3 [모집대상] - 문화예술 관광 관련 관심이 있는자 ▶ 우대 사항 - 문화예술 관광 관련 전공자 [모집기간] ~ 04월 07일까지 [모집공고]
312119,한국에너지재단,[한국에너지재단] 공공행정 인턴형 일경험 2기 (20주),,,,,[한국에너지재단] 공공행정 인턴형 일경험 2기 (20주) [모집대상] 고졸 이상 <우대 사항> 재무회계 관련 자격증 소지자 [모집기간] ~ 04월 05일까지 [모집공고]
312118,오서코리아,[오서코리아] [광고마케팅] 글로벌 브랜드 마케팅 및 콘텐츠 운영,,,,,"[오서코리아] [광고마케팅] 글로벌 브랜드 마케팅 및 콘텐츠 운영 [모집대상] - 4/9~10 양일간 진행되는 사전직무교육 참석 가능자(서울. 필수참석) - 전공무관 - OA: 워드, 파워포인트 - 외국어: 영어 - 성실하고 책임감 있게 협업할 수 있는 지원자 - 쇼츠형 비디오(릴스, 숏츠) 제작 경험 우대 [모집기간] ~ 04월 05일까지 [모집공고 ]"
312117,중소기업기술혁신협회,[중소기업기술혁신협회] 외국인기술인력채용확대가 기술혁신형중소기업 인력난해소에 미치는 영향분석,,,,,"[중소기업기술혁신협회] 외국인기술인력채용확대가 기술혁신형중소기업 인력난해소에 미치는 영향분석 [모집대상] 자료조사 연구 능력 및 커뮤니케이션 능력, OA능력 - 연구∙R&D 경험 없는 청년 지원 가능, 학교 팀 프로젝트 과제 수행 경험 가진 청년이면 누구든 참여 가능합니다. - 열정을 가지고 성실히 참여할 청년들의 많은 지원 부탁드립니다. [모집기간] ~ 04월 05일까지 [모집공고]"
312115,유앤아이원,[유앤아이원] 광고마케팅 직무_일경험 프로그램(7차),,,,,"[유앤아이원] 광고마케팅 직무_일경험 프로그램(7차) [모집대상] 만 15~34세 미취업청년 고졸 이상 AI활용 경험, 기초 비즈니스 영어, 틱톡 등 SNS 활용 경험 기초 비즈니스 영어: 완벽한 회화보다는 번역기(DeepL, 파파고 등)를 적절히 활용하여 영문 제품 상세 페이지나 홍보 문구의 어색함을 잡아낼 수 있는 수준. 오피스 활용: 엑셀(데이터 정리), 파워포인트(제안서/보고서 작성) 기본 활용 능력 [모집기간] ~ 04월 03일까지 [모집공고]"
312114,엔씨소프트,[엔씨소프트] 국내 게임 기업의 전략 개발 업무 일경험,,,,,"[엔씨소프트] 국내 게임 기업의 전략 개발 업무 일경험 [모집대상] - 마케팅/UX/컨텐츠 기획/게임 관련 전공, 게임 시장 및 게이밍 플랫폼에 대한 이해 - OA 활용 능력, 시장 분석 능력, 컨텐츠 분석 및 기획 능력 - 전공 관련 대회, 공모전 수상자 우대, 게임 및 IT회사 인턴 경험자 우대 - 학교 팀 프로젝트 과제 수행 경험 가진 청년이면 누구든 참여 가능합니다. - 열정을 가지고 성실히 참여할 청년들의 많은 지원 부탁드립니다 [모집기간] ~ 04월 05일까지 [모집공고]"
312113,스포츠조선,[스포츠조선] 광고마케팅 직무_일경험 프로그램(8차),,,,,"[스포츠조선] 광고마케팅 직무_일경험 프로그램(8차) [모집대상] 고졸 이상 디지털마케팅팀 - AI툴 활용 능력 / 경제산업본부 - 영상 편집 기술, 온라인 마케팅 이해 디지털마케팅팀(1명 모집)- 최종학력 대졸 이상 - 유관 업무 경험자(인턴 등)- 미디어 콘텐츠에 대한 작성 경험자 우대 경제산업본부(1명 모집)- 영상 편집자 / SNS 기획자 우대 *인턴 신청 시 신청서에 희망 부서명 기입 [모집기간] ~ 04월 03일까지 [모집공고]"
312112,삼양KCI,[삼양KCI] 제품 자체 ESG 지표 개발,,,,,[삼양KCI] 제품 자체 ESG 지표 개발 [모집대상] 지방 참여자 우대 조사연구 및 경제분야 전공/학습 또는 관련 대외활동 경험 보유자 우대 기타 자격 조회 상 결격 사유 없는 자 [모집기간] ~ 04월 05일까지 [모집공고]
312111,삼양KCI,[삼양KCI] 동물실험 없는 화장품 대체시험법 조사 및 시각자료 제작,,,,,"[삼양KCI] 동물실험 없는 화장품 대체시험법 조사 및 시각자료 제작 [모집대상] 자료조사 연구 능력 및 커뮤니케이 - 연구∙R&D 경험 없는 청년 지원 가능, 학교 팀 프로젝트 과제 수행 경험 가진 청년이면 누구든 참여 가능합니다. - 열정을 가지고 성실히 참여할 청년들의 많은 지원 부탁드립니다.션 능력, OA능력 [모집기간] ~ 04월 05일까지 [모집공고]"
312108,부산부민병원,[부산부민병원] 보건의료 부산3기,,,,,[부산부민병원] 보건의료 부산3기 [모집대상] 고졸 이상 보건 계열 전공자 우대 [모집기간] ~ 04월 06일까지 [모집공고]
312107,전파시험인증센터,[전파시험인증센터] 2026년 제1차 국립전파연구원 전파시험인증센터 청년인턴 채용 공고,INTERN,"전파방송통신 행정 | 경영/사무 | 기획/전략/경영 | 사무/총무/법무 | 인사/노무/교육 | 경리/회계/결산 | 재무/세무/IR | 사무보조/문서작성 | ◎ 지원 동기 및 진로 계획 해당 기관 및 직무에 지원하게 된 계기 향후 어떤 일을 하고 싶은지, 이 인턴 경험이 진로에 어떻게 도움이 되는지 서술 | ◎ 직무 관련 전문성 획득을 위한 활동 내용 지원한 분야 직무를 수행하는 데 필요한 지식이나 능력을 갖추기 위해 어떤 활동 및 노력을 해왔는지 구체적으로 서술 출신학교, 자격증, 시험(어학 등)성적 등은 언급하지 말고 행동과 경험 중심으로 작성 | ◎ 문제 해결 경험 일상생활, 학교, 아르바이트, 동아리 등 다양한 상황에서 문제를 인식하고 해결했던 경험 서술 어떤 방식으로 해결했는지와 그 결과가 어땠는지 중심으로 서술 | ◎ 소통 및 협업 능력 타인과 협력하여 성과를 낸 경험 서술 | ◎ 기대하는 점 및 각오 인턴십을 통해 배우고 싶은 점과 어떤 자세로 임할 것인지 서술 | [전파시험인증센터] 2026년 제1차 국립전파연구원 전파시험인증센터 청년인턴 채용 공고",,,"[전파시험인증센터] 2026년 제1차 국립전파연구원 전파시험인증센터 청년인턴 채용 공고 [담당업무] [전파시험인증센터] ㅇ 위탁 시험 업무 보조 ㅇ 시험 업무 보조 등 ㅇ 민원협력팀 업무지원 ㅇ 대역 및 밀리미터파 대역 측정 VHF 업무 지원 및 관련 업무 정리 등 (3GPP) ㅇ 행정업무 물품관리 등 지원 ( ) ㅇ 자료 분석 정리 등 , ㅇ 기타 기관이 지정하는 업무 등 [모집기간] 04월 01일 ~ 04월 09일 [채용공고]"
312106,코딩스터디 Loop;,코딩스터디 Loop; 신입부원 모집,,,,,"👨‍💻코딩스터디 Loop; 신입부원 모집 🕵‍♂우리 소모임만의 장점 ✔️비전공자/직장인도 자율 참여 가능 ✔️경험있는 현직자 및 우수 개발자 참여 중 ✔️자유로운 분위기와 존중(꼰대X) ✔️포트폴리오 및 면접 준비도 동시에 가능 🖥 지난 스터디 활동 내용(소개글 참고) 1.스마트캠퍼스 통합관리 시스템 2.AI 면접관 & 모의면접 시스템 3.실시간 택배 경로 최적화 시스템 최적화 4.기타(CS 스터디, 코테 및 알고리즘) 등등 🖥 모임 활동 일정 및 장소 일시:주 1회~2회, 일요일 휴무 장소: 홍대입구역 혹은 학교 주변 카페(조사 예정) 🖥비용 -회비 6개월 마다 2만원(정모 및 유령회원방지) -스터디 룸 1/N 혹은 각자 커피값 ✉️신청 방법 https://forms.gle/K49mBJbWP4Jdz2Um6"
312105,배드민턴 연합 동아리 < GG >,배드민턴 연합 동아리 < GG > 에서 3기 신입부원을 모집합니다 !!,,,,,"🏸배드민턴 연합 동아리 🏸GG🏸에서 3기 신입부원을 모집합니다‼️ 👋배드민턴 동아리 ""굿게임""은 배드민턴을 좋아하고 배드민턴을 통해 서로 알아가며 경험과 추억을 쌓아가는 동아리입니다! 평소 배드민턴에 관심이 있으시거나 처음 치셔도 괜찮습니다! 많은 관심과 지원 바랍니다 😆 ✔️지원방법 https://smore.im/form/yC3mqKWNqt 🏸굿게임에서만 할 수 있는 즐거운 배드민턴 생활 👍 ✔️모임 내 평가전을 통해 배드민턴 종목을 더욱 재미있게 참여하실 수 있도록 할 예정입니다! ✔️배드민턴 외 다양한 운동 + 번개모임을 통해 부원들간의 단합 시간을 열고있습니다! 🏸활동내용 - 매주 금, 토 정기 활동 (but, 변동가능) 금요일 : 구로 누리 배드민턴장 토요일 : 마곡 실내 배드민턴장 *모두 참여해야하는 것은 아니며, 참여 가능한 날짜에 참석 가능. - 동아리 내 간단한 대회 - 동아리 내 평가전을 통해 A,B,C 그룹으로 나누어 평가전을 진행 🏸활동장소 - 신림 실내 체육관 - 신도림 야외 공원장 - 구로누리 실내 체육관 - 마포 레포츠 센터 실내 배드민턴장 - 영등포 다목적 체육관 🏸정기활동 요일 및 시간 - 매주 금요일, 토요일 - 금요일 : 18시 ~ 20시, 20시 ~ 22시 - 토요일 : 16시 ~ 18시 * 일정은 유동적으로 변동 될 수 있습니다. 🏸가입비 및 회비 - 가입비 : 없음 - 회비 : 1만원 * 회비는 셔틀콕 구매 및 일일 입장료, 물 음료 지원 등으로 사용 될 예정입니다 (예/결산 내용은 투명하게 공개할 예정입니다.) 🏸운영주체 💁‍♂️총 5명의 운영진이 함께 하고 있습니다. (경인여대, 한양대, 중앙대, 시립대, 백석예대) 💁‍♀️본 동아리는 대학생에 의해 자치적으로 운영되며 정치/종교/시민단체와 전혀 무관함을 알려드립니다. 🏸모집인원 - 15명 내외(정원 마감시 모집종료) 🏸준비물 - 배드민턴 라켓 - 실내 운동화 or 배드민턴화 * 운영진 정보 - 회장: 중앙대학생 - 부회장: 한양대학생 - 회계: 시립대학생 - 홍보/기획: 백석예대학생 ✔️문의사항 https://open.kakao.com/o/sSN9YW2h"
312104,목포교도소,[목포교도소] 2026년 목포교도소 청년인턴 채용 재공고,INTERN,"행정․법무 | 경영/사무 | 기획/전략/경영 | 사무/총무/법무 | 인사/노무/교육 | 경리/회계/결산 | 재무/세무/IR | 사무보조/문서작성 | ◎ 지원 동기 및 진로 계획 해당 기관 및 직무에 지원하게 된 계기 향후 어떤 일을 하고 싶은지, 이 인턴 경험이 진로에 어떻게 도움이 되는지 서술 | ◎ 직무 관련 전문성 획득을 위한 활동 내용 지원한 분야 직무를 수행하는 데 필요한 지식이나 능력을 갖추기 위해 어떤 활동 및 노력을 해왔는지 구체적으로 서술 출신학교, 자격증, 시험(어학 등)성적 등은 언급하지 말고 행동과 경험 중심으로 작성 | ◎ 문제 해결 경험 일상생활, 학교, 아르바이트, 동아리 등 다양한 상황에서 문제를 인식하고 해결했던 경험 서술 어떤 방식으로 해결했는지와 그 결과가 어땠는지 중심으로 서술 | ◎ 소통 및 협업 능력 타인과 협력하여 성과를 낸 경험 서술 | ◎ 기대하는 점 및 각오 인턴십을 통해 배우고 싶은 점과 어떤 자세로 임할 것인지 서술 | [목포교도소] 2026년 목포교도소 청년인턴 채용 재공고",,,[목포교도소] 2026년 목포교도소 청년인턴 채용 재공고 [담당업무] ᄋ 수용기록 업무 보조 ᄋ 수용기록 문서 관리 ᄋ 소속 부서 행정 업무 지원 [모집기간] 04월 01일 ~ 04월 13일 [채용공고]
312103,대학생 빵투어&베이킹 동아리 “쿠키”,대학생 빵투어&베이킹 동아리 “쿠키” 신입부원 모집,,,,,"🍫 대학생 빵투어&베이킹 동아리 “쿠키” 신입부원 모집 🍫 안녕하세요~! “인스타에 올릴 예쁜 디저트 만들어보고 싶어요” ""빵지순례 같이 하고 싶어요!!"" ✨ 우리 동아리가 좋은 이유 ✨ 🍫 봉봉쇼콜라로 입상한 운영진이 있어요 → 템퍼링 어려워하시는 분들께 꿀팁 알려드릴게요! 초보자도 2~3시간 안에 예쁘게 광내는 법 배워요✨ 🥐 호텔 베이커리에서 잠시 일했습니다! → 호텔에서 썼던 레시피 중 쉬운 버전으로 같이 만들어요 부담 없이 따라 할 수 있는 제과류 레시피 위주! 🌷 초보자도 충분히 즐길 수 있어요 → “베이킹 처음이에요” 완전 환영 → 한 번에 2~3시간 정도, 딱 한 가지 메뉴만 집중해서 만들어요 ✨ 활동 내용 ✨ * 월 1회 베이킹 모임 (구청 공유주방 or 베이킹 스튜디오) → 재료비 + 공유주방 비용(장소에 따라 다름) → 한 번 모일 때마다 딱 한 가지 메뉴 완성! * 월 2회 빵투어 모임 → 빵지순례_인스타 맛집 위주로 갑니다 !! 🌀 지원서 : https://smore.im/form/nNFloI4lBO 🌀 활동사진 : https://padlet.com/COOKEY/cookey-cookie-key-9o825v4f5dl0pfuw"
312102,일본어 스터디 '마타네(またね)',일본어 스터디 '마타네(またね)' 신입 모집,,,,,"🌸 일본어 스터디 '마타네(またね)' 신입 모집 🌸 ""일본어 시작하고 싶은데.."" 지브리 주인공들처럼 포근한 분위기에서 일본어 스터디할 신입부원을 모집합니다. 💻 이런 분들과 '마타네' 하고 싶어요! - 덕업일치 희망자 1. 일본 먹거리, 드라마, 영화, 만화에 진심이신 분! 2. 일본어 왕초보부터 N3 자격증 따고 성취감을 얻고 싶은 분 ( 본격 스터디는 아님 ) - 프로 참석러: 최소 월 1회 참석 권장 1. 채팅방 참여 가능하신 분! 2. 널널하게 인생 살고 싶으신 분 🗓 '마타네' 갓생 로드맵 Part 1. (1~3주차) 1. 맛있는 일식 맛집 도장 깨기 2. 인생 컨텐츠 공유하며 낯가림 부시기! Part 2. (5~12주차) 본격 일본어 스터디 1. 일본어 익숙해지기 : 부끄러워도 말해보기 ! 2. 쉐도잉 스터디: 현지 일본인 컨텐츠를 보면서 표현 익히기 ! 🧁장소: 분조카&아늑 스터디룸 💰 깔끔하고 투명한 회비 규정 가입비/연회비: 열정만 들고 오세요 모임 비용: 카페 이용 시 각자 계산, 스터디룸 대여 시 공평하게 N빵! 🎉 지원서 : https://smore.im/form/SmyiiI21IA"
312101,한화엔진,[한화엔진] 2026년 2분기 전문직(인턴십) 채용,INTERN,"가공 | 생산/제조/설비/조립 | 생산/제조 | 생산 | 제조/가공 | 포장 | 조립 | 검사/검품 | 1. 한화엔진에 지원한 동기와 입사 후 회사에서 이루고자 하는 목표에 대해 작성해 주세요. | 2. 지원한 직무를 수행하는 데 있어 본인이 가진 역량에 대해 작성해 주세요. (500자 이내) (직무와 관련된 경험, 본인만의 차별화된 강점, 한화엔진에 기여할 수 있는 점 등을 근거에 기반하여 작성해 주세요.) | 3. 공동의 목표를 달성하기 위해 다른 사람들과 힘을 합쳐 노력했던 경험을 구체적으로 기술하고, 그 경험을 통해 배운 점을 작성해 주세요. (500자 이내) (장애요인, 해결방법, 본인의 역할 등을 포함하여 구체적으로 작성해 주세요.) | 4. 아래 한화그룹의 인재상 중 본인을 가장 잘 표현할 수 있는 키워드를 선택하고, 그 이유와 입사 후 활용 가능성에 대해 사례를 기반으로 작성해 주세요. (500자 이내) [책임 있게 몰입하는 주인의식],[기존 틀을 넘어선 월등한 차별성], [미래 기회를 선점하는 변화 수용성]인재상과 관련한 자세한 내용은 아래 링크를 참조해 주세요. (https://www.hanwhacorp.co.kr/hanwha/hrmanagement/talentedhr.jsp) | [한화엔진] 2026년 2분기 전문직(인턴십) 채용 | 시운전 | 기타",,,[한화엔진] 2026년 2분기 전문직(인턴십) 채용 [모집분야] 시운전 조립 가공 [모집기간] 03월 30일 ~ 04월 12일 [채용공고]
312100,인피닉션,[인피닉션] 웹소설 영어 번역 검수 인턴,INTERN,,,,"[인피닉션] 웹소설 영어 번역 검수 인턴 접수 기간 2026-03-31 ~ 2026-04-30 모집부문 및 상세내용 웹소설 영어 번역 검수(0명) 채용 형태 - 인턴 담당업무 - AI 번역물의 품질을 완성시킵니다. 오역 및 오류를 검수하고, 기술이 놓친 문화적 뉘앙스를 살립니다. - 글로벌 독자 관점에서 번역물을 평가하고 피드백을 제공하여 차세대 AI 엔진 발전에 기여합니다. - 북미 시장 맞춤 현지화 기준을 세우고 K-웹소설의 글로벌 품질 스탠다드를 만들어갑니다. 우대조건 우대사항: 외국인(지원 가능 비자 : E-7 특정활동, F-2 거주, F-4 재외동포, F-5 영주, F-6 결혼이민) - 원어민급 영어 실력과 현지 문화에 대한 깊은 이해가 있으신 분이면 좋겠습니다. (원어민 선호) - 취미가 독서이거나 글을 읽는 속도가 빠른 분이면 좋겠습니다. - 웹툰, 웹소설 등 K-콘텐츠에 관심과 애정이 있어 장르별 특성을 이해하실 수 있는 분이면 좋겠습니다. - 꼼꼼함과 책임감으로 한 번 맡은 작품은 끝까지 완성도 높게 마무리하시는 분이면 좋겠습니다. 자격요건 학력 학력무관 근무조건 급여 회사 내규에 따름 근무지역 서울 마포구 마포대로 122 신용보증기금빌딩 13층 전형 절차 Step1 서류전형 Step2 면접 전형 Step2 최종합격 지원 기간 및 방법 접수기간 2026-03-31 ~ 2026-04-30 접수방법 홈페이지 지원 유의사항 허위 사실이 발견될 경우 채용이 취소될 수 있습니다."
312099,코리아타임스,[코리아타임스] 디지털콘텐츠 인턴 공개 채용,INTERN,"디지털콘텐츠 | 마케팅/PR/분석 | 마케팅/광고/홍보 | 마케팅전략/기획 | 광고기획 | 온라인마케팅 | 시장조사/분석 | 브랜드매니저 | 해외마케팅 | 언론홍보/PR | 설문/리서치 | 1. 지원동기와 입사 후 회사에서 이루고 싶은 목표는 무엇입니까? | 2. 본인이 보유한 핵심 역량과 해당 분야에서의 강점을 작성하시오. | 3. 뉴미디어에 대한 본인의 생각은 무엇이며, 본인이 갖고 있는 디지털 역량이 있다면 무엇입니까? | 4. 본인의 최우선 가치관 또는 좌우명이 무엇인지 작성해 주십시오. | Cover Letter | [코리아타임스] 디지털콘텐츠 인턴 공개 채용",,,[코리아타임스] 디지털콘텐츠 인턴 공개 채용 [담당업무] SNS 채널 관리 국내뉴스 운영 서포트 [모집기간] 03월 31일 ~ 04월 14일 [채용공고]
312098,부산관광공사,[부산관광공사] 체험형 청년인턴 채용 공고,INTERN,"부산슈퍼 청사포점 운영 | 경영/사무 | 기획/전략/경영 | 사무/총무/법무 | 인사/노무/교육 | 경리/회계/결산 | 재무/세무/IR | 사무보조/문서작성 | 경력경험기술서 - 입사지원서에 작성하신 지원분야 관련 경력사항 활동에 대해 상세히 기술해 주시기 바랍니다. - 본인이 수행한 활동 내용, 본인의 역할, 활동결과, 주요 성과에 대해 구체적으로 작성해 주시기 바랍니다. | 1. 지원하신 직무에 대한 지원동기와 본인이 보유한 역량을 기술하시오.(500자 이내) | 2. 조직(학과, 인턴, 동아리, 프로젝트 등)의 목표를 달성하기 위해 노력했던 경험과 그에 따라 조직이 달라졌던 부분을 구체적으로 기술하시오.(500자 이내) | 3. 목표를 달성하는 과정에서 다른 사람과 의견이 다른 경우 어떻게 해결하였는지 예를 들어 기술하시오(500자 이내) | 4. 관련 업무 또는 활동수행을 통해 문제해결능력을 발휘한 경험이 있으면 기술하시오.(500자 이내) | 5. 본인이 자신의 지원 분야에 대한 전문성을 향상시키기 위해 노력했던 경험에 대해 기술하시오.(500자 이내) | [부산관광공사] 체험형 청년인턴 채용 공고",,,"[부산관광공사] 체험형 청년인턴 채용 공고 [담당업무] 기념품 판매 및 고객 응대, 재고 및 정산관리 등 [모집기간] 03월 31일 ~ 04월 10일 [채용공고]"
312097,아이패밀리SC,[아이패밀리SC] [미디어파트] 콘텐츠 크리에이터 (신입~경력 3년 이하),"NEW, EXPERIENCED",콘텐츠 크리에이터 | 마케팅/광고/홍보 | 마케팅/PR/분석 | 전시/컨벤션 | 자유양식 입니다. | [아이패밀리SC] [미디어파트] 콘텐츠 크리에이터 (신입~경력 3년 이하) | 마케팅전략/기획 | 광고기획 | 온라인마케팅 | 시장조사/분석 | 브랜드매니저 | 해외마케팅 | 언론홍보/PR | 설문/리서치,,,"[아이패밀리SC] [미디어파트] 콘텐츠 크리에이터 (신입~경력 3년 이하) [담당업무] -미주 중심의 글로벌 시장 소비자 공감 포인트 수집 및 아이디어, 가설 포맷으로 구체화 -다양한 포맷 (POV/B&A/How-to/소비자 참여) 기반 대본, 자막, 컷 구성 설계 및 실행 -인플루언서 섭외 및 시딩 운영을 위한 가이드라인 작성, 개선안 제안 - TikTok/Instagram/Youtube 채널별 특성을 반영한 커뮤니케이션 주관 -실행 결과 바탕의 효율적인 콘텐츠 포맷 검증, '한 번 더 보게 만드는' 훅과 톤앤매너 지속 개선 -숏폼 콘텐츠 등 2차 편집 영상 제작 -트렌드 기반 콘텐츠 기획 및 제작 -시딩 목표 달성을 위한 유관부서 및 에이전시 서포트 -기타 마케팅부문 성과를 높이기 위한 제반 업무 *담당 브랜드 : 롬앤, 누즈, rdrd [모집기간] 03월 30일 ~ 채용시 마감 [채용공고]"
312096,아이패밀리SC,[아이패밀리SC] [미디어파트] 기획 마케터 (신입~경력 3년 이하),"NEW, EXPERIENCED",기획 마케터 | 기획/전략/경영 | 경영/사무 | 사업기획 | 서비스기획/운영 | 신규사업/BD | 임원 (CEO/COO) | 전략기획 | 콘텐츠기획/운영 | M&A/타당성분석/사업제휴 | 사무/총무/법무 | 인사/노무/교육 | 경리/회계/결산 | 재무/세무/IR | 사무보조/문서작성 | 자유양식 입니다. | [아이패밀리SC] [미디어파트] 기획 마케터 (신입~경력 3년 이하),,,"[아이패밀리SC] [미디어파트] 기획 마케터 (신입~경력 3년 이하) [담당업무] 미주 중심의 글로벌 시장 소비자 공감 포인트 수집 및 아이디어, 가설 포맷으로 구체화 -다양한 포맷 (POV/B&A/How-to/소비자 참여) 기반 대본, 자막, 컷 구성 설계 및 실행 -인플루언서 섭외 및 시딩 운영을 위한 가이드라인 작성, 개선안 제안 -TikTok/Instagram/Youtube 채널별 특성을 반영한 커뮤니케이션 주관 -실행 결과 바탕의 효율적인 콘텐츠 포맷 검증, '한 번 더 보게 만드는' 훅과 톤앤매너 지속 개선 -작가적 역량 기반 소비자 공감 리서치, 아이디어 발산, 자막/카피/훅 문장 개발 및 시나리오 초안 작성 -시딩 콘텐츠 가이드 스크립트 작성 -시딩 목표 달성을 위한 유관부서 및 에이전시 서포트 -기타 마케팅부문 성과를 높이기 위한 제반 업무 -미국 틱톡 채널 기획 및 운영 *담당 브랜드 : 롬앤, 누즈, rdrd [모집기간] 03월 30일 ~ 채용시 마감 [채용공고]"
312095,RXC,[RXC] 미디어사업 인턴,INTERN,,,,"[RXC] 미디어사업 인턴 [담당업무] • 글로벌 K-콘텐츠 이벤트 협업 제안서를 ​작성하고 리서치 업무를 수행합니다. • 플랫폼 데이터 트래킹/성과 분석 기반 Data Driven 마케팅 전략 및 실행 ​계획을 수립합니다. • 주최사/광고주 등 이해관계자와의 실무 커뮤니케이션 수행 및 현장 오퍼레이션을 지원합니다. • PRIZM 온드미디어(인스타, X 등) 채널 기반 바이럴 캠페인을 수립하고 실행합니다. [모집기간] 03월 31일 ~ 채용시 마감 [채용공고]"
312094,알고케어,"[알고케어] Talent Acquisition Intern (3개월, 체험형)",INTERN,,,,"[알고케어] Talent Acquisition Intern (3개월, 체험형) [담당업무] - 테크 및 사업직군 핵심 인재 다이렉트 소싱 (링크드인, 리멤버 등 활용) - 후보자 연락 및 커뮤니케이션 등 오퍼레이션 진행 - 채용 브랜딩을 위한 콘텐츠 작업 및 채용 홈페이지 관리 - 채용 성과를 높이기 위한 다양한 이니셔티브 발의 및 주도적 진행 - 직간접적인 HR 업무 서포트 (온보딩, 교육 등) [모집기간] 03월 31일 ~ 상시 채용 [채용공고]"
312093,독서동아리 「Read-dom」,연합 독서 동아리 <Read-dom> 신입부원 모집,,,,,"대학연합 독서 동아리 <Read-dom>에서 신입 부원을 모집합니다! 단순히 글자를 읽는 것을 넘어, 생각을 넓히고 싶다면 지원해주세요~ ​📬 모집 상세 안내 ​1. 모집 대상 - 책에 습관을 만들어 입문하고 싶은 분 - ​주제를 정하고 나눔을 핫고 싶은 분 - ​대학 재학생/휴학생 - 독서를 좋아하시거나 좋아하고 싶은 분 ​2. 선발 일정 - ​모집 기간: ~ 2026년 4월 15일(수) 23:59까지 (*지원하시는 조에 따라서 대면 면접 일정 조정됩니다) - ​최종 합격자 발표: 개별 안내 예정 ​3. 활동 안내 - ​모임 시간: 매주 금요일 저녁 7시 ~ 10시(*평일 내 변동 가능) - ​모임 장소: 신촌/홍대 인근 스터디룸, 카페, 도서관 (격주 변동 가능) - ​활동 내용: ※지원자의 독서 단계에 따라 커리큘럼이 나뉘어서 진행됩니다 ⌈📚프롤로그: 가벼운 독서 모임⌋ • 독서 자유 선택 • 책 추천 및 나눔 • 문학 기행 활동 ⌈📖에필로그: 심화 독서 모임⌋ • 지정 주제 or 공통 도서 감상 나눔 • 사전 논의 질문 제시, 가벼운 토론 • 교환 독서 진행 ​📝 지원 방법 및 문의 - ​지원 방법: 하단 구글 폼 링크 접속 후 작성 및 제출 https://forms.gle/bhT6kUZArYghZn6g8 📮문의 사항 ​ - 인스타그램: https://www.instagram.com/read._.dom 혼자 읽기엔 아까운 책들, 더 깊은 대화로 채우고 싶은 여러분의 많은 지원 바랍니다."
312092,넷킬러,[넷킬러] Google Workspace 기술지원 실무 담당자 채용,NEW,"엔지니어팀 (기술 및 보안지원, GCP 컨설팅) | IT/인터넷 | 웹개발 | 응용프로그램개발 | ERP/시스템개발/설계 | 네트워크/서버/보안 | DBA/데이터베이스 | 콘텐츠/사이트운영 | 웹기획/PM/웹마케팅 | HTML/퍼블리싱/UI개발 | QA | 게임 | 자유양식 입니다. | [넷킬러] Google Workspace 기술지원 실무 담당자 채용",,,"[넷킬러] Google Workspace 기술지원 실무 담당자 채용 접수 기간 2026-03-31 ~ 채용 시 마감 모집부문 및 상세내용 엔지니어팀 (기술 및 보안지원, GCP 컨설팅) (0명) 채용 형태 - 신입 담당업무 1. Google Workspace 기술 지원 및 컨설팅 • 기업 고객의 Google Workspace 환경 구축을 지원합니다. • 서비스 연동, 데이터 이전(마이그레이션), 기술 문제 해결 업무를 수행합니다. • 국내외 고객사를 대상으로 원격 또는 현장 기술 지원과 컨설팅을 제공합니다. 2. 자동화 업무 개발 • JavaScript, Java, Google API 등을 활용해 반복 업무를 자동화합니다. • 최신 AI 서비스(Cursor AI, Gemini Ultra, Claude Code 등)를 업무에 적극 활용합니다. • 고객 환경에 맞는 효율적인 업무 프로세스를 함께 만들어갑니다. 3. 보안 및 서비스 운영 역량 확대 • Google Workspace 보안 환경을 점검하고, 더 안전한 운영 방안을 제안합니다. • 기술 경험을 바탕으로 서비스 운영 방향이나 개선 방안을 기획합니다. 4. AI 및 고도화 프로젝트 참여 • Google Cloud Gemini, 사내 AI 환경 등을 활용한 자동화 프로젝트에 참여합니다. • 다양한 기술과 인프라를 활용해 실제 업무 문제를 해결하는 경험을 쌓습니다. ✅ 자격요건 기본기를 바탕으로 꾸준히 성장해 나가고 싶은 분을 찾고 있습니다. • 경력은 무관합니다. 신입부터 경력자까지, 새로운 기술을 배우고 성장하려는 의지가 있는 분을 환영합니다. • 4년제 대학교 졸업(예정) 이상이신 분을 찾고 있습니다. • 서버와 클라이언트가 어떻게 동작하는지 기본적인 이해가 있는 분이면 좋습니다. 복잡한 수준의 전문 지식보다는 시스템의 전체적인 흐름을 이해하는 것을 중요하게 생각합니다. • JavaScript 또는 Java에 대한 기본적인 이해가 필요합니다. 이 포지션은 단순한 개발 업무보다는 Google API를 활용해 시스템을 연결하고 • 반복 업무를 자동화하는 일이 포함되어 있어 관련 기초 역량이 필요합니다. • 영어로 기본적인 소통이 가능하신 분이면 좋습니다. 글로벌 팀이나 해외 고객사와 업무상 커뮤니케이션이 필요한 경우가 있습니다. • 해외 출장에 결격사유가 없는 분을 찾고 있습니다. 연간 1~3개월 이내의 해외 일정이 발생할 수 있습니다. 🌟 우대사항 • Google Workspace 관련 자격증이 있거나, 관련 직무에서 인턴 또는 실무 경험이 있으신 분 • Azure 또는 Active Directory(AD) 운영이나 마이그레이션 경험이 있으신 분 • GCP(Google Cloud Platform)를 활용해 프로젝트를 진행해 본 경험이 있으신 분 • AI와 자동화 기술에 관심이 많은 분 — Gemini, Vertex AI, Nvidia 장비 등 다양한 기술과 인프라를 활용해 업무 자동화나 AI 구현에 직접 도전해보고 싶은 분을 환영합니다. • 문제를 그냥 넘기지 않고, 더 나은 방식으로 개선해보고 싶은 분 — 시스템을 스스로 개선하고, 코드를 통해 문제를 해결하는 과정에서 재미와 보람을 느끼시는 분과 잘 맞습니다. • 장기적으로 커리어를 넓혀가고 싶은 분 — 기술 지원과 자동화 업무를 넘어, 보안·제품 기획·기술 보안 컨설팅 분야로 성장하고 싶은 분이라면 더욱 좋습니다. 자격요건 학력 대학졸업(4년) 이상 근무조건 급여 회사 내규에 따름 근무지역 경기 성남시 수정구 창업로40번길 20 판교 소프트웨어 드림센터 지원 기간 및 방법 접수기간 2026-03-31 ~ 채용 시 마감 접수방법 홈페이지 지원 문의 이메일 job@netkiller.com 유의사항 허위 사실이 발견될 경우 채용이 취소될 수 있습니다."
312091,한국수출입은행,[한국수출입은행] 2026년 상반기 청년인턴 채용,INTERN,지점 - 장애인 | 경영/사무 | 기획/전략/경영 | 사무/총무/법무 | 인사/노무/교육 | 경리/회계/결산 | 재무/세무/IR | 사무보조/문서작성 | 1. 당행의 청년인턴 근무를 통해 본인이 얻고자 하는 역량에 대해 기술하시오. (300~1000 bytes) | 2-1. 지원자가 가장 중요하게 생각하는 가치관에 대하여 기술하시오. (200~500bytes) | 2-2. 상기 제시한 가치관을 실천하기 위하여 어떠한 활동을 지속해 왔는지 구체적인 사례를 들어 기술하시오. (200~500bytes) | 3-1. 지원자에게 가장 큰 영향을 끼친 실패 혹은 성공 경험에 대해 기술하시오. (200~500bytes) | 3-2. 상기 제시한 경험 이후 지원자가 어떻게 달라졌는지 기술하시오. (200~500bytes) | [한국수출입은행] 2026년 상반기 청년인턴 채용 | 지점 - 업무일반 | EDCF | 기타,,,[한국수출입은행] 2026년 상반기 청년인턴 채용 [모집분야] 본점 EDCF 지점 [모집기간] 03월 31일 ~ 04월 14일 [채용공고]
312090,연합 동아리 '쏘다텐',양궁&사격 동아리 <쏘다텐> 1기 신입 부원 추가 모집,,,,,"스트레스는 날리고, 텐(10점)션은 올리고~~~~ 양궁&사격 동아리 <쏘다텐>에서 함께할 명사수 여러분을 찾습니다! 실력은 중요하지 않습니다. 과녁을 향한 열정만 있다면 누구나 환영합니다! (초보자 대환영🙌) 📋 지원 자격 - 양궁과 사격에 호기심과 흥미가 가득한 분 - 왕초보 환영! (활 잡는 법, 총 잡는 법 몰라도 괜찮아요. 와서 배우면 됩니다!) - 서울/수도권 지역에서 정기 활동 참여가 가능하신 분 - 대학생(재/휴학), 취준생 등 🏹 활동 내용 ● 활동 기간: 2026.04.18 ~ 2026.06.20 (약 2개월) ● 정기 모임: 격주(2주에 1회) 진행 ● 활동 장소: 서울 내 주요 양궁 카페 및 실내 사격장 - 양궁: 실내 양궁장에서 자세 교정 및 팀 대항전 게임 - 사격: 권총/소총 공기총 사격 입문 👉 숙련도에 따라 실탄 사격장 방문 추진 🗓 모집 일정 - 서류 접수: 2026.03.30(월) ~ 2026.04.15(수) 자정 마감 - 합격자 발표: 4월 내 개별 문자 연락 예정 ❗유의사항 - 무단 결석 및 잠수 지양(사유 없는 결석 3회 이상 시 제명될 수 있습니다) - 정치, 종교 권유, 상업적 홍보 활동은 절대 금지 📩 지원 방법 아래 구글폼 링크를 통해 지원서를 작성해 주세요 https://forms.gle/g4oFJoyJbxkGe9667 📢문의 & 소통 인스타 DM: https://www.instagram.com/ssoda_ten"
312089,뉴페이스,뉴페이스 : Trendy한 매거진 제작 동아리,,,,,"✨대학생 매거진 제작 동아리 뉴페이스 모집✨ 혹시 이런 생각 해본 적 있나요? 📌 글 써보고 싶긴 한데 혼자 하긴 막막하다… 📌 기자는 아니어도 콘텐츠는 만들어보고 싶다 📰 뉴페이스는 #1. 대학생들이 모여 #2. 카드뉴스 · 매거진 콘텐츠를 제작하고 #3. SNS에 연재하는 온라인 매거진 동아리입니다. 단순 기사 작성이 아니라, 👉 기획부터 제작, 업로드까지 직접 경험해볼 수 있어요. 🔍 활동 내용 #사회 · 문화 · 트렌드 등 관심 주제 콘텐츠 기획 (도전 정신 있으신 분들은 따로 팀으로 묶어, 랜덤으로 주제 선정 예정) #팀별 매거진 제작 / 개인별 매거진 제작 #월 2회 콘텐츠 발행 (홈페이지 연재) #월 1~2회 회의 (온라인 위주) ※ 시험 기간 활동 최소화 📄 최종 결과물 #뉴페이스 온라인 매거진 제작 #웹사이트 카드뉴스 및 매거진 정기 업로드 #포트폴리오 활용 가능 (팀/개인 작업) ✨ 이런 분께 추천해요 #전공 상관없이 콘텐츠 만들어보고 싶은 분 #글 실력은 자신 없지만 배워보고 싶은 분 #카드뉴스 및 매거진 제작 경험 쌓고 싶은 분 #포트폴리오 만들고 싶은 분 #나의 취향이 대중적인지 알아보고 싶으신 분 #마케터, 기자, 인플루언서, 광고 기획자 등 실전 경험 쌓고 싶으신 분 📌 모집 안내 #모집 대상: 전공 무관 대학생 #활동 기간: 2026년 4월 5일 ~ 7월 5일 #활동 방식: 온라인 + 오프라인 병행 ※ 팀별 매거진 : 3개월간 3개 발행 ※ 개인별 카드뉴스 : 3개월간 3개 발행 📍 지원 링크 https://docs.google.com/forms/d/e/1FAIpQLSet3CijLIhTZqScPIgeZHx27-cr2v3oluW0tVz4syX_go01aA/viewform 📍매거진 사이트 https://fastsona.wixsite.com/newface"
312088,환경을 생각하는 사람들,환생온 3회차 “기후변화 속에서 탄소흡수원으로서의 숲”,,,기타,행사 참여,"[환생온 설명] ""환경을 생각하는 사람들""은 정회원과 일반 시민 누구나 참여할 수 있는 환경 온라인 강의 <환생온> 운영을 시작했습니다. 환경을 주제로 한 다양한 지식과 정보를 온라인으로 편리하게 접할 수 있는 학습의 장을 마련하고자 합니다. 🎉<환생온>은 매월 진행을 목표로, 환경을 생각하는 사람들 정회원이 어렵고 복잡한 환경 지식을 일반 시민들도 이해하기 쉽게 전달하는 것을 목표로 하고 있습니다. [환생온 3회차 강의 내용] ㅇ 식목일을 기념하여 숲과 기후위기의 관계에 대한 시민 이해를 높이고, 기후위기 대응을 위한 사회적 관심과 인식을 확산하고자 함. ㅇ 산림의 탄소흡수·저장 기능과 지속가능한 산림관리의 필요성을 이해하고, 탄소중립 사회에서 숲이 가지는 의미를 살펴보는 기회 제공. ✨ 한준규 강사 프로필 링크 https://environmentalpeople.com/expert/?bmode=view&idx=165077393 [강의 개요] 📅 일시 : 2026.04.09. (목) 20:00 - 21:00 📍장소 : Zoom 💡프로그램 : 온라인 강의(무료) ✍️ 신청 기간 : 2026.03.30.(화) ~ 04.08.(수) [신청 링크] https://docs.google.com/forms/d/e/1FAIpQLSfPhWYM3i-hk_gOQ5s20Wfl3Iyydoipc_QRRql2svI7_H9dKg/viewform?usp=dialog"
312087,트레블,k리그 동아리 트레블 2기 신규모집중 *신규 입문자도 환영*,,,,,"⚽️ K리그 직관 동아리 ‘트레블’ 2기 모집 ⚽️ 혼자 가기 망설여졌던 경기장, 이제는 트레블에서 함께 불태워요!🔥 트레블은 20대 대학생·졸업생 중심의 K리그 직관 연합 모임입니다. 해외 축구만 보다가 국내 리그도 제대로 느껴보고 싶은 분들을 위해 만들어졌어요! 축구 잘 몰라도 완전 OK 특정 팀 강제 응원 절대 없음 (다양한 팀 팬들이 섞여 있어요) 응원 스타일 자유 (조용히 보기 / 열심히 하기 다 환영) 직관 처음이어도 부담 없이 오세요! 경기장의 함성, 라이브 열기, 그 현장 에너지를 같이 느끼고 즐기는 소모임이에요. ⚽️ 활동 리그 K리그1 + K리그2 (팀 상관없이) ⚽️ 활동 빈도 & 방식 시즌 중: 보통 2~4주에 1회 직관 (바쁘면 1~2달에 한 번만 와도 충분!) 경기 후: 자유롭게 밥 + 카페 (술 강요 절대 NO) 비시즌(겨울~봄): 월 1회 정도 풋살 / 유니폼 매장 투어 / 축구 토크 모임 등으로 연결 유지 일정은 단톡방 투표로 정하고, 참석은 자유! ⚽️ 활동 지역 서울 주요 경기장 위주 (서울월드컵경기장, 잠실, 수원월드컵경기장 등) 일정 맞으면 수도권 원정도 가끔! ⚽️ 현재 운영 현황 1기: 약 15명 내외로 운영 중 (평균 참석률 70% 정도예요) 2025년 말부터 준비해서 2026 시즌 본격 스타트 소규모로 진행해서 (한 번에 8~15명 내외) 어색함 없이 금방 친해져요 ⚽️ 모집 대상 20대 대학생 및 졸업생 K리그 입문하고 싶은 분 혼자 직관은 부담스럽고 그룹으로 즐기고 싶은 분 건전하게 취미 공유하고 싶은 분 ※ 소수 정예로 운영할 예정이라 적극적·긍정적인 분 우대! 📅 모집 기간 2026.03.25 ~ 2026.04.30 📝 지원 방법 https://forms.gle/ifmNjEwojYYja4Ct8 구글폼 작성 → 작성 후 1~2일 내 개별 연락 후 오픈채팅 초대 (구글폼에 간단 자기소개 + 관심 팀/직관 경험 적어주세요!) ⚠️ 유의 사항 티켓은 각자 예매 (티켓팅 팁 공유는 적극 도와드려요!) 경기 중 음식·음료 자유 술 권유 절대 금지 (무알콜만 OK) 특정 팀 비하나 싸움 절대 NO (다양성이 핵심!) 날씨·교통 체크 필수 (직관 전날 리마인드 메시지 보내드려요) 🚫 이런 분은 저희와 맞지 않을 수 있어요 술이 메인인 모임 찾는 분 종교·정치·영업 목적 가입 활동 거의 안 하면서 이름만 걸어두고 싶은 분 K리그의 매력, 현장에서 직접 느끼고 싶은 분들 진심으로 기다릴게요! 💙⚽️"
312086,유한킴벌리,[유한킴벌리] 서초연구소 Research Scientist (여성용품 제품개발) 신입 및 경력 채용,"NEW, EXPERIENCED","서초연구소 Research Scientist (여성용품 제품개발) | 연구개발/설계 | 자동차/조선/기계 | 반도체/디스플레이 | 화학/에너지/환경 | 전기/전자/제어 | 기계설계/CAD/CAM | 통신기술/네트워크구축 | 바이오/제약/식품 | 자동차 | 조선 | 기계 | 반도체 | 디스플레이 | 화학 | 에너지 | 환경 | 화장품 | 전기/전기설비 | 전자 | 공정/품질/테스트 | 기계설계 | CAD | CAM | 바이오 | 제약 | 의약품 | 식품가공/개발 | 유한킴벌리에 지원하신 동기와, 입사 후 포부를 단기(5년 이내)와 장기(10년 이상)로 나누어 작성해 주세요. | 지원자님을 가장 잘 표현할 수 있는 성장 경험을 예를 들어 작성해 주세요. (학교생활, 인턴·아르바이트 경험, 직장 경험 등) | 데이터 분석 또는 AI 툴을 활용하여 학업, 업무, 또는 일상생활을 개선한 경험을 작성해 주세요. (활용한 툴, 적용 목적, 문제 해결 과정, 성과 및 배운 점을 포함) | 그동안 쌓아온 직무 경험과 인턴십을 포함한 실무 경험 전반을 작성해 주세요. 특히 해당 과정에서 발휘한 역량, 습득한 기술, 성과 등을 중심으로 소개해 주시면 좋습니다. | [유한킴벌리] 서초연구소 Research Scientist (여성용품 제품개발) 신입 및 경력 채용",,,"[유한킴벌리] 서초연구소 Research Scientist (여성용품 제품개발) 신입 및 경력 채용 접수 기간 2026-03-24 ~ 2026-04-07 모집부문 및 상세내용 모집 부문 상세내용 서초연구소 Research Scientist (여성용품 제품개발) (0명) 담당업무 여성용품(팬티라이너, 입는 오버나이트, 생리대) 중심 제품 개발 및 혁신 미션을 수행합니다. 제품 개발 및 성능 개선 시장·소비자·공정에 대한 이해를 기반으로 신규 제품 개발 및 성능 개선 신규 자재 개발 및 완제품 적용을 위한 실험 설계·평가 및 Trial Run 수행 제품 컨셉 및 효능 원료 개발 마케팅 Claim 개발 및 Claim Substantiation 제품 안전성 검증 및 각종 테스트 수행 원가 절감 및 담당 브랜드의 LCM(Life Cycle Management) 업무 수행 중·장기 기술 개발 중·장기 제품 디자인, 소재 및 기술 개발 프로젝트 참여 협업 및 커뮤니케이션 마케팅, 제조, 품질, 국내·외 협력사, KC 인증 기관 등과의 유기적 협업 R&D·Business·파트너사 등 다양한 Stakeholder와의 실질적 커뮤니케이션 업무 수행 채용형태 - 신입 우대조건 관련 전공 석사학위 소지자 국가보훈대상자(증빙 제출 시) 아래 경험 보유자 환영 신제품 개발 및 신규 공급업체 발굴/운영 경험 KC 등 인증 관련 기관과의 소통 경험 시장 트렌드 기반 신규 제품 제안 경험 자격요건 학력 대학졸업(4년) 이상 근무조건 급여 회사 내규에 따름 근무지역 서울 서초구 마방로 60 동원에프앤비빌딩 21층 전형 절차 Step 1 서류전형 Step 2 직무적성검사 Step 3 면접 전형 Step 3 최종합격 지원 기간 및 방법 접수기간 2026-03-24 ~ 2026-04-07 접수방법 홈페이지 지원 유의사항 허위 사실이 발견될 경우 채용이 취소될 수 있습니다."
312085,유한킴벌리,[유한킴벌리] 고객사업부문 플랫폼 마케터 신입 및 경력 채용,"NEW, EXPERIENCED","고객사업부문 플랫폼 마케터 | 마케팅/PR/분석 | 마케팅/광고/홍보 | 마케팅전략/기획 | 광고기획 | 온라인마케팅 | 시장조사/분석 | 브랜드매니저 | 해외마케팅 | 언론홍보/PR | 설문/리서치 | 전시/컨벤션 | 유한킴벌리에 지원하신 동기와, 입사 후 포부를 단기(5년 이내)와 장기(10년 이상)로 나누어 작성해 주세요. | 지원자님을 가장 잘 표현할 수 있는 성장 경험을 예를 들어 작성해 주세요. (학교생활, 인턴·아르바이트 경험, 직장 경험 등) | 데이터 분석 또는 AI 툴을 활용하여 학업, 업무, 또는 일상생활을 개선한 경험을 작성해 주세요. (활용한 툴, 적용 목적, 문제 해결 과정, 성과 및 배운 점을 포함) | 그동안 쌓아온 직무 경험과 인턴십을 포함한 실무 경험 전반을 작성해 주세요. 특히 해당 과정에서 발휘한 역량, 습득한 기술, 성과 등을 중심으로 소개해 주시면 좋습니다. | [유한킴벌리] 고객사업부문 플랫폼 마케터 신입 및 경력 채용",,,"[유한킴벌리] 고객사업부문 플랫폼 마케터 신입 및 경력 채용 [모집직무] 고객사업부문 플랫폼 마케터 [담당업무] 맘큐 브랜드 전략 및 커뮤니케이션 기획 유아동/부모 타겟 기반 브랜드 포지셔닝 및 메시지 개발 시즌/테마 기반 캠페인 기획 및 실행 디지털 캠페인 기획 및 운영 Paid Media (Meta, Google, Naver 등) 캠페인 전략 수립 및 운영 캠페인 KPI 설계 및 성과 분석 (ROAS, CAC, LTV 등) 콘텐츠/크리에이티브 전략 및 기획 광고 소재 및 콘텐츠 방향성 기획 (영상, SNS 등) 내부 및 외부 이해관계자 협업 브랜드/Sales/CRM/에이전시 등과 협업하여 통합 캠페인 실행"
312084,푸바오니하오,푸바오가 초대하는 중국어 교실 : [푸바오 니하오] 중국어회화 동아리 모집,,,,,"🐼 푸바오가 초대하는 중국어 교실 💬 [푸바오 니하오] 중국어회화 동아리 모집 💛 ""니하오?""는 할 수 있는데 자연스러운 대화는 아직 어렵다면? 중국어를 공부가 아닌 ‘소통’으로 배우고 싶다면 푸바오가 여러분을 초대합니다 🐼✨ 🌿 이런 분들 환영해요! ✔ 중국어 말해보고 싶지만 기회가 없었던 분 ✔ HSK는 있는데 회화가 막막한 분 ✔ 중국 드라마·여행·문화에 관심 많은 분 ✔ 부담 없는 분위기에서 배우고 싶은 분 실력보다 중요한 건 함께 해보겠다는 마음 💛 📅 활동 안내 🗓 주 1회 정기 모임 (요일과 시간은 참여 인원 조율 후 확정) 한 번 모일 때마다 ✔ 말하기 ✔ 듣기 ✔ 표현 확장 을 자연스럽게 경험하도록 구성됩니다 ✨ 부담 없이, 하지만 꾸준하게 🌿 ✨ 활동 방법 1️⃣ 워밍업 스몰토크 매 모임 시작은 가벼운 중국어 인사와 근황 이야기로! 짧게라도 반드시 말해보는 시간 💬 2️⃣ 상황별 회화 연습 ✔ 카페 주문하기 ✔ 여행 상황극 ✔ 친구와 대화하기 ✔ 일상 표현 연습 실제 상황처럼 역할을 나눠 진행 🎭 3️⃣ 테마 토크 데이 매주 하나의 주제를 정해 관련 표현을 배우고 자유 대화 진행 🌸 (음식 / 여행 / 취미 / 연애 / 밈 등) 4️⃣ 영상 & 드라마 활용 재미있는 클립을 보며 자주 쓰는 표현과 자연스러운 억양 연습 🎧 5️⃣ 소그룹 대화 & 미니 챌린지 2~3명씩 나누어 충분히 말해보고 한 주 작은 말하기 챌린지 도전 ✨ 🌷 푸바오 니하오는 이런 공간이에요 • 소수 인원, 따뜻한 분위기 • 틀려도 괜찮은 안전한 공간 • 서로 응원하며 성장하는 모임 중국어가 두려움이 아니라 설렘이 되는 시간 이 되도록 🐼💛 📎 모집 관련 1. 모집 인원: 14명 내외 2. 활동 시간/장소: 주1회 , 최소 2개월 이상 3. 신청 방법: 기간 내 폼 제출 https://the-form.io/s/50wQ"
312083,걸어서금융속으로,모여라 걸어서 금융속으로,,,,,"💰금융스터디 ""걸어서 금융속으로"" 5기 모집 💰 💲금융공부와 스펙을 한번에 잡고 싶다면?💲 스터디와 공모전 두마리 스펙을 다 잡을 수 있는 ★걸어서금융속으로★ 💵전공지식 다 날아간분, 왕초보 환영💵 💸활동커리큘럼 -재무관리 기본기 다지기 : 금융시장의 이해, 시간가치, 재무제표 분석 등 -투운사, 재경관리사 등 자격증 공부는 덤으로! -회계에 관심 있는 분들도 환영! -경영지원에 가서는 뭐해~? 💲금융 경제 경영의 모든 것 다 구분해줄게~ 💲 💸활동주기 -주1회 줌, 오프라인 스터디 병행 *시험기간 쉬어갈 예정 💸운영주체 금융 전공 대학생들이 모여 만든 동아리입니다! 스펙이 아닌 평생을 살아가며 필요한 필수 금융 지식!을 더욱 효율적으로 공부하기위해 만들었습니다. 📍문의처 회장 김민주 010-6752-0530 대표 메일 : gim141709@gmail.com 📍지원방법 구글폼 https://forms.gle/5ikXTCP9PVB2S2ZKA 📍노션 링크 스터디 내용 노션으로 공유! *잠시 지원해주시는 여러분께 열어드리고 칼같이 스터디원만 공유 예정 ! https://cyber-neon-709.notion.site/110cf037f6c08087a6b9c84966f1bbac?pvs=4"
312082,호국보훈 봉사단,호국보훈 봉사단,,,,,"호국보훈 봉사단 모집 역사 현장을 함께 방문하고, 현장의 의미를 배우며, 주변 환경정리 봉사활동을 함께할 대학생을 모집합니다. [활동 내용] 호국보훈 봉사단은 역사 현장 탐방과 간단한 환경정리 봉사활동을 함께 진행하는 대학생 자치 동아리입니다. 동아리에서는 역사 사건·인물·장소에 대한 기초 내용을 함께 공부한 뒤 실제 현장을 방문하여 장소의 의미를 살펴보고, 방문지 주변 쓰레기 수거 및 간단한 환경정리 활동을 진행합니다. 활동 후에는 소감을 공유하고 다음 활동 장소와 주제를 함께 정합니다. 주요 활동은 아래와 같습니다. - 역사 사건, 인물, 장소에 대한 사전 학습 및 이야기 나누기 - 신의주학생의거탑, 국립현충원, 전적비, 기념비 등 역사 현장 방문 - 방문지 주변 쓰레기 수거 및 간단한 환경정리 - 활동 후 소감 공유 및 다음 활동 장소·주제 논의 활동은 보통 아래와 같은 순서로 진행합니다. - 모임 및 출석 확인: 10분 - 방문 장소 관련 내용 소개 및 사전 이야기 나누기: 30분 - 현장 이동 및 탐방: 1시간 - 방문지 주변 환경정리 활동: 1시간 - 활동 마무리 및 소감 공유: 20분 [지난 활동 내역] 기존에는 아래와 같은 활동을 진행했습니다. - 신의주학생의거탑 방문 및 관련 역사 이야기 나누기 - 국립현충원 방문 및 주변 환경정리 - 전적비, 기념비 등 현장 방문 후 장소 의미 공유 단순 견학이 아니라 직접 현장을 방문하고, 주변 정리 활동까지 함께하는 방식으로 운영하고 있습니다. [향후 활동 계획] 향후에는 역사 현장 방문 활동을 월 1회 정기적으로 진행할 예정입니다. 방문 전에는 관련 내용을 함께 정리하고, 방문 후에는 활동 소감 공유와 다음 방문 주제 논의를 진행합니다. 활동 장소는 매월 주제에 따라 선정하여 사전 공지합니다. [활동 방식] - 정기 활동: 매달 마지막 토요일 14:00 시작 - 모임 장소: 서울 시내 또는 수도권 일대(세부 장소는 활동별 사전 공지) - 활동 주기: 월 1회 정기 활동 진행 - 모든 활동은 자율 참여이며, 불참에 따른 불이익은 없습니다 [모집 대상] - 의미 있는 대외활동을 해보고 싶은 대학생 - 혼자 가기 어려웠던 역사 현장을 함께 방문하고 싶은 대학생 - 부담 없이 참여할 수 있는 동아리를 찾는 대학생 [모집 절차] - 네이버폼 접수 - 접수 확인 후 3일 이내 개별 안내 - 합격 발표는 개별 연락으로 진행 모집 공고에 안내된 절차 외 다른 방식으로 별도 진행하지 않습니다. [회비] - 가입비 없음 - 입회비 없음 - 회비 없음 - 활동비 없음 회비는 순수 동아리 운영에만 사용되며, 별도 비용이 필요한 경우 사전 안내 후 운영 내역을 동아리원에게 투명하게 공개합니다. [지원 방법] 네이버폼 접수 https://naver.me/FGE4V3X0 [운영 주체] 본 동아리는 대학생 운영진이 자치적으로 운영하는 동아리입니다. 정치, 종교, 시민단체 및 특정 영리·비영리단체와 전혀 관련이 없으며, 특정 단체 가입, 정치활동, 종교활동, 후원 요청 등은 일절 없습니다."
312081,국제청년센터,2026 보길도 국제교류봉사단 참가자 모집,,,파워블로거/SNS | 사진/영상/디자인 툴 | 타 대외활동 경험,봉사활동시간,"2026 보길도 국제교류봉사단 참가자 모집 ○ 모집개요 - 2026년 보길도 국제교류봉사단은 전라남도 완도군 보길도에서 해별 플러깅 활동, 어린이들과의 교류와 현지 문화 체험을 위한 프로그램에 참여할 국제교류봉사단을 모집합니다. ○ 기간 및 일정 - 모집기간 : 선착순 (선지원 선면접) - 면접일정 : 개별적으로 비대면 면접 진행, 합격 여부 개별 통보 ( * 최종 선발자를 위한 비대면 오리엔테이션 안내를 개별적으로 드리며 필수 참여 해야 합니다.) - 활동기간 : 2026년 5월 22일(금) ~ 25일(월) (3박4일) - 활동 장소 : 전라남도 완도 보길도 ○ 지원자격 - 국내외 청년 (국적 상관없음) ○ 모집인원 - 15명 (선착순) ○ 활동내용 - 보길도 투어 - 해변 플러깅 - 섬 어린이 교류 프로그램 ○ 접수방법 - 온라인 신청서 제출 https://buly.kr/B7brL1d - 1차 서류, 2차 면접으로 최종 선발 ○ 혜택내역 - 1365 봉사증 (16시간) ○ 유의사항 - 참가비 40,000원 (숙식비, 도선비 포함) - 참가비 불포함 내역 : 교통비 등, (숙소는 마을회관을 이용하며 식사는 직접조리) - 선발 우대 조건 1. 홍보물(카드뉴스, 블로그, 영상, 포스터 등) 제작 가능한 분 2. 서포터즈 활동 경험이 있으며 개인 SNS 운영하는 분 3. 농활, 해외봉사 유경험자 ○ 문의 - 카카오톡 1:1 오픈채팅방 @국제청년센터"
312079,Nature Crew,봉사 동아리 <심온스>,,,,,"🌿 심(心) 온(溫) 스(-S) '심온스‘ : 마음이 따뜻한 사람들이 모인 봉사 동아리 봉사동아리 ‘온(溫)’ 은 따뜻함을 나누고자 하는 대학생들이 모여 만든 동아리입니다. 따뜻함을 나누고, 따뜻한 추억도 만드는, ‘심(心) 온(溫) 스(-S)’ 에서 신입생을 모집합니다. 🧸활동 내용 • 정기 기관 방문 (월 2회) → 아동기관: 아동들의 식사활동 보조, 한글 가르치기, 활동보조 → 노인기관: 지역 노인복지관에서 치매예방 보드게임 진행 봉사 • 자선 단체 기부 플리마켓 개최🍜 → 기부받은 의류, 도서, 생활용품 등을 판매하여 수익금 기부 → 플리마켓 기획, 장소 섭외, 물품 수집, 홍보 등 모든 것을 처음부터 기획하는 온(溫)의 봉사 프로젝트 • 정기 MT → 온(溫)에서 가는 MT 란 → 귀농체험을 곁들여 농사와 시골 할머님들이 만들어주신 새참도 같이 먹을 수 있는 특별한 MT 🎠모집요건 -봉사와 추억을 남기고 싶은 사람🌻 -심온스의 편안한 사람들과 재밌는 봉사를 하고싶은 사람🍒 -아이, 어르신 분들과 같이 보드게임을 하며 놀 수 있는 사람👼🏻 -사회에 선한 일을 기획해보고 홍보하며 참여하고 싶은 사람👥 -술을 강요했던 MT와 다르게 색다르고 건전한 MT를 경험 해보고 싶은 사람🌾 📅 모집 안내 - 모집기간 : 3월 4일 ~ 정원 마감시까지 - 활동기간 : 2026년 1학기 (5월 ~ 9월) ※ 온(溫) 에서 방문하는 기관은 1365의 봉사시간을 인정하는 기관의 봉사활동을 합니다. 흔들리지 않는 편안함으로 봉사동아리의 입지를 굳건하게 지키는 봉사동아리 ‘심(心) 온(溫) 스(-S)’ 와 함께 해요❤️"
312078,생존영어회화 동아리,[SURVIVAL] 생존영어회화 4기 모집 오픈,,,,,"[SURVIVAL] 생존영어회화 4기 모집 ▶모임장 소개 - 교환학생 갔다가 본인이 영어로 말을 못한다는 걸 깨닫고 회화 공부 시작함.. 결론적으로는 부담없이 계속 말하다 보면 자연스럽게 느는 게 회화라는 걸 알게 됨!! - '말만 계속 하자' 마인드로 한국 돌아와서 2년째 스터디 운영중임다~~ ▶모임 활동 1. 주1회 NO 한국어 타임: 마치 외국인들과 대화하는 것처럼 한국어 없이 일상대화하는 시간 (경험상 회화 실력이 가장 많이 느는 공부법!!) 2. 1일 1숙어 공유: 카톡 단톡에서 매일 돌아가면서 숙어 한 가지씩 공유해요! (현지인이 쓰는 표현과 한국식 표현은 천지 차이... 유남생..?) ('네이티브가 가장 많이 쓰는 영어회화 표현 300' 교재 활용중!) ▶모집 대상 1. 20대 한국인(나이 제한은 없지만 현재 20대 대학생, 휴학생, 취준생들이 함께하고 있어요!) 2. 서울 및 근교 거주: 서울 여기저기 (예쁜) 카페에서 주로 스터디 진행합니다~ 위치는 매번 바뀌어요! 3. 영어 실력: 왕기초반(2팀), 프리토킹반(2팀) 나눠서 운영 중입니다! 이번 기수는 실력 무관하게 지원 가능합니다:) 4. 활동 기간: 2025년 4월 - 2026년 8월(중간/기말고사 기간 제외, 연장 가능) ▶참여 방법: 기간 내 폼 제출 - https://the-form.io/forms/survey/response/2d4690fb-c804-420e-b7cb-4a51a5705772"
312077,지구시민연합,지구시민워크,,,파워블로거/SNS | 콘텐츠 기획/제작 경험 | 행사 기획 경험,사은품 지급 | 봉사활동시간,"1. 활동 소개 지구와 인류의 공생을 실천하는 글로벌 기부 프로젝트, <지구시민워크>가 2026년 5월 3일 개최됩니다! 기후 위기 시대, 나와 지구를 연결하는 4.22km의 발걸음으로 세상에 따뜻한 변화를 일으킬 열정적인 서포터즈 여러분의 참여를 기다립니다. 2. 모집 개요 활동 일시: 2026년 5월 3일(일) 활동 장소: 올림픽공원 모집 대상: 지구를 사랑하고 공생의 가치를 실천하고 싶은 대학생 및 일반인 누구나 3. 서포터즈 역할 서포터즈는 행사의 원활한 운영을 돕는 '에너지원' 역할을 수행합니다. 참가자 안내: 행사장 동선 및 코스 안내 프로그램 보조: 이벤트 및 메인 프로그램 운영 지원 부스 운영: 체험 부스 관리 및 운영 보조 4. 활동 혜택 (★중요) 봉사시간 인증: 열심히 참여한 당신을 위한 VMS/1365 봉사시간 부여 기념품 증정: 감사의 마음을 가득 담은 지구시민워크 전용 굿즈 간식 제공: 활동 중 당 충전을 위한 달달한 간식 세트 추억 기록: 지구시민워크와 함께하는 특별한 경험과 사진 5. 신청 방법 신청 링크: https://forms.gle/dt3mB2Cit4GMwibFA 문의처: jiguwalk@gmail.com"
312076,아트로그,전시회 관람 동아리 <아트로그>,,,,,"안녕하세요. 일상에 작은 영감과 따뜻한 색채를 채워가는 동아리, '아트 로그(Art Log)'입니다🌸 마음에 쏙 드는 전시를 발견했을 때, 문득 누군가와 이 작품을 나누고 싶었던 적 없으신가요?🥰 각자의 시선으로 바라본 그 고요하고 다정한 순간들을 편안하게 나누고 싶습니다🌷 '아트 로그(Art Log)'는 예술(Art)을 경험하고, 그 순간의 감정과 시선을 기록(Log)한다는 의미를 담고 있습니다 스쳐 지나가는 감상이 아닌, 각자의 언어로 남겨지는 작은 기록들이 쌓여 하나의 따뜻한 흐름이 되기를 바랍니다✨ ✨️ 우리의 활동 🌹서울 곳곳에 숨겨진 다채로운 전시 공간(리움, 국립현대미술관, 그라운드시소, 디뮤지엄 등) 🌹온전한 나의 시간 (1시간 자유 관람): 발길이 닿는 대로, 각자의 속도에 맞춰 온전히 작품과 교감 🌹시선 나누기: 수많은 작품 중, 유독 내 마음에 들어온 단 하나의 작품. 그 이유에 대해 이야기 나누기 🌹기록의 조각: 찰나의 감상을 사진 한 장과 '한 줄의 감상 메모'로 남겨 우리의 로그(Log)를 완성합니다. 🌹여운 즐기기: 간단히 오늘의 모습을 사진으로 남기고 해산합니다. (전시의 여운을 조금 더 안고 싶은 분들은 함께 따뜻한 커피 한 잔의 여유를 즐겨요 ☕️) 🪷이런 분들의 발걸음을 기다려요 💐가보고 싶은 전시는 많았지만, 혼자 가긴 어쩐지 망설여졌던 분 💐전시를 보고 나와 걷는 길, 그리고 마시는 커피 한 잔의 낭만을 사랑하는 분 💐빛바랜 필름 감성, 감각적인 포스터, 아기자기한 굿즈에 마음이 몽글몽글 설레는 분 💐결이 맞는 사람들과 소소하고 따뜻한 영감을 주고받고 싶은 분 ✨️ 우리가 만나는 날 🌸활동기간: 첫 만남부터 약 3개월 동안 🌸만나는 시간: 격주 주말 오후, 나른하고 여유로운 시간 (구체적인 일정은 함께 조율해요) 🌸아트로그에서 갔던 발자취: 종로의 고즈넉함, 한남의 세련됨, 성수의 활기 등 좋은 전시가 열리는 곳이라면 어디든 💳 회비 안내 🌼 별도의 가입비는 없습니다 🌼 전시 티켓 및 개인 소비(카페 등)는 각자 부담입니다 (필요 시 소액의 운영비가 발생할 수 있습니다) 🗓 모집 기간 및 절차 🌼 모집 기간: 4월~7월 🌼 1차: 지원서 작성 🌼 2차: 간단란 전화 및 면접 안내 🌼 최종 합격 안내 후 첫 모임 진행 💌 운영진 🌷 운영진: 전시와 기록을 사랑하는 대학생/청년들로 구성되어 있습니다 ⚠️ 참여 시 안내사항 🌼 원활한 운영을 위해 기본적인 시간 약속을 지켜주세요 🌼 서로의 감상과 취향을 존중하는 분위기를 지향합니다 🌼 종교/정치/상업적 목적의 활동은 제한됩니다"
312075,RXC,미디어사업 인턴,INTERN,,,,"RXC는 국내 최초 리테일 미디어 플랫폼인 PRIZM 서비스를 운영하는 스타트업으로, '경험 소비' 영역을 중심으로 하여 다양한 오프라인 경험재(호텔, 여행 등) 뿐 아니라, 시상식, 공연, 페스티벌의 온오프라인 미디어 파트너사 역할을 수행하면서 사업을 확장해나가고 있습니다. 미디어사업팀 인턴은 전사 핵심 사업인 미디어 사업(K-POP, K-CONTENTS 시상식, 국내 인기 페스티벌 등 화제성 높은 오프라인 이벤트 기반 광고 상품 기획 및 수익 창출 사업)을 지원하는 업무를 수행합니다. IP/콘텐츠/엔터테인먼트 업계 사업에 참여하고, 전사 관점의 스타트업 사업 확장을 경험할 수 있는 좋은 기회이며, 유능한 인재들과 함께 일하며 소통하는 실무 경험을 쌓을 수 있습니다. 주요 ​업무 • 글로벌 K-콘텐츠 이벤트 협업 제안서를 작성하고 리서치 업무를 수행합니다. • 플랫폼 데이터 트래킹/성과 분석 기반 Data Driven 마케팅 전략 및 실행 계획을 수립합니다. • 주최사/광고주 등 이해관계자와의 실무 커뮤니케이션 수행 및 현장 오퍼레이션을 지원합니다. • PRIZM 온드미디어(인스타, X 등) 채널 기반 바이럴 캠페인을 수립하고 실행합니다. 자격 요건 • 콘텐츠/IP/엔터테인먼트 산업에 관심이 있거나 진로를 고민 중인 대학생/취준생을 모십니다. • PPT를 활용하여 시각적인 이해를 잘 시킬 수 있는 장표 작성 능력이 필요합니다. (PPT 포트폴리오 제출 필수) • 오너십을 가지고 하나의 프로젝트를 기획부터 실행까지 전반을 경험하고 싶은 분을 찾습니다. • 남성 지원자일 경우, 병역 의무 이행자로서 근무 기간 변동성 없는 분을 찾습니다. 우대 ​사항 • 스타트업, 방송국, 미디어 관련 기업, 소비재 관련 기업, 컨설팅 등에서 인턴십 경험을 보유한 분을 우대합니다. • K-팬덤 문화에 애정이 있고 경험한 분을 선호합니다. • PPT, Excel 등 문서 활용 능력이 우수하면 좋습니다. • Adobe 포토샵, 프리미어 프로 활용 능력이 우수하면 좋습니다. • 영어 커뮤니케이션이 능통하면 좋습니다. 고용 형태 • 인턴 (6개월 계약직) 전형 ​절차 • 서류심사 > 인터뷰 > 최종합격 • 자유양식으로 이력서(필수), PPT 활용 역량을 보여줄 수 있는 본인이 작성한 PPT 포트폴리오(필수) 제출해 주세요. • 각 전형 안내는 모든 지원자에게 개별적으로 드립니다. • 필요시 전형 과정이 추가되거나 변경될 수 있습니다. 근무 환경 • 선정릉역에서 도보 1분 거리 역세권 • 최고의 동료와 함께 성장할 수 있는 기회 • 아티스트/셀럽과 화제성 있는 트렌드를 경험할 수 있는 기회 • 영어 이름을 사용하고 수평적인 문화를 지향 • 자유로운 휴가 사용 • 점심식대, 그리고 무제한 커피/음료 지원 • 야근할 경우, 야근식대 및 택시 지원 • 업무 택시 지원 • 경조사 지원 • 명절 선물 제공 • 쾌적하고 여유있는 업무 공간 • 효율적인 업무 수행을 위한 최적의 장비 지원 WE ARE RXC RXC는 국내 최초 리테일 미디어 플랫폼인 PRIZM 서비스를 운영하는 스타트업으로, 다양한 투자 유치를 기반으로 소비재 유통, 미디어 광고, 브랜드 개발 등 다양한 영역의 사업을 확장하고자 합니다. PRIZM PRIZM은 사용자에게 브랜드의 이야기와 가치를 다채롭게 전달하는 '리테일 미디어 플랫폼'입니다. 우리는 사용자가 수많은 새로운 브랜드와 상품을 가장 쉽게 이해하고 경험해볼 수 있도록 돕습니다. 커머스의 새로운 대안으로서, 상품과 브랜드의 본질을 이해하고 구매할 수 있는 색다른 쇼핑 경험을 제공합니다. LEARN MORE About RXC APP Download PRIZM Insta RXC Recruit Insta PRIZM Design Brunch"
312074,주식회사 스케일업글로벌,마케팅 컨설팅 스타트업 일본 주니어 마케터 채용 (화장품 / 건기식),NEW,,,,[스케일업 글로벌] 마케팅 컨설팅 스타트업 일본 주니어 마케터 채용 (화장품 / 건기식) [담당업무] K-Beauty 관련 일본 인플루언서 시딩 및 운영 K-Beauty 관련 인플루언서 커뮤니케이션 및 조건 협의 마케팅 데이터 정리 및 성과 분석 리포트 [모집기간] 03월 31일 ~ 채용시 마감 [ 채용공고 ]
312073,한국생산성본부(kpc),[유디임팩트] 경영·사무 인턴형 일경험 2기 (12주),,,,,"유디임팩트(구 언더독스)는 창업 교육 브랜드 언더독스에서 출발하여, 실행 중심의 사회문제 해결에 집중해온 ESG 종합 솔루션 기업입니다. 창업·AI 직무교육, MICE 기반 지역 활성화, 소상공인 마케팅 성장 지원, 기업·기관 ESG 측정·평가, 글로벌 ESG 교육 협력 등 다양한 사업 영역에서 지속 가능한 임팩트를 창출하고 있습니다. 유디임팩트는 단순한 아이디어 제안을 넘어 직접 행동하고 실행하는 'ACT-PRENEUR(액트프러너)' 문화를 바탕으로, 지역·소상공인·글로벌을 아우르는 사회적 변화를 만들어가고 있습니다. 이러한 유디임팩트에서 경영·사무 직무 인턴을 모집합니다. * 모집기간: ~ 2026-04-05 23시 59분 * 사전직무교육: 2026-04-16 ~ 2026-04-17 * 일경험 기간: 2026-04-20 ~ 2026-07-12 * 일경험 시간: 1주 25시간 * 급여: 4주기준으로 지급 예정 / 150만원 * 신청방법: 워크넷 사이트에서 운영기관명에 한국생산성본부 검색 후 원하시는 공고 선택 및 신청 (회원가입 필수) ** 자세한 직무 및 근무지 등은 아래의 신청링크에 첨부된 운영계획서을 통해 확인바랍니다. 신청링크: https://yw.work24.go.kr/d/a/selectItrnPrjtEsgPrgmDtal.do"
312072,한국생산성본부(kpc),[한국에너지재단] 공공행정 인턴형 일경험 2기 (20주),,,,,"한국에너지재단은 기후에너지환경부 산하 공공기관으로, 저소득층 에너지효율 개선을 위해 주택에너지진단사와 함께 저소득층의 에너지 빈곤 해소에 기여하는 주택진단프로그램을 운영하고 있습니다. 미래내일 일경험 인턴형 프로그램을 통해 한국에너지재단에서 직무 능력과 역량을 강화시킬 인재를 모집합니다. 인턴 경험에 관심있는 분들은 많은 관심 바랍니다. * 모집기간: ~ 2026-04-05 23시 59분 * 사전직무교육: 2026-04-16 ~ 2026-04-17 * 일경험 기간: 2026-04-20 ~ 2026-09-06 * 일경험 시간: 1주 25시간 * 급여: 4주기준으로 지급 예정 / 150만원 * 신청방법: 워크넷 사이트에서 운영기관명에 한국생산성본부 검색 후 원하시는 공고 선택 및 신청 (회원가입 필수) ** 자세한 직무 및 근무지 등은 아래의 신청링크에 첨부된 운영계획서을 통해 확인바랍니다. 신청링크: https://yw.work24.go.kr/d/a/selectItrnPrjtEsgPrgmDtal.do"
312071,"US Pharmatech, Inc.",[미국] 건강기능식품 제조회사 설비 채용,INTERN,,,,"회사 - 한국에 본사를 두고 있는 건강기능식품 제조회사 - 미주법인은 2017년도 설립되어서 130명 직원 근무중 : 직원 중 한국계 20명 홈페이지 - http://www.uspharmatech.com 근무지역 - 미국 네바다주, Las Vegas : 근무지역 직원수 80명 모집 포지션 : 설비 ※ 현장 작업자가 아닌 관리·지원 역할로, 공정·인력·데이터를 종합적으로 관리하여 생산이 계획대로 안정적으로 진행되도록 지원하는 중요한 역할입니다. - 설비 및 시설 유지보수 총괄 : 생산 설비(Solid, Packing, Softgel Line) 및 시설 전반 유지보수 관리 : 전기, 기계, 공조(HVAC), 배관, 건물 설비 유지관리 : 예방정비(PM) 계획 수립 및 일정 관리 - 문제 해결 및 긴급 대응 : 설비 트러블 및 긴급 고장 대응 : 주요 설비 고장에 대한 원인 분석(RCA) 및 재발 방지 대책 수립 : 작업 우선순위 설정 및 긴급 수리 관리 - 인력 및 작업 관리 : 설비 유지보수 인력(Technician) 지도 및 감독 : 작업 지시, 작업 결과 검토 및 피드백 제공 : 안전 미팅 및 팀 미팅 진행 : 작업장(공구실, 설비 보관소) 정리 및 관리 - 문서·시스템 관리 : CMMS(설비관리시스템) 운영 및 작업 지시 관리 : 유지보수 기록 및 점검 이력 관리 : GMP 환경에 따른 유지보수 문서 관리 급여 - 시간당 20~25달러 근무시간 - 월~금요일, 오후 2시 25분~오후 11시 / 오전 6시 25분~오후 3시(8시간 근무, 교대 근무) ———————————————————————- [진행절차] 1. 회사 및 미국인턴 관련 궁금한 사항은 하단에 연락처(전화, 카카오톡, 메일)를 통하여 문의 or 첨부하는 영문 이력서에 맞춰 이력서 작성 후 janghc@workbridge.co.kr 로 전달(이력서 확인 후 개별 연락하겠습니다.) 2. 지원에 필요한 서류 준비 - 영문 이력서, 대학&대학교 재학 또는 졸업증명서, 대학&대학교 성적증명서, 여권사본 등 3. 회사에 이력서 접수 4. 스카이프, 줌 등을 통한 화상면접 진행 5. 고용된 자에 한하여 미국 J-1비자를 받기위한 승인서류 발급절차 진행 6. 비자인터뷰 진행 7. 출국하여 근무시작 ———————————————————————- ※ 본 채용정보는 해외취업전문기업 워크브릿지( www.workbridge.co.kr )를 통하여 US Pharmatech, Inc.에 지원들어 갑니다. ※ 서류 통과자에 한하여 면접이 진행되고, 면접에 합격하면 미국 J-1비자를 받아 출국하게 됩니다. ※ J-1비자를 받기위한 승인서류 발급절차 진행은 워크브릿지가 진행하며, J-1비자를 받기위해 필요한 승인서류 발급비용은 개인이 부담합니다. - 수속비용 4,500달러(1년) / 5,100달러(1년 6개월) : 포함내역 - DS-7002, DS-2019, , SITE VISIT, 의료보험료 : 불 포함내역 - 비자인지(185달러) 구입, SEVIS(220달러) 편도 항공권 구입비용 ———————————————————————- [문의 및 지원하기] - 전화 : 02-554-7574 // 010-4593-7564 - 카톡 : heungchan - 메일 : janghc@workbridge.co.kr"
312070,한국생산성본부(kpc),[한국광기술원] 경영·사무 인턴형 일경험 2기 (12주),,,,,한국광기술원은 시장과 기술을 선도하는 광융합 거점 기관입니다. 미래내일 일경험 인턴형 프로그램을 통해 한국광기술원에서 인턴을 모집합니다. 인턴 경험에 관심있는 분들은 많은 관심 바랍니다. * 모집기간: ~ 2026-04-05 23시 59분 * 사전직무교육: 2026-04-16 ~ 2026-04-17 * 일경험 기간: 2026-04-20 ~ 2026-07-12 * 일경험 시간: 1주 25시간 * 급여: 4주기준으로 지급 예정 / 150만원 * 신청방법: 워크넷 사이트에서 운영기관명에 한국생산성본부 검색 후 원하시는 공고 선택 및 신청 (회원가입 필수) ** 자세한 직무 및 근무지 등은 아래의 신청링크에 첨부된 운영계획서을 통해 확인바랍니다. 신청링크: https://yw.work24.go.kr/d/a/selectItrnPrjtEsgPrgmDtal.do
312069,경기콘텐츠진흥원,2026년 경기 지역자원 활용 콘텐츠 제작지원 지원기업(AI숏폼부문) 모집 공고,,,,기타,"🎥 AI로 그리는 경기도의 이야기! 제작 지원금 최대 1,200만 원 받으러 가자! 🚀 경기도의 숨겨진 스토리와 문화 자원을 AI 숏폼 영상으로 탄생시킬 기업 & 예비 창업자를 찾습니다! 🎨✨ 📍 지원 내용 자금 지원: 팀당 800~1,200만 원 (차등 지급) 특전: 가상오피스 주소지 지원, 회계 교육 및 결과물 홍보 전시 기회 제공! 📍 모집 개요 대상: 업력 3년 이내 경기도 기업 또는 이전 예정자 (예비 창업자 포함) 분야: AI 숏폼 영상 (8편 이상 제작 / 1~2분 내외) 접수: ~ 2026년 4월 8일(수) 14:00까지 📍 신청 방법 경기 콘텐츠코리아 랩 누리집(gconlab.or.kr) 접속 후 '프로그램' 신청 잠깐! 경기도 외 지역 기업이라도 선정 후 10일 이내 주소지 이전 시 신청 가능하니 놓치지 마세요! 💡"
312066,한방스트,[한방스트] 락볼링 동아리 5기 부원 모집,,,,,"‼️추가모집‼️ 🎳볼링 초보를 위한 락볼링 연합 동아리 <한방스트> 볼링동아리 한방스트에서 5기 신입 부원을 모집합니다! 볼링을 잘 치는 사람들만 모이는 곳?! …은 아닙니다! 약 30명 정도 규모의 한방스트는 스트라이크가 아니어도 박수갈채를 해주는! 볼링 초보자로 와서 볼링 기능자가 되는 볼링을 좋아하는 연합동아리입니다 🎱연합동아리 한방스트에는 누가 있냐! 연세대, 서강대, 한양대, 중앙대, 건대, 세종대, 이대, 숙대, 숭실대 🎱한방스트만의 활동! • 방학 초반 강릉 펜션으로 정기 연합 MT를 갑니다! • 영등포구 청년 동아리 지원 사업을 받아 회비 절감으로 비용부담이 적습니다 • 볼링 기능자를 초청하여 실력이 떨어질 쯤 무료 강습이 있습니다 • 학교별 교류전 및 정기전 • 무엇보다👍 볼링만 치는게 아닌 보드게임, 한강 러닝/피크닉, 디저트 카페 힐링 모임 등 부원들이 원하는 친목모임을 부담없이 즐기는 문화가 있습니다! (정모 월 1회, 볼링 후 자유롭게, 시험기간 제외) 🎱정기모임 • 3월 중순부터 격주 수요일, 토요일 중 하루 진행 • 볼링장 비용이 저렴한 오후시간대로 조별운영할 예정으로, 오후타임 세일 혜택을 최대한 받도록 운영하고 있습니다 *모임 장소 서울대입구, 왕십리, 신촌, 상도 4곳에서 진행 🎱번개모임 • 점수별 조 결성 후 카톡방에서 시간을 맞춰 번개모임 진행 *팀별운영 • 초급반 : 평균 80점 이하(많아요😄 걱정No) • 중급반 : 평균 80-120점 • 고급반 : 평균 120점 이상 🎱회비 • 게임비 한주 보통 3게임 운영, 오후타임 할인 적용시 한주 1만원+그외 중앙지원 • 입회비 2만원 • 회식, 친목모임시 일부 중앙지원 *동아리 운영에 사용되며 매달 사용내역이 고지됩니다 🎱지원 및 모임 일정 • 지원 기간 : 3/10~4.11 • 2월 말~ : 조별 OT 진행 • 시작일 : 3/16~ 종강 • 모집 인원: 10명 내외 • 지원서 제출 : https://forms.gle/1BJV3czNsXvpjPee8 🎳락볼링 한눈에 보기 https://magnetic-neon-f5b.notion.site/310565bc1d698049b751ce42c86f1790 📌유의사항 - 모두의 안전한 취미공유를 위해 이성적 친분 위주 가입은 금합니다. - 동아리 활동은 볼링을 즐기려는 것을 목적으로 합니다. - 종교포교, 다단계 가입유도 금합니다. 🎳한방스트와 함께 즐겁고 건강한 1학기를 함께해요!🎳"
312065,빈센트,[선착순 무료] 보컬 레슨 Before&After 리뷰생 모집,,,,,"🎤 vincent studio 보컬 레슨 모집 🎤 안녕하세요 vincent studio입니다. Before & After 비교 레슨 홍보를 위해 선착순 무료 레슨을 진행하고자 합니다. ✍️경력 서울예술대학교 실용음악과 보컬 졸업 강남 <CMS 보컬 아카데미> 출강 <이현아 - 시간이 닿으면> 작/편곡 <재욱 - souless> 작/편곡 *이외 음원 가이드 보컬 다수 🎼 모집 요강 - 취미부터 전문 입시까지 관심있는 분 - 레슨 후 솔직한 후기를 작성해줄 수 있는 분 - 음치, 박치라서 고민 중인 분 🎼 레슨 구성 1️⃣ 레슨 시간: 1시간~1시간30분, (최대 5회까지 가능) 2️⃣커리큘럼 1회차 호흡법, 기초 발성, 음정&박자 테스트 2회차 선정 곡 카피, 음계 연습(5음계, 8음계)의 발성 및 음정 연습 3회차 곡 해석 및 창법 분석, 심화 발성 4회차 성대 접지, 목소리 톤 교정 5회차 감정 표현의 이론 및 실습 3️⃣ 개인별 목표 설정 및 실습 필요에 따라 고음 처리, 곡 해석, 호흡 안정 등 세부 코칭 진행 🎼 레슨 정보 기간: 상시 모집 (선착순 마감) 장소: 홍대 비용: 레슨 무료 (연습실 대여비 본인 부담) 참여 조건: 1-5회 레슨 꾸준히 참여 가능 📩 지원 방법 구글폼 https://forms.gle/2mgfJBQzp7EaAw8J8 📩 문의 인스타 vincent_vocal https://www.instagram.com/vincentvocal_studio?igsh=b2Z0Z3JicnE5bHo2"
312063,"Delice Global, Inc.",[미국] 글로벌 식품 유통 프랜차이즈 기업 품질관리팀 채용(비자 받으면 지원금 900만원 지급),INTERN,,,,"회사 - 1988년 설립이래 미국, 유럽 등 세계 70여 개국에 진출한 글로벌 식품 유통 프랜차이즈 기업 : KIMS MAGIC POP, DELI POP, MINI POP, BOB POP 등 다양한 곡물류를 만드는 기계와 제빵기(DELIMANJOO, TOKYO TAIYAKI), 자동 포장기 등으로 프랜차이즈 사업을 확장 홈페이지 - https:// www.deliceglobal.com/ 근무지역 - 미국 뉴저지주, Palisades Park : 근무지역 직원수 30명 모집 포지션 : 품질관리팀 - 식품 공장 BRC (GFSI인증) / HACCP 프로그램 관리 - 제품 생산 / 출고의 Record Keeping (Log Book) - 생산 팀장 보조하여 Quality 관련한 데이터 관리 - BRC Audit시 생산 팀 및 운영팀 자료 작성 보조 업무 - 원료 (재료 / 패키지 등 기타 자재) 입고시 QC 업무 보조 급여 - 시간당 20달러 기타 - 주요 공휴일 및 추가 유급 휴가 5일 제공 근무시간 - 월~금요일, 오전 8시 30분~오후 5시 30분 ———————————————————————- [진행절차] 1. 월드잡 사이트에서 온라인 지원하기 클릭 후 필요한 서류 등록 - 지원한 내용 확인 후 J비자에 결격사유가 없을 경우 개별 연락 드리겠습니다. 2. 지원에 필요한 서류 준비 - 영문 이력서, 대학&대학교 재학 또는 졸업증명서, 대학&대학교 성적증명서, 여권사본 등 3. 회사에 이력서 접수 4. 마이크로소프트 팀증, 줌 등을 통한 화상면접 진행 5. 고용된 자에 한하여 미국 J-1비자를 받기위한 승인서류 발급절차 진행 6. 비자인터뷰 진행 7. 산업인력공단에서 진행하는 사전교육(온라인) 25시간 진행 8. 출국하여 근무시작 9. 근무시작 후 급여 외 준비금(210만원 신청) 후 매달 150만원 체제비용 4개월 동안 신청, 4개월 후 수료금 90만원 신청 ———————————————————————- ※ 본 채용정보는 해외취업전문기업 워크브릿지( www.workbridge.co.kr )를 통하여 Delice Global, Inc.에 지원들어 갑니다. ※ 서류 통과자에 한하여 면접이 진행되고, 면접에 합격하면 미국 J-1비자를 받아 출국하게 됩니다. ※ J-1비자를 받기위한 승인서류 발급절차 진행은 워크브릿지가 진행하며, J-1비자를 받기위해 필요한 승인서류 발급비용은 개인이 부담합니다. ※ 일경험 지원사업 참여기업으로 본 채용정보에 합격할 경우 급여 외 최대 900만원의 지원금 신청이 가능합니다.(준비금 210만원, 체제비 월 150만원 X 4개월, 수료금 90만원) - 수속비용 3,320달러(4개월), 4,500달러(1년) / 5,100달러(1년 6개월) : 포함내역 - DS-7002, DS-2019, , SITE VISIT, 의료보험료 : 불 포함내역 - 비자인지(185달러) 구입, SEVIS(220달러) 편도 항공권 구입비용 ———————————————————————- [문의 및 지원하기] - 전화 : 02-554-7574 // 010-4593-7564 - 카톡 : heungchan - 메일 : janghc@workbridge.co.kr"
312061,SK플라즈마,[SK플라즈마] 의약품 영업 담당자(MR) 신입(전환형 인턴) 채용,INTERN,"의약품 영업 담당자(MR) | B2B영업 | B2B영업/기술영업 | 영업/고객상담 | 자신에게 주어졌던 일 중 가장 어려웠던 경험은 무엇이었습니까? 그 일을 하게 된 이유와 그때 느꼈던 감정, 진행하면서 가장 어려웠던 점과 그것을 극복하기 위해 했던 행동과 생각, 결과에 대해 최대한 구체적으로 작성해 주십시오. | 이제까지 가장 강하게 소속감을 느꼈던 조직은 무엇이었으며, 그 조직의 발전을 위해 헌신적으로 노력했던 것 중 가장 기억에 남는 경험은 무엇입니까? 개인적으로 더 많은 노력을 기울였던 일과 그 때 했던 행동과 생각, 결과에 대해 최대한 구체적으로 작성해 주십시오. | 자신에게 요구된 것보다 더 높은 목표를 스스로 세워 시도했던 경험 중 가장 기억에 남는 것은 무엇입니까? 목표 달성 과정에서 아쉬웠던 점이나 그 때 느꼈던 자신의 한계는 무엇이고, 이를 극복하기 위해 했던 행동과 생각, 결과에 대해 최대한 구체적으로 작성해 주십시오. | 기존과는 다른 방식을 시도하여 이전에 비해 조금이라도 개선했던 경험 중, 가장 효과적이었던 것은 무엇입니까? 그 방식을 시도했던 이유, 기존 방식과의 차이점, 진행 과정에서 했던 행동과 생각, 결과에 대해 최대한 구체적으로 작성해 주십시오. | SK 입사 후 어떤 일을 하고 싶으며, 이를 위해 본인이 무엇을 어떻게 준비해 왔는지 구체적으로 기술하십시오. | [SK플라즈마] 의약품 영업 담당자(MR) 신입(전환형 인턴) 채용",,,[SK플라즈마] 의약품 영업 담당자(MR) 신입(전환형 인턴) 채용 [직무] - 혈액제제 의약품 영업 (MR) [필수사항] - 학력 - 학사 이상 - 전공 - 무관 - 경력 - 무관 [전형 주의사항] - SKCT는 심층역량검사와 인지검사로 진행됩니다. - 26년 SKCT 기응시자의 경우 해당 성적으로 대체 및 금번 SKCT 대상자에서 제외될 수도 있습니다. - 전형 순서는 상황에 따라 변경될 수 있습니다. [전형 절차] - 서류전형 > SKCT > 1차면접 > 2차면접 > 건강검진 > 최종합격
312058,한국공항공사,[한국공항공사] 2026년 상반기 신입직원 공개채용,NEW,,,,"[한국공항공사] 2026년 상반기 신입직원 공개채용 [모집분야] - 공고 이미지 참조 [근무조건] · 고용형태 : 정규직(일근 또는 교대근무) · 근무지역 : 한국공항공사 전 사업장 · 급여수준 : 우리 공사 직원연봉규정에 따름 [지원자격] · 학력 및 전공 : 제한 없음 · 연령 및 성별 : 제한 없음(단, 연령의 경우 우리 공사 규정에 따른 정년(만 60세) 이내인 자) · 병역 : 남성의 경우 병역필 또는 병역면제자 ※ 장애인 전형은 면접 합격발표일(’26.6.26. 예정), 일반전형은 2차 면접 합격 발표일(’26.6.26. 예정) 이전 전역(제대)예정자 지원 가능 · 기타 : 공사 인사규정 제19조(임용결격 사유)에 해당하지 않는 자 [전형절차] - 5급갑 일반 : 서류전형 > 필기전형 > 인성검사 및 자기소개서 입력 > 1차 면접전형 > 2차 면접전형 > 신원조사 - 5급갑 장애인 : 서류전형 > 필기전형 > 인성검사 및 자기소개서 입력 > 면접전형 > 신원조사"
312056,관악드림온아카데미,‘나’와 ‘내 일’을 연결하는  내일 스터디 2기 모집,,,기타,수료증 및 인증서,"막연하게 “뭘 해야 할지 모르겠다”는 고민, 혹은 “이 길이 맞는 걸까?”라는 불안함, 한 번쯤 느껴보셨다면 이제는 혼자 고민하지 않아도 됩니다. 내일 스터디는 단순한 정보 전달이 아닌, ✔️ 나의 성향과 욕구를 이해하고 ✔️ 스스로 납득할 수 있는 진로 기준을 만들며 ✔️ ‘하고 싶은 일’과 ‘할 수 있는 일’ 사이에서 나만의 기준을 만들어가는 과정입니다. 🌞 내일 스터디 의 특장점 잡크래프팅 기반 자기 탐색 버크만 진단을 통한 성향 이해 성향 기반 직무 탐색 직업 세계 변화와 나의 관심사 연결 나만의 진로 포트폴리오 완성 🗓️ 프로그램 운영 정보 일정 4/21(화), 4/23(수), 4/24(목), 4/28(화), 4/30(목) 오전 10시 30분 – 오후 1시 30분(3시간 × 5회) 장소 서울청년센터 관악 신림동 쓰리룸 / 교육실 (서울특별시 관악구 신림로 99) 대상 나와 ‘내 일’의 방향을 찾고 싶은 청년 (만 19~39세), 5회차 프로그램에 성실하게 참여할 청년 참가비 전액 무료 📌 신청 전 꼭 확인해주세요 본 프로그램은 전 회차 참여 가능한 분을 우선 선발합니다. 전체 일정의 80% 이상 참여 시 수료 로 인정되며, 수료자에 한 해 ‘참여 확인서’가 발급됩니다. 원활한 프로그램 운영을 위해 성실한 참여가 가능한 분 을 우선 선발합니다. 👉 내일 스터디, 지금 바로 신청하기 https://tinyurl.com/224bajmz"
312055,기후변화청년모임 BigWave,녹색철강 100분 토론 패널 모집,,,리더십 | 휴학 중/시간 투자 가능 | 타 대외활동 경험,실무 교육,"⭐️녹색철강 100분 토론 패널 모집 (~4.8.수)⭐️ 🏭 철강은 국내 최대 온실가스 배출산업 🌏 탈탄소 전환은 기후 대응이자 산업 생존의 문제 ❓ 그런데 철강 산업의 전환 속도는 왜 느릴까 ❓ 철강산업을 둘러싼 이해관계자들은 누구일까 🎤 직접 이해관계자가 되어 토론하며 포용적인 탈탄소 사회의 비전을 함께 그릴 분을 찾습니다! 🔍 철강 탈탄소 배경지식을 쌓고 싶은 분 🗣️ 다양한 시각으로 소통 스킬을 키우고 싶은 분 ✅ 모집기간 : 3.23(월) ~ 4.8(수) ✅ 선정결과 안내 : 4.10(금), 메일/문자 개별 안내 ✅ OT : 4.13(월) 오후 7시, Zoom ✅ 사전 스터디 : 4.14(화)~5.8(금) / 2~3회 ✅ 공론장 워크숍 : 5.9(토) 오후 2시, 헤이그라운드 서울숲점 📝 참여신청 : https://forms.gle/Z53EHxC3ak4zXhUr9 💬 문의 : https://open.kakao.com/o/szGI9sIh"
312054,안양시육아종합지원센터,2026 디지털을 활용한 창작동화 공모전,,,,기타,"2026 디지털을 활용한 창작동화 공모전 ◼ 참여 대상 안양시 소재 대학교 학생 ※ 졸업생 참여 대상 제외 ※ 개인 또는 단체(공동제작) 참여 가능 ※ 단체 인원은 5인 이하로 제한하며, 개인과 단체 중복 참여 불가능 ◼ 공모 일정 - 접수: 2026. 9. 1.(화) ~ 9. 18.(금) 18:00까지 - 발표: 2026. 11. 13.(금) 예정 (심사: 10. 1. ~ 10. 16.) ※ 안양시육아종합지원센터 홈페이지 게시 및 입상자 개별 공지 ※ 시상식은 추후 입상자에게 개별 공지 ※ 상황에 따라 일정은 변경될 수 있음 ◼ 공모 주제 자유 주제 - 만 3,4,5세를 대상으로 한 창작 동화 ◼ 접수 방법 및 절차 - 안양시육아종합지원센터 홈페이지-공지사항 에서 제출서류 다운로드 후 작성. - 참가신청서 및 제작 영상을 압축하여 이메일(ayedu@ayedu.kr)로 제출 - 메일 제목 [창작 동화 공모전/ 성함 / 대학교명/ 창작 동화 제목] ※ 개인정보제공 및 이용동의서 팀원 개별 작성 후 제출 ◼ 작품 규격 - 영상은 반드시 응모자가 직접 촬영 혹은 제작해야 합니다. - 시간: 최소 5분 이상~10분 이내 - 해상도: 1280 × 720 이상 - 파일형식: avi, mp4, wmv, mpeg 등 영상 형식은 모두 가능 ◼ 시상 내용 - 대상: 1팀(개인 포함), 300,000원 - 최우수상: 1팀(개인 포함), 200,000원 - 우수상: 1팀(개인 포함), 100,000원 - 장려상: 3팀(개인 포함), 소정의 상품 ※ 상금은 안양사랑상품권으로 제공 ※ 심사 기준에 맞는 작품이 없는 경우 시상 인원이 조정될 수 있음 ◼ 심사 기준 - 연령, 주제, 내용의 적합성 - 창의성 - 교육적 의미 - 실제 활용도 등 ◼ 주의사항 - 출품 작품에 대한 저작권은 안양시육아종합지원센터에 귀속됩니다. - 창작 동화에 사용되는 모든 데이터(이미지, 음원, 폰트 등)는 저작권에 문제의 소지가 없어야 합니다. 만약 문제 발생 시 참가자가 이에 따른 모든 책임을 져야합니다. - 도작, 모작 등을 제출한 경우 참가자가 이에 따른 모든 책임을 져야합니다. - 작품은 미디어를 활용하여 제작해 주시고 목소리 녹음 시 최대한 음량을 크게 해 주시기 바랍니다. - 수상 작품은 안양시육아종합지원센터 홈페이지에 게시됩니다. - 낙선 작품은 심사 후 모두 영구 폐기합니다. ◼ 문 의 디지털 I 키움 사업 담당자 031-381-5170"
312053,한국무역보험공사,[한국무역보험공사] 2026년 상반기 일반직 신입사원 채용,NEW,"IT | IT/인터넷 | 웹개발 | 응용프로그램개발 | ERP/시스템개발/설계 | 네트워크/서버/보안 | DBA/데이터베이스 | 콘텐츠/사이트운영 | 웹기획/PM/웹마케팅 | HTML/퍼블리싱/UI개발 | QA | 게임 | .NET 개발자 | Node.js 개발자 | PHP 개발자 | 루비온레일즈 개발자 | 웹 개발자 | 웹프로그래머 | 자바 개발자 | 프론트엔드 개발자 | Android앱개발 | C,C++ 개발자 | iOS 개발자 | 소프트웨어 엔지니어 | 안드로이드 개발자 | 크로스플랫폼 앱 개발자 | CTO | DevOps / 시스템 관리자 | 시스템엔지니어(SE) | 임베디드 개발자 | 블록체인 플랫폼 엔지니어 | 하드웨어 엔지니어 | CIO | 네트워크관리 | 네트워크엔지니어 | 보안 엔지니어 | 보안컨설팅 | 서버 개발자 | 시스템, 네트워크 관리자 | 시스템•네트워크 컨설팅 | 시스템운영 | 시스템프로그래머 | 정보보안 | BI 엔지니어 | 데이터 엔지니어 | 파이썬 개발자 | e-러닝운영 | 게시판관리 | 사이트운영 | 쇼핑몰•오픈마켓 | 카페•블로그관리 | 컨텐츠운영 | 컨텐츠제작 | PM | UI기획 | 개발 매니저 | 로그분석 | 모바일기획 | 사용자평가 | 쇼핑몰기획 | 스토리보드 | 웹서비스기획 | 제안•컨설팅 | 컨텐츠기획 | UI•UX 디자인 | 웹 퍼블리셔 | 모바일디자인 | 웹디자인 | QA, 테스트 엔지니어 | 검증 | 기술지원 | 웹마스터 | CS•고객지원 | GM•게임운영 | QA•베타테스터 | VR 엔지니어 | 게임CS | 게임개발 | 게임기획 | 게임디자인 | 게임마케팅 | 게임방송 | 게임시나리오 | 게임운영 | 게임음악효과음 | 그래픽스 엔지니어 | 서버•네트웍개발 | 영상,음성 엔지니어 | 온라인게임 | 클라이언트개발 | 테스터 | · 본인이 지원한 직무(채용분야)를 선택한 이유는 무엇이며, 해당 직무에 필요한 역량을 갖추기 위해 어떠한 준비를 했고 타 지원자와 차별되는 강점은 무엇인지 기술해 주십시오. (1400byte) | · 최근 국내·외 이슈를 하나 선정하여 한국무역보험공사가 AI 활용을 통해 이에 대응하거나 개선할 수 있는 방안을 제시하고, 본인의 직무역량이 여기에 어떻게 기여할 수 있을지 구체적으로 기술해 주십시오. (1000byte) | · 다른 사람에게 피드백을 주어야 했던 상황을 설명해 주시고, 피드백을 제공함에 있어 어떤 점을 중요하게 고려하였는지, 그리고 피드백에 대한 반응은 어떠했는지 구체적으로 기술해 주십시오. (1000byte) | · 복잡하고 어려운 문제를 해결했던 경험이 있다면, 그 문제를 어떻게 분석하고 해결 전략을 수립했는지 설명하고, 그 접근 방식이 향후 한국무역보험공사의 업무에 어떻게 적용될 수 있을지 기술해 주십시오. (1000byte) | · 한국무역보험공사의 인재상 4가지(전문인, 혁신인, 윤리인, 국제인) 중에서 본인과 가장 부합하는 인재상과 본인이 가장 보완할 필요가 있다고 판단하는 인재상은 무엇인지 그 이유와 함께 기술해 주십시오. (1000byte) | · 새로운 지식이나 기술을 습득하기 위해 목표를 설정하고 단계적으로 역량을 개발해 온 경험을 설명하고, 그 경험이 향후 공사에서 업무를 대하는 태도나 직업인으로서의 자세에 어떤 영향을 줄 수 있을지 기술해 주십시오. (1000byte) | [한국무역보험공사] 2026년 상반기 일반직 신입사원 채용 | 조사·인수 | 경영/사무 | 기획/전략/경영 | 사무/총무/법무 | 인사/노무/교육 | 경리/회계/결산 | 재무/세무/IR | 사무보조/문서작성 | 사업기획 | 서비스기획/운영 | 신규사업/BD | 임원 (CEO/COO) | 전략기획 | 콘텐츠기획/운영 | M&A/타당성분석/사업제휴 | 총무 | 문서관리 | 인허가업무 | 비서 | 법무 | 비품/시설관리 | 특허/저작권업무 | 안내/리셉션 | 인사 | 노무 | 채용/면접 | 교육기획 | 경리 | 결산 | 급여관리/4대보험 | 전표입력 | 부가세신고 | ERP/더존 | 회계 | 재무 | 세무 | IR | 회계감사 | 예산관리 | 사무보조 | OA/문서작성 | 홈페이지관리",,,[한국무역보험공사] 2026년 상반기 일반직 신입사원 채용 [모집직무] 조사·인수 IT [모집기간] 2026.03.31(화) ~ 2026.04.07(화)
312052,현대엠시트,[현대엠시트] 울산공장 건설계약직 채용,CONTRACT,"울산공장 | 인허가업무 | 사무/총무/법무 | 경영/사무 | 자재/재고관리 | 구매/자재/재고 | 무역/유통 | 구매관리 | 건축 | 건설/설계/인테리어 | 건설 | 현장관리 | 생활신조 및 직장 가치관에 대해 기술해 주시기 바랍니다. (최소 1자, 최대 700자 입력가능) | 지원한 직무의 지식/기술적 핵심역량은 무엇이며, 그 역량을 보유하기 위해 어떤 노력을 하셨습니까?(책임감, 꼼꼼함 등 태도와 관련된 요인 제외) (최소 1자, 최대 700자 입력가능) | 본인을 잘 표현하는 단어와 그 사유는? (최소 1자, 최대 700자 입력가능) | 지원한 직무 분야의 최신 트렌드에 대해 기술하고, 그에 대한 자신의 생각을 기술해 주세요. (최소 1자, 최대 700자 입력가능) | [현대엠시트] 울산공장 건설계약직 채용",,,[현대엠시트] 울산공장 건설계약직 채용 [직무상세] · 공사 진척도 및 건설현장 관리 · 건축감리 관리감독 · 건축물 인허가 관리 · 건축공사 관계법령 검토 · 사용승인 및 준공허가 [관련학과 / 우대사항] · 건설관련 경력 7년 이상 보유자 · 관련 자격증 소지자 [모집전형] - 서류전형 > 인적성전형 (HMAT) > 면접전형 > 신체검사 > 입사
312051,주식회사 맞소잉,[인턴/부산 수영] 로컬 브랜드 '맞소잉'과 함께 성장할 온라인 쇼핑몰 & 콘텐츠 마케터 찾습니다 (3개월 인턴+@),INTERN,,,,"[인턴/부산 수영] 온라인 쇼핑몰 운영 & 콘텐츠 마케터 찾습니다 업사이클 패브릭 제품 제조·판매, 온라인 쇼핑몰 운영(1명) 📋 주요업무 [상세 업무 내용] 1. 관련 온라인 스토어(라이프스타일 소품, 패브릭 제품) 주문 확인, 상품 검수, 택배 포장 및 발송 준비를 지원합니다. 2. 스마트스토어 등 온라인 판매채널에 상품을 등록하고 상품명, 옵션, 가격, 상세설명, 대표이미지 등 상품정보를 정리·수정합니다. 3. 블로그 게시글을 작성하고 업로드하며, 제품 소개, 활용법, 시즌 추천, 브랜드 소식 등 반복형 콘텐츠를 운영합니다. 4. AI 툴을 활용(노션, 캔바, chatgpt, 나노바나나 등)해 반복적으로 필요한 블로그 초안과 콘텐츠 문안을 작성하고, 이를 브랜드 톤에 맞게 편집·정리합니다. 5. 인스타그램, 블로그, 상세페이지, 카드뉴스, 릴스 등 브랜드 홍보 콘텐츠 제작을 지원합니다. 6. 사진 및 영상 촬영 보조, 간단한 편집 업무를 수행합니다. 7. 브랜드 홍보용 사진·릴스 촬영이 있을 수 있으며, 관련 콘텐츠 제작에 함께 참여할 수 있는 분을 우대합니다. 8. 업사이클링 제품, 생활소품, 의료·생활소품, DIY 키트 관련 상품 정보와 레퍼런스 조사 및 간단한 문서 편집 업무를 수행합니다. 9. 소잉·업사이클 체험 프로그램 준비물 세팅, 재료 소분, 키트 구성, 현장 운영 보조를 수행합니다. 10. 행사, 수업, 납품 사례 사진 및 결과자료를 정리하고 아카이빙합니다. [근무조건] 1. 5월 1일(실 출근 5월 4일) ~ 7월 31일(3개월 인턴 후 정규직 협의) 2. 주말 및 공휴일 휴무이며, 출퇴근 시간 협의 가능(기본 9-6)합니다. 3. 월 1회 연차 제공합니다. 4. 온라인 작업과 오프라인 실무를 함께하므로 지루하지 않은 시간들이 될거예요. [필수 자격요건] 1. 만 18~39세 이하 청년 2. 학력 및 전공 무관 3. 온라인 기반 업무 및 기본적인 문서 작성이 가능한 분 4. 상품 검수, 포장, 출고, 자료 정리 등 반복 업무를 꼼꼼하게 수행할 수 있는 분 5. 사무실 환경에서 효율적인 공간 활용과 정리정돈의 중요성을 이해하고 실천할 수 있는 분 6. 블로그, SNS, 상세페이지 등 콘텐츠 작성 및 반복적인 상품 등록 업로드 업무 수행이 가능한 분 7. 원활한 의사소통과 협업이 가능한 분 [우대사항] 1. 소잉, 업사이클링, 라이프스타일 제품, 교육 프로그램 운영 분야에 관심 있는 분 우대 2. 스마트스토어, 블로그, 인스타그램 등 온라인 채널 운영 경험이 있는 분 우대 - 상품 등록, 상세페이지 수정, 온라인 쇼핑몰 관리 경험 - 블로그 작성, SNS 콘텐츠 기획, 카드뉴스·릴스 제작 1. Canva, CapCut 등 콘텐츠 제작 툴 활용 가능자 우대 2. ChatGPT, Gemini 등 AI 툴을 활용한 콘텐츠 작성 및 반복 업무 효율화 경험이 있는 분 우대 3. 사진·영상 촬영 보조 및 간단한 편집이 가능한 분 우대 4. 브랜드 홍보용 사진·릴스 촬영 참여가 가능한 분 우대 [복리후생] 1. 작은 규모의 브랜드인 만큼 다양한 실무를 가까이에서 경험할 수 있습니다. 2. 상품 기획, 온라인 판매, 콘텐츠 제작, 출고, 교육·행사 운영 등 브랜드 운영 전반을 직접 배우며 성장할 수 있습니다. 3. AI 툴, 온라인 판매채널, 블로그·SNS 콘텐츠 운영 등 실무 중심의 디지털 업무를 경험할 수 있습니다. 4. 본인의 강점과 관심 분야에 따라 단계적으로 업무 범위를 넓혀갈 수 있습니다. 5. 대표와 가까운 거리에서 소통하며 빠르게 피드백을 받고 업무를 익힐 수 있습니다. 6. 우대사항에 해당하지 않더라도 적극적인 태도로 배우며 단계적으로 업무를 익혀갈 수 있습니다. • 마케팅 부서 소속으로 함께할 예정이에요. 📋 자격요건 • 경력 무관 (신입 지원 가능) • 대학졸업(2,3년)이상 🏠 근무조건 • 고용형태 : 계약직 3개월(정규직 전환 가능, 기간제) • 급여 : 월급 230만원(식대 포함) • 근무지 : 부산 수영구 무학로9번길 83, 2층 204호 • 근무일수/시간 : 주 5일 (월~금) 09:00~18:00 🚀 채용절차 접수기간 : 2026-03-31 16시 ~ 2026-04-15 24시 제출서류 : 자유양식 이력서, 이력서 및 자기소개서, 포트폴리오 형식 등 자유 접수방법 : 링커리어 입사지원, 이메일 접수 전형절차 : 서류전형 → 1차면접 → 최종합격 🛎️ 유의사항 • 입사지원 서류에 허위사실이 발견될 경우, 채용확정 이후라도 채용이 취소될 수 있습니다."
312050,샘표식품,[샘표식품] 식품소재 해외기술영업 (정규직),"NEW, EXPERIENCED",,,,[샘표식품] 식품소재 해외기술영업 (정규직) [모집직무] 식품소재 해외기술영업 [접수기간] 상시
312049,(주)삼구아이앤씨,스튜디오 톰보이 상품기획팀 사무보조 인턴 채용,INTERN,,,,"﻿ 스튜디오 톰보이 상품기획팀 사무보조 인턴 채용 신세계톰보이에서 근무하실 책임감 있고 유능한 인재를 모집합니다. - 홈페이지 www.studiotomboy.com 모집부문 및 자격요건 모집분야 업무내용 및 상세 요구조건 및 지원자격 스튜디오 톰보이 톰보이MD팀 인턴 1명 상품기획팀 사무보조 및 피팅업무 -성별무관, 피팅업무 가능자 -패션 브랜드 및 트렌드에 관심이 많으신 분 근무조건 근무장소 : 서울특별시 강남구 도산대로 420 청담스퀘어 톰보이 MD팀 상품기획파트 근무시작 예상일: 4/22 ~ (인수인계기간포함) ( 3개월 계약 이후 연장 협의 . 총 10개월 ) 월~금 09:00~17:00 (주말,공휴일 휴무) 7H근무 급여 : 1,888,590 원 ( 7H근무 기준 ) / 구내식당 식사무료제공 / 4대보험 / 연차 / 기타복지 등 삼구아이앤씨 소속 파견계약직 / 신세계톰보이 근무부서 표기 경력증명서 발급 가능 전형절차 * 서류 마감일: ~ ASAP ( 4월 19일 ) / 채용시 마감될수 있음 * 서류 합격자에 한해 면접 일정 개별 통보 예정 (서류 합격자 즉시 면접진행하며 합격자 발생시 개별통보 ) 면접전형 : 최종합격 여부는 면접진행일 1주일이내 개별통보 / 서류지원후 1주일이내 미연락시 서류 탈락 지원방법 이메일지원 및 문의 : jy.park@isamkoo.com - 자유양식 이력서 및 자기소개서를 파일로 첨부 - 메일제목에 스튜디오톰보이 상품기획팀 사무보조 인턴 / 성명을 반드시 표기"
312048,대구광역시청소년활동진흥센터,2026년 성년의 날 기념행사 전통 성년례 참가자 모집,,,휴학 중/시간 투자 가능 | 기타,행사 참여 | 봉사활동시간,2026년 성년의 날 행사 시 전통 성년례 재현에 참여할 청소년들을 아래와 같이 모집합니다. ○ 모집대상 : 만 19세 청소년 누구나(2007년생) ○ 행사일정 : 2026. 5. 16.(토) 11:00~16:00 ○ 모집기간 : ~ 4. 16.(목)까지 ○ 주요내용 : 성년의 날 기념행사 시 전통 성년례 재현 행사 참여 ○ 신청방법 : 대구청소년 -> 공지사항 1588번 -> 신청서 다운로드 및 작성 -> 이메일(helloimji2@nate.com) 제출 ○ 문 의 : 대구광역시 청소년활동진흥센터(☎053-659-6222)
312047,GC녹십자MS,[GC녹십자MS] 생산(신입),NEW,생산 | 공정관리 | 생산관리/공정관리/품질관리 | 생산/제조 | 생산/제조/설비/조립 | 제조/가공 | 포장 | 조립 | 검사/검품 | 생산관리 | 품질관리 | 자재관리 | 환경관리 | 포장/가공 | 섬유/의류/패션 | 섬유/원단 | 의류 | 패션 | 본인의 강점과 약점을 기술하시오.(400자 ~ 800자 이내) | 지원 직무의 필요 역량 3가지와 그 역량을 갖추기 위해 준비한 것을 기술하시오.(400자 ~ 800자 이내) | [GC녹십자MS] 생산(신입),,,[GC녹십자MS] 생산(신입) [모집직무] 생산 [직무상세] - 원료·자재 칭량 및 투입 - 조제 설비 가동 - GMP 문서기록 • 개인별 역량에 따라 부서 배치 예정
312046,경기도시공사,제2기 GH도민주주단(기회수도파트너스)모집,,,기타,행사 참여,"제2기 GH도민주주단(기회수도파트너스)모집 ● 모집 대상 - 경기도민의 주거안정과 경기주택도시공사의 추진사업에 관심이 있는 만19세 이상의 경기도민 100명 ** 구분 (1) 기존주주 : 1기 우수활동 주주(28명) / 15명 / 공모 (2) 도민-일반 - 청년층 : 만19세~39세 이하 경기도민 / 40명 / 공모 - 중장년층 : 만 40세 이상 경기도민 / 30명 / 공모 (3) 도민-고객 - 입주고객 : 공사가 공급한 임대주택 거주자 / 15명 / 공모추천 - 분양고객 : 공사가 공급한 택지/아파트 계약 고객 / 15명 / 공모추천 ※ (기존주주 선발) 1기 우수활동 주주 중에서 심사를 통해 선발 ※ 기존 1기 도민주주단(기회수도파트너스) 활동자도 지원 가능 ※ 모집상황에 따라 분야별 선정 인원은 변동 가능함 ● 활동 내용 가. 경기주택도시공사의 경영실적 및 주요 사업계획 청취, 의견 개진 나. 도민의견 수렴을 위해 개최되는 총회 및 토론회 참여 다. 경기주택도시공사가 요청하는 사안에 대한 도민주주단 의견 제시 다. 기타 경기도의 주거 안정 및 GH의 발전 방향 관련 자유로운 토론 등 ● 모집 기간 - 2026. 3. 30.(월) ~ 4. 24.(금) [4주간] ● 활동 기간 - 주주 위촉일로부터 2028년 4월 30일까지 ● 지원 방법 - 신청서 작성후 스캔본 이메일(ghpartner123@gmail.com) 제출 ● 제출서류 - 지원신청서(자필서명 필수), 자기소개서, 개인정보 수집‧이용 동의서 - 경기주택도시공사 홈페이지 게시(https://www.gh.or.kr> 공고 및 공지) ● 결과안내 - 2026년 5월 중 공사 홈페이지 발표 예정 ● 문의 사항 - 기타 궁금한 사항은 GH 도민주주단 운영사무국(☎031-212-8775, 031-220-3086,3088)로 문의해주시기 바랍니다."
312043,BNK투자증권,[BNK투자증권] 회계팀 세무 경력직 채용,CONTRACT,"회계팀 세무 | 증권 | 증권/투자/펀드/외환 | 전문/특수직 | 재무/세무/IR | 경영/사무 | 회계 | 재무 | 세무 | IR | 회계감사 | 예산관리 | 현재까지 담당했던 업무 경험, 경력사항들과 입사 후 계획 및 목표에 대하여 기술해주세요. | 지원자 본인에 대하여 자유 방식으로 기술해주세요. | [BNK투자증권] 회계팀 세무 경력직 채용",,,"[BNK투자증권] 회계팀 세무 경력직 채용 1. 모집부문 - ​회계팀 ​세무 ​인력 : ​O명 2. 담당업무 - 세무회계(법인세, 교육세 ​등) - ​세무조사 수검 ​대응 - 재무회계 결산 ​보조 3. 지원자격 - ​증권업계 ​세무회계 업무 ​3년 ​이상 ​경력자 - 세무사 자격증 ​소지자 ​우대 - 장애인, 보훈대상자 ​우대 4. ​모집조건 - ​근무형태 : 계약직 - ​급여 : ​협의 - ​직위 : ​대리~과장급 (경력에 ​따른 ​직급 부여)"
312042,국가암지식정보센터,[국립암센터 국가암지식정보센터] 암지식정보 동행단 1기 모집,,,사진/영상/디자인 툴 | 콘텐츠 기획/제작 경험 | 기타,활동비 | 수료증 및 인증서,"[국립암센터 국가암지식정보센터] 암지식정보 동행단 1기 모집 ● 모집 대상 - 암 정보 및 건강 콘텐츠에 관심 있는 국민 - 개인 SNS 채널 운영 및 온라인 활동 가능자 - 격월 모니터링 레포트 작성 및 콘텐츠 기획·제작 참여 가능자 - 암환자 또는 암환자 가족 등 암 정보 이용 경험자 우대 ● 활동 내용 ① 격월 활동 (3회) - 홈페이지·SNS 모니터링 및 개선 의견 제시 - 콘텐츠 아이디어 제안 및 카드뉴스 또는 숏폼 영상 제작 ② 월별 활동 - 홈페이지 및 SNS 콘텐츠 개인 채널 공유 ● 모집 인원 - 20명 ● 활동 기간 - 2026. 5. 13. ~ 2026. 11. 30. (약 6개월) ● 운영 일정 - 모집 기간: 2026. 4. 1. ~ 2026. 4. 21. - 결과 발표: 2026. 5. 4. - 발대식: 2026. 5. 13. (ZOOM 비대면 진행) - 시상식: 2026년 11월 말 예정 (대면으로 진행) ● 활동 혜택 - 활동비 지급 (회당 10만원, 총 30만원) - 우수 활동자 인센티브 지급 - 위촉장 수여 및 수료증 발급 - 연말 우수 동행단 시상 ● 우수 활동자 시상 - 최우수 1명: 50만원 - 우수 2명: 각 30만원 - 장려 4명: 각 10만원 ● 지원 방법 - 국가암지식정보센터 홈페이지 (홈 >공지사항) → 지원서 및 활동 레포트 양식 다운로드 → 이메일( canceradmin@ncc.re.kr ) 제출 * 서식 다운로드: https://drive.google.com/file/d/1HSeiHePW3-wxNpTRCxgxWMsGgIe6UacH/view?usp=drive_link ● 유의 사항 - 활동 과정에서 제안된 아이디어 및 제작 콘텐츠는 국가암지식정보센터 홍보 및 콘텐츠 제작에 활용될 수 있습니다. - 부적절하거나 활동 기준에 부합하지 않는 콘텐츠의 경우 활동비 지급이 제한될 수 있습니다. - 모든 활동을 완료한 경우에 한하여 수료증이 발급됩니다."
312041,제주에너지공사,[제주에너지공사] 2026년 제2회 직원 채용 공고,"EXPERIENCED, NEW",,,,[제주에너지공사] 2026년 제2회 직원 채용 공고 [모집직무] 일반직 5급(행정직) 일반직 6급(기술직) 공무직 6급(행정지원직) [접수기간] 2026. 4. 6.(월) ~ 4. 10.(금) 18:00까지
312040,샤크닌자코리아,외국계기업 인하우스 통/번역 인턴,INTERN,,,,"미국 프리미엄 가전 브랜드 샤크닌자코리아 인하우스 통/번역 인턴 SharkNinja는 APAC 시장에서 사업을 확장하며 빠르게 성장하고 있습니다. 지난 6년간 Shark와 Ninja 두 브랜드는 탄탄한 혁신 파이프라인을 바탕으로 놀라운 성과를 이루어냈습니다. 이러한 성공을 기반으로 SharkNinja Korea 는 한국 시장에서의 성장 가속화를 위해 한국 팀을 지속적으로 강화해 나가고 있습니다. 모집부문 및 자격요건 모집 부문 담당업무 자격요건 인원 통역 [담당업무] - 영어 문서 번역 및 검수 - 다양한 비즈니스 회의에서의 동시 및 순차 통역 - 해외 고객 및 파트너와의 의사소통 지원 - 통번역 관련 자료 준비 및 관리 - 회사 내부 및 외부와의 원활한 소통을 위한 번역 서비스 제공 [근무부서 및 직급/직책] 근무부서: Operation Team 직책 : 인턴 [자격요건] -경력: 신입 -학력: 4년제 졸업 및 휴학자 가능 -직무기술: 순차통역, 영문번역, 영어통번역, 한영번역사, 영어통역, 물류시스템, SCM, OPERATION 기타: -로지스틱, 물류, 운송, 서플라이체인, SCM 관련 전공자 우대 -경영학과 전공자 우대 -대학교 휴학자 및 졸업 예정자 가능 [우대사항] 전공계열: 상경계열, 공학계열, 인문과학계열 근무조건 고용형태: 계약직(근무기간 6개월, 정규직 전환검토), 인턴(근무기간 6개월, 정규직 전환검토) 근무부서: Operation Team 인근지하철역: 서울2호선 역삼 (3번 출구에서 100m이내) 급여조건: 회사내규 전형단계 및 제출서류 전형단계: 서류전형 > 면접진행 (1차 채용팀, 2차 실무진) > 최종심사 > 최종합격 추가 제출서류 이력서, 자기소개서 접수방법 접수방법: 인크루트 접수 접수양식: 인크루트 이력서 기타 유의사항 입사지원서 및 제출서류에 허위사실이 있을 경우 채용이 취소될 수 있습니다."
312039,삼진제약,[삼진제약] 2026년 보훈대상 제한경쟁 채용,CONTRACT,"CP | 법무 | 사무/총무/법무 | 경영/사무 | 사무보조 | 사무보조/문서작성 | 문서관리 | 본인의 성장과정 및 가치관을 작성해 주세요. (최소 500자, 최대 1,500자 입력가능) | 삼진제약과 해당 직무에 지원한 이유를 작성해 주세요. (최소 500자, 최대 1,500자 입력가능) | 본인의 경험을 바탕으로 직무 관련 강점을 작성해 주세요. (최소 500자, 최대 1,500자 입력가능) | 하고 싶은 말을 자유롭게 작성해 주세요. (최소 500자, 최대 1,500자 입력가능) | [삼진제약] 2026년 보훈대상 제한경쟁 채용",,,"[삼진제약] 2026년 보훈대상 제한경쟁 채용 [담당업무] - 준법관리 업무 지원 - 지출보고서 증빙자료 점검 및 관리 - ISO 37001, CP monitoring 등 준법 관련 행정업무 - 협회 신고/승인 관련 서류 작성 및 등록업무 - 업무활동 사전승인/사후보고 자료 정리 - 내/외부 문의응대 및 행정 업무 [지원자격] - 고졸 이상 - 관련 직무 경험 및 경력 보유자(3년 이하) [우대사항] - 책임감, 성실함, 문제해결력 보유자 - 상급 이상의 MS office 활용 능력 보유자 [고용형태] - 계약직(1년) ※ 평가 후 정규직 전환 가능"
312036,현대엔지니어링,[현대엔지니어링] 건축사업본부 토목공사관리 경력직(계약직) 인재영입,CONTRACT,"건축사업본부 토목공사관리 | 토목 | 토목/조경/도시/측량 | 건설 | 감리 | 시공/현장/감리/공무 | 건설현장 | 건축시공 | 1. 지원한 직무와 관련한 프로젝트 수행경험을 상세히 기술해 주십시오. | 2. 입사 후 수행하고자 하는 직무를 토대로, 현대엔지니어링에 어떠한 기여를 하고자 하는지 기술해 주십시오. | 경력사항과 보유기술에 대해 구체적으로 설명해주세요. | [현대엔지니어링] 건축사업본부 토목공사관리 경력직(계약직) 인재영입",,,"[현대엔지니어링] 건축사업본부 토목공사관리 경력직(계약직) 인재영입 [채용조건] ∙ 근무지 : 국내현장(전남 무안) ∙ 고용형태 : 계약직 ∙ 직무 : 토목공사관리 [주요업무] ∙ 토목공사관리 ∙ 발주처 대관업무 ∙ 협력업체 관리 [지원자격 및 우대사항] ∙ 종심제 시공분야 배치기술자로 선임예정(고속철도) 시공(심사공종 교통시설), 동일공종(도로,교량,터널,공항,지하철,철도) ∙ 건설인 배치기준 1. 기술사 또는 기능장 2. 기사자격취득 후 해당 직무분야에 5년이상 조사한 사람 3. 건설기술진흥법 에 따른 건설기술인 가. 해당 직무분야의 특급기술인 나. 해당 직무분야의 고급기술인으로서 해당 공사와 같은 종류의 공사 현장에 배치되어 시공관리업무에 3년이상 종사한 사람 4. 산업기사 자격취득후 해당 직무분야에서 7년이상 종사한 사람 ∙ 첨부서류 : 건설기술인 경력증명서"
312034,티에이치엔,[티에이치엔] 무역업무 담당자 모집,"NEW, EXPERIENCED","무역관리 | 경영/사무 | 영업/고객상담 | 기획/전략/경영 | 사무/총무/법무 | 인사/노무/교육 | 경리/회계/결산 | 재무/세무/IR | 사무보조/문서작성 | 일반영업 | B2B영업/기술영업 | 영업관리/지원/영업기획 | 판매/캐셔/매장관리 | 아웃바운드TM | 고객관리/인바운드 | [티에이치엔] 무역업무 담당자 모집 | ERP/더존 | 무역일반 | 무역영업/해외영업 | 무역/유통 | 무역사무/수출입 | 무역사무 | 수출입사무 | 무역영어 | 세관/통관 | 경리 | 결산 | 급여관리/4대보험 | 전표입력 | 부가세신고 | 해외영업 | 구매/자재/재고 | 상품기획/MD | 배송/택배/운전 | 화물/중장비 | 1. 지원동기와 입사 후 회사에서 이루고 싶은 꿈은 무엇인가요? | 2. 지원한 직무를 위해 필요한 역량은 무엇이라고 생각하며, 이 역량을 갖추기 위한 노력이나 자신만의 특별한 경험을 작성해 주세요. | 3. 다른 지원자 대비 본인만의 '차별화된 강점'과 '보완해야 할 약점'에 대해 사례를 들어 구체적으로 기술해 주세요. | 경력사항과 보유기술에 대해 구체적으로 설명해주세요.",,,"[티에이치엔] 무역업무 담당자 모집 [모집분야] - 무역관리 담당자 [자격사항] - 대학 4년제 학사이상(무역, 국제통상학과 등 관련학과 전공자) - 원산지관리사 자격보유자 [우대사항] - 수출입 통관 및 무역 실무 경험자 - ERP, SAP 사용 경험 보유자 - 외국어 능통자(영어, 러시아어, 스패인어,중국어. 베트남어 등)"
312032,칠곡군 청년센터,칠곡군 청년센터 2026년 칠곡 청년정책참여단 모집,,,기타,활동비 | 수료증 및 인증서,"2026년 칠곡 청년정책참여단 모집 모집일정 1) 신청 접수: 4. 16.(목)까지 2) 서면 심사: 4. 17.(금) 3) 선발 및 안내: 4. 20.(월) 개별 문자 예정 모집대상 칠곡군에 주소를 둔 만19세~39세 청년 (칠곡군 소재 직장 및 학교의 재직자, 재학생도 가능) 모집인원 20명 내외 활동내용 - 일자리·주거/교통·복지·문화·교육 분야 정책 발굴 및 제안 - 지역 전문가·타지역 사례 기반 청년정책 이슈 공유 - 팀별 활동 공유 및 피드백 네트워크 운영 지원혜택 1) 활동 및 행사 참여에 따른 활동비 지급 2) 활동 프로그램 기획 및 재료 지원 3) 위촉장 및 참여증명서류 발급 4) 2026년 청년센터 프로그램 참여 우선권 부여 신청방법 QR코드 접속 후 구글폼양식 제출 문 의 054-977-3877,3878"
312031,에스디바이오센서,[SD바이오센서] [4월/신입경력/청담] 중남미 해외영업 담당 계약직 채용,CONTRACT,,,,"[SD바이오센서] [4월/신입경력/청담] 중남미 해외영업 담당 계약직 채용 [모집직무] 중남미 영업관리 담당 [주요업무] - 주문 관리 및 선적 관련 딜러 커뮤니케이션 - PO 수취, 오더 컨펌 및 납기 준수, 조율 등 - 채권 및 단가 관리 - 영업 & SCM 업무 보조 - 유관부서 매출자료 대응 [자격요건] 학사 이상 신입 및 경력 3년 이하 [우대사항] 무역 관련 자격증 소지자"
312030,서울시립영등포장애인복지관,[서울시립영등포장애인복지관] 2026년 청년 자원봉사단 온도 모집,,,기타,수료증 및 인증서 | 봉사활동시간,[서울시립영등포장애인복지관] 2026년 청년 자원봉사단 온도 모집 ● 모집 대상 - 지속적이고 적극적인 활동이 가능한 청년 봉사자 ● 활동 내용 - 복지관 SNS 콘텐츠 기획 및 제작 - 다양한 복지관 프로그램 기획 및 운영 참여 - 매월 정기회의 및 활동 진행 ● 모집 기간 - 2026년 3월 31일~4월 17일 ● 활동 기간 - 2026년 4월~11월 ● 운영 일정 - 월 1회 이상(논의 예정) ● 진행 장소 - 서울시립영등포장애인복지관 ● 활동 혜택 - 활동 봉사시간 및 봉사단 수료증 발급 - 우수 활동자 시상 및 특별 혜택 제공 - 사회복지 현장 이해 및 콘텐츠 제작 교육 - 팀 프로젝트 기반 활동 ● 지원 방법 - 네이버폼(https://naver.me/xAfa4tGU) ● 문의 사항 - 070-5202-0523 기획홍보팀
312029,피유코어,[피유코어] R&D본부 계약직사원 채용,CONTRACT,"R&D본부 | 현장관리 | 건설/설계/인테리어 | 건설 | 화물/중장비 | 무역/유통 | 안전 | 시설/보안/경비/안전 | 서비스 | 자재관리 | 생산관리/공정관리/품질관리 | 생산/제조 | 내가 보는 '나' 그리고 가족, 친구, 동료들이 보는 '나'는 어떤 사람인가요? | 피유코어에 입사하고 싶은 이유와 준비과정을 구체적으로 작성해주세요. | 나의 경험 중 가장 보람찼던 경험은 무엇인가요? 그 이유와 과정을 구체적으로 작성해주세요. | 남들과는 다른 본인만의 강점은 무엇이며, 그 강점을 통해 이루어낸 경험은 무엇이 있는지 구체적으로 작성해주세요. | [피유코어] R&D본부 계약직사원 채용",,,"[피유코어] R&D본부 계약직사원 채용 [주요업무] - Polyol 제품 연구 업무 보조 - 기초 원재료 투입 - Sample 이송 및 관리 - 현장 정리정돈 및 안전관리 - 지게차 운전 및 드럼 이송 등 [공통 자격] - 남성의 경우 병역필 또는 면제자 - 해외여행 결격 사유가 없는 자 - 장애인 및 국가보훈대상자는 관련 법규에 의거 우대 - 고등학교 이상 졸업자 [유의 사항] - 각 전형별 합격자 및 불합격자 모두 전형 결과 안내 예정입니다. - 공고 마감 후, 지원서는 수정이 불가능하니 유의 바랍니다. - 지원서가 사실과 다를 경우 합격이 취소될 수 있습니다. - 채용 관련 문의사항은 채용사이트의 Q&A를 이용하여 주시기 바랍니다."
312028,인천테크노파크,2026년 인천테크노파크 안전보건 캐릭터 공모전,,,,상장 수여,"2026년 인천테크노파크 안전보건 캐릭터 공모전 ◼ 공모내용 ‣ ‘안전보건’의 중요성을 쉽게 전달할 수 있는 캐릭터 ‣ ‘인천시민’과 친근하게 소통할 수 있는 캐릭터 ‣ ‘인천TP’ 기관의 상징성을 가지는 캐릭터 ◼ 접수기간 2026. 4. 1.(수) ~ 4. 15.(수) 18:00까지 한함 (2주간) ※ 1인당 최대 2개 작품 응모 가능(단, 중복 수상 불가) ◼ 참여대상 인천시민* * 현재 인천시 거주자, 인천 소재 대학(원)생 및 기업 임직원 등 ◼ 참여방법 이메일 접수(jlee@itp.or.kr ◼ 출품규격 캐릭터 기본형(전면, 후면, 좌우) 및 응용 2종 이상 ※ jpg, png 해상도 300dpi 이상, 크기 A4(210×297mm), 배경 투명 혹은 흰색 권장 → 해상도가 현저히 낮은 경우 심사 제외 ◼ 제출서류 ① 작품파일 ② 참가 신청서 ③ 개인정보 제공 및 활용 동의서 ④ 서약서 ⑤ 법정대리인 동의서(해당 시) * ‘인천TP 안전보건 캐릭터 공모_성명.zip’ 파일명으로 이메일 제출(zip 형식) ** 수상작에 한하여 추후 작품 원본(ai, psd 등) 제출 필요 ◼ 포상내용 최종선정된4명원장상표창및포상(총120만원상당) - 최우수상 : 1명, 원장상, 지역화폐 50만원 상당 부상 - 우수상 : 1명, 원장상, 지역화폐 30만원 상당 부상 - 장려상 : 2명, 원장상, 지역화폐 20만원 상당 부상 ◼ 문 의 안전보건팀 담당자(jlee@itp.or.kr)"
312027,알고케어,"Talent Acquisition Intern (3개월, 체험형)",INTERN,,,,"Talent Acquisition Intern (3개월, 체험형) 접수 기간 2026-03-31 ~ 채용 시 마감 모집부문 및 상세내용 모집 부문 상세내용 Talent Acquisition Intern (3개월, 체험형) (0명) 담당업무 채용 플래닝부터 채용이 완료되는 시점까지의 Full Cycle 을 운영합니다. - 테크 및 사업직군 핵심 인재 다이렉트 소싱 (링크드인, 리멤버 등 활용) - 후보자 연락 및 커뮤니케이션 등 오퍼레이션 진행 - 채용 브랜딩을 위한 콘텐츠 작업 및 채용 홈페이지 관리 - 채용 성과를 높이기 위한 다양한 이니셔티브 발의 및 주도적 진행 - 직간접적인 HR 업무 서포트 (온보딩, 교육 등) 채용형태 - 인턴 3개월 자격요건 학력 대학교 재학생/휴학생/졸업 예정자 가능 근무조건 급여 시급 10,320원 (주휴수당 지급, 월 환산시 약 135만원) 근무시간 주 5일(월~금) 13:00 ~ 18:00 근무지역 서울 중구 마른내로 47 6층 알고케어 전형 절차 Step 1 서류전형 Step 2 1차 인터뷰 Step 2 최종합격 지원 기간 및 방법 접수기간 2026-03-31 ~ 채용 시 마감 접수방법 홈페이지 지원 문의 이메일 career@algocare.me 유의사항 허위 사실이 발견될 경우 채용이 취소될 수 있습니다."
312026,전주시설공단,전주시설공단 서포터즈「시민안전 365」추가 모집,,,휴학 중/시간 투자 가능 | 기타,실무 교육,﻿ 전주시설공단 서포터즈「시민안전 365」추가 모집 모집기간 2026. 3. 26.(목) ~ 4. 3.(금) 모집인원 추가 모집 50명 ※ 기 지원자 제외 운영기간 연중 상시(필요시 대면회의) 모집자격 공단 시설을 이용하며 적극적인 참여활동을 바탕으로 활동 및 참여가 가능한 전주시민 활동내용 시설 이용 중 안전위험 요소(노후·파손 등) 발굴 및 개선사항 제안 활동방법 - 분야별 시민안전 365 전용 소통창구 운영(네이버폼) : 개선의견 접수 - 정기·수시 간담회를 통한 의견 공유 및 환류 신청방법 홈페이지(www.jjss.or.kr) 신청서(※첨부파일) 작성 제출 - e-mail 제출 : qmffnt55@jjss.or.kr / 063-239-2721 연락하여 접수여부 확인 必 문 의 전주시설공단 경영기획부 시민안전365 운영담당(063-239-2721)
312025,신세계,[신세계] 신세계 분더샵 청담 판매전문직 신입 채용,NEW,,,,"[신세계] 신세계 분더샵 청담 판매전문직 신입 채용 [주요업무] 상품판매/재고관리 및 VIP고객관리 [자격요건] 학력무관 2026년 4~5월 중 입사 가능한 자 병역필 또는 면제자, 해외 여행 결격사유가 없는 자 [우대사항] 백화점 등 판매 경력, 서비스 마인드 보유자"
312022,한국직업능력교육원,기숙사有) DB보안/사이버보안 [비전공자/고졸] 국비지원 교육과정 AI활용으로 정보보안 취업,,,,,"기숙사 신청으로 국민취업지원제도 1유형을 만들어, 사라진 전액 100% 국비지원 받고, 훈련장려금 20만원+국취제 1유형 60만원 = 매달 800,000원(+자부담금 면제) 지원 받으며 임베디드 취업교육 받아보세요. 모집개요 교육기간 2026.04.13(월)~2026.11.02(월) (6개월) [다음기수 2~3달 주기로 상시 개강(예약가능)] 교육시간 월-금 09:00~17:40 훈련수당 국취제도 연계 시 최대 80만원 지원 지원자격 취업/이직 희망자, 학력, 경력이 전혀 없더라도 누구나 참여 가능 취업분야 DB전문가, DB보안, 정보보안엔지니어, 사이버보안전문가, 정보보안관제, 서버보안, 서버엔지니어, 네트워크엔지니어 신청절차 신청폼 작성 > 인터뷰 > 최종합격 ㅡㅡㅡㅡㅡㅡㅡㅡㅡㅡㅡㅡㅡㅡㅡㅡㅡㅡㅡㅡㅡㅡㅡㅡㅡㅡㅡㅡㅡㅡㅡㅡㅡㅡㅡㅡㅡㅡㅡㅡㅡㅡㅡㅡㅡㅡㅡㅡㅡㅡㅡㅡㅡㅡㅡㅡㅡㅡㅡㅡㅡ “비전공자라서 IT는 어렵다.” 많은 분들이 이렇게 생각합니다. 하지만 요즘 취업시장은 전공보다 실무역량 을 먼저 봅니다. 특히 사이버보안 분야는 인력 부족이 심각해, 기초부터 차근차근 준비한 비전공자도 충분히 진입할 수 있는 대표적인 직무입니다. [기숙사 보유] 경기 안산에 위치한 한국직업능력교육원 은 이러한 흐름에 맞춰, AI를 활용한 웹접근제어 기반 사이버보안 국비지원 교육과정 을 운영하고 있습니다. 이 과정은 단순 이론 위주의 보안 수업이 아니라, AI와 결합된 최신 보안 트렌드를 현업 중심 으로 익히는 실무형 부트캠프입니다. 왜 사이버보안에 AI가 필수가 되었을까? 과거 보안은 방화벽, 서버 관리 정도로 끝났습니다. 하지만 이제는 수십만 건의 로그와 트래픽을 사람이 일일이 분석하는 시대가 아닙니다. 최근 보안 솔루션들은 AI 기반으로 웹 접근 패턴을 분석하고, 비정상 트래픽이나 공격 징후를 자동으로 탐지·차단합니다. 정부 역시 디지털 전환 정책 에 맞춰 사이버보안 인력 양성 예산을 지속 확대 하고 있으며, 금융·공공·제조·플랫폼 기업 모두 보안 인재 확보에 사활을 걸고 있습니다. 지금 이 분야를 준비하면, 취업시장에서 경쟁자가 아닌 희소 인재 로 평가 받을 수 있습니다. 비전공자도 가능한 커리큘럼 이 과정의 가장 큰 장점은 대학교 1학년 수준의 기초부터 시작 한다는 점입니다. OSI 7계층, 네트워크 구조 이해 리눅스 기반 서버 구축 및 DB 구조 학습 C언어 기반 시스템 프로그래밍 Python 기반 AI 데이터 분석 AI 웹 로그 분석 및 접근제어 모델 설계 6개월 교육과정 중 시작은 완전 기초에서 시작해서 후반부에는 AI 머신러닝 기반 보안 프로젝트 를 통해, 웹접근제어 보안 솔루션 포트폴리오 를 완성 합니다. 실무 전문가 강사진 이 과정은 현업에서 직접 보안 솔루션을 개발하고 운영해온 10년 이상 실무 경력의 보안 전문가 강사진 이 전담합니다. 해외 IT기업 및 대기업 프로젝트 경험 을 가진 강사진이 실제 현장에서 사용하는 방식 그대로 수업을 진행하기 때문에, 수강생들은 단순 코딩이 아닌 현업 감각을 체득 할 수 있습니다. 취업까지 이어지는 체계적인 지원 한국직업능력교육원은 단순 교육기관이 아닙니다. 개별 상담을 통한 진로 설계 이력서·자소서 클리닉 모의면접 및 직무 맞춤 코칭 수료 후 6개월간 사후관리 국내외 6,000여 개 기업과 취업연계 를 통해 실제 채용으로 이어질 수 있도록 끝까지 지원합니다. 원거리 수강생을 위한 1인 1실 기숙사 운영 안산 외 지역 수강생도 걱정할 필요 없습니다. 교육원 인근에 1인 1실 원룸형 기숙사를 운영 하여, 제주도·지방 수강생들도 생활 부담 없이 학습에만 집중 할 수 있습니다. 숙소·주방·욕실까지 완비된 환경이라 장기 과정도 안정적으로 수료할 수 있습니다. 신청시 장점 프라이빗한 1인 1실 (1인실/2인실/4인실 운영) 숙소 비용 절감 훈련생만 이용하는곳으로 안전보장 기숙사 신청으로 국민취업지원제도 1유형을 만들어, 사라진 전액 100% 국비지원 받고, 훈련장려금 20만원+국취제 1유형 60만원 = 매달 800,000원(+자부담금 면제) 지원 받으며 임베디드 취업교육 받아보세요. 수료 후 진출 분야와 연봉 AI 보안 솔루션 개발자 Python 기반 보안 분석가 웹·DB 보안 엔지니어 서버·네트워크 보안 담당자 서버 엔지니어 네트워크 전문가 시스템 엔지니어 사이버보안관제 비전공자·신입 기준 평균 연봉 3,800만 원 이상 , IT 경력자의 경우 4,200만 원 이상 수준의 취업 사례가 이어지고 있습니다. 사이버보안은 더 이상 선택이 아닙니다. AI를 활용한 IT보안 전문가 취업 교육 , 지금 경기 안산 한국직업능력교육원에서 시작해보세요. ▼ ▼ ▼ ▼ ▼ 빠른 상담신청 ▼ ▼ ▼ ▼ ▼ https://naver.me/FG794pnA ▼ ▼ ▼ ▼ ▼ 빠른 상담신청 ▼ ▼ ▼ ▼ ▼ https://naver.me/FG794pnA"
312021,마이브라운반려동물전문보험(주),마이브라운 공식 서포터즈 브라운즈 1기 모집,,,콘텐츠 기획/제작 경험 | 기타,활동비,﻿ 마이브라운 공식 서포터즈 브라운즈 1기 모집 모집기간 2026.03.19(목) ~ 2026.04.02(목) * 선정자에게는 DM으로 별도 연락드릴 예정이에요. 지원조건 - 네이버 블로그 & 인스타그램을 이용하시는 분 (계정 공개 필수) - 강아지 또는 고양이를 기르는 분 (만 0~8세) ※ 우대 사항 : 마이브라운 반려동물보험 가입 가능자 ※ 선정 후 4.10(금) 오프라인 발대식 참여 가능자 활동기간 약 6개월 (4월 ~ 9월) 활동내용 인스타그램 / 블로그 콘텐츠 미션 총 6회 활동혜택 - 매월 활동비 지급 - 마이브라운 굿즈 키트 제공 - 우수 활동자 백화점 상품권 추가 증정 지원방법 1. @mybrown_official 공식 인스타그램 팔로우 2. 네이버 폼을 작성하고 제출하면 끝! 문 의 인스타그램 @mybrown_official
312020,한국정보교육,비전공자 클라우드 국비지원 교육 부트캠프 선택 방법 1.BHA 2.KDT우수성과기관 3.취업률,,,,,"﻿ 한국정보교육원은 AWS·KT·NHN 국내외 대표 클라우드 기업의 인프라 환경 을 기반으로 한 실무 중심 교육기관 으로, 수많은 수료생을 IT 전문 엔지니어로 배출해왔습니다. 단순한 이론 강의가 아닌 실제 기업 환경과 동일한 인프라를 구축·운영해보며, 서버·네트워크·클라우드 시스템 전반의 실무를 직접 다루는 과정 으로 구성되어 있습니다. 이 교육의 가장 큰 차별점은, 한국정보교육원이 BHA(베스트훈련기관, Best HRD Academy) 인증을 받은 국내 유일의 클라우드 분야 교육기관 이라는 점입니다. 그중 IT분야는 단 3곳뿐이며, 그중 하나가 바로 한국정보교육원입니다. ※BHA는 고용노동부가 전국 5,000여 개 국비교육기관 중 취업률, 교육의 질, 강사진, 시설, 수료생 후기 등을 종합 평가해 IT분야로는 단 3곳만 선정하는 국가 최고 등급 인증 마크 입니다. 또한 한국정보교육원은 5년 연속 우수훈련기관 으로 선정되었으며, K-Digital Training(KDT) 우수성과기관 으로도 공식 인증받았습니다. 이러한 수상과 인증은 단순한 교육기관이 아닌, 취업성과와 실무역량을 모두 검증받은 국가대표 수준의 IT훈련기관 임을 증명합니다. 한국정보교육원의 클라우드 인프라 과정은 비전공자도 대학교 1학년 수준의 기초부터 배우며, 6개월 안에 AWS·KT·NHN 환경의 인프라 엔지니어, 서버운영자, 네트워크 관리자, 클라우드 아키텍트 로 취업할 수 있도록 설계되어 있습니다. 교육 중 실습 장비와 전용 클라우드 계정이 제공되며, 수료 후에는 950개 이상 협약 기업 의 취업연계 지원이 이루어집니다. 국내 클라우드 엔지니어 양성의 중심, BHA 인증기관 한국정보교육원 에서 누구나 가능했던 IT 커리어의 시작을 직접 경험해보세요. 25.01 수료생 취업률 94.7%, 25.07 수료생 취업률 100% 등을 기록하였습니다. 카운팅에 제외된 한명도 공기업 취업을 희망하여 '취업을 유예'한 것이므로 실질적 취업률 100%를 달성했다고 봐도 되는 성과였습니다. 상담신청 https://naver.me/x9BbSuAp ※고용24 홈페이지 발췌 상담신청 https://naver.me/x9BbSuAp"
312019,카카오뱅크,[카카오뱅크] 브랜드 디자인 어시스턴트 (체험형 인턴),INTERN,,,,"[카카오뱅크] 브랜드 디자인 어시스턴트 (체험형 인턴) [담당할 업무] · 브랜딩 / 그래픽 / 제품 / 공간 등 브랜드 디자인 관련 다양한 업무 지원 · 카카오뱅크 브랜디드 컨텐츠 및 비주얼 에셋 개발 [필수 경험과 역량] · Figma, Photoshop, Illustrator 등 Design Tool 활용 역량이 있는 분 · 다양한 직군과 원활하고 논리적인 커뮤니케이션이 가능한 분 · 디자인 전공인 분 혹은 그에 준하는 감각을 가진 분 · 디자인 포트폴리오가 있는 분 [우대사항] · 3D 비주얼, 모션그래픽, 생성형 AI 이미지 제작이 가능한 분 · 특정 브랜드 아이덴티티를 기획/디자인하고 구축한 경험이 있는 분"
312018,한국직업능력교육원,"국내 유일 MCU(STM32, ESP32) ""임베디드&펌웨어""국비지원 부트캠프_로봇팔/자율주행차/스마트팜&팩토리 포트폴리오",,,,,"기숙사 신청으로 국민취업지원제도 1유형을 만들어, 사라진 전액 100% 국비지원 받고, 훈련장려금 20만원+국취제 1유형 60만원 = 매달 800,000원 지원 받으며 임베디드 취업교육 받아보세요. ﻿ 모집개요 교육기간 2026.04.06(월)~2026.10.30(금) (6개월) ::개강일정은 변동 될 수 있으며, 3개월 주기로 상시 개강하니 예약도 가능합니다. 교육시간 월-금 09:00~17:40 훈련수당 국취제도 연계 시 최대 70만원 지원 지원자격 취업/이직 희망자, 학력, 경력이 전혀 없더라도 누구나 참여 가능 취업분야 IOT 개발자 / 임베디드&펌웨어 전문가 / 스마트팜 창업 신청절차 신청폼 작성 > 인터뷰 > 최종합격 교육장소 안산(4호선 중앙역 도보 5분)::기숙사 보유 안산 한국직업능력교육원 AI사물인터넷 MCU기반(STM32, ESP32) 임베디드 펌웨어 전문가 양성 요즘 취업 시장에서 자주 듣는 말이 있습니다. “이론만 아는 개발자는 많다. 그런데 하드웨어까지 이해하는 개발자는 없다 .” 그 차이를 만드는 직무가 바로 임베디드 펌웨어 개발자 입니다. 임베디드와 펌웨어, 쉽게 설명하면? ✔ 임베디드(Embedded)란, 냉장고, 세탁기, 스마트워치, 공장 자동화 장비, 무인 키오스크처럼 제품 안에 숨어서 기능을 제어하는 작은 컴퓨터 를 말합니다. ✔ 펌웨어(Firmware)는, 그 임베디드 기기를 움직이게 하는 두뇌 역할의 소프트웨어 입니다. 버튼을 누르면 화면이 켜지고, 센서가 값을 읽어오고, 네트워크로 데이터를 보내는 모든 동작이 펌웨어 코드로 만들어집니다. 즉, 임베디드/펌웨어 개발자는 “사람 눈에는 보이지 않지만, 세상의 모든 스마트 기기를 실제로 움직이게 하는 개발자” 라고 보면 됩니다. 이 과정이 특별한 이유 – MCU 실무 중심 이 교육은 STM32, ESP32 MCU 기반 실습 으로 진행됩니다. 스마트워치처럼 동작하는 IoT 기기 만들기 센서 값 수집 → 서버 전송 → 앱에서 확인 실시간 객체 추적, 얼굴 인식, 영상 처리 프로젝트 수행 단순한 코딩 수업이 아니라, 보드에 직접 코드를 올리고, 실제로 동작하는 결과를 눈으로 확인하는 실무형 교육 입니다. 비전공자도 가능한 이유 “전기·전자 ·IT 전공이 아니어도 가능할까요?” 이 과정의 실제 수료생 상위권 학생분들의 다수가 비전공자 출신 입니다. C언어 기초부터 차근차근 Python을 활용한 AI 프로그래밍 OpenCV 영상 처리, 객체 인식 실습 리눅스, MySQL, 네트워크까지 체계적으로 구성 언어 → 실습 → 프로젝트까지 이어지는 구조라 컴퓨터 처음 만져본 분도 따라갈 수 있게 설계된 커리큘럼 입니다. 전국 어디서든 참여 가능한 기숙사 운영 안산 캠퍼스에서 운영되지만, 1인 1실 원룸형 기숙사 제공 으로 제주, 강원, 부산 어디서든 부담 없이 참여할 수 있습니다. 거리나 거주지에 대한 걱정 없이 오직 공부에만 집중할 수 있는 환경 이 만들어집니다. 상담신청 및 등록문의 https://naver.me/FG794pnA 실습 프로젝트 예시 얼굴 인식 시스템 구축 실시간 객체 추적 프로그램 이미지 필터링·변환 프로그램 개발 IoT 센서 데이터 수집 및 서버 연동 이 모든 프로젝트가 취업 포트폴리오 로 활용됩니다. 임베디드 개발자의 현실적인 취업 경쟁력 MCU 기술 보유자와 미보유자의 연봉 차이는 평균 500만 원 이상. 기업에서는 “임베디드 보드를 만져본 사람” 을 가장 먼저 찾습니다. 스마트팩토리, 스마트홈, 자율주행, 국방·방산, 산업자동화까지 취업 분야가 끊임없이 확장되는 직무 입니다. 안산 한국직업능력교육원을 추천하는 이유 30년 경력 프로그래밍 강사 & 전자공학 박사 직강 언어·실습·실전 프로젝트까지 균형 잡힌 교육 개별 상담, 취업 코칭, 수료 후 사후관리까지 전담 지원 국내외 6,000여 개 기업과 연계 된 취업 네트워크 운영 지금이 기회입니다 임베디드와 펌웨어는 AI 시대에 절대 사라지지 않는 기술 직무 입니다. 비전공자도, 고졸도, 지역 상관없이 안산 한국직업능력교육원의 [AI사물인터넷 MCU기반 임베디드 펌웨어 전문가 과정]으로 당신만의 확실한 취업 무기 를 만들어 보세요. 상담신청 및 등록문의 https://naver.me/FG794pnA"
312017,국가보훈부/서현유스센터,2026. 독립운동GO! 기획단 모집,,,기타,전문가/임직원 멘토링 | 수료증 및 인증서,"2026. 독립운동GO! 기획단 모집 ⭐Z세대의 현장체험 중심의 역사 교육 게임 개발을 위한 독립운동 GO! 기획단을 모집합니다⭐ 👀독립운동GO! 기획단이란? 👉청소년이 역사 지식을 수동적으로 전달받는 방식에서 벗어나, 모바일 게임이라는 매체를 통해 실제 독립운동 관련 역사 장소를 방문, 단서를 탐색하고 선택하는 과정을 거치며 역사 학습 전 과정에 능동적으로 참여하여 지속가능한 역사 교육 콘텐츠 구현을 위한 모바일게임 어플 제작 기획단입니다! 📌 활동기간 2026. 4월 ~ 10월(약 6개월간, 토요일 진행) ※기획단 내부 조율을 통한 일정변경 가능 📌참가대상 모바일게임 개발 및 역사교육 콘텐츠에 관심있는 17세 ~ 대학생 10명 (Unity, 코딩, C언어 등 개발 관련 역량 우대) 🙏역사 관련 콘텐츠 제작이므로 역사에 대한 이해도와 참여 의지, 역사적 사실 기반을 고려합니다🙏 📌 활동내용 성남시 역사 관련 장소를 기반으로 한 GPS 퀘스트 체험형 모바일 게임 제작 📌참가특전 현직 개발자의 멘토링 지원, 800만원 상당의 제작 비용 지원, 식간식비 지원, 구글플레이 등록, 활동 확인서 발급 등 📌 모집기간 2026. 3. 30.(월) ~ 4. 8.(수) 📌 문의 활동사업팀 031-729-9433"
312016,멘탈헬스코리아,국가 청소년 정신건강 환경 평가 위원회 모집,,,기타,행사 참여,국가 청소년 정신건강 환경 평가 위원회 모집 ✔️ 선발일정 [모집기간] 3월 16일(월) ~ 4월 11일(토) [선발 절차] 1차 서류 발표 | 4월 13일(월)~14일(화) 2차 Zoom 인터뷰 | 4월 14일(화) ~ 25일(토) [최종 합격 발표] 4월 29일(수)~4월 30일(목) [발대식] 5월 9일(토) 14시~18시 ※ 장소 : 멘탈헬스코리아 오피스(서울시 강남구 청담동) ✔️ 지원자격 14세~19세 대한민국 청소년 ✔️ 지원방법 [온라인 지원서 접수] 제출 : 아래 네이버 폼을 통해 지원서를 제출해 주세요. https://naver.me/xM5PFbpU ✔️ 참가비 25만원 ✔️ 활동내용 5월 Kick-off 및 위원회 발대식 정신건강 환경 평가 방법론 교육 6월 ~ 8월 현장 평가 및 데이터 수집 학교 환경 평가 지역 정책 분석 온라인 플랫폼 영향 분석 청소년 1000명 인터뷰 9월 ~ 10월 리서치 페이퍼 및 정책 제안 작성 청소년 정신건강 환경 Index 사이트 공개 10월 정부 및 국제기구 보고 11월 연례 컨퍼런스 개최 ✔️ 문 의 멘탈헬스코리아 인스타그램 DM
312015,현대자동차,[현대자동차] [계약직] 남부하이테크센터 드라이버,CONTRACT,남부하이테크센터 드라이버 | 서비스 | AS/서비스/수리 | 고객관리 | 고객관리/인바운드 | 영업/고객상담 | 안내/리셉션 | 사무/총무/법무 | 경영/사무 | 현대자동차에 지원한 동기와 직무경험 및 본인만의 강점에 대하여 구체적으로 기술해주시기 바랍니다. | [현대자동차] [계약직] 남부하이테크센터 드라이버,,,"[현대자동차] [계약직] 남부하이테크센터 드라이버 [직무상세] - 하이테크센터를 방문해주시는 고객분들께 동선과 차량 입고 관련 안내를 지원하고, 고객 차량의 입출고 프로세스 운행 지원 업무를 수행합니다. ■ 내방 고객 응대 및 차량 입출고 지원 · 고객 입고 차량 예약 확인 및 라운지 안내 · 하이테크센터 內 고객 차량 입/출고 프로세스 운행 지원 [지원자격] · 운전면허 자격증을 보유하신 분 [우대사항] · 고객 응대 및 차량 운행 관련 업무 경험을 보유하신 분"
312014,후성코퍼레이션,[후성코퍼레이션] 2026년 상반기 영업 신입사원 채용 (~04/07),NEW,,,,"[후성코퍼레이션] 2026년 상반기 영업 신입사원 채용 (~04/07) [주요업무] • 광물, 비철금속 수출입 • 국내 제강사/내화물업체 영업 및 관리 • 해외 자원 개발 [자격요건] • 학력 : 대학교졸업(4년)이상 • 전공 : 무관 • 영어 가능자(필수) [지원자격] 1) 모집부문 해당학력 이상 졸업자 2) 남성의 경우 병역필 또는 면제자로 해외여행에 결격사유가 없는 자 3) 공인영어시험(TOEIC 등) 성적우수자 서류전형 우대 4) 국가보훈대상자는 관계법령에 따라 우대 [우대사항] • 영어 능통자 우대"
312013,은평종합사회복지관,은평종합사회복지관 체조교실 자원봉사자 모집,,,휴학 중/시간 투자 가능 | 타 대외활동 경험,봉사활동시간,"★태화복지재단 은평종합사회복지관에서 자원봉사자를 모집하고 있습니다. ★일정 및 내용을 꼼꼼하게 살펴주시고, 봉사신청을 해주시면 감사하겠습니다. 1. 활동명 : 뚝딱뚝딱 푸른모임 체조교실 보조운영 자원봉사자 모집 2. 일 시 : 2025.03~11월(매주 화/금 9:30-11:30, 10-11시 프로그램 진행, 앞뒤 30분 세팅 및 정리) 3. 내 용 : 체조교실 프로그램 세팅, 출석관리, 참여자 요청사항 접수 및 담당자 소통, 프로그램 사진촬영 4. 대 상 : 수색동 거주 65세 이상 어르신 5. 장 소 : 수색동주민센터 3층 2·3강의실 (복지관 재개발로 인한 임시대관공간) 6. 기 타 : - 매주 주 2회 진행하는 프로그램으로, 2회모두 참여가 어려울 시 특정 요일만 지원하셔도 무방합니다. - 개인사유로 인한 프로그램 참여 어려울 시 사전 조율가능합니다. - 프로그램 신청 확인 후 전화인터뷰 진행될 예정입니다. 7. 문의 및 신청 : 은평종합사회복지관 수색·증산동팀 윤지수 대리(☎070-4673-5118) 어르신의 건강한 노후생활을 위한 체조교실 운영에 함께 하실 자원봉사자님을 모집합니다! 많은 관심 부탁드립니다 ^^"
312011,비룡소,2026 제3회 셜록 홈즈상 공모전,,,,기타,"2026 제3회 셜록 홈즈상 공모전 📌 공모개요 - 비룡소에서 어린이를 위한 미스터리 작품을 공모합니다. 「명탐정 코난」, 「스무고개 탐정」, 「셜록 홈스」 등과 같은 매력적인 탐정이 전면에 나오는 이야기, 「그리고 아무도 없었다」처럼 범인 찾기 놀이에서 추리를 만끽할 수 있는 이야기, 수수께끼, 미스터리, 으스스한 모험을 담아낸 다양한 이야기를 기다립니다. 📌 공모주제 - 초등 중고학년을 위한 추리 소설 📌 기간 및 일정 - 2026년 8월 30일(일요일 자정 전까지) 📌 지원자격 - 신인 및 기성 작가 제한 없음 📌 접수방법 - 비룡소 홈페이지를 통해 온라인으로 접수 - 상단 메뉴 → 공모 → 비룡소 셜록 홈즈상 - 반드시 응모지원서를 다운로드 받아 작성해 함께 업로드 📌 출품규격 - 200자 원고지 250매 내외 * 완성된 원고 형태여야 하며 시놉시스나 시나리오 형태는 받지 않습니다. * 다른 지면에 발표된 적 없는 작품을 대상으로 심사(출품작 수 제한 없음) 📌 시상내역 - 상패와 부상 1,000만 원(선인세) * 대상작 없을 경우, 우수상으로 선정할 수 있습니다.(선인세 500만 원) 📌 유의사항 - 비룡소 홈페이지 공모 접수 메뉴를 통해 온라인으로만 접수합니다. - 원고 파일과 응모지원서 파일은 구분하여 각각 업로드해 주세요. - AI 생성물은 응모할 수 없습니다. - 응모작은 반환하지 않습니다. - 한번에 여러 작품을 응모할 경우, 비회원으로 응모 바랍니다. 📌 문의 - hong@bir.co.kr"
312010,IT상담소,IT국비지원 상담소_궁금한 모든 질문,,,,,"IT 취업을 고민하고 있다면 한 번쯤은 “국비지원 부트캠프”를 들어보셨을 겁니다. 하지만 정말 도움이 되는지, 비전공자도 가능한지 고민이 많으실 텐데요. 결론부터 말씀드리면, 👉 지금 IT 취업을 준비한다면 국비지원 부트캠프는 가장 빠른 루트 중 하나입니다. 왜 국비지원 부트캠프인가요? 현재 IT 채용 시장은 단순 이론이나 자격증보다 “실무 경험이 있는 인재” 를 훨씬 선호합니다. 하지만 독학으로는 무엇부터 공부해야 할지 모르고 포트폴리오를 어떻게 만들어야 할지 막막하고 취업까지 이어지지 않는 경우가 많습니다 그래서 필요한 것이 실무 중심 + 취업 연계형 교육 과정 입니다. 비전공자도 가능한 이유 많은 분들이 “나는 전공이 아닌데 괜찮을까?” 고민하시는데요. 국비지원 부트캠프는 ✔ 기초부터 시작하는 커리큘럼 ✔ 단계별 실습 중심 교육 ✔ 프로젝트 기반 학습 으로 구성되어 있어, 비전공자도 충분히 취업까지 도달할 수 있도록 설계 되어 있습니다. 실제로 IT 취업자의 상당수가 비전공자 출신입니다. 선택 가능한 IT 직무 본인의 성향과 목표에 맞게 다양한 직무를 선택할 수 있습니다. 개발 (백엔드 / 프론트엔드 / 풀스택) 네트워크 / 서버 클라우드 / 인프라 AI / 데이터 / 생성형 AI 임베디드 / 펌웨어 / IoT 정보보안 / DB보안 핀테크 개발 핀테크 서비스 기획 프로덕트 디자인(UI/UX) 👉 복수 선택도 가능하기 때문에 상담을 통해 방향을 함께 설정해드립니다. 교육을 통해 얻을 수 있는 것 국비지원 과정은 단순 수강이 아닙니다. ✔ 실무 프로젝트 경험 ✔ 포트폴리오 완성 ✔ 기업에서 사용하는 기술 스택 습득 ✔ 협업 경험 (실제 개발 환경 방식) 👉 수료 시점에는 “신입이지만 바로 투입 가능한 수준” 까지 도달하는 것이 목표입니다. 교육기관별 특장점 및 혜택도 안내드립니다 교육기관마다 차이가 있기 때문에 👉 무작정 신청하는 것은 위험합니다. 상담을 통해 ✔ 취업률 / 기업 연계 여부 ✔ 온라인 / 오프라인 과정 여부 ✔ 커리큘럼 및 교육일정 ✔ 강사진 (현업 출신 여부) ✔ 교육 강도 및 난이도 ✔ 수당 및 지원 혜택 까지 비교하여 👉 가장 적합한 교육기관을 매칭해드립니다. 상담 시 안내해드리는 내용 단순 추천이 아니라 ✔ 개인 맞춤 직무 방향 설정 ✔ 커리큘럼 상세 설명 ✔ 교육 일정 및 시작 시기 ✔ 취업 전략 및 전망 까지 구체적으로 안내드립니다. 단순 궁금하신 점만 물어보셔도 됩니다 :) 상담 신청 방법 아래 4가지만 알려주시면 됩니다. 1️⃣ 거주지 2️⃣ 공부 시작 희망 시기 3️⃣ 희망 직무 (복수 선택 가능) 4️⃣ 나이 (만 나이 기준) 👉 위 정보를 바탕으로 가장 적합한 교육기관 + 직무 과정으로 맞춤 상담 진행해드립니다. 마지막으로 IT 취업은 “언젠가 해야지” 하는 순간 늦어집니다. 👉 중요한 건 빠르게 방향을 잡고, 제대로 시작하는 것 입니다. 혼자 고민하지 마시고 지금 상황에 맞는 최적의 선택을 찾아보세요. 오픈카톡 https://open.kakao.com/o/sRXvLWfi 신청폼 https://naver.me/GB3IX35u"
312009,은평종합사회복지관,은평종합사회복지관 마음보듬이 스크리닝 활동가 모집,,,휴학 중/시간 투자 가능 | 타 대외활동 경험,봉사활동시간,"★태화복지재단 은평종합사회복지관에서 마음보듬이 자원봉사자를 모집하고 있습니다. ★일정 및 내용을 꼼꼼하게 살펴주시고, 봉사신청을 해주시면 감사하겠습니다. 1. 신청대상 : 봉사를 희망하는 대학생 2. 모집인원 : 4명 3. 신청기간 : ~ 2026년 4월 3일(금)까지 4. 활동일시 : 월 2회 (봉사시간, 일정 조율 가능) 5. 활동내용 : 취약계층세대 마음건강 모니터링(가정방문), 스크리닝 등 6. 활동장소 : 은평종합사회복지관, 수색동일대 7. 지원방법 : 기재된 구글폼 링크를 통해 신청, VMS 신청 8. 구글폼 링크: https://docs.google.com/forms/d/1RjSW6TgrRK4YH3tH6PbFC6caCy7NlCIItXmfVmxkIOU/edit?pli=1 ※모집절차 및 활동계획 포스터 참조, 문의 : 임영란 과장 (070-4673-5104)"
312008,튠인,문화예술 후원 단체 ‘튠인’ 해시태그 공모전 (상시모집),,,,기타,"﻿ 문화예술 후원 단체 ‘튠인’ 해시태그 공모전(상시모집) ✅ 공모전 주제 문화 예술인 후원단체 튠인에서 문화 예술 발전과 홍보를 위한 해시태그 공모전 ✅ 지원대상 서울시 소재 대학교에 재학 또는 휴학 중인 대학생 ✅ 공모일정 1. 접수기간 : 상시모집 2. 공모전 평가 : 접수 건별 내부 심사 진행 3. 최종 입상자발표 : 수상자에 한하여 개별 통보예정 ※ 상기 일정은 내부 사정에 의해 변동될 수 있습니다. ✅ 시상내역 총 3단계 선정 : 시그니처상, 스포트라이트상, 루키상 1. 시그니처상 : 상금 50만원 2. 스포트라이트상 : 상금 30만원 3. 루키상 : 상금 10만원 또는 튠인 행사 체험권(보컬레슨, 이미지 스타일링, 향수제작, 기타레슨 등 원데이 클래스) ※ 입상자의 경우 제세공과금은 수상자 본인이 직접 부담합니다. ※ 입상자 중 일부는 문화 예술 홍보에 관한 간단한 의견을 묻기 위한 개별 연락 드릴 수 있습니다. ✅ 수상 기준 시그니처상 : 튠인의 정체성과 문화 예술 후원 가치를 가장 효과적으로 담아내며, 대중성·독창성·상징성을 고루 갖춘 해시태그 스포트라이트상: 문화 예술 홍보에 적합하고 활용성이 높으며, 의미 전달이 분명하고 공감도를 갖춘 해시태그 루키상 : 튠인의 활동 취지와 부합하며, 쉽고 친근하게 활용 가능한 해시태그 ✅ 신청방법 메일 제출 메일 제출시 제목으로 튠인 공모전 제출로 작성 이름/나이/거주지(동)/대학교(재학/휴학/졸업) 연락처/튠인 해시태그/해시태그의 의미 제출처:[skyyunik6946@naver.com] ✅ 응모분야 튠인 공식 해시태그 네이밍 ✅ 심사방법 및 기준 문화 예술을 홍보할 수 있는 해시태그로 대중성과, 상징성, 활용성이 잘 담겨 있는 해시태그 ✅ 문의처 담당자: 010-8241-9955 ※ 문의 가능 요일 및 시간 : 월~금 09:30~17:30 / 공휴일, 점심시간 (12:00~13:00) ※ 홈페이지: [http://tunein.kr]"
312007,KIS정보통신,[KIS정보통신] VAN 채널 영업 및 마케팅 (신입/경력) 채용,"NEW, EXPERIENCED",,,,"[KIS정보통신] VAN 채널 영업 및 마케팅 (신입/경력) 채용 [모집직무] VAN 채널 영업 및 마케팅 [지원 ​자격] 1) 필수요건 대졸(4년제) ​이상 신입 또는 ​경력 3년 ​미만 MS ​Office 활용능력 보유자 적극적인 커뮤니케이션 ​스킬을 가지신 ​분 지방에 상주하며 근무 가능하신 분 ﻿ 2) 우대요건 기획 및 분석 업무에 관심이 많으신 분 수평적 조직 문화에 대한 이해도가 높고 경험이 많으신 분 마케팅을 위한 적극적인 마인드를 가지신 분 [모집일정] ~ 2026년 04월 08일, 23:59"
312006,kt cloud,KT클라우드 직접 설계한 커리큘럼으로 직접 주관하는 '클라우드 인프라' [실시간 온라인] 실무 국비교육,,,,,"모집 과정 웹 개발: 풀스택개발 인프라/혁신 기술: 생성형 AI, 클라우드 인프라 프로덕트 전문가: 프로덕트 디자인 본 글은 여러 직무 중 [클라우드 인프라] 직무에 대한 글입니다. 다른 직무를 희망하시는 분은 문의로 남겨주시면 상담 해드리겠습니다. ﻿ 본 과정은 고용노동부가 주최하고 디지털선도기업인 kt Cloud TECH UP 에서 주관하는 K-디지털 트레이닝의 디지털선도기업아카데미 사업 으로 지원됩니다. 본 과정은 클라우드의 확장성과 안정성을 구축하는 인프라 전문가 과정이며 고용노동부에서 국비지원하는 취업교육 프로그램입니다. #클라우드운영 #IaC #비용최적화 #운영자동화 서울에만 집중 되어있는 대규모 대기업 국비지원 부트캠프에 참여하고 싶었지만 현실적인 거리, 경제적으로 참여하지 못한 분들은 집중해주세요! 전국 어디서나, 집에 PC나 테블릿이 오래되서 걱정되셔도 문제 없습니다. 참여자 전원에게 학습용 노트북 무상 대여 ! ﻿ 모집개요 모집과정 클라우드 인프라 전문가 과정 교육비용 19,166,400원 자비부담금 60만원 18,566,400원 국비지원 교육일정 26.05.12 (화) - 26.12.08 (화) 교육시간 월~금 09:00~18:00 ( 비대면실시간강의) 수업방식 100% 온라인 - 비대면 실시간 수업방식 지원자격 ✔️초보자, 비전공자, 전공자 ✔️클라우드 분야 취업 희망자 신청기간 선착순마감(선발합격 기준) 과정소개 📌 안정적인 환경을 설계하고 확장 가능한 기반을 만드는 길 {국내 최고 수준의 클라우드 인프라}를 만든 기술 노하우를 미래 클라우드 인프라 전문가에게 전수합니다. 📌 국내 최대 민간 GPU 클라우드 인프라 운영 경험 kt cloud는 국내 최대 규모의 민간 GPU 클라우드 인프라를 통해 대규모 연산과 안정적인 서비스 운영 노하우를 축적했습니다. 이 경험을 바탕으로 kt cloud와 AWS 환경을 모두 활용한 멀티 클라우드 운영 및 자동화 기술을 실무 중심으로 교육합니다. 📌 이런 분께 추천합니다 대기업 kt cloud 온라인 부트캠프에 참여하여 취업까지 성공하실 분 서울에만 밀집해 있는 대기업 부트캠프에 참여할 거리가 안되셨던 분 클라우드 인프라 및 시스템 엔지니어 지망생 인프라 자동화(IaC) 역량을 쌓고 싶은 개발자 하이브리드/멀티 클라우드 환경에 관심 있는 IT 전문가 참여희망 및 진로상담 https://naver.me/GkUU8Q64 ﻿ 상담 및 신청 문의 https://naver.me/GkUU8Q64 ﻿ 상담 및 신청 문의 https://naver.me/GkUU8Q64"
312005,현대로템,현대로템 방산+AI부트캠프[국방기술학회 이사장 채용추천서] 수료자 전원 제공,,,,,"모집개요 모집분야 현대로템 K-방산 AI모델 개발과정 [7기수] 교육비용 17,424,000원 → 자비부담금 일부 있음 (50만원) 교육기간 26.4.08~26.10.07 (6개월 과정)::다음 기수 2~3달 주기로 상시개강(예약가능) 교육시간 월~금 09시30분~18시30분 지원대상 현대로템 및 인공지능 직무 관련 취업 희망하는자 , 초보자 및 퇴사예정자도 가능 신청기간 선착순마감 신청방법 최하단 신청링크 클릭 교육 장소 강남본원 선발 방법 서류전형 > 인터뷰 > 최종선발 AI개발 및 국방학과나 방위산업 관련 진로를 준비하다 보면, 많은 학생들이 비슷한 고민을 하게 됩니다. “전공은 맞는데, 실제 기업에서 원하는 역량이 뭘까?” “AI나 데이터 쪽 실무경험이 없으면 불리하지 않을까?” ​ 요즘 방위산업 채용 공고를 살펴보면 답은 꽤 분명합니다. 단순 이론 이해만으로는 부족하고, AI 모델 개발과 데이터 기반 문제 해결 역량이 사실상 필수가 되고 있습니다. ​ 그래서 최근 주목받는 과정이 바로 현대로템 방산AI 부트캠프 입니다. ​ 고용노동부 주최, 디지털선도기업이 직접 참여하는 K-디지털 트레이닝 이 과정은 단순한 교육 프로그램이 아닙니다. 고용노동부가 주최하고, 디지털선도기업인 현대로템 , 그리고 전문교육기관 한국전파진흥협회가 공동으로 운영하는 K-디지털 트레이닝 디지털선도기업아카데미 사업으로 지원됩니다. ​ 즉, 국가 차원에서 “실제로 취업으로 이어질 수 있는 교육” 으로 검증된 과정이라는 점에서 신뢰도가 높습니다. ​ 이론 위주의 수업이 아니라, 산업 현장에서 바로 활용 가능한 기술을 중심 으로 구성되어 있다는 점이 핵심입니다. ​ ​ ​ 방위산업 취업, 이제 AI 모델 개발은 선택이 아니다 AI 관련 채용 공고를 보면 공통적으로 등장하는 키워드가 있습니다. - 데이터 분석 - 머신러닝 - 모델 설계 및 검증 ​ 방산 기업 역시 예외가 아닙니다. 오히려 시뮬레이션, 예측, 자동화 영역에서 AI 모델 개발 역량은 필수 중 필수로 요구되고 있습니다. ​ 이 교육과정은 이러한 흐름을 그대로 반영해, 방위산업에 특화된 AI 프로젝트를 중심으로 학습이 진행됩니다. ​ 단순 실습이 아니라, 실제 기업 환경을 가정한 문제를 해결하는 방식이기 때문에 결과물, 즉 포트폴리오의 완성도가 다릅니다. ​ 현대로템 현직자가 함께 만드는 차별화된 포트폴리오 가장 큰 차별점은 현대로템 현직자의 직접 참여입니다. 프로젝트는 단순히 과제를 던져주고 끝나는 방식이 아니라, - 기획 단계에서 방향을 잡아주고 - 중간 점검을 통해 구조를 다듬고 - 최종 결과물에서 부족한 부분을 실무 기준으로 보완합니다. 즉, 현대로템 현직자가 기획부터 최종보완까지 함께한다는 의미입니다. ​ 이 과정을 통해 완성되는 결과물은 “교육용 프로젝트”가 아니라, 실제 채용 과정에서 설명 가능한 차별화된 포트폴리오 가 됩니다. ​ 방산·AI 분야 취업을 준비하는 입장에서는 이 점이 상당히 큰 강점입니다. 1,000개 이상 취업처, 현실적인 진로 선택 이 과정과 연계된 취업처는 1,000곳 이상 으로 알려져 있습니다. 방위산업뿐만 아니라 AI, 데이터, 연구·개발 직무까지 진출 범위가 넓기 때문에 국방학과 전공자에게도 선택지가 다양합니다. ​ 단순히 “배웠다”에서 끝나는 게 아니라, 실제 취업 시장에서 활용 가능한 경쟁력 을 만드는 데 초점이 맞춰져 있습니다. ​ 더불어 수료 시에 학회 이사장 명의의 채용 추천서가 제공됩니다. ​ ​ 국방학과 취업준비를 하고 있다면, 이제는 전공 지식만으로는 부족한 시대입니다. ​ 방위산업과 AI 모델 개발을 함께 준비할 수 있는 환경, 그리고 현직자의 시선으로 완성도를 끌어올릴 수 있는 프로젝트 경험. ​ 현대로템 방산AI 부트캠프는 이런 조건을 모두 고려한 현실적인 선택지입니다. ​ 방산 분야에서 한 단계 앞서고 싶다면, 단순한 공부가 아닌 검증된 교육 과정을 기준으로 판단해볼 필요가 있습니다. 상담 및 등록문의 https://naver.me/x672S1XS 상세페이지 https://graceful-move-836.notion.site/K-SMART-AI-1900490cfab580c9a6a2c863aa5f9319 상담 및 등록문의 https://naver.me/x672S1XS 상세페이지 https://graceful-move-836.notion.site/K-SMART-AI-1900490cfab580c9a6a2c863aa5f9319"
312004,BGF에코머티리얼즈,[BGF에코머티리얼즈] 천안생산팀 생산직 신입/경력 채용,"NEW, EXPERIENCED","천안생산팀 생산직 | 화물/중장비 | 무역/유통 | 포장/가공 | 생산/제조 | 제조/가공 | 포장 | 무역영업/해외영업 | 무역사무/수출입 | 구매/자재/재고 | 상품기획/MD | 배송/택배/운전 | 생산관리/공정관리/품질관리 | 생산/제조/설비/조립 | 섬유/의류/패션 | 1. 지원동기와 입사 후 회사에서 이루고 싶은 꿈은 무엇인가요? | 2. 지원한 직무를 위해 필요한 역량은 무엇이라고 생각하며, 이 역량을 갖추기 위한 노력이나 자신만의 특별한 경험을 작성해 주세요. | 3. 다른 지원자 대비 본인만의 '차별화된 강점'과 '보완해야 할 약점'에 대해 사례를 들어 구체적으로 기술해 주세요. | 경력사항과 보유기술에 대해 구체적으로 설명해주세요. | [BGF에코머티리얼즈] 천안생산팀 생산직 신입/경력 채용",,,"[BGF에코머티리얼즈] 천안생산팀 생산직 신입/경력 채용 ■ 담당업무 · 완제품 포장 및 실링 : 압출라인에서 생산된 펠릿을 규격에 맞춰 포장 및 실링하는 작업 (25kg 단위 포대 실링 및 파레트 적재 반복 작업) · 적재 및 입고 : 완제품 포장 후, 파레트 적재 및 창고 내 지정 구역 입고 (지게차 운전 필요) ■ 지원자격 · 학력 : 고등학교 졸업 이상 · 경력 : 무관 · 자동차운전면허 소지자 ■ 우대사항 · 해당 직무 근무 경험 · 인근 거주자 · 지게차 운전기능사 보유자"
312003,JJES,[세부 JJES] 2026 여름캠프 청년 멘토 모집 (항공/숙식/체류비 전액지원)  / 6주 기간 추가!,,,사진/영상/디자인 툴 | 멘토링/수업 진행 경험 | 콘텐츠 기획/제작 경험 | 외국어 | 리더십 | 휴학 중/시간 투자 가능 | 타 대외활동 경험,활동비 | 수료증 및 인증서,"[세부 JJES] 2026 여름캠프 청년 멘토 모집(항공/숙식/체류비 전액지원) - 많은 문의와 성원에 *6주 기간 모집* 추가! “힘드니까 청춘이다? NO! 힘들어서 혜택이 좋은 겁니다!” 세부 No.1 글로벌 주니어 전문 어학원, JJES(Jung Jun English School)에서 2026년 여름을 뜨겁게 보낼 열정 가득한 청년 멘토를 모집합니다. 단순히 일만 하는 것이 아니라, 세부의 바다와 문화를 즐기며 아이들과 함께 성장할 분들을 기다립니다. 📍 모집 분야 및 인원 학습 파트 (00명): 수학(초3~고2) 또는 영문법(초3~고2) 수업 가능자 미디어 파트 (00명): 사진/영상 촬영 및 편집, 디자인 가능자 (개인 작업용 노트북 지참 필수) 글로벌 파트 (00명): 중국어 또는 아랍어 가능자 (대만, 사우디아라비아 학생 상담 및 케어) 📅 활동 안내 접수 기간: 2026년 3월 19일 ~ 모집 완료 시 마감 활동 기간: 2026년 6월 1일 ~ 2026년 8월 23일 (주차별 순차 출국, 6주/8주/10주/12주 택) 활동 장소: 필리핀 세부 JJES 어학원 캠퍼스 ✅ 주요 활동 공통: 학생 학습/생활 체크 및 케어, 주말 액티비티 인솔, 학원 행사(락페스티벌, 파티 등) 준비 및 무대 참여 파트별 과업: 학습: 한국학생 학습 멘토링 (일 최대 5시간), 자율학습 감독 미디어: 학생 활동 촬영, 학원 관련 디자인 및 영상 제작, 졸업 영상 제작 글로벌: 대만/사우디 학생 상담 및 현지 매니지먼트 지원 🎁 혜택 및 지원 (FULL SUPPORT) 체류비 전액 지원: 왕복 항공권, 숙식 제공, 비자/SSP 발급비 전액 지원 현금 지원: 2주 1회 데이오프 시 여행지원금 현금 지급 (15일, 말일) 특별 경험: 스쿠버다이빙 무료 체험 및 학생 인솔, 리조트 액티비티 동행 스펙 업: 학원 명의 대외활동 인증서 발급 (필요 시 재직증명서 가능) 특전: 멘토증 지참 시 세부 '트리쉐이드' 본인 20% 할인, 겨울캠프 지원 시 서류 프리패스 및 지원금 증액 식사: 한국인 셰프님 이 직접 관리하는 고퀄리티 식단 제공 🙌 우대 사항 아이들을 진심으로 사랑하는 청년 일상 영어 회화가 가능한 분 넘치는 끼를 주체하지 못해 무대에서 보여주고 싶은 분! 📝 지원 방법(택1) + 미디어 파트: 포트폴리오 제출 필수(유튜브,구글드라이브 업로드 후 링크제출) 지원 페이지 URL: [ https://forms.gle/M5WNkv2ZAooFSVZF8 ] 이메일 이력서 작성: info@jjes.co.kr"
312001,KIS정보통신,[KIS정보통신] 기획실 (신입) 채용,NEW,,,,"[KIS정보통신] 기획실 (신입) 채용 [모집 직무] 전사 경영기획 [지원 자격] 1) 필수요건 학사(4년제) 이상 학위를 보유하신 분 데이터 기반으로 현안을 분석하고 논리적인 사고로 해결 방안을 고민하는 분 MS Office(Excel, PowerPoint) 활용 능력이 우수하신 분 원활한 커뮤니케이션을 통해 대외기관 및 유관 부서와 협업이 가능하신 분 ﻿ 2) 우대요건 VAN, PG, 핀테크, 결제 산업 관련 경험 또는 이해도가 있으신 분 카드 결제 프로세스 및 정산 구조에 대한 기본적인 이해가 있으신 분 산업 및 시장 환경 분석 관련 학습 또는 프로젝트 경험이 있으신 분 데이터 분석 및 경영지표 관리에 대한 기초 이해가 있으신 분 [채용 절차] 서류 전형 > 인적성 검사 > 1차 면접 > 2차 면접 > 채용 검진 > 처우 협의 및 구비서류 제출 > 최종 합격"
311998,현대제철,[현대제철] 사무행정 사무보조 계약직 채용(당진),CONTRACT,"사무행정 사무보조 계약직 | 사무보조 | 사무보조/문서작성 | 경영/사무 | 자재/재고관리 | 구매/자재/재고 | 무역/유통 | 전표입력 | 경리/회계/결산 | OA/문서작성 | 홈페이지관리 | 구매관리 | 경리 | 결산 | 급여관리/4대보험 | 부가세신고 | ERP/더존 | 기획/전략/경영 | 사무/총무/법무 | 인사/노무/교육 | 재무/세무/IR | 무역영업/해외영업 | 무역사무/수출입 | 상품기획/MD | 배송/택배/운전 | 화물/중장비 | 1. 자기소개(600자) (최소 100자, 최대 600자 입력가능) | [현대제철] 사무행정 사무보조 계약직 채용(당진)",,,"[현대제철] 사무행정 사무보조 계약직 채용(당진) [전형절차] - 서류전형 → AI역량검사 → 면접전형/신체검사 → 최종합격 [수행 업무] - 전산 자재 관리, IP통제 관리업무 - 비용 정산 및 전표 처리 - 각종 사무지원 [자격요건] - 학력 : 고졸 이상 (전공무관) [우대사항] · 해당 직무 근무 경험자 · 회계 전공자 우대"
311997,(주)이스트소프트,[ESTsoft] PR 및 SNS 운영 담당자 (경력),EXPERIENCED,,,,"이스트소프트를 소개합니다 이스트소프트는 ​지난 ​28년간 ​국민 유틸리티 ​'알툴즈'와 국내 1위 백신 ​‘알약’을 ​서비스해온 국내 ​대표 SW 전문 ​기업입니다. 그동안 축적된 ​서비스 ​노하우와 혁신적인 ​SW ​기술을 ​바탕으로, 최고의 A.I. ​서비스 ​기업으로 성장하기 위한 ​새로운 ​발걸음을 ​내딛고 있습니다. “실용주의 인공지능으로 ​일상에 편리함을 ​더하다” 이스트소프트는 ​‘실용주의 인공지능’을 ​지향하며, 우리 ​일상에 ​인공지능이 PLUS된 더 ​편리한 세상을 ​추구합니다. 인공지능이 필요한 모든 영역에 우리의 A.I. 기술을 적용하여 더 나은 세상을 만들어나갈 인재를 모집합니다. 우리 IR/PR팀을 소개합니다 우리 조직의 주요 업무/역할 국민 SW 기업에서 국가대표 AI 기업으로 이어지는 이스트소프트의 가치를 대내외적으로 소통합니다. 담당 제품/서비스 기업과 그룹사 전반에서 운영하는 서비스와 제품의 경쟁력을 시장에 알립니다. 우리 조직의 목표 기업의 성과, 성장 모멘텀 등을 시의적절하게 시장에 알리고 온전히 가치를 인정받을 수 있도록 커뮤니케이션합니다. 협업 툴, 기술 스택 MS 오피스, 이미지 및 영상 편집 등 협업문화, 협업방식 팀 목표를 이루기 위해 수시, 정기 미팅을 진행합니다. ✔ 이런 업무를 담당합니다 PR 매니저로 보도자료 기획 및 작성, SNS(링크드인, 페이스북, X) 및 유튜브 채널 운영, 사내 커뮤니케이션 활동 등을 수행합니다. ✔ 이런 역량을 갖춘 분을 찾습니다 보도자료 및 기획기사 등 콘텐츠 기획력 기업 SNS 채널 운영 경험 및 데이터 기반 운영 능력 타 부서와 원활한 협업을 위한 커뮤니케이션 역량 글로벌 PR을 위한 외국어 능력(영어) ✔ 이런 역량이 있으면 더욱 좋습니다 테크 기업 및 상장사 PR 경험 다양한 마케팅 툴 활용 능력 및 퍼포먼스 마케팅 수행 경험 AI 툴 활용 능력 ✔ 아래 여정을 통해 합류합니다 - 전형절차 * 서류심사 → 실무진인터뷰 → 인성검사 → 최종인터뷰 → 처우협의 → 최종합격 - 접수기간 : ~ 채용 시 마감 * 해당 공고는 수시 채용으로, 채용 완료 시 조기에 마감될 수 있습니다. * 각 전형 및 결과 안내는 모든 지원자분들에게 개별적으로 메일을 통해 안내해드리고 있습니다. * 지원자의 이력 및 경력 사항에 따라 일부 전형 과정이 생략되거나 추가될 수 있습니다. 이스트패밀리의 생활을 공개합니다 [Work P+US : 업무에 온전히 몰입할 수 있도록] - 수평적인 커뮤니케이션이 가능하도록, ""-님""으로 호칭 - 근무시간을 효율적으로 활용할 수 있도록, 시차출퇴근제 운영 (8시/9시/10시) - 부담 없이 쉴 수 있도록, 휴가 자기 결재 제도 운영 - 걱정없이 업무에만 몰입할 수 있도록, 야근 시 저녁 식사 및 택시비 지원 - 몰입하고 노력한 만큼 보상받을 수 있도록, 성과에 따른 인센티브/스톡옵션 지급 [Life P+US : 오래 오래 함께할 수 있도록] - 오랜 근속에 지치지 않도록, 리프레시 휴가 및 휴가비 지원 - 건강히 함께할 수 있도록, 건강검진 지원 및 단체 보험 가입 - 목돈 마련에 힘이 되도록, 청년내일채움공제 지원 - 보금자리 마련에 힘이 되도록, 전세대출이자/월세/이사비 등 주거비용 지원 - 기쁨도 슬픔도 함께 나눌 수 있도록, 경조사 지원 (경조휴가, 경조금) - 출산과 육아도 걱정 없도록, 복직 시 산후 근속 장려금 지원 - 가족과의 휴식도 책임질 수 있도록, 리조트/콘도 회원가 및 제주도 캠퍼스 게스트룸 할인 - 눈 건강도 놓치지 않도록, 아이웨어 쇼핑몰 라운즈(ROUNZ) 할인 [Growth P+US : 함께 성장할 수 있도록] - 부족한 부분을 채워줄 수 있도록, 연간 복지포인트 120만원 지급 - 이스트패밀리에 잘 적응할 수 있도록, 온보딩/리더/복직환영 등 교육 진행 - 구성원 개인이 더욱 발전할 수 있도록, 도서/대학원 학비/외국어 교육/외부 세미나 비용 지원 - 함께 성장할 수 있도록, 런치앤런/아키텍쳐데이/스터디 등 다양한 사내 행사 및 세미나 진행 앞으로 이스트패밀리의 인사 및 복지제도는 계속해서 발전할 예정입니다. 지원 시 꼭 확인해주세요 [근무정보] - 채용인원 : 0명 - 근로형태 : 정규직 - 근무장소 : 서울시 서초구 반포대로 3 이스트빌딩 [제출서류] - 자유양식의 이력서(필수), 경력기술서, 포트폴리오를 첨부하여 제출해주세요. * 입사지원 서류에 허위기재 사실이 발견될 경우, 전형 진행과 입사가 취소될 수 있습니다. * 업무와 무관한 개인정보(신체조건, 출신지역, 혼인여부 등)는 기재하지 않습니다. * 급여 관련 정보(직전연봉, 희망연봉 등)에 대한 내용은 기재하지 않습니다. * 모든 모집 부문에서 국가보훈대상자 및 장애인은 관련 법령에 의거 가산점을 부여하고 있습니다. 포트폴리오란에 관련 서류를 첨부하여 제출해주세요. [기타사항] - 문의사항 : recruit@estsoft.com"
311996,성북교육복지센터,[2026-1학기] 성북교육복지센터 아우름 멘토링 멘토 모집,,,멘토링/수업 진행 경험,활동비 | 봉사활동시간,"[2026-1학기] 성북교육복지센터 아우름 멘토링 멘토 모집 🏫 성북교육복지센터는 성북강북교육지원청과 성북구청이 협력하여 사단법인 한국청소년학회가 위탁 운영하는 교육복지 전문 기관입니다. 성북교육복지센터에서 교육취학학생의 정서지원 및 학교 적응력 향상을 위한 [아우름 멘토링 멘토]를 모집합니다! 아이들의 든든한 멘토가 되어주세요! ✏️모집일정 - 서류 접수 : 3/31(화)~4/3(금) - 1차 합격 : 4/6(월) - 면접 : 4/9(목)~4/15(수) ✏️모집대상 - 성북구 내에서 활동 가능한 대학(원)생 *휴학생, 졸업생 가능 - OT 및 교육 등 모든 일정에 참여 가능한 자 - 관련 학과 전공자 우대(사회복지, 교육, 심리 등) - 타 대외활동과 중복 활동 불가 ✏️활동내용 - 활동기간 : 4월~7월(주 1회, 1시간) 12회기 - 활동장소 : 성북구 관내 학교, 성북교육복지센터 등 - 활동분야 : 심리 · 정서 및 기초학습 - 활동방법 : 학생 특성에 맞는 멘토링 계획 및 진행 - 문화체험(멘토 및 멘티 필요시 진행) - OT, 소양교육, 평가회 등 ✏️혜택 - VMS 봉사활동 시간 인정 혹은 소정의 활동비 중 택1 - 역량강화를 위한 교육 제공 - 타 대학 대학생들과 교류할 기회 ✏️지원방법 - 네이버 폼으로 지원 https://naver.me/5c8Zf2nX ✏️문의 - 전화 : 02-919-9704 - 카톡 : 카톡채널 '성북교육복지센터'"
311994,현대제철,[현대제철] 사무보조 계약직 채용(판교),CONTRACT,"사무보조 | 전표입력 | 경리/회계/결산 | 경영/사무 | 분양/임대 | 부동산/중개/분양/경매 | 건설 | 사무보조/문서작성 | 1. 자기소개(600자) (최소 100자, 최대 600자 입력가능) | [현대제철] 사무보조 계약직 채용(판교)",,,"[현대제철] 사무보조 계약직 채용(판교) [수행 업무] - 부동산 계약 관리 및 사무지원 - 계약관리 : 임차료 지급, 임대 수익, 도급비 처리 - 시국세 증명서 발급, 문서관리 등 - 비용 정산 및 전표처리, 기타 사무행정 [자격요건] · 학력 : 고졸 이상 (전공무관) [우대사항] - 해당 직무 근무 경험자 - 회계 전공자 우대"
311993,에스디바이오센서,[SD바이오센서] [4월/신입경력/청담] 미국법인 사업전략 담당자 채용,"NEW, EXPERIENCED",,,,[SD바이오센서] [4월/신입경력/청담] 미국법인 사업전략 담당자 채용 [모집직무] 미국법인 프로젝트 코디네이터 [모집일정] ~2026.04.12 오후 11:59 [자격요건] - 학사 이상 - 신입/경력 3년 이하 - 미국식 영어 커뮤니케이션 가능자 - 공익어학성적 보유자 - OA 자격증 보유자
311992,한국식품정보원,"[한국식품정보원] 2시간, 온라인 집중 교육! '온라인으로 배우는 병원성미생물 핵심 이론'",,,,,"온라인으로 배우는 병원성미생물 핵심 이론 ★2시간 집중 온라인 교육으로 병원성 미생물에 대해 알려드립니다. * 매 교육시 균주가 변경됩니다. 금번 교육은 '황색 포도상구균'으로 진행됩니다. 실시간으로 전문 강사님과 소통하며 병원성 미생물의 A to Z! 모두 알아가보세요. ✨병원성 미생물 기초 이론 및 검출 과정 소개 및 시험법 시연 ✨ 시험 결과 해석 및 미생물 동정 👉 수료증 발급 (포트폴리오 작성 가능) 🙌이런 분들께 추천합니다! ✅식품회사 취업을 준비 중인 대학생 ✅실험 역량을 쌓고 싶은 누구 ✅미생물에 대해 알고 싶은 누구나 📅일정 - 4/10 (금) 오후 1시 30분-오후 3시 30분 (1일, 2시간) 👀과정 상세보기 온라인으로 배우는 병원성미생물 핵심 이론 블로그 (*클릭하시면 과정 소개 블로그로 연결됩니다.) ⬇️지금 교육 신청하기 한국식품정보원 홈페이지 📱한국식품정보원 커뮤니티 🩷인스타그램: https://www.instagram.com/kfi_foodi/ 💚네이버블로그: https://blog.naver.com/kfilee235 ❤️youtube: https://www.youtube.com/@k-foodi 💛 카카오톡 채널: http://pf.kakao.com/_HqTzd/chat 💙 전화 문의: 042-820-9000"
311990,현대트랜시스,[현대트랜시스] 생산직 사원 모집,CONTRACT,"생산직 | 자재관리 | 생산관리/공정관리/품질관리 | 생산/제조 | 품질관리 | 본인을 가장 잘 표현하는 단어는 무엇이고, 그 이유는 무엇입니까? (최소 200자, 최대 500자 입력가능) | 귀하가 보유한 강점(지식/기술/특기/사회성 등)을 활용하여 회사발전에 기여할 수 있는 점은 무엇입니까? (최소 200자, 최대 500자 입력가능) | [현대트랜시스] 생산직 사원 모집",,,[현대트랜시스] 생산직 사원 모집 [수행직무] · 기어 외관 검사 · 이물질 및 오일 제거 · 제품 체적재 및 불량 관리 [우대사항] · 국가보훈취업 지원 대상자 · 직무관련 자격증 보유자 · 자동차부품 생산/부품조립 경력자 · 인근 거주자 [전형절차] - 서류전형 > 면접전형 > 채용신체검사 > 입사
311988,취미 밴드 헤르츠,취미밴드 같이하실분 구해요!!,,,,,"취미밴드 같이하실분 구해요!! 우리 밴드의 장점,, - 합주 안빠지고 초견 가능한 드러머 보유,, - 최소한의 연습과 카피는 빼먹지 않는 열정을 가진 멤버들 - 실수해도 눈치x 실력 평가x 부담없이 음악을 즐길 수 있는 분위기 부담없이 합주 즐기고 싶은 입문자, 본격적으로 밴드 들어가기 전 경험 쌓고 실력 기르고 싶은 분들 함께해요!! 합주시마다 의무적으로 참여할 필요는 없고, 자유로운 분위기 조성과 다양한 시도를 위해서 세션 및 보컬 상시모집을 하려고 합니다. 특히 ✨기타, 드럼✨ 많은 관심 부탁드립니다!! - 합주 장소 : 홍대, 합정 - 정기합주 일정 : 격주 일요일 11~13시 (조정 가능, 번개 합주모임 가능) * 합주 (최소) 1주 전 곡 선정 > 돌아가면서 선택권 부여. 의견 겹칠 시 투표 진행. * 합주 목표 : 업로드용 영상 촬영(얼굴 안나옴) * 합주실 예약은 모임장이 하고 정산합니다. - 고정멤버(운영진) : 베이스/리드기타 1명, 드럼 1명 - 전체 멤버 : 운영진 + 기타 1명, 건반 2명, 베이스 1명, 여자보컬 1명 실력/경험이 부족해도 연습해서 참여하실 수 있다면 누구든 환영합니다!! 관심있으신 분들 연락주세요~! https://open.kakao.com/o/stJFlqdi 지원하기 https://the-form.io/s/gBIx https://abundant-marble-d2e.notion.site/2f4b5753c20e806786fdfaf2a4d1ebf7?source=copy_link 합주했던 기록들 모아뒀는데, 노션 용량 제한으로 사진+음원으로 업로드했습니다."
311987,누비랩,[누비랩] Sales Manager (채용연계형 인턴),INTERN,Sales Manager (채용연계형 인턴) | 영업관리/지원/영업기획 | 영업/고객상담 | B2B영업/기술영업 | 일반영업 | 영업관리 | 지원 | 영업기획 | B2B영업 | 기술영업 | 자유양식 입니다. | [누비랩] Sales Manager (채용연계형 인턴),,,"[누비랩] Sales Manager (채용연계형 인턴) [담당 업무] - 시장 개척 및 전략적 타겟팅 - 단순히 콜드메일과 콜드콜을 통해 고객에게 다가가는 것에 그치지 않습니다. 시장을 분석하여 가망 고객 리스트를 확보하고, 고객의 Pain Point에 맞춘 맞춤형 메시지를 설계하여 세일즈 기회를 창출합니다. - 고객 경험 설계 - 잠재 고객과 첫 신뢰 관계를 형성합니다. 고객 미팅을 직접 어레인지하고, 제안서 최적화 및 리서치를 통해 클로징(Closing) 확률을 높이는 전략적 파트너 역할을 수행합니다. - 데이터 분석 및 인사이트 도출 - 현장에서 수집한 고객의 목소리(VOC)를 분석하여 마케팅/제품 팀에 전달합니다. 실전 데이터를 바탕으로 우리 서비스의 시장 적합성(PMF)을 검증하는 핵심 프로세스에 참여합니다. [자격요건] - 성장 지향성: 세일즈와 비즈니스 개발을 통해 커리어를 시작하고 전문가로 성장하고 싶은 열정을 가진 분 - 러닝 커브: 낯선 도메인 지식도 빠르게 학습하여 본인의 것으로 만들고, 실행에 옮길 수 있는 능동적인 분 - 커뮤니케이션: 다양한 이해관계자와 협업하며, 논리적이고 유연하게 소통하여 합의점을 찾아낼 수 있는 분 - 그릿(Grit): 목표 달성을 위해 끝까지 파고드는 끈기와 책임감을 가진 분 [우대요건] - 문제 해결 능력: 데이터에 기반해 현상을 분석하고, 더 나은 프로세스를 위해 제안해 본 경험이 있는 분 - 커뮤니케이션 강점: 발표, 서포터즈, 공모전 등에서 누군가를 설득하거나 정보를 효과적으로 전달해 본 경험이 있는 분 - 스타트업 DNA: 변화가 빠른 환경에서 스스로 할 일을 찾아내고 성과를 만들어내는 과정을 즐기시는 분 - 세일즈/CS 경험: 아르바이트나 인턴을 통해 고객을 직접 응대하며 만족을 이끌어본 경험이 있는 분"
311986,뉴팀즈(주),[의왕시 청년성장프로젝트] 취미 한 스푼 1차_이끼클래스 참가자 모집,,,,,"[취미 한 스푼 1차_이끼클래스 참가자 모집] 요즘 취업 준비, 쉽지 않죠. 계속 달려야 할 것 같고, 쉬고 싶어도 괜히 불안해지는 시간들. 그래서 더, ‘나를 위한 시간’이 필요합니다. 근데… 정작 내가 뭘 좋아하는지도 잘 모르겠다면? 👉 ‘취미 한 스푼’에서 같이 찾아봐요. 비슷한 고민을 가진 청년들과 함께 서로의 취향을 나누고, 그 속에서 나만의 ‘좋아하는 것’을 발견하는 시간. ✔ 취업 준비 속 잠깐의 쉼 ✔ 나를 이해하는 취향 탐구 ✔ 일상에 작은 여유 더하기 지칠 때마다 돌아올 수 있는 ‘내가 좋아하는 것’을 만들어보세요 :) [모집 개요] - 일시: 4월 21일(화) 19:00~21:00 - 장소: 의왕 청년발전소 (안양판교로 82, 포일어울림센터 4층) - 모집기간: ~4월 15일(수) 자정까지 - 선정안내: 4월 16일(목) 선정자 개별 안내 예정 - 신청: https://litt.ly/uiwang_youth - 문의: http://pf.kakao.com/_rMQxfn"
311985,당근서비스,당근서비스 부동산 OB 단기계약직,CONTRACT,,,,"[당근서비스 단기계약직을 모집해요] ▶버티컬팀을 소개해요. 본 포지션은 당근서비스의 버티컬팀 소속 포지션이에요. 버티컬팀은 당근부동산과 당근중고차를 담당하고 있어요. 저희는 당근부동산 서비스 운영을 함께 도와주실 단기계약직 분을 모집하고 있어요. 전화 안내 업무와 게시글 확인 업무를 함께 진행하는 포지션이에요. 버티컬팀은 정해진 기준과 가이드를 바탕으로 팀 단위로 일해요. 중개사 전화 안내와 게시글 확인 업무도 공통된 기준에 따라 진행하고, 애매한 상황은 혼자 판단하지 않고 팀과 함께 정리해요. 업무 속도도 중요하지만, 저희는 정확하고 일관된 안내를 더 중요하게 생각해요. 반복적인 업무를 꼼꼼하게 처리하는 분들과 잘 맞는 팀이에요. ▶담당 업무 - 당근부동산 서비스 활성화를 위한 아웃바운드(OB) 전화 업무 - 당근부동산에 등록되는 게시글을 확인하고 처리하는 업무(심사 및 검수) ▶고용형태 - 단기계약직(3개월) ▶계약기간 및 조건 - 계약기간 : 3개월 - 급여 : 230만 원 (식대 20만원 포함) - 근무 요일 : 월요일 - 금요일(주 5일) - 근무 시간: 오전 10시 - 오후 7시 ▶ 자격 요건 - 아웃바운드 전화 업무가 가능하신 분 (주 업무) - 고객 입장에서 한 번 더 생각하고 차분하게 설명할 수 있는 분 - PC 사용에 어려움이 없는 분 (슬랙 및 노션 사용자 우대) - 반복되는 업무도 성실하게 이어가실 수 있는 분 - 명시되어 있는 계약 기간 동안 근무 가능하신 분 ▶ 우대사항 - 적극적으로 소통하되, 정해진 업무 기준과 가이드를 잘 지켜주실 수 있는 분 - 필요할 때는 도움을 요청하고 피드백을 수용하실 수 있는 분 - 의견을 자유롭게 나누고, 좋은 제안이 있으면 실행되는 환경에서 일하는 데 거부감이 없는 분 ▶복리후생 - 사내 스낵바 운영 - 자율 복장 - 4대 보험 가입 ▶전형단계 및 일정 당근알바 지원하기 > 이력서 제출 > 서류 심사 > 대면 인터뷰(1:1) > 결과 안내 > 입사(교육 및 실무 진행) * 지원 시 이력서를 함께 제출해주세요. (필수) ▶결과 안내 : 영업일 기준 5일 이내 * 이력서를 제출한 지원자에 한하여 서류 검토 및 결과 안내를 진행해요."
311984,누비랩,[누비랩] [냠냠키즈] Sales Specialist (계약직/6개월),CONTRACT,[냠냠키즈] Sales Specialist | 영업관리/지원/영업기획 | 영업/고객상담 | B2B영업/기술영업 | 일반영업 | 영업관리 | 지원 | 영업기획 | B2B영업 | 기술영업 | 자유양식 입니다. | [누비랩] [냠냠키즈] Sales Specialist (계약직/6개월),,,"[누비랩] [냠냠키즈] Sales Specialist (계약직/6개월) [담당 업무] - 현장 중심 영업: 전국에 있는 어린이집/유치원을 대상으로 냠냠키즈 서비스를 알리고 계약의 첫 시작을 담당합니다. - 비즈니스 리드 발굴: 다양한 경로를 통해 신규 원장님과의 접점을 확보하고 고객 파이프라인을 구축합니다. - 관계 중심 관리: 계약 체결 이후에도 원장님들과 긴밀한 유대관계를 유지하며 긍정적인 브랜드 경험을 제공합니다. - 현장 데이터 피드백: 현장에서 수집한 고객의 목소리(VoC)를 바탕으로 더 나은 세일즈 전략과 서비스 개선안을 제안합니다. [자격요건] - 지방 출장 및 운전이 가능하신 분 (필수) - 친근한 커뮤니케이션: 처음 만나는 원장님과도 살갑고 유연하게 대화를 이끌어갈 수 있는 분을 찾습니다. - 실무 영업 역량: 유선 및 대면 세일즈를 통해 상대를 설득하고 성과를 만들어본 경험이 있는 분을 찾습니다. - 끈기 있는 도전 정신: 목표 달성을 위해 지치지 않고 집요하게 파고드는 열정이 있는 분을 찾습니다. - 논리적 사고력: 고객의 페인 포인트를 정확히 짚어내고 냠냠키즈의 가치를 명확하게 전달할 수 있는 분을 찾습니다. [우대조건] - 어린이집 또는 유치원 원장님 대상의 인적 네트워크를 보유하신 분 - 보험, 정수기, 학습지 등 밀착형 대면 영업 분야에서 풍부한 경험을 쌓으신 분 - 고객의 고민을 내 일처럼 생각하고 실행에 옮겨 감동을 주어본 경험이 있는 분"
311983,성남시청소년재단 분당서현청소년수련관,2026. 독립운동GO! 모바일게임 제작 기획단 모집,,,사진/영상/디자인 툴 | 콘텐츠 기획/제작 경험 | 컴퓨터 활용능력 | 타 대외활동 경험,전문가/임직원 멘토링 | 수료증 및 인증서,"⭐Z세대의 현장체험 중심의 역사 교육 게임 개발을 위한 독립운동 GO! 기획단을 모집합니다⭐ 👀독립운동GO! 기획단이란? 👉청소년이 역사 지식을 수동적으로 전달받는 방식에서 벗어나, 모바일 게임이라는 매체를 통해 실제 독립운동 관련 역사 장소를 방문, 단서를 탐색하고 선택하는 과정을 거치며 역사 학습 전 과정에 능동적으로 참여하여 지속가능한 역사 교육 콘텐츠 구현을 위한 모바일게임 어플 제작 기획단입니다! 📌 활동기간: 2026. 4월 ~ 10월(약 6개월간, 토요일 진행) ※기획단 내부 조율을 통한 일정변경 가능 📌참가대상: 모바일게임 개발 및 역사교육 콘텐츠에 관심있는 17세 ~ 대학생 10명 (Unity, 코딩, C언어 등 개발 관련 역량 우대) 🙏역사 관련 콘텐츠 제작이므로 역사에 대한 이해도와 참여 의지, 역사적 사실 기반을 고려합니다🙏 📌 활동내용: 성남시 역사 관련 장소를 기반으로 한 GPS 퀘스트 체험형 모바일 게임 제작 📌참가특전: 현직 개발자의 멘토링 지원, 800만원 상당의 제작 비용 지원, 식간식비 지원, 구글플레이 등록, 활동 확인서 발급 등 📌 모집기간: 2026. 3. 30.(월) ~ 4. 8.(수) 📌 문의: 031-729-9433 활동사업팀 👉 신청방법: 네이버 폼 작성 후 제출 https://naver.me/5NeFOjMT ❤️ 서현유스센터는 2025년 국가보훈부와 경기과학기술대와의 협업을 통한 “독립은 살아있다 VR 콘텐츠 제작 및 배포”를 진행하였습니다. 우리는 지속적인 역사 콘텐츠 제작을 통해 역사와 문화교육 콘텐츠로서의 교육 모델을 발전시키기 위한 기반을 마련하는데 앞장서는 서현유스센터가 되겠습니다 ❤️"
311982,사단법인 에스티데브,STDev Science Hackathon 2026,,,,"해외연수, 전시기회 | 상장 수여","[STDev Science Hackathon 2026에 여러분을 초대합니다!] 사단법인 STDev가 주관하는 STDev Science Hackathon 2026에서 창의적인 아이디어와 실행력을 가진 전국의 기획자, 개발자, 디자이너를 모집합니다. 📌 행사 세 줄 요약 1️⃣ 과학 관련 게임 및 서비스 개발에 관심을 가진 사람들이 모여 1박 2일간 프로토타입을 개발하는 행사 2️⃣ 창의적인 서비스 아이디어 발굴 및 프로토타입 구현, 대전 사이언스 페스티벌 전시 기회 제공 3️⃣ 총 상금 400만원, 대전광역시 시장상, KAIST 총장상 등 다양한 상 수여 예정 🏠 일시 / 장소 - 일시: 2026. 4. 18. (토) ~ 2026. 4. 19. (일) - 장소: 대전컨벤션센터 제2전시장 301호 - 숙소 제공 : 1박 2일간 숙소 제공 📝 참가자 모집 - 대상: 고등학생 및 성인(취업준비생, 대학생 등) 기획자, 디자이너, 개발자 48명 - 4인 팀으로 지원하거나 개인으로 지원할 수 있습니다. - 개인 지원의 경우, 자유 팀빌딩 기간 중에 팀을 구성할 수 있습니다. - 자유 팀빌딩 동안 팀빌딩을 진행하지 못한 개인 지원자의 경우, 운영진 측에서 팀 빌딩을 진행할 예정입니다. - 참가비: 2만원 🔗 지원 링크 https://forms.gle/ZRYbaiw89BBHNso9A 📝 행사 세부 정보 https://event.stdev.kr/dsf26 💰 상금 및 혜택 - 🚀 대전 사이언스 페스티벌 부스 전시 기회 제공 및 2차 심사 대상자 본행사 발표 기회 제공 - 🥇 대상(대전광역시 시장상) 200만원 - 🥈 최우수상(KAIST 총장상) 100만원 - 🥉 우수상(대전정보문화산업진흥원 원장상, 사단법인 STDev 이사장상) 50만원 2팀 🕰️ 타임라인 - 4. 5. (일) : 참가 신청서 제출 마감 - 4. 6. (월) ~ 4. 8. (수) : 자유 팀빌딩 기간 - 4. 18. (토) ~ 4. 19. (일) : 해커톤 본행사 (오프라인) 🕰️ 해커톤 진행 방식 - 오프라인 1박 2일 - 개회식, 아이스브레이킹, 개발, 결과물 전시, 발표 및 심사 등 다양한 활동 진행 🙋 이런 분들을 기다려요! - 대한민국 대규모 과학 축제 대전 사이언스 페스티벌에서 많은 대중을 상대로 직접 개발한 게임 또는 서비스를 소개하고 싶은 분 - 창의적인 기술 서비스 아이디어를 발굴하고 프로토타입을 개발하고 싶으신 분 - 실제 서비스 구축 경험과 협업 경험, 프로토타입 제작, 시연 경험을 쌓고 싶으신 분 🙋 문의사항 - 메일: contact@stdev.kr - 인스타그램: @stdev.corp"
311980,"US Pharmatech NV, Inc",[미국인턴/네바다주]  건강기능식품 OEM 제조기업  - 유지보수 엔지니어 인턴 채용,INTERN,,,,"[미국인턴/네바다주] 건강기능식품 OEM 제조기업 - 유지보수 엔지니어 인턴 채용 접수 기간 2026-03-31 ~ 채용 시 마감 모집부문 및 상세내용 모집 부문 상세내용 유지보수 엔지 니어 (0명) US Pharmatech NV, Inc 2017년에 설립된 건강기능식품 전문 제조기업으로 OEM 및 개인 라벨 서비스를 전문으로 하고 있습니다. 당사의 제품은 GMP 표준 작업장 및 필수 QA/QC 전문 품질 관리에서 생산됩니다. 3000여개 이상의 공식을 개발한 경험 있으며 생산범위는 알약부터 액상 형태까지 다양합니다. 📋 담당업무 1. 유지보수 작업 지원 • 예방정비(PM) 작업 보조 • 필터, 벨트, 소모품 교체 지원 • 기본적인 설비 점검 및 청소 작업 수행 • 작업 도구 관리 및 부품 준비 2. 문제 해결 지원 • Technician의 트러블슈팅 작업 보조 • 간단한 기계 및 전기 문제 진단 지원 • 작업 현장 정리 및 안전 유지 3. 문서 및 데이터 관리 • CMMS 작업 입력 및 기록 보조 • 점검 체크리스트 작성 지원 • 유지보수 관련 데이터 정리 4. 교육 및 학습 • 설비 구조 및 작동 원리 학습 • GMP 및 안전 규정 교육 참여 • 기본 전기/기계 작업 습득a clean and safe work environment 📋 채용형태 - 인턴 12개월 📋 자격조건 • 신입 • 대학교졸업(4년)이상, 졸업 예정자 지원가능 • 기계/전기/산업공학 등 유관 공학 계열 전공자 • 졸업예정자 지원 가능(3학년 이상) • 기본적인 공구 사용 가능 • 미국 근무 환경에서 새로운 것을 배우는 데 적극적이며, 영어 의사소통이 가능한 자 • 제조업 또는 유지보수 인턴 경험 우대 • 전기/기계 기초 지식 우대 • CMMS 또는 유지보수 시스템 경험 우대 • 안전 및 GMP 환경에 대한 이해 우대 🏠 근무조건 • 고용형태 : 인턴직 12개월 (정규직 전환 가능 가능), 해외취업 • 급여 : $17/hrs (한화 약 5,200만원 내외, 환율에 따라 상이) • 추가혜택 : 회사 내규에 따라 병가/연차 제공 • 근무지 : 미국 네바다주 🏠 채용절차 1. 지원/접수 2. 채용대행 에이전시(ICN Group) 통해 서류 검토, J-1 Visa 발급요건 부합여부 확인 3. 기업 인터뷰 (화상 Zoom으로 통해 진행) 4. 합격자, 미국 스폰서기관 인터뷰 (회사-지원자 간의 보증을 해주는 미국 국무성 지정 기관) 5. 주한미국대사관 인터뷰 6. 출국/출근 🏠 접수문의 아이씨엔그룹(주)는 미국인턴 전문 에이전시입니다. ※ 파견직이 아닌 해당기업 미국현지법인 직접고용으로 근무하게 됩니다. ※ J-1비자로 입사하며 비자발급비용은 지원자 개인부담입니다. 🏠 지원문의 : (유선) 02-3445-4278 (메일) icngroup@icncareer.com (카카오톡) http://pf.kakao.com/_RBmwj/cha t ✏ (신청서 제출 : https://forms.gle/TVkc8knomHkrfrXq9 ) 또는 링커리어 간편 지원 시스템을 활용해 주세요. 자격요건 학력 대학졸업(4년) 이상(졸업예정자 가능) 근무조건 급여 연봉 5200만원 ~ 5200만원 근무시간 주 5일(월~금) 08:00 ~ 17:00 근무지역 해외 (미국 네바다주) 지원 기간 및 방법 접수기간 2026-03-31 ~ 채용 시 마감 접수방법 링커리어 간편지원 유의사항 허위 사실이 발견될 경우 채용이 취소될 수 있습니다."
311974,LG에너지솔루션,[LG에너지솔루션] [CTO] Cell선행 생산운영 현장계약직 모집,CONTRACT,"생산운영 | 전자 | 전기/전자/제어 | 연구개발/설계 | 전기/전기설비 | 생산 | 생산/제조/설비/조립 | 생산/제조 | 제조/가공 | 품질관리 | 생산관리/공정관리/품질관리 | 자재관리 | 생산관리 | 자재/재고관리 | 구매/자재/재고 | 무역/유통 | 본인이 보유한 직무 전문성 1~2개에 대해 기술하고, 그를 통한 성과 창출 사례에 대해 기술해주세요. | LG에너지솔루션에서 본인의 직무 전문성을 적용하고 기여할 수 있는 방안에 대해 기술해주세요. | [LG에너지솔루션] [CTO] Cell선행 생산운영 현장계약직 모집",,,"[LG에너지솔루션] [CTO] Cell선행 생산운영 현장계약직 모집 ■ 이런 일을 합니다. - 원재료 입고/재고 관리, 투입, 슬러리 TK 관리, 불량품 처리, SD 청소 - 설비 관리, 혼합 분체 이송/공급, 불량품 처리, 롤 청소, 호일/라미 전극 롤 관리 - 라미 전극 롤/압연 양품 롤 관리 ■ 참고해 주세요. - 입사일로부터 6개월 간 근무하는 계약직이에요. (평가에 따라 최대 2년간 근무 가능) ■ 이런 분을 선호해요. - 전극 원재료 이송, 믹싱, 코팅, 롤프레스 등 전극 제조업체 관련 생산 경력자 선호 - R2R 필름 성형/가공 관련 생산 경력자 선호 - 전극물성 측정 관련 품질관리 경력자 선호 ■ 이런 분을 찾고 있어요. - 전극 또는 믹싱/R2R 공정 운영 경험 및 역량 - 전극 또는 믹싱/R2R 설비 유지보수 전문성 - 전극 또는 믹싱/R2R 설비 Set Up 경험 및 역량"
311972,LOCA,[로카] <현장연출팀 취업준비과정 3기> 오픈 확정! (~4/3),,,,,"※강의 오픈 확정! 신청 기간 연장 ~ 4/3(금) <현장 연출팀 취업준비과정 3 기 > 1. 연출팀 , 단순한 보조가 아니라 ‘ 직무 ’ 입니다 . 씬리스트 , 장소리스트 , 콘티 , 촬영 스케줄 … 연출팀이 다루는 자료들은 단순히 옆에서 돕는 수준을 넘어서 촬영의 흐름을 이해하고 , 준비하고 , 현장을 운영하는 데 직접적으로 연결됩니다 . 하지만 이 모든 걸 어디서부터 어떻게 배워야 할지는 막막하죠 . 이 강의는 연출팀 실무를 처음 접하는 사람들을 위한 기초 입문 과정입니다 . 연출팀이 실제로 어떤 업무를 맡고 , 어떤 방식으로 촬영을 준비하는지를 문서 이해부터 간단한 실습까지 짚어보며 익혀볼 수 있습니다 . 2. 무엇을 배우게 될까 ? 3. 이 강의가 필요한 사람들 연출팀으로 첫 발을 내딛고 싶은 예비 스태프 영화과 전공자지만 실무 경험이 부족한 신입 구직자 현장 경험 없이도 바로 실무에 투입될 기본기를 갖추고 싶은 분 4. 강의 목표는 ? 단순한 정보 전달을 넘어서 현장에서 실제로 사용하는 문서 , 용어 , 업무 흐름을 ‘ 직접 보고 , 읽고 , 다뤄보며 ’ 배우는 강의 입니다 . 이 강의를 듣고 나면 ‘ 연출팀이 어떤 일을 하는지 ’ 가 아니라 ‘ 연출팀으로서 어떤 준비를 해야 하고 , 어떤 역량을 보여줘야 하는지 ’ 구체적으로 이해하고 스스로 준비할 수 있게 됩니다 . # 기타 안내 사항 - 연출팀 직무에 대해 가볍게 학습하고 싶은 분들은 < 연출팀 취업 가이드 > 강좌를 추천드립니다 . - < 연출팀 취업 가이드 > 수강자는 본 강의의 얼리버드 할인 (400,000 원 ) 과 동일한 할인이 적용됩니다 . - 수강생에 한하여 < 현업 조감독과의 1:1 개별 상담 > 신청 가능합니다 . - 국민취업지원제도 훈련참여수당 증빙자료 제공 가능합니다 . * 강의일정 2026 년 4 월 4일 ( 토요일 ) ~ 4 월 12일 ( 일요일 ), 총 4 강 * 수강시간 14:00 ~ 17:00 * 수강정원 10 명 * 수강료 결제 안내 신용카드 , 무통장 입금 결제 가능 (※ 무통장 입금 선택시 , 신청 후 12 시간 이내 수강료 입금이 되지 않을 경우 자동 신청 취소 됩니다 .) * 강의장소 아카데미 로카 ( 서울시 성동구 송정 8 길 1, 2 층 ) 인근 지하철역 : 성수역 , 어린이대공원역 * 신청기간 ~ 4/3(금) **수강 후기 전 수강생 만점 기록 !! - 교육내용 , 추천의사 , 강사만족도 , 강의자료 , 강의전달력 , 강사만족도 모든 항목 “ 비전공자에 영화 현장에 대한 지식이나 경험이 없었기에 어디서 연출팀에 대한 정보를 얻어야할지 막막했는데 이번 강의를 통해 실제로 현장연출팀이 현장에서 어떤 일을 하는지, 어떻게 일하는지 자세하게 알 수 있어서 좋았습니다. 특히 모니터 세팅과 슬라이트 실습을 현장과 비슷한 분위기에서 진행할 수 있었던 점이 가장 좋았습니다."" “ 궁금한 사항에 대해 상업영화 현장에서 활동하시는 조감독님들로부터 직접 답변을 받을 수 있었던 점과 함께 현장 프로세스들을 체험할 수 있었던 시간이 좋았습니다. "" "" 사실상 현장에서 기본적이고 반복적으로 행해야 하는 업무 중 하나인데 배울 곳이 없어 막막했었습니다. 하지만 촬영팀을 초청하여 마련해주신 모니터 세팅 실습을 통해 연출팀과 촬영팀 사이의 커넥션과 더불어 모니터 장비에 대한 이해도가 매우 높아졌습니다 "" "" 실제 현장에 가서 하나 하나 배우지 않는 이상 절대 알 수 없는 섬세하고 실무적인 지식과 실제 현장 경험담을 예시로 가르쳐주셔서 이론만이 아니라 실질적으로 협업이 기본인 영화 현장에 대해서 구조적인 큰 틀을 이해할 수 있었습니다. "" "" 질문들을 통해 어깨 너머로 모호하게 알던 걸 친절히 실무적인 언어로 번역해주셔서 큰 도움이 되었습니다. 앞으로 개인 단편이나 현장으로 뛰어들 때도 이 강의에서 배운 내용들이 저에게 큰 힘이 되어줄 것 같습니다. ”"
311967,인천국제공항보안 주식회사,[인천국제공항보안] 2026년 제3기 홍보 서포터즈 모집(~4/14(화)),,,파워블로거/SNS | 사진/영상/디자인 툴 | 취재/인터뷰/기사 경험 | 콘텐츠 기획/제작 경험 | 휴학 중/시간 투자 가능,활동비 | 수료증 및 인증서,* 지원서 및 동의서는 ESG경영부(jyjeon@airportsc.kr) 로 제출 바랍니다. [모집 공고 및 지원서 다운로드 바로가기]
311966,백패커,"[백패커] [아이디어스] 인플루언서 공동구매 인턴 (체험형, 6개월)",INTERN,"인플루언서 공동구매 | 마케팅/PR/분석 | 마케팅/광고/홍보 | 마케팅전략/기획 | 광고기획 | 온라인마케팅 | 시장조사/분석 | 브랜드매니저 | 해외마케팅 | 언론홍보/PR | 설문/리서치 | 자유양식 입니다. | [백패커] [아이디어스] 인플루언서 공동구매 인턴 (체험형, 6개월)",,,"[백패커] [아이디어스] 인플루언서 공동구매 인턴 (체험형, 6개월) ■ 주요 업무 - 인플루언서 및 작가 대상 공동구매 제안 및 운영 관리 - 인플루언서 대상 콜드 DM/제안 및 협업 성사 - 협찬 및 광고 캠페인 운영 지원 - 공구 및 캠페인 성과 데이터 정리 및 분석 - CRM 및 퍼포먼스 마케팅 운영 지원 - 기타 마케팅/사업 운영 관련 업무 ■ 자격 요건 - 인플루언서 마케팅 및 공동구매 업무에 관심이 있으신 분 - 도적적인 아웃바운드 영업(콜드콜, 콜드DM)에 부담이 없으신 분 - 엑셀/스프레드시트에 대한 기본적인 이해도가 있으신 분 - 피그마, 포토샵 등 툴을 활용한 기본적인 디자인 작업 가능한 분 ■ 우대 사항 - 인플루언서 마케팅, 공동구매 및 핸드메이드에 대한 관심과 이해가 있으신 분 - 이커머스 플랫폼 근무 경험이 있으신 분 - 앱 서비스 및 앱 마케팅에 대한 이해가 있으신 분"
311965,BWS Group Co dba OB USA INC,"[미국인턴/캘리포니아] ""좋은데이"" 소주 미주총판 - 경영지원/웹사이트개발자 인턴 각각 채용",INTERN,,,,"[미국인턴/캘리포니아] ""좋은데이"" 소주 미주총판 - 경영지원/웹사이트개발자 인턴 각각 채용 접수 기간 2026-03-31 ~ 채용 시 마감 모집부문 및 상세내용 모집 부문 상세내용 웹사이트 개발자 (0명) 📋 담당업무 - 반응형 웹사이트 및 모바일 애플리케이션 개발, 유지보수 및 성능 최적화 - 다양한 부서와 협업하여 신규 기능 기획, 설계 및 개발 - 코드 작성 시 가독성과 효율성, 확장성을 고려한 개발 (베스트 프랙티스 준수) - 기존 시스템의 문제 해결, 디버깅 및 업그레이드 수행 - 코드 리뷰 참여 및 팀 내 지식 공유에 기여 - 애플리케이션의 성능, 품질 및 반응성 보장 - 최신 기술 및 업계 트렌드 지속 학습 및 적용 📋 채용형태 - 인턴 12개월 📋 자격조건 - 신입 - 대학교졸업(4년)이상, 졸업 예정자 지원가능 - 컴퓨터공학 또는 관련 전공 학사 학위 소지자(예정자 포함) - 프로그래밍 기초 및 소프트웨어 개발 원리에 대한 이해 - 웹 및/또는 모바일 개발 실무 경험 1~2년 이상 우대 - 프론트엔드: HTML, CSS, JavaScript React, Vue.js 등 프레임워크 우대 - 백엔드: Node.js, PHP, Python 등 - 모바일(우대): React Native, Flutter, Swift, Kotlin MySQL, PostgreSQL, MongoDB 등 데이터베이스 이해 Git 등 버전 관리 도구 기본 지식 - RESTful API 및 외부 시스템 연동 경험 우대 - AWS, Firebase 등 클라우드 서비스 경험 우대 - UI/UX 기본 이해 우대 ※ 포트폴리오 제출(포폴 또는 GitHub 필수) 경영지원 (0명) 📋 담당업무 - 일상적인 비즈니스 운영 전반 관리 및 지원 - 프로젝트 기획, 조율 및 관리 업무 지원 - 내부 및 외부 이해관계자와의 커뮤니케이션 지원 - 필요 시 각종 행정 업무 지원 - 프로젝트 리딩 및 팀 조율, 의사결정 수행 - 회사 성장을 위한 전략적 비즈니스 업무 수행 📋 채용형태 - 인턴 12개월 📋 자격조건 - 신입 - 대학교졸업(4년)이상, 졸업 예정자 지원가능 - 경영학 또는 관련 전공 학사 학위 소지자(예정자 포함) - 3학년 이상 재학생 참여 가능(휴학 필요) - MS Office, Google Workspace 등 활용 능력 🚀 근무조건 • 고용형태 : 인턴직 12개월 (정규직 전환 가능 가능), 해외취업 • 급여 : $20/hrs (한화 약 6,100만원 내외, 환율에 따라 상이) • 추가혜택 : 회사 내규에 따라 병가/연차 제공 • 근무지 : 미국 캘리포니아주 🚀 채용절차 1. 지원/접수 2. 채용대행 에이전시(ICN Group) 통해 서류 검토, J-1 Visa 발급요건 부합여부 확인 3. 기업 인적성검사 및 인터뷰 (화상 Zoom으로 통해 진행) 4. 합격자, 미국 스폰서기관 인터뷰 (회사-지원자 간의 보증을 해주는 미국 국무성 지정 기관) 5. 주한미국대사관 인터뷰 6. 출국/출근 🏠 접수문의 아이씨엔그룹(주)는 미국인턴 전문 에이전시입니다. ※ 파견직이 아닌 해당기업 미국현지법인 직접고용으로 근무하게 됩니다. ※ J-1비자로 입사하며 비자발급비용은 지원자 개인부담입니다. 🏠 지원문의 : (유선) 02-3445-4278 (메일) icngroup@icncareer.com (카카오톡) http://pf.kakao.com/_RBmwj/cha t ✏ (신청서 제출 : https://forms.gle/TVkc8knomHkrfrXq9 ) 또는 링커리어 간편 지원 시스템을 활용해 주세요. 자격요건 학력 대학졸업(4년) 이상(졸업예정자 가능) 근무조건 급여 연봉 6100만원 ~ 6100만원 근무시간 주 5일(월~금) 09:00 ~ 18:00 근무지역 해외 (미국 캘리포니아주) 지원 기간 및 방법 접수기간 2026-03-31 ~ 채용 시 마감 접수방법 링커리어 간편지원 유의사항 허위 사실이 발견될 경우 채용이 취소될 수 있습니다."
311962,그린케미칼,[그린케미칼] 케미칼연구팀 신입/경력사원 채용,"NEW, EXPERIENCED","케미칼연구팀 | 지원 | 영업관리/지원/영업기획 | 영업/고객상담 | 화학 | 화학/에너지/환경 | 연구개발/설계 | 전자 | 전기/전자/제어 | 기술영업 | B2B영업/기술영업 | 제조/가공 | 생산/제조/설비/조립 | 생산/제조 | 그린케미칼에 지원한 이유와 본인이 회사에 기여할 수 있는 점을 기술해 주십시오. | 살아오면서 어려웠던 순간을 극복하여 지금의 나를 만들어준 계기가 된 경험에 대해 기술해 주십시오. | 공동의 목표를 위해 협업했던 경험에 대해 기술해 주십시오. | 지원하신 직무가 무엇이라 생각하며 직무수행에 필요한 역량을 갖추기 위해 어떤 준비를 하셨는지 기술해 주십시오. | 귀하를 채용하기 위하여 반드시 알아야 할 것이 있다면 무엇이고, 그 이유에 대하여 기술해 주십시오. | (신입 해당)인턴 경험이 있다면 기술해 주십시오. | [그린케미칼] 케미칼연구팀 신입/경력사원 채용",,,"[그린케미칼] 케미칼연구팀 신입/경력사원 채용 ❖ 주요 ​업무 • ​유화분산제, ​합성 윤활유, ​합성수지용 Polyol 개발 및 ​응용 ​연구 • 전자재료 ​및 고기능성 첨가제용 ​Chemiclal 합성 ​연구 • ​신규 원료/촉매 ​기반 ​차세대 ​소재 개발 • 고객사 ​VOC ​기반 제품 개선 ​및 ​Application ​평가 • 기술자료 작성 ​및 기술영업/영업지원 ​업무 ​수행 ❖ 자격 ​요건(필수) • 4년제 대학 ​이상의 ​학위를 가진 분 • ​화학 관련 ​전공자이신 분 • 신입 또는 경력(5년 이내) ❖ 우대 사항 • 석사 학위를 소유하신 분 • 유,무기합성 업무를 경험해보신 분 • 외국어 능력이 우수하신 분 • 분석기기 활용 가능자(GC, GPC, LC, NMR등)"
311961,한경닷컴,[한경닷컴] 미래내일 일경험(프로젝트형) 마케팅 잡 프로젝트 5기 참여자 모집(~4/20 오전 11시),,,,,"2026년 <마케팅 잡 프로젝트 5기> 참여 청년 모집(~4/20 오전 11시) 고용노동부, 대한상공회의소 지원사업으로 한경닷컴에서 운영하는 '마케팅 잡 프로젝트 5기'는 광고/홍보/마케팅 직무에 관심있는 청년들이 기업과 전문 멘토의 코칭에 따라 기업이 제안한 실무 마케팅 프로젝트를 8주간 수행하는 일경험 프로그램입니다. ﻿ ⭐한경닷컴 미래내일 일경험 프로젝트형 참여 후기 ﻿ ⭐ (클릭시 블로그로 이동) ﻿ ① 문제 해결력과 성장의 힘을 키우다! ② ‘할 수 있다’는 확신을 심어준 소중한 경험, 두려움 대신 자신감으로! ③ 기본에서 시작하는 실무 첫 걸음 ﻿ ⭐ 한경닷컴 미래내일 일경험 자주하는 질문 TOP 10 ⭐ 📍모집 기간: ~ 2026. 4. 20(월) 오전 11시까지 신청 접수 📍모집 인원: 26명 📍모집 대상: ~ 만 34세 미취업 청년(졸업생 가능) 📍참가 비용: 무료✨ 📍5기 참여기업: 바나타이거커피, 셀렉토커피, 미도인, 대학내일 📍활동 기간 - 사전직무교육: 2026. 4.27.(월)~4.28.(화) , 15시간 (2일, 9:30~18:00, 5호선 영등포구청역/양평역 근처, 오프라인 참여 필수) - 프로젝트: 2026. 4.29.(수)~6.23.(화) , 8주 온오프라인 진행, 오프라인 최소 3회 이상 📍활동 혜택 - 광고/홍보/마케팅 사전직무교육 무료(교육 수당 2만원 지급) - 프로젝트 참여 수당 80만원 지급(8주) - 팀 지원금(프로젝트 실행비) 180만원 지급(8주, 팀별 지급) - 미래내일 일경험 수료증(고용노동부, 대한상공회의소) - 프로젝트 우수팀 한경닷컴 사장상 지급 - 광고 마케팅 직무 역량 셀프 진단 테스트 제공 📍지원 방법: 구글폼 사전신청 후 '청년일경험 통합플랫폼' 지원 ★구글폼 사전신청: https://forms.gle/W6xZ6uabrS21DqFv6 ★'청년일경험 통합플랫폼' 지원: 구글폼 사전 신청시 안내 예정 📍마케팅 잡 프로젝트 안내: https://itcampus.hankyung.com/promotion/20260316-a541bb/2026_hkjobproject_recruiting.html?v=202603161702 📍문의처: jobproject@hankyung.com 02-6340-2236 ★구글폼 사전신청: https://forms.gle/W6xZ6uabrS21DqFv6"
311960,성북청소년문화의집,성북청소년문화의집 청소년 방송국 [S.B.C] 대학생 멘토단 국원 추가모집!!,,,사진/영상/디자인 툴 | 취재/인터뷰/기사 경험 | 멘토링/수업 진행 경험 | 콘텐츠 기획/제작 경험 | 컴퓨터 활용능력 | 리더십 | 휴학 중/시간 투자 가능 | 타 대외활동 경험,전문가/임직원 멘토링 | 봉사활동시간,"📹성북청소년문화의집 청소년 방송국 [S.B.C] 대학생 멘토단 국원 추가 모집!!🎥 안녕하세요:) 성북청소년문화의집 미디어특화 자치단 청소년방송국 [S.B.C]입니다!! 전문장비와 세트장을 보유한 성북청소년문화의집에서 다양한 분야의 영상을 기획하고 제작하며, 청소년 국원들을 멘토링 해줄 대학생 멘토단 국원을 추가 모집합니다!! ✅ 모집기간: 2026년 3월 31일(화) ~ 4월 9일(목) *지원 시 전화인터뷰 후 선정결과 통보 예정 *매월 둘째주 토요일 오후 2시 정기회의 필수 참석 *4/11,18, 5/2(토) 오후 2시 역량강화교육 필수 참석 ✅ 모집대상: 19~25세 청소년 누구나 ✅ 지원방법 네이버폼 링크 [https://naver.me/FTMBgpOb] 접속 후 지원서 작성 > 담당자와의 전화인터뷰 > 최종선발 후 활동게시 ✅ 모집분야: 취재국(3명) * 취재국 청소년 멘토링 * 사회 이슈 취재 및 인터뷰 * 월간 취재 콘텐츠 제작 * 기자대상 공모전 출품 드라마국(3명) * 드라마국 청소년 멘토링 * 작가/연출/편집 역할 분담 * 숏폼드라마 기획 및 연재 * 숏폼 공모전 출품 ✅ 활동혜택: - 방송국 현장 전문가와의 만남 - 전문 영상 제작 및 대회 출품 기회 - 영상 기획 및 촬영 역량강화교육 - 봉사시간 지급 - 우수활동자 표창장 수여 - 열정가득 담당자와 국원들과의 재밌는 추억 :)"
311955, Athome Trip,[미국인턴] 뉴욕 자유여행 전문 여행사  - 콘텐츠마케터 인턴 채용,INTERN,,,,"[미국인턴] 뉴욕 자유여행 전문 여행사 - 콘텐츠마케터 인턴 채용 접수 기간 2026-03-31 ~ 채용 시 마감 모집부문 및 상세내용 모집 부문 상세내용 온라인 마케팅 (0명) 앳홈트립은 뉴욕 타임스퀘어에서 출발한 여행사로, 고객들에게 특별한 경험과 여행의 간편함을 중시하는 철학 아래 성장해 왔습니다. 브로드웨이와 뉴욕시의 중심지를 포함한 주요 명소들에 대한 입장권을 소유하며, 이를 통해 업계에서 독보적인 위치를 차지하고 있습니다. 📋 담당업무 • SNS 채널을 위한 매력적인 콘텐츠 기획 및 제작 • 비주얼 콘텐츠 제작을 위한 디자인, 편집 및 촬영 보조 • 캠페인 실행 지원 및 콘텐츠 캘린더 관리 • 시장 트렌드 및 경쟁사 리서칭, 실행 가능한 아이디어 제안 • 콘텐츠 성과 분석 및 주간 리포트 작성 • Slack, Jira, Confluence를 활용한 유관 부서 협업 📋 채용형태 - 인턴 12개월 📋 자격조건 • 신입 • 대학교졸업(4년)이상, 졸업 예정자 지원가능 • 관광경영, 마케팅, 커뮤니케이션 등 문과 계열 전공자 우대 • 4학년 이상 졸업예정자 우대 • 미국 취업에 결격 사유 없는 자 • 여행, 라이프스타일, 디지털 콘텐츠에 대한 높은 관심 • Photoshop, Figma, CapCut 등 디자인/편집 툴 활용 능력 • 개인 채널 또는 포트폴리오 보유 우대 • 숏폼 영상 제작 경험우대 🏠 근무조건 • 고용형태 : 인턴직 12개월, 해외취업 • 급여 : $18/ hrs (한화 약 5,400만원 내외, 환율에 따라 상이) • 추가혜택 : 회사 내규에 따라 병가/연차 제공 • 근무지 : 미국 뉴욕 🏠 채용절차 1. 지원/접수 2. 채용대행 에이전시(ICN Group) 통해 서류 검토, J-1 Visa 발급요건 부합여부 확인 3. 기업 인터뷰 (화상 Zoom으로 통해 진행) 4. 합격자, 미국 스폰서기관 인터뷰 (회사-지원자 간의 보증을 해주는 미국 국무성 지정 기관) 5. 주한미국대사관 인터뷰 6. 출국/출근 🏠 접수문의 아이씨엔그룹(주)는 미국인턴 전문 에이전시입니다. ※ 파견직이 아닌 해당기업 미국현지법인 직접고용으로 근무하게 됩니다. ※ J-1비자로 입사하며 비자발급비용은 지원자 개인부담입니다. 🏠 지원문의 : (유선) 02-3445-4278 (메일) icngroup@icncareer.com (카카오톡) http://pf.kakao.com/_RBmwj/cha t ✏ (신청서 제출 : https://forms.gle/TVkc8knomHkrfrXq9 ) 또는 링커리어 간편 지원 시스템을 활용해 주세요. 자격요건 학력 대학졸업(4년) 이상(졸업예정자 가능) 근무조건 급여 연봉 5400만원 ~ 5500만원 근무시간 주 5일(월~금) 09:00 ~ 18:00 근무지역 해외 (미국 뉴욕) 지원 기간 및 방법 접수기간 2026-03-31 ~ 채용 시 마감 접수방법 링커리어 간편지원 문의 전화번호 0234454278 이메일 icngroup@icncareer.com 유의사항 허위 사실이 발견될 경우 채용이 취소될 수 있습니다."
311952,Gosy Inc,[미국인턴/라스베가스] 패션의류 이커머스기업 - SW개발자 인턴 채용,INTERN,,,,"[미국인턴/라스베가스] 패션의류 이커머스기업 - SW개발자 인턴 채용 접수 기간 2026-03-31 ~ 채용 시 마감 모집부문 및 상세내용 모집 부문 상세내용 Junior Software Developer (0명) Gosy Inc. 캘리포니아를 기반으로 하는 의류 제조기업입니다. 한국산 원단만 사용하며 품질을 중요시 합니다.. 실제 근무장소는 Las Vegas, NV 입니다 📋 담당업무 1. 이커머스 운영을 위한 내부 소프트웨어 도구 개발 지원 2. 데이터 처리, 리포트 작성 및 기초 분석 업무 지원 3. 팀 협업 통해 업무 프로세스 및 시스템 효율 개선 4. 애플리케이션 테스트, 디버깅 및 유지보수 참여 5. 기존 ASP.NET 웹사이트 유지보수 📋 채용형태 - 인턴 12개월 📋 자격조건 - 신입 - 유관 전공자만 지원 가능 (복수/부전공자 포함) - 4학년 이상 졸업(예정)자 지원 가능 - Python 등 프로그래밍 언어에 대한 기초 지식 - 소프트웨어 개발 기본 개념에 대한 이해 - ChatGPT, Cursor, Claude 등 AI 도구 사용 경험 - 웹 개발 경험 (프론트엔드 또는 백엔드) 우대 - 이커머스 시스템 및 온라인 비즈니스에 대한 관심 우대 - DB 및 API 사용경험 우대 - Git 등 버전 관리 도구 사용 경험 우대 🏠 근무조건 • 고용형태 : 인턴직 12개월 (정규직 전환 가능 가능), 해외취업 • 급여 : $18~$22/hrs (한화 약 5,500만원~6,500만원 내외, 환율에 따라 상이) • 추가혜택 : 회사 내규에 따라 연차/병가 제공 • 근무지 : 미국 네바다주 라스베가스 🏠 채용절차 1. 지원/접수 2. 채용대행 에이전시(ICN Group) 통해 서류 검토, J-1 Visa 발급요건 부합여부 확인 3. 기업 인터뷰 (화상 Zoom으로 통해 진행) 4. 합격자, 미국 스폰서기관 인터뷰 (회사-지원자 간의 보증을 해주는 미국 국무성 지정 기관) 5. 주한미국대사관 인터뷰 6. 출국/출근 🏠 접수문의 아이씨엔그룹(주)는 미국인턴 전문 에이전시입니다. ※ 파견직이 아닌 해당기업 미국현지법인 직접고용으로 근무하게 됩니다. ※ J-1비자로 입사하며 비자발급비용은 지원자 개인부담입니다. 🏠 지원문의 : (유선) 02-3445-4278 (메일) icngroup@icncareer.com (카카오톡) http://pf.kakao.com/_RBmwj/cha t ✏ (신청서 제출 : https://forms.gle/TVkc8knomHkrfrXq9 ) 또는 링커리어 간편 지원 시스템을 활용해 주세요. 자격요건 학력 대학졸업(4년) 이상(졸업예정자 가능) 근무조건 급여 연봉 5500만원 ~ 6500만원 근무시간 주 5일(월~금) 09:00 ~ 17:30 근무지역 해외 (미국) 지원 기간 및 방법 접수기간 2026-03-31 ~ 채용 시 마감 접수방법 링커리어 간편지원 문의 전화번호 0234454278 이메일 icngroup@icncareer.com 유의사항 허위 사실이 발견될 경우 채용이 취소될 수 있습니다."
311949,현대종합금속,[현대종합금속] 신입/경력사원 모집,"NEW, EXPERIENCED","일본법인 용접봉 영업사원 | B2B영업/기술영업 | 영업/고객상담 | 일반영업 | B2B영업 | 기술영업 | · 현대종합금속 및 지원 직무에 대한 지원 동기와 입사 후 성취하고 싶은 목표를 작성해주시기 바랍니다. (자신의 전공, 경험, 역량 활용 계획) | · 현대종합금속의 인재상 (창의, 팀워크, 용기, 도전) 중, 자신에게 가장 부합하는 항목을 선택하고, 이를 바탕으로 어려움을 극복한 사례를 구체적으로 작성해주시기 바랍니다. | · 지원하는 직무에 있어 본인만의 차별화된 역량이 무엇인지, 그리고 이를 발전시키기 위해 노력한 경험을 상세히 기술해 주십시오. | · 본인의 성장과정 및 성격의 장단점을 간략하게 작성해 주십시오. | · 직무와 연관된 경력 기술을 키워드별로 간략하게 작성해 주십시오. *신입 지원의 경우, 직무와 연관된 경험 작성. | [현대종합금속] 신입/경력사원 모집 | 본사 용접기사업부 | 기획/전략/경영 | 경영/사무 | 사업기획 | 서비스기획/운영 | 신규사업/BD | 임원 (CEO/COO) | 전략기획 | 콘텐츠기획/운영 | M&A/타당성분석/사업제휴",,,"[현대종합금속] 신입/경력사원 모집 [모집부문] - 본사 용접기사업부 - 일본법인 용접봉 영업사원 [공통요건] · 채용공고 마감 시점부터 정상근무가 가능한 자에 한하여 지원 가능 (졸업예정자 포함) · 현대종합금속 타 공고 중복지원가능 · 급여 외 기타 사항은 취업규칙에 따름 · 취업보호 대상자(장애인, 국가유공자) 우대 · 해외출장 결격 사유가 없는 자 [전형절차] - 서류전형 > 면접전형 > 신체검사 > 최종합격"
311948,진주문화관광재단,2026 진주남강유등축제 대한민국 등(燈) 공모대전,,,,상장 수여,"2026 진주남강유등축제 대한민국 등(燈) 공모대전 ● 참가 자격 - 만 18세 이상 - 개인 또는 그룹(2인 이내) - 등(燈) 제작에 경험이 있거나 관심 있는 자 ● 공모 주제 - 자유 주제 ● 시상내역 - 대상 1명 (1,000만원) - 최우수상 1명 (700만원) - 우수상 3명 (각 500만원) - 특별상 4명 (각 200만원) ● 제출 형식 - 홈페이지의 신청 서식 참고 ● 접수 방법 - 홈페이지 신청폼 클릭 후 파일 첨부 ● 심사 기준 - 제안서 심사 : 창의성 / 실험성 / 미학성(조형성) / 실행가능성 - 실물작품 심사 : 독창성 / 가용성 / 조형성 / 작품완성도 ● 문의 사항 - 진주문화관광재단 관광축제팀(☏055-795-3216)"
311947,행정안전부 / 한국지역정보개발원,2026년 전국 통합데이터 활용 공모전,,,,상장 수여,"2026년 전국 통합데이터 활용 공모전 공공데이터를 활용한 서비스 개발을 통해 국민 편익을 위한 민간서비스 창출을 목표로 「2026년 전국 통합데이터 활용 공모전」을 아래와 같이 개최합니다. 많은 관심과 참여 부탁 드립니다. ■ 공모내용 : 공공데이터포털에 게시된 전국 통합개방데이터 7종 중 1종 이상을 필수로 활용한 서비스 개발(웹 또는 앱) 결과물 - 전국 공영자전거 실시간 정보(3종) - 교통약자 이동지원 현황 실시간 정보(4종) - 공공도서관 열람실 현황 실시간 정보(3종) - 공영 물품보관함 현황 실시간 정보(3종) - 교통안전 실시간 신호등 정보(2종) - 민원실 이용 현황 실시간 정보(2종) - 전국 초정밀 버스 실시간 위치 정보(3종) ■ 주최/주관 : 행정안전부/한국지역정보개발원 ■ 공모일정 : 2026. 3. 30.(월) ~ 4. 25.(토), ※ 4.28.(화) 최종 결과발표 - (공모접수) ’26.3.30.(월) ∼ 4.12.(일)(2주간) - (심 사)’26.4.13.(월) ∼ 4.15(수)(3일) - (최종후보작검토) ‘26.4.16.(목) ~ 4.25.(토)(10일간) - (최종결과발표) 4.28.(화) ■ 참가대상 : 기업, 대학(생), 개인 등 국민 누구나 참여 가능합니다. ■ 공모전 시상계획 : 총 상금 1,400만원 - 대 상(1건) : 400만원 - 최우수상(1건) : 300만원 - 우 수 상(3건) : 각150만원 - 장 려 상(5건) : 각 50만원"
311946,렉스몬드,[렉스몬드] 인사총무팀 인사총무담당 채용,NEW,"인사총무팀 인사총무담당 | 총무 | 사무/총무/법무 | 경영/사무 | 인사 | 인사/노무/교육 | · 1. 렉스몬드에 지원한 동기는 무엇이며, 자신의 직업적 목표를 구체적으로 작성해주세요. (① 렉스몬드를 알게 된 계기 및 지원동기, ② 입사 후 이루고 싶은 중장기적 목표를 최대한 솔직하게 작성해주세요. (제한 없음) | · 2. 렉스몬드가 일반적인 이커머스 기업과 차별화된다고 생각하는 점은 무엇이며, 그 가치와 목표가 본인의 성향 및 가치관과 어떻게 부합하는지 작성해주세요. 또한 렉스몬드의 사업 구조나 운영 방식을 고려할 때, 인사 조직과 운영 방식에 대해 본인이 생각하는 아이디어나 관점을 작성해주세요. (제한 없음) | · 3. 지원하신 직무에 필요한 역량은 무엇이라고 생각하며, 해당 역량을 보여주는 본인의 강점과 구체적인 사례를 작성해 주세요. (유관 업무 경험, 교육 활동, 프로젝트뿐만 아니라 소규모 조직이나 동아리 등에서 개선을 이끌거나 구성원을 동기부여했던 사례 등, 인사총무 담당자로서의 자질과 경쟁력을 보여줄 수 있는 경험을 중심으로 작성해주세요.) (제한 없음) | · 4. 논리적인 사고를 바탕으로 문제를 해결했던 경험에 대해 자유롭게 작성해 주세요. (문제의 원인과 본질, 제시한 해결 방안과 실행 과정, 그 결과 어떤 변화가 있었는지 구체적으로 작성해주세요.) (제한 없음) | [렉스몬드] 인사총무팀 인사총무담당 채용",,,"[렉스몬드] 인사총무팀 인사총무담당 채용 [업무내용] ■ 인사 업무 - 급여 관리 (월 급여, 4대 보험, 원천세, 퇴직연금, 연말정산 등) - 직원 입/퇴사 및 인사 정보 관리 - 근무 형태(정규직, 계약직, 단시간 근로자 등)별 근태 관리 - 인사 관련 신고 업무 및 각종 증명서 발급 - 인사 시스템 관리 및 운영 개선 - 기타 인사 전반의 실무 지원 ■ 총무 업무 - 사내 자산 (IT 장비, 소프트웨어 라이선스 등) 구매 및 관리 - 비품 및 소모품 관리 - 계약서 관리 (임대차 계약, 자산 관련 계약 등) - 사내 업무 환경 및 시설 관리 - 기타 총무 관련 제반 업무 [자격요건 및 필요역량] ■ 기본 자격 - 4년제 대학 이상의 학력 소지자 - 해외여행에 결격사유가 없는 분 ■ 직무 역량 - 대인관계가 원만하고 원활한 의사소통 능력을 갖춘 분 - 투명하고 정직한 마인드를 가지신 분 - 꼼꼼하며 체계적인 업무 처리 능력을 가진 분 - 책임감이 강하고 긍정적인 성격을 갖춘 분 - AI 툴 활용 경험이 있으며 데이터 정리/분석 등에 활용할 수 있는 분 [우대사항] - 인사총무 관련 업무 경험자 - 컴퓨터 활용능력 우수자 - 국가 유공자, 장애인 등 취업보호대상자"
311944,썬키스트,썬키스트 레시피 콘테스트,,,,상장 수여,"썬키스트 레시피 콘테스트 ■ 공모 내용 총 상금 2,000만원의 <썬키스트 레시피 콘테스트>가 시작됩니다! 요리에 관심 있는 누구나 참여 가능! 요리, 음료, 디저트까지 무엇이든 OK! 썬키스트와 함께라면 당신도 레시피 크리에이터! 달콤상큼한 썬키스트 시트러스로 여러분의 요리 실력을 마음껏 펼쳐보세요! ■ 지원 자격 - 썬키스트를 사랑하는 전국민 누구나 ■ 모집 기간 - 접수 기간: 3월 30일 (월) - 4월 26일 (일) - TOP 10 우수 후보작 발표: 5월 1일 (금) - TOP 1~4등 우승작 발표: 5월 15일 (금) * 수상자에 한해 개별 연락 예정 ■ 지원 방법 1. 썬키스트코리아 공식 인스타그램 @sunkistcitruskr 팔로우하기 (비공개 계정은 심사에서 제외됩니다) 2. 온·오프라인 구매처에서 썬키스트 시트러스 품종(오렌지, 만다린, 레몬 등) 중 1가지를 구매하고, 나만의 레시피를 자유롭게 완성한다. (요리, 음료, 디저트 등 모두 OK!) 3. 완성한 레시피 영상 또는 이미지 콘텐츠를 개인 SNS (인스타그램, 유튜브, 네이버 블로그 중 택1)에 업로드한다. 4. ​아래 구글폼 참여 신청서를 제출하면 참여 완료! - https://bit.ly/3NRTi0U ■ 공모 분야 아래 모집 부문 중 택 1 ① 영상: 숏폼(릴스/쇼츠) ② 이미지: 최소 5장 이상 - 계정태그 (인스타그램의 경우만): @sunkistcitruskr - 해시태그 (전 채널 공통): #썬키스트 #썬키스트레시피콘테스트 - 콘텐츠에 PLU 스티커가 보이는 썬키스트 시트러스 노출 필수! ■ 공모전 시상내역 총 상금 2,000만원 시상 규모 103명 1등: 1,000만원 (1명) 2등: 300만원 (1명) 3등: 200만원 (1명) 4등: 네이버페이 포인트 쿠폰 5만원 (100명) ■ 문의 사항 - 영상 또는 이미지 콘텐츠에 썬키스트 공식 PLU 스티커가 부착된 청과물이 반드시 노출되어야 참여가 인정됩니다. 정품 여부가 확인되지 않을 경우 선정 대상에서 제외될 수 있습니다. - 중복 참여는 가능하나, 우승작으로 선정될 경우 경품은 1인 1회에 한해 수령 가능합니다. - 1~10등 수상작은 썬키스트의 홍보 콘텐츠에 활용될 수 있으며, 필요 시 수상작의 일부를 변경하여 사용될 수 있습니다. - 비공개 계정은 심사 대상에서 제외되며, 수상작은 선정일로부터 3개월간 개인 SNS에 전체 공개 상태로 유지해야 합니다. - 다른 공모전 수상작이나 타인의 저작물을 도용한 경우에는 심사에서 제외되며, 수상 이후 해당 사실이 확인될 경우 수상이 취소되고 상금이 환수될 수 있습니다."
311943,그린케미칼,[그린케미칼] 케미칼연구팀 파일럿운영 신입사원 채용,NEW,"케미칼연구팀 파일럿운영 | 제조/가공 | 생산/제조/설비/조립 | 생산/제조 | 화학 | 화학/에너지/환경 | 연구개발/설계 | 그린케미칼에 지원한 이유와 본인이 회사에 기여할 수 있는 점을 기술해 주십시오. | 지원하신 직무가 무엇이라 생각하며 직무수행에 필요한 역량을 갖추기 위해 어떤 준비를 하셨는지 기술해 주십시오. | 살아오면서 어려웠던 순간을 극복하여 지금의 나를 만들어준 계기가 된 경험에 대해 기술해 주십시오. | 공동의 목표를 위해 협업했던 경험에 대해 기술해 주십시오. | 귀하를 채용하기 위하여 반드시 알아야 할 것이 있다면 무엇이고, 그 이유에 대하여 기술해 주십시오. | [그린케미칼] 케미칼연구팀 파일럿운영 신입사원 채용",,,"[그린케미칼] 케미칼연구팀 파일럿운영 신입사원 채용 ❖ 주요 ​업무 ​1) ​연구소 Pilot ​Plant 운영 및 관리 2) ​EOA, ​Acrylate Monomer ​연구품, 시양산품 Pilot ​제조 및 ​분석 ​3) 주간 ​근무 ❖ ​자격 ​요건(필수) • 전문대졸 ​이상 ❖ ​우대 사항 • 화학관련 ​전공 • ​화학관련 ​자격증 보유"
311942,디비하우스,2026 전라남도 청춘어람 육성사업 참여자 모집,,,,기타,"2026 전라남도 청춘어람 육성사업 참여자 모집 ■사업목적 섬∙해양 관광 아이디어만 있다면 누구나 도전 가능해요. 관광상품을 직접 기획하고, 개발하고, 운영까지 경험해볼 수 있는 기회를 준비해드립니다! ■지원 혜택 - 관광상품 개발비 → 신규 450만 원 / 기존 350만 원 - 성과평가 인센티브 최대 100만 원 - 역량 강화 교육 및 전문가 컨설팅 지원 ■모집정보 - 모집기간 : 2026. 3. 25.(수) ~ 4. 22.(수) -18시까지 - 모집규모 : 약 20팀 (신규 15팀, 기존 5팀) - 모집대상 : 만 18~45세 전남 거주(예정) 청년 ※ 전남 외 거주자의 경우 선정 후 1개월 이내 전입이 필요합니다. ■접수방법 이메일 : green@ijnto.or.kr ※ 제출 후 유선상 접수 확인 필수! *추진일정 공고 및 접수 → 선정심사 → 결과발표 → 협약 및 사전교육 자세한 사항은 전남관광재단 홈페이지 공지사항을 확인해주세요. https://ijnto.or.kr/plaza/notice/read/520 ■심사기준 아이디어 창의성 상품성, 실행 가능성, 활용 관광상품화 가능성 등 ■유의사항 - 참가신청서 등 제출서류는 반드시 재단 지정 서식을 사용해야 하며, 임의 양식 사용 시 심사 대상에서 제외됨 (※ 단, 발표자료는 자유양식으로 제출 가능) - 발표심사는 참가신청서에 기재된 신청자 및 팀원이 직접 참여해야 하며, 대리 발표는 불가함 - 본 사업을 통해 발생한 결과물은 전라남도 및 재단이 사업의 취지와 목적 달성을 위한 공익적 용도로 활용할 수 있음 - 사업 수행 및 사업비 집행에 대한 책임은 신청자에게 있음 - 팀원은 최대 2명까지 가능하며, 서로의 역할 분담을 명확히 해야 함 - 제출서류에 다음과 같은 문제 발생 시 선발 전후라도 제외될 수 있음 ㆍ모집 및 선정 과정 등 각 단계별로 요구하는 서류 등을 기한 내 제출하지 않은 경우 ㆍ참가신청서 등 제출서류의 내용이 허위로 작성되었거나 사실과 다른 경우 ㆍ기타 지원 자격에 위배되거나 참가 제한 사유가 확인된 경우(예: 연령∙거주요건 미충족, 유사 사업 중복 참여 이력 등) - 동일 또는 유사한 아이디어를 타 사업에 중복 제출하거나, 타 기관 선정 이력이 있는 콘텐츠일 경우 심사 제외 및 선정 취소 - 선정 이후 최종 결과물 미제출, 활동 중단 또는 장기 미이행 시 선정 취소, 사업비 환수 및 향후 재단 타사업 참여 불가 등 제재 조치 예정 - 본 사업의 목적에 부합하지 않는 활동이 지속될 경우 선정 취소 가능 - 선정 및 협약체결 이후 재단이 취하는 연락에 선정자가 응하지 않는 기간이 15일 이상인 경우, 사업 선정 취소 또는 협약 해약, 지원금 환수 등 제재 조치될 수 있음 ■문의 061-802-2144"
311941,산울림청소년센터,[산울림청소년센터] 생태공원 조성 프로젝트: 역곡습지 리와일딩 시민특강,,,,,"[환경 시민특강] 생태공원 조성 프로젝트: 역곡습지 리와일딩 역곡습지 보존과 생태환경 보호를 위한 생태공원 조성 프로젝트를 진행합니다. 시민 여러분의 많은 관심과 참여 바랍니다. 📍 일시 / 장소 - 2026년 4월 4일(토) - 산울림청소년센터 📍 프로그램 ① 특강 - 시간 : 15:30 ~ 17:00 - 주제 : 역곡습지 리와일딩 - 강사 : 김산하 대표 (생명다양성재단) ② 습지 정화활동 - 1차 : 10:00 ~ 12:00 - 2차 : 13:00 ~ 15:00 - 3차 : 17:00 ~ 18:00 📍 준비물 개인 물, 장갑, 장화 또는 운동화 📍 참여 신청 포스터 하단 QR코드 신청 링크 이용 https://form.naver.com/response/aq7PL3mO0X14RM_PJYTxTg 📍주최·주관·협력 #부천시지속가능발전협의회 #도시숲시민모임 #산울림청소년센터"
311939,주식회사 라쿤,[참가자 모집] 커넥트 커피 부산 2026,,,기타,행사 참여,"[참가자 모집] 커넥트 커피 부산 2026 부산일보 창간 80주년을 맞아 부산의 미래와 커피 산업의 가능성을 함께 이야기하는 국제 행사 커넥트 커피 부산 2026이 열립니다. 이번 행사는 주요 커피 생산국 주한 대사들과 함께 커피 생산부터 기술, 유통, 브랜딩까지, 부산이 글로벌 커피도시로 나아가기 위한 가능성과 방향을 이야기하는 자리입니다. 커피를 좋아하는 시민, 업계 관계자, 예비 창업자 등 모두에게 의미 있는 시간이 될 예정이니 여러분들의 많은 관심 부탁드립니다. 일시 : 2026.4.15.(수) 오후 1시 30분 ~ 4시 40분 장소 : 해운대 웨스틴조선호텔 그랜드볼룸 신청기간 : 2026.3.31.(화) ~ 4.13.(월) 신청인원 : 선착순 200명 / 무료 혜택 : 참석자 대상 무료 커피음료 제공 사전신청은 포스터 내 QR코드 또는 신청 링크를 통해 가능합니다. 신청 링크 : https://forms.gle/LAnoKcMEfivXbz8N9"
311938,네일팁 제작소,네일팁 제작소 신입 모집,,,,,"🩷 네일팁 제작소 신입 부원 모집! 🩷 같이 네일팁 만들고, 사진 찍고, 예쁜 취미 가질분들 구해요 ⌯ ‘ ᵕ ‘ ⌯ 🩷 인스타 네일 디자인 따라 만들어보고 싶은 분 🤍 네일팁 만들면서 취미로 피드 꾸며보고 싶은 분 🩷 예쁜 거·아기자기한 거 좋아하는 분 🤍 전공은 아니지만 네일에 관심 생기신 분 🩷 가성비 좋은 취미, 오래 할 취미 찾는 분 🤍 요즘 유행하는 네일 디자인 직접 만들어보고 싶은 분 이 중 하나라도 해당된다면 네일팁 제작소랑 잘 맞아요 ૮₍´｡❛ั ꒳ ❛ั ｡`₎ა 💅 네일팁 제작소는 이런 동아리예요! 네일팁 제작을 중심으로 만들고 · 찍고 · 공유하고 · 같이 예쁜 것 보러가는 취미 네일 동아리입니다. 📌 활동 내용 - 인스타/핀터레스트 네일 디자인 레퍼런스 따라 만들기 - 젤네일·오버레이 기초로 네일팁 제작 - 컬러 조합 & 아트 포인트 연습 - 계절·테마별 네일팁 만들기 - 완성한 네일팁 촬영 & 피드백 - 직접 만든 네일팁 미니 전시 - 예쁜 네일 재료 태무/알리깡 - 원하는 사람에 한해 네일팁 판매 경험 (소소하게!) - 코엑스 네일 박람회 같이 놀러 가기 🚌💅 📌 이런 분께 추천해요 - 혼자 하기엔 심심해서 취미가 오래 안 가는 분 - 결과물이 남는 취미를 하고 싶은 분 - 네일샵 안 가도 네일을 즐기고 싶은 분 - 네일 좋아하는 친구들 만들고 싶은 분 - 전공 아니어도 가볍게 네일을 즐기고 싶은 분 💌 모집 안내 ❣️신규 부원 5명 추가 모집❣️ -활동 난이도: 네일 초보 완전 환영! 네일 처음이어도 괜찮아요 부담 없는 취미 모임 위주로 진행합니다 -재료 공유 시스템 / 개인 도구 지참 가능 -정기 모임: 주 1회 (시간·장소는 공지 예정/시험기간 조율 가능) 지원링크 : https://forms.gle/wiLj1dVDeBBzsKdx7 관심 있으신 분은 댓글 또는 메시지로 문의 주세요! 예쁘고 편안한 분위기에서 함께 네일 만들어봐요 ~!"
311935,인천구월그린컴퓨터아트학원,SNS 기반 브랜드·제품 홍보 및 콘텐츠 제작 실무자 양성과정,,,,,"📢 전공/학력/경력 상관없이 누구나 가능! ❤️디자이너, MD, 마케터 등 다양한 분야 취업가능 ✅ 포토샵/일러스트/프리미어프로 ✅ 피그마/챗GPT/노션 ✅ 기획 및 콘텐츠 제작 ✅ 브랜딩, 포스터, 카드뉴스, 상세페이지, 숏폼 등 포트폴리오 다수 제작 🌟 훈련비 최대 100% 지원 (자비 부담 0 원 ~ 300,000만 원) 🌟 훈련수당 월 최대 80만원 🌟 교재비 무료 🎯 취업특강, 이력서/자소서 컨설팅, 모의면접 등 진행 📱 전화문의 032-463-2266 💬 카톡문의 greengu (카톡ID) 🚇 인천예술회관역 10번출구 도보 10분 인천고용복지+센터 옆 포트폴리오 보러가기"
311934,인천구월그린컴퓨터아트학원,"전산회계1급,전산세무2급 자격증 취득과 인사급여실무",,,,,"【 경리사무 취업을 위한 전산세무회계 자격증 】 Ⅰ. 한국세무사회 자격증 - 전산회계1급, 전산세무2급 시험대비. Ⅱ. 한국공인회계사회 자격증 - FAT1급, TAT 2급 시험대비. Ⅲ. 한국생산성본부 - ERP 인사 시험대비 ( 학원자체시험 ) ◈ 본 과정 수업시 더존프로그램 및 ERP 프로그램 습득으로 취업처 다양 ◈ 높은 자격증 취득율. 경리실무 취업에 필요한 실무과정  교육시간 : 9:0 0 - 14:00 (일일 5시간)  훈련비 최대 전액 지원(유형별 상이)  매월 훈련 장려금 지급. 교재비 무료"
311933,성북창작소,2026 성북창작소 4월 메이커 크리에이터 2D프로그램 활용 역량 강화과정,,,,,"주제 : 2026 성북창작소 창작자 역량강화 프로그램 [메이커 크리에이터 프로그램] 부제 : 2D 프로그램 활용 역량 강화 교육 일정 : 2026.04.14.(화) ~ 04.23.(목) *매주 화, 목 총 4회차 시간 : 19:00 ~ 22:00 (총 3시간) 장소 : 온라인 ZOOM 실시간 교육 💻 참여혜택 교육비 전액 무료 지원 제작 도면 결과물 사후 가공을 위한 성북창작소 레이저커팅 장비 이용료 및 재료비 무료 지원 🔧 교육내용 -AutoCAD 기초 및 인터페이스 이해 기본 환경 및 화면 조작 방법 학습 주요 명령어 실습을 통한 기초 도면 작성 -도면 해독 및 명령어 활용 기계 도면 해독 및 제도 기초 이해 객체 생성·편집 및 단축키 활용 실습 -기계설계 기초 및 도면 설계 기계설계 기본 개념 이해 치수 기입 및 기계 요소 기반 도면 설계 실습 -종합 설계 프로젝트 기계 요소를 활용한 종합 도면 설계 출력 설정 및 최종 결과물 완성 📐"
311930,수완뉴스,2026 수완뉴스 청소년/청년 편집국장 모집,,,취재/인터뷰/기사 경험 | 콘텐츠 기획/제작 경험 | 휴학 중/시간 투자 가능,활동비 | 인턴쉽 기회,"최소 자격 민법상 만 20세 이상 성인 (학력·경력 무관) 휴학생 지원 가능 상당한 수준의 한국어 구사 능력 (기사 작성 및 교정 기준) 우대 자격 WordPress 블로그 툴 활용(구텐베르크 에디터)이 능숙하신 분 Gemini, ChatGPT 등 생성형 AI를 업무에 적극적으로 활용할 수 있는 분 미디어 콘텐츠 창작 및 저널리즘에 깊은 관심이 있는 분 활동 소개 수완뉴스 편집국은 기사의 기획부터 취재, 편집, 최종 송출까지 미디어 제작의 전 과정을 진두지휘하는 심장부입니다. 변화하는 미디어 환경 속에서 새로운 시각으로 세상을 담아낼 열정적인 리더를 기다립니다. 편집국장은 발행인으로부터 지면 편집 권한을 위임받아 수완뉴스의 보도 방향을 결정하는 핵심 보직입니다. 기획: 기사 주제 발굴 및 팀원별 기획안 검토/확정 취재 및 인터뷰: 사회적 메시지가 담긴 현장 취재 및 인터뷰 진행 편집: 기사 내용 검수, 헤드라인 작성, 최종 송출 관리 리더십: 팀원 간 커뮤니케이션 조율 및 프로젝트 매니지먼트 활동의 가치와 장점 활동을 통해 얻을 수 있는 것 : 사회의 다양한 분야를 깊이 관찰하고 탐구하며, 전문성을 키울 수 있는 기회입니다. 경험과 네트워크 형성 : 다양한 주제에 대해 기사를 쓰며 독자들과 소통하고, 동료 기자들과의 네트워크도 쌓을 수 있어요. 포트폴리오 활용 가능 : 편집국장 활동은 향후 본인의 포트폴리오로 활용 가능합니다. 참여 지원 관련 혜택 공식적인 활동 종료 후 수완뉴스 대표자 명의의 활동 증명서를 발급해 드립니다. 타 언론사/방송사 견학 및 현장 취재 연수 지원 공식 활동 기간 동안 홈페이지 하단 크레딧에 이름이 명시됩니다. 다양한 분야의 전문가 및 동료 기자들과의 네트워크 형성 기회 제공 모집 일정과 구체적인 절차 모집 인원: 1명 모집 기간: 정원 충원 시 자동 마감 (빠른 지원 권장) 활동 시간: 주당 약 4시간의 활동을 기준으로 합니다. 팀 미팅은 주 1회 진행되며, 미팅 시간 외에는 자율적으로 활동합니다. 선발 과정 안내 : 1차 서류 심사 -> 2차 인터뷰 -> 합격자 발표 지원 방법 : 수완뉴스 커리어 공고 하단 “이 채용에 지원하기”을 클릭하고 지원서를 작성해주세요. 자주 묻는 질문 Q. 지원서 작성 시 반드시 관련 경험이 있어야 하나요 ? 네, 언론 경험보다 지원자의 열정과 성실함, 그리고 새로운 도구를 배우려는 태도를 가장 중요하게 평가하며, 무엇보다 청소년/청년 언론에 대한 이해와 존중이 중요합니다. Q. 비수도권 거주자도 활동이 가능한가요? 미팅은 서울 진행이 원칙이나, 상황에 따라 지역 개최 또는 원격 참여 옵션을 제공하므로 전국 어디서든 지원 가능합니다. 기업의 철학 및 비전 수완뉴스는 청소년 및 청년 미디어에서 글로벌 미디어로 성장하며, 진실과 다양성을 추구하는 언론사입니다. 다음 세대의 목소리를 담아, 더 나은 미래를 만들어 나가고자 합니다. 유의 사항 및 안내 유연한 근무 형태: 본업이 있더라도 겸업이 가능합니다. 단, 소속처의 겸업 금지 조항을 확인해 주세요. 원격 업무 이해도: 원격 근무 환경에 익숙하고 실시간 소통이 원활해야 합니다. 병역 관련: 군필 남성의 경우 주민등록초본(뒷자리 마스킹) 제출이 필요합니다. 평등 채용: 수완뉴스는 다양한 배경을 가진 모든 청소년과 청년을 환영합니다. 장애, 성별, 인종, 국적, 성 정체성 등 어떤 이유로도 차별하지 않습니다. 개인정보 처리 : 제출한 자료는 수완뉴스의 개인정보 처리방침에 따라 일정 기간 보관되며, 자료 반환 요청 시 법률이 정한 절차에 따라 반환 가능합니다."
311929,도화사랩,부산 영화/웹드라마 연출 및 연기 기초 클래스 교육,,,,,"도화사랩 교육팀 ‘CLASS LAB’ 모집 🎬 누구나 영화를 만들고 참여할 수 있는 교육입니다. 연기와 연출 분야에 도전하고 싶은 모든 분들을 모집합니다. 과정이 끝나면 단체에서 활동을 이어서 진행할 수 있습니다. 아직 해보지 못하고 고민 하거나 기회가 없던 분들을 위한 교육이며, 경력이 많은 분들에겐 아쉬운 교육이 될 수도 있으니 참고 부탁드립니다. 📍교육 일시 모집 기수 참여자 분들의 시간에 맞춰 진행합니다. 📍교육 장소 부산 중구 내 공간에서 진행 📍모집 기간 상시모집 📍모집 대상 부산에서 진행하는 교육을 참여할 수 있는 만 18세 이상 누구나 📍모집 분야 연기 / 연출 (연출은 촬영, 음향, 각본, 연출 등의 종합적인 교육을 진행합니다.) 📍지원 방법 상단 프로필 링크의 네이버 폼으로 신청 부탁드립니다. ‘CLASS LAB(교육팀) 모집‘ 📍참가 회비 월 10,000원"
311928,도화사랩,부산 영화/웹드라마 연출 및 연기 기초 클래스,,,,,"도화사랩 교육팀 ‘CLASS LAB’ 모집 🎬 누구나 영화를 만들고 참여할 수 있는 교육입니다. 연기와 연출 분야에 도전하고 싶은 모든 분들을 모집합니다. 과정이 끝나면 단체에서 활동을 이어서 진행할 수 있습니다. 아직 해보지 못하고 고민 하거나 기회가 없던 분들을 위한 교육이며, 경력이 많은 분들에겐 아쉬운 교육이 될 수도 있으니 참고 부탁드립니다. 📍교육 일시 모집 기수 참여자 분들의 시간에 맞춰 진행합니다. 📍교육 장소 부산 중구 내 공간에서 진행 📍모집 기간 상시모집 📍모집 대상 부산에서 진행하는 교육을 참여할 수 있는 만 18세 이상 누구나 📍모집 분야 연기 / 연출 (연출은 촬영, 음향, 각본, 연출 등의 종합적인 교육을 진행합니다.) 📍지원 방법 상단 프로필 링크의 네이버 폼으로 신청 부탁드립니다. ‘CLASS LAB(교육팀) 모집‘ 📍참가 회비 월 10,000원"
311927,사단법인 해피기버,[해피기버] '의(衣)풍당당' 대학생 의류 지원 사업 (~4/15),,,기타,활동비,"안녕하세요. 이웃에게 행복을 전하는 해피기버 입니다. 🧡 해피기버에서 저소득 대학생을 대상으로 의류 지원 사업을 실시하고자 하니, 많은 관심과 신청 부탁드립니다. *사업 취지 - 경제적 부담을 겪는 저소득 대학생들에게 의류 구매 비용을 지원하여 실질적인 생활 안정에 기여 - 퍼스널 컬러와 스타일링 교육을 통해 자기 탐색의 기회를 제공함으로써, 경제적 한계로 시도하지 못했던 자신만의 스타일에 도전하고 사회 진출 과정에서 당당하게 역량을 발휘할 수 있도록 도움 *지원 대상 : 서울, 경기, 인천 지역 거주 한국장학재단 기준 0~3분위 재휴학생 15명 *지원 내용 1. 패션 스타일링 및 퍼스널 컬러 교육 1회 - 4/30(목) 15:00-18:00 서울 인근 대면 강의, 불참 시 의류 구매 지원 제외 2. 의류 구매 지원 (아래 유형 중 택 1) - (유형 1) 오프라인 의류 구매 지원 1인 300,000원 3명 - (유형 2) 온라인 의류 구매 지원 1인 230,000원 12명 * 인턴, 실습, 교생 등 공적 상황에서 필요한 옷 * 경제적인 부담으로 도전하지 못했던 스타일의 옷 * 취미생활, 아르바이트, 교내외 활동을 위한 옷 *진행 일정 (기관 사정에 따라 변동될 수 있음) 구글폼 접수(4/15) → 선정 안내(4/22) → 패션 스타일링, 퍼스널 컬러 교육(4/30) → 의류 구매(~5/15) → 후기제출(~5/22) *후기 제출 - 지원 사업 후기 (양식 제공) - 의류 구매 전후 사진 및 영상 *신청 방법 - 구글폼 제출 : [해피기버] '의(衣)풍당당' 대학생 의류 지원 사업 (~4/15) - Google Forms * 문의 : 해피기버 사업기획부 blnkwon@happygiver.or.kr * 자세한 내용은 구글폼을 참고해주세요."
311924,넥스트러너스,"[인턴십기회 100% 보장] AI 시대, 개발자 취업경쟁력 완성! <AI 헬스케어 초격차 캠프> 6기 모집!",,,,,"AI 시대, 개발자 직무 괜찮을까? 🤔개발자는 포화 상태지만, 👉 의료 데이터를 다루는 개발자는 기업이 먼저 찾고 있다는 사실!! 🚀단 6개월, 실무 프로젝트 + 인턴십 기회 100%로 취업 경쟁력을 완성하세요. ✅ 실제 의료 데이터 기반 프로젝트 수행 ✅ AI × 웹 개발 융합 커리큘럼 ✅ 데이콘 의료 AI 해커톤 참여 ✅ 전문 취업 매니저들의 맞춤 인턴십 매칭 6회 제공 ✅ 현업전문가인증 나노그리드 수료증 ✅ 실전 프로젝트로 포트폴리오 완성까지! 📆일정 - 모집 기간 : ~2026년 05월 08일 학습 기간 : 2026년 05월 14일 ~ 2026년 11월 06일 💻교육 관련 - 교육 방식 : 100% 실시간 교육 - 교육 시간 : 평일 10시~19시 - 교육비 : 50만원 (1,690만원 국비지원) 🚩 지원 자격 - AI·헬스케어 개발자로 취업을 희망하는 취업준비생, 졸업(예정자), 휴학(예정)자 - 비전공자도 신청 가능 - 의료·AI 관련 분야 경력 전환을 희망하는 누구나 🎁 교육 혜택 - 훈련장려금 월 최대 90만원 지원 (훈련장려금 30만원+국민취업제도 1유형 60만원) - 맥북 교육 기간 내 무상 대여 - 수료생 대상 인턴십 프로그램 제공 👉 바로 신청하기 - 링크 : https://bit.ly/4saCiBf 헬스케어 AI는 지금 가장 빠르게 성장하는 분야! 실제 의료 데이터를 다루며 차별화된 AI 인재로 도약하세요🚀"
311923,샘표식품,[샘표식품] ERP 운영/개발 및 Process Innovation(정규직),"NEW, EXPERIENCED",,,,﻿ [샘표식품] ERP 운영/개발 및 Process Innovation(정규직) 채용 구분 IT 채용 형태 일반채용 신입/경력 마감일 2026.04.19 오후 11:59
311922,샘표식품,[샘표식품] 플랫폼개발(정규직/본사) 채용,"NEW, EXPERIENCED",,,,[샘표식품] 플랫폼개발(정규직/본사) 채용 채용 구분 IT 채용 형태 일반채용 신입/경력 마감일 2026.04.19 오후 11:59
311921,윈스펙,처음부터 제대로 배우는 AI 기초 (feat. 직무별 현업 데이터 분석 실습),,,,,"📢 교육 안내 • 모집 기간 : ~4/7(화) 15시 • 학습 기간 : 4/8(수) ~ 5/8(금) (1회차) • 수강 혜택 : 내일배움카드 보유 시 수강료의 90% 국비지원 📘 이 강의는 어떤 강의인가요? 본 과정은 AI의 작동 원리와 데이터 기반 문제 해결 과정을 이해할 수 있도록 설계된 교육 과정입니다. Python을 활용한 데이터 구조화·전처리·분석과 통계 및 AI 기초 수학 개념을 학습하며, 데이터 분석 결과를 해석하는 역량을 기를 수 있습니다. 품질·생산·자재·전략기획 등 직무 시나리오 기반 실습을 통해 실제 산업 데이터를 분석하고 문제 진단과 판단에 활용하는 실무형 분석 역량을 학습합니다. 👩‍🎓 추천 수강 대상 • AI와 데이터 분석을 처음 배우는 비전공자 및 입문자 • AI·데이터 분야 취업 또는 직무 전환을 준비하는 학습자 • Python 기반 데이터 분석 역량을 기초부터 학습하고 싶은 학습자 • 데이터 분석 결과를 실제 업무 의사결정에 활용하는 방법을 배우고 싶은 학습자 🚀 이 강의를 들으면, 한 달 후, 이렇게 달라집니다! • AI 기초 이해 : 데이터, 통계, AI 모델 구조 등 AI 결과가 생성되는 원리 이해 • 데이터 분석 역량 : Python 기반 데이터 전처리·분석·시각화 수행 경험 • 실무 적용 능력 : 직무 시나리오 기반 실습을 통해 데이터 분석 결과를 문제 진단과 판단 근거로 활용 • AI 학습 기반 마련 : 향후 AI·데이터 심화 교육으로 확장 가능한 기초 역량 형성 👉 지금 신청하고 AI·데이터 분석 역량을 기초부터 쌓아보세요! https://vo.la/uCRXLh 🚨선착순 모집 마감 주의🚨"
311919,주식회사 리버티,예거마이스터에서 홍보대사로 활동할 대학생 분들을 모집합니다!,,,기타,행사 참여 | 수료증 및 인증서,프로그램 개요 프로그램명: JÄGERMEISTER FEIERSTARTERS 3기 성격: 예거마이스터 대학생 홍보대사(브랜드 커뮤니티) 프로그램 운영 방식: 팀 단위 활동(콘텐츠 미션 + 팀 프로젝트) 모집 인원: 20명 활동 기간: 2026년 3월 ~ 11월 모집 일정(예정) 지원 접수: 2026.03.16(월) ~ 2026.04.10(금) 최종 발표: 2026.04.17(금) ※ 일정은 운영 상황에 따라 변경될 수 있습니다. 필수 일정(오프라인) 오리엔테이션(OT): 2026.04.22(수) 워크샵 & 마이스터 클래스(1박 2일): 2026.05.13~14 (수~목) 해단식: 2026.11.13(금) ※ 상기 일정은 선발자 필수 참여 일정입니다. 활동 내용 (1) 콘텐츠 미션(개인/팀) 예거마이스터 브랜드 무드를 반영한 콘텐츠 제작 및 업로드(피드/릴스/스토리) 미션별 업로드 가이드 제공(해시태그/캡션/표기 등) (2) 팀 프로젝트: 자체 파티 운영(핵심 미션) 기간: 2026년 7월 ~ 10월 팀별 컨셉 기획 후 자체 파티 운영 및 결과물 제작(리캡 콘텐츠/사진/리포트 등) 팀별 운영 예산 지원(가이드 및 제출 기준 제공) (3) 해단식/리유니온 2026.11.13(금) 1부 시상 / 2부 전 기수 리유니온(파티) 진행 활동 혜택 예거마이스터 공식 커뮤니티 프로그램 참여 및 브랜드 경험 제공 오리엔테이션(OT) 및 워크샵/마이스터 클래스 참여 기회(1박 2일) 팀 프로젝트(자체 파티) 운영 예산 지원 우수 활동자 시상 및 예거마이스터 독일 투어 공식 콘텐츠/채널 리그램 및 하이라이트 노출 기회(우수 콘텐츠 대상) 지원 자격 대한민국 거주 대학생(재학생) 만 26세 이하 개인 인스타그램 계정 운영 중(콘텐츠 업로드 가능자) 팀 활동 및 필수 일정(OT/워크샵/해단식) 참여 가능자 ※ 타 브랜드 서포터즈/홍보대사 활동 중인 경우 지원 제한 가능 지원 방법 지원서 제출 지원 링크: [https://forms.gle/wNM9JXJcDTviJSdV6] 우대 사항 숏폼(릴스) 제작 경험 또는 사진/영상 콘텐츠 제작 경험 팀 프로젝트/행사 기획·운영 경험 음악/DJ/파티 컬처 등 나이트 컬처 관심 유의 사항 미션 업로드는 운영 가이드(해시태그/캡션/표기 등) 기준에 따라 진행됩니다. 주류 브랜드 프로그램 특성상 책임감 있는 참여 및 운영 규정 준수가 필요합니다. 일정/장소 등 운영 세부 사항은 선발자 대상 별도 공지 예정입니다.
311918,EY한영,"[EY한영] BMC(Brand, Marketing and Communications) 인턴",INTERN,,,,"﻿ [EY한영] BMC(Brand, Marketing and Communications) 인턴 [모집 분야] BMC팀 (Brand, Marketing and Communications) EOY 인턴 - EY 최우수 기업가상(EOY) 후보자 선정을 위한 심사 자료(Dossier) 리서치 및 자료 작성 * EY 최우수 기업가상 링크 참조 [바로가기] - EOY Awards Gala(시상식) 기획 및 운영 지원 - 기타 EY Flagship 세미나 기획 및 운영 지원 [지원자격] - 경영학, 경제학, 회계학 전공자 우대 (재무제표 분석 가능자 우대) - 심사 조건에 따른 리서치를 통한 후보자 선별 작업 능력이 우수한 자 - 빠른 인터넷 리서치 및 데이터 관리 / 작문(국문) 능력이 우수한 자 [우대사항] - MS Office를 잘 다룰 수 있는 자 (Excel 능통자 우대) - 대학생, 휴학생 무관 (휴학생 및 졸업생 우대)"
311917,CGV,CGV SCREENX 서포터즈 모집,,,기타,사은품 지급 | 행사 참여,"[SCREENX 서포터즈 모집] 3면으로 먼저 보는 짜릿함 온 세상에 공유하는 즐거움 영화를 사랑하고 새로운 관람 경험에 열광하는 분 좋은 영화를 보면 후기를 남기지 않고는 못 배기는 분 지금 바로 SCREENX 서포터즈에 지원하세요! [모집 인원] - 300명 [모집 기간] - 26. 3. 26(목) ~ 4. 5(일) [모집 대상] - 인스타그램 영향력이 높고 - CGV용산아이파크몰, 왕십리, - 영등포타임스퀘어, 홍대 방문이 가능한 분 [지원 방법] - 모집 기간 내 [지원하기] 버튼 클릭 및 - 구글폼 제출 완료된 고객 중 300명 [최종 발표] - 26. 4. 10(금) *본 이벤트 참여 시 구글폼으로 입력하신 정보는 SCREENX 서포터즈 운영 및 혜택 제공을 위해 활용됩니다. *해당 정보는 운영 대행사인 ‘알파블럭’ 대행 업체에서 관리하며, 온라인 쿠폰 지급을 위해 CGV 아이디 등 정보가 CGV와 대행사 간 공유될 수 있습니다. *[지원하기] 버튼 클릭 시, 상기 내용에 동의한 것으로 간주됩니다. [SCREENX 서포터즈 혜택] [혜택 01] 다수의 SCREENX 영화 개봉주 관람 쿠폰 2매 제공 [혜택 02] SCREENX 서포터즈 전용 이벤트 참여 기회 [SCREENX 서포터즈 활동 미션] [미션 01] - 영화 개봉주 SCREENX - 온라인 쿠폰(2매)으로 영화 관람! [미션 02] - 일정 기간 내 인스타그램 후기 업로드 *자세한 사항은 선정된 분들께 별도 안내 예정 [필수 해시태그] @cgv_korea @cj4dplex_official #CGV #SCREENX #영화명 #SCREENX컷 #3면도파민 #몰입감레전드 #시야확장 *변경될 수 있으며, 선정자 대상 별도 안내 예정 [EVENT] - SCREENX 서포터즈 서프라이즈 이벤트 - 선정된 서포터즈분 중 추첨을 통해 200명에게 - <슈퍼 마리오 갤럭시>를 누구보다 먼저 SCREENX로 - 관람할 수 있는 기회 제공! (1인 1매) [일시] - 26. 4. 15(수) 오후 8시 시작 영화 [장소] - CGV용산아이파크몰 SCREENX관 *선정되신 분들께 별도 안내 예정"
311916,한솔섬유,[한솔섬유] [본사] 디자인부(Digital팀) 신입(인턴) 또는 경력,"NEW, EXPERIENCED",,,,"[한솔섬유] [본사] 디자인부(Digital팀) 신입(인턴) 또는 경력 모집분야 디자인부 Digital 팀 공통자격 요건 졸업예정자의 경우, 학교에 출석하지 않아도 졸업에 지장이 없거나, 학칙으로 학점인정이 가능한 분만 지원 남자는 병역필 또는 면제이신 분 해외여행에 결격 사유가 없으신 분"
311915,거창군,2026년 제6회 거창군 가족사진 공모전,,,,상장 수여,2026년 제6회 거창군 가족사진 공모전 ● 참가 자격 - 거창군민 누구나 ● 공모 주제 - 사진으로 전하는 우리 가족 이야기 ● 시상 내역 - 포스터 참고 ● 공모 일정 - 접수기간 : 2026. 3. 26.(목) ~ 4. 20.(월) ● 접수방법 - 이메일 : applegarden@korea.kr ● 문의 사항 - 055-940-3153
311914,인구보건복지협회,제3회 대한민국 인구 페스티벌「사진·숏폼영상」 공모전,,,,상장 수여,"제3회 대한민국 인구 페스티벌 「사진·숏폼영상 공모전」 ● 참가 자격 - 인구문제에 관심있는 대한민국 국민 누구나 - [사진] 개인 - [숏폼영상] 개인 또는 3인이하 팀구성 가능 ● 공모 분야 - 사진·숏폼영상 2분야 ● 공모 주제 - 주제와 관련된 내용을 사진·숏폼영상으로 자유롭게 표현 [사진] - ① 건강한 시작, 돌봄의 연결 - (예시) 임산부와 가족이 태교하는 모습, 이웃과 함께하는 공동육아의 모습 등 - ② 일·가정 양립, 가족친화 일터 - (예시) 재택근무 중 아이와 함께하는 일상, 가족돌봄 휴가를 사용하는 직장인 등 - ③ 다양한 가족, 존중의 일상 - (예시) 가족이 함께 취미활동을 즐기는 장면, 서로의 기념일을 챙기는 모습 등 [숏폼영상] - 돌봄 - (예시) 태아를 돌봄, 아이를 돌봄, 어르신을 돌봄 등 다양한 돌봄의 모습 등"
311913,한솔섬유,[한솔섬유] [본사] 디자인부(Style Design) 신입(인턴) 또는 경력,"NEW, EXPERIENCED",,,,"[한솔섬유] [본사] 디자인부(Style Design) 신입(인턴) 또는 경력 모집분야 디자인부 Style Design Womens 팀 공통자격 요건 졸업예정자의 경우, 학교에 출석하지 않아도 졸업에 지장이 없거나, 학칙으로 학점인정이 가능한 분만 지원 남자는 병역필 또는 면제이신 분 해외여행에 결격 사유가 없으신 분"
311912,연합뉴스X농협,[연합뉴스X농협] 로컬의 미래를 디자인할 'Y-FARM 서포터즈' 모집 (~4/5),,,파워블로거/SNS | 휴학 중/시간 투자 가능,활동비 | 수료증 및 인증서,"[연합뉴스X농협] 로컬의 미래를 디자인할 'Y-FARM 서포터즈' 모집 (~4/5) AI 시대, K-로컬의 내일을 만나다! 연합뉴스와 농협이 함께하는 'Y-FARM EXPO 2026'에서 농업과 지역의 가치를 널리 알릴 열정적인 서포터즈를 모집합니다. 스마트팜부터 로컬 라이프스타일까지, 우리 농업의 새로운 미래를 현장에서 직접 경험하고 기록해 보세요! 📍 모집 개요 모집 대상: 자신의 역량으로 농업과 지역의 가치를 함께 만들고 싶은 누구나 선발 인원: 총 20명 숏폼 특화 (8명) 블로그/기사 (8명) 커뮤니티/바이럴 (4명) 📅 일정 안내 모집 기간: 2026년 3월 30일(월) ~ 4월 5일(일) 합격자 발표: 2026년 4월 8일(수) 개별 문자 및 유선 연락 활동 기간: 2026년 4월 15일(수) ~ 4월 30일(목) 📝 활동 내용 박람회 사전 홍보: 박람회 소개 콘텐츠 1건 제작 현장 방문 후기: 박람회 3일 참석 후 후기 콘텐츠 3건 제작 (현장 부스, 무대 프로그램, 체험 등) 개인 블로그 및 SNS 채널 게시 🎁 활동 혜택 활동비 지급: 활동 완료 시 소정의 활동비(15만 원 상당) 지급 수료증 발급: 연합뉴스 명의 수료증 제공 우수 포상: 우수 서포터즈 선발 및 시상 🚀 지원 방법 문의처: ynafarm@gmail.com 지원 신청서 작성 : https://forms.gle/cYzQdn6dHAnf2sc59 박람회 장소: 수원컨벤션센터 전시장 A홀 (2026. 4. 24 ~ 26)"
311911,CJ프레시웨이,[CJ프레시웨이] SCM 센터운영(용인) 신입/경력사원 모집,"NEW, EXPERIENCED",,,,"[CJ프레시웨이] SCM 센터운영(용인) 신입/경력사원 모집 직무소개 ■ 물류센터 운영 - 입/출고 관리, 재고관리, 배차, 현장관리, 비용 관리, 계약 등 ■ SCM 프로세스 개선 - 센터 운영 프로세스 설계 및 시행 - 손익 계획/분석 및 원가 절감 등 물류운영 전반 효율화 과제 수립 및 시행 ■ 고객 서비스 개선 - 내/외부 고객서비스 개선 목표 수립 및 지표관리(클레임, 결품 등) 지원자격 - 초대졸 이상 - 내/외부 원활한 커뮤니케이션 역량 보유자 - 주 6일(휴일, 공휴일 등) 근무 가능자 - 석/야간 주기적 로테이션 근무 가능자 ※ 주간 (09:00~18:00) ※ 석간 (18:00~03:00) ※ 야간 (22:00~07:00) 우대사항 - 물류 운영 관련 지식 및 경험 보유자 - 저온 및 식자재 물류센터 운영 관리 경험 보유자 - 배차 업무 경력자 - 모집 지역 인근 거주자 기타 안내사항 ■ 채용 전형 1) 접수기간 : 2026.03.30(월) ~ 2026.04.13(월) 23:59 2) 접수방법 : CJ그룹 채용 홈페이지(recruit.cj.net) 통한 지원서 접수 3) 채용전형 : 지원서 접수 → CJAT/면접 → 처우협의 → 채용검진/입사 ※ 전형별 세부일정은 추후 합격 여부에 관계없이 개별적으로 안내 예정 ■ 복리후생 및 인사제도 안내 •다양한 일상의 가치를 누려보세요. - 카페테리아 포인트 (연간 100만원 상당) - CJ Member's Card (CJ브랜드 40% 상시 할인) - CJ그룹 프리미엄 리조트 이용 지원 - 건강검진 및 의료비 지원 - 주택자금대출 (근속 2년 이상 재직자) •가족과 함께 하는 삶을 응원합니다. - 경조사 지원 (경조물품, 경조휴가, 경조금 등) - 웨딩홀, 웨딩카 지원 - 난임부부 시술비 및 휴가 지원 - 임신/출산 축하 선물 지급 - 자녀 학자금 지급 - 장애인 자녀 양육비 지급 - 가족돌봄 휴가/휴직 지원 •구성원의 성장을 지원합니다. - Creative Week (근속 연수에 따른 2주 유급휴가 제공) - 승진 및 근속 기념 선물 제공 - 온/오프라인 교육 유료 과정 지원 및 무료 콘텐츠 제공 - 어학 검정 비용 지원 (연 2회) - 전화 외국어 지원 (월 1회) ※CJ프레시웨이의 기업문화, 인사제도에 대한 자세한 내용은 회사 홈페이지에서 확인하실 수 있습니다. (https://www.cjfreshway.com/career/life/culture.jsp) ■ 유의사항 - 기재한 내용에 허위 사실이 있을 경우 합격이 취소될 수 있습니다. - 관계 법령에 의거하여 보훈대상자 및 장애인 우대사항이 적용됩니다"
311910,대한법률구조공단,[대한법률구조공단] 대전지부 청년인턴 공개경쟁 채용,INTERN,,,,[대한법률구조공단] 대전지부 청년인턴 공개경쟁 채용 [담당업무] ○송무 및 행정업무 지원 ○고객 안내 및 기록보존 업무 ○기타 이사장(또는 부서장)이 지시하는 업무 [모집기간] 2026.03.30 ~ 2026.04.13 [전형절차] 서류 접수 > 면접 > 최종 합격자 발표
311909,SNOW,[SNOW] AI CS 기획/운영 체험형 인턴,INTERN,"AI CS 기획/운영 | 아웃바운드TM | 영업/고객상담 | 고객관리/인바운드 | 고객관리 | 인바운드 | [필수] 지원 동기 중심으로 한 자기소개서를 작성해주세요. | [필수] 평소 ChatGPT, Claude 등 생성형 AI 챗봇을 어떤 방식으로 활용하고 있으며, 더 나은 결과를 얻기 위해 시도한 본인만의 활용 전략이나 개선 방안이 있다면 구체적인 사례와 함께 작성해 주세요. | [필수] 다른 서비스의 챗봇이나 고객센터를 이용하면서 ‘좋은 경험’ 또는 ‘불편한 경험’을 한 사례가 있다면, 그 이유는 무엇이라고 생각하나요? 이러한 경험을 바탕으로, SNOW 챗봇의 운영 담당자로 근무하게 된다면, 고객에게 ‘좋은 경험’을 제공하기 위해 어떤 점을 가장 중요하게 관리하고, ‘부정적인 경험’을 발견했을 때는 어떤 방식으로 개선해 나갈지 구체적으로 서술해 주세요. | [선택] 자신의 장점과 역량을 잘 드러낼 수 있는 포트폴리오 혹은 URL이 있다면 소개해 주세요. (파일 첨부, 자유 양식) / 연락처, 이메일 등은 기재할 수 없습니다. | [SNOW] AI CS 기획/운영 체험형 인턴",,,"[SNOW] AI CS 기획/운영 체험형 인턴 [직무 개요] - 고객 문의 대응 프로세스 진행 및 지원 - 고객 문의 현황 및 변동 추이 분석 보조 (일간/주간 문의 지표 보고) - CS 챗봇 기획 및 운영 보조 - AI CS 답변 퀄리티 관리 - 앱 기능 관련 이슈 리포트 보조 [필요 역량] ﻿- 계약 기간(약 3개월) 동안 full-time 근무 가능하신 분 [월-금, 10-19시] - 전형 절차 별 일정에 참여 가능하신 분 [입과 예정일: 2026년 4월 27일] - AI 기술 및 챗봇 서비스에 대한 높은 관심을 가진 분 - 정보 구조화 및 데이터 관리에 능숙한 분 (Excel, 어드민 툴 활용) - 원활한 커뮤니케이션이 가능한 분 - 자기 주도적인 업무 진행 능력을 갖춘 분 - 꼼꼼하고 끈기가 있는 분 [우대 사항] - AI 챗봇(ChatGPT, Claude 등)을 적극적으로 활용해 본 경험이 있는 분 (예: 프롬프트 작성, 기능 테스트 등) - 커뮤니티 혹은 플랫폼 서비스 운영 업무 경험이 있으시거나, 이에 관심이 있는 분 - 대면 및 비대면 고객 응대 업무 경험을 보유한 분 - 영어·중국어·일본어 등의 외국어 활용이 가능한 분"
311908,인천구월그린컴퓨터아트학원,"[AI 활용 오픈마켓&쇼핑몰&마케팅] 스마트스토어, 상세페이지, 포토샵, 일러스트 실무",,,,,"❤️포토샵을 활용한 쇼핑몰 제작 및 운영❤️ ❤️훈련비 100% ~ 75% 지원 (내일배움카드 필요) 🌟비전공자 가능 (기초부터 진행) ✅ 포토샵을 활용한 상세페이지 및 배너 등 제작 ✅ AI 활용 ✅ 쇼핑몰 사이트 기획/구축/운영 ✅ 대상 : 쇼핑몰 취업 및 창업 희망자 📌직업상담사 취업특강, 이력서+자소서 피드백, 모의면접, 협약기업 취업알선 📌훈련비 국비지원, 교재무상, 훈련장려금 지급 📱전화문의 032-463-2266 🚇인천예술회관역 10번출구/인천고용복지+센터 옆 수료생포트폴리오 보러가기"
311907,PTKOREA,[PTKOREA] 미디어플래닝 업무 보조 인턴,INTERN,,,,"[PTKOREA] 미디어플래닝 업무 보조 인턴 [담당업무] - 디지털 캠페인 운영 세팅 보조 - 캠페인 운영 리포트 작성, 트렌드리포트 작성 - 캠페인 운영 모니터링 - 신규 캠페인 제안 시 팀 내 협업 [자격요건]﻿ - 학사이상이신 분 - 미디어 플랫폼 활용 및 이해도가 있으신 분(구글, 메타, 틱톡, 다음카카오, 네이버 GFA 등) - 컴퓨터 및 OA 활용 가능하신 분 (엑셀, PPT 등) - 디지털 대행사 및 렙사 경험이 있으신 분 [전형절차] 서류전형 > 1차 면접 > 최종합격"
311906,인천구월그린컴퓨터아트학원,"AI활용 UI/UX 반응형 웹디자인&웹퍼블리셔(코딩,피그마)와 영상제작",,,,,"📢 UI/UX 웹디자인/웹퍼블리셔 분야를 처음 시작하는 분(전공 무관) 📢 훈련비 100% ~ 90% 지원 (자기부담금 0 원 ~ 30만 원 : 국민내일배움카드 필요) 1️⃣ UIUX디자인/웹기획/Figma/영상편집 2️⃣ HTML/CSS3/Javascript 3️⃣ 실무중심 반응형 웹 포트폴리오 다수 제작 4️⃣ 수료 이후 웹디자인, 웹퍼블리셔. 웹기획자로 취업 5️⃣ 훈련장려금 월 최대 80만원(유형별 상이), 교재 전액 무상 지급. 📱전화문의 032-463-2266 🚇인천예술회관역 10번출구/인천고용복지+센터 옆 수료생포트폴리오 보러가기"
311905,MBN미디어텍,[MBN미디어텍/충무로] 영상취재부 촬영보조 or VJ 채용 (신입가능),CONTRACT,,,,"[MBN미디어텍/충무로] 영상취재부 촬영보조 or VJ 채용 접수 기간 2026-03-31 ~ 채용 시 마감 모집부문 및 상세내용 [MBN미디어텍/충무로] 영상취재부 촬영보조 or VJ 채용 (신입가능)(0명) 채용 형태 - 파견직 / 그린맨파워 소속 1년, 최대 2년 담당업무 [ 촬영보조 업무 내용 ] -- 취재촬영 어시스트, 촬영장비 관리, 촬영현장 관리 -- 취재 현장 촬영 담당 [ VJ 업무 내용 ] -- 취재 현장 카메라 장비 운용 (6MM, ENG) -- 카메라 장비 유지보수 -- 기타 관련 업무 우대조건 - ​방송 관련 학과 전공자우대 ( 영상 , 미디어 관련 )] - 방송 유 경험자 우대, 신입 가능 - 인근 거주자, 장기 근무자 우대 자격요건 학력 대학졸업(2,3년) 이상 근무조건 급여 월급 222만원(세전) + 휴일수당 (발생 시) 근무시간 주 5일(월~금) 09:00 ~ 18:00 / 업무 특성 상 스케줄 변동 가능성 有 근무지역 서울 중구 퇴계로 190 MBN미디어텍 전형 절차 Step1 서류전형 Step2 면접 전형 Step2 최종합격 지원 기간 및 방법 접수기간 2026-03-31 ~ 채용 시 마감 접수방법 링커리어 간편지원 문의 이메일 yurim8@nate.com 유의사항 허위 사실이 발견될 경우 채용이 취소될 수 있습니다."
311904,인천구월그린컴퓨터아트학원,"AI 활용 영상편집&모션그래픽&영상콘텐츠(프리미어 프로,애프터이펙트,C4D) 실무 포트폴리오",,,,,"📢 영상편집/모션그래픽 분야를 처음 시작하는 의지강한 분(전공 무관) 📢 훈련비 100% ~ 90% 지원 (자기부담금 0 원 or 30만 원 / 국민내일배움카드 필요) 1️⃣ 포토샵 / 일러스트레이터 2️⃣ 영상기획 / 애프터이펙트 모션그래픽 / 프리미어 프로 영상편집 / 시네마4D 3️⃣ 생성형 AI 활용 포트폴리오 제작 4️⃣ 수료 이후 영상기획, 영상편집, 모션그래픽디자이너 취업 5️⃣ 훈련장려금 월 최대 80만원(유형별 상이), 교재 전액 무상 지급. 📱전화문의 032-463-2266 🚇인천예술회관역 10번출구/인천고용복지+센터 옆 수료생포트폴리오 보러가기"
311903,오비맥주,[ABInbev Korea 오비맥주] 이천공장 제품팀 기술직 채용 (계약직),CONTRACT,제품팀 기술직 | 생산관리/공정관리/품질관리 | 생산/제조 | 생산관리 | 공정관리 | 품질관리 | 자재관리 | 환경관리 | 성장 과정 및 성격의 장단점 | 지원 동기 및 입사 후 포부 | [ABInbev Korea 오비맥주] 이천공장 제품팀 기술직 채용 (계약직),,,[ABInbev Korea 오비맥주] 이천공장 제품팀 기술직 채용 (계약직) [담당업무] · 제품 포장 생산라인 업무 보조 · 주변 작업장 정리(5S) [우대사항] · 3교대 근무 가능자 · 근면성실하며 지원 직무수행에 결격 없는 자 [전형절차] - 서류전형 > 면접전형 > 신체검사 > 최종합격
311902,머스트잇,[머스트잇] CRM 인턴 채용,INTERN,,,,"[머스트잇] CRM 인턴 채용 [모집 직무] - CRM 인턴 앱 푸시, 인앱 메시지 캠페인 기획 및 발송 운영 메시지 성과 모니터링 및 A/B 테스트 운영 RFM 기반 회원 프로모션 기획 주요 회원 세그먼트 및 CRM 연관 실적 관리 회원 행동·구매 데이터 기반 캠페인 기획 및 결과 분석 회원 마케팅 주요 구좌 노출편성 [전형 절차] 서류전형 > 직무 인터뷰 > 컬처 인터뷰 > 처우 확인 > 최종 결과"
311901,오비맥주,[ABInbev Korea 오비맥주] 이천공장 양조팀 로드탱커 채용(계약직),CONTRACT,이천공장 양조팀 로드탱커 | 생산관리/공정관리/품질관리 | 생산/제조 | 생산관리 | 공정관리 | 품질관리 | 자재관리 | 환경관리 | 성장 과정 및 성격의 장단점을 기술해 주십시오. | 입사 지원동기 및 사유를 기술해 주십시오. | [ABInbev Korea 오비맥주] 이천공장 양조팀 로드탱커 채용(계약직),,,"[ABInbev Korea 오비맥주] 이천공장 양조팀 로드탱커 채용(계약직) [주요 담당 업무] - OBC 공장간 맥주탱크를 이송하고, 이송받는 작업을 하며, 해당 라인 CIP 및 양조팀 최종맥주 BBT 생산에 기여하는 업무입니다. · DST 위험한 상태/행동 발굴 · TEL 관리 맥주 Loss 최적화 · MO 관리 로드탱크 미생물관리 · 현장 5S [필요 역량] · 맥주 여과에 대한 이해 · 로드탱크 설비에 대한 이해도 · 성실, 근면 업무 마인드 · 공장 생산직 이해 [채용절차] - 서류전형 > 면접전형 > 신체검사 > 최종합격"
311900,스마일게이트,[LOST ARK Mobile] 컨텐츠 레벨기획 담당 (계약직),CONTRACT,컨텐츠 레벨기획 담당 | 게임기획 | 게임 | IT/인터넷 | 본인의 경력 혹은 경험을 기반으로 어필할 수 있는 내용에 대해 자유롭게 기재해주세요. | [LOST ARK Mobile] 컨텐츠 레벨기획 담당 (계약직),,,"[LOST ARK Mobile] 컨텐츠 레벨기획 담당 (계약직) [담당업무] - LOST ARK Mobile 내 다양한 PVE, PVP 플레이 컨텐츠의 레벨기획 - 컨텐츠 아이디어 제안, 레벨 기획서 작성, 관련 리소스 관리 - 의도에 맞는 공간 구성 및 난이도 설계를 통한 재미 부여 - 제작된 컨텐츠에 대한 유지 보수 관리 - 기획 의도에 부합하는 리소스 요청 및 활용 - 언리얼 엔진을 활용한 각종 컨텐츠 레벨 제작 [자격요건] - 신입 (경력 조건 없음) - 직무의 경계를 두지 않고, 적극적이고 주도적으로 업무를 추진할 수 있는 자세를 갖춘 분 [필요역량] - MMORPG 및 다양한 게임 플레이 경험 - 게임 컨텐츠의 의도와 위상을 이해할 수 있는 역량 - 레벨 기획 직군으로서 역량 성장에 대한 지속적인 관심과 목표 의식"
311899,MBN매일방송,[MBN매일방송/충무로] 미디어사업부 서무 채용 (단순회계경리 및 사무),CONTRACT,,,,"[MBN매일방송/충무로] 미디어사업부 서무 채용 (단순회계경리 및 사무) 접수 기간 2026-03-31 ~ 채용 시 마감 모집부문 및 상세내용 모집 부문 상세내용 [MBN매일방송/충무로] 미디어사업부 서무 채용 (단순회계경리 및 사무) (0명) 담당업무 - 부서 내 사무 / 행정 / 경리 지원 - 부동산 사업 관련 업무 지원 (방송국 프라퍼티) - 기타 사무 보조 업무 채용형태 - 파견직 / 그린맨파워 소속 1년, 최대 2년 자격요건 학력 학력무관 근무조건 급여 월급 222만원 + 휴일수당 (발생 시) 근무시간 주 5일(월~금) / 09:00 ~ 18:00 근무지역 서울 중구 퇴계로 190 MBN매일방송 (충무로역 4번 출구 인근) 지원 기간 및 방법 접수기간 2026-03-31 ~ 채용 시 마감 접수방법 링커리어 간편지원 유의사항 허위 사실이 발견될 경우 채용이 취소될 수 있습니다."
311898,엔씨소프트,[엔씨소프트] [단기계약직] HR 채용 운영 지원 Staff (사무직) 모집,CONTRACT,,,,"[엔씨소프트] [단기계약직] HR 채용 운영 지원 Staff (사무직) 모집 [ 업무내용 ] 1. 채용공고 관리 - 채용 홈페이지 및 외부 잡포털에 등록된 공고를 체계적으로 관리합니다. - 각 채용공고와 관련된 현업 부서와 후보자 간의 커뮤니케이션을 지원하며, 문의 사항에 성실히 응대합니다. 2. 전형 단계 진행 및 지원자 관리 - 현업 부서와 지원자 간의 소통을 원활히 하고, 채용전형이 차질없이 진행될 수 있도록 운영 및 관리합니다. 3. 지원자격 요건 검토 - 지원자가 자격 요건을 충족하는지 기본 정보를 검토하고 확인합니다. 4. 면접 관리 - 현업 부서와 지원자 간의 면접 일정을 조율하고, 정확하게 안내합니다. - 면접 결과를 확인하여 빠르고 명확하게 안내합니다. [ 지원자격 ] - 학력 : 없음 - 경력 : ~ 2년 [ 전형 단계 ] - 서류전형 > 1차면접 > 증빙 제출 및 입사조건 확인 > 입사"
311897,성북교육복지센터,[2026-1학기] 성북교육복지센터 아우름 멘토링 멘토 모집,,,,,"[2026-1학기] 성북교육복지센터 아우름 멘토링 멘토 모집 🏫 성북교육복지센터는 성북강북교육지원청과 성북구청이 협력하여 사단법인 한국청소년학회가 위탁 운영하는 교육복지 전문 기관입니다. 성북교육복지센터에서 교육취학학생의 정서지원 및 학교 적응력 향상을 위한 [아우름 멘토링 멘토]를 모집합니다! 아이들의 든든한 멘토가 되어주세요! ✏️모집일정 - 서류 접수 : 3/31(화)~4/3(금) - 1차 합격 : 4/6(월) - 면접 : 4/9(목)~4/15(수) ✏️모집대상 - 성북구 내에서 활동 가능한 대학(원)생 *휴학생, 졸업생 가능 - OT 및 교육 등 모든 일정에 참여 가능한 자 - 관련 학과 전공자 우대(사회복지, 교육, 심리 등) - 타 대외활동과 중복 활동 불가 ✏️활동내용 - 활동기간 : 4월~7월(주 1회, 1시간) 12회기 - 활동장소 : 성북구 관내 학교, 성북교육복지센터 등 - 활동분야 : 심리 · 정서 및 기초학습 - 활동방법 : 학생 특성에 맞는 멘토링 계획 및 진행 - 문화체험(멘토 및 멘티 필요시 진행) - OT, 소양교육, 평가회 등 ✏️혜택 - VMS 봉사활동 시간 인정 혹은 소정의 활동비 중 택1 - 역량강화를 위한 교육 제공 - 타 대학 대학생들과 교류할 기회 ✏️지원방법 - 네이버 폼으로 지원 https://naver.me/5c8Zf2nX ✏️문의 - 전화 : 02-919-9704 - 카톡 : 카톡채널 '성북교육복지센터'"
311896,한국표준협회,"NEXT:AI DEVELOPER 온라인 부트캠프 NEXT AI, NEXT YOU 교육생 모집",,,,,"자세히 보기 >>> https://www.allforyoung.com/posts/79743 ★교육비 100% 전액 무료, 100% 온라인 진행 ★우수 수료생 대상 6박 8일 글로벌 IT 해외연수(미국,싱가폴 등) ★IT 전문자격증 취득지원과 취업처 연계지원 ○ 교육 대상 ∙ 부산 지역 대학생/대학원생(전공무관), 기업 재직자 및 구직자 ∙ ICT/IT분야 취업을 준비하는 동남권 거주자 ○ 기간 및 일정 ∙ 모집 기간: 2026.03.23 ~ 04.30 ∙ 교육 일정: 2026.05.13 ~ 11.05 ○ 교육 목표 ∙ 인공지능 기술기반 서비스 개발역량 확보 ∙ 데이터기반 현장 문제해결 능력 배양 ○ 교육 방식 ★온라인 강의로 진행되어, 시간 구애없이 퇴근 후에도 진행 가능 ∙ 전문 플랫폼을 활용한 이론 강의 및 온라인 코딩 실습 ∙ 학습 전담 멘토 ∙ 개별/팀 프로젝트 ∙ 취업 역량 향상을 위한 컨설팅 ○ 수강 혜택 ∙ 교육비 100% 무료 ∙ 매월 출석 우수자 상품권 증정 ∙ AI/IT 관련 전문 자격증 취득 지원 ∙ AI/IT 관련 전문 도서 지급 ∙ 취업 컨설팅 및 취업 연계 ∙ 공직유관단체장 명의 공식 수료증 발급 ∙ 우수 교육생 선정자 IT기업 탐방 해외 연수 기회 ○ 교육내용 STEP 1. 코딩 기본 및 개발 기초 교육(270H) STEP 2. AI 개발자 심화 교육(AI/LLM/RAG/자동화)(490H) STEP 3. 종합 프로젝트(AI 기반) 수행(120H) STEP 4. 취창업 역량강화(80H) ○ 지원방법 QR코드 // http://www.baeulang.kr 회원가입-인공지능-NEXT:AI DEVELOPER 온라인 부트캠프 ○ 교육 문의 한국표준협회 AX역량개발센터 Email : lsar9503@ksa.or.kr"
311895,중앙대학교병원,[중앙대학교병원] 중앙대학교의료원(서울병원) 건진센터(일반검진) 간호사(파트타임) 모집 (2026.03-2),CONTRACT,간호사 | 의료 | · 성장과정 | · 본인의 장단점 | · 지원동기 및 포부 | · 기타 (경력사항등) | [중앙대학교병원] 중앙대학교의료원(서울병원) 건진센터(일반검진) 간호사(파트타임) 모집 (2026.03-2),,,[중앙대학교병원] 중앙대학교의료원(서울병원) 건진센터(일반검진) 간호사(파트타임) 모집 (2026.03-2) [주요업무] - 내시경 접수 - 동의서 - IV 채혈 - 내시경 Assist - 회복 [직무역량] - 문제 해결 - 의사소통 - 정확성 - 고객지향성 - 팀워크 [필수사항] - 간호사 면허를 보유하신 분 [공통자격] - 본원 인사규정 상 결격사유에 해당하지 않는 자 - 해외여행 결격사유가 없는 자 - 남성의 경우 병역필 또는 면제자
311891,작심삼일,《 '다이어트 인증' 동아리 모집! 》,,,,,"다이어트 혼자하기는 의지가 약하다면? 건강위해 운동을 계속 하고 싶은데 쉽지 않다면? 작심삼일이라도 열번하면 한달은 간다!😆 혼자는 어려운 다이어트 함께 결심하고 함께 하면서 꼭 성공해보자요 😆😄 🏋️‍♀️ 모토는? 자유로운 형식 + 양심적인 인증 🥬 주간루틴은 스스로 설계하기! 예) -> 월수금 : 점심에 식단(샐러드) -> 화목 : 유산소 30분 -> 주말 : 등산가기 🧘‍♀️ 인증은 아무거나OK -> 식단사진, 운동사진, 걸음 수, 마신 물양 등 👟 월1-2회 오프라인모임 (필참은 아님!) [지원방법] : https://naver.me/xcAb0WTk [문의사항] : https://open.kakao.com/o/sdmReLBh"
311890,5디서 만나,풍향고 국내ver.「5디서 만나」동아리원 모집,,,,,"< 풍향고 국내ver.「5디서 만나」동아리원 모집 > 지하철역 하나 정하고, 지도 없이 떠나용😆 지도 없이, 검색 없이 발길 닿는대로 떠나는 리얼 즉흥여행 동아리입니다💃 <활동 방식> • 활동 지역 : 서울, 경기권 • 매달 1회 활동 • 지하철역 하나 정해서→도착하면 지도/검색은 최소한 안하기! • 직접 물어보고, 돌아다니며, 찾아보는 여행 • 실패해도 괜찮괜찮🙆 • 회비는 놀거리 + 식비 N분의 1 <모집 대상> - 계획보다는 분위기를 즐기는 분😉 - 길 잃어도 함께 웃으실 분~😊 - 생각 비우고 떠나고픈 분! 🐣 지원 방법 : https://naver.me/5eDm4BFQ"
311888,대구시청소년문화의집 꼼지락발전소,2026 지역 연계 동아리 지원 사업 동아리원 모집,,,휴학 중/시간 투자 가능 | 타 대외활동 경험 | 행사 기획 경험,행사 참여 | 수료증 및 인증서,"대구광역시청소년문화의집 꼼지락발전소 서구 메이커스페이스 활성화 지원 사업 2026 지역 연계 동아리 지원 사업 <동아리원 모집> 청년(후기 청소년)이 메이커와 지역 자원을 활용하여 다양한 특기를 함양 할 수 있도록 지원하는 「 2026 지역 연계 동아리 지원 사업 」의 동아리원을 아래와 같이 모집하오니 많은 관심과 지원 바랍니다. 대구광역시청소년문화의집 꼼지락발전소 ■ 모집개요 -모집 분야: 베이킹, 건축, 공예, 메이커 (택1) -모집 대상: 메이커 및 동아리 활동에 관심 있는 20세~29세 청년 -선발 절차: 서류면접→대면면접(4/11 예정)→합격자 발표 -지원 방법: 26. 3. 31.(화)~4. 8.(수) 기간 내 꼼지락발전소 홈페이지 신청(구글폼) -활동 기간: 26. 4. ~ 11. -활동 내용: 메이커 장비 활용 분야별 동아리 활동, 프로그램 기획 또는 지역 행사 보급 활동, 기타 동아리별 희망 활동 -지원 내용: 동아리 운영 전반 현물 지원, 활동증명서 발행, 봉사 시간 지급 등 -문 의 처: 070-4773-3693 ※ 자세한 내용은 꼼지락발전소 홈페이지 < 공지사항-122번 '2026 지역 연계 동아리 지원 사업 동아리원 모집 안내' 파일> 참조"
311887,주식회사 빅워크,[포켓몬 런 2026 in Seoul] 자원봉사자 모집,,,행사 기획 경험,봉사활동시간,"﻿포켓몬과 함께 함께 한강을 따라 달리는 특별한 러닝 이벤트! 현장을 함께 만들어나갈 자원봉사자를 모집합니다. (본 행사는 수익금의 일부가 취약계층 아동에게 지원됩니다.) ■ 행사 개요 - 행사명: 포켓몬 런 2026 in Seoul - 일정: 2026년 5월 5일(화) - 장소: 서울 뚝섬한강공원 - 내용: 서울 봄 축제(서울스프링페스티벌)의 공식 로드쇼로, 한강에서 즐기는 시민 참여형 러닝 페스티벌 ■ 모집 안내 - 모집 인원: 400명 (1회차 200명, 2회차 200명) - 모집 기간: ~ 4월 19일(일) 18시 - 참여 대상: 성인 누구나 (야외 행사 특성상 이동 및 활동이 많은 점 참고 부탁드립니다.) ■ 활동 내용 - 참가자 안내 - 러닝 코스 관리 보조 - 이벤트 운영 보조 - 물품 배부 및 현장 지원 ■ 활동 시간 (총 5시간 30분 인정) - 1회차(오전) 파트 : 06:00~11:30 (5시간 30분) - 2회차(오후) 파트 : 12:00~17:30 (5시간 30분) - 공통 사항: 행사 전 온라인 OT 참석 필수 (1시간, 봉사시간 인정) 1) 2026년 4월 26일(일) 14:00~15:00 2) 2026년 4월 27일(월) 19:00~20:00 ■ 제공 사항 - 1365 봉사시간 인정 - 활동 유니폼 및 안전 장비 제공 - 식사 및 간식 지원 ■ 복장 - 검은색 상의 - 청바지 - 운동화 착용 ■ 안내 사항 - 원활한 운영을 위해 시간 준수 필수입니다. ■ 추가 참여 안내(선택) - 행사 전날(5/4) 사전 준비에도 함께하실 자원봉사자를 모집합니다. 신청 후 아래 번호로 문자 부탁드립니다. - 문자 양식: 이름 / 5월 4일 참여 가능 - 연락처: 010-7623-4659 - 활동 내용: 행사장 세팅 및 운영 준비 보조 - 활동 일정: 2026년 5월 4일(월) 14:00~18:00 (4시간 인정) ■ 문의 T. 070-4350-5636 E. jw.lee@bigwalk.co.kr ※ 선착순으로 조기 마감될 수 있습니다. ※ 소중한 시간 함께해주시는 만큼, 즐거운 현장 경험을 보답하겠습니다"
311886,씨앤비시스템(주),2026년 전국 통합데이터 활용 공모전,,,,기타,"공공데이터를 활용한 서비스 개발을 통해 국민 편익을 위한 민간서비스 창출을 목표로 「2026년 전국 통합데이터 활용 공모전」을 아래와 같이 개최합니다. 많은 관심과 참여 부탁 드립니다. ○ 공모전명 : 2026년 전국 통합데이터 활용 공모전 ○ 공모내용 : 공공데이터포털에 게시된 전국 통합개방데이터 7종 중 1종 이상을 필수로 활용한 서비스 개발(웹 또는 앱) 결과물 - 전국 공영자전거 실시간 정보(3종) - 교통약자 이동지원 현황 실시간 정보(4종) - 공공도서관 열람실 현황 실시간 정보(3종) - 공영 물품보관함 현황 실시간 정보(3종) - 교통안전 실시간 신호등 정보(2종) - 민원실 이용 현황 실시간 정보(2종) - 전국 초정밀 버스 실시간 위치 정보(3종) ○ 주최/주관 : 행정안전부/한국지역정보개발원 ○ 공모일정 : 2026. 3. 30.(월) ~ 4. 25.(토), ※ 4.28.(화) 최종 결과발표 - (공모접수) ’26.3.30.(월) ∼ 4.12.(일)(2주간) - (심 사)’26.4.13.(월) ∼ 4.15(수)(3일) - (최종후보작검토) ‘26.4.16.(목) ~ 4.25.(토)(10일간) - (최종결과발표) 4.28.(화) ○ 참가대상 : 기업, 대학(생), 개인 등 국민 누구나 참여 가능합니다. ○ 시상계획 : 총 상금 1,400만원 - 대 상(1건) : 400만원 - 최우수상(1건) : 300만원 - 우 수 상(3건) : 각150만원 - 장 려 상(5건) : 각 50만원 ○ 참가방법 : 소통24(https://buly.kr/5JOqXqw) 공고 참조"
311885,한국능률협회컨설팅,[한국능률협회컨설팅(KMAC) 기업가치진단본부] 서포터즈 모집,,,,,"■ 공모 주제 대한민국 산업과 기업의 경쟁력을 이해하고, 이를 콘텐츠와 분석으로 전달하는 미래형 인재 양성 프로젝트 ■ 공모 내용 KMAC 기업가치진단본부의 주요 사업(KCSI, 경영대상, ASIA CSCON 등)을 기반으로 기업 및 산업을 분석하고 이를 콘텐츠로 제작하는 실전형 활동 - 기업 사례 분석 및 인사이트 도출 - 산업 트렌드 및 고객 경험 분석 - 콘텐츠 제작을 통한 대외 커뮤니케이션 수행 👉 단순 참여형이 아닌 분석 + 기획 + 제작이 결합된 프로젝트형 공모 ■ 지원 자격 - 대학교 2~4학년 재학생 및 휴학생 - 1 0개월간 성실히 활동 가능한 자 ■ 우대 사항 - 경영, 경제, 통계, 데이터, 미디어 관련 전공 - 콘텐츠 제작 또는 데이터 분석 경험 보유자 ■ 활동 기간 2026년 5월 ~ 2027년 2월 / 10개월 (※ 중도 포기는 불가능합니다.) ■ 모집 기간 - 서류 접수: 2026년 4월 1일 ~ 4월 21일 - 면접 일정: 2026년 4월 27일 ~ 4월 29일 - 최종 발표: 2026년 4월 30일 ■ 지원 방법 - 제출 서류: 지원서 및 과제물 - 제출 방법: 이메일 접수 📩 kmac.supporters@kmac.co.kr ■ 활동 내용 1️⃣ 콘텐츠 제작 - SNS 카드뉴스 및 숏폼 콘텐츠 제작 - KMAC 주요 사업 및 행사 홍보 2️⃣ 현장 취재 - ASIA CSCON 및 경영대상 시상식 참여 - 현장 인터뷰 및 스케치 콘텐츠 제작 3️⃣ 기업 사례 탐구 - KCSI 1위 기업 분석 - 고객 경험 및 기업 전략 리포트 작성 👉 실제 기업과 산업을 기반으로 직접 분석하고 결과물을 만드는 활동 ■ 활동 혜택 - 우수활동자 대상 총 150만원 상당의 상금 지급 - KMAC 공식 인증서 발급 - 팀별 활동비 지원 - 인턴 지원 시 서류전형 가산점 부여 - 실무형 프로젝트 경험 확보 (포트폴리오 활용 가능) ■ 시상내역 우수활동자 대상 총 150만원 상당의 상금 지급 ■ 문의 사항 - 이메일: kmac.supporters@kmac.co.kr - 전화: 02-3786-0527"
311884,좋은생각사람들,[한화손보 X 좋은생각] 갱년기 사연 공모전,,,,기타,"한화손보와 좋은생각이 함께하는 갱년기 사연 공모전 ‘함께 만드는 갱년기 사용 설명서’ “고장이 아닙니다. 업데이트 중입니다. 함께 갱년기 사용 설명서를 만들어 주세요.” 갱년기를 경험한 당사자의 이야기뿐 아니라 곁에서 변화를 지켜본 배우자와 자녀를 비롯한 가족, 주변인의 목소리에도 귀 기울이고자 합니다. 갱년기는 혼자 통과해야 하는 시기가 아닌 함께 나아가야 할 삶의 전환기입니다. 혼자가 아니라 함께, 고장이 아니라 업데이트된 인생 후반기를 준비하는 나만의 방법을 마음껏 공유해 주세요. 여성 웰니스 리딩 파트너, 한화손보 여성이라면 누구나 겪는 갱년기지만, 그 시간은 종종 혼자 견뎌야 할 과정이 되곤 합니다. 한화손보는 여성의 삶을 단순히 ‘보장’의 대상으로 보지 않습니다. 여성의 더 나은 삶과 함께하는 ‘웰니스 파트너’가 되고자 합니다. 한화손보의 여성 전문 연구 기관 LIFEPLUS펨테크연구소는 지난해 「뉴년기 트렌드 리포트」를 통해 갱년기를 ‘인생 2막으로의 ‘전환’의 시기로 조명했습니다. 그 전환의 시간을 살아가는 당사자와 곁에서 함께 겪는 가족·주변인의 목소리를 담고자 ‘함께 만드는 갱년기 사용설명서’ 사연 공모전을 진행합니다. 여러분이 보내주신 경험과 목소리는 또 다른 누군가에게 길이 됩니다. 막막함 속에 있는 여성에게는 “나만 그런 게 아니구나.”라는 안심이 되고 곁에서 지켜보는 가족과 동료에게는 이해와 공감의 기회가 되며, 앞으로 그 시간을 맞이할 이들에게는 준비할 수 있는 작은 안내서가 됩니다. 그 연결의 시작에 한화손보가 함께하겠습니다. ■ 응모 장르 생활 수필 ■ 응모 주제 당사자와 가족, 주변인이 겪은 감정·관계·일상·회복·성장을 담은 이야기 · 갱년기 여성의 건강(신체·정서 변화·대처법·일·삶·균형) · 배우자의 이야기(갈등·이해·관계·조언) · 가족관계(소통·회복과 성장) · 인공폐경, 조기폐경(치료 이후 경험·정보 격차 극복·일상 회복) ■ 응모 대상 · 갱년기를 과거에 겪었거나 현재 겪고 있는 분 · 갱년기 당사자의 배우자, 자녀 등 가족 혹은 주변인 ■ 응모 기간 3월 3일부터 4월 30일 (우편은 4월 30일 소인이 찍힌 것까지, 홈페이지 및 팩스는 마감일 자정까지 접수) ■ 원고 분량 A4 한 장 (10포인트 기준) 또는 200자 원고지 15매 내외 분량 ■ 시상 내역 - 대상: 100만원 (1명) - 최우수: 60만원 (1명) - 우수: 각 30만원 (3명) - 장려: 각 10만원 (5명) - 입선: 「좋은생각」 1년 정기 구독권 (20명) * 적합한 원고가 없을 경우 시상하지 않거나 수상 인원을 줄일 수 있습니다. ■ 접수 방법 - 홈페이지: 원고 응모 바로 가기 - 우편: (03727) 서울 서대문우체국 사서함 100호 ‘갱년기 사연 공모전’ 담당자 앞 - 팩스: 02) 333-0329 ■ 수상작 발표 일정 - 입상자에 한해 5월 하순경 개별 연락 ■ 유의 사항 - 이름, 주소, 연락처를 꼭 적어 주세요. - 글씨체, 글씨 크기 등 형식보다 이야기를 봅니다. 분량은 조금 넘쳐도 괜찮습니다. - 한 사람이 여러 편의 원고를 응모할 수 있습니다. 단, 수상은 1인당 1작품만 가능합니다. - 원고는 다른 곳에 발표한 적 없어야 하며, 보내 주신 원고는 반환하지 않습니다. - 입상작은 게재를 거부할 수 없으며, 편집 방향에 따라 윤문할 수 있습니다. 편집 방향에 따라 남녀노소 누구나 읽기 쉽게 윤문하며, 지면 사정에 따라 분량이 줄어들 수 있습니다. 맞춤법과 띄어쓰기는 국립국어원에 따릅니다. - 응모작이 타인의 지식재산권 등 일체의 권리를 침해하거나, 명예훼손 등 법령 위반에 해당하거나, 수상작과 관련하여 분쟁이 발생하는 경우, 이로 인한 모든 책임은 응모자 본인에게 귀속되며, 수상작 채택(당선)을 취소하거나 상금 또는 선물을 환수할 수 있습니다. - 한화손보와 좋은생각사람들은 수상작을 한화손보나 좋은생각 사이트 및 소셜 네트워크 서비스(SNS), 애플리케이션에 이용할 수 있으며, 오디오 콘텐츠 등 2차적 저작물로 제작, 이용할 수 있습니다. ■ 주최㈜ 한화손보, 좋은생각사람들 ■ 문의 02-330-0300"
311883,농협,"[농협] 전국 농,축협 정규직 신입 채용",NEW,,,,"[농협] 전국 농,축협 정규직 신입 채용 [채용 직렬 및 직급] - 일반관리직 6급 초급 - 일반관리직(농약 판매) 6급 초급 - 전문직(기술관리직) 6급 초급 [채용 단위] - 지역농협 : 시ㆍ군단위 공동선발 또는 농협단위 선발 - 축협 및 품목농협 : 농ㆍ축협단위 선발 [기본 자격] - 연령, 학력, 학점, 어학점수 제한 없음 - 채용공고일 전일(2026.3.30.) 기준 본인ㆍ부ㆍ모 중 1인의 주민등록상 주소지가 응시가능 주소지 내에 있는 자 - 남자는 병역필 또는 면제자에 한함(2026.4.30.까지 병역필 가능한 자 포함) [채용절차] - 서류접수, 자기소개서 심사 > 필기시험 > 면접시험 및 신체검사 > 최종합격"
311882,윈스펙,비전공자도 쉽게 배우는 품질관리 AI 데이터분석 실습,,,,,"윈스펙 <비전공자도 쉽게 배우는 품질관리 AI 데이터분석 실습> 과정 📢 교육 안내 • 모집 기간 : 3/31(화) ~ 4/7(화) 15시 • 학습 기간 : 4/8(수) ~ 5/8(금) • 수강 혜택 : 내일배움카드 보유 시 수강료의 90% 국비지원 📘 이 강의는 어떤 강의인가요? <비전공자도 쉽게 배우는 품질관리 AI 데이터분석 실습> 과정은 품질관리 기초부터 파이썬 기반 데이터 분석, 머신러닝 활용까지 단계별로 배우는 실습형 강의입니다. 비전공자도 이해할 수 있는 친절한 설명으로 시작해, 불량률 관리, 공정 데이터 분석, AI 예측 모델 까지 다루며 현업에서 즉시 활용 가능한 품질관리 역량을 키울 수 있습니다. 👩‍🎓 추천 수강 대상 • 품질관리 직무에 관심 있는 이공계 취업 준비생 • 비전공자지만 데이터 분석과 AI 품질관리 역량을 쌓고 싶은 분 • 현장에서 불량률·공정 데이터를 관리해야 하는 초급 실무자 • 품질관리와 AI를 접목해 직무 경쟁력을 높이고 싶은 분 🚀 이 강의를 들으면, 한 달 후, 이렇게 달라집니다! • 파이썬 기초 문법부터 머신러닝 기법 까지 익혀, 데이터를 기반으로 품질 문제를 해결할 수 있습니다. • 불량률·공정 데이터 분석 및 예측 을 통해 현장에서 바로 적용 가능한 인사이트를 도출할 수 있습니다. • 품질관리 직무에 필수적인 통계적 사고와 문제 해결 능력 을 갖추게 됩니다. • 취업·이직 시장에서 차별화할 수 있는 AI 기반 품질관리 역량 을 확보합니다. 👉 품질관리도 이제는 데이터와 AI의 시대입니다. 비전공자도 쉽게 시작할 수 있는 이번 기회를 놓치지 마세요! https://vo.la/2AIK3Z (클릭) 🚨선착순 모집 마감 주의🚨"
311880,윈스펙,비전공자도 쉽게 배우는 전기차+2차전지 기초,,,,,"윈스펙 < 비전공자도 쉽게 배우는 전기차+2차전지 기초 > 📢 교육 안내 • 모집 기간 : 3/31(화) ~ 4/7(화) 15시 • 학습 기간 : 4/8(수) ~ 5/8(금) • 수강 혜택 : 내일배움카드 보유 시 수강료의 90% 국비지원 📘 이 강의는 어떤 강의인가요? <비전공자도 쉽게 배우는 전기차+2차전지 기초> 과정은 전기차와 2차전지 산업의 기초 지식을 처음부터 체계적으로 배우는 입문 강의 입니다. 전기차의 구조와 동작 원리, 2차전지의 기본 원리와 소재, 제조 공정 등을 쉽게 설명해, 비전공자도 산업 흐름과 핵심 기술을 이해할 수 있도록 구성했습니다. 미래 모빌리티와 에너지 산업에서 필수적인 전기차·배터리 기초 역량 을 단기간에 확보할 수 있습니다. 👩‍🎓 추천 수강 대상 • 전기차·배터리 기술을 기초부터 학습하고 싶은 비전공자 • 전기차 산업 취업을 준비하며 기술 개요와 전망을 이해하고자 하는 취업준비생 • 전기·전자·기계·에너지 전공자로 EV 시스템 및 배터리 설계 를 배우고 싶은 전공자 • 자동차·배터리 관련 실무 경험을 바탕으로 차세대 기술 및 인증 기준 역량을 강화 하려는 실무자 • 전기차·ESS 분야 진출 을 목표로 실무형 기술문제 해결 능력을 기르고자 하는 자 🚀 이 강의를 들으면, 한 달 후, 이렇게 달라집니다! • 전기차와 2차전지의 구조와 원리 를 이해하고 설명할 수 있습니다. • 양극재·음극재·전해질·분리막 등 소재 기초 지식 을 습득하게 됩니다. • 배터리 제조 공정과 전기차 동작 방식을 이해해 산업 전반을 한눈에 파악 할 수 있습니다. • 취업·이직 준비 과정에서 산업 이해도와 전문성 을 어필할 수 있습니다. 👉 미래 산업을 이끌 핵심 분야인 전기차와 2차전지 를 쉽고 확실하게 배우고 싶다면, 지금이 바로 시작할 기회입니다! https://vo.la/x2BwXT (클릭) 🚨선착순 모집 마감 주의🚨"
311879,윈스펙,비전공자도 쉽게 배우는 <바이오헬스 입문 : 기초부터 실습까지>,,,,,윈스펙 < 비전공자도 쉽게 배우는 바이오헬스 입문 : 기초부터 실습까지 > 수강생 모집 [강의 정보] 📌 67기 개강일자 : 2026/4/8 (수) 📌 67기 모집기간 : 3/31(화) ~ 4/7(화) 15시까지 선착순 지원 접수 👉 (링크 클릭) 🎉윈스펙 국비지원 신규과정 사전예약 OPEN! └ 신규 과정 오픈 알림 & 선착순 사전예약 혜택 제공! https://vo.la/wDt56r **바이오헬스 산업 준비생 필독!
311877,윈스펙,비전공자도 쉽게 배우는 <핀테크 인공지능 기초실습>,,,,,윈스펙 < 금융권 노베이스도 쉽게 배우는 핀테크 인공지능 > 수강생 모집 [강의 정보] 📌 101기 개강일자 : 4/8 (수) 📌 101기 모집기간 : 3/31(화) ~ 4/8(화) 15시까지 🎉윈스펙 국비지원 신규과정 사전예약 OPEN! └ 신규 과정 오픈 알림 & 선착순 사전예약 혜택 제공! https://vo.la/wDt56r 선착순 지원 접수 👉 (링크 클릭)
311876,윈스펙,비전공자도 쉽게 배우는 <생산관리 데이터분석 실습>,,,,,윈스펙 <생산관리 데이터 분석> 수강생 모집 [강의 정보] 📌 101기 개강일자 : 4/8 (수) 📌 101기 모집기간 : 3/31(화) ~ 4/7(화) 15시까지 🎉윈스펙 국비지원 신규과정 사전예약 OPEN! └ 신규 과정 오픈 알림 & 선착순 사전예약 혜택 제공! https://vo.la/wDt56r 선착순 지원 접수 👉 (링크 클릭)
311874,(재)광주정보문화산업진흥원,"[광주콘텐츠코리아랩] 콘텐츠 창,제작 지원사업",,,,,"웹툰 / 웹애니 / 실감영상 창 · 제작 도전하고 싶은데 지원금 · 경험 · 기회 부족해서 고민이라면 ? 🚨 광주에서 👉 창 · 제작 지원금 + 멘토링 + 스킬업 교육 + 비즈매칭 한 번에 해결 가능한 지원사업 , 지금 모집 중입니다 . 그냥 지원금만 받는 사업 ❌ 👉 실무 역량 키우고 👉 “ 실제 시장 진출 ” 까지 이어지는 과정 결과와 기회를 동시에 잡으세요 . 🔥 지금 지원해야 하는 이유 ✔ 최대 2,000 만원 창 · 제작 지원금 ✔ 현직 전문가 멘토링 ✔ 실무 중심 스킬업 교육 ✔ IR· 비즈매칭 기회 제공 👉 “ 지원금 + 성장 + 기회 ” 한 번에 가져가세요 = 지금이 기회입니다 . 📅 접수기간 ( 주니어 1 단계 ) 2026. 4. 1. ~ 4. 9. ( 부스터 2·3 단계 ) 2026. 4. 1. ~ 4. 15. 📍 지원대상 광주광역시 소재 ( 거주 ) 창 · 제작자 개인 또는 팀 ( 기업 ) 👉 공고 확인 - 주니어 (https://tinyurl.com/2uscnp9t) - 부스터 (https://tinyurl.com/475b77cz) 👉 접수 : www.gosims.go.kr- 공모사업찾기 -' 콘텐츠코리아랩 ' 검색 📞 문의 : 062-610-2973, 062-610-2959"
311873,윈스펙,비전공자도 쉽게 배우는 <디스플레이 제조 공정>,,,,,윈스펙 < 비전공자도 쉽게 배우는 디스플레이 제조 공정> 수강생 모집 [강의 정보] 📌 67기 개강일자 : 2026/4/8(수 ) 📌 67기 모집기간 : ~4/7(화) 15시까지 선착순 지원 접수 👉 (링크 클릭) 🎉윈스펙 국비지원 신규과정 사전예약 OPEN! └ 신규 과정 오픈 알림 & 선착순 사전예약 혜택 제공! https://vo.la/wDt56r **디스플레이 산업 준비생 필독!
311872,마카롱팩토리,[마카롱팩토리] 영업지원 (채용전환형 인턴),INTERN,영업지원 | 영업관리/지원/영업기획 | 영업/고객상담 | 영업관리 | 지원 | 영업기획 | 일반영업 | B2B영업/기술영업 | 판매/캐셔/매장관리 | 아웃바운드TM | 고객관리/인바운드 | 자유양식 입니다. | [마카롱팩토리] 영업지원 (채용전환형 인턴),,,"[마카롱팩토리] 영업지원 (채용전환형 인턴) [주요업무] • 파트너 문의 유선 응대 및 후속 액션 • 파트너 입점, 온보딩 및 운영 이슈 대응 • 파트너 운영 기준 및 서비스 품질 모니터링 • 파트너 운영 현황 관리 및 리포트 작성 • 운영 데이터 기반 개선 및 정책 실행 지원 [자격요건] • 인턴 3개월 평가 후 정규직 전환이 가능한 분 (졸업 예정자 또는 기졸업자) • 영업지원, 운영, CX 등 관련 커리어에 관심이 있거나 준비중인 분 • 파트너 응대 과정에서 차분하고 신뢰감있게 소통할 수 있는 분 • 파트너와 장기적인 신뢰 관계를 만들 수 있는 소통 역량이 있는 분 • 정해진 매뉴얼에 따라 꼼꼼하고 책임감 있게 업무를 진행할 수 있는 분 [우대사항] • 고객 응대 아르바이트, 대외활동, 인턴 등 직접적인 소통 경험이 있는 분 • 주도적으로 문제를 해결하고자 노력하는 분 • IT 스타트업에 관심이 있는 분"
311871,윈스펙,쉽게 배워 바로 쓰는 AI 딥러닝 실무 과정,,,,,"윈스펙 <쉽게 배워 바로 쓰는 AI 딥러닝 실무 과정> 📢 교육 안내 • 모집 기간 : 3/31(화) ~ 4/7(화) 15시 • 학습 기간 : 4/8(수) ~ 5/8(금) • 수강 혜택 : 내일배움카드 보유 시 수강료 90% 국비지원 📘 이 강의는 어떤 강의인가요? <쉽게 배워 바로 쓰는 AI 딥러닝 실무 과정> 은 컴퓨터 비전 중심의 실습형 딥러닝 입문 과정 입니다. 복잡한 수학 대신, 파이썬과 PyTorch 를 활용해 딥러닝 모델을 직접 구현하며 배웁니다. 이미지 분류, CNN 설계·학습, 객체 탐지(Object Detection, YOLOv5)까지 단계적으로 다루며, 의료 X-ray 진단, 반도체 불량 탐지 등 산업 사례를 프로젝트로 경험할 수 있습니다. 👩‍🎓 추천 수강 대상 • AI·딥러닝을 처음 배우는 입문자 • 파이썬 기초는 있지만 딥러닝 실습 경험이 부족한 학습자 • 이미지 데이터를 다루며 성과를 내고 싶은 대학생·취업 준비생 • 현업에서 시각검사·불량탐지 등 컴퓨터 비전 을 도입하고 싶은 재직자 🚀 이 강의를 들으면, 한 달 후, 이렇게 달라집니다! • PyTorch로 분류/회귀 모델 을 직접 구현·평가할 수 있습니다. • OpenCV 기반 이미지 전처리 → CNN 학습 과정을 스스로 수행할 수 있습니다. • YOLOv5 전이학습 으로 객체 탐지 모델을 개선하고 성능을 비교할 수 있습니다. • X-ray 영상 분석, 반도체 불량 탐지 프로젝트를 통해 실무형 포트폴리오를 완성 합니다. 👉 딥러닝은 더 이상 전문가만의 영역이 아닙니다. 누구나 쉽게 배우고, 단 한 달 만에 실무에 적용할 수 있습니다. AI 딥러닝 실무 역량을 지금 바로 내 것으로 만드세요! https://vo.la/jTEbXX (클릭) 🚨선착순 모집 마감 주의🚨"
311870,윈스펙,반도체 핵심공정 온라인 실습 입문: 소자부터 증착까지,,,,,"윈스펙 <반도체 핵심공정 온라인 실습 입문: 소자부터 증착까지> 📢 교육 안내 • 모집 기간 : 3/31(화) ~ 4/7(화) 15시 • 학습 기간 : 4/8(수) ~ 5/8(금) • 수강 혜택 : 내일배움카드 보유 시 수강료의 90% 국비지원 📘 이 강의는 어떤 강의인가요? 본 과정은 반도체 핵심공정(소자·포토·식각·증착) 을 기초 이론부터 실습까지 다루는 온라인 입문 과정입니다. PN 다이오드, MOSFET 등 소자의 원리를 배우고, EUV, ALD, ALE 등 최신 공정 기술까지 경험할 수 있습니다. 단순 이론이 아닌 실측 데이터 기반 실습과 과제 수행 으로 현장에서 바로 활용 가능한 역량을 기를 수 있도록 설계되었습니다 👩‍🎓 추천 수강 대상 • 반도체 산업 취업을 준비하는 이공계 취업 준비생 • 공정/소자 지식을 체계적으로 학습하고 싶은 비전공자 및 초급자 • MOSFET, 포토·식각·증착 공정을 실습 기반으로 배우고 싶은 전기·전자·재료·물리 전공자 • 반도체 관련 창업 또는 이직을 준비하는 예비 실무자 🚀 이 강의를 들으면, 한 달 후, 이렇게 달라집니다! • 소자 원리와 공정 이해 : PN 접합, MOSFET, 공정 조건에 따른 성능 변화 이해 • 실무형 분석 능력 : FEM, Bossung Curve, SEM 분석, 회귀분석 등 데이터 기반 공정 최적화 경험 • 직무 경쟁력 강화 : 이론을 설명할 수 있을 뿐 아니라, 실제 현장에서 활용 가능한 공정 설계·문제 해결 역량 확보 • 취업 준비 완성도 상승 : 자기소개서/면접에서 어필할 수 있는 실무 경험과 전문성 확보 👉 지금 신청하고 국비지원 혜택으로 반도체 실무형 역량을 완성하세요! https://vo.la/EnEZLH (클릭) 🚨선착순 모집 마감 주의🚨"
311869,마카롱팩토리,[마카롱팩토리] GA/총무 운영 매니저 (체험형 인턴),INTERN,GA/총무 운영 매니저 | 인사/노무/교육 | 경영/사무 | 사무/총무/법무 | 인사 | 노무 | 채용/면접 | 교육기획 | 총무 | 문서관리 | 인허가업무 | 비서 | 법무 | 비품/시설관리 | 특허/저작권업무 | 안내/리셉션 | 자유양식 입니다. | [마카롱팩토리] GA/총무 운영 매니저 (체험형 인턴),,,"[마카롱팩토리] GA/총무 운영 매니저 (체험형 인턴) [담당 업무] - 사무환경 ​및 총무 운영 - 운영 지원 및 구성원 응대 - 자산 및 장비 관리 - 운영 프로세스 관리 [자격요건] • [필수] 체험형 인턴 기간 6개월 근무 가능한 분 • 반복되는 업무를 꾸준히 정확하게 수행할 수 있는 분 • 업무 누락 없이 꼼꼼하게 관리하는 분 • 여러 요청을 동시에 처리하는 것에 부담이 없는 분 • 구성원 요청에 긍정적으로 대응할 수 있는 분 • 맡은 일을 끝까지 책임지고 마무리하는 분 [우대사항] • 총무, 경영지원, 운영 업무 경험이 있는 분 • 엑셀, 구글 스프레드시트 등으로 업무를 정리해본 경험이 있는 분 • 체크리스트 기반으로 업무를 관리해본 경험이 있는 분 • 운영 업무 중 작은 개선을 해본 경험이 있는 분"
311868,윈스펙,초보자도 쉽게 배워 바로 쓰는 생성형 AI 활용 마케팅,,,,,"윈스펙 <초보자도 쉽게 배워 바로 쓰는 생성형 AI 활용 마케팅> 과정 📢 교육 안내 • 모집 기간 : 3/31(화) ~ 4/7(화) 15시 • 학습 기간 : 4/8(수) ~ 5/8(금) • 수강 혜택 : 내일배움카드 보유 시 수강료의 90% 국비지원 📘 이 강의는 어떤 강의인가요? <초보자도 쉽게 배워 바로 쓰는 생성형 AI 활용 마케팅> 과정은 생성형 AI(ChatGPT 등) 를 활용해 마케팅 성과를 극대화하는 방법 을 기초부터 실습까지 알려주는 과정입니다. 복잡한 기술 이론이 아닌, 현장에서 바로 적용 가능한 실전 활용법 에 집중했습니다. 콘텐츠 아이디어 발굴, 광고 문구 작성, 고객 맞춤형 메시지 제작 등, 지금 당장 써먹을 수 있는 노하우를 배울 수 있습니다. 👩‍🎓 추천 수강 대상 • 마케팅을 배우고 싶지만 어디서 시작해야 할지 막막한 초보자 • ChatGPT 등 생성형 AI를 업무에 적용하고 싶은 마케터·기획자 • SNS, 블로그, 광고 캠페인 등에서 성과를 빠르게 내고 싶은 실무자 • 단기간에 AI+마케팅 역량을 갖추고 싶은 취업 준비생·재직자 🚀 이 강의를 들으면, 한 달 후, 이렇게 달라집니다! • 아이디어가 막힐 때, AI를 활용해 다양한 기획안을 빠르게 도출 할 수 있습니다. • 누구나 눈길을 끄는 광고 문구와 카피라이팅 을 매끄럽게 작성할 수 있습니다. • 고객 데이터를 분석해 타겟 맞춤형 메시지 를 손쉽게 제작할 수 있습니다. • 단순 툴 사용을 넘어, AI를 마케팅 전략에 녹여내는 역량 을 얻게 됩니다. • 직접 광고를 세팅해보고, 광고 성과 데이터 분석 역량 을 기를 수 있습니다. 👉 마케팅에서 AI 활용은 선택이 아닌 필수 입니다. 뒤처지고 싶지 않다면, 지금 바로 국비지원 혜택 으로 AI 마케팅 역량을 내 무기로 만들어보세요! https://vo.la/8oj9PP (클릭) 🚨선착순 모집 마감 주의🚨"
311866,부산예일직업전문학교,[마케터 양성과정] 기획/디자인/웹퍼블리싱/마케팅 한 번에 배우고 취업하기,,,,,"내가 만드는 디자인, 내가 이끄는 마케팅 기획부터 실행까지 직접 해보는 실무 중심 과정 취업까지 이어지는 진짜 실력, 지금 확인해보세요 ※교육 기간 및 장소 - 교육 기간 : 2026년 04월 20일(월) ~ 2026년 08월 28일(금) - 수업 시간 : 월~금, 9:20~18:00 (8교시) - 교육 장소 : 부산예일직업전문학교 ※ 교육 과정 소개 사용자의 마음을 움직이는 기획부터, 매출을 만드는 마케팅까지 - 마케팅 기초/기획/시장분석 - 온라인 마케팅 솔루션 진행 - 포토샵&일러스트로 디지털 콘텐츠 제작 - 사용자 중심 웹 인터페이스 개발 - 데이터베이스 구축 및 관리 - 개인 포트폴리오 제작 ※ 교육 대상 - 콘텐츠 및 SNS 마케터 취업을 원하시는 분 - 광고 디자이너 취업을 원하시는 분 - 광고 대행사 및 콘텐츠 기획 취업을 원하시는분 - 마케터 분야로 취업이나 창업을 꿈꾸는 분들 누구나 가능 ※ 교육 혜택 - 수강료 최대 100%지원 (*유형별 상이함으로 별도문의) - 최신 실무 교재 6종 무료 제공 - 매월 훈련장려금 최대 100만원 지급 - 1:1 진로 및 취업 컨설팅 - 이력서 및 자기소개서 첨삭 - 실무자 및 기업 특강 ※ 문의처 - 전화 : 051- 467- 1912 - 카톡 : https://pf.kakao.com/_UfvnC - 네이버 톡톡 : http://talk.naver.com/wca3r8 - 구글폼 : https://forms.gle/XjJQbxGRVRMNf8e67 ※ 홈페이지 - PC 버전 : https://www.yeilit.com/edu_view.html?n=1481 - 모바일 버전 : https://www.yeilit.com/m/edu_view.html?n=1481 <지원 및 접수 기간> ~2026-04-27까지 추가접수 마감!"
311865,버킷플레이스(오늘의집),[버킷플레이스(오늘의집)] 오프라인 전략 매니저 (계약직),CONTRACT,오프라인 전략 매니저 (계약직) | 아웃바운드TM | 영업/고객상담 | 고객관리/인바운드 | 판매/캐셔/매장관리 | 고객관리 | 인바운드 | 판매 | 캐셔 | 매장관리 | 1. 후보자님께서 자신의 편안한 영역을 벗어나서 새로운 것을 배우거나 달성해야 했던 상황을 설명해 주세요. | 2. 후보자님의 커리어상에서 가장 큰 성과는 무엇이었나요? | 3. 후보자님이 일하는 과정에서 개인과 팀의 이익보다 조직 전체를 위하여 어려운 제안이나 의견을 전달한 적이 있나요? | [버킷플레이스(오늘의집)] 오프라인 전략 매니저 (계약직),,,"[버킷플레이스(오늘의집)] 오프라인 전략 매니저 (계약직) [주요업무] - 입점 승인부터 SKU 등록, 단가 관리, 발주·입고 처리까지 공급처 전반의 오퍼레이션 업무 - WMS 및 물류 어드민 시스템을 활용하여 재고 이동, 출고 지시, 반출 처리 등 재고 흐름 전 과정 관리 - 월별 구매 계획 수립 및 자금 집행 일정 관리 - 회계팀과의 정기 협업을 통해 매출·비용 데이터를 집계하고 리포트 작성 - 공급처별 세금계산서 수취·발행 및 매입 정산 리스트를 관리하고 오차 항목 처리와 클레임 대응 [자격요건] - ERP, WMS, 구매 시스템 등 업무 시스템 사용 경험이 있는 분 - 엑셀 기반 데이터 대조 및 집계 업무 경험을 보유한 분 - 낯설고 어려운 과제를 대처할 수 있는 순발력을 보유한 분 [우대사항] - 구매, 발주, 물류, 재고관리, 정산 중 하나 이상의 실무 경험 3년 이상 보유한 분 - 세금계산서 처리 및 회계팀과의 정기 협업 경험이 있는 분 - 커머스 또는 리테일 환경의 물류·구매·회계 부서 근무 경험이 있는 분 - 회계·세무 관련 전공자 또는 관련 자격증 보유한 분"
311864,모비커리어에듀,[만우절 이벤트] 마케팅 실무 치트키 강의 990원에 배포 중 (단 4일 동안만 진행),,,,,"[그로스쿨 만우절 이벤트] 마케팅 실무 치트키 강의 990원에 배포 중 😢 마케터 취준하는데 돈은 없고 배울 건 산더미인 그 기분.. 저도 잘 압니다 솔직히 요즘 마케터 채용 공고 보면 다들 경력직 같은 신입을 원하잖아요 근데 막상 보면 “해봤다”고 말할 수 있는 건 별로 없고 아는 것만 어설프게 쌓여 있는 상태. 그래서 이번에 그로스쿨이 마케팅 취준생분들을 위해 마케팅 실무 치트키 강의를 990원으로 할인된 가격으로 준비했습니다❤️ 단 4일 동안만 진행되는 이벤트니, 천 원도 안하는 껌 값으로 현직자 같은 신입 마케터로 성장해 보세요! 💰 이번 만우절 이벤트를 놓치면 안 되는 이유 3가지 ✔️ Point 1. 앞으로 다시는 없을 가격대 990원! 최대 98% 할인 가격표에서 “0” 두 개를 뺐습니다 (정가 강의 55,000원 → 990원) ✔️ Point 2. 강의 10종 올패스 7,700원 + 그로스쿨 5 ,000원 쿠폰 마케팅 실무 치트기 강의 10개를 한 번에 묶고, 추가 22% 할인을 더했습니다 이런 말도 안되는 할인에 그로스쿨 강의 5,000원 할인 쿠폰까지! 안 살 수가 없겠죠? ✔️ Point 3. 한 달 내내 수강할 수 있는 넉넉한 수강 기간 이벤트 기간은 4일이지만, 수강 기간을 4월 한 달로 충분한 수강기간을 드립니다 4월 스펙은 마케팅 실무 치트키 강의로 끝내고 경력직 같은 신입으로 취업하세요! 📅 프로모션 기간: 2026.03.31 ~ 04.03 (단 4일만 진행) 💰 정가 55,000원 → 990원 (04.03 이후 가격 원가로 복구 예정) 이 패키지는 상시 판매가 아니라 만우절 기간에 맞춰 한 번만 열리는 프로모션입니다. 취준생에게는 지금이 가장 저렴하게 취업 준비를 할 수 있는, 주니어에게는 현직자 소리 듣는 신입으로 성장할 수 있는 절호의 기회입니다! 4월 한 달, 가장 저렴한 가격으로 가장 가치 있는 커리어를 쌓아보세요 🔥 👉 https://abit.ly/2547ye"
311863,카카오뱅크,[카카오뱅크] AI 검색 엔지니어 (계약직),CONTRACT,"AI 검색 엔지니어 | ERP/시스템개발/설계 | IT/인터넷 | 콘텐츠/사이트운영 | CTO | DevOps / 시스템 관리자 | 시스템엔지니어(SE) | 임베디드 개발자 | 블록체인 플랫폼 엔지니어 | 하드웨어 엔지니어 | e-러닝운영 | 게시판관리 | 사이트운영 | 쇼핑몰•오픈마켓 | 카페•블로그관리 | 컨텐츠운영 | 컨텐츠제작 | 1. 카카오뱅크에 입사를 희망하게 된 구체적인 이유는 무엇이며, 입사 후 목표를 기술해 주세요. | 2. 같지만 다른 은행인 카카오뱅크, 본인의 차별화 된 역량 및 기술을 근거로 지원한 직무에 적합한 이유를 기술해 주세요. | [카카오뱅크] AI 검색 엔지니어 (계약직)",,,"[카카오뱅크] AI 검색 엔지니어 (계약직) [담당할 업무] · 검색 시스템 운영 · 검색 품질 모니터링 및 평가 · 검색 품질 저하 이슈 분석 및 개선 · 검색 데이터 관리 및 배포 · 데이터 위변조 및 가드레일 등 시스템 안정성 관리 및 대응 · 검색 인프라 운영 및 장애 대응 · 수동 모델 배포 및 모델 포팅 지원 · ​가드레일 탐지발화 테스트셋 관리 및 탐지성능 정기 테스트 · ​가드레일 모델 배포 · ​연구소 모델 추론코드 컨버전 · 개발/운영망 서버 관리 ​· ​팀 내 Linux 서버자원 신청 및 관리 · ​서버 환경 구성, 디스크 용량 관리 등 [필수 경험과 역량] · Python을 활용한 기본적인 데이터 분석 및 프로그래밍이 가능한 분 · Jupyter Notebook 사용 경험이 있는 분 · Linux 서버에 대한 이해가 있는 분 · 문제의 원인을 논리적으로 분석하고 해결 방안을 찾는 것을 즐기는 분 · 협업 및 커뮤니케이션에 유연한 분 [우대사항] · Elasticsearch, Opensearch 검색 솔루션 운영 경험이 있는 분 · 자연어 처리(NLP)에 대한 기본적인 이해가 있는 분 · 데이터에 대한 이해를 바탕으로 EDA(탐색적 데이터 분석)를 수행하고, 인사이트를 도출해 본 경험이 있는 분 [공통 우대 사항] · 국가유공자 및 장애인 등 취업보호대상자는 관계법령에 따라 우대합니다. (입사지원 시 증빙서류를 첨부하는 경우에 해당하며, 증빙서류는 포트폴리오 란에 첨부해주시길 바랍니다.)"
311862,주식회사유니에스,[하루7H근무/중식제공/청담본사] 신세계인터내셔날 이커머스 패션팀 AMD 채용,INTERN,,,,"[하루7H근무/중식제공/청담본사] 신세계인터내셔날 이커머스 패션팀 AMD 채용 접수 기간 2026-03-31 ~ 2026-04-06 모집부문 및 상세내용 모집 부문 상세내용 이커머스 온라인 AMD (0명) 담당업무 국내 패션 브랜드(골프) AMD 신세계V 이커머스 채널 운영 보조 상품 등록 및 컨텐츠 관리 프로모션 및 기획전 서포트 이미지 수정 및 배너 제작 지원(포토샵/피그마 작업) 채용형태 - 인턴/파견계약직 (회사내부사정 및 업무평가에 따라 최대 2년 근무 가능) - 파트너 우대조건 패션 전공자 및 관련 전공 학위 우대 AMD 직무 유경험자 우대 (이커머스/패션 플랫폼 경험자 선호) 포토샵, 피그마 등 디자인 툴 능숙하게 활용 가능한 인재 필수 온라인 브랜드 운영 경험자 및 콘텐츠 제작 경험자 우대 밝고 커뮤니케이션 원활하고 책임감 있는 분 복리후생 ▶ 중식제공, 명절/생일 선물, 각종경조사 휴가 및 지원금 제공, 연차 외 유급휴가 제공(조건부) 자격요건 학력 학력무관 근무조건 급여 회사 내규에 따름 (연봉 2,357 만원 ~ 경력자 처우 / 하루 7시간 근무 및 중식 제공함을 유의 부탁 드립니다.) 근무시간 주 5일(월~금) 09:00 ~ 17:00 근무지역 서울 강남구 도산대로 449 SI 청담 본사 전형 절차 Step 1 서류전형 Step 2 실무진 면접 Step 2 최종합격 지원 기간 및 방법 접수기간 2026-03-31 ~ 2026-04-06 (개별서류전형 및 면접 진행 / ASAP / 채용시 마감) 접수방법 이메일 지원 (kdm0408@unies.com) / 자유 이력서 양식, 포트폴리오 제출 우대 유의사항 허위 사실이 발견될 경우 채용이 취소될 수 있습니다. 채용 절차 1. 서류전형 ( 서류전형 합격자분들 한하여 연락 드리는 점 유의 부탁 드립니다.) ※필요시 서류접수 전 유선 인터뷰를 진행하고 있는 점 유의 부탁 드립니다. 2. 실무진 면접 3. 최종 합격"
311861,구리농수산물공사,제3기 농수산기자단 모집 공고,,,파워블로거/SNS | 사진/영상/디자인 툴 | 콘텐츠 기획/제작 경험 | 타 대외활동 경험,활동비 | 수료증 및 인증서,"구리농수산물 공사 농수산기자단 3기 모집! 안전하고 신선한 농수산물을 안정적으로 공급하여 물가안정에 기여하기위해 설립된 구리농수산물공사에서 '농수산기자단 3기'를 모집합니다! 공기업으로써 하고있는 저희의 유통사업 과 사회공헌활동 (ESG 활동 ) 을 널리 홍보하는 활동에 함께해주실 대학생, 청년분들께서는 많이 지원해주세요! ● 자세한 내용은 지원링크 참고 https://www.gamaco.co.kr/homeCommon/board/detail?bodIdx=1031&rnum=579&bodCfgIdx=1028&listUrl=https://www.gamaco.co.kr/conIntroduction/bidAndEmployment/main ● 모집 기간 2026.4.22(수)까지 ● 활동 기간 2026.5.4. ~ 11. 30. (약 7개월) ● 모집 대상 기업의 사회공헌활동(ESG)에 관심 있는 대학생 및 청년 (총 8명, 2인 1팀, 팀단위 지원가능 ) 농수산물, 유통사업에 관심있는 대학생 및 청년 ● 활동 안내 공사의 사회공헌활동(김장활동, 코스모스축제) 등 직접 참여하여(월 1회), 콘텐츠(카드뉴스, 유튜브영상, 블로그 등) 기획·제작 (개인미션) 블로그 콘텐츠 제작(월 1회) (팀미션) 유튜브 콘텐츠 제작(기간내 3회) ● 활동 혜택 콘텐츠 기획~운영 실무 경험 기념품, 수료증 지급 공사의 주요 행사 참여 기회 소정의 활동비 지급 (블로그원고료 월 7만원, 유튜브영상 원고료 회당 24만원) ● ● 필수 일정 5. 4(월) 10:00 ~ 12:00 경기도 구리시 구리농수산물공사에서 오리엔테이션 (필수 참석) ● 우대사항 콘텐츠 제작 경험자 (블로그/릴스/동영상/SNS 등) 정부부처/공공기관 블로그·영상기자단, 서포터즈 등 관련활동 경험자가 포함된 팀 ● 지원 방법 구리농수산물공사 홈페이지에 게시된 팀지원서 작성후 이메일 접수 이메일 : gamaco1997@gamaco.co.kr 신청양식 다운로드 : https://www.gamaco.co.kr/homeCommon/board/detail?bodIdx=1031&rnum=579&bodCfgIdx=1028&listUrl=https://www.gamaco.co.kr/conIntroduction/bidAndEmployment/main 대학생 대외활동 공모전 채용 사이트 링커리어 https://linkareer.com/"
311860,SK하이스텍,[SK하이스텍] 각 부문 신입/경력사원 채용,"EXPERIENCED, CONTRACT, NEW",,,,"[SK하이스텍] 각 부문 신입/경력사원 채용 [모집분야] - 안전관리자 - 연수원 운영(시설/총무/안전) - 자동화 설비 유지 보수 - 교육 운영/기획 - 복리후생 서비스 운영 [공통 요건] · 법적 기준 성인인 자 · 병역필 또는 면제인 자 · 해외여행에 결격사유가 없는 자 · 회사 지정 입사일에 입사 가능한 자 [전형절차] - 서류전형 > 필기전형 > 면접전형 (1차, 2차) > 채용 검진 > 처우협의 > 입사"
311859,HD건설기계,[HD건설기계] 2026 HD 퓨처 건설기계 챌린지,,,,"해외연수, 전시기회 | 기타","HD 퓨처 건설기계 챌린지 공모전 을 개최합니다 . 🎉 미래 산업에 관심 있는 대학생이라면 지금 바로 도전하세요 ! 🏆 최대 상금 1 천만원 📄 채용 특전 제공 ✈️ 해외 견학 기회까지 ! [Chapter 1] 사전 오리엔테이션 ✨오리엔테이션 참여 시 예선 가산점 부여 및 한정판 건설기계 굿즈 제공✨ 📌 신청 기간 4/1( 수 ) ~ 4/15( 수 ) [Chapter 2] 공모전 📌 모집대상 전국 공과대학 및 IT 전공 대학 ( 원 ) 생팀 ( 팀 당 5 명 이내 ) 📌 공모전 분야 및 주제 미래 건설기계와 관련한 기술테마 중 하나 이상을 선택하여 아이디어 도출 ( 예선 ), 결과물 시연 ( 본선 ) 1️ ⃣ 지능화 2️ ⃣ 지속가능성 3️⃣ 안전 / 편의 4️⃣ 미래 건설현장 📌 아이디어 접수 기간 6/1( 월 )~6/10( 수 ) 📌 본선 기간 1️ ⃣ 오리엔테이션 : 7/10( 금 ) 2️ ⃣ 결과물 전시 / 시연 : 8/26( 수 ) 📌 시상내역 🥇 최우수상 : 상금 1 천만원 , 채용 서류전형 면제 , 해외견학 지원 🥈 우수상 : 상금 5 백만원 , 해외견학 지원 🥉 장려상 : 상금 2 백만원 ⠀ 💙 상세 모집요강은 프로필 링크를 참고해 주세요 💙"
311858,테크윙,[테크윙] 품질보증 신입 채용,NEW,"품질보증 | ERP/시스템개발/설계 | IT/인터넷 | 공정/품질/테스트 | 전기/전자/제어 | 연구개발/설계 | 품질관리 | 생산관리/공정관리/품질관리 | 생산/제조 | CTO | DevOps / 시스템 관리자 | 시스템엔지니어(SE) | 임베디드 개발자 | 블록체인 플랫폼 엔지니어 | 하드웨어 엔지니어 | 테크윙 지원동기를 작성하여 주세요. (최대 1,000자 입력가능) | 성장과정 및 학교생활을 작성하여 주세요. (최대 1,000자 입력가능) | 성격의 장점, 단점을 작성하여 주세요. (최대 1,000자 입력가능) | 직무와 관련된 역량을 갖추기 위한 노력을 자유롭게 적어주세요. (최대 1,000자 입력가능) | 입사 후 본인의 희망업무와 포부에 대해 적어주세요. (최대 1,000자 입력가능) | [테크윙] 품질보증 신입 채용",,,"[테크윙] 품질보증 신입 채용 [주요업무] · 설비 성능 검사 · 고객 대응 · 문제 관리 및 근본 원인 제거 활동 · 통계 분석 자동화 시스템 구축 활동 [자격요건] · 신입 · 학력 : 전문학사 이상 · 산업공학, 전자공학, 기계공학 전공 [우대사항] · 품질 경영 기사, 6 시그마 등 품질 관련 자격증 취득자 우대 · 영어 가능자, 영어 능통자 우대 · 오피스 업무 가능자 우대 (엑셀, PPT)"
311857,용마로지스,[용마로지스] 2026년 2분기 TPL부문 신입사원 정기채용,NEW,,,,"[용마로지스] 2026년 2분기 TPL부문 신입사원 정기채용 [담당업무] · 물류 운영 · 창고 관리 · 화주 및 협력업체 관리 · 물류 성과 분석 및 개선 [지원자격 및 우대사항] · 우대사항 · 물류 관련 자격증 소지자 · 지게차 운전 자격, 면허보유자 [전형 절차] - 서류전형 > 1차면접 > 채용검진 > 최종합격 > 집체교육"
311856,양정인력개발센터,[취업률우수/국비] 컨벤션MICE 취업준비하자!! (스펙+취업용 포트폴리오 제작),,,,,"🎯 MICE 컨벤션·관광마케팅·기획 실무 취업준비생 모집 ● 모집개요 - 취업유망직종 관광MICE 분야로 취업하고 싶으신 분 환영! - 관광마케팅·컨벤션·여행상품 실무 교육 + 취업용 포트폴리오 제작 - 취준생·졸업예정자·졸업자 모두 적극 추천! ● 교육혜택 - 교육비 국비 지원 - 교육수당 매월 최대 80만원 제공 - 실무 스펙+취업용 포트폴리오 완성 - 교재 무상 제공(시중교재,NCS학습모듈) - 취업컨설팅 제공 ● 교육내용 - 국제회의/컨벤션기획 - MICE 운영실무 - 여행상품개발 - 관광관련법규 - 관광마케팅 등 ● 교육대상 - 취업을 희망하는 누구나 - 초보자/비전공자 가능 - 대학생의 경우, 졸업예정자 및 3학년 이상 휴학생 ● 교육일정 - 교육기간 : 4월 16일 개강 ~ 7월23일 - 교육시간 : 평일 09:10~17:40 - 교육장소 : 양정인력개발센터 ● 관광MICE 전문 교육기관 '양정인력개발센터' ✔관광·MICE·컨벤션 분야 특화 교육기관 ✔500명 이상 수료생의 실제 취업률과 취업처로 증명 ✔취업률 100% 연속 달성! 압도적인 취업 성과 ● 신청방법 양정인력개발센터 홈페이지 접수 (클릭) ● 교육문의 - 홈페이지: www.취업교육.com - 전화문의: 051-851-7887 - 위치: 지하철 1호선 양정역 버스정류장 바로 앞"
311855,(주)구름,[인턴십 100% 보장] 핀테크 인턴십 코스 서비스 기획자 과정 모집,,,,,"“Python, SQL 등 데이터 분석 경험자 우대” “데이터베이스에 대한 이해도를 갖춘 분 우대” 채용공고 우대사항에 망설였던 경험 이 있다면 주목해주세요. 핀테크 인턴십 코스는 실제 기업 데이터를 실무에 적용 함으로써 기획자의 핵심 역량 을 체계적으로 기를 수 있는 프로그램입니다. 👉 기업이 찾는 기획자로 성장할 수 있는 기회, 놓치지 마세요! 💭실제 인턴십 수료자 후기 “ 실제 시스템과 실무 데이터에 접근하여 프로젝트를 수행함으로써 단순 멘토링을 넘어 기업 담당자와 함께 문제를 정의하고 해결하며 현업의 소프트 스킬을 익혔습니다 .” “ 증권사 현업 환경에서 직접 설계해본 경험이 포트폴리오로 남아, 취업 준비에 정말 도움이 됐습니다. "" “ 실습을 통해 핀테크 뿐만 아니라 어디에서나 적용할 수 있는 실용적인 기획능력을 배양할 수 있었습니다. ” 🚀 오직 핀테크 인턴십 코스에서만 경험할 수 있는 혜택! 📌 핀테크 기업으로 출퇴근하는 인턴십 경험 📌 우수 수료생 ▶ 연계 기업 지원 시 서류 전형 면제 📌 핀테크 업계 탑티어 현직자와의 멘토링 📌 1:1 취업 컨설팅 및 잡 매칭 서비스 지원 [과정 안내] ✅ 수업 상세 수업 방식 : 온라인 이론 교육 & 오프라인 기업 연계 및 팀 프로젝트 ✅ 기간 및 일정 모집 기간 : 26. 03. 11(수) - 26. 04. 19(일) 교육 기간 : 26. 04. 28(화) - 26. 11. 02(월) ✅ 지원하기 https://shlink.goorm.io/k6eGq"
311854,양정인력개발센터,[국비] 스마트 무역·해양 물류관리 실무자 양성(자격증+실무),,,,,"📢 모집개요 취업유망직종으로 취업하고 싶다면 🌟 지금이 기회 ! 국비지원으로 시작하세요 ! ’ 실무 + 디지털 신기술 + 취업컨실팅 ' 까지 ! 물류 / 무역분야 취업준비반을 모집합니다 ! 🎁 교육 참여혜택 ✔️ 교육비 국비지원 ✔️ 매월 교육수당 400,000 원 제공 ✔️ 교재 무료 제공 ✔️ 1:1 취업컨설팅 제공 ⭐ 교육대상 ✔️ 취업을 희망하는 구직자 / 취준생 ✔️ 비전공자도 가능 ✔️ 대학생의 경우 3 학년부터 가능 💎 커리큘럼 주요내용 - 트라이포트 물류관리 - 스마트 항만물류 - AI 활용 무역실무 - 스마트 물류 전략 실무 - 해양물류 프로젝트 - 취업지원 서비스 제공 ⚡ 관련 자격증 - 물류관리사 - 스마트해상물류관리사 - ERP 정보관리사 물류 - 국제무역사 - 무역영어 💍 관련 취업분야 - 물류관리 및 구매 / 자재관리 - 포워딩 및 유통관리 - 무역 ( 수출입 ) 사무원 / 해외영업 - 항공 / 해운 / 선박회사 - 항만 / 관세 / 통관업체 - 제조업 등 ✨ 취준반 일정 - 과정명 : 스마트무역 ･ 해양 물류관리 실무자 양성 - 교육기간 : 4 월 17 일 개강 ~ 8 월 25 일 - 교육시간 : 월 ~ 금 09:00~17:30 - 교육신청 : 양정인력개발센터 홈페이지 접수 ( 클릭 ) 📞 교육문의 - 교육신청 : www. 취업교육 .com - 전화문의 : 051-851-7887 - 위치 : 부산진구 중앙대로 900 양정인력개발센터"
311853,SK오션플랜트,[SK오션플랜트] 생산/공정 지원 구성원 모집(신입),NEW,"생산/공정 지원 | 화물/중장비 | 무역/유통 | 물류 | 배송/택배/운전 | 공정관리 | 생산관리/공정관리/품질관리 | 생산/제조 | 생산 | 생산/제조/설비/조립 | 제조/가공 | SK오션플랜트의 어떤 부분에 관심을 가지고 지원하게 되었으며, 입사 후 어떻게 기여하고 싶은지 본인의 강점을 기반으로 작성해주세요.(400~500자 이내) | 자발적으로 최고 수준의 목표를 세우고 끈질기게 성취한 경험에 대해 서술해 주세요.(400~500자 이내) | 혼자 하기 어려운 일에서 다양한 자원 활용, 타인의 협력을 최대한으로 이끌어 내며, Teamwork를 발휘하여 공 동의 목표 달성에 기여한 경험에 대해 서술해 주세요.(400자~500자 이내) | [SK오션플랜트] 생산/공정 지원 구성원 모집(신입)",,,"[SK오션플랜트] 생산/공정 지원 구성원 모집(신입) [담당 업무 및 역할] - 공정 운영 관리 지원 - 물류 장비 및 중장비 운영 관리 - 협력업체 작업 인원 현황 확인 및 관련 자료 정리 - 업무 진행 현황 및 비용 관련 자료 정리 [필수사항] - 학력 : 초대졸 이상 [우대사항] - 산업안전 관련 자격 보유자(안전/보건/소방/위험물 外) - 동종업계 유경험자(조선, 플랜트, 중공업 계열) - 어학(영어) 역량 및 문서∙보고서 작성 능력 우수자 - 인근 지역 거주자(경남 고성, 창원, 통영, 거제, 진주 지역 [전형절차] - 서류전형 → SKCT(인성검사) → 면접전형 →건강검진 > 최종합격 - 접수기간 : 2026년 03월 27일(금) ~ 2026년 04월 12일(일) - 접수방법 : SK Careers 홈페이지 입사지원 - 제출서류 : 면접대상자에 한하여 개별 통보 - 문의사항 : recruit@skoceanplant.com"
311852,팔달 노인복지관,[팔달노인복지관] 2026년 홍보 서포터즈 '88 서포터즈' 모집,,,사진/영상/디자인 툴 | 콘텐츠 기획/제작 경험,실무 교육 | 봉사활동시간,"안녕하세요! 팔달노인복지관 자원복지팀 김정란 사회복지사입니다. 저희 복지관에서는 2026년 대학생 홍보 서포터즈 '88 서포터즈' 1기 를 모집합니다! 👏 '88 서포터즈'는 청년층의 디지털 역량을 활용하여 노인 복지에 대한 긍정적 인식을 확산시키고 지역사회와 어우러져 지역주민에게 복지관을 알리는 홍보 서포터즈입니다. 영상, 숏폼, 카드뉴스 등 온라인 콘텐츠를 직접 기획해 지역사회와 주민을 연결하는 허브의 역할을 수행하는 활동입니다. ✔️ 활동내용 : 복지관 사업 홍보물 제작, 홍보 관련 전문 교육 진행, 월 1회 정기모임 및 회의, 대외 활동 참여 등 ✔️ 접수기간 : 2026년 3월 30일(월) ~ 4월 10일(금) 18시 접수분까지 ✔️ 모집인원 : 청년 6명 ✔️ 모집대상 : 정기적인 모임 참여(월 1회 정기회의)가 가능한 청년(정기모임 필참) ✔️ 선발방법 : 지원서 검토 후 선발(합격자 개별 안내) ✔️ 활동기간 : 2026년 4~11월 ✔️ 활동혜택 : 자원봉사 실적 인증서 발급, 서포터즈 위촉장 발급, 활동 수료증 및 수료패 제작 ✔️ 지원방법 : 네이버 폼 작성 후 제출(QR코드 제출 또는 링크 접속) ☎️문의: 자원복지팀 김정란 사회복지사(070-8874-2051)"
311851,TEAM LL,"공연예술단체 TEAM LL 보컬, 악기 등 전 파트 멤버 모집합니다!",,,,,"TEAM LL 모집 “하고 싶은 일을 주도적으로 하자”라는 모토로 활동하고 있습니다. 공연을 하고 싶고 무대에서 연주하고 싶은 모든 분들의 지원을 기다리고 있겠습니다. 📍 모집기간 상시모집 📍 모집분야 보컬 / 기타 / 건반 / 베이스/ 드럼 외 각자 연주 가능한 악기 📍 모집대상 부산(경남) 거주 20세 이상 음악을 하고 싶은 누구나 📍 문의사항 오픈카톡 참여 후 문의 📍 월 회비 10,000원 *합주실 대관 등에 활용 (추가금 발생시 단체에서 부담) 📍 지원방법 아래 오픈카톡 링크 접속 후 설명드립니다 지원 오픈 카톡"
311849,(주) 씽굿,[추천공모전] 옛 전남도청 개관 기념 포스터 디자인 공모전(~4.15.),,,,기타,"옛 전남도청 개관 기념 포스터 디자인 공모전 ● 참가 자격 - 대한민국 누구나 (개인 또는 팀으로 참가) ● 공모 주제 - ""기억과 역사, 민주주의, 평화·인권, 시민과 공동체, 미래""를 주제로, 옛 전남도청의 의미를 현재의 시선으로 재해석하고 미래로 확장하는 포스터 디자인 ● 공모 일정 - 2026.3.25(수) ~ 4.15(수) ※ 결과발표 : 2026.4.20(월), 옛전남도청복원추진단 홈페이지 공지 및 수상자 개별통보 ※ 상기일정은 주최측 사정으로 변경 될 수 있으며, 수상작은 옛전남도청 개관시 전시할 수 있습니다. ● 시상 내역 - 우수작 5작품(2백만원/1작품), 가작 5작품(70만원/1작품) * 지적재산권 이용료 포함 ● 제출 형식 - 제출서류 : 참가신청서 1부, 청렴서약서 1부, 디자인파일 - 작품규격 : A2 사이즈(420*594mm), 해상도 300dpi 이상, JPG파일 4MB 이하 ※ 수상자에 한해 원본파일(ai 또는 PSD) 제출 ● 접수 방법 - 공모전 사무국 이메일 접수( 2026maystory@gmail.com ) ※ '옛 전남도청 개관 기념 포스터_응모자 이름'으로 파일 이름 및 이메일 제목 작성해주세요. ● 유의 사항 - 수상작의 저작재산권 및 활용권은 상금 지급과 동시에 주최측에 귀속되며, 주최측은 홍보, 전시, 출판, 온라인 게시, 인쇄물 및 굿즈 제작 등 행사 운영을 위해 활용됩니다. - 제출된 작품의 제3자의 초상권, 저작권, 명예훼손 또는 제작 과정 등에서 발생하는 모든 문제는 응모자가 책임지며, 입상된 이후라도 이와 같은 문제점이 밝혀질 경우 해당 작품 수상 취소 및 상금이 환수됩니다. - 작품에 사용되는 폰트는 공개된(무료 상업적 이용 또는 배포 가능) 것을 사용해야합니다.(본인창작물 제외) ● 문의처 - 2026maystory@gmail.com"
311848,현대자동차,[현대자동차] [계약직] 대외협력 행정지원 (장애인 제한경쟁),CONTRACT,"대외협력 행정지원 | 전표입력 | 경리/회계/결산 | 경영/사무 | 문서관리 | 사무/총무/법무 | 사무보조 | 사무보조/문서작성 | OA/문서작성 | 지원하신 공고에 지원한 동기는 무엇이며, 해당 직무에 대하여 본인이 가지고 있는 강점을 구체적 사례와 함께 말씀해 주십시오. | 사회생활에서 겪었던 어려움과 문제를 해결해 본 경험을 말씀해 주십시오. | [현대자동차] [계약직] 대외협력 행정지원 (장애인 제한경쟁)",,,"[현대자동차] [계약직] 대외협력 행정지원 (장애인 제한경쟁) [직무상세] ■ 대외협력 유관 비용 전표처리 · 정부과제 비, 조직 예산 취합/등록 · 프로젝트 세금계산서/거래명세서 관리 및 운영 지원 ■ 기타 행정지원 · 부서 예산 행정 업무 지원 (부서운영비/출장비, 법인카드 등) · 회의실 예약 관리 및 사무환경 관리 · 부서 근태 입력/관리 (출퇴근/외근/출장 등) · 문서 작업 등 기타 행정지원 보조 [지원자격] · 고등학교 졸업 이상의 학력을 보유하신 분 · '장애인 복지법' 상 등록장애인(복지카드소지자) 또는 '국가유공자 등 예우 및 지원 등에 관한 법' 상 상이등급 기준에 해당하시는 분(1~7급) · 해외여행에 결격사유가 없는 분 (남성의 경우, 회사가 지정한 입사일까지 병역을 마쳤거나 면제되신 분) · 하기 근무조건에 따라 근무가 가능하신 분 - 근무시간 : 일 8시간(08:00~17:00), 주 5일(월~금) 근무 [전형단계] 1. 지원서 접수(홈페이지) / 추천서 제출(이메일) 2. 서류전형 3. 면접전형 (인성검사) 4. 채용검진 5. 최종합격"
311847,(주)구름,[인턴십 100% 보장] 핀테크 인턴십 코스 풀스택 개발자 과정 모집,,,,,"남들과 차별화된 개발자로서 한 단계 더 성장하고 싶다면, ‘어디서, 무엇을 만들었는지’ 가 중요합니다. 핀테크 인턴십 코스에서는 실제 기업 환경 속에서 현업 과제에 기반한 프로젝트 를 경험하며 전문성을 갖춘 실무형 포트폴리오 를 완성할 수 있습니다. 👉 특화된 경쟁력을 가진 개발자로 성장할 수 있는 기회, 놓치지 마세요! 💭실제 인턴십 수료자 후기 “ 실제 운영 환경에서 API를 배포해보며 단순 기능 구현을 넘어 운영 관점까지 폭넓게 이해할 수 있었습니다. ” “ 증권사 현업 환경에서 직접 설계해본 경험이 포트폴리오로 남아, 취업 준비에 정말 도움이 됐습니다. "" “ 실제 시스템과 실무 데이터에 접근하여 프로젝트를 수행함으로써 단순 멘토링을 넘어 기업 담당자와 함께 문제를 정의하고 해결하며 현업의 소프트 스킬을 익혔습니다 .” 🚀 오직 핀테크 인턴십 코스에서만 경험할 수 있는 혜택! 📌 핀테크 기업으로 출퇴근하는 인턴십 경험 📌 우수 수료생 ▶ 연계 기업 지원 시 서류 전형 면제 📌 핀테크 업계 탑티어 현직자와의 멘토링 📌 1:1 취업 컨설팅 및 잡 매칭 서비스 지원 [과정 안내] ✅ 수업 상세 수업 방식 : 온라인 이론 교육 & 오프라인 기업 연계 및 팀 프로젝트 ✅ 기간 및 일정 모집 기간 : 26. 03. 11(수) - 26. 04. 19(일) 교육 기간 : 26. 04. 28(화) - 26. 11. 02(월) ✅ 지원하기 https://shlink.goorm.io/WDAwj"
311845,(주)구름,[인턴십 100% 보장] 핀테크 풀스택 개발자/서비스 기획자 과정,,,,,"📢 “공채는 시작됐는데..” 직무 경험이 부족한 것 같으신가요? 📢 “무엇을 더 해야 할지..” 막막한 상태이신가요? 핀테크 인턴십 코스는 단순한 기술 학습을 넘어 - 핀테크 산업의 흐름을 ‘이해’하고 - 기업이 원하는 ‘실무 역량’을 쌓으며 - 팀 프로젝트로 ‘실전 경험’을 완성합니다. 다른 취준생과 차별화된 경쟁력을 갖출 수 있는 실제 핀테크 기업에서의 실무 경험 기회. 놓치지 말고 지금 바로 신청하세요! (과정별 25명 한정, 조기 마감 예정) 오직 핀테크 인턴십 코스에서만 경험할 수 있는 혜택! 📌 핀테크 기업으로 출퇴근하는 인턴십 경험 📌 우수 수료생 ▶ 연계 기업 지원 시 서류 전형 면제 📌 핀테크 업계 탑티어 현직자와의 멘토링 📌 1:1 취업 컨설팅 및 잡 매칭 서비스 지원 [과정 안내] ✅ 모집 과정 풀스택 개발자 서비스 기획자 ✅ 수업 상세 수업 방식 : 온라인 이론 교육 & 오프라인 기업 연계 및 팀 프로젝트 ✅ 기간 및 일정 모집 기간 : 26. 03. 11(수) - 26. 04. 19(일) 교육 기간 : 26. 04. 28(화) - 26. 11. 02(월) ✅ 지원하기 https://goor.me/J0pBg"
311844,한국중부발전,[한국중부발전] 2026년도 2차 체험형 인턴 채용공고,INTERN,"사회형평 기술 | 토목/조경/도시/측량 | 건설 | 건설/설계/인테리어 | 기계설계/CAD/CAM | 연구개발/설계 | 전기/전자/제어 | 화학/에너지/환경 | 자동차/조선/기계 | 토목 | 조경 | 도시계획/교통 | 측량/계측 | 건축 | 인테리어설계 | 실내건축 | 인테리어시공 | 리모델링 | 현장관리 | 기계설계 | CAD | CAM | 전기/전기설비 | 전자 | 공정/품질/테스트 | 화학 | 에너지 | 환경 | 화장품 | 자동차 | 조선 | 기계 | 1. [지원동기, 성장의지] 지원자가 체험형 인턴에 지원한 동기와 지원을 위한 본인만의 차별화된 노력에 대해 작성해 주십시오. (띄어쓰기 포함 100 ~ 400자로 작성) | 2. [조직적합도, 협동성] 최근 3년 이내에 지원자가 속한 조직(팀, 동아리 등)에서 동료들과의 갈등 상황을 해결하기 위해 적극적으로 의사소통하고 협업하여 성과를 내었던 경험에 대해 기술해 주십시오. (띄어쓰기 포함 100 ~ 400자로 작성) | 3. [문제해결, 책임감] 예상치 못한 문제로 난관에 부딪혔을 때, 포기하지 않고 끝까지 노력하여 문제 상황을 해결하였던 경험을 기술해 주십시오.(문제상황과 해결 방안 제시) (띄어쓰기 포함 100 ~ 400자로 작성) | [한국중부발전] 2026년도 2차 체험형 인턴 채용공고 | 일반 기술 | 사회형평 사무 | IT/인터넷 | 경영/사무 | 웹개발 | 응용프로그램개발 | ERP/시스템개발/설계 | 네트워크/서버/보안 | DBA/데이터베이스 | 콘텐츠/사이트운영 | 웹기획/PM/웹마케팅 | HTML/퍼블리싱/UI개발 | QA | 게임 | 기획/전략/경영 | 사무/총무/법무 | 인사/노무/교육 | 경리/회계/결산 | 재무/세무/IR | 사무보조/문서작성",,,[한국중부발전] 2026년도 2차 체험형 인턴 채용공고 [채용예정인원] - 일반 사무 22명 - 일반 기술 36명 - 사회형평 사무 5명 - 사회형평 기술 7명 [지원서 접수 기간] - 2026.4.8 ~ 2026.4.15 15:00 [전형절차] - 채용 공고 > 지원서 접수 > 서류전형 > 1차면접전형 > 2차면접전형 > 신원조회 > 최종합격
311840,컴포트랩,[컴포트랩] 온라인 마케팅 실무 체험 프로그램,,,,,"[컴포트랩] 온라인 마케팅 실무 체험 프로그램 [모집대상] 고졸 이상 광고 소재, 콘텐츠 작업을 위한 간단한 포토샵 활용 능력 우대 [모집기간] ~ 04월 03일까지 [모집공고]"
311839,컴포트랩,[컴포트랩] 경영·사무 기반 영업·프로모션 운영 지원 프로그램,,,,,[컴포트랩] 경영·사무 기반 영업·프로모션 운영 지원 프로그램 [모집대상] 고졸 이상 [모집기간] ~ 04월 03일까지 [모집공고]
311838,제주평생교육장학진흥원,[제주평생교육장학진흥원] 공공행정 청년 일경험 프로그램 1기,,,,,[제주평생교육장학진흥원] 공공행정 청년 일경험 프로그램 1기 [모집대상] 고졸 이상 [모집기간] ~ 04월 13일까지 [모집공고]
311837,제주청년센터,[제주청년센터] 경영사무 청년 일경험 프로그램 2기,,,,,[제주청년센터] 경영사무 청년 일경험 프로그램 2기 [모집대상] 고졸 이상 대졸 이상 - 청년센터 본점 운영 관련 고객 응대에 알맞은 자 - 청년센터 프로그램 운영 및 행사 안내를 위한 신체 건강하며 의사소통이 가능한 자 [모집기간] ~ 04월 13일까지 [모집공고]
311836,서귀포시서부종합사회복지관,[서귀포시서부종합사회복지관] 경영사무 청년 일경험 프로그램 2기,,,,,"[서귀포시서부종합사회복지관] 경영사무 청년 일경험 프로그램 2기 [모집대상] 고졸 이상 사회복지학 및 사회복지사 자격, 독해 및 작문 능력, 의사소통 능력 - 상기 기재한 전공, 지식/기술, OA(사무자동화) 능력은 선발의 필수 요건은 아니나 해당 지식/기술이 갖춰질 시 우대 가능 [모집기간] ~ 04월 13일까지 [모집공고]"
311835,삼양KCI,[삼양KCI] 잘파(Z+Alpha)세대 가치 소비를 위한 지속가능 마케팅 프로모션 기획,,,,,[삼양KCI] 잘파(Z+Alpha)세대 가치 소비를 위한 지속가능 마케팅 프로모션 기획 [모집대상] SNS 콘텐츠 혹은 영상 제작 및 편집 툴 사용 가능자 및 관련 유경험자 우대 선발 [모집기간] ~ 04월 05일까지 [모집공고]
311834,삼양KCI,[삼양KCI] 글로벌 클린 뷰티 동향 분석 및 차세대 헤어케어 성분 B2B 콘텐츠 제작,,,,,[삼양KCI] 글로벌 클린 뷰티 동향 분석 및 차세대 헤어케어 성분 B2B 콘텐츠 제작 [모집대상] SNS 콘텐츠 혹은 영상 제작 및 편집 툴 사용 가능자 및 관련 유경험자 우대 선발 [모집기간] ~ 04월 05일까지 [모집공고]
311833,삼양KCI,[삼양KCI] 글로벌 K-뷰티 홍보 콘텐츠 개발,,,,,"[삼양KCI] 글로벌 K-뷰티 홍보 콘텐츠 개발 [모집대상] SNS 콘텐츠 혹은 영상 제작 및 편집 툴 사용 가능자 및 관련 유경험자 우대 선발 영상 편집 및 콘텐츠 제작 능력, 커뮤니케이션 능력, AI 툴 활용 능력 [모집기간] ~ 04월 05일까지 [모집공고]"
311832,국민건강보험공단,[국민건강보험공단] (제주지사) 공공행정 청년 일경험 프로그램 1기,,,,,[국민건강보험공단] (제주지사) 공공행정 청년 일경험 프로그램 1기 [모집대상] 대졸 이상 [모집기간] ~ 04월 13일까지 [모집공고]
311831,가람소방방재,[가람소방방재] 경영·사무 일경험 프로그램 (1차),,,,,"[가람소방방재] 경영·사무 일경험 프로그램 (1차) [모집대상] -기본 자격 요건(고졸이상) -기타 필요 자격(무관) ▶우대사항 -워드,엑셀,파워포인트,한글 가능자 [모집기간] ~ 04월 02일까지 [모집공고]"
311829,티엔아이,[티엔아이] 경영·사무 일경험 프로그램 (1차),,,,,[티엔아이] 경영·사무 일경험 프로그램 (1차) [모집대상] 고졸 이상 OA 사용 가능 경영지원 업무 전반에 대한 이해를 바탕으로 조직 운영에 필요한 행정업무를 성실히 수행 할 수 있는 청년 [모집기간] ~ 04월 02일까지 [모집공고]
311828,아이앤피,[아이앤피] 생산·제조 일경험 프로그램 (1차),,,,,"[아이앤피] 생산·제조 일경험 프로그램 (1차) [모집대상] -기본 자격 요건(고졸이상) -기타 필요 자격(전공:디자인,기계) ▶우대사항 -구체적 선호 조건(없음) [모집기간] ~ 04월 02일까지 [모집공고]"
311827,서울청소년센터,[시립서울청소년센터] 청소년전용공간기획단 '움니버스' 6기 모집,,,콘텐츠 기획/제작 경험 | 리더십 | 행사 기획 경험,수료증 및 인증서 | 봉사활동시간,"청소년전용공간기획단 [움니버스] 6기 모집 안내 ‘움니버스’는 시립서울청소년센터 청소년전용공간 ‘움’을 관리하며, 다양한 프로그램을 기획·운영하는 특성화 자치단입니다.청소년을 위한 프로그램과 축제를 직접 기획하고 운영하며, 청소년전용공간 ‘움’에서 함께 상상의 꿈을 펼쳐갈 움니버스 단원을 모집합니다. 모집개요 - 활동기간: 2026년 4~12월 - 활동장소: 시립서울청소년센터 (을지로 3가역 인근) - 대상: 만 19세~24세 이하 청소년 모집과정 - 1차 서류접수: 2026년 4월 8일(수) 18시까지 - 2차 면접: 서류 합격자 대상으로 개별 문자를 통해 면접 일정 조율 - 최종 합격자 발표: 면접 당일 개별 문자 활동내용 - 청소년전용공간 움 운영관리 - 청소년 대상 프로그램·축제 기획 및 진행 - 매월 정기회의 진행 - 홍보 콘텐츠·굿즈·자료 제작 - 움니버스 공식 인스타그램 운영 활동혜택 - 활동참여에 따른 수료증 수여 - 간식 제공& 공간 대여 지원 - 센터 내 타 자치기구와의 교류 - 1365 봉사시간 부여 및 위촉장 발급 신청방법 - 첨부된 구글폼 작성 후 제출 - 신청 바로가기: https://docs.google.com/forms/d/1aR6fPzIOnzQYju09DaABaHvz9uYR5w4R7K0vQT8R0Yg/edit?hl=ko 센터 활동일정 (필수참여 활동) - 1차 정기회의: 4월 11일 (토) 14시 - 2차 정기회의: 4월 25일 (토) 14시 프로그램 진행 일정 - 움마당(테마별 청소년 프로그램 기획) : 5월/10월 (총 4회기 진행) - 움니랜드(청소년전용공간 축제 기획) : 8월 - 정기회의 : 매월 2,4주차 토요일 14시 ※ 본 일정은 회의를 통해 변동될 수 있음 ※ 공지사항 - 본 자치단은 매월 2,4주차 토요일 정기회의 활동 및 추가 회의를 바탕으로 진행됨을 숙지해주시길 바라며, 대학일정에 따라 재구성될 예정이니 참고해주시길 바랍니다. - 위 활동일정에 전부 참여가 가능하지 않더라도 신청 가능하나, 전체 활동의 70% 출석 미만이 될 경우 수료가 불가능함을 알려드립니다. - 청소년전용공간기획단 움니버스 은 함께 직접 프로그램을 처음부터 기획하고 준비하고 진행해보며 내가 만든 프로그램을 운영해볼 수 있는 자치단이기에 책임감을 가지고 적극적으로 활동해주실 분들을 모집합니다! 문의 창의사업팀 070-4268-4330 또는 4345"
311826,TV조선,[TV조선] 국내 방송사 콘텐츠 제작 일경험 프로젝트,,,,,"[TV조선] 국내 방송사 콘텐츠 제작 일경험 프로젝트 [모집대상] - 영상편집 프로그램 사용 가능 (어도비 프리미어 프로, 에디우스 등) 우대 - 학교 팀 프로젝트 과제 수행 경험 가진 청년이면 누구든 참여 가능합니다. - 열정을 가지고 성실히 참여할 청년들의 많은 지원 부탁드립니다. [모집기간] ~ 04월 05일까지 [모집공고]"
311825,SBS,[SBS] 브랜드·타겟 분석 기반 숏폼 콘텐츠 기획부터 성과 분석,,,,,[SBS] 브랜드·타겟 분석 기반 숏폼 콘텐츠 기획부터 성과 분석 [모집대상] - 영상 제작 및 편집 가능자 우대 - 학교 팀 프로젝트 과제 수행 경험 가진 청년이면 누구든 참여 가능합니다. - 열정을 가지고 성실히 참여할 청년들의 많은 지원 부탁드립니다. [모집기간] ~ 04월 05일까지 [모집공고]
311824,MBN,[MBN] 방송사 디지털 영상 콘텐츠 제작,,,,,"[MBN] 방송사 디지털 영상 콘텐츠 제작 [모집대상] SNS 콘텐츠 혹은 영상 제작 및 편집 툴 사용 가능자 및 관련 유경험자 우대 선발 - 영상 편집 가능자, 영상 콘텐츠 제작 경험자 우대 - 학교 팀 프로젝트 과제 수행 경험 가진 청년이면 누구든 참여 가능합니다. - 열정을 가지고 성실히 참여할 청년들의 많은 지원 부탁드립니다. [모집기간] 03월 30일 ~ 04월 05일 [채용공고]"
311823,물들임,5/1 은평구 어린이날 행사 [페이스페인팅 봉사자 모집],,,,,"2026.5.1(금) 은평구 어린이날 행사 [페이스페인팅 봉사자 모집] 안녕하세요. 연합봉사단 물들임입니다! 다가오는 은평구 어린이날 행사에서 아이들의 얼굴에 예쁜 그림을 그려줄 페이스페인팅 봉사자 를 모집합니다. 10대~20대 학생, 직장인 모두 참여 가능합니다. 따뜻한 추억과 뜻깊은 시간을 함께 나눠요! 🎨 행사 개요 행사명: 은평구 어린이날 행사 날짜: 2026년 5월 1일 (금) 시간: 오전 10시 ~ 오후 4시 (2시간 이상 참여) 장소: 은평구청 광장 (은평로 195) 🎨 활동 내용 - 간단한 도안으로 페이스페인팅 진행 (초보도 OK!) - 아이들과 밝게 소통하며 페이스페인팅 부스를 함께 운영 🎨 이런 분들을 기다려요 - 아이들을 좋아하는 따뜻한 마음 가진 분 - 미술/예체능 좋아하는 분 - 스펙, 대외활동 경험과 봉사에 관심 있는 대학생 (봉사활동 시간 인정) - 주말 여가를 의미 있게 보내고 싶은 직장인 - 미술 관련 직종 사람들과의 커뮤니티가 필요하신 분 🎨 제공 혜택 - 봉사활동 인증서 발급 - 도안 및 재료 완비 - 사전 드로잉 교육 제공 (4/25 예정/추후 문자 안내) 🎨 신청 방법 구글 폼 작성 후 제출 신청 마감: 4월 22일(수)까지 연합봉사단 물들임과 함께, 어린이날을 특별하게 만들어보세요! 문의는 [카톡 오픈채팅방 혹은 인스타DM]으로 주세요! 🎈오픈채팅: https://open.kakao.com/me/withcolor 🎈 인스타그램: https://www.instagram.com/color_with.u"
311822,본아이에프,[본아이에프] [지주부문] 인사 운영 지원 인턴 채용,INTERN,"인사 운영 지원 | 인사/노무/교육 | 경영/사무 | 인사 | 노무 | 채용/면접 | 교육기획 | 1. 본인의 성장과정 및 그러한 성장과정이 본인에게 어떠한 영향을 미쳤는지에 대하여 기술해 주십시오. | 2. 해당 직무를 잘 수행하기 위한 본인만의 차별화된 역량과, 해당 역량을 바탕으로 어떤 성과를 냈는지 기술해 주십시오. (※ 성공/실패 사례 모두 가능) | 3. 본그룹 3대 핵심가치(목적달성, 지속성장, 전체최적화) 중, 본인을 가장 잘 표현할 수 있는 한 가지를 구체적인 사례를 들어 기술해 주십시오. | 4. 입사 후 목표가 무엇이며, 그러한 목표를 갖게 된 이유와 그 목표를 이루기 위한 구체적인 실행계획에 대하여 기술해 주십시오. | [본아이에프] [지주부문] 인사 운영 지원 인턴 채용",,,"[본아이에프] [지주부문] 인사 운영 지원 인턴 채용 [담당업무] 채용 운영 및 후보자 경험관리 ​채용 전 과정 (서류접수~면접~결과안내)의 운영 지원 교육 및 조직문화 행사 지원 ​교육 장소 대관, 다과 준비 등 교육 환경 세팅 지원 기타 인사팀 업무 지원 [모집기간] 03월 27일 ~ 04월 05일 [채용공고]"
311821,아트박스,[아트박스] 디자인연구소 채용연계형 인턴 디자이너 모집,INTERN,디자인연구소 채용연계형 인턴 디자이너 | 디자인 | 그래픽디자인/CG | 출판/편집디자인 | 제품/산업디자인 | 캐릭터/만화/애니 | 의류/패션/잡화디자인 | 전시/공간디자인 | 광고/시각디자인 | 디자인기타 | 자유양식 입니다. | [아트박스] 디자인연구소 채용연계형 인턴 디자이너 모집,,,"[아트박스] 디자인연구소 채용연계형 인턴 디자이너 모집 [담당업무] VMD, POP 그래픽 디자인 [모집기간] 03월 30일 ~ 04월 20일 [채용공고]"
311820,인사혁신처,[인사혁신처] 2026년 인사혁신처 청년인턴 제2차 채용 공고,INTERN,"교육운영 | 경영/사무 | 기획/전략/경영 | 사무/총무/법무 | 인사/노무/교육 | 경리/회계/결산 | 재무/세무/IR | 사무보조/문서작성 | ◎ 지원 동기 및 진로 계획 해당 기관 및 직무에 지원하게 된 계기 향후 어떤 일을 하고 싶은지, 이 인턴 경험이 진로에 어떻게 도움이 되는지 서술 | ◎ 직무 관련 전문성 획득을 위한 활동 내용 지원한 분야 직무를 수행하는 데 필요한 지식이나 능력을 갖추기 위해 어떤 활동 및 노력을 해왔는지 구체적으로 서술 출신학교, 자격증, 시험(어학 등)성적 등은 언급하지 말고 행동과 경험 중심으로 작성 | ◎ 문제 해결 경험 일상생활, 학교, 아르바이트, 동아리 등 다양한 상황에서 문제를 인식하고 해결했던 경험 서술 어떤 방식으로 해결했는지와 그 결과가 어땠는지 중심으로 서술 | ◎ 소통 및 협업 능력 타인과 협력하여 성과를 낸 경험 서술 | ◎ 기대하는 점 및 각오 인턴십을 통해 배우고 싶은 점과 어떤 자세로 임할 것인지 서술 | [인사혁신처] 2026년 인사혁신처 청년인턴 제2차 채용 공고 | 행정 | 외국어·국제",,,[인사혁신처] 2026년 인사혁신처 청년인턴 제2차 채용 공고 [모집분야] 홍보 외국어/국제 행정 교육운영 [ 모집기간 ] 04월 07일 ~ 04월 09일 [채용공고]
311819,경기동부보훈지청,[경기동부보훈지청] 청년인턴 채용 공고,INTERN,"청년인턴 | 경영/사무 | 기획/전략/경영 | 사무/총무/법무 | 인사/노무/교육 | 경리/회계/결산 | 재무/세무/IR | 사무보조/문서작성 | 지원 동기 및 진로 계획 - 해당 기관 및 직무에 지원하게 된 계기 - 향후 어떤 일을 하고 싶은지, 이 인턴 경험이 진로에 어떻게 도움이 되는지 서술 | 직무 관련 전문성 획득을 위한 활동 내용 - 지원한 분야 직무를 수행하는 데 필요한 지식이나 능력을 갖추기 위해 어떤 활동 및 노력을 해왔는지 구체적으로 서술 - 출신학교 자격증, 시험(어학 등성적 등은 연급하지 말고 행동과 경험 중심으로 작성 | 문제 해결 경험 - 일상생활, 학교, 아르바이트, 동아리 등 다양한 상황에서 문제를 인식하고 해결했던 경험 서술 - 어떤 방식으로 해결했는지와 그 결과가 어땠는지 중심으로 서술 | 소통 및 협업 능력 - 타인과 협력하여 성과를 낸 경험 서술 | 기대하는 점 및 각오 - 인턴십을 통해 배우고 싶은 점과 어떤 자세로 임할 것인지 서술 | [경기동부보훈지청] 청년인턴 채용 공고",,,[경기동부보훈지청] 청년인턴 채용 공고 [담당업무] ㅇ 참전유공자법 개정('26.3월 시행)에 따른 배우자 등록 관련 홍보 및 자료정리 ㅇ 참전유공자 배우자 등록신청 및 생계지원금 지급 신청 관련 업무지원 ㅇ 상이등급구분 신체검사·고엽제 검진 및 장애판정 업무 지원 ㅇ 기타 보훈관련 업무 지원 등 [모집기간] 04월 01일 ~ 04월 10일 [채용공고]
311818,동해지방해양경찰청,[동해지방해양경찰청] 청년인턴 채용 공고,INTERN,"행정 | 경영/사무 | 기획/전략/경영 | 사무/총무/법무 | 인사/노무/교육 | 경리/회계/결산 | 재무/세무/IR | 사무보조/문서작성 | ◎ 지원 동기 및 진로 계획 - 해당 기관 및 직무에 지원하게 된 계기 - 향후 어떤 일을 하고 싶은지, 이 인턴 경험이 진로에 어떻게 도움이 되는지 서술 | ◎ 직무 관련 전문성 획득을 위한 활동 내용 - 지원한 분야 직무를 수행하는 데 필요한 지식이나 능력을 갖추기 위해 어떤 활동 및 노력을 해왔는지 구체적으로 서술 - 출신학교, 자격증, 시험(어학 등)성적 등은 언급하지 말고 행동과 경험 중심으로 작성 | ◎ 문제 해결 경험 - 일상생활, 학교, 아르바이트, 동아리 등 다양한 상황에서 문제를 인식하고 해결했던 경험 서술 - 어떤 방식으로 해결했는지와 그 결과가 어땠는지 중심으로 서술 | ◎ 소통 및 협업 능력 - 타인과 협력하여 성과를 낸 경험 서술 | ◎ 기대하는 점 및 각오 - 인턴십을 통해 배우고 싶은 점과 어떤 자세로 임할 것인지 서술 | [동해지방해양경찰청] 청년인턴 채용 공고",,,"[동해지방해양경찰청] 청년인턴 채용 공고 [담당업무] ᄋ 회의 및 행사, 기록물 관리 등 행정 업무지원 ᄋ 정책홍보를 위한 사회관계망 운영 등 홍보업무 ᄋ 전산·통계, 데이터 정보 등 관리 지원 ᄋ 국내·외 해양 관련 자료 모니터링 및 조사 정리ᄋ 해양오염예방 점검 관련 통계·분석 [모집기간] 03월 30일 ~ 04월 06일 [채용공고]"
311817,부산항만공사,[부산항만공사] 정규직(신입) 채용공고,NEW,,,,[부산항만공사] 정규직(신입) 채용공고 [모집분야] 사무 기술 기능 [모집기간] 04월 03일 ~ 04월 14일 [채용공고]
311816,학교안전공제중앙회,2026 학교안전공제중앙회 학교안전 온라인 서포터즈 안전ON 2기 모집,,,사진/영상/디자인 툴 | 콘텐츠 기획/제작 경험,활동비 | 수료증 및 인증서,"■ 2026 학교안전공제중앙회 학교안전 온라인 서포터즈 안전ON 2기 모집 2026 학교안전공제중앙회 학교안전 온라인 서포터즈 안전ON 2기 모집 ■ 참가 자격 - 전국의 학생, 학부모, 교직원, 일반인 등 학교안전에 관심 있는 자 - 블로그, 인스타그램 등 SNS 활용 능력을 보유한 자 - 월 2회 이상 정기적인 온라인 활동이 가능한 자 ■ 접수 기간 4월 1일(수) ~ 4월 14일(화) 자정까지 ■ 활동 내용 - 학교안전 홍보 콘텐츠 제작 - 중앙회 주요 행사 참여 및 홍보 - 학교안전 관련 의견 제안 및 정책 개선 아이디어 발굴 - 서포터즈 대상 교육 및 강의 ■ 활동 기간 2026년 5월 ~ 10월 (6개월) 위촉식 : 5월 7일(목) 해단식 & 시상식: 11월 중 예정 (오프라인 진행 / 장소: 학교안전공제중앙회ㅣ서울특별시 영등포구 국회대로74길 4 KC타워 7,8층) * 세부 일정은 변경될 수 있음 ■ 모집 인원 총 0명 ■ 지원 방법 학교안전공제중앙회 홈페이지(https://ssif.or.kr) 공지사항 확인 후 지원서 이메일 접수(ssif2007@naver.com) ■ 선발 절차 1차: 서류 전형 > 2차: 온라인(화상) 면접 전형 > 최종 합격자 발표 - 1차 서류 합격자 발표: 4월 20일(월) (개별 안내 예정) - 2차 면접 전형(비대면, 화상): 4월 22일(수) ~ 4월 24일(금) - 최종 합격자 발표: 4월 30일(목) (개별 안내 예정) ■ 활동 혜택 - 활동비 지급(활동 내역에 따라 차등 지급) - 우수 서포터즈 포상 - 교육 및 강의 제공 - 기관 주최 행사 참가 기회 제공 - 활동 수료증 발급 ■ 유의사항 ※ 발대식 및 해단식 참석은 서포터즈 활동의 필수 요건으로, 해당 행사에 참석 가능한 자에 한해 활동이 가능함 ※ 발대식 및 오리엔테이션 : 2026. 5. 7.(목), 해단식 : 2026. 11월 (예정) (장소 : 학교안전공제중앙회ㅣ서울특별시 영등포구 국회대로74길 4 KC타워 7,8층) * 세부 일정은 변경될 수 있음 ■ 문 의 ssif2007@naver.com / 02-6410-5080"
311815,광주출입국,제19회 세계인의 날 기념 광주-전남 이민자 사진 컨테스트,,,,상장 수여,"■ 공모명 제19회 세계인의 날 기념 광주-전남 이민자 사진 컨테스트 ■ 응모주제 『제 19회 세계인의 날』 및 『광주·전남 행정통합』 기념 ■ 응모자격 광주·전남 거주 재한외국인 (1인 2점 이내, 출품료 무료) ■ 응모규격 3,000픽셀 이상의 디지털 또는 휴대폰 사진 ■ 시상내역 대상(1명): 50만원/최우수상(1명): 30만원/우수상(2명): 각 20만원/장려상(3명): 각 10만원/참가상(10명): 각 5만원 ■ 접수방법 이메일(kiipgwangju@korea.kr) 접수 ■ 메일내용 작품명, 성명, 연락처, 주민(외국인)등록번호, 작품설명(30자 이내) ■ 주의사항 AI 생성 사진은 응모 불가하며, 타 공모전 수상작은 제외됩니다. ■ 문 의 광주출입국·외국인사무소 이민통합지원센터 (062-605-5210)"
311814,에스원,[에스원] 나만의 '안심짤',,,,기타,"■ 공모명 [에스원] 나만의 '안심짤' ■ 공모 기간 3/19(목) ~ 4/10(금) ■ 우수작 발표 4/21(화) ■ 응모 방법 ① 에스원 공식 인스타그램 계정 팔로우 ② 본인 계정에 안심되는 순간의 사진/영상 업로드 - 작품에 대한 짧은 설명(20~100자 내외) - 필수 태그: #에스원 #안심짤 ③ 영상 응모 폼에 업로드 게시물 URL과 개인 정보 입력 ▶ 응모 링크https://app.catchsecu.com/project/2d47fe9bcb5c5e8/form ④ 응모 완료 후 영상 이벤트 게시물에 참여 완료 댓글 달면 끝! ■ 이벤트 경품 - 최우수상(1명): 신세계 상품권 20만 원 - 우수상(2명): 신세계 상품권 10만 원 - 장려상(3명): 신세계 상품권 5만 원 - 참가상(200명): 메가커피 아메리카노 * 참가상은 참가 인원이 500명 미만일 경우 전원에게 지급되며, 500명 이상일 경우에는 수상자를 제외한 참가자 중 랜덤 추첨을 통해 지급 ■ 유의사항 • 중복 당첨 시 경품은 하나만 발송됩니다. • 비공개 계정으로 게시물 업로드 시 내용 확인이 어려워 이벤트 참여가 제한될 수 있습니다."
311813,부산항만공사,[부산항만공사] 체험형 청년인턴 채용 공고 (생애 첫 인턴),INTERN,,,,[부산항만공사] 체험형 청년인턴 채용 공고 (생애 첫 인턴) [모집분야] 사무 기술 안전 환경 [모집기간] 04월 03일 ~ 04월 20일 [채용공고]
311812,과학기술정보통신부,다목적방사광가속기 명칭 공모전,,,,상장 수여,"■ 공모명 다목적방사광가속기 명칭 공모전 ■ 공모주제 다목적방사광가속기의 기능·특성·미래비전 등을 반영하고 첨단기술, 혁신, 에너지, 과학기술 발전, 지역 특성 및 역사적 상징성 등을 대표할 수 있는 명칭 ■ 공모대상 다목적방사광가속기에 관심있는 전 국민 ■ 공모일정 공모접수 : 2026년 4월 1일(수)~4월 30일(목),4주간 최종발표 : 2026년 5월 예정 ■ 접수방법 다목적방사광가속기 이름(국문, 영문) 및 의미, 설명을 온라인 웹페이지 기반 제출(200자 내외) ■ 시상내역 최우수상 : 1명, 300만원 우수상 : 2명, 각 100만원 장려상 : 2명, 각 50만원 AI선정상 : 10명, 각 상품권 5만원 * 제세공과금은 본인부담이며, 상금에서 공제 후 지급 * 접수·평가 결과에 따라서 시상규모는 변동될 수 있음 ■ 문 의 운영사무국 02-2233-4027"
311811,한국교통연구원,"한국교통연구원, 2026년 제7기 KOTI 온라인 서포터즈 모집",,,사진/영상/디자인 툴 | 콘텐츠 기획/제작 경험,활동비 | 수료증 및 인증서,"■ 2026년 제7기 KOTI 온라인 서포터즈 한국교통연구원에서는 교통이야기를 시민들과 나눌 온라인 서포터즈를 모집하고자 다음과 같이 공지합니다. 관심있으신 분들의 적극적인 참여를 바랍니다. ■ 모집인원 00명 ■ 모집기간 2026년 3월 27일(금)~4월 16일(월) ■ 활동기간 선정완료 시(2026년 4월) ~ 2026년 12월(약 9개월) ■ 지원방법 지원서* 작성 및 E-mail 송부 ※ 지원서는 별도의 첨부 양식을 활용하여 작성 ■ 지원자격 교통관련 분야에 관심을 가지고 있으며 소셜미디어를 활발히 사용하는 일반인 ※ 교통관련 블로그 운영, 높은 SNS 팔로워 보유자, 디자인 능력 우수자 우대 ■ 선정기준 교통분야 관심도 / 온라인 매체 운영 및 활성화 여부 / 디자인 능력 등 ■ 주요 활동 내용 활동 건수: 블로그 포스팅, 카드뉴스 및 쇼츠영상 제작 월 1건 ■ 주제 한국교통연구원의 주요 연구보고서 소개: 기본연구, 일반, 연구개발적립금 보고서 ※ 콘텐츠 작성의 대상이 되는 연구보고서 목록 추후 연구원에서 작성하여 공유 연구원 공식행사 또는 교통 관련 세미나, 박람회 등 행사의 현장취재 또는 교통정책 관련 개인 관심사 ※ 교통 정책 관련 개인 관심사 콘텐츠 제작 시 한국교통연구원 발간 보고서 등 연구결과 내용을 활용하되, 사전에 작성하고자 하는 포스팅 주제를 연구원 담당자에게 통보 필요 ※ 연구원 공식행사 개최 소식 등은 메일로 월 1회 발송되는 뉴스레터, 한국교통연구원 공식 홈페이지(https://www.koti.re.kr) 를 통해 서포터즈 개별 확인 제작된 콘텐츠는 서포터즈 개별 매체에 업로드 ※ 월별 우수 포스팅 선정 콘텐츠는 내용 재가공 및 작성자를 명시하여 한국교통연구원 공식계정(홈페이지, 블로그, 페이스북 등)을 통해 공개 예정 연구원 정기간행물 원고 집필 시 추가 원고료 지급 ■ 참여자 혜택 활동 종료 시 한국교통연구원 온라인 서포터즈 활동증서 수여(한국교통연구원장) 콘텐츠 제작 시 소정의 원고료 지급 우수 콘텐츠로 선정 시 연구원 공식 월간지 원고게재 및 추가 원고료 지급(원고 작성 필요) ■ 문 의 ggang2da@koti.re.kr"
311810,서울시여성인력개발원,2026 서울커리업 시민기자단 모집,,,사진/영상/디자인 툴 | 콘텐츠 기획/제작 경험,활동비 | 수료증 및 인증서,■ 모집명 2026 서울커리업 시민기자단 모집 ■ 모집대상 연나이 19세(2007년생) 이상 서울시민 누구나 ■ 모집기간 2026. 3. 23.(월) ~ 2026. 4. 6.(월) (15일간) ■ 필수참석 - 발대식 : 4. 24.(금) 예정 - 간담회 : 7. 15.(수) 예정 - 해단식 : 9. 30.(수) 예정 ■ 모집인원 10명 내외 ■ 지원방법 서울시여성능력개발원 누리집을 통한 온라인 신청 ■ 결과발표 2026. 4. 13.(월) 예정 홈페이지 게재 및 개별 연락 ■ 활동기간 2026. 5. ~ 2026. 9. (5개월) ■ 활동내용 여성인력개발기관의 교육·행사·시설 이용 관련 현장 취재 및 콘텐츠 제작 ※ 1인당 월 1건 작성 및 제출 (블로그 및 인스타그램용) ■ 활동혜택 - 원고료 지급 (건당 6만원) - 위촉장·기자증 활동인증서 발급 - 우수콘텐츠 선정 및 시상 ■ 문 의 070-4148-1926 / womanupad@seoulwomanup.or.kr
311809,서산시,서산에서 일주일 살아보기 참가팀 모집,,,파워블로거/SNS | 사진/영상/디자인 툴,활동비,"■ 모집명 서산에서 일주일 살아보기 참가자 모집 ■ 모집기간 2026. 3. 24. ~ 4. 2. 18:00까지 (10일간) ■ 신청자격 • 모집일 기준 만 19세이상 주민등록상 서산시 관외 거주 중인 자 ※ 여행비자 외국인도 가능, 한국 거주 외국인의 경우 외국인 등록증으로 관외 거주지 확인 • 동반자녀일 경우 만 18세 이하도 가능 • 서산시 관광에 흥미가 있고, 개인 SNS 지역관광 홍보가 가능한 자 ※ 여행작가, 파워블로거, 유투버, 외국인 등 홍보에 유능한 참가자 우대 선정 ■ 여행기간 2026. 4. 8. ~ 6. 30. ■ 모집인원 70팀 ※1팀당 1~4명 ■ 주요내용 • 서산시 내 최소 3일 (2박) 이상 ~ 최대 7일 (6박) 이하 숙박시설 사용 • 서산시 내 주요 관광지 방문 • 서산에서 일주일 살아보기 후 여행 후기 작성 • 여행 콘텐츠 게재, 방문한 관광지 사진 업로드(관광지 명칭 기재 필수) ※ 3페이지 후기 작성 기준 참고(방문 인증 사진 필수) ■ 선정발표 2026. 4. 7.(화요일) 선정자 개별 안내 ■ 신청서류 참가신청서[서식1], 개인 정보 제공 동의서 및 서약서[서식2] ■ 신청방법 서류작성 후 이메일 발송 (seosan1week@gmail.com) ■ 지원금액 숙박비, 식비, 여행자보험비 ■ 문 의 0507-1335-2358 / seosan1week@gmail.com"
311808,대전광역시 사회혁신센터,2026 시민홍보 서포터즈 모집 공고,,,파워블로거/SNS | 타 대외활동 경험,활동비 | 수료증 및 인증서,"■ 모집명 2026 시민홍보 서포터즈 모집 ■ 모집대상 만 19~39세 대전 시민 누구나 ○ 만 19세 이상 39세 이하로 대전시에 거주하거나 활동(직장, 학교 등) 중인 분 ○ 블로그 기사 작성, 카드뉴스 디자인, 영상 편집(숏츠 등)이 모두 가능한 분 ○ 월 1회 이상 현장 취재 및 콘텐츠 제작 가능한 분 ○ 제작 콘텐츠를 센터 공식 채널 및 본인 SNS 계정에 각 업로드 가능한 분 ■ 접수기간 3. 16.(월) ~ 4. 3.(금) 18:00 ■ 활동기간 2026년 4 ~ 12월(9개월) ■ 활동내용 ○ 현장 밀착형 홍보 콘텐츠 생성 ○ 센터 주요 사업 현장 취재 및 리뷰 ○ 센터사업 및 일상을 담은 카드뉴스 제작 ○ 트렌디한 숏폼 영상 기획 및 제작 등 ■ 활동혜택 ○ 활동비 지급: 1인당 월 최대 150,000원 (콘텐츠 1건당 50,000원) ○ 활동 종료 시 활동 기준을 충족한 서포터즈에게 활동 인증서 발급 ※ 활동기간 중 70%이상 활동 필수 ○ 우수 서포터즈 대상 별도 포상 수여 (분기1회) ○ 우수 활동자 지역 라디오 방송(CBS) 출연 및 인터뷰 기회 검토 ■ 발표일정 2026. 4. 10.(금) ■ 신청방법 네이버폼을 통한 접수 ■ 문 의 070-4946-8779 (대전사회혁신센터 홍보담당)"
311807,경기도,2026 경기도 누릴기회 여행참가자 모집,,,타 대외활동 경험,활동비,"■ 모집명 2026 경기도 누릴기회 여행 참가자 모집 ■ 신청기간 2026. 3. 23.(월) ~ 4. 10.(금) 17:00까지 ■ 신청대상 경기도 거주 관광취약계층 1,200명(동반자 포함) ■ 지원내용 - 경기도 맞춤형 여행상품 지원(당일/단체여행) - 역사문화체험, 관광지, 요리체험, 학습관광, 무장애관광 등 여행상품 공모를 통해 4월말 확정(예약사이트에서 여행정보 확인 후 직접 예약) ■ 지원인원 - 저소득 : 신청인 + 동반자 1명(동반자 자격제한 없음) - 한부모가족 : 신청인 + 동반자 최대 3명까지 가능(자녀에 한함) - 장애인 : 신청인 + 동반자 3명까지 가능(동반자 자격제한 없음) ■ 신청방법 - 온라인 : www.ggitour.net 경기도 누릴기회여행 홈페이지에서 신청 - 오프라인 : (양식 다운로드) www.gta.or.kr 공지사항 ㅇ팩스 : 031-241-6846 ※수신확인 필수 ㅇ우편 : (16308) 수원시 장안구 경수대로 893 수원종합운동장 주경기장 161호 ■ 결과발표 2026. 4월말 개별 문자알림(선정자에 한함) ■ 문 의 (사)경기도관광협회 031-255-8424~6"
311806,성평등가족부,2026년 성평등가족부 공공·AI 데이터 융복합 아이디어 및 분석활용 공모전,,,,상장 수여,"2026년 성평등가족부 공공·AI 데이터 융복합 아이디어 및 분석활용 공모전 ■ 공모주제 ① 창업 및 아이디어 제안 ② 데이터 직접분석 및 우수활용 * 공모주제는 성평등가족부 정책(가족/청소년/양성평등/인권보호) 관련 분야로 한정 ■ 공모분야 ① 아이디어 부문 - AI 등을 활용한 대국민 서비스 제안 - 모바일 App 서비스 개발 등의 신규 비즈니스 창출 ② 분석·활용 부문 - 사회적 현안 해결을 위한 직접 분석﻿ ■ 기간 및 일정 - 2026.04.06(월) ~ 2025.05.04(월) 18:00 ■ 지원자격 - 데이터의 이용과 활용에 관심 있는 국민 누구나 (대학생·대학원생 또는 직장인, 일반인 등 제한 없음) * 개인 또는 5인 이내 팀으로 신청 가능 ■ 접수방법 - 참가신청서 등을 첨부하여 접수페이지를 통해 신청서 접수 ■ 제출서류 - ①참가신청서, ②기획서, ③개인정보 및 제공 동의서, ④서약서 ■ 공모전 시상내역 - 성평등가족부 장관상 및 상금(총상금 700 만원) - 대상 : 통합 / 성평등가족부 장관상 및 300만 원 / 1팀 - 우수상 : 아이디어 / 성평등가족부 장관상 및 175만 원 / 2팀 - 장려상 : 아이디어 / 성평등가족부 장관상 및 50만 원 / 2팀 ■ 문의 - persoego@li-st.com"
311805,한국뇌연구원,[한국뇌연구원] 2026년도 제2차 직원(정규직·무기계약직) 채용 공고,"EXPERIENCED, NEW, CONTRACT","공무직 - 미화 | 청소/가사/육아 | 서비스 | 청소/미화 | 가사도우미 | 육아도우미 | · 귀하께서 한국뇌연구원에 지원하게 된 동기와, 지원자 본인이 열정적으로 업무를 수행하는 사람임을 가장 잘 나타내는 사례와 그 근거를 작성하여 주시기 바랍니다. | · 귀하의 경력사항과 보유기술 및 역량 등에 대하여 구체적으로 작성하여 주시기 바랍니다. | [한국뇌연구원] 2026년도 제2차 직원(정규직·무기계약직) 채용 공고 | 기술직 - IT 인프라 운영 관리 | IT/인터넷 | 웹개발 | 응용프로그램개발 | ERP/시스템개발/설계 | 네트워크/서버/보안 | DBA/데이터베이스 | 콘텐츠/사이트운영 | 웹기획/PM/웹마케팅 | HTML/퍼블리싱/UI개발 | QA | 게임",,,[한국뇌연구원] 2026년도 제2차 직원(정규직·무기계약직) 채용 공고 [모집분야] 공고 참고 [모집기간] 03월 30일 ~ 04월 13일 [채용공고]
311804,한국도로공사 전북본부,2026 한국도로공사 전북본부 교통안전 이모티콘 공모전,,,,상장 수여,"2026 한국도로공사 전북본부 교통안전 이모티콘 공모전 ■ 공모 내용 - 이모티콘 정지형(1종), 모션형(1종) 제작 - (필수주제) ACC(자율주행 보조장치) 위험성 홍보 - (선택주제) 졸음운전 예방, 안전띠 착용, 과속운전 예방, 2차사고 예방(비트밖스), 학교 통학로 교통안전, 안전운전 관련 자유주제 ■ 지원 자격 - 학생(초,중,고,대학교 재학생·휴학생) 및 일반인 (전북도민 대상) - 개인 또는 3인이하 팀 ■ 모집 기간 : 2026.03.23(월) ~ 2026.04.17(금) ■ 지원 방법 : 온라인 접수 ■ 공모전 시상규모 : 총 16팀, 총 260만원 상당 부상 지급 - 대상(1팀) : 부상 50만원 상당 - 최우수상(3팀 (초등·중고·대학일반 각 1팀)) : 20만원 상당 - 우수상(6팀 (각 부문 2팀)) : 15만원 상당 - 장려상(6팀 (각 부문 2팀)) : 10만원 상당 ■ 문의처 : 한국도로공사 전북본부 담당자 063-714-6142"
311803,영천시,제5회 영천시 공공데이터•AI 활용 창업 경진대회,,,,상장 수여,"제5회 영천시 공공데이터•AI 활용 창업 경진대회 ■ 공모 내용 - 아이디어 기획 / 데이터 시각화 ■ 지원 자격 - 대한민국 국민 누구나(개인 또는 4인 이하 팀) ■ 모집 기간 - 2026년 4월 1일(수) ~ 5월 15일(금) ■ 공모전 시상내역 - 아이디어기획- 최우수(200만원), 우수(150만원), 장려(100만원) - 데이터시각화- 최우수(200만원), 우수(150만원), 장려(100만원) - 훈격 영천시장상 ■ 문의 사항 - 054-339-0054 및 홈페이지(www.ycdatacon.kr)"
311802,경기도,2026년 제3회 전국김밥경연대회,,,,상장 수여,"2026년 제3회 전국김밥경연대회 ■ 시제 ○ 경기미 K푸드 김밥의 미래 경기미와 경기 농산물을 주재료로 제시 참가자가 선택하여 김밥 레시피 구성 예) 가평잣, 여주고구마,양평딸기,남양주먹골배,안산포도 등 ➀ 경기미와 농산물을 재료로 한 이색 김밥 ➁ 매장에서 판매 할 수 있는 제품 구성 ■ 참가부문 및 참가자격 일반부 - 식문화 관심있는 20세 이상 (최대 2명 팀 구성) 소상공인부 - 김밥판매점 대표 또는 직원(위임), 본선참여 최대 5인 이내 팀 * 사업자등록증 확인 (직원 참가 시 위임장) ■ 신청접수 ○ 참가신청 : 4월 1일(수)~4월 23일(목) 18시 까지 ○ 신청방법 : 공식홈페이지 접수 ○ 제출서류 - 참가신청시 [참가신청서,개인정보활용동의서,서약서] ■ 부대서류 제출 ○ 부대서류 : 4월 21일(화)~ 5월 7일(목) 18시 까지 ○ 접수방법 : 공식 홈페이지접수 ○ 제출서류 - 부대서류 [출품작품설명서 및 레시피(사진첨부),구매인증서류**] ■ 경연방법 및 심사 - 일반부 별도 조성된 경연장소에서 주어진 경연시간 내 제출된 레시피에 의거하여 작품 조리 조리된 작품 심사 진행 본선진출자는 본상 수상과 관계없이 입상상금 10만원 제공 (재료비 10만원) - 소상공인부 ※ 제공된 판매부스 (3X3M)에서 김밥 제조 판매 심사위원 관능평가 및 소비자 평가 진행 본선진출자는 본상 수상과 관계없이 입상 상금 30만원 제공 (재료비 30만원) * 참가자는 본인확인을 위한 신분증 지참 * 본인 희망 시 6월 14일(일) 판매 부스 운영 가능 - 심사 심사위원단 5명 (요리 전문가, 유통 전문가등 분야별로 구성) 식문화 관련 기관 추천 및 선정 ■ 예선 심사 - 심사방법 : 레시피에 의한 서류심사 - 서류심사 : 레시피 및 제조과정 사진 (제조과정,완성사진 인증샷 3컷이상) - 심 사 자 : 예선 심사위원 (3인) ■ 시상 혜택 - 일반부(상장,상금) | 소상공인부 (상장,상금,상패 제공) ■ 공모전 시상계획 (15팀-경기도지사상) - 대상(부문 통합 1명 선정) : 3,000,000 [일반부] - 금 상(1) : 2,000,000 - 은 상(1) : 1,500,000 - 동 상(2) : 800,000 - 장려상(2) : 500,000 [소상공인부] - 금 상(1) : 2,000,000 - 은 상(1) : 1,500,000 - 동 상(2) : 800,000 - 장려상(2) : 500,000 ■ 문의 사항 - Tel. 031-774-3312 - E-mail : krucc@naver.com"
311801,건국대학교 한국지속가능경영연구원,2026 청년 일경험 프로젝트형 참여자 모집 KU YOUNG MAKERS with 롯데홈쇼핑,,,타 대외활동 경험,활동비,"2026 청년 일경험 프로젝트형 참여자 모집 KU YOUNG MAKERS with 롯데홈쇼핑 ""당신이 소싱한 상품, 60분 후 '품절' 처리하시겠습니까?"" KU YOUNG MAKERS는 상품 소싱부터 방송 기획, 그리고 롯데홈쇼핑 엘라이브(L.live)에서의 실제 판매까지, 유통의 전 과정을 주도하는 ‘라이브 커머스 실전 프로젝트’입니다. ■ 프로젝트 핵심 포인트 - 60분의 실전 라이브: 롯데홈쇼핑 공식 앱 '엘라이브'에서 60분간 실제 생방송 진행 - A to Z 마스터: 시장 분석 기반의 상품 소싱부터 방송 연출, 실제 판매까지 완수 - 자율적 팀 플레이: 팀별 자율 수행 방식(사무실 출근 없이 현업 몰입 가능) - 전문가 멘토링: 롯데홈쇼핑 현직 MD·PD의 주 1회 밀착 피드백 및 노하우 전수 ■ 참여혜택 - 참여 수당: 월 40만 원 (8주 완주 시 총 80만 원) - 팀 활동비: 월 90만 원 (팀당 총 180만 원 지원, 소싱 및 제작비 활용 가능) - 교육 수당: 사전 직무교육(2일) 참여 시 2만 원 별도 지급 - 커리어 인증: 실제 방송 실적 기반 성과 포트폴리오 및 수료증 발급 ■ 모집 및 신청 안내 - 모집인원: 40명 (4인 1팀 구성 / 팀 또는 개인 신청 가능) - 모집대상: 만 15세 이상 34세 이하 미취업 청년 (MD, PD, 쇼호스트 지망생 환영) - 모집기간: 2026.03.24(화) ~ 04.05(일)"
311800,중앙북스,중앙북스 2026년 프렌즈 블로그 기자단 모집,,,파워블로거/SNS | 타 대외활동 경험,전문가/임직원 멘토링 | 수료증 및 인증서,"중앙북스 2026년 프렌즈 블로그 기자단 모집 ■ 프렌즈 기자단이란? 프렌즈 도서를 기반으로 네이버 블로그에 유용한 여행 콘텐츠(서평·활용 글)를 꾸준히 발행하는 대학생 기자단입니다. ■ 모집 대상 - 여행을 좋아하고, 글로 정리하는 걸 즐기는 대학생 - 네이버 블로그 운영 필수(링크 제출) - 4~9월(6개월) 동안 꾸준히 활동 가능한 분 (우대) 상위노출 경험, 월 평균 방문자 높은 블로거, 장문 작성 가능, 온라인 서점 리뷰 활동 활발 ■ 운영 개요 - 활동 기간: 4~9월(6개월) - 인원: 15명 (5명×3조) ■ 활동 내용(필수) [개인 미션(월간)] 블로그 월 2건 이상 발행 온라인 서점 서평 1건 게재 필수 [조별 미션(외부 활동시)] 외부 활동 내용 후기 블로그 발행 ■ 지원 방법 - 지원 폼 제출: https://forms.gle/tm2pZ1hmvpLXvaZG9 ■ 활동 혜택 - 프렌즈 도서 제공 (활동 연계) - 기자단 수료증 발급 - 기자(혹은 관광청 직원) 선배와의 만남(QnA/실무 팁 공유) - 개인 완수 리워드: 월간 미션 완수 시 소정의 리워드 제공 ■ 스페셜 리워드 - 프렌즈 공식 채널(중앙북스 블로그/인스타 등) 소개 - 히든 미션 어워드 → 네이버 상위노출 시 최대급 스페셜 리워드 제공(폐회식 현장 공개) ■ 유의 사항 - 발대식과 폐회식 등 오프라인 활동을 모두 참여할 수 있어야 합니다. - 미션 2회 이상 미진행 시 활동이 중지될 수 있습니다. ■ 문의 : lee.nakyung1@joins.com"
311799,메이크어위시 코리아,난치병 아동의 소원천사 2026년 2분기 단기봉사단 모집,,,타 대외활동 경험,행사 참여,"난치병 아동의 소원천사 2026년 2분기 단기봉사단 모집 메이크어위시(Make-A-Wish)는 소원성취 활동을 통해 난치병으로 투병 중인 아동의 삶에 변화를 선물하는 ‘세계 최대 소원 성취 기관’으로, 전 세계 50개 국가에서 함께합니다. 재단의 미션에 공감하고 즐겁게 활동하실 분들의 많은 지원 바랍니다. ■ 모집 대상 1) 국내/외 대학(교)에 재학 중인 대학(원)생 (2인 이상 팀으로만 지원 가능) 2) 만 19세 이상의 신분 확인이 가능한 성인 (개인, 팀으로 모두 지원 가능) ※ 대학(원) 재, 휴학생의 경우 팀 신청만 가능 ※ 팀 지원 시 팀원 개별 내용으로 개인별 제출(팀 전원 동일한 내용 기술 및 팀 대표로 1개 지원서 제출 시 불합격) ■ 모집 일정 1) 모집 기간 : 2026. 03. 27.(금) ~ 2026. 04. 12.(일) 2) 1 차 발표 : 2026. 04. 15.(수) 17시 재단 홈페이지 내 공지 3) 면접 일정 : 2026. 04. 25.(토), 2026. 04. 29.(수) ~ 30.(목) / 총 3일간 비대면으로 진행 4) 최종 발표 : 2026. 05. 07.(목) 17시 재단 홈페이지 내 공지 ■ 활동 일정 - 발대식 : 2026. 05. 13.(수) 오후 8시 / 비대면 - 해단식 : 2026. 08. 20.(목) 오후 8시 / 비대면 ※ 상기 일정 모두 필수 참석 ※ 모든 활동 참석자에 한해 활동인증서를 발급합니다. ■ 대외활동 내용 1) 난치병 아동을 만나 소원을 도출 및 구체화 활동 2) 난치병 아동의 소원이 이루어지는 날인 위시데이 기획 및 진행 ■ 지원 방법 - 메이크어위시 코리아 홈페이지 온라인 지원 ㄴ재단 홈페이지 > 자원봉사 > 자원봉사활동 > 단기봉사단 지원하기(▶바로가기) ■ 기타사항 - 모집 및 공지는 홈페이지를 통해 진행됩니다. - 팀 별 활동비를 지급하며, 활동 시 지역 간 이동이 있을 수 있습니다. - 발대식 불참 시 활동 참여가 불가하며, 해단식 불참 시 활동인증서가 발급되지 않습니다. - 본 활동은 봉사시간은 인정되나 학점 이수 활동으로 연계되지 않으며 해외 봉사활동과 병행할 수 없습니다. ■ 문의 - wishangel@wish.or.kr (이메일로만 문의) ■ FAQ Q. 팀으로 어떻게 지원하나요? A. 신청 유형에서 [팀 신청] 선택 후, 함께 신청하는 지원자의 성함을 모두 작성해주시면 한 팀으로 배정합니다. Q. 팀으로 지원할 경우, 팀 대표로 지원서를 제출하면 되나요? A. 아니요. 팀원 개별 내용으로 개인 제출해주셔야 합니다. 팀 전원 동일한 내용을 기술하거나 팀 대표 1개의 지원서만 제출할 경우 불합격 처리되니 유의하세요. Q. 선발 과정은 어떻게 되나요? A. 서류 평가와 면접을 통해 선발 진행하고 있으며 모든 과정은 개별 평가로 진행됩니다. Q. 신청서를 작성하고 제출을 눌렀는데 흰 화면만 나와요 A. 홈페이지 유효시간이 지나 최종제출이 되지 않았을 때에 흰 화면이 나옵니다. 최종 제출이 완료 되었을 때에는 자원봉사활동 신청이 정상적으로 접수되었습니다 라는 문구를 확인하실 수 있습니다. Q. 팀 배정은 어떻게 되나요? A. 개인 신청자의 경우 지원자의 지원서 및 면접 내용을 고려하여 재단에서 팀을 구성합니다. 팀 신청자의 경우 팀원 중 부분 합격과 팀원 모두가 합격하는 경우로 나누어 볼 수 있습니다. 모두가 합격하는 경우에는 같은 팀으로 활동하실 수 있으며, 팀원 중 부분 합격을 한 경우에는 지원서 및 면접 내용을 고려하여 재단에서 다른 지원자(팀)을 구성합니다 ※ 팀 구성은 3~4인으로 구성됩니다."
311798,(사)대한재난구호안전봉사회,제8회 전국학생 재난구호안전 미술 공모전,,,,상장 수여,"제8회 전국학생 재난구호안전 미술 공모전 ■ 작품 내용 및 규격 ① 생활주변 위험을 예방하고 안전을 실천 할 수 있는 내용 ② 재난극복을 위한 캠페인 실천할 수 있는 내용 ③ 화재, 수해, 지진, 포스터 내용 ④ 사회적 자연적 재난환경 재난사태 내용 ⑤ 문화재보존의 중요성을 알릴 수 있는 내용 ⑥ 학생이름, 학교소속, 본인 전화번호, 보호자 전화번호 소감 필수 기록할 것(작품설명)정확하게 기재할것 ⑦ 장관상 수상자는 출품할 수 없습니다 ⑧ 다른 곳에 출품한 작품은 절대 출품할 수 없습니다 ⑨ 7세 미만은 출품할 수 없습니다 ⑩ 학원에서 제출 시 보호자 이름, 전화번호 필수 기록 ⑪ tti5831@hanmail.net (※꼭 동의서,신청서,그림작품 동시제출 필수) * 도화지 규격 : 8절지(7세 유치부~초등 3학년), 4절지(초등학교4학년 ~중학생) * 도화지 규격 : 가로54cm 세로39cm * 제 출 방 법 : 사진 3,000×2,000px이상 2MB Jpg파일 제출 * 그리기 방식 : 크레파스화(물감혼용 가능) 및 수채화 * 신청서-동의서 작성 할 때 정확하게 글씨 (컴퓨터 사용 추천) ■ 지원 자격 - 전국 유치원생7세(어린이집 포함) 및 초등학생, 중학생 (500명) ※ 신청기간 중 선착순 500명 마감 ■ 공모전 모집기간 - 2026년 04월 01일 10:00~ 5월 26일 17:00시 까지 (선착순 500명) ■ 지원 방법 - 신청서 이메일 제출(tti5831@hanmail.net) - 신청서 다운로드 : 봉사회 홈페이지(봉사회 소개 - 봉사회소식) - 참 가 비 : 없음 ■ 문의 사항 - 대회와 관련된 모든 사항은 (사)대한재난구호안전봉사회 사무국 (☎02-6230-6368) (FAX 02-6230-6369)"
311797,SK하이스텍,[SK하이스텍] 교육 기획/운영 담당자 채용,NEW,교육 기획/운영 담당자 | 교육기획 | 인사/노무/교육 | 경영/사무 | 자기소개와 지원동기를 서술하여 주시기 바랍니다. | [SK하이스텍] 교육 기획/운영 담당자 채용,,,"[SK하이스텍] 교육 기획/운영 담당자 채용 [담당업무] SK하이닉스/협력사 구성원 대상 교육 프로그램 기획/운영 교육(코칭, 버크만 등) 강의 및 퍼실리테이션 수행 교육 만족도 및 학습자 VoC 관리, 교육 품질 개선 교육 관련 세미나/포럼/행사 지원 등 [모집기간] 03월 30일 ~ 04월 08일 [채용공고]"
311796,부산은행,유라시아피스랠리와 함께하는 2026 국제 청소년 미술공모전 (참가비 있음),,,,상장 수여,"유라시아피스랠리와 함께하는 2026 국제 청소년 미술공모전 ■ 공모 주제 K-문화 또는 자유주제 • 작품 형식: 평면 및 입체·조형 작품 • 작품 규격 평면작품: 2절(78.8×54.5cm) 이하 입체·조형: 작품 사진 5매 이상 폼보드(2절 이하)에 부착 제출 ■ 공모 내용 • 행사명: 유라시아피스랠리와 함께하는 제25회 2026 국제 청소년 미술공모전 • 참가 대상: 전 세계 중·고등학생 재학생 및 졸업생(2026년도 졸업) 또는 이와 동일 연령 청소년 ■ 지원 자격 - 전 세계 중·고등학생 재학생 및 졸업생(2026년도 졸업) 또는 이와 동일 연령 청소년 ■ 모집 기간 - 기간: 2026년 3월 2일 ~ 5월 21일 (소인 인정) ■ 지원 방법 ① 네이버폼 링크를 통해 참가 신청서 작성 ( 네이버폼 링크 https://naver.me/59UBSkYV ) ② [첨부1]작품 부착용 서식을 작성 후 작품 사진과 함께 이메일 전송 ( K-art2007@naver.com ) ③ 작품 원본 우편 또는 택배 접수(※액자 금지) • 작품 도착지: 부산광역시 부산진구 동성로 87번길 23, 2층, 케이아트국제교류협회 국제어린이미술공모전담당자 앞 ※ 반드시 본인이 도착 확인 가능한 운송방법으로 접수하시기 바랍니다. ※ 작품 운송 시 발생되는 파손 및 분실은 접수자 책임이므로, 포장에 유의 바랍니다. • 후원금: 1점 50,000원(기부금영수증발행) • 기초생활수급자 1점 무료 • 추가 작품 1점당 30,000원 (최대 3점) ※예) 2점 출품시 후원금 80,000원 • 후원금 입금계좌: 부산은행 101 2087 6658 01 예금주: 케이아트(K-art) ■ 심사 및 발표 • 공개 심사 진행 (심사일: 5월 말 예정) • 국제 심사위원단 참여 (한국·일본·인도) • 결과 발표: 2026년 6월 협회 홈페이지 공지 ■ 시상내역 • 특별상: 장관상 및 기관장상 등 • 금 상 : 상장, 2027해외연수(참가비 전액 지원(세금 본인부담)), 2027국제청소년예술축제 참가 자격, 실기대회 무료참가 • 은 상 : 상장, 상품, 2027해외연수(참가비 ₩100,000지원), 2027국제청소년예술축제 참가 자격, 실기대회 무료참가 • 동 상 : 상장, 상품, 2027해외연수(참가비 ₩50,000지원), 2027국제청소년예술축제 참가 자격, 실기대회 무료참가 • 특 선 : 상장, 해외연수 참가 자격부여, 2027국제청소년예술축제 참가 자격, 실기대회 무료참가 • 입 선 : 상장, 해외연수 참가 자격부여, 2027국제청소년예술축제 참가 자격, 실기대회 무료참가 • 시상식 (특별상, 금상, 은상, 동상 수상자 참여, 모두 기념품 증정) -장소: 국회의사당 -일시: 추후 안내 • 수상자 전원 상장(분실시 수상실적 확인서) 발급 • 2026 부산국제아트페어 기획 그룹전 참가 기회 제공 (단, 전시 작품은 별도 심사통해 선별) ※ 전시 종료 후 작품은 반환하지 않음 • 국제 청소년 예술축제 참가 자격 부여 • 국제 청소년 미술 실기대회 무료 참가 • 해외 연수 및 미술 교육 프로그램 참여 기회 제공 • 해외 전시 참가 기회 제공 ■ 문의 사항 - 주소: 부산광역시 부산진구 동성로87번길 23, 2층 - 전화: 051-806-1004, 051-803-8830 - 이메일: k-art@naver.com"
311795,경상북도,2026년 제18회 경북여성 창업아이디어 경진대회,,,,상장 수여,"2026년 제18회 경북여성 창업아이디어 경진대회 ■ 지원 자격 - 경북도내 예비 여성 창업자 및 창업 7년 미만의 초기 여성 창업자 ■ 모집 기간 - 2026.3.30.(월)~2026.4.24.(금) 18:00시까지 ■ 지원 방법 - 이메일 접수 또는 우편 접수 ■ 활동 내용 - 2026.4.24.(금) - 접수마감 - 2026.5.11.(월)- 본선 진출자 발표 - 2026.5.15.(금)- 창업캠프 운영 - 2026.6.9.(화)-본선 발표 및 시상 ■ 공모전 시상내역 - 예비창업자 부문 대상(1명) : 5,000,000원 우수상(2명) : 2,500,000원 장려상(2명) : 1,000,000원 - 초기창업자 부문 대상(1명) : 5,000,000원 우수상(2명) : 2,500,000원 장려상(2명) : 1,000,000원 ■ 문의 사항 - 창업아이디어경진대회 담당자 054-650-7969 / co80@forwoman.or.kr"
311794,울주군,2026년 영남알프스 고헌산 사진 공모전,,,,기타 | 상장 수여,"2026년 영남알프스 고헌산 사진 공모전 ■ 공모 주제 - 영남알프스 고헌산의 특징을 담은 사진 (고헌산 전경, 돌탑, 대통골 폭포 등 고헌산 고유 특징) ■ 지원 자격 - 영남알프스 완등인증 앱 가입자 누구나 ■ 일 정 - 접수 기간 : 2026. 3. 23.(월) ~ 4. 10.(금) 23:59 까지 ＊접수량에 따라 변경가능 ■ 지원 방법 - 하단의 네이버폼 작성 * 1인 2점까지 중복접수 가능 https://naver.me/FdqcDmfh ■ 제출 형식 - 파일 형식 : JPG(JPEG) - 작품 규격 : 용량 10MB 이하, 사진의 긴 쪽 길이가 3,500픽셀 이상 * 추후 선장작에 한해 원본 제출 요청 ■ 시상 내역 - 특선(5명) : 천전리 명문과 암각화 기념메달, 해뜨미 키링 인형 - 우수(15명) : 2만원 상당의 울주 특산품, 해뜨미 키링 인형 ■ 문의 사항 - 울주군청 관광과(☎052-204-0335)"
311793,KINX,[KINX] 2026 채용 전환형 인턴 / 경력직 공개채용,"NEW, EXPERIENCED","인프라 운영 관리 (전기, 기계/소방) | 전기/소방/통신/안전 | 건설 | 시설관리 | 건설안전 | 소방방재 | 통신설비 | · · 경력직의 경우 • 입사 지원 단계에서 자기소개서 제출이 생략됩니다. (경력기술서만 제출) • 서류 심사 합격인원에 한해, 추후 간단한 자기소개서 작성이 진행될 예정입니다. [Part1] 나는 이런 사람입니다. 본인을 가장 잘 나타낼 수 있는 단어를 쓰고, 그 이유를 본인의 경험 및 가치관 등이 반영되도록 구체적으로 기술해주십시오. | [Part2] 나는 이런 경험과 역량을 가지고 있습니다. 입사 후 직무수행에서 예상되는 본인의 강점과 약점을 기술해주십시오. | [Part3] 나는 이러한 이유로 케이아이엔엑스에 지원하였습니다. 본인이 회사를 선택하는 기준은 무엇이며, 케이아이엔엑스의 어떤 점이 부합하여 지원하였는지 기술해주십시오. | [KINX] 2026 채용 전환형 인턴 / 경력직 공개채용 | 네트워크 엔지니어 | IT/인터넷 | 웹개발 | 응용프로그램개발 | ERP/시스템개발/설계 | 네트워크/서버/보안 | DBA/데이터베이스 | 콘텐츠/사이트운영 | 웹기획/PM/웹마케팅 | HTML/퍼블리싱/UI개발 | QA | 게임 | 클라우드 운영 엔지니어",,,[KINX] 2026 채용 전환형 인턴 / 경력직 공개채용 [모집분야] 공고 참고 [모집기간] 03월 30일 ~ 04월 12일 [채용공고]
311792,NH농협손해보험,[NH농협손해보험] 2026년 상반기 신규직원 채용,NEW,"6급 초급 (일반직) | 경영/사무 | 기획/전략/경영 | 사무/총무/법무 | 인사/노무/교육 | 경리/회계/결산 | 재무/세무/IR | 사무보조/문서작성 | 1. 목표를 설정하고 이를 달성하기 위해 노력했던 경험을 작성해 주십시오. (800자 이내) (목표수준, 실행 과정에서의 구체적인 행동, 어려움 극복과정, 그리고 결과 등을 가능한 수치나 변화 중심으로 작성) | 2. 현장 또는 타인의 불만이나 거부감을 긍정적인 에너지로 전환시켜 문제를 해결했던 경험에 대해 작성해 주십시오. (800자 이내) (당시 상황, 당사자, 불만사유, 결과, 느낀점 등을 구체적으로 작성) | 3. 다양한 직업군 중 손해보험을 선택한 이유와 총국 영업관리(권역담당자) 직무를 통해 어떻게 조직의 영업성장에 기여할 수 있을지 구체적으로 작성해 주십시오. (800자 이내) * 권역담당자 : 담당구역 영업점 현장교육, 마케팅활동 등을 담당 (방카매니저) | 4. 새로운 조직에 적응하기 위한 가장 중요한 요소는 무엇인지 설명하고 조직의 가치나 업무 방식 등이 본인의 생각과 달랐을 때 당시 어떤 판단과 행동을 했는지 실제 사례를 들어 작성해 주십시오. (800자 이내) | 5. 본인이 생각하는 조직에서 인정받는 사람의 기준은 무엇인지 설명하고 본인은 그 기준에 얼마나 부합하는지 구체적 근거를 들어 작성해 주십시오. (800자 이내) | [NH농협손해보험] 2026년 상반기 신규직원 채용",,,"[NH농협손해보험] 2026년 상반기 신규직원 채용 접수 기간 2026-03-30 ~ 2026-04-08 모집부문 및 상세내용 모집 부문 상세내용 6급 초급 (일반직) (0명) 담당업무 영업채널(총국) 마케팅 활동 및 영업관리 □ 채용권역 구분 - 강원권 : 강원특별자치도 - 충청권 : 충청북도, 충청남도, 대전광역시, 세종특별자치시 - 전라권 : 전북특별자치도, 전라남도, 광주광역시 - 경남권 : 경상남도, 부산광역시, 울산광역시 채용형태 - 신입 우대조건 □ 「국가유공자 등 예우 및 지원에 관한 법률」에 의한 취업지원대상자 □ 「장애인 고용 촉진 및 직업재활법」에 의거 장애인복지법상 등록 장애인 또는 상이등급이 기재된 국가유공자증명서 소지자 □ 「농협장학생 봉사단 우수활동자」 □ 「NH농협 NewHope 아이디어 공모전」 수상자 □ 「NH 영 서포터즈 우수활동자」 □ 「2016 농협보험 대학생 논문 공모전」 수상자 □ 「2011 농협보험 대학생 비전 및 발전전략 공모전 대상」 수상자 자격요건 학력 학력무관 근무조건 급여 회사 내규에 따름 근무지역 서울 서대문구 충정로 60 농협손해보험주식회사 전형 절차 Step 1 서류전형 Step 2 필기 전형 Step 3 온라인 인적성 Step 4 면접 전형 Step 4 최종합격 지원 기간 및 방법 접수기간 2026-03-30 ~ 2026-04-08 접수방법 홈페이지 지원 문의 전화번호 0237867618 유의사항 허위 사실이 발견될 경우 채용이 취소될 수 있습니다."
311791,동국제강,[동국제강] 2026년 신입 공개채용,"NEW, CONTRACT, EXPERIENCED","제련연구 | 화학/에너지/환경 | 연구개발/설계 | 기계설계/CAD/CAM | 전기/전자/제어 | 화학 | 에너지 | 환경 | 화장품 | 기계설계 | CAD | CAM | 전기/전기설비 | 전자 | 공정/품질/테스트 | 본인이 직업을 선택할 때 가장 중요하게 생각하는 가치는 무엇이며, 그것이 우리 회사의 비즈니스 지향점과 어떻게 맞닿아 있는지 서술해주세요. | 지원 직무 담당자가 반드시 갖춰야 할 역량이 무엇인지, 그리고 이를 위해 어떠한 노력을 했는지 서술해주세요. | 가치관이나 의견이 다른 사람을 상대하며 생겼던 갈등 상황을 설명하고 이를 극복하기 위해 어떤 노력을 했는지 서술해주세요. | [동국제강] 2026년 신입 공개채용 | 설비관리-전기 | 설비관리-기계 | 기계 | 자동차/조선/기계",,,[동국제강] 2026년 신입&경력 공개채용 [모집분야] 공고 참고 [모집기간] 03월 30일 ~ 04월 05일 [채용공고]
311790,이지얀,Flow Lab(경제 스터디 동아리),,,,,"경제 공부 혼자하기 어렵지 않으셨나요? 저희는 미국 시장 흐름을 중심으로 한국 시장까지 함께 이해해보는 경제 스터디 동아리 입니다. 경제 도서를 통해 기초부터 탄탄하게 쌓고, 실제 투자나 소비 판단에도 적용해보는 걸 목표로 합니다. 단순 공부에서 끝나지 않고 공모전이나 프로젝트까지 함께 도전하고 있습니다. 👥 모집 대상 - 경제 공부를 시작하고 싶은 분 - 뉴스는 보지만 이해가 어려웠던 분 - 미국 경제 흐름이 궁금한 분 - 돈에 대한 감각을 키우고 싶은 분 - 혼자 공부가 잘 안 되는 분 ❗️활동 내용 - 주 1회 경제 이슈 정리 및 토론 - 미국 → 한국 시장 흐름 분석 - 경제 도서 함께 읽고 공유 - 실생활 적용 (소비 / 투자 관점) - 공모전 및 프로젝트 지원방법: 폼 작성"
311788,KAC공항서비스,[KAC공항서비스] 2026년 상반기 공개채용[채용형 인턴] 공고,"INTERN, EXPERIENCED",인천항공교통시설단-미화 | 청소/미화 | 청소/가사/육아 | 서비스 | 지원분야와 관련된 본인의 보유 역량을 기술하여 주시기 바랍니다. (최소 200 ~ 최대 800자) | 본 기관에 지원하게 된 동기와 입사 후 목표를 기술하여 주시기 바랍니다. (최소 200 ~ 최대 800자) | [KAC공항서비스] 2026년 상반기 공개채용[채용형 인턴] 공고 | 인천항공교통시설단-전기 | 전기/전기설비 | 전기/전자/제어 | 연구개발/설계 | 항공기술훈련원-미화 | 가사도우미 | 육아도우미,,,[KAC공항서비스] 2026년 상반기 공개채용[채용형 인턴] 공고 [모집분야] 공고 참고 [모집기간] 03월 30일 ~ 04월 13일 [채용공고]
311787,codelab,CodeLab : 초보 코딩 스터디 동아리,,,,,"💻 CodeLab : 초보 코딩 스터디 동아리 CodeLab는 코딩을 처음 시작하는 대학생들이 함께 배우고, 직접 만들어보며 포트폴리오로 활용 가능한 결과물 제작까지 챙겨갈 수 있는 스터디입니다. 👩‍💻 모임장 또한 비전공자로 시작해 대학 수업을 통해 기초를 쌓아온 입장에서 초보 눈높이에 맞춰 진행합니다. ⸻ 🦾 CodeLab 커리큘럼 (주차별 진행) 1주차 : OT 및 코딩 입문 2주차 : Python 기초 문법 3-4주차 : 간단한 프로그램 제작 (예: 간단한 게임 등) 5-6주차 : 아이디어 기획 및 프로젝트 진행, 프로젝트 결과 및 포트폴리오 정리 이런 분들께 추천합니다 - 코딩을 처음 시작해보고 싶은 분 - 혼자 공부하다 포기해본 경험이 있는 분 활동 기간 및 진행 방식 • 활동 기간: 약 2개월 (개개인의 이해도를 고려하여 진행하며, 기간은 유동적일 수 있습니다.) • 주 1회 오프라인모임 서울대입구역/합정역 • 모집 대상: 전공 / 비전공 상관없이 코딩에 관심만 있으면 누구나!!"
311786,일본어 스터디 '마타네(またね)',일본어 스터디 '마타네(またね)' 신입 모집,,,,,"🌸 일본어 스터디 '마타네(またね)' 신입 모집 🌸 ""일본어 시작하고 싶은데.."" 지브리 주인공들처럼 포근한 분위기에서 일본어 스터디할 신입부원을 모집합니다. 💻 이런 분들과 '마타네' 하고 싶어요! - 덕업일치 희망자 1. 일본 먹거리, 드라마, 영화, 만화에 진심이신 분! 2. 일본어 왕초보부터 N3 자격증 따고 성취감을 얻고 싶은 분 ( 본격 스터디는 아님 ) - 프로 참석러: 최소 월 1회 참석 권장 1. 채팅방 참여 가능하신 분! 2. 널널하게 인생 살고 싶으신 분 🗓 '마타네' 갓생 로드맵 Part 1. (1~3주차) 1. 맛있는 일식 맛집 도장 깨기 2. 인생 컨텐츠 공유하며 낯가림 부시기! Part 2. (5~12주차) 본격 일본어 스터디 1. 일본어 익숙해지기 : 부끄러워도 말해보기 ! 2. 쉐도잉 스터디: 현지 일본인 컨텐츠를 보면서 표현 익히기 ! 🧁장소: 분조카&아늑 스터디룸 💰 깔끔하고 투명한 회비 규정 가입비/연회비: 열정만 들고 오세요 모임 비용: 카페 이용 시 각자 계산, 스터디룸 대여 시 공평하게 N빵! 🎉 지원서 : https://smore.im/form/SmyiiI21IA"
311785,대학생 빵투어&베이킹 동아리 “쿠키”,대학생 빵투어&베이킹 동아리 “쿠키” 신입부원 모집,,,,,"🍫 대학생 빵투어&베이킹 동아리 “쿠키” 신입부원 모집 🍫 안녕하세요~! “인스타에 올릴 예쁜 디저트 만들어보고 싶어요” ""빵지순례 같이 하고 싶어요!!"" ✨ 우리 동아리가 좋은 이유 ✨ 🍫 봉봉쇼콜라로 입상한 운영진이 있어요 → 템퍼링 어려워하시는 분들께 꿀팁 알려드릴게요! 초보자도 2~3시간 안에 예쁘게 광내는 법 배워요✨ 🥐 호텔 베이커리에서 잠시 일했습니다! → 호텔에서 썼던 레시피 중 쉬운 버전으로 같이 만들어요 부담 없이 따라 할 수 있는 제과류 레시피 위주! 🌷 초보자도 충분히 즐길 수 있어요 → “베이킹 처음이에요” 완전 환영 → 한 번에 2~3시간 정도, 딱 한 가지 메뉴만 집중해서 만들어요 ✨ 활동 내용 ✨ * 월 1회 베이킹 모임 (구청 공유주방 or 베이킹 스튜디오) → 재료비 + 공유주방 비용(장소에 따라 다름) → 한 번 모일 때마다 딱 한 가지 메뉴 완성! * 월 2회 빵투어 모임 → 빵지순례_인스타 맛집 위주로 갑니다 !! 🌀 지원서 : https://smore.im/form/nNFloI4lBO 🌀 활동사진 : https://padlet.com/COOKEY/cookey-cookie-key-9o825v4f5dl0pfuw"
311783,배드민턴 연합 동아리 < GG >,배드민턴 연합 동아리 < GG > 에서 3기 신입부원을 모집합니다 !!,,,,,"🏸배드민턴 연합 동아리 🏸GG🏸에서 3기 신입부원을 모집합니다‼️ 👋배드민턴 동아리 ""굿게임""은 배드민턴을 좋아하고 배드민턴을 통해 서로 알아가며 경험과 추억을 쌓아가는 동아리입니다! 평소 배드민턴에 관심이 있으시거나 처음 치셔도 괜찮습니다! 많은 관심과 지원 바랍니다 😆 ✔️지원방법 https://smore.im/form/yC3mqKWNqt 🏸굿게임에서만 할 수 있는 즐거운 배드민턴 생활 👍 ✔️모임 내 평가전을 통해 배드민턴 종목을 더욱 재미있게 참여하실 수 있도록 할 예정입니다! ✔️배드민턴 외 다양한 운동 + 번개모임을 통해 부원들간의 단합 시간을 열고있습니다! 🏸활동내용 - 매주 금, 토 정기 활동 (but, 변동가능) 금요일 : 구로 누리 배드민턴장 토요일 : 마곡 실내 배드민턴장 *모두 참여해야하는 것은 아니며, 참여 가능한 날짜에 참석 가능. - 동아리 내 간단한 대회 - 동아리 내 평가전을 통해 A,B,C 그룹으로 나누어 평가전을 진행 🏸활동장소 - 신림 실내 체육관 - 신도림 야외 공원장 - 구로누리 실내 체육관 - 마포 레포츠 센터 실내 배드민턴장 - 영등포 다목적 체육관 🏸정기활동 요일 및 시간 - 매주 금요일, 토요일 - 금요일 : 18시 ~ 20시, 20시 ~ 22시 - 토요일 : 16시 ~ 18시 * 일정은 유동적으로 변동 될 수 있습니다. 🏸가입비 및 회비 - 가입비 : 없음 - 회비 : 1만원 * 회비는 셔틀콕 구매 및 일일 입장료, 물 음료 지원 등으로 사용 될 예정입니다 (예/결산 내용은 투명하게 공개할 예정입니다.) 🏸운영주체 💁‍♂️총 5명의 운영진이 함께 하고 있습니다. (경인여대, 한양대, 중앙대, 시립대, 백석예대) 💁‍♀️본 동아리는 대학생에 의해 자치적으로 운영되며 정치/종교/시민단체와 전혀 무관함을 알려드립니다. 🏸모집인원 - 15명 내외(정원 마감시 모집종료) 🏸준비물 - 배드민턴 라켓 - 실내 운동화 or 배드민턴화 * 운영진 정보 - 회장: 중앙대학생 - 부회장: 한양대학생 - 회계: 시립대학생 - 홍보/기획: 백석예대학생 ✔️문의사항 https://open.kakao.com/o/sSN9YW2h"
311782,코딩스터디 Loop;,코딩스터디 Loop; 신입부원 모집,,,,,"👨‍💻코딩스터디 Loop; 신입부원 모집 🕵‍♂우리 소모임만의 장점 ✔️비전공자/직장인도 자율 참여 가능 ✔️경험있는 현직자 및 우수 개발자 참여 중 ✔️자유로운 분위기와 존중(꼰대X) ✔️포트폴리오 및 면접 준비도 동시에 가능 🖥 지난 스터디 활동 내용(소개글 참고) 1.스마트캠퍼스 통합관리 시스템 2.AI 면접관 & 모의면접 시스템 3.실시간 택배 경로 최적화 시스템 최적화 4.기타(CS 스터디, 코테 및 알고리즘) 등등 🖥 모임 활동 일정 및 장소 일시:주 1회~2회, 일요일 휴무 장소: 홍대입구역 혹은 학교 주변 카페(조사 예정) 🖥비용 -회비 6개월 마다 2만원(정모 및 유령회원방지) -스터디 룸 1/N 혹은 각자 커피값 ✉️신청 방법 https://forms.gle/K49mBJbWP4Jdz2Um6"
311781,뉴스레터 소모임,영어 뉴스레터 소모임 “New-Read”,,,,,"📧 영어 뉴스레터 소모임 “New-Read” 매일 쌓이기만 하는 영어 뉴스레터, 이제 함께 읽고 루틴으로 만들어요! 본인의 라이프스타일에 맞는 두 가지 방식 중 선택해서 참여하실 수 있습니다. 📍 운영 상세 안내 내용: 미국의 “substack” 느낌의 요즘 트랜드, 이슈화 되는 주제의 영어 뉴스레터를 읽고 토론 or 스크립트 시간: 2주 1회 장소: 2호선 라인 근처 카페 주요 소스: Morning Brew, The Skimm, NYT, TED, SUBSTRACK 등 (자유롭게 제안) 📍이런분과 함께하고 싶어요 영어 공부를 습관화하고 싶은 분! 세상 소식에 밝아지고 싶은 분! 견해를 넓히고 싶은 분! 미국 이슈, 트랜드를 알고 마켓팅에 쓰고 싶으신 분! 📝 신청 안내 신청 방법: 아래 링크로 신청 https://smore.im/form/8dmLAMiqXY 선착순으로 마감됩니다!!"
311780,주식회사 미오컴퍼니,[미오컴퍼니] 퍼포먼스 마케터 인턴 채용,INTERN,,,,"자세한 내용은 채용 페이지를 참고해주세요! https://koi-house.oopy.io/ ""브랜드를, 숫자로 움직이고 싶다면."" Koi House는 뷰티·헬스·바이오 브랜드의 기획, 개발, 마케팅, 커머스 전 과정을 직접 실행하며 빠르게 성장 중인 브랜드 빌더 그룹입니다. 그 중심에 있는 MEOCOMPANY는 Formula:in, Abso, A'demang, Nu.wise 등 자체 브랜드로 누적 100만 건 이상의 고객 경험을 설계해왔습니다. 우리는 브랜드를 키우는 일이 결국 정확한 타깃에게, 정확한 메시지를, 가장 효율적인 채널로 전달하는 것이라고 믿습니다. 그리고 그 실행의 핵심에 퍼포먼스 마케터가 있습니다. 이 포지션의 퍼포먼스 마케터는 단순히 광고를 집행하는 사람이 아닙니다. 데이터로 가설을 세우고, 크리에이티브로 설득하며, 구조로 매출을 만드는 사람입니다. 여러 브랜드를 동시에 다루는 환경에서, 본인의 손으로 직접 성과를 만들어내고 싶은 분을 기다립니다."
311779,문좀열어줘,방탈출 동아리 '문좀 열어줘' 1학기 부원 추가 모집합니다!,,,,,"🕵🏻‍♂️방탈출 동아리 '문좀 열어줘' 1학기 부원 추가 모집합니다!🕵🏻‍♂️ 안녕하세요! 서울 최강 두뇌 방탈출 동아리 '문좀 열어줘'입니다. 방탈출이 한 두번은 친구들과 같이 해도 꾸준히 할 사람은 없는 슬픈 현실😭 '문좀 열어줘'와 함께 서울에 있는 모든 방탈출 클리어하러 가요🙌 🔍 모집 기간: 3.29(일) ~ 4.11(토) 🔐 3기 OT: 4.23(월) 오후 6시, 홍대 예정 * 불참시 불이익은 없지만, 같이 모여 친해져요! 🕵🏻‍♂️ 활동 안내: 1) 정기활동: 매주 금요일 저녁 * 4월 방탈출 리스트 - 1회차: 강남, 필름 바이 스티브 4인 - 2회차: 홍대, 층간소음 4인 - 3회차: 홍대, 하이맥스 4인 - 4회차: 신촌, 신촌성심병원 4인 2) 번개활동: 정기활동 외 자유롭게 인원을 모아 방탈출 및 액티비티 진행 3) 정기회식: 매달 마지막 주 토요일 저녁 * 시험기간에는 진행하지 않음. 💎 비용: 1) 동아리 가입 회비: 1만원 * 회식 및 MT때 사용 예정입니다. 활동 중간 내역 공개 예정. 2) 활동 비용: 1/N 선입금 * 방탈출은 비용이 많이 들어가는 활동인만큼 미리 정산할 수 있도록 도와주세요. 👏 환영하는 분들 👏 1) 방탈출에 진심이신 분들 2) 탈출에 실패해도 웃으며 넘어갈 수 있는 분들 3) 동아리원의 의견을 존중해주시는 분들 4) 동아리 활동에 자주 참여해주시는 분들 🖐 오지 말아주세요 🖐 1) 정치/종교 목적으로 오시는 분들 2) 여미새/남미새/개새인 분들 3) 돈 빌리고 안 갚으시는 분들 🔗 신청 링크: https://forms.gle/hkNbVD6FQZg12enX7 📌 문의 운영진: 고려대학교 기계공학과 21학번 이준영 연락처: 010-6831-1463 * 필요한 문의는 문자로 부탁드립니다. * 남자니까 이상한 문자 보내지 말아주세요 제발.."
311776,금(융)쪽 상담소,"금(융)쪽 상담소 3기 부원 모집  ""다 잃었니? 이제 회수를 하자""",,,,,"💰금(융)쪽 상담소 3기 부원 모집 ""다 잃었니? 이제 회수를 하자"" 금융권 취업 준비, 생각보다 혼자서는 막막하고 어려울 수 있습니다. CPA 1차 합격/금융권 인턴 경험을 가진 운영진과 함께 실전 정보를 나누고 성장할 3기 멤버를 찾습니다. 저희는 일방적인 강의가 아니라, 멤버들이 각자의 강점을 공유하며 집단지성을 만들어가는 정보 공유형 스터디 동아리 입니다 🙂 💡 이런 분들을 기다립니다 • 금융권 취업을 희망하지만 어디서부터 시작할지 막막한 분 • 경제 기사와 리포트를 읽어도 핵심 파악이 어려운 분 • CPA, 금융 자격증 공부법 및 실무 환경이 궁금한 분 • 자신이 가진 정보를 기꺼이 공유하며 함께 성장할 의지가 있는 분 📅 활동 내역(지난 기수) 1기: 기초 재무제표 및 금리 체계 스터디, 기업 분석 보고서 작성 2기: 주요 산업별(반도체/2차전지 등) 분석, 취업 전략 세미나 및 자소서 첨삭 🚀 3기 주요 활동 계획 1. 경제/금융 브리핑: 매주 주요 경제 뉴스 스크랩 및 토론 2. 직무/기업 분석: 타겟 직무 분석 및 상반기 공채 대비 정보 공유 3. 실무 멘토링: 운영진의 CPA 공부 노하우 및 인턴 실무 경험 전달 4. 취업 스터디: 자소서 쉐어링 및 실전 모의 면접 진행 📌 모집 및 활동 안내 • 대상: 금융권 취업 및 금융 지식에 관심 있는 대학생(휴학생 환영) • 활동 기간: 2026년 4월 ~ 6월(약 3개월) • 모임 시간: 주 1회 정기 모임 (상세 시간은 합격자 조율) • 장소: 서울권 스터디룸 및 온라인 병행 • 회비: 기수별 20,000원 (스터디룸 대여 및 공통 운영비 사용 / 내역 전부 공개) 📩 지원 방법 지원 기간: 2026.03.30 ~ 2026.04.30 지원 링크: https://the-form.io/s/NTTI (지원서 확인 후 운영진이 개별 연락 드립니다) 📞 문의 사항 회장: 홍익대 경영 22학번 백경목 010-3347-0358 부회장: 건국대 경제 23학번 최예은 010-2823-0524"
311771,주식회사 마이리얼트립,[AICX] Product Engineer (경력직 채용),EXPERIENCED,,,,"AICX에 대해 알려드려요. AICX는 마이리얼트립의 자회사로, AI 기술을 통해 운영을 자동화하고 고객 경험의 새로운 기준을 만들어가는 조직입니다. 우리는 기술을 통해 더 빠르고 직관적인 고객 경험, 그리고 사람 중심의 운영 혁신을 만들어가고 있습니다. 함께 일하게 될 팀에 대해 알려드려요. AICX 프로덕트팀은 전화 상담, 티켓/항공권 처리, 파트너 관리 등 사람이 반복해오던 운영 업무를 기술로 자동화하고 AI로 대체하고 있습니다. 우리는 단순히 효율을 높이는 것을 넘어서, AI가 고객경험(CX) 자체를 어떻게 바꿀 수 있을지를 고민하고 실행하는 조직입니다. AICX의 Product Engineer는 이런 일을 해요. Product Engineer 인턴은 운영 현장의 반복적 문제를 정의하고, 기술로 해결하는 툴·웹서비스·AI 연동 기능을 직접 설계하고 개발하는 역할입니다. 스스로 문제를 발견하고 우선순위를 정해 임팩트를 만들어내는 주도적 역할이 필요합니다. 주요 업무: 챗봇, 콜봇, 백오피스 연동을 위한 코어 시스템 및 신규 기능 개발 AI 에이전트 및 RAG 파이프라인 구축과 프로덕션 레벨 고도화 실험적 AI 솔루션의 빠른 프로토타이핑 및 코어 프로덕트로의 확장 FDE로서 사내외 운영 현장의 문제를 AI 기술로 해결하는 AX 설계 및 실행 운영 현장의 반복적인 비효율을 파악하고, 이를 근본적으로 해결하는 맞춤형 자동화 툴 및 웹앱 개발 사내 운영팀과 고객의 실제 업무 워크플로우를 고려한 서비스 UX 설계 및 개선 개발한 솔루션의 비즈니스 임팩트를 분석하고, 데이터 기반으로 반복 개선 이런 역량이 있는 분을 찾고 있어요. 3년 이상의 백엔드 기반 Full Stack 개발 역량을 갖춘 분 Python 및 FastAPI 프레임워크를 활용한 실무 개발에 능숙한 분 LangChain, LangGraph 등 AI 생태계에 익숙하며, RAG 파이프라인 설계 및 최적화 경험이 있는 분 AI 및 자동화 도구를 적극적으로 활용하여 현장의 비즈니스 문제를 해결하는 데 익숙한 분 주어진 기획(스펙)을 넘어 직접 문제를 정의하고, 우선순위를 정해 실행부터 임팩트 검증까지 주도해 본 분 BI 도구나 SQL로 데이터를 추출하고 성과를 확인하는 데이터 기반 사고가 가능한 분 개발 직군 외에도 다양한 직군(운영, 기획 등)과 비즈니스 임팩트를 중심으로 원활하게 커뮤니케이션할 수 있는 분 우대사항 B2B 고객사 또는 내부 운영 조직과 직접 소통하며, 현장 맞춤형 솔루션을 설계하고 구축해 본 FDE 또는 기술 컨설팅 경험이 있는 분 React 등 프론트엔드 프레임워크를 활용한 개발 경험이 있는 분 업무 도메인에 맞춘 LLM 파인튜닝 경험이 있는 분 대용량 트래픽 처리 및 쿠버네티스 환경에서의 시스템 운영 경험이 있는 분 4명 이상의 팀을 리딩하거나 프로젝트의 Tech Lead 역할을 수행해 본 분 AWS 클라우드 환경, Git 기반 협업 및 Slack, Figma 등 모던 협업 도구 사용에 능숙하신 분 최신 AI 기술 트렌드에 깊은 관심이 있고, 이를 실무와 제품에 선도적으로 적용하시는 분 합류 여정 서류전형 → 1차 실무 면접(대면 또는 온라인) → (필요 시 과제 전형) → 2차 경영진 면접(대면 또는 온라인) → 입사 1차 면접 이후 실무 능력(직무 적합성) 확인이 어렵다고 판단될 경우 과제 전형이 추가될 수 있습니다. 전형별 결과는 15일 이내 개별 안내합니다. 서류에서는 개발 실력뿐 아니라, AI를 활용해 문제를 해결하려는 태도와 실행력 , 그리고 그 결과를 실제로 측정해본 경험 을 중요하게 봅니다. 근무 조건 형태: 정규직 위치: 강남역 부근 (서울 서초구 강남대로 311 드림플러스 강남) 근무 형태: 주 5일 오피스 출근 급여: 경력 수준에 따른 처우 협의 복리후생 ㆍ 마이리얼트립 상품을 이용할 수 있는 포인트 연 100만 원 이상 지원 ㆍ 임직원 명절 선물 지급 ㆍ그 외 복리후생은 별도 사내 규정에 의하여 지원됩니다."
311769,해양수산부,등대해양문화 공모전,,,,상장 수여,"등대해양문화 공모전(3종) 통합 안내 - 제7회 대한민국 등대 사진 공모전, 제2회 대한민국 등대 그림 공모전, 제1회 등대 동시 공모전 ❏ 공모취지 ㅇ 국민과 함께하는 등대해양문화 확산 및 우수 창작 콘텐츠 발굴 ❏ 공모개요 ㅇ 주최/주관 : 해양수산부 / 한국항로표지기술원 ㅇ 공모주제 : 등대와 바다 ㅇ 접수처 : 공식 누리집 ( www.등대공모전.com) ❏ 부문별 응모대상 및 출품규격 ㅇ 사진 부문 : 대한민국 국민 누구나 (1인 최대 5작품) - 3,000픽셀 이상, 5MB 이상, JPG/JPEG 이미지 파일 ㅇ 그림 부문 : 초·중·고등학생 및 동일연령('08~'19년생) (1인 최대 2작품) - 초등 8절지, 중·고등 4절지, 표현형식 및 채색재료 무관 ㅇ 동시 부문 : 대한민국 초등학생 누구나 (1인 3편 이내) ❏ 공모일정 ㅇ 공모접수 : 2026. 03. 24. ~ 05. 18. ㅇ 심사 및 검증 : 2026. 05. 19. ~ 06. 24. ㅇ 수상작 발표 : 2026. 06. 26. 예정 ㅇ 시상식 개최 : 2026. 07월 중 ❏ 시상내역 (총 상금 1,860만원 / 총 123작 선정) 구 분 사진 부문 그림 부문 동시 부문 대 상 (장관상) 1명 (300만원) 1명 (100만원) 1명 (50만 / 기술원장상) 최우수상 (기술원장상) 2명 (100만원) 4명 (50만원) 3명 (30만원) 우 수 상 (기술원장상) 4명 (50만원) 12명 (30만원) 5명 (10만원) 장려상 / 입선 (기술원장상) 17명 (일부 상금) 48명 (부상) 25명 (부상) ※ 자세한 부문별 시상내역 및 부상 정보는 포스터 및 누리집을 확인바라며, 기관 사정에 따라 일정이 조정될 수 있습니다. ❏ 심사 및 수상작 활용 ㅇ 분야별 전문가 심사 및 대국민 공개 검증을 실시합니다. ㅇ 수상작은 온라인 전시관 운영, 작품집 및 굿즈(북마크 등) 제작에 활용될 수 있습니다. ❏ 저작권 관련 유의사항 ㅇ 공모전에 출품된 작품에 대한 저작권(저작재산권, 저작인격권)은 응모자에게 있으며, 수상 후에도 입상자에게 귀속됨 ㅇ 수상작의 저작권과 초상권에 대한 책임 및 저작인격권, 저작재산권, 소유권 등에서 발생하는 모든 문제는 응모자에게 책임이 있음 ㅇ 저작권 문제가 발생할 경우, 모든 책임은 해당 응모자에게 있으며, 타 공모전 수상작 및 타인의 저작물을 도용한 경우 심사 제외 및 수상 취소, 상금 환수 등 조치 ㅇ 해양수산부 및 한국항로표지기술원은 수상작을 비영리·공익적 목적으로 입상작을 2차 저작물로 활용할 수 있으며, 이를 일반에 공개하고 홍보물로 제작, 배포, 복제할 수 있음 ㅇ 응모자는 응모와 동시에 추후 입상 시 공모전 요강에 기재되어 있는 이용방법 및 조건의 범위 안에서 저작물(입상작) 이용을 허락한 것으로 보고, 저작재산권에 대한 이용료는 입상에 따른 상금으로 대체될 수 있음 ❏ 수상 관련 유의사항 ㅇ 작품 접수 및 심사결과에 따라 시상인원을 포함한 시상내역 변동 가능하며, 우수한 작품이 없을 경우 시상작의 전부 또는 일부를 선정하지 않을 수 있음 ㅇ 작품의 세부 심사기준 및 과정, 심사점수는 비공개이며 심사결과에 대해서 이의를 제기할 수 없음 ㅇ 출품 제한에 해당되는 사실이 발견될 경우 수상취소 및 상금 회수 조치되며 법적 책임이 따를 수 있음 ㅇ 응모자는 응모에 필요한 모든 내용을 사실대로 작성하여야 하며, 개인정보 및 저작권 관련 사항에 동의한 경우 유의사항을 충분히 숙지한 것으로 간주함 ❏ 기타 유의사항 ㅇ 본 유의사항을 따르지 않은 사실이 확인될 경우, 시상 이후라도 수상이 취소될 수 있으며 그 밖의 정하지 않은 사항은 주최 및 주관 측의 결정에 따름 ㅇ 본 공모전에 참가신청서를 제출한 사람은 위의 모든 내용에 동의한 것으로 봄"
311765,LOCA,[로카] <현장연출팀 취업준비과정 3기> 오픈 확정! (~4/3),,,,,"※강의 오픈 확정! 신청 기간 연장 ~ 4/3(금) <현장 연출팀 취업준비과정 3 기 > 1. 연출팀 , 단순한 보조가 아니라 ‘ 직무 ’ 입니다 . 씬리스트 , 장소리스트 , 콘티 , 촬영 스케줄 … 연출팀이 다루는 자료들은 단순히 옆에서 돕는 수준을 넘어서 촬영의 흐름을 이해하고 , 준비하고 , 현장을 운영하는 데 직접적으로 연결됩니다 . 하지만 이 모든 걸 어디서부터 어떻게 배워야 할지는 막막하죠 . 이 강의는 연출팀 실무를 처음 접하는 사람들을 위한 기초 입문 과정입니다 . 연출팀이 실제로 어떤 업무를 맡고 , 어떤 방식으로 촬영을 준비하는지를 문서 이해부터 간단한 실습까지 짚어보며 익혀볼 수 있습니다 . 2. 무엇을 배우게 될까 ? 3. 이 강의가 필요한 사람들 연출팀으로 첫 발을 내딛고 싶은 예비 스태프 영화과 전공자지만 실무 경험이 부족한 신입 구직자 현장 경험 없이도 바로 실무에 투입될 기본기를 갖추고 싶은 분 4. 강의 목표는 ? 단순한 정보 전달을 넘어서 현장에서 실제로 사용하는 문서 , 용어 , 업무 흐름을 ‘ 직접 보고 , 읽고 , 다뤄보며 ’ 배우는 강의 입니다 . 이 강의를 듣고 나면 ‘ 연출팀이 어떤 일을 하는지 ’ 가 아니라 ‘ 연출팀으로서 어떤 준비를 해야 하고 , 어떤 역량을 보여줘야 하는지 ’ 구체적으로 이해하고 스스로 준비할 수 있게 됩니다 . # 기타 안내 사항 - 연출팀 직무에 대해 가볍게 학습하고 싶은 분들은 < 연출팀 취업 가이드 > 강좌를 추천드립니다 . - < 연출팀 취업 가이드 > 수강자는 본 강의의 얼리버드 할인 (400,000 원 ) 과 동일한 할인이 적용됩니다 . - 수강생에 한하여 < 현업 조감독과의 1:1 개별 상담 > 신청 가능합니다 . - 국민취업지원제도 훈련참여수당 증빙자료 제공 가능합니다 . * 강의일정 2026 년 4 월 4일 ( 토요일 ) ~ 4 월 12일 ( 일요일 ), 총 4 강 * 수강시간 14:00 ~ 17:00 * 수강정원 10 명 * 수강료 결제 안내 신용카드 , 무통장 입금 결제 가능 (※ 무통장 입금 선택시 , 신청 후 12 시간 이내 수강료 입금이 되지 않을 경우 자동 신청 취소 됩니다 .) * 강의장소 아카데미 로카 ( 서울시 성동구 송정 8 길 1, 2 층 ) 인근 지하철역 : 성수역 , 어린이대공원역 * 신청기간 ~ 4/3(금) **수강 후기 전 수강생 만점 기록 !! - 교육내용 , 추천의사 , 강사만족도 , 강의자료 , 강의전달력 , 강사만족도 모든 항목 “ 비전공자에 영화 현장에 대한 지식이나 경험이 없었기에 어디서 연출팀에 대한 정보를 얻어야할지 막막했는데 이번 강의를 통해 실제로 현장연출팀이 현장에서 어떤 일을 하는지, 어떻게 일하는지 자세하게 알 수 있어서 좋았습니다. 특히 모니터 세팅과 슬라이트 실습을 현장과 비슷한 분위기에서 진행할 수 있었던 점이 가장 좋았습니다."" “ 궁금한 사항에 대해 상업영화 현장에서 활동하시는 조감독님들로부터 직접 답변을 받을 수 있었던 점과 함께 현장 프로세스들을 체험할 수 있었던 시간이 좋았습니다. "" "" 사실상 현장에서 기본적이고 반복적으로 행해야 하는 업무 중 하나인데 배울 곳이 없어 막막했었습니다. 하지만 촬영팀을 초청하여 마련해주신 모니터 세팅 실습을 통해 연출팀과 촬영팀 사이의 커넥션과 더불어 모니터 장비에 대한 이해도가 매우 높아졌습니다 "" "" 실제 현장에 가서 하나 하나 배우지 않는 이상 절대 알 수 없는 섬세하고 실무적인 지식과 실제 현장 경험담을 예시로 가르쳐주셔서 이론만이 아니라 실질적으로 협업이 기본인 영화 현장에 대해서 구조적인 큰 틀을 이해할 수 있었습니다. "" "" 질문들을 통해 어깨 너머로 모호하게 알던 걸 친절히 실무적인 언어로 번역해주셔서 큰 도움이 되었습니다. 앞으로 개인 단편이나 현장으로 뛰어들 때도 이 강의에서 배운 내용들이 저에게 큰 힘이 되어줄 것 같습니다. ”"
311764,디비하우스,2026 전라남도 관광기업 육성 및 창업 지원사업 예비창업자 모집,,,,기타,"2026 전라남도 관광기업 육성 및 창업 지원사업 예비창업자 모집 시작! ■사업목적 관광 아이디어만 있다면, 전남에서 직접 사업으로 키워볼 수 있어요! 교육부터 사업화 자금까지 창업 전 과정을 단계별로 지원해드립니다! ■지원 혜택 - 창업교육 + 전문가 컨설팅 (기본) - 사업화 자금 최대 2,000만원 지원 ■모집기간 2026년 3월 25일(수) ~ 4월 24일(금) 17:00까지 ■모집대상 및 규모 - 만 19세 ~ 55세 - 전라남도 거주자 및 전입 예정자 - 예비창업자 또는 업력 3년 미만 관광 분야 창업자 - 총 30명 내외 ※ 선정 후 전입 및 사업자 등록 조건이 있습니다. ■모집분야 ① 관광 서비스·콘텐츠 (체험, 투어, 웰니스 등) ② 관광 기술융합 (플랫폼, AI 관광 서비스 등) ③ 관광 시설·인프라 (숙박, 공간 기반 콘텐츠 등) ④ 관광 기념품·미식 (로컬 상품, 식음료 등) ■접수방법 이메일 : green@ijnto.or.kr ※ 제출 후 유선상 접수 확인 필수! *추진일정 서류접수 → 교육생 선발 → 창업 아카데미 → 최종 선정 및 지원 자세한 사항은 전남관광재단 홈페이지 공지사항을 확인해주세요. https://ijnto.or.kr/plaza/notice/read/519 ■문의 061-802-2141"
311763,국립해양생물자원관,AI 해양 동화책 공모전,,,,,"■ 공모전 : AI 해양 동화책 공모전 ■ 주최/주관 : 국립해양생물자원관 ■ 공모주제 : 해양생물 및 바다를 소재로 한 초등학생 대상 창작 동화 ■ 참가대상 : 해양생물과 AI 서비스 활용에 관심있는 국민 누구나 ㅇ 학생부 : 초·중·고 학생 및 동 연령대 청소년 ※ 참가자(학생) 인적사항 기입, 보호자 인적사항 별도 작성 ㅇ 일반부 : 대학교(원) 재학생 및 일반인 (2007년생부터) ※ 개인으로만 참여(팀으로 1작품 제작 불가) ※ 2007년생 미만이나 대학(원) 재학 중인 경우 ‘일반’에 해당되므로, ‘일반’으로 지원 ※ 만 14세 미만의 경우 법정대리인의 동의 필요(개인정보보호법 제22조2 제1항) ㅇ 단체 접수 가능 _ 학교/학원 등 기관에서 10명 이상 제출 시 일괄 접수 - 접수하기 – 단체 선택 후 접수 - 접수 시 보호자 대표(선생님 등) 인적사항 기입 - 공모요강 하단 단체접수 양식 작성 및 제출 - 작품 파일 및 참가자별 프롬프트는 압축하여 ZIP파일로 제출 ■ 접수방법 ㅇ 공모전 홈페이지(mabik.spectory.net/story)로 접수 ※ 접수 후 접수확인 메뉴를 통해 확인 필수 ※ 잘못된 정보 기입, 파일 오류 등 확인을 못 해 생기는 문제는 본인에게 책임이 있음 ■ 공모일정 ㅇ 작품접수 : 2026년 3월 25일(수) ~ 4월 29일(수) ㅇ 온라인클래스 인증 기간 : 2026년 4월 1일(수) ~ 4월 29일(수) ㅇ 공개검증 : 2026년 5월 11일(월) ~ 5월 21일(목) ※ 수상작의 1.5배수 대상 공모전 홈페이지를 통해 공개검증 진행 ㅇ 결과발표 : 2026년 5월 22일(금) ㅇ 시 상 식 : 2026년 5월 30일(토) * 장소 : 국립해양생물자원관(충남 서천군 장항읍 장산로 101번길 75) ※ 상기 일정은 변경될 수 있으며, 공모전 홈페이지 내 공지사항을 통해 안내 ■ 출품규격 ㅇ 작품제출 : 그림과 글자가 함께 포함된 동화책 ㅇ 작품규격 - 동화책 완성본 형태의 단일 PDF 파일 제출 (표지 포함 총 20~22쪽 구성) ※ 작품은 페이지 순서대로 정렬된 하나의 합본 파일로 제출해야 함 - 1:1 비율 - 해상도 300dpi 이상 ㅇ AI 활용 - AI를 활용한 그림 제작 필수 - 단, 스토리는 AI 사용이 불가하며 개인이 직접 창작해야 함 ※ 자료 조사를 위해서는 활용 가능 - AI 툴ㆍ플랫폼은 자유롭게 사용 가능 - 작품설명 및 프롬프트 제출 필수 ㅇ출품제한 : 1인당 응모작 수 제한 없음 ※ 다 작품 수상 시 가장 높은 상격 1점에 한하여 수상 ※ 시리즈 출품 불가 ■ 시상내역 ㅇ 총 10점 / 총 상금 1,000만 원 - 대상(해양수산부장관상) * 학생부: 통합 1점, 200만 원 * 일반부: 1점, 100만 원 - 최우수상(국립해양생물자원관장상) * 학생부: 초·중·고 각 1점, 각 100만 원 * 일반부: 1점, 100만 원 - 우수상(국립해양생물자원관장상) * 학생부: 초·중·고 각 1점, 각 50만 원 * 일반부: 1점, 50만 원 ※ 상금은 제세공과금 공제 후 지급 ※ 시상내역은 작품 접수 및 심사 결과에 따라 변동될 수 있음 ■ 심사기준 ㅇ 주제적합성, 교육 · 메시지성, 창의성 및 독창성, 스토리 완성도, AI 활용도 ㅇ 가점사항 : 국립해양생물자원관에서 제공하는 ‘AI 해양 동화책 온라인 클래스’ 시청 완료 시 점수 부여 - 온라인 클래스는 2026년 4월 1일(수)에 오픈되며 4월 29일(수)까지 인증을 완료해야 가점부여가 가능함 - 접수 시 시청 인증샷 첨부 ※ 온라인 클래스 공개 시 예시 사진 업데이트 예정 ■ 문 의 ㅇ AI 해양 동화책 공모전 운영사무국 ※ 운영시간 10:00 ~ 18:00 (주말, 공휴일 제외) 전화) 02-6953-1510 메일) mabik@contestweb.net 카톡) @AI 해양 동화책 공모전"
311760,해운대구문화회관,해운대문화회관 미디어아트 공모전,,,,기타,"창의적인 미디어아트 콘텐츠를 발굴하고 상영하기 위해 다음과 같이 미디어아트 영상예술작품을 공모하오니 관심 있는 분들의 많은 참여 바랍니다. ○ 공 모 명 : 해운대문화회관 미디어아트 공모전 ○ 접수기간 : 2026. 4. 10.(금) ~ 2026. 5. 15.(금) 18:00 ○ 공모주제 : 자유주제 - ‘해운대를 알 수 있는 내용’ 가점 부여 - 공공장소에 상영되는 점을 감안한 전 연령층 대상으로 주제 선정 ○ 공모분야 : 사운드를 포함한 전 분야의 창작 영상 콘텐츠 - 디지털 매체 및 기술을 활용한 미디어아트 전 분야 ○ 참가형태 : 개인 또는 단체(단체는 대표 포함 최대 4명 이하) ○ 응모자격 - 일반부 : 지역, 연령 제한 없음 - 청년부 : 공고일 기준 부산광역시에 3개월 이상 거주한 만 19세 이상 39세 이하 청년 ○ 제출작품수 : 신작 1작품 ※ 타 공모전에 수상하지 않은 순수 창작물 ○ 작품규격 - 해상도(2,656×752 pixel) MP4, MOV 등의 영상파일(음향 포함) - 지원코덱 H264, 러닝타임 2분 이내, 최대용량 1GB(원본) - 화면크기: 가로 22m × 세로 6m ○ 접수방법 : 이메일 접수 (azac01@korea.kr) ○ 시상내용 : 총 8편(일반부 4, 청년부 4) ※ 부문별 각 최우수상 1, 우수상 1, 장려상 2 ○ 심사방법 : 내·외부 전문가로 구성된 심사위원회 구성 ○ 심사발표 : 2026. 5. 25.(월) ※ 구 홈페이지 게시, 당선자 개별 통보 ○ 문 의 : 해운대구 문화회관(공연기획팀) ☎051-749-7652 ※ 자세한 사항은 공고문 참고바랍니다. https://www.haeundae.go.kr/index.do?menuCd=DOM_000000104001002000"
311758,사단법인 한국의길과문화,2026 경기둘레길 예비 자원활동가 모집 안내,,,파워블로거/SNS | 타 대외활동 경험,활동비 | 실무 교육,"[2026 경기둘레길 예비 자원활동가 모집 안내] 안녕하세요 ? 경기도의 외곽을 따라 걷는 걷기여행길 , 경기둘레길과 함께할 2026 년 자원활동가를 아래와 같이 모집합니다 . 걷기를 좋아하고 , 길을 사랑하며 , 안전하고 쾌적한 길 환경을 함께 만들어갈 분들의 많은 참여를 바랍니다 . [ 모집인원 ] - 1 치 예비선발 : 22 팀 - 2 차 최종선발 : 17 팀 ※ 1 차 선발팀 중 사전교육 이수자를 대상으로 최종 선발 예정 [ 일정 ] - 1 차모집 : 3/25( 수 )~4/5( 일 ) - 1 차발표 : 4/8( 수 ) - 사전교육 ( 필수 ) : 4/18( 토 ) 10-17 시 예정 * 화성서해마루 유스호스텔 - 최종선발 : 4/22( 수 ) - 발대식 ( 필수 ) : 4/25( 토 ) 13-17 시 예정 * 경기상상캠퍼스 ※ 사전교육 및 발대식 불참 시 선발이 취소될 수 있습니다 . ※ 일정은 상황에 따라 변경될 수 있습니다 . [ 지원자격 ] - 경기둘레길에 대한 관심과 애정 , 지역 봉사의지가 있으신 분 - 담당코스 ( 약 3~4 개 ) 정기 3 회 활동이 가능하신 분 - 사전교육 이수 가능자 - [ 우대사항 ] - 경기둘레길 해당 ( 인근 ) 지역 거주자 - 경기둘레길 완보 경험자 - 걷기여행길 자원활동 및 관련 경험자 [ 활동내용 ] - 경기둘레길 정기 현장점검 ( 팀 당 3~4 코스 ) - 경기둘레길 안내사인 ( 리본 / 스티커 ) 유지 · 보수 - 경기둘레길 담당코스 홍보 활동 (SNS 게시 등 ) - 자연재해 , 노면훼손 , 시설물 파손 등 이용불편 신고 - 활동결과 보고서 작성 및 제출 [ 지원사항 ] - 경기둘레길 자원활동가 임명장 ( 경기관광공사 교부 ) - 정기활동시 소정의 활동경비 지원 - 활동물품 지원 및 정기활동 기간 여행자보험 가입 - [ 필수 안내사항 ] - 본 활동은 1 차 선발된 22 팀을 대상으로 사전교육을 진행하며 , 교육 이수 후 최종 선발 심사를 통해 최종 17 팀만 자원활동가로 확정됩니다 . 따라서 사전교육을 이수하더라도 최종 선발 과정에서 탈락할 수 있습니다 . - 선발희망자는 ① 사전교육 (04.18( 토 )) / ② 발대식 (04.25( 토 )) 두 행사 모두 참석해야 합니다 . - 또한 본 프로그램은 2 인 1 팀으로 운영되므로 , 팀원 전원이 두 일정에 모두 참석해야 합니다 . - 두 일정 중 하나라도 불참할 경우 , 선발이 취소됩니다 . [ 지원방법 및 문의 ] - 온라인 신청 : https://forms.gle/CrXY2Kf6ZRFoAtHo6 - 문의 : 경기둘레길 안내사무국 031-259-4715 ※ 상기 내용은 추후 상황에 따라 변동될 수 있습니다 ."
311757,(재)충남창조경제혁신센터,제14회 충남 공공데이터·AI 활용 창업 경진대회,,,,기타,"■ 제14회 충남 공공데이터·AI 활용 창업 경진대회 주최사 충청남도, 대전지방기상청 주관사 (재)충남창조경제혁신센터 ■ 사업목적 공공데이터·AI를 활용한 창의적 아이디어 및 신규 비즈니스모델 발굴로 공공데이터 기반 창업 촉진 ■ 사업내용 본 창업경진대회 수상작에 한하여 행정안전부 주최「제14회 범정부 공공데이터·AI 활용 창업경진대회」 본선 진출 지원 ■ 공모부문 공공데이터·AI기술을 모두 활용한 ①아이디어 기획 ②제품 및 서비스 개발 ■ 참가자격 공공데이터와 AI기술을 모두 활용하여 아이디어를 기획하거나 제품·서비스를 개발한 창업 및 예비창업자 ■ 모집 기간 2026.03.26.(목) ~ 05.26.(화) 18:00 까지 ■ 지원 방법 충남창조경제혁신센터 통합접수시스템 신청 및 양식 링크에서 다운로드 https://zrr.kr/c1f04n ■ 활동 혜택 ①아이디어 기획 ②제품 및 서비스 개발 2개 부문 각 대상 300(500)만원, 최우수상 100만원, 우수상 50만원, 특별상(1팀) 100만원(상품권) 각 부문 대상 중 점수가 더 높은 팀에게 상금 500만 원을 수여 부문별 상위 1개팀(총 2팀) 중앙부처 통합본선(행정안전부) 진출권 부여 본선 진출권 부여자(팀)에게는 후속지원(멘토링/교육 지원 등) ■ 문의 사항 오픈이노베이션창업팀 041-589-7146 wrbae@ccei.kr"
311755,사단법인 서울고용포럼,MICE 전시산업 기획 마케팅 취업과정 모집 공고 (서울시 매력일자리),,,,,"- 주요업무 • 전시 기획 마케팅 (전시 주최사/ 대행사 등) - 자격요건 • 신입, 경력무관 • 학력무관 - 근무조건 • 고용형태 : 인턴 3개월 후 정규직 전환 • 인턴 개시 전 5주간 직무교육 실시 (100% 현업 종사 강사진) • 급여 : 월급 253만원(인턴급여) • 근무지 : 서울시 소재 전시 분야 업체 (업체와 직접 면접 후 인턴 연계) - 지원방법 링커리어 지원 시 이메일로 별도의 제출 서류 안내 홈페이지 지원: 서울고용포럼 홈페이지 공지사항 150번 지원서 다운로드 후 이메일 제출( mice@seoulef.org ) 홈페이지 지 원: ( https://seoulef.org/#/notice/274 ) - 채용절차 접수기간 : 2026-03-31 00시 ~ 2026-04-22 24시 전형절차 : 서류전형 → 1차면접 → 최종합격"
311753,코레일네트웍스,[코레일네트웍스] 2026년도 상반기 공개채용,"NEW, CONTRACT",,,,"[코레일네트웍스] 2026년도 상반기 공개채용 [모집분야] - 공고 이미지 참조 [공통사항] · 구분 / 세부내용 · 학력·성별·어학·나이·종교 등 · 제한 없음 · * (응시연령) 채용공고일 기준 만 18세 이상, 정년 미만 · → (정년) 일반직: 만 60세, 영업직: 만 61세(단, 역무직과 주차직은 만 62세) · 기타 · 코레일네트웍스 채용 결격사유(붙임5)에 해당되지 않는 자 · 최종합격자 발표일 이후부터 근무 가능한 자 [접수일정] - 2026.4.3 ~ 2026.4.10"
311752,(재)충남창조경제혁신센터,제2회 「올담」데이터 활용 해커톤 대회,,,,기타,■ 제2회 「올담」데이터 활용 해커톤 대회 주최사 충청남도 주관사 (재)충남창조경제혁신센터 ■ 추진목적 충청남도 데이터포털 「올담」을 충남도내 청년(대학생) 등에 알리고 포털 내 공공데이터를 활용하여 데이터 기반의 창의적 아이디어 발굴 도모 ■ 공모주제 충남 데이터포털 「올담」의 공공데이터를 활용하여 분야의 제약 없이 사회 문제 해결을 위한 구체적인 아이디어 기획 ■ 지원 자격 충청남도 소재 대학의 재학생 ※ 개인 또는 팀으로 참가할 수 있으며 팀으로 참가 시 5명 이내로 구성하고 대표자는 1인에 한함 ※ 대표 및 팀원 모두 재학증명서 제출 필수 ■ 모집 기간 2026년 3월 23일(월)~5월 22일(금) 18:00까지 ■ 지원 방법 충남창조경제혁신센터 통합접수시스템 신청 및 양식 링크에서 다운로드 https://zrr.kr/we2nsd ■ 문의 사항 오픈이노베이션창업팀 041-589-7146 wrbae@ccei.kr 대상 1팀 300만원 최우수상 2팀 각 100만원 우수상 2팀 각 50만원 합계 600만원
311751,IT국비취업교육센터,기숙사有) DB보안/사이버보안 [비전공자/고졸] 국비지원 교육과정 AI활용으로 정보보안 취업,,,,,"기숙사 신청으로 국민취업지원제도 1유형을 만들어, 사라진 전액 100% 국비지원 받고, 훈련장려금 20만원+국취제 1유형 60만원 = 매달 800,000원(+자부담금 면제) 지원 받으며 임베디드 취업교육 받아보세요. 모집개요 교육기간 2026.04.13(월)~2026.11.02(월) (6개월) [다음기수 2~3달 주기로 상시 개강(예약가능)] 교육시간 월-금 09:00~17:40 훈련수당 국취제도 연계 시 최대 80만원 지원 지원자격 취업/이직 희망자, 학력, 경력이 전혀 없더라도 누구나 참여 가능 취업분야 DB전문가, DB보안, 정보보안엔지니어, 사이버보안전문가, 정보보안관제, 서버보안, 서버엔지니어, 네트워크엔지니어 신청절차 신청폼 작성 > 인터뷰 > 최종합격 ㅡㅡㅡㅡㅡㅡㅡㅡㅡㅡㅡㅡㅡㅡㅡㅡㅡㅡㅡㅡㅡㅡㅡㅡㅡㅡㅡㅡㅡㅡㅡㅡㅡㅡㅡㅡㅡㅡㅡㅡㅡㅡㅡㅡㅡㅡㅡㅡㅡㅡㅡㅡㅡㅡㅡㅡㅡㅡㅡㅡㅡ “비전공자라서 IT는 어렵다.” 많은 분들이 이렇게 생각합니다. 하지만 요즘 취업시장은 전공보다 실무역량 을 먼저 봅니다. 특히 사이버보안 분야는 인력 부족이 심각해, 기초부터 차근차근 준비한 비전공자도 충분히 진입할 수 있는 대표적인 직무입니다. [기숙사 보유] 경기 안산에 위치한 한국직업능력교육원 은 이러한 흐름에 맞춰, AI를 활용한 웹접근제어 기반 사이버보안 국비지원 교육과정 을 운영하고 있습니다. 이 과정은 단순 이론 위주의 보안 수업이 아니라, AI와 결합된 최신 보안 트렌드를 현업 중심 으로 익히는 실무형 부트캠프입니다. 왜 사이버보안에 AI가 필수가 되었을까? 과거 보안은 방화벽, 서버 관리 정도로 끝났습니다. 하지만 이제는 수십만 건의 로그와 트래픽을 사람이 일일이 분석하는 시대가 아닙니다. 최근 보안 솔루션들은 AI 기반으로 웹 접근 패턴을 분석하고, 비정상 트래픽이나 공격 징후를 자동으로 탐지·차단합니다. 정부 역시 디지털 전환 정책 에 맞춰 사이버보안 인력 양성 예산을 지속 확대 하고 있으며, 금융·공공·제조·플랫폼 기업 모두 보안 인재 확보에 사활을 걸고 있습니다. 지금 이 분야를 준비하면, 취업시장에서 경쟁자가 아닌 희소 인재 로 평가 받을 수 있습니다. 비전공자도 가능한 커리큘럼 이 과정의 가장 큰 장점은 대학교 1학년 수준의 기초부터 시작 한다는 점입니다. OSI 7계층, 네트워크 구조 이해 리눅스 기반 서버 구축 및 DB 구조 학습 C언어 기반 시스템 프로그래밍 Python 기반 AI 데이터 분석 AI 웹 로그 분석 및 접근제어 모델 설계 6개월 교육과정 중 시작은 완전 기초에서 시작해서 후반부에는 AI 머신러닝 기반 보안 프로젝트 를 통해, 웹접근제어 보안 솔루션 포트폴리오 를 완성 합니다. 실무 전문가 강사진 이 과정은 현업에서 직접 보안 솔루션을 개발하고 운영해온 10년 이상 실무 경력의 보안 전문가 강사진 이 전담합니다. 해외 IT기업 및 대기업 프로젝트 경험 을 가진 강사진이 실제 현장에서 사용하는 방식 그대로 수업을 진행하기 때문에, 수강생들은 단순 코딩이 아닌 현업 감각을 체득 할 수 있습니다. 취업까지 이어지는 체계적인 지원 한국직업능력교육원은 단순 교육기관이 아닙니다. 개별 상담을 통한 진로 설계 이력서·자소서 클리닉 모의면접 및 직무 맞춤 코칭 수료 후 6개월간 사후관리 국내외 6,000여 개 기업과 취업연계 를 통해 실제 채용으로 이어질 수 있도록 끝까지 지원합니다. 원거리 수강생을 위한 1인 1실 기숙사 운영 안산 외 지역 수강생도 걱정할 필요 없습니다. 교육원 인근에 1인 1실 원룸형 기숙사를 운영 하여, 제주도·지방 수강생들도 생활 부담 없이 학습에만 집중 할 수 있습니다. 숙소·주방·욕실까지 완비된 환경이라 장기 과정도 안정적으로 수료할 수 있습니다. 신청시 장점 프라이빗한 1인 1실 (1인실/2인실/4인실 운영) 숙소 비용 절감 훈련생만 이용하는곳으로 안전보장 기숙사 신청으로 국민취업지원제도 1유형을 만들어, 사라진 전액 100% 국비지원 받고, 훈련장려금 20만원+국취제 1유형 60만원 = 매달 800,000원(+자부담금 면제) 지원 받으며 임베디드 취업교육 받아보세요. 수료 후 진출 분야와 연봉 AI 보안 솔루션 개발자 Python 기반 보안 분석가 웹·DB 보안 엔지니어 서버·네트워크 보안 담당자 서버 엔지니어 네트워크 전문가 시스템 엔지니어 사이버보안관제 비전공자·신입 기준 평균 연봉 3,800만 원 이상 , IT 경력자의 경우 4,200만 원 이상 수준의 취업 사례가 이어지고 있습니다. 사이버보안은 더 이상 선택이 아닙니다. AI를 활용한 IT보안 전문가 취업 교육 , 지금 경기 안산 한국직업능력교육원에서 시작해보세요. ▼ ▼ ▼ ▼ ▼ 빠른 상담신청 ▼ ▼ ▼ ▼ ▼ https://naver.me/FG794pnA ▼ ▼ ▼ ▼ ▼ 빠른 상담신청 ▼ ▼ ▼ ▼ ▼ https://naver.me/FG794pnA"
311749,한국정보교육원,국내 유일 클라우드 BHA부트캠프 [AWS/KT/NHN] 클라우드/네트워크 엔지니어 취업학원,,,,,"﻿ 한국정보교육원은 AWS·KT·NHN 국내외 대표 클라우드 기업의 인프라 환경 을 기반으로 한 실무 중심 교육기관 으로, 수많은 수료생을 IT 전문 엔지니어로 배출해왔습니다. 단순한 이론 강의가 아닌 실제 기업 환경과 동일한 인프라를 구축·운영해보며, 서버·네트워크·클라우드 시스템 전반의 실무를 직접 다루는 과정 으로 구성되어 있습니다. 이 교육의 가장 큰 차별점은, 한국정보교육원이 BHA(베스트훈련기관, Best HRD Academy) 인증을 받은 국내 유일의 클라우드 분야 교육기관 이라는 점입니다. 그중 IT분야는 단 3곳뿐이며, 그중 하나가 바로 한국정보교육원입니다. ※BHA는 고용노동부가 전국 5,000여 개 국비교육기관 중 취업률, 교육의 질, 강사진, 시설, 수료생 후기 등을 종합 평가해 IT분야로는 단 3곳만 선정하는 국가 최고 등급 인증 마크 입니다. 또한 한국정보교육원은 5년 연속 우수훈련기관 으로 선정되었으며, K-Digital Training(KDT) 우수성과기관 으로도 공식 인증받았습니다. 이러한 수상과 인증은 단순한 교육기관이 아닌, 취업성과와 실무역량을 모두 검증받은 국가대표 수준의 IT훈련기관 임을 증명합니다. 한국정보교육원의 클라우드 인프라 과정은 비전공자도 대학교 1학년 수준의 기초부터 배우며, 6개월 안에 AWS·KT·NHN 환경의 인프라 엔지니어, 서버운영자, 네트워크 관리자, 클라우드 아키텍트 로 취업할 수 있도록 설계되어 있습니다. 교육 중 실습 장비와 전용 클라우드 계정이 제공되며, 수료 후에는 950개 이상 협약 기업 의 취업연계 지원이 이루어집니다. 국내 클라우드 엔지니어 양성의 중심, BHA 인증기관 한국정보교육원 에서 누구나 가능했던 IT 커리어의 시작을 직접 경험해보세요. 25.01 수료생 취업률 94.7%, 25.07 수료생 취업률 100% 등을 기록하였습니다. 카운팅에 제외된 한명도 공기업 취업을 희망하여 '취업을 유예'한 것이므로 실질적 취업률 100%를 달성했다고 봐도 되는 성과였습니다. 상담신청 https://naver.me/x9BbSuAp ※고용24 홈페이지 발췌 상담신청 https://naver.me/x9BbSuAp"
311748,KB신용정보,[KB신용정보] 2026년 신입사원 채용,NEW,"운영(인프라) | 네트워크/서버/보안 | IT/인터넷 | CIO | 네트워크관리 | 네트워크엔지니어 | 보안 엔지니어 | 보안컨설팅 | 서버 개발자 | 시스템, 네트워크 관리자 | 시스템•네트워크 컨설팅 | 시스템운영 | 시스템프로그래머 | 정보보안 | 나의 소개를 간단히 서술해 주십시오. | 지원동기를 간단히 서술해 주십시오. | 개인의 보유역량 및 장점에 대하여 서술해 주십시오. | 자신의 전문성을 향상시키기 위해 어떤 노력을 하였으며, 입사 후 어떠한 각오로 업무에 임할지 기술해 주십시오. 필수 | IT 관련 보유기술(Java, C, DB 등), 연수, 학원, 학교, 회사 등 외부활동에서 수행한 프로젝트(과제) 경험 등을 상세히 기술해 주십시오. | 기타 채용과 관련하여 하고 싶은 말이 있으면 기술해 주십시오. | [KB신용정보] 2026년 신입사원 채용 | IT개발 | ERP/시스템개발/설계 | CTO | DevOps / 시스템 관리자 | 시스템엔지니어(SE) | 임베디드 개발자 | 블록체인 플랫폼 엔지니어 | 하드웨어 엔지니어 | 일반 데이터분석 | 설문/통계/리서치 | 전문/특수직 | DBA/데이터베이스 | 조사분석 | 통계 | 리서치 | 시장조사 | BI 엔지니어 | 데이터 엔지니어 | 파이썬 개발자",,,"[KB신용정보] 2026년 신입사원 채용 [모집분야] - 데이터분석 - IT개발 - 운영(인프라) [공통자격] · 학력무관 · 남성의 경우 병역필 또는 면제자 · 당사 내규상 채용에 결격사유가 없는 자 · 해외여행에 결격사유가 없는 자 · 장애인, 국가유공(보훈) 우대 [근무조건] - 근무지 · 본사 및 지점(홈페이지 참조) - 급여 · 당사 내규 적용"
311747,한국직업능력교육원,"국내 유일 MCU(STM32, ESP32) ""임베디드&펌웨어""국비지원 부트캠프_로봇팔/자율주행차/스마트팜&팩토리 포트폴리오",,,,,"기숙사 신청으로 국민취업지원제도 1유형을 만들어, 사라진 전액 100% 국비지원 받고, 훈련장려금 20만원+국취제 1유형 60만원 = 매달 800,000원 지원 받으며 임베디드 취업교육 받아보세요. ﻿ 모집개요 교육기간 2026.04.06(월)~2026.10.30(금) (6개월) ::개강일정은 변동 될 수 있으며, 3개월 주기로 상시 개강하니 예약도 가능합니다. 교육시간 월-금 09:00~17:40 훈련수당 국취제도 연계 시 최대 70만원 지원 지원자격 취업/이직 희망자, 학력, 경력이 전혀 없더라도 누구나 참여 가능 취업분야 IOT 개발자 / 임베디드&펌웨어 전문가 / 스마트팜 창업 신청절차 신청폼 작성 > 인터뷰 > 최종합격 교육장소 안산(4호선 중앙역 도보 5분)::기숙사 보유 안산 한국직업능력교육원 AI사물인터넷 MCU기반(STM32, ESP32) 임베디드 펌웨어 전문가 양성 요즘 취업 시장에서 자주 듣는 말이 있습니다. “이론만 아는 개발자는 많다. 그런데 하드웨어까지 이해하는 개발자는 없다 .” 그 차이를 만드는 직무가 바로 임베디드 펌웨어 개발자 입니다. 임베디드와 펌웨어, 쉽게 설명하면? ✔ 임베디드(Embedded)란, 냉장고, 세탁기, 스마트워치, 공장 자동화 장비, 무인 키오스크처럼 제품 안에 숨어서 기능을 제어하는 작은 컴퓨터 를 말합니다. ✔ 펌웨어(Firmware)는, 그 임베디드 기기를 움직이게 하는 두뇌 역할의 소프트웨어 입니다. 버튼을 누르면 화면이 켜지고, 센서가 값을 읽어오고, 네트워크로 데이터를 보내는 모든 동작이 펌웨어 코드로 만들어집니다. 즉, 임베디드/펌웨어 개발자는 “사람 눈에는 보이지 않지만, 세상의 모든 스마트 기기를 실제로 움직이게 하는 개발자” 라고 보면 됩니다. 이 과정이 특별한 이유 – MCU 실무 중심 이 교육은 STM32, ESP32 MCU 기반 실습 으로 진행됩니다. 스마트워치처럼 동작하는 IoT 기기 만들기 센서 값 수집 → 서버 전송 → 앱에서 확인 실시간 객체 추적, 얼굴 인식, 영상 처리 프로젝트 수행 단순한 코딩 수업이 아니라, 보드에 직접 코드를 올리고, 실제로 동작하는 결과를 눈으로 확인하는 실무형 교육 입니다. 비전공자도 가능한 이유 “전기·전자 ·IT 전공이 아니어도 가능할까요?” 이 과정의 실제 수료생 상위권 학생분들의 다수가 비전공자 출신 입니다. C언어 기초부터 차근차근 Python을 활용한 AI 프로그래밍 OpenCV 영상 처리, 객체 인식 실습 리눅스, MySQL, 네트워크까지 체계적으로 구성 언어 → 실습 → 프로젝트까지 이어지는 구조라 컴퓨터 처음 만져본 분도 따라갈 수 있게 설계된 커리큘럼 입니다. 전국 어디서든 참여 가능한 기숙사 운영 안산 캠퍼스에서 운영되지만, 1인 1실 원룸형 기숙사 제공 으로 제주, 강원, 부산 어디서든 부담 없이 참여할 수 있습니다. 거리나 거주지에 대한 걱정 없이 오직 공부에만 집중할 수 있는 환경 이 만들어집니다. 상담신청 및 등록문의 https://naver.me/FG794pnA 실습 프로젝트 예시 얼굴 인식 시스템 구축 실시간 객체 추적 프로그램 이미지 필터링·변환 프로그램 개발 IoT 센서 데이터 수집 및 서버 연동 이 모든 프로젝트가 취업 포트폴리오 로 활용됩니다. 임베디드 개발자의 현실적인 취업 경쟁력 MCU 기술 보유자와 미보유자의 연봉 차이는 평균 500만 원 이상. 기업에서는 “임베디드 보드를 만져본 사람” 을 가장 먼저 찾습니다. 스마트팩토리, 스마트홈, 자율주행, 국방·방산, 산업자동화까지 취업 분야가 끊임없이 확장되는 직무 입니다. 안산 한국직업능력교육원을 추천하는 이유 30년 경력 프로그래밍 강사 & 전자공학 박사 직강 언어·실습·실전 프로젝트까지 균형 잡힌 교육 개별 상담, 취업 코칭, 수료 후 사후관리까지 전담 지원 국내외 6,000여 개 기업과 연계 된 취업 네트워크 운영 지금이 기회입니다 임베디드와 펌웨어는 AI 시대에 절대 사라지지 않는 기술 직무 입니다. 비전공자도, 고졸도, 지역 상관없이 안산 한국직업능력교육원의 [AI사물인터넷 MCU기반 임베디드 펌웨어 전문가 과정]으로 당신만의 확실한 취업 무기 를 만들어 보세요. 상담신청 및 등록문의 https://naver.me/FG794pnA"
311746,kt cloud,KT클라우드 직접 설계한 커리큘럼으로 직접 주관하는 '클라우드 인프라' [실시간 온라인] 실무 국비교육,,,,,"모집 과정 웹 개발: 풀스택, 프론트엔드, 백엔드 인프라/혁신 기술: 생성형 AI, 사이버 보안, 클라우드 인프라 , 클라우드 네이티브 프로덕트 전문가: 프로덕트 디자인, 프로덕트 매니지먼트 본 글은 9종의 직무 중 [클라우드 인프라] 직무에 대한 글입니다. 다른 직무를 희망하시는 분은 문의로 남겨주시면 상담 해드리겠습니다. ﻿ 본 과정은 고용노동부가 주최하고 디지털선도기업인 kt Cloud TECH UP 에서 주관하는 K-디지털 트레이닝의 디지털선도기업아카데미 사업 으로 지원됩니다. 본 과정은 클라우드의 확장성과 안정성을 구축하는 인프라 전문가 과정이며 고용노동부에서 국비지원하는 취업교육 프로그램입니다. #클라우드운영 #IaC #비용최적화 #운영자동화 서울에만 집중 되어있는 대규모 대기업 국비지원 부트캠프에 참여하고 싶었지만 현실적인 거리, 경제적으로 참여하지 못한 분들은 집중해주세요! 전국 어디서나, 집에 PC나 테블릿이 오래되서 걱정되셔도 문제 없습니다. 참여자 전원에게 학습용 노트북 무상 대여 ! ﻿ 모집개요 모집과정 클라우드 인프라 전문가 과정 교육비용 19,166,400원 자비부담금 60만원 18,566,400원 국비지원 교육일정 26.05.12 (화) - 26.12.08 (화) 교육시간 월~금 09:00~18:00 ( 비대면실시간강의) 수업방식 100% 온라인 - 비대면 실시간 수업방식 지원자격 ✔️초보자, 비전공자, 전공자 ✔️클라우드 분야 취업 희망자 신청기간 선착순마감(선발합격 기준) 과정소개 📌 안정적인 환경을 설계하고 확장 가능한 기반을 만드는 길 {국내 최고 수준의 클라우드 인프라}를 만든 기술 노하우를 미래 클라우드 인프라 전문가에게 전수합니다. 📌 국내 최대 민간 GPU 클라우드 인프라 운영 경험 kt cloud는 국내 최대 규모의 민간 GPU 클라우드 인프라를 통해 대규모 연산과 안정적인 서비스 운영 노하우를 축적했습니다. 이 경험을 바탕으로 kt cloud와 AWS 환경을 모두 활용한 멀티 클라우드 운영 및 자동화 기술을 실무 중심으로 교육합니다. 📌 이런 분께 추천합니다 대기업 kt cloud 온라인 부트캠프에 참여하여 취업까지 성공하실 분 서울에만 밀집해 있는 대기업 부트캠프에 참여할 거리가 안되셨던 분 클라우드 인프라 및 시스템 엔지니어 지망생 인프라 자동화(IaC) 역량을 쌓고 싶은 개발자 하이브리드/멀티 클라우드 환경에 관심 있는 IT 전문가 참여희망 및 진로상담 https://naver.me/GkUU8Q64 ﻿ 상담 및 신청 문의 https://naver.me/GkUU8Q64 ﻿ 상담 및 신청 문의 https://naver.me/GkUU8Q64"
311745,IT국비지원상담소,IT국비지원 상담소 [비전공자/고졸] 내가 어떤 직무가 적성에 맞을까? 참여는 가능할까?,,,,,"IT 취업을 고민하고 있다면 한 번쯤은 “국비지원 부트캠프”를 들어보셨을 겁니다. 하지만 정말 도움이 되는지, 비전공자도 가능한지 고민이 많으실 텐데요. 결론부터 말씀드리면, 👉 지금 IT 취업을 준비한다면 국비지원 부트캠프는 가장 빠른 루트 중 하나입니다. 왜 국비지원 부트캠프인가요? 현재 IT 채용 시장은 단순 이론이나 자격증보다 “실무 경험이 있는 인재” 를 훨씬 선호합니다. 하지만 독학으로는 무엇부터 공부해야 할지 모르고 포트폴리오를 어떻게 만들어야 할지 막막하고 취업까지 이어지지 않는 경우가 많습니다 그래서 필요한 것이 실무 중심 + 취업 연계형 교육 과정 입니다. 비전공자도 가능한 이유 많은 분들이 “나는 전공이 아닌데 괜찮을까?” 고민하시는데요. 국비지원 부트캠프는 ✔ 기초부터 시작하는 커리큘럼 ✔ 단계별 실습 중심 교육 ✔ 프로젝트 기반 학습 으로 구성되어 있어, 비전공자도 충분히 취업까지 도달할 수 있도록 설계 되어 있습니다. 실제로 IT 취업자의 상당수가 비전공자 출신입니다. 선택 가능한 IT 직무 본인의 성향과 목표에 맞게 다양한 직무를 선택할 수 있습니다. 개발 (백엔드 / 프론트엔드 / 풀스택) 네트워크 / 서버 클라우드 / 인프라 AI / 데이터 / 생성형 AI 임베디드 / 펌웨어 / IoT 정보보안 / DB보안 핀테크 개발 핀테크 서비스 기획 프로덕트 디자인(UI/UX) 👉 복수 선택도 가능하기 때문에 상담을 통해 방향을 함께 설정해드립니다. 교육을 통해 얻을 수 있는 것 국비지원 과정은 단순 수강이 아닙니다. ✔ 실무 프로젝트 경험 ✔ 포트폴리오 완성 ✔ 기업에서 사용하는 기술 스택 습득 ✔ 협업 경험 (실제 개발 환경 방식) 👉 수료 시점에는 “신입이지만 바로 투입 가능한 수준” 까지 도달하는 것이 목표입니다. 교육기관별 특장점 및 혜택도 안내드립니다 교육기관마다 차이가 있기 때문에 👉 무작정 신청하는 것은 위험합니다. 상담을 통해 ✔ 취업률 / 기업 연계 여부 ✔ 온라인 / 오프라인 과정 여부 ✔ 커리큘럼 및 교육일정 ✔ 강사진 (현업 출신 여부) ✔ 교육 강도 및 난이도 ✔ 수당 및 지원 혜택 까지 비교하여 👉 가장 적합한 교육기관을 매칭해드립니다. 상담 시 안내해드리는 내용 단순 추천이 아니라 ✔ 개인 맞춤 직무 방향 설정 ✔ 커리큘럼 상세 설명 ✔ 교육 일정 및 시작 시기 ✔ 취업 전략 및 전망 까지 구체적으로 안내드립니다. 단순 궁금하신 점만 물어보셔도 됩니다 :) 상담 신청 방법 아래 4가지만 알려주시면 됩니다. 1️⃣ 거주지 2️⃣ 공부 시작 희망 시기 3️⃣ 희망 직무 (복수 선택 가능) 4️⃣ 나이 (만 나이 기준) 👉 위 정보를 바탕으로 가장 적합한 교육기관 + 직무 과정으로 맞춤 상담 진행해드립니다. 마지막으로 IT 취업은 “언젠가 해야지” 하는 순간 늦어집니다. 👉 중요한 건 빠르게 방향을 잡고, 제대로 시작하는 것 입니다. 혼자 고민하지 마시고 지금 상황에 맞는 최적의 선택을 찾아보세요. 오픈카톡 https://open.kakao.com/o/sRXvLWfi 신청폼 https://naver.me/GB3IX35u"
311744,희성촉매,[희성촉매] [사무직] 연구개발(자동차/환경촉매) 담당자 채용,NEW,"연구개발(자동차/환경촉매) | 자동차 | 자동차/조선/기계 | 연구개발/설계 | 환경 | 화학/에너지/환경 | 자신을 한 줄로 PR해 주시기 바랍니다.. | 자신의 성장 과정 및 성격(강점/약점)에 대해 기술해 주시기 바랍니다. | 교내외 활동 및 특기 사항을 기술해 주시기 바랍니다. (관심 분야/봉사/수상 경력/해외 경험/취미/특기 등) | 팀을 구성해 공동의 목표를 추진해 본 경험에 대하여 기술해 주시기 바랍니다. (팀 내에서 자신의 역할, 팀원 간의 마찰 극복, 팀 활동의 결과 등) | 본인이 생각하는 고객의 정의와 고객을 상대하며 고객 만족을 위해 적극적으로 노력하였던 경험을 기술해 주시기 바랍니다. | 본인의 희망과 상이한 업무를 회사가 제의한다면 어떻게 행동할지 기술해 주시기 바랍니다. | 지원 동기 및 입사 후 포부(10년 후 나의 모습)를 기술해 주시기 바랍니다. | [희성촉매] [사무직] 연구개발(자동차/환경촉매) 담당자 채용",,,"[희성촉매] [사무직] 연구개발(자동차/환경촉매) 담당자 채용 ❖ 주요 업무 • 환경 촉매 개발 – 탈질(DeNOx)촉매, VOC 산화촉매, 흡착제 등 • 기후 촉매 개발 – PFC 분해 촉매, N2O 분해 촉매, CH4 산화 촉매 등 • 자동차 배기가스 정화용 촉매 개발 – 삼원촉매(TWC), GPF, DOC, SCR, AOC 등 • 기후/환경 촉매 시스템 개발, 자동차 배기가스 정화용 촉매 시스템 개발 • 고객 기술 지원 업무 ❖ 필요 역량 • 문제 해결 중심의 연구 역량 : 창의적인 아이디어와 실험 데이터 기반으로 원인을 분석하고 개선 방향을 도출할 수 있는 인재 • 촉매 반응, 표면화학, 반응공학, 열역학 등에 대한 기초 이해 • 안전 및 품질 기준 준수, 책임감 있는 업무 수행 및 일정 관리 능력 • 자기 주도적 학습 및 성장 지향 인재(새로운 촉매 소재, 공정, 분석 기술을 적극적으로 학습하고 적용하려는 자세) ❖ 자격 요건 • 석사 이상 학위 소지자 • 전공 분야 : 불균일계 촉매 합성 및 반응 전공자(화학공학, 화학, 신소재 등 관련학과) • 해외 여행에 결격 사유가 없는 분(남성의 경우 병역 필 또는 면제자) • 토익 700점(또는 토익스피킹 130점, 오픽 IM) 이상 점수 보유자"
311743,PHA Alabama,[미국인턴/앨라배마] 현대기아차 1차 협력 기업 -  품질관리 인턴 채용,INTERN,,,,"[미국인턴/앨라배마] 현대기아차 1차 협력 기업 - 품질관리 인턴 채용 접수 기간 2026-03-30 ~ 채용 시 마감 모집부문 및 상세내용 모집 부문 상세내용 품질관리 인턴 (0명) PHA Alabama는 현대기아자동차 1st Teir인 피에이치에이의 북미법인입니다. 자동차용 DOOR MOVING SYSTEM을 전문 제조하는 업체이며, 현대자동차(주), 기아자동차(주) 등에 제품을 공급하고 있습니다. 주력 제품은 DOOR MODULE, LATCH, HINGE, STRIKER 등이며, 국내 11개, 해외 15개의 관계사가 있으며 피에이치에이(주) 와 (주)에이에스티가 한국법인입니다. 📋 담당업무 1. 일일 측정 업무 수행 2. 데이터 관리 3. 불량 부품 검사 및 선별 업무 (필요 시 수행) 📋 채용형태 - 인턴 12개월 📋 자격조건 - 신입 - 기계/자동차/산업공학 등 유관 공학 계열 전공자 - 졸업예정자 지원 가능(3학년 이상) - 미국 근무 환경에서 새로운 것을 배우는 데 적극적이며, 영어 의사소통이 가능한 자 - MS Office(Word, Excel, Outlook 등) 활용 능숙자 - 6시그마(6 Sigma) 관련 지식 또는 경험 우대 - 품질관리(Quality Control) 경험 우대 🏠 근무조건 • 고용형태 : 인턴직 12개월 (정규직 전환 가능 가능), 해외취업 • 급여 : $60,000/year (한화 약 8,700만원 내외, 환율에 따라 상이) • 추가혜택 : 중식비 별도 지원, 업무 평가에 따라 E2&영주권 스폰, 회사 내규에 따라 병가/연차 제공 • 근무지 : 미국 앨라배마주 🏠 채용절차 1. 지원/접수 2. 채용대행 에이전시(ICN Group) 통해 서류 검토, J-1 Visa 발급요건 부합여부 확인 3. 기업 인터뷰 (화상 Zoom으로 통해 진행) 4. 합격자, 미국 스폰서기관 인터뷰 (회사-지원자 간의 보증을 해주는 미국 국무성 지정 기관) 5. 주한미국대사관 인터뷰 6. 출국/출근 🏠 접수문의 아이씨엔그룹(주)는 미국인턴 전문 에이전시입니다. ※ 파견직이 아닌 해당기업 미국현지법인 직접고용으로 근무하게 됩니다. ※ J-1비자로 입사하며 비자발급비용은 지원자 개인부담입니다. 🏠 지원문의 : (유선) 02-3445-4278 (메일) icngroup@icncareer.com (카카오톡) http://pf.kakao.com/_RBmwj/cha t ✏ (신청서 제출 : https://forms.gle/TVkc8knomHkrfrXq9 ) 또는 링커리어 간편 지원 시스템을 활용해 주세요. 대학생 대외활동 공모전 채용 사이트 링커리어 https://linkareer.com/ 자격요건 학력 대학졸업(4년) 이상(졸업예정자 가능) 근무조건 급여 연봉 8700만원 ~ 8700만원 근무시간 면접 후 결정 근무지역 해외 (미국) 지원 기간 및 방법 접수기간 2026-03-30 ~ 채용 시 마감 접수방법 링커리어 간편지원 문의 전화번호 0234454278 이메일 icngroup@icncareer.com 유의사항 허위 사실이 발견될 경우 채용이 취소될 수 있습니다."
311742,(주)플랜에이트,대전 동구 대학생 서포터즈 DG 프렌즈 4기 모집,,,콘텐츠 기획/제작 경험,활동비 | 수료증 및 인증서,대전 동구 대학생 서포터즈 DG 프렌즈 4기 모집 ● 모집 대상 - 대전광역시에 거주하는 대학생 누구나 📌 휴학생 지원 가능 📌 2026년 졸업 예정자 지원 불가 ● 활동 내용 - 미션을 통한 콘텐츠 제작 - 대전광역시 동구 관련 콘텐츠 제작 및 행사 취재 - 발/해단식 등 서포터즈 관련 행사 참석 ● 모집 기간 - 2026년 3월 25일(수) ~ 4월 17일(금) ● 활동 기간 - 2026년 5월 ~ 11월 ● 운영 일정 - 발대식 진행 > 서포터즈 활동 > 해단식 진행 > 종료 ● 활동 혜택 - 소정의 활동비 지급 및 위촉장 수여 - 최우수서포터 선정 - 전문가 특강 ● 지원 방법 - 네이버 폼 접속 > https://buly.kr/8enCcKs ● 문의 사항 - dlwngkr7074@d-planner.com
311741,한화생명보험,[한화생명보험] T&D팀 '교육 영상콘텐츠 개발' 경력채용 (대리~과장),CONTRACT,교육 영상콘텐츠 개발 | 일반영업 | 영업/고객상담 | 컨텐츠제작 | 콘텐츠/사이트운영 | IT/인터넷 | 콘텐츠기획/운영 | 기획/전략/경영 | 경영/사무 | 지원동기 (300자 이상 1000자 이내) | 경력기술(경력목표 포함) (300자 이상 1000자 이내) | 입사 후 기여방안 (300자 이상 1000자 이내) | [한화생명보험] T&D팀 '교육 영상콘텐츠 개발' 경력채용 (대리~과장),,,"[한화생명보험] T&D팀 '교육 영상콘텐츠 개발' 경력채용 (대리~과장) ■ 직무개요 • 영업관리자/FP 대상 교육 커리큘럼 기획 및 개발 • 집합 교육 과정 강의/운영/관리 • 온라인/랜선 과정 강의 기획 및 교육용 영상콘텐츠 제작 ■ 주요 역할 및 책임 • 영업관리자/FP 대상 교육 커리큘럼 기획 및 개발 - 영업관리자: 관리자 후보자 교육, 영업조직 운영 역량 강화 교육 - FP: 상품, VIP마케팅, 판매프로세스, 재무/보장/세무설계, 고객관리 • 집합 교육 과정 강의/운영/관리 - 정기/비정기 집합교육 과정 전문 분야별 강의 및 운영 - 교육자료 제작 및 업데이트, 교육 참가자 학습 지원 및 피드백 - 교육프로그램의 효과성 평가 및 참가자 성과 측정 • 온라인/랜선 교육 콘텐츠 기획 및 제작 - 집합교육과 연계된 온라인 학습 콘텐츠 기획 및 제작 ■ 우대사항 • 보험/금융관련 자격(AFPK/CFP/CPA/세무사) 보유자 우대 • Office 프로그램(PPT, EXCEL) 활용 능력 보유 우대 • 미디어콘텐츠 제작 Tool(프리미어/애프터이펙트)활용 능력 보유 우대"
311739,발효문화 주식회사,브랜드 숏폼 영상 편집 크리에이터 (인스타그램 릴스)_파트너 구인,CONTRACT,,,,"브랜딩을 함께 만들어갈 감각 있는 릴스제작 가능자를 찾습니다 . 브랜드의 무드를 이해하며 , 힙하고 창의적인 감성으로 콘텐츠를 완성할 수 있는 분을 기다립니다 . ✅ 주요 업무 인스타그램 릴스 편집 및 컨텐츠 업로드 : 이미 촬영된 일상과 작업물을 세련된 릴스로 편집 , 연출 ( 사진촬영 필요없음 ) ✅ 계정 톤앤무드 디렉팅 : 전체적인 피드 레이아웃 및 분위기 관리 ✅ 네트워킹 : 브랜드 대표와의 직접적인 협업 및 다양한 협업 기회 참고 릴스 : ( 제작 희망 릴스 분위기 참고용 ) : https://www.instagram.com/p/DU0c4QzCBvM/ https://www.instagram.com/p/DSFCVbYklzI/ https://www.instagram.com/p/DUlTU2LCMVs/ https://www.instagram.com/p/DWIWbGhEVnd/ 기업정보 : ( 주 ) 발효문화주식회사 ( 서울 용산구 사무실 , 용산구청 옆 ) 지원경로 : skaqgd@gmail.com 혹은 010-6536-7413 으로 릴스 제작 / 편집 관련 간단한 이력과 연락처 및 기타 어필사항 기재하여 연락주시면 감사하겠습니다 . 근무 형태 : 파트타임 / 아르바이트 ( 재택 / 원격 가능 ) / 잘하시는 일 하면 급여도 제공되는 파트타임이라 생각하시고 편하게 지원해주셨으면 좋겠습니다 . 많은 지원 부탁드립니다 ."
311738,인천시장애인재활협회,2026년 장애가정아동 성장멘토링 멘토 모집합니다.,,,멘토링/수업 진행 경험 | 타 대외활동 경험,활동비 | 봉사활동시간,"가. 모집개요 1. 모집기간 : 2026년 2월 13일(월)~ 4월 12일(일) 2. 모집대상 : 인천시 내에서 멘토링 활동이 가능한 대학(원)생 또는 휴학생(직장인 가능) - 멘토링 활동기간에 책임감을 가지고 지속적인 활동이 가능한 자 3. 활동기간 : 2026년 4월~11월(8개월간) 4. 활동해택 - 활동인증서 발급 : 8개월간의 활동을 수료한 모든 멘토에게 발급 - 멘토활동비 지급 : 학습지원 및 건강관리, 문화체험에 대한 활동비 지급(연24회, 회당 35,000원) - 봉사시간 인증 : 멘토활동비가 지급되지 않는 활동에 대한 봉사시간 입력 나. 활동내용 학습지원 및 건강관리(20회) 문화체험(4회) 우리두리캠프(1박2일) 멘토간담회(2회) 발대식·종결식(각1회) 다. 제출서류 및 제출방법 -구글폼 링크 https://docs.google.com/forms/d/1CZpcMxVWedKZmeux6H5SjH8hUtubrsDrsL7Zwd_jcRA/edit 라. 문의사항 : 성장 멘토링 담당자 ☎032) 438-0420~1"
311734,LG이노텍,"[LG이노텍] [패키지솔루션] 신입사원 채용(개발/생산기술, 품질, 생산관리/SCM)",NEW,"생산관리/SCM | 생산관리 | 생산관리/공정관리/품질관리 | 생산/제조 | LG이노텍에 지원한 이유와 지원분야를 선택한 이유를 구체적으로 기술해주세요 | 지원 분야를 위해 '노력한 내용(전공, 경험 등)'과 이를 통해 '확보된 역량'을 구체적으로 기술해주세요. | LG이노텍 입사 후 이루고 싶은 성과 및 꿈은 무엇인지 기술해 주십시오 | [LG이노텍] [패키지솔루션] 신입사원 채용(개발/생산기술, 품질, 생산관리/SCM) | 품질 | 공정/품질/테스트 | 전기/전자/제어 | 연구개발/설계 | 품질관리 | 개발/생산기술 | 반도체 | 반도체/디스플레이 | 생산 | 생산/제조/설비/조립",,,"[LG이노텍] [패키지솔루션] 신입사원 채용(개발/생산기술, 품질, 생산관리/SCM) [모집분야] - 개발/생산기술 - 품질 - SCM, 생산관리 [공통 지원자격] - 해외여행에 결격사유가 없는 자로, 남자의 경우 병역필 또는 면제자 - 각 모집분야 상세내역 내 필수 자격요건 참고 - 4년제 학사 이상 학위 소지자 (모집분야별 학사/석사/박사 학위 취득자) - 기졸업자 또는 '26년 8월 졸업예정자 중 '26년 6월초 입사 가능자 [전형절차] - 서류전형 > 인적성검사 > 1차면접 > 2차면접 > 최종전형"
311733,주식회사 에이치에스컴,[경북문화재단 콘텐츠진흥원]2026 경상북도 지역특화 콘텐츠개발 지원사업 참여기업 모집,,,,실제상용화 | 기타,"『2026 경상북도 지역특화 콘텐츠개발 지원사업 참여기업 모집』 경상북도 내 지역의 문화, 역사, 환경, 사람, 사회 등 고유한 자원을 기반으로 한 콘텐츠 발굴 및 사업화를 지원하기 위해 「2026 경상북도 지역특화 콘텐츠개발 지원사업」 참여기업을 모집합니다. 본 지원사업은 지역 로컬 콘텐츠 IP 마케팅 지원사업 , K-로컬 콘텐츠 특화지원 사업 , K-con 아지트 조성 및 운영 사업 으로 구성되어 있으며, 사업별 지원대상과 지원내용에 따라 신청하실 수 있습니다. 세부 내용은 아래 사업별 안내 및 포스터를 참고해 주시기 바랍니다. 1. 지역 로컬 콘텐츠 IP 마케팅 지원사업 ( http://gcube.or.kr/home/sub1/sub1.asp?mode=view&aseq=21631 2026 경상북도 지역특화 콘텐츠개발 지역 로컬 콘텐츠 IP 마케팅 지원사업 참여기업 모집 경상북도에 소재하고 지역 로컬 콘텐츠 IP를 보유한 콘텐츠 영리기업을 대상으로, 홍보물·미디어 콘텐츠 제작, 국내외 박람회 참가 지원, 온라인 마케팅 등 IP 마케팅 지원을 추진합니다. 접수기간 : 2026. 3. 23.(월) ~ 2026. 4. 20.(월) 18:00까지 지원자격 : 「문화산업진흥 기본법」 제2조 제1호에 따른 문화산업을 영위하거나, 동법 제2조 제2호에 따른 문화상품을 생산·제작하는 기업으로서, 공고일 기준 경상북도에 소재하고(사업자등록증 기준) 지역 로컬 콘텐츠 IP를 보유한 설립 3년 이상의 콘텐츠 영리기업 ※ 컨소시엄 구성 불가 / 지사 불가 지원내용 : 기업당 최대 20,000천원 이내, 5개 내외 기업 지원 / 기업교육 및 자문지원 프로그램 지원(워크숍, 마케팅 특화 교육, 멘토링 등) 지원분야 : 홍보물·미디어 콘텐츠 제작, 국내외 박람회 참가 지원, 온라인 마케팅 등 신청방법 : e나라도움(bojo.go.kr) 공모사업 찾기 공모사업 검색 ‘2026 경상북도 지역특화 콘텐츠개발 지역 로컬 콘텐츠 IP 마케팅 지원사업’ 검색 후 온라인 접수 문의처 : 054-840-7033 2. K-로컬 콘텐츠 특화지원 사업 ( http://gcube.or.kr/home/sub1/sub1.asp?mode=view&aseq=21629 ﻿ 2026 경상북도 지역특화 콘텐츠개발 K-로컬 콘텐츠 특화지원 사업 참여기업 모집 경상북도 소재 콘텐츠 영리기업을 대상으로, 지역의 문화·역사·환경·사람·사회 등의 특성을 소재로 한 스토리 기반 콘텐츠 발굴 및 사업화를 지원합니다. 접수기간 : 2026. 3. 23.(월) ~ 2026. 4. 20.(월) 18:00까지 지원자격 : 「문화산업진흥 기본법」 제2조 제1호에 따른 문화산업을 영위하거나, 동법 제2조 제2호에 따른 문화상품을 생산·제작하는 기업으로서, 공고일 기준 경상북도에 소재하고(사업자등록증 기준) 설립 3년 이상의 콘텐츠 영리기업(본사 기준) ※ 컨소시엄 구성 불가 / 지사 불가 ※ 3년(2023년~2025년) 이내 콘텐츠산업 관련 매출 1억원 이상 실적이 있는 기업 ※ 2명 이상의 신규 일자리(정규직 또는 계약직) 창출 가능한 기업 지원내용 : 과제당 최소 100백만원 ~ 최대 150백만원(최대 2개 과제 선정) ※ 기업 자부담: 지원금의 10% 이상(현금) 지원분야 : 지역의 문화, 역사, 환경, 사람, 사회 등의 특성을 소재로 한 스토리 기반 콘텐츠 신청방법 : e나라도움(bojo.go.kr) 공모사업 찾기 공모사업 검색 ‘2026 경상북도 지역특화 콘텐츠개발 K-로컬 콘텐츠 특화 기업지원 사업’ 검색 후 온라인 접수 문의처 : 054-840-7033 3. K-con 아지트 조성 및 운영 사업 ( http://gcube.or.kr/home/sub1/sub1.asp?mode=view&aseq=21628 2026 경상북도 지역특화 콘텐츠개발 K-con 아지트 조성 및 운영 사업 참여기업 모집 경북 내 상징성 있는 공간에서 문화산업 활동을 하고 있는 기업을 대상으로, 지역 스토리 기반 콘텐츠와 연계한 플랫폼 조성 및 운영을 지원합니다. 접수기간 : 2026. 3. 23.(월) ~ 2026. 4. 20.(월) 18:00까지 지원자격 : 공고일 기준 경상북도에 소재하고(사업자등록증 기준), 경북 내 상징성 있는 공간에서 문화산업 활동을 하고 있는 기업 ※ 컨소시엄 구성 불가 / 지사 불가 지원내용 : K-con 아지트 운영지원(기존) : 최대 2개 과제 / 과제당 최소 40백만원 ~ 최대 80백만원 / 기업 자부담 없음 K-con 아지트 신규조성(신규) : 최대 1개 과제 / 과제당 최대 100백만원 / 기업 자부담 없음 지원분야 : 지역의 문화, 역사, 사회 등의 특성을 소재로 한 스토리 기반 콘텐츠와 연계한 플랫폼 조성 및 운영 신청방법 : e나라도움(bojo.go.kr) 공모사업 찾기 공모사업 검색 ‘2026 경상북도 지역특화 콘텐츠개발 K-로컬 콘텐츠 플랫폼 「K-con 아지트」 조성 및 운영’ 검색 후 온라인 접수 문의처 : 054-840-7033"
311730,한화생명보험,[한화생명보험] T&D팀 '컴퓨터 그래픽 디자인 및 콘텐츠 개발' 경력채용 (대리~과장),CONTRACT,T&D팀 '컴퓨터 그래픽 디자인 및 콘텐츠 개발' | 콘텐츠/사이트운영 | IT/인터넷 | 광고/시각디자인 | 디자인 | 그래픽디자인/CG | e-러닝운영 | 게시판관리 | 사이트운영 | 쇼핑몰•오픈마켓 | 카페•블로그관리 | 컨텐츠운영 | 컨텐츠제작 | 시각디자인 | 광고디자인 | 디지털디자인 | 영상디자인 | 포스터디자인 | 그래픽디자인 | 3D | CG | 지원동기 (300자 이상 1000자 이내) | 경력기술(경력목표 포함) (300자 이상 1000자 이내) | 입사 후 기여방안 (300자 이상 1000자 이내) | [한화생명보험] T&D팀 '컴퓨터 그래픽 디자인 및 콘텐츠 개발' 경력채용 (대리~과장),,,"[한화생명보험] T&D팀 '컴퓨터 그래픽 디자인 및 콘텐츠 개발' 경력채용 (대리~과장) ■ 직무개요 보험상품과 금융서비스를 고객과 영업현장이 쉽게 이해할 수 있도록 콘텐츠를 기획/제작하고, 시각적 표현을 통해 전달력을 높이는 역할 담당 ■ 주요역할 및 책임 - 영업관리자 및 FP 대상 교육 콘텐츠 제작 : 상품컨설팅, VIP마케팅, 판매프로세스, 고객관리 관련 교육용 - 온라인/랜선 교육 콘텐츠 기획 및 제작 : 집합교육과 연계된 온라인 학습 콘텐츠 포함 - 사내 커뮤니케이션 증대를 위한 콘텐츠 기획 및 제작 : 프리미어, 애프터이펙트 등 활용한 사내 홍보성 SPOT 영상 제작 ■ 우대사항 - 보험/금융관련 자격(AFPK/CFP/CPA/세무사 등) 보유자 우대 - 유튜브/블로그/인스타 등 SNS 운영 유경험자 우대 - 보험상품판매 홈쇼핑 방송 콘텐츠 제작 유경험자 우대"
311728,(주)인코스파트너스,[인코스파트너스] CJENM 플랫폼 운영지원 사무보조 채용 (커머스부문 / 식사제공),CONTRACT,,,,"[CJENM 커머스 부문 / 식사 제공] 플랫폼 운영지원 사무보조 채용 1. 모집부문 모집분야 : 사무보조 담당업무 : - 유튜브 플랫폼 운영 지원 - 실적 관리 지원 및 영업 지원 - 기타 운영 지원 업무 자격요건 : - 기본적인 PC 활용 역량 - 꼼꼼한 업무처리 역량 2. 근무조건 근무기간 : 6개월 ~ 1년 근무요일 : 월 ~ 금 / 주 5일 근무시간 : 09 : 00 ~ 18 : 00 / 휴게시간 60분 복리후생 : 국민연금, 고용보험, 산재보험, 건강보험, 연차, 중식 제공, 통근버스 운행 3. 지원 조건 : 성별 무관 / 연령 무관 / 학력 무관 4. 접수방법 : 온라인 지원, 이메일 지원 5. 담당자 정보 담당자 : 김승태 과장 전화번호 : 010-3997-3283 이메일 : tommy@incoskorea.com"
311727,SK오션플랜트,[SK오션플랜트] 홍보 담당 구성원 모집(신입/경력),"NEW, EXPERIENCED","홍보 담당 구성원 | 콘텐츠기획/운영 | 기획/전략/경영 | 경영/사무 | 광고기획 | 마케팅/PR/분석 | 마케팅/광고/홍보 | 마케팅전략/기획 | 모집직무 관련하여 본인이 주요하게 강조하고 싶은 경력사항(참여한 Project 등) 및 강점에 대하여 서술해주세요.(1,000자 이내, 경력직 필수사항) | 모집직무 관련 외 기타 경험에 대하여 자유롭게 서술해주세요.(400~500자 이내) | SK오션플랜트의 어떤 부분에 관심을 가지고 지원하게 되었으며, 입사 후 어떻게 기여하고 싶은지 본인의 강점을 기반으로 작성해주세요.(400~500자 이내) | 자발적으로 최고 수준의 목표를 세우고 끈질기게 성취한 경험에 대해 서술해 주세요.(400~500자 이내) | 혼자 하기 어려운 일에서 다양한 자원 활용, 타인의 협력을 최대한으로 이끌어 내며, Teamwork를 발휘하여 공 동의 목표 달성에 기여한 경험에 대해 서술해 주세요.(400자~500자 이내) * | [SK오션플랜트] 홍보 담당 구성원 모집(신입/경력)",,,"[SK오션플랜트] 홍보 담당 구성원 모집(신입/경력) [담당 업무 및 역할] - 대내외 Conmmunication (브랜드 홍보/PR) - 동영상 등 대내외 미디어 콘텐츠 제작/관리 - 홈페이지 콘텐츠 제작/관리 - CI 제작물 및 대내외 홍보물 개편/제작 - 사내 뉴스레터 제작/관리 - Communication(유튜브, SNS 등) 채널 광고 기획 및 관리 - CI 등 전사 브랜드 Identity 관리/검수 [필수사항] - 학력 : 학사 졸업 이상 - 전공 : 언론, 홍보, 미디어 등 사회 · 인문계열 [우대사항] - Adobe 프로그램 활용 가능자 - 홍보 활동을 위한 영상·사진 촬영 경험 보유자 - 동종업계 유경험자(조선, 플랜트, 중공업 계열) - 어학(영어) 역량 및 문서∙보고서 작성 능력 우수자 - 인근 지역 거주자(경남 고성, 창원, 통영, 거제, 진주 지역)"
311726,기술보증기금,기술보증기금 기술금융연구 誌 게재 논문 모집,,,,기타,"기술보증기금 기술금융연구 誌 게재 논문 모집 ○ 공모개요 - 기술보증기금에서는 2026년 6월 발간 예정인 「기술금융연구」誌(등재후보학술지)에 게재할 논문을 모집하고 있으니, 많은 관심과 투고를 바랍니다. ○ 공모주제 - 중소기업 및 관련 기술·금융, 기술보증기금 업무 등과 관련된 분야 전반의 정책·제도에 관한 조사, 분석, 제안 등 ○ 기간 및 일정 - 모집기간: 26.3.26(목) ~ 26.5.11(월) ○ 지원자격 - 학계 종사자, 연구자 등 ○ 접수방법 - 이메일 접수(research@kibo.or.kr) ○ 출품규격 - 홈페이지 양식 참조 ○ 제출서류 - 논문원고, 연구윤리 서약서, 저작권 양도 동의서, 개인정보의 수집·이용 및 제공 동의서, KCI 문헌 유사도 검사결과 확인서(상세) 등 홈페이지 참조 ○ 심사기준 - 기술보증기금의 기술금융연구 편집위원회 운용기준을 따름 ○ 시상내역 - 게재시 원고료 지급 ○ 유의사항 - 게재 확정된 논문은 6월 호 게재 예정이나, 사정에 따라 차호에 게재될 수 있음 - 5/11 까지 접수된 논문을 대상으로 6월호 게재 및 발간을 위한 심사 예정이며, 논문은 상시 모집중 ○ 문의 - ☏ 051-606-7378"
311725,남동구도시관리공단,남동구도시관리공단 2026년 CS서포터즈단 모집,,,기타,활동비 | 수료증 및 인증서,"﻿ 남동구도시관리공단 2026년 CS서포터즈단 모집 안녕하세요. 남동구도시관리공단입니다. 2026년 CS서포터즈단을 모집하고자 하오니 많은 지원 바랍니다. ■ 모집대상 가. 인원: 4명 나. 기본요건 - 공단에서 운영하는 시설물을 한 번이라도 이용해 본 적이 있는 남동구민 (현수막게시대, 종량제봉투판매소, 해수사업소, 공영주차장, 남동국민체육센터, 서창어울마당 수영장, 남동수영장 등) - 컴퓨터 사용이 가능하며, 활동일지를 무리 없이 작성할 수 있는 분 - 지원동기가 명확하며 정해진 일정에 따라 원활히 활동할 의지가 있는 분(평일 활동 필수) 다. 우대사항 - 공단 시설물을 현재 이용 중인 남동구민 - 공공기관 또는 민간기업의 모니터링 및 서포터즈 등의 경험이 있는 분 ■ 모집기간: 2026. 3. 30.~4. 9. (선정: 4월 중 개별연락) ■ 활동기간: 2026. 4월~2026. 12. 31. ※공단 내부사정에 의거하여 변동 가능 ■ 활동방식: 상·하반기 사업소 방문점검 (반기별 1회) ■ 활동내용 ­- 미스터리 쇼퍼(고객임을 가장) 형식으로 사업소 방문하여 고객서비스 관련 체크리스트 점검 - 개선점, 의견 등이 담긴 활동일지 제출 ■ 대외활동 혜택 - 위촉장 수여 - 매 견학마다 활동비(50,000원) 지급 ■ 지원방법 - 남동구도시관리공단 홈페이지 – 공지사항 – 2026년 CS서포터즈단 모집 - 첨부파일의 지원서 1부를 첨부하여 oooosa0412@naver.com으로 회신 ■ 기타사항 - 참여자 활동일지 제출 점검 철저 - 운영기간 동안 원활한 참여 위하여 노쇼 및 불성실 페널티 부여(활동비 차감 등) ■ 문의사항 ​- 전화 : 032-460-0638 ​- 이메일 : oooosa0412@naver.com​"
311722,롯데백화점,롯데백화점 앰배서더 1기 모집,,,콘텐츠 기획/제작 경험,활동비 | 행사 참여,"﻿ 롯데백화점 앰배서더 1기 모집 ※ 운영 상황에 따라 일부 일정은 변동될 수 있으며, 변경 시 사전 안내드릴 예정입니다. 📅 진행 일정 - 모집 신청 : 2026.3.30(월) 오전 8시 ~ 2026.4.8(수) 24시 - 1차 합격 발표 : 2026.4.10(금) - 2차 오프라인 면접 : 2026.4.13(월) ~ 2026.4.14(화) - 최종 선정 : 2026.4.16 (목) - 발대식 : 2026.4.30(목) *필수 참석 - 활동 기간 : 2026년 5월 ~ 8월 (4개월) ✅ 모집 대상 롯데백화점을 자신만의 감각과 라이프스타일로 풀어내며, SNS를 통해 트렌디한 콘텐츠 제작가능한 분 ✅ 활동 내용 개인 SNS 채널을 기반으로 라이프스타일과 개성을 담은 피드/숏폼 콘텐츠 기획 및 제작 ✅ 활동 혜택 - 5성급 호텔에서 진행되는 웰컴 파티 초청 - 50만원 상당 앰배서더 전용 웰컴 기프트 제공 - 월 활동비 50만원 지급 - 활동 우수자 대상 총 1,500만원 규모 시상 - 럭셔리 브랜드 VIP 행사 초청 - 롯데백화점 주관 VIP 프로그램 초청 - 팝업스토어 및 브랜드 런칭 등 롯데백화점 공동 사업 기회 검토 - 활동 종료 이후에도 앰배서더 전용 이벤트 및 네트워킹 프로그램 지원 📍 문의 : lotte_dept_ambassador@socialmc.co.kr"
311719,한국이미지커뮤니케이션연구원(CICI),K 헤리티지와 K컨템포러리의 미래의 모습 & AI시대와 K 콘텐츠만의 경쟁력 공모전,,,,기타,"K 헤리티지와 K컨템포러리의 미래의 모습 & AI시대와 K 콘텐츠만의 경쟁력 공모전 ○ 공모개요 - 한국이미지커뮤니케이션연구원(CICI)에서는 2026년 5월 21일 개최되는 '문화소통포럼 CCF 2026'에 앞서, 3월 10일부터 5월 10일까지 '한국 전통문화(K-헤리티지), 현대 한국문화(K-컨템포러리)의 미래의 모습' & 'AI시대, K-콘텐츠만의 경쟁력' 공모전을 개최합니다. - English : (바로가기) ○ 공모주제 - 아래 2개 카테고리 중 한 카테고리 또는 두 카테고리 모두 지원 가능합니다. 1. 카테고리 1. 한국 전통문화(K-헤리티지)·현대 한국문화(K-컨템포러리)의 미래의 모습 ※ 아래 [주제 a]과 [주제 b] 중 1개 선택하여 제출 또는 두 주제를 통합한 형태로 제출 가능합니다. [주제 a] 한국 전통문화(K-헤리티지) - 작년 한 해, 한국 전통 모자인 ‘갓’은 ‘케이팝 데몬 헌터스’와 같은 영화와 드라마, 공연 등의 K-콘텐츠를 통해 소개되며 전 세계의 주목을 받았습니다. 우리가 먹고, 입고, 머무는 모든 일상 속에 숨겨진 한국의 헤리티지는 미래에 어떤 모습으로 우리 곁에 머물게 될까요? 한국 헤리티지가 앞으로 어떤 새로운 형태로 확장될 수 있을지, 그 구체적인 모습과 가능성을 제안해 주세요. - 공모 내용 : 전통의 원형을 유지하면서도 현대적 감각으로 재해석한 ‘K-헤리티지의 미래의 모습’을 카드뉴스로 제안 - 예시 : 전통 문양의 스트릿 패션, 한옥의 구조를 담은 현대적 건축공간 디자인, 전통 공예 기법을 적용한 리빙 아이템 등 [주제 b] 현대 한국문화(K-컨템포러리) - 이제 K-문화는 특정 장르에 국한되지 않고 수많은 세계인의 라이프스타일 그 자체가 되었습니다. 한국의 길거리 음식이 미슐랭 가이드에 오르고, 한국어 가사가 글로벌 차트에 오르며 외국인들도 한국어로 떼창을 하는 지금, 다음 스텝은 무엇일까요? 앞으로 세계가 또 한 번 주목하게 될 K-컨템포러리의 새로운 분야와 흐름은 무엇일지, 그 가능성과 방향을 제안해 주세요. - 공모 내용: 전 세계가 열광할 K- 컨템포러리의 미래의 모습에 대한 아이디어를 카드뉴스로 제안 - 예시 : 한국의 '빨리빨리' 문화가 접목된 혁신적 서비스 모델, 한국 식자재를 활용한 비건 K-푸드, K-웹툰에 나오는 세계관을 활용한 오프라인 테마파크 등 2. 카테고리 2. AI시대, K-콘텐츠만의 경쟁력 - 생성형 AI의 확산으로 콘텐츠 제작의 접근성은 높아졌지만, 동시에 콘텐츠의 유사성과 평준화에 대한 우려도 커지고 있습니다. - 기술이 발전할수록, 콘텐츠의 차별성은 단순히 형식이나 소재를 넘어 사람의 마음을 움직이는 힘에서 비롯됩니다. - K-콘텐츠가 세계인의 공감을 얻는 이유는 무엇이며, 어떤 방식과 정서를 통해 특별한 경험을 만들어내고 있을까요? - 공모 내용 : AI 시대에도 대체될 수 없는 K-콘텐츠의 고유한 강점과, 감정·관계·공감을 이끌어내는 한국 콘텐츠만의 방식을 카드뉴스로 제안 - 예시 : 한국 사회와 문화가 반영된 콘텐츠, 글로벌 팬덤과의 소통 방식 및 참여 문화, ‘정(情)’과 같이 한국 특유의 정서를 기반으로 한 콘텐츠 등 ○ 기간 및 일정 - 접수 기간: 2026년 3월 10일(화)부터 5월 10일(일)까지 ○ 지원자격 - 18세 이상 한국 거주 한국인 & 외국인 ○ 접수방법 - 이메일 접수 : cicicompetition@gmail.com * 제출 전 이메일 주소가 맞는지 확인해주시기 바랍니다. ○ 출품규격 - 아이디어를 반영한 카드 뉴스 이미지 (JPG, JPEG, PNG파일, 150dpi, 10MB이하) 4:5 세로형 1080*1350 사이즈 - 최소 3장~최대 10장 ※ 대표 이미지 첨부 필수(주제를 한눈에 알 수 있는 이미지) ※ 1인(또는 1팀) 최대 3점까지 제출 가능 ○ 제출서류 - 공모신청서 - 카드 뉴스 이미지(최소 3장~최대 10장) ○ 심사기준 - 주제 적합성, 창의성, 메시지 전달력, 작품 완성도 ○ 심사방법 - 1차 심사 - CICI 심사위원회 심사 (5월 14일 오후 5시 발표) - 최종 심사 - 5월 21일 CCF 2026 포럼 당일 현장 투표 진행 및 대상, 우수상 선발 ○ 시상내역 [카테고리별] - 대상(1명) : 총 250만 원 상당 (상금 100만 원 + 해외 럭셔리 호텔 숙박권, 루틴프로젝트 세트) - 우수상(1명) : 총 150만 원 상당 (상금 50만 원 + 해외 럭셔리 호텔 숙박권, 루틴프로젝트 세트) ○ 유의사항 - 자세한 사항은 홈페이지 공고문 참조 (바로가기) ○ 문의 [한국이미지커뮤니케이션연구원(CICI)] - T. 02-424-0049 - H. www.coreaimage.org - E. cicicompetition@gmail.com"
311718,LS엘앤에프배터리솔루션,[LS엘앤에프배터리솔루션] 생산/제조원(계약직) 추가 채용,CONTRACT,"생산/제조원(계약직) | 생산/제조/설비/조립 | 생산/제조 | 생산관리/공정관리/품질관리 | 생산 | 제조/가공 | 포장 | 조립 | 검사/검품 | 생산관리 | 공정관리 | 품질관리 | 자재관리 | 환경관리 | 1. 지원동기와 입사 후 회사에서 이루고 싶은 꿈은 무엇인가요? | 2. 지원한 직무를 위해 필요한 역량은 무엇이라고 생각하며, 이 역량을 갖추기 위한 노력이나 자신만의 특별한 경험을 작성해 주세요. | 3. 다른 지원자 대비 본인만의 '차별화된 강점'과 '보완해야 할 약점'에 대해 사례를 들어 구체적으로 기술해 주세요. | 경력사항과 보유기술에 대해 구체적으로 설명해주세요. | [LS엘앤에프배터리솔루션] 생산/제조원(계약직) 추가 채용",,,"[LS엘앤에프배터리솔루션] 생산/제조원(계약직) 추가 채용 [담당 업무] ㅇ 원재료·부재료 검사 ㅇ 공정, 제품, 폐수 샘플링 및 분석 ㅇ 기타 분석실 및 분석기 관리 [자격요건] ㅇ 고졸 이상 ㅇ 교대근무 가능자 [우대사항] ㅇ 화학분석기사 등 관련 자격 보유자 ㅇ 이차전지 소재(전구체/양극재) 분석 업무 경력 보유자"
311717,시크모먼트,CHIC-MOMENT 2026 시크모먼트 룩북 콘텐츠 네이밍 공모전,,,,기타,"﻿ CHIC-MOMENT 2026 시크모먼트 룩북 콘텐츠 네이밍 공모전 홍보를 위한 유튜브 채널 개설 예정이며, 업로드할 룩북 쇼츠의 콘텐츠명 추천 받고 있습니다 ● 참가 자격 - 패션과 스타일링에 관심이 있는 누구나 - 센스 있는 아이디어 있는 분들 모두 ● 공모 주제 - 튜튜브 룩북 쇼츠 콘텐츠명 네이밍 ● 시상 내역 - 대상 (1명) : 상금 30만원 - 최우수상 (4명) : 상금 20만원 - 우수상 (6명) : 1:1 맞춤 골격진단 스타일링 + 룩북 제작 (10만원 상당) - 참가상 (10명) : 신세계쇼핑 (SSG) 상품권 2만원권 ● 공모 일정 - 접수기간: 2026년 3월 2일(월) ~ 3월 30일(월) 23:59까지 * 결과발표: 홈페이지 게시 및 개별 연락 (3월 30일 안으로 전달 예정) ● 접수 방법 - 온라인 신청 폼 작성 https://buly.kr/5fELPGQ ● 심사기준 - 2030 세대에게 공감을 얻을만한 감각적인 네이밍 - 눈에 확 들어오는 콘텐츠명 - 시크모먼트 브랜드 아이덴티티와의 조화 ● 유의 사항 - 수상작의 저작권은 시크모먼트에 귀속됩니다. - 타인의 저작권을 침해하는 작품은 심사에서 제외되며, 수상 후에도 취소될 수 있습니다. - 동일한 네이밍이 제출될 경우, 먼저 접수된 작품에 우선권이 있습니다. ● 문의 사항 - 010-8260-1391"
311716,용산공원,2026년 용산공원 사진 공모전,,,,기타,"2026년 용산공원 사진 공모전 공모 주제 용산어린이정원 또는 장교숙소5단지의 봄 풍경 * 용산공원의 봄 풍경을 보여주는 모든 사진(인물, 반려동물, 풍경, 건물 등) 출품 가능 공모 일정 - 접수: 2026년 3월 24일(화) ~ 2026년 4월 12일(일)까지 - 발표: 2026년 4월 중 용산공원 SNS 채널 * 내부 사정에 따라 결과 발표일은 변경될 수 있습니다. 참가 대상 대한민국 누구나(개인만 출품 가능) * 1인당 최대 사진 10장 제출 가능 접수 방법 1. 용산공원 인스타그램 팔로우 2. 촬영한 사진을 개인 인스타그램에 업로드 3. 게시물에 용산공원 태그 및 해시태그 첨부(@yongsanparkstory) (#용산공원 #용산어린이정원 #장교숙소5단지 #사진맛집 #벚꽃명소) 4. 참여 게시물 링크를 신청폼으로 제출하면 완료!(프로필 링크 참고) 시상 내역 - 대상: 50만원 1명 - 최우수상: 30만원 2명 - 우수상: 10만원 4명 - 입선: 3만원 10명 * 상금에 대한 제세공과금은 본인 부담 문 의 070-8833-5800"
311715,(사)산과자연의친구,기후시민시네마스쿨 심화과정,,,,,"주관: 산과자연의친구 후원: 생태전환지원재단 1) 교육 목적 기후/생태 의제를 삶의 언어로 기록하는 창작자 양성 영화제작과정을 통한 기후 생태감수성 확장 '청소년 생태전환 교육'을 위한 영화 해설 강사 양성 2) 교육 일정 (1) 전반부- 영화 제작 수업: 저녁 7시~10시 / 15회차 / 매 3시간 5/11(월), 12(화), 18(월), 19(화), 26(화) 6/1(월), 2(화), 8(월), 15(월), 22(월), 29(월) 7/3(금), 6(월), 7(화), 10(금) (2) 후반부- <청소년 생태전환 교육>을 위한 영화 해설 가이드북 제작 7월 13(월), 20(월), 27(월) / 3회차 / 매 3시간 (3) 현장교육 - 8월 중순: 가리왕산, 동강 일대 <청년생태학교> 현장 교육 1회 - 중고등학교 현장 교육 9월 중 총 3회 /수도권 학교 3) 교육장소 : 성수동 헤이그라운드 성수시작점 4) 모집 기간: 4월 1일~24일 전회차 참석자 선발 원칙: 22회 + 수료식 = 23회차 지원동기 심사 총 12 명 선발 5) 선발통보 : 5월 1일 6) 참가비 10만원 농협 301-0304-8583-31 산과자연의친구(우이령사람들)"
311714,뉴팀즈(주),[의왕시 청년성장프로젝트] 부캐발굴클럽 4기_웹소설 참가자 모집,,,,,"[부캐발굴클럽 4기_웹소설 참가자 모집] [⚠️알림] 당신의 ‘창작’ 스킬이 개방되었습니다. LV.1 독자 : 맨날 읽기만 하던 고인물 일상 LV.99 작가 : 상상이 곧 현실이 되는 짜릿한 연재 ✔️ 보기만 하던 세상에서, 이제는 내가 만드는 세상으로! ✔️ 내가 입력하는 문장으로 새로운 세계를 만들어요 ✨ 2026년형 갓생 스탯 찍기 취업 준비나 회사 생활이라는 메인 퀘스트는 그대로. 웹소설 작가라는 부캐 전직 기회를 잡으세요. 👉 지금 바로 [신청하기] 버튼을 눌러 전직하세요! [모집 개요] - 일시: 4월 25일(토) 14:00~18:00 - 장소: 의왕 청년발전소 (안양판교로 82, 포일어울림센터 4층) - 모집기간: ~4월 19일(일) 자정까지 - 선정안내: 4월 20일(월) 선정자 개별 안내 예정 - 신청: https://litt.ly/uiwang_youth - 문의: http://pf.kakao.com/_rMQxfn"
311713,케이피에프,[케이피에프] 미주영업팀(신입) 모집,NEW,"미주영업팀(신입) 모집 | 영업관리/지원/영업기획 | 영업/고객상담 | 영업관리 | 지원 | 영업기획 | 1. 지원자가 알고 있는 KPF와, 우리 회사에 지원한 동기 및 목표에 대해 기술해주시기 바랍니다. | 2. 지원한 직무와 관련하여 지원자가 보유한 전문지식 및 역량과 이를 활용한 경험에 대하여 기술해 주시기 바랍니다. | 3. 실수나 문제가 발생하더라도 포기하지 않고 자신의 일을 마무리한 경험에 대해 구체적으로 기술해 주시기 바랍니다. | 4. 자발적으로 목표를 세워 부족한 부분을 보완하거나 발전시킨 경험에 대해 구체적으로 기술해 주시기 바랍니다. | 1. 지원한 직무에 대한 대표적인 성과와 이를 달성하기 위한 과정을 구체적으로 기술해주시기 바랍니다. | 2. 입사 후 본인의 경력 및 역량을 바탕으로 KPF에 기여할 수 있는 부분에 대해 기술해주시기 바랍니다. | [케이피에프] 미주영업팀(신입) 모집",,,"[케이피에프] 미주영업팀(신입) 모집 [담당업무] · 미주지역 고객사 영업관리 · 고객사 기초정보 관리 · 수주 관리 · 납기 관리, 출고 관리 · 매출채권 관리 · 클레임 관리 [자격요건 및 우대사항] · 학사 학위 이상 보유자 · 이공계열 전공 (우대) · 영어 활용 가능자 (아래 중 한가지 충족) · 토익 850점 이상 · 토익 스피킹 LV6 이상 · OPIC IH 이상 [전형절차] - 서류전형 > AI역량검사 > 면접 > 최종합격"
311711,뉴팀즈(주),[의왕시 청년성장프로젝트] 일잘러온보딩 2기_AI영상 참가자 모집,,,,,"[일잘러 온보딩2기_AI영상 참가자 모집] 📢 2026년, 세상은 이미 AI 영상으로 움직이는 중! 📢 변화하는 흐름 속에서 당신은 준비되었나요? ✔️ 단순한 소비자를 넘어 AI 크리에이터로! ✔️ 복잡한 촬영 없이 프롬프트 하나로 끝내는 고퀄리티 영상! ✔️ 남들보다 한발 앞선 미래형 스펙 장착까지! 🎥 상상이 영상이 되는 마법 같은 시간, AI 영상을 통해 자신의 이야기를 완성해보세요. 👉 지금, 당신의 아이디어를 Play 하세요! [모집 개요] - 일시: 4월 25일(토) 09:30~13:30 - 장소: 의왕 청년발전소 (안양판교로 82, 포일어울림센터 4층) - 모집기간: ~4월 19일(일) 자정까지 - 선정안내: 4월 20일(월) 선정자 개별 안내 예정 - 신청: https://litt.ly/uiwang_youth - 문의: http://pf.kakao.com/_rMQxfn"
311709,SK케미칼,[SK케미칼(GC)] 설비관리 담당 신입 구성원 모집 (울산공장),NEW,"설비관리 담당 신입 구성원 | 전기/소방/통신/안전 | 건설 | 생산관리/공정관리/품질관리 | 생산/제조 | 시설관리 | 건설안전 | 소방방재 | 통신설비 | 생산관리 | 공정관리 | 품질관리 | 자재관리 | 환경관리 | 자발적으로 최고 수준의 목표를 세우고 끈질기게 성취한 경험에 대해 서술해 주십시오. (본인이 설정한 목표/ 목표의 수립과정/ 처음에 생각했던 목표 달성 가능성/ 수행 과정에서 부딪힌 장애물 및 그 때의 감정(생각)/ 목표 달성을 위한 구체적 노력/ 실제 결과/ 경험의 진실성을 증명할 수 있는 근거가 잘 드러나도록 기술) (500-1,000자) | 새로운 것을 접목하거나 남다른 아이디어를 통해 문제를 개선했던 경험에 대해 서술해 주십시오. (기존 방식과 본인이 시도한 방식의 차이/ 새로운 시도를 했을 때의 주변 반응/ 새로운 시도를 위해 감수해야 했던 점/ 구체적인 실행 과정 및 결과/ 경험의 진실성을 증명할 수 있는 근거가 잘 드러나도록 기술) (500-1,000자) | 지원 분야와 관련하여 특정 영역의 전문성을 키우기 위해 꾸준히 노력한 경험에 대해 서술해 주십시오. (전문성의 구체적 영역(예. 통계 분석)/ 전문성을 높이기 위한 학습 과정/ 전문성 획득을 위해 투입한 시간 및 방법/ 습득한 지식 및 기술을 실전에 적용해 본 사례/ 전문성을 객관적으로 확인한 경험/ 전문성 향상을 위해 교류하고 있는 네트워크/ 경험의 진실성을 증명할 수 있는 근거가 잘 드러나도록 기술) (500-1,000자) | 학업, 프로젝트, 인턴, 일상생활 등에서 AI Tool을 활용해 문제를 해결하거나 새로운 시도를 했던 경험을 기술해 주십시오. (어떤 AI Tool을 선택했으며, 해당 Tool을 선택한 이유 / AI 도구를 효과적으로 활용하기 위해 수립한 전략 및 계획 / AI의 도움으로 가능했던 부분과 본인이 직접 보완,판단한 부분 / AI Tool을 활용한 결과와 그 과정에서 배운 점 / 새로운 시도 및 그 결과에 대한 주변의 반응 등을 기술) (500-1,000자) | [SK케미칼(GC)] 설비관리 담당 신입 구성원 모집 (울산공장)",,,"[SK케미칼(GC)] 설비관리 담당 신입 구성원 모집 (울산공장) [수행업무] ● 고정장치 및 회전기계 설비 관리 ● 공사 설계, 업체 선정 및 관리 ● 신규 기술/설비 및 공정 개선 검토 및 수행 ● 설비 Trouble shooting, PSM/ISO관리, 안전관리 [지원자격] ● 공고 마감일 기준 기졸업자 또는 '26년 8월 졸업 예정자 (학사 이상) [핵심역량] ● 기계 공학 전공을 보유하신 분 ● 기본 업무 수준의 영어 소통이 가능하신 분 [우대사항] ● 기계 전공 관련 자격증을 보유하신 분 (기사, 산업기사 등) ● 안전 관련 자격증을 보유하신 분 ● 화학 공장 기계 설비 유관 경험을 보유하신 분"
311708,(주)글로벌금융판매,AX사업부 AI혁신팀 신입사원 정규직공채,NEW,,,,"AX사업부 AI혁신팀 신입사원 정규직공채 접수 기간 2026-03-30 ~ 2026-04-10 모집부문 및 상세내용 AX사업부 AI혁신팀 신입사원 정규직공채(1명) 채용 형태 - 신입 - 사원 담당업무 ㆍ생성형AI기반 업무전환 및 자동화 구현 ㆍ범용AI 프로그램(TOOL)활용 기획, 커뮤니케이션 우대조건 ㆍ컴퓨터활용능력, AI TOOL활용가능자 (생성형AI 프로그램,툴의 전반적 활용가능자로 업무자동화 기획력이 있는자) 프롬프트작성능력 / AI영상,디자인,문서작업 등 실무경험 보유자 ㆍ 생성형AI 핸들링 경력과 경험 - 챗지티피,제미나이,클루드,노션AI,나노바나나,미드저니 등 프로그램 활용 결과물 산출능력 자격요건 학력 대학졸업(4년) 이상(졸업예정자 가능) 근무조건 급여 연봉 3000만원 ~ 3000만원 근무시간 주 5일(월~금) 09:00 ~ 18:00 근무지역 서울 구로구 디지털로34길 55 512호 전형 절차 Step1 서류전형 Step2 1차 면접 Step3 2차 면접 Step3 최종합격 지원 기간 및 방법 접수기간 2026-03-30 ~ 2026-04-10 접수방법 링커리어 간편지원 복리후생 4대보험, 우수사원포상, 연차, 반차, 경조휴가제, 자유복장, 생일엔 조기퇴근, 인재육성 중시, 주차장제공, 신입사원교육(OJT), 멘토링제도, 워크샵/MT, 체육대회/야유회, 자기계발비 지원, 우수사원시상식, 각종 경조사 지원 유의사항 허위 사실이 발견될 경우 채용이 취소될 수 있습니다."
311707,블루밍청춘,"부산스타트업라운지에서 정립하는 창업의 논리와 전략, 가가대소(아빠와소풍) 박성문 대표를 만나다",,,,,"📢 부산스타트업라운지 3월 2회차 교육 안내 안녕하세요. 부산스타트업라운지입니다. 창업 문화 확산 및 생태계 활성화를 위해 새롭게 단장한 프리미엄 강연, **""Lounge Logic : 부산""**을 선보입니다. **""Lounge Logic : 부산""**은 스타트업이 겪는 복잡한 고민을 명쾌한 '논리(Logic)'로 풀어내어, 창업의 본질부터 생태계까지 라운지에서 완성하는 필승 창업 로직을 제안합니다. 앞으로 매월 다음 3가지 핵심 전략에 맞춘 다채로운 강연을 진행할 예정입니다. 전략 1. Core-Logic : 흔들리지 않는 창업가의 내면 논리와 가치관 전략 2. Success-Logic : 부산 대표 기업들이 증명한 성공 방식 전략 3. Eco-Logic : 창업의 본질부터 생태계까지, 라운지에서 완성하는 필승 전략 이번 3월 2차 교육은 **[전략 2. Success-Logic]**을 바탕으로, (주)가가대소 박성문 대표님 을 모시고 지역 로컬기업으로써의 성장과정에 대한 이야기를 나눕니다. [교육 상세 안내] 주 제 : ""우리밀 100%가 전하는 진심, 부산 로컬 기업 가가대소"" 친환경 먹거리, 우리 농산물, 식품 안보의 미래까지 내다보다 일 시 : 2026. 03. 31. (화) 14:00 ~ 16:30 장 소 : 부산유라시아플랫폼 114호 대 상 : 부산 소재 (예비)창업자 및 관심 있는 누구나 인 원 : 선착순 50명 신청방법 : 포스터 하단 '부산창업포털' QR코드 스캔 후 접수 문 의 : 혁신창업실 (051-715-1753)"
311704,경기도주택도시공사·우리은행 / 아이들과미래재단,GH·우리드림 엠버서더 2기 참가자 모집,,,기타,활동비,"GH·우리드림 엠버서더 2기 참가자 모집 ■ 공모 내용 : GH·우리드림 엠버서더 2기 모집 참가 신청 안내 ■ 지원 자격 : 경기도 2기 지역 내 저소득 가정 고등학생 1~3학년 (기준 중위소득 120% 이하 가구의 청소년) * 거주지와 학교 소재지가 다른 경우, 거주지 지역 우선 선발 ■ 모집 기간 : 2026년 3월 24일(화) ~ 4월 15일(수) 24:00까지 ■ 지원 방법 : 이메일 접수 1) 이메일 : jso@fyf.or.kr 2) 학교 및 사회복지기관, 시설을 통해 접수(개인신청 불가) ■ 대외활동 내용 1) 유럽(영국 및 프랑스)에 본인들이 방문 하고 싶은 장소를 찾아보고, 만나고 싶은 연사나 교류하고 싶은 대학 및 기업들을 직접 섭외하는 등의 전반적인 캠프일정을 주도적으로 계획. 2) 청소년들이 캠프일정 내에서 수행할 수 있는 프로젝트(미션)를 직접 기획 및 실행 3) 현지 탐방 진행 이전 교육 및 기획 회의를 포함한 최소 3회 이상의 사전교육 필수 참여 4) 지원종료 후 팀 별로 결과보고서를 작성하여 활동한 내용 및 후기를 발표 하는 결과발표회 필수 참석 ■ 활동 혜택 : 해외탐방비용 지원 무료(여권 발급비 개인 부담) ■ 문의 사항 : 070-4360-0318"
311703,사단법인도농문화콘텐츠연구회,제3회 전국김밥경연대회,,,,상장 수여,"제3회 전국김밥경연대회 ■ 시제 ○ 경기미 K푸드 김밥의 미래 경기미와 경기 농산물을 주재료로 제시 참가자가 선택하여 김밥 레시피 구성 예) 가평잣, 여주고구마,양평딸기,남양주먹골배,안산포도 등 ➀ 경기미와 농산물을 재료로 한 이색 김밥 ➁ 매장에서 판매 할 수 있는 제품 구성 ■ 참가부문 및 참가자격 ○ 일반부 - 식문화 관심있는 20세 이상 (최대 2명 팀 구성) ○ 소상공인부 - 김밥판매점 대표 또는 직원(위임), 본선참여 최대 5인 이내 팀 * 사업자등록증 확인 (직원 참가 시 위임장) ■ 신청접수 ○ 참가신청 : 4월 1일(수)~4월 23일(목) 18시 까지 ○ 신청방법 : 공식홈페이지 접수 https://www.gimbapfesta.com/ ○ 제출서류 - 일반부 [참가신청서,개인정보활용동의서,서약서] - 소상공인부 [사업자등록증/위임장, 참가신청서, 개인정보활용동의서, 서약서] ■ 부대서류 제출 ○ 부대서류 : 4월 21일(화)~ 5월 7일(목) 18시 까지 ○ 접수방법 : 공식 홈페이지접수 ○ 제출서류 - 부대서류 [출품작품설명서 및 레시피(사진첨부),구매인증서류**] ■ 경연방법 - 일반부 별도 조성된 경연장소에서 주어진 경연시간 내 제출된 레시피에 의거하여 작품 조리 조리된 작품 심사 진행 본선진출자는 본상 수상과 관계없이 입상상금 10만원 제공 (재료비 10만원) - 소상공인부 ※ 제공된 판매부스 (3X3M)에서 김밥 제조 판매 심사위원 관능평가 및 소비자 평가 진행 본선진출자는 본상 수상과 관계없이 입상 상금 30만원 제공 (재료비 30만원) * 참가자는 본인확인을 위한 신분증 지참 * 본인 희망 시 6월 14일(일) 판매 부스 운영 가능 ■ 시상 혜택 일반부(상장,상금) | 소상공인부 (상장,상금,상패 제공) 대 상 부문 통합 1명 선정 3,000,000 / 경기도지사상 부문 일반부 / 소상공인부 금 상 부문별 1팀 상금금액 2,000,000 / 경기도지사상 은 상 부문별 1팀 상금금액 1,500,000 / 경기도지사상 동 상 부문별 2팀 상금금액 800,000 / 경기도지사상 장려상 부문별 2팀 상금금액 500,000 / 경기도지사상 총인원 13팀 총상금 15,200,000 원 ■ 심사 방법 및 배점표 ◾ 예선 심사 - 심사방법 : 레시피에 의한 서류심사 - 서류심사 : 레시피 및 제조과정 사진 (제조과정,완성사진 인증샷 3컷이상) - 심 사 자 : 예선 심사위원 (3인) ◾ 일반부 본선 - 심사방법 : 관능심사 - 관능심사 : 지정품목에 대한 심화심사 (현장 조리) - 심 사 자 : 심사위원 (5인) ◾ 소상공인부 본선 - 심사방법 : 관능심사 및 판매태도 및 매출액 심사 (사전 전처리 및 현장 조리) - 관능심사 : 지정품목에 대한 심화심사 - 심 사 자 : 심사위원 (5인) 일반부 본선평가표 창의성(25점) - 경연주제에 대한 이해와 창의성 및 응용력 식재료 구성(10점) - 주재료와 부재료 간의 양, 맛, 색상의 조화 조리과정의 숙련도(10점) - 조리과정의 위생 식재료관리, 조리도구의 숙련도 활용성(상품성)(25점) - 제품(상품)화 및 대중화 가능성 레시피 및 완성도(10점) - 레시피 일치 여부와 완성도 대표작품의 맛(20점) - 각 재료 고유의 맛을 적절하게 유지 하였는가? 각 재료간의 맛의 조화가 이루어 졌는가? 총 점수 100점 기준 소상공인부 본선평가표 창의성(25점) - 경연주제에 대한 이해와 창의성 및 응용력 식재료 구성(10점) - 주재료와 부재료 간의 양, 맛, 색상의 조화 활용성(상품성)(25점) - 제품(상품)화 및 대중화 가능성 대표작품의 맛(20점) - 각 재료 고유의 맛을 적절하게 유지 하였는가? 각 재료간의 맛의 조화가 이루어 졌는가? 판매 관련(20점) - 소비자 응대, 태도 및 방법 총 점수 100점 기준 ■ 문의 사항 Tel. 031-774-3312 E-mail : krucc@naver.com 카카오채널 : http://pf.kakao.com/_ykVwn"
311702,(주)씨아이에이열린교육,CIA 영어캠프 인솔자 모집 공고,,,사진/영상/디자인 툴 | 멘토링/수업 진행 경험 | 외국어 | 리더십,활동비 | 수료증 및 인증서,"✈️ 항공권 + 숙식 전액 지원 2026 여름방학 해외 영어캠프 인솔자 모집 여름방학 동안 필리핀 세부에서 학생들과 함께 생활하며 해외 경험 + 실무 경험을 동시에 쌓을 수 있는 기회입니다 . ✅ 이런 분들께 추천합니다 방학 동안 의미 있는 경험 + 수입 을 함께 얻고 싶은 분 해외에서 살아보는 경험을 해보고 싶은 분 아이들과 잘 어울리고 책임감 있는 분 📌 근무 조건 근무 기간 ( 선택 가능 ) 6 주 : 7/12 ~ 8/22 4 주 : 7/19 ~ 8/15 / 7/26 ~ 8/22 근무 장소 : 필리핀 세부 ( 막탄 ) 채용 조건 : 현지 법인 채용 💰 제공 혜택 ✈️ 왕복 항공권 전액 지원 🏨 숙식 제공 🛡️ 여행자 보험 제공 💵 활동비 지급 ( 면접 후 협의 ) 📜 캠프 수료증 (Certificate) 발급 📚 현지 영어 수업 참여 기회 🧑‍🏫 하는 일 ( 어렵지 않아요 ) 학생들 공항 인솔 및 이동 관리 캠프 기간 생활 관리 ( 출결 , 건강 체크 등 ) 간단한 수업 진행 ( 수준별 배정 ) 프로그램 진행 보조 🎯 지원 자격 해외 체류에 결격 사유 없는 분 캠프 기간 동안 책임감 있게 참여 가능한 분 ☆우대 사항 영어 가능자 해외 경험 / 캠프 경험 교육 관련 전공 📝 지원 방법 접수 기간 : ~ 4 월 30 일 지원 : camp@cebucia.com 서류 : 이력서 1 부 📞 문의 02-521-6074 camp@cebucia.com"
311701,SK ON,[SK ON] System평가실험원 기술직 채용,CONTRACT,"System평가실험원 기술직 | 자재관리 | 생산관리/공정관리/품질관리 | 생산/제조 | 품질관리 | 화학 | 화학/에너지/환경 | 연구개발/설계 | 전기/전자/제어 | 전기/전기설비 | 전자 | 공정/품질/테스트 | 회사 및 채용 직무에 지원하게 된 동기에 대해 기술해 주십시오. | 자신의 성장과정 및 장/단점에 대해 기술해 주십시오. | 자신이 속한 단체 혹은 모임을 위해 개인적인 손해를 크게 감수했던 경험 중 기억에 남는 일에 대해 구체적인 상황, 자신의 행동, 결과 등을 기술해 주십시오. | 모집직무와 관련하여 지금까지 준비한 경험 및 경력에 대해 기술해 주십시오. | [SK ON] System평가실험원 기술직 채용",,,"[SK ON] System평가실험원 기술직 채용 [수행업무] - 배터리 (모듈 및 팩) 성능/신뢰성 평가 - 성능/신뢰성 평가용 샘플 선입, 선출 관리 - 성능/신뢰성 평가용 샘플 기본 Data 측정, 기록 - 성능/신뢰성 시험 Set-up 및 operation - 배터리 (모듈 및 팩) 안전성 평가 - 안전성 평가용 샘플 선입, 선출 관리 - 안전성 평가용 샘플 기본 Data 측정, 기록 - 안전성 시험 Set-up 및 operation - 기타 업무 - 평가 스케쥴 관리 - 결과 정리 및 시스템 등록 - 장비 일상 점검 - 장비 유지 보수 작업 - 시험실 환경 관리 - 신규 및 이동 장비 Set-up - 셀, 모듈, 팩 샘플 폐기 진행 [지원 자격] - 고등학교 이상의 학위를 소지하신 분 - 해외여행에 결격 사유가 없는 자 - 군필 혹은 회사가 지정한 입사일까지 병역을 마쳤거나 면제되신 분 [우대사항] - 관련 업무 경험 보유 또는 전공하신 분 - 기계, 화학, 화공, 재료, 전기, 산업공학 연관 또는 전공 - 배터리 (셀, 모듈 및 팩) 성능/신뢰성 평가 경험자 - 충방전기 및 기타 전지 평가 설비 운영 - 예) 고온방치, 온습도 사이클, 방치 시험, 열충격, 진동, 충격, 사이클 수명, 인증 등의 평가 有 경험자 - 배터리 (셀, 모듈 및 팩) 안정성 평가 경험자 - 대량의 Data 처리를 위한 Famos/Origin/Excel 등 관련 Software 활용 능력 보유 - 예) 과충전, 과방전, 외부단락, 관통, 압축, 열노출, 침수 및 인증 등의 평가 有 경험자"
311700,한국IT교육원,[AI Worker] 생성형AI 웹퍼블리셔 부트캠프,,,,,"2026년 상반기 [AI 기반 웹퍼블리셔 부트캠프] 💥 지금, 국비지원 부트캠프 참여자 모집 중! AI 활용 웹제작부터 실무 프로젝트까지 기업이 원하는 웹퍼블리셔 실무 역량을 한 번에! 웹퍼블리싱 취업, 제대로 준비하세요. 📌 26년부터 변경된 혜택 ✅ 수강료 최대 96% 지원 ✅ 매달 최대 100만원 훈련참여수당 지급 ✅ 프로젝트 기반 포트폴리오 제작 + 취업 코칭 제공 🎯 핵심 커리큘럼 ✨ HTML / CSS / JavaScript 기반 웹퍼블리싱 ✨ 반응형 웹 & UI 구현 실습 ✨ Figma 기반 협업 및 퍼블리싱 구조 이해 ✨ 생성형 AI(ChatGPT 등) 활용 웹 제작 자동화 → 기업 연계 프로젝트로 실무 경험 + 포트폴리오 완성! 👀 이런 분들께 추천합니다 ✔ 웹퍼블리셔 / 프론트엔드 취업을 준비하는 분 ✔ 비전공자지만 IT·웹 분야로 시작해보고 싶은 분 ✔ 포트폴리오를 제대로 만들고 싶은 취준생 ✔ AI 활용해서 효율적으로 웹 제작 배우고 싶은 분 📞 053-952-0008 👉 카카오톡 문의 https://pf.kakao.com/_mFSrV"
311699,시흥시외국인복지센터,동포 인식개선 숏폼 영상 공모전,,,,상장 수여,"동포 인식개선 숏폼 영상 공모전 ■ 공모 주제 국내거주 외국국적동포에 대한 이해와 차별·편견 해소, 상생과 공존의 메시지 또는 지역사회 생활 속 갈등을 배려와 협력을 통해 함께 해결해 나가는 모습을 담은 주제로 3분 이내 숏폼 영상 제작 ■ 지원 자격 동포 인식개선에 관심이 있는 대한민국 국민 또는 등록외국인(개인 또는 팀) - 거주 지역 및 연령 제한 없음 - 개인 또는 팀(최대4인) 참여 가능 - 만 14세 미만의 경우 법정 대리인 동의 필수 ■ 영상형식 - 형태 : 세로형 숏폼 영상(9:16비율) - 분량 : 3분 이내 - 해상도 : 1080 x 1920px 이상 - 제출수량: 1인(팀) 1점 - 장르: 숏드라마, 브이로그, 패러디, 애니메이션, 뮤직비디오 등 제한 없음 ■ 공모일정 - 공모 기간 : 2026. 3. 24.(화) ~ 4. 24.(금) - 1차 심사 : 2026. 4. 27.(월) ~ 5. 1.(금) - 2차 심사 : 2026. 5. 11.(월) ~ 5. 24.(일) - 결과발표 : 2026. 5. 29.(금) 예정 ■ 공모방법 - 제출방법 : 이메일 제출(shmwc1901@gmail.com) ※ 메일 제목 및 파일명: “출품자이름_작품명”(팀의 경우 팀명) - 제출서류 : 출품 영상 파일, 참가 신청서, 개인정보 수집·이용 동의서, 초상권 사용 동의서, 서약서 ※ 모든 서류 서명 후 PDF 또는 JPG 제출 ■ 공모전 시상내역 - 우수작품 3편 선정 - 각 600,000원 상금 ■ 문의 사항 - 상세한 내용은 꼭 홈페이지 공고문을 확인 해주세요. - 시흥시외국인복지센터 김지연 사회복지사 031-434-0411"
311698,"과학기술정보통신부 / 정보통신산업진흥원 ,한국정보통신기술협회",인공지능 챔피언 대회,,,,상장 수여,"인공지능 챔피언 대회 ■ 참가대상 - 대학·기업·연구소 AI 기술 전문가로 구성된 연구팀 또는 개인 ※ 외국 소재의 기업·대학·연구소, 재외국민 및 외국인 등을 연구팀에 포함 가능 ※ 연구팀은 기업·대학·연구소 등 서로 다른 소속의 개인들로 자유롭게 연합하여 구성 가능 ※ 단, 참가팀 팀장은 대한민국 국적을 가진 자에 한함 ※ 참가자는 팀장(팀 대표) 또는 팀원 자격 구분 없이 최대 3개 팀까지 중복 참여 가능 ■ 운영 방식 - 자유주제로 참가팀이 스스로 해결하고자 하는 문제를 정의하고, 이를 해결할 AI 서비스·시스템을 구현하며 단계별 심사를 통해 경쟁 ■ 세부트랙 ❶일반 트랙 - AI 활용 기술에 제한이 없는 트랙 ❷국내 AI 트랙 - 본 대회 연계 기업*의 AI 모델을 활용하는 트랙 * 연계 기업: KT, LG AI연구원, NC AI, SKT, 업스테이지 ■ 상금규모 - 총 26억원(제세공과금 포함) * 1위(일반트랙 1팀, 국내 AI 트랙 1팀) : 각 5억원 * 2위(일반트랙 1팀, 국내 AI 트랙 1팀) : 각 3억원 * 3위(일반트랙 1팀, 국내 AI 트랙 1팀) : 각 2억원 * 4위(일반트랙 1팀, 국내 AI 트랙 1팀) : 각 1억원 * 5위(일반트랙 1팀, 국내 AI 트랙 1팀) : 각 5,000만원 * 6~10위(일반트랙 각 1팀, 국내 AI 트랙 각 1팀) : 각 3,000만원 ■ 문의 - ai.champion.info@gmail.com"
311697,주식회사 더파운더즈,[ANUA] 글로벌 제품운영 매니저 (Product Operations),EXPERIENCED,,,,#더파운더즈 #아누아 #ANUA #상품기획 #제품기획 #제품운영 #채널별기획 #제품variation #상품운영 #리테일기획 #브랜드상품기획 #뷰티상품기획 #화장품기획 #스킨케어 #글로벌브랜드 #글로벌상품기획 #글로벌런칭 #글로벌리테일 #리테일채널 #세포라 #얼타뷰티 #타겟 #제품런칭 #프로젝트관리 #PM #일정관리 #협업 #유관부서협업 #채널전략 #상품전략 #패키지기획 #기획세트 #Variation기획 #외국어우대
311696,SK ON,[SK ON] 기계/전기 설비 관리 기술직 채용,CONTRACT,"기계/전기 설비 관리 | 서비스 | AS/서비스/수리 | 설치/수리 | 기계설계 | 기계설계/CAD/CAM | 연구개발/설계 | 시설관리 | 전기/소방/통신/안전 | 건설 | 본인의 전문분야를 명시하고, 보유한 기술 및 해당 분야 수행 경력/경험, 수준을 기술하여 주시기 바랍니다. (경력의 단순 나열은 지양, 본인의 차별적 전문성이 간결/효과적으로 드러나도록 작성하여 주시기 바랍니다.) | [SK ON] 기계/전기 설비 관리 기술직 채용",,,"[SK ON] 기계/전기 설비 관리 기술직 채용 [수행업무] - Cycler 및 Chamber 설비 고장 수리 - 설비 고장 접수 및 수리 Follow up - 간단한 설비 고장 자체 수리 - 고장관련 부품/용역 구매요청서 작성 - 주요 지표 관리 - 가동율/고장율 관리 - MTTR(평균 고장 수리 기간) 관리 - 시험실 관리 - 시험실 SHE 관리 - 시험실 3정 5S 관리 - 시험실 개선업무 [지원 자격] - 기계/전기 설비 관리 업무를 3년 이상 경험하신 분 - 전문학사 이상의 학위를 소지하신 분 - 해외여행에 결격 사유가 없으신 분 - 군필 혹은 회사가 지정한 입사일까지 병역을 마쳤거나 면제되신 분 [전형절차] - 서류전형 > 필기전형(SKCT) > 면접전형 > 채용검진 > 최종합격 - 면접전형은 ""1차면접 & 2차면접"" 또는 ""통합면접""으로 진행됩니다. - 각 전형별 세부 사항은 개별 안내 드리며, 필요 시 전형 별 순서 변경 및 추가 될 수 있습니다. - 필요에 따라 Reference Check를 진행할 수 있습니다.(진행 시 사전 안내 드립니다.)"
311694,CHAcompany,2026 AI·데이터 서포터즈 모집(~04/05),,,파워블로거/SNS | 사진/영상/디자인 툴 | 콘텐츠 기획/제작 경험,활동비 | 수료증 및 인증서,"2026 AI·데이터 서포터즈 모집 ◆ 서포터즈 개요 서포터즈 명 : AI·데이터 서포터즈 모집 기간: 2026.03.27.(금)~4.5.(일) 활동 기간: 2026.04.17.(금)~2026.07.29(수).(예정) 활동내용: - 3인 1팀, 팀별 활동 - 카드뉴스·영상제작 + SNS 홍보 활동 (월 1회 미션) - 오프라인 홍보활동 - 발대식 및 최종보고회 필수 참여(장소 : 서울) ◆ 활동 혜택 - 활동비 지급(3회) - 월별 우수팀 시상 - 최종 우수팀 시상 - 임명장 및 수료증 발급 ◆ 활동 내용 ① 월 별 미션 1회 수행(팀별 활동) -공공기관 데이터 및 기관 소개 카드뉴스 제작, 영상 제작 등 온․오프라인을 통한 활동 및 콘텐츠 제작 - SNS를 활용한 공공데이터 홍보 진행 ② 발대식 및 최종 보고회(수료식) 필수 참여*** (장소 : 서울) ◆ 모집대상 - 대학생/대학원생(휴학생 포함, 나이, 학력 제한 x) - 12인 선발 예정(3개월간 활동) - 공공데이터 활용에 관심이 있으신분(각 기관별 3명씩 지정하여 중점적으로 진행) - SNS계정 보유한 분 * 모집 상황에 따른 증원 및 예비 인력 충원이 있을 수 있습니다. ◆ 모집 내용 - 운영방식 : 매달 홍보 가이드 제공 서포터즈들이 콘텐츠 제작 : 매달 수상작을 뽑아 참가자 독려 및 콘텐츠 퀄리티 강화 - 운영결과물(안) : 유튜브, 블로그, 카드뉴스 형태로 총 40개 정도 콘텐츠 제작 - 7월 시상식 진행 ◆ 지원 방식 - 서포터즈 지원 구글폼 작성 https://forms.gle/RPqBW46fDaKFNwP48 ◆ 선발 일정 - 서류 마감 : 4월 5일(일) 자정 마감 - 합격자 발표 : 4월 9일(목), 이메일/문자를 통한 개별 안내 - 발대식 : 4월 16일(목) (침석 필수**) (장소 : 한국무역보험공사 본사(서울시 종로구)) [문의처] 서포터즈 운영사무국 -E. jj@chacompany.co.kr -T. 02-6478-1039"
311693,보령,[보령] [CHQ] Strategy Investment Group Analyst,INTERN,,,,"[보령] [CHQ] Strategy Investment Group Analyst 보령은 기존의 제약 사업을 넘어 글로벌 Healthcare 산업 전반에서 새로운 비즈니스 기회를 발굴하고, 인프라 투자 및 신기술 발굴에 적극적으로 나서고 있습니다. 우리는 이를 통해 “인류의 건강을 위해 꼭 필요한 기업이 되겠다”는 당사의 미션 달성을 위해, 모든 구성원이 한 팀으로 성장하고 있습니다. 본 채용을 통해 보령의 의미 있는 여정을 함께 만들어갈 장기적인 관점의 지원 파트너를 충원하고자 합니다. 대표이사 직속 조직의 일원으로서 최고 경영진을 포함한 업계 최고의 인재들과 함께 소통하며 글로벌 사업 환경 속에서 빠르게 성장해나가고 싶은 우수한 인재분들의 많은 관심과 지원 부탁 드립니다. Strategy Investment Group 소개 보령은 지난 60여 년간 대한민국 제약 산업의 성장을 이끌며 ‘인류의 건강을 위해 꼭 필요한 기업'으로 자리매김해 왔습니다. 보령 내 Strategy Business Division(SBD)은 보령의 미래 정체성을 정의하고 10년 뒤 사업 구조를 설계하는 전략적 컨트롤 타워입니다. 우리는 기존 제약 사업을 넘어, 인류가 지구를 넘어 확장하는 시대에 반드시 필요한 Global Life Science Infrastructure 기업으로의 진화를 이끌고 있습니다. Strategic Investment Group(SIG)은 SBD 내 핵심 조직으로, 전략과 투자가 통합된 구조를 통해 이러한 방향성을 실제 자산으로 구현합니다. SIG은 단순히 투자 기회를 검토하는 조직이 아니라, 보령의 미래를 정의하는 전략을 수립하고 이를 Deal과 사업으로 연결하는 실행 중심의 조직입니다. 담당 업무 (Responsibilities) 글로벌 헬스케어, 라이프사이언스, 우주 산업 관련 시장/기술/기업 분석 투자 대상 기업 리서치 및 기초 Valuation 분석 지원 투자 포트폴리오 관련 데이터 정리 및 전략적 시너지 분석 지원 신규 사업 기회 및 투자 테마 발굴을 위한 리서치 수행 Deal 검토를 위한 자료 조사 및 투자 논리 구조화 지원 경영진 보고용 전략 자료 및 투자 보고서 작성 지원 글로벌 파트너 관련 커뮤니케이션 및 자료 정리 자격요건 (Qualifications) 국내/외 4년제 대학교 졸업 예정자, 졸업 유예자, 기 졸업자 한국어 및 영어로 원활한 커뮤니케이션이 가능한 분 논리적 사고를 바탕으로 문제 구조화 및 자료 정리가 가능한 분 MS Office(Word, Excel, PowerPoint 등)를 활용한 리서치 및 문서 작성 역량을 보유하신 분 우대사항 (Preferred) 컨설팅펌, 사모펀드(PE), 투자은행(IB) 등에서의 인턴십 경험을 보유하신 분 투자 분석, 전략 프로젝트 또는 리서치 경험을 보유하신 분 헬스케어, 바이오, 우주 산업에 대한 관심을 보유하신 분 전형 절차 서류전형 ▸ 1차 면접 ▸ 최종합격 추천 채용의 경우 별도의 서류전형 및 1차 면접이 진행될 수 있습니다. 접수기간 및 방법 접수기간 : 채용시 마감 접수방법 : 채용 사이트 지원 근무조건 및 환경 근무형태 : 인턴(Analyst) 근무기간 : 입사 시점부터 3개월 (입사일, 근무 기간 변경 협의 가능) 근무지역 : 서울 종로구 유의사항 문의사항은 recruit@boryung.com으로 메일 바랍니다. 서류 합격자에 한하여 수시 연락 드립니다. 보훈대상(국가유공자 등) 및 취업보호 대상자는 관련 법령에 따라 우대합니다. 지원서에 기재된 학력 및 경력사항 등 기재사항이 허위임이 판명될 경우 합격이 취소될 수 있습니다."
311692,주식회사 고위드,[금융권/핀테크] Account Manager (고객관리/법인관리),EXPERIENCED,,,,"고위드 ​소개 고위드는 ‘혁신성장기업에게 ​실시간 ​데이터를 기반으로, ​최적의 타이밍에 최적의 금융과 ​프로세스를 ​공급하여, 효율적 ​성장에 기여한다’는 미션을 ​가진 B2B ​플랫폼 ​기업 입니다. 2020년, ​국내 ​최초 ​스타트업 전용 법인카드 ​'고위드 ​카드'를 출시하며 첫해에만 ​누적 ​거래액 ​900억 원을 기록, ​불과 5년 ​만에 3,700여 ​개 고객사 ​확보와 BEP ​달성 이라는 ​의미 있는 성과를 ​만들어냈습니다. 하지만 ​우리의 도전은 이제부터입니다. 최근 고위드는 [고위드 2.0 : Beyond Card] 를 선포하며, 카드 기반의 금융을 넘어 혁신 기업의 효율적 성장을 위한 플랫폼 기업으로 진화 하고 있습니다. 고위드는 세 가지 핵심 사업부를 중심으로 성장의 전 과정을 함께 합니다. • 코어뱅킹 : 최적의 타이밍에 최적의 금융을 위한 최고의 금융 공급자 • Fin-Ops : 혁신성장기업 맞춤형 스마트 재무 경영 파트너 • 플랫폼 : 신용과 규모의 경제를 활용해 최적의 재화 및 서비스를 가장 효율적으로 연결 이 세 가지 축이 맞물려, 고위드는 기업의 성장 여정을 함께 설계하는 진짜 파트너로 자리 잡고 있습니다. 우리는 2028년까지 30만 고객사와 함께 성장하며, 압도적인 속도로 시장을 확장해 나가고자 합니다. 지금 고위드에 합류한다면, 역동적인 B2B 플랫폼 시장 속에서 새로운 도전과 성취를 동시에 경험할 수 있습니다. | 이런 분을 찾습니다 고위드에서 모든 일의 출발점은 하나입니다. ""고객은 지금 무엇에 어려움을 겪고 있는가?"" 그래서 이런 사람을 찾고 있습니다. • 고객이 ""불편하다""고 말하면, 그 말 뒤에 숨은 진짜 문제가 궁금한 사람. • 고객의 사용 데이터에서 신호를 읽고, 그 신호의 의미를 고객에게 직접 물어보는 사람. • 결과만 보고하는 데서 멈추지 않고, 현장에서 발견한 문제를 팀의 다음 아젠다로 만드는 사람. 고위드의 AM은 단순히 고객을 관리하는 역할이 아닙니다. 고객사의 사업·재무 상황과 이용 맥락을 깊이 이해하고, 잠재 고객 미팅부터 첫 사용 온보딩까지 — 고위드 서비스가 실제 문제 해결로 이어질 때까지의 전 과정을 책임지는 역할입니다. 고객의 성장을 함께 만들어가는 일에 진심인 분이라면 지금 바로 지원해주세요. | 주요 업무 • 고객의 문제를 발굴하고 솔루션을 제안합니다 ㅡ CEO·CFO 등 의사결정자와 직접 미팅하며, 맞춤형 솔루션(법인카드, FUEL, 지출관리, 구독 등)을 설계하고 도입부터 계약까지 리드합니다. • 도입 이후, 고객의 성공을 함께 만듭니다 ㅡ 담당 법인의 활용 현황을 트래킹하고, VOC를 기반으로 고객이 미처 발견하지 못한 기회를 연결하며 장기적인 파트너십을 만들어갑니다. • 현장의 문제를 팀의 아젠다로 만듭니다 ㅡ 고객 현장에서 발견한 문제를 운영팀·제품팀에 전달해, 서비스 개선으로 연결합니다. [이 과정에서 이런 경험을 하게 됩니다] • CEO·CFO를 직접 만납니다 — 법인의 의사결정자와 대화하며, 고객의 사업 구조를 읽는 시야와 B2B 금융 도메인 전문성을 함께 키울 수 있습니다. • 스케일업의 한가운데 합류합니다 — 3,700개에서 30만 고객사로 가는 시점에, 성장 공식을 함께 만들어가는 과정에 참여합니다. | 자격 요건 • 고객 앞에 직접 서본 분 — 고객, 파트너, 외부 이해관계자와 소통하며 일한 경험이 있는 분 • 끝까지 실행해서 결과를 만들어본 분 — 주어진 목표를 끝까지 밀어붙여 성과를 낸 경험이 있는 분 • 감보다 숫자로 일하는 분 — 고객 데이터를 기반으로 다음 액션을 설계해본 분 • 고객 여정에서 지표를 움직여본 분 — 전환율, 리드타임 등 고객 성과를 개선한 경험이 있는 분 [이런 경험이 있다면 더 좋습니다] • 창업 경험 • B2B 영업, 법인 고객 대상 커뮤니케이션 경험 • 재무·사업 분석 배경 (VC, AC, 컨설팅, 리서치 등) • 카드/PG 도메인 경험 • 초기 스타트업 또는 빠르게 변화하는 환경에서의 성과 경험 | 전형 절차 • 간편 지원 → 유선 스크리닝 → 직무 인터뷰 → 조직적합성 인터뷰 → 레퍼런스 체크 → 처우 협의 → 최종 합류 • 이력서/포트폴리오 없이 5분이면 지원 완료됩니다. 지원 페이지 내 간단한 질문에 답변해주세요. • 추가로 공유하고 싶은 자료가 있다면, 지원 페이지 하단 [기타 서류]에 자유롭게 첨부하실 수 있습니다. • 면접 시간은 평일 외 주말과 늦은 저녁도 유연하게 조율 가능합니다. • 상황에 따라 커피챗 또는 추가 인터뷰가 진행될 수 있습니다. • 레퍼런스 체크는 경력에 따라 진행되거나 생략될 수 있습니다. | 안내 사항 • 서류 접수 마감 : 2026년 4월 10일 (금) — 기간 내 채용 완료 시 조기 마감될 수 있으며, 이후 인재풀로 활용될 수 있음을 참고 부탁드립니다. • 입사 목표일 : 2026년 5월 11일 (월) — 현재 재직 중이신 분은 인수인계 일정 등을 고려해 유연하게 협의 가능합니다. • 정규직 입사 시 3개월의 수습 기간이 적용되 며 급여, 복리후생 등은 모두 동일하게 적용됩니다. • 제출한 서류에 사실과 다른 정보 및 허위 기재 사항이 발견될 시 합격이 취소될 수 있습니다."
311691,SK키파운드리,[SK키파운드리] 총무 분야 경력 채용,EXPERIENCED,총무분야 | 비품/시설관리 | 사무/총무/법무 | 경영/사무 | 총무 | 본인의 경력 사항에 대해 상세히 기술하여 주세요. | [SK키파운드리] 총무 분야 경력 채용,,,"[SK키파운드리] 총무 분야 경력 채용 [담당 업무 및 역할] - 총무성 서비스/인프라 개선, 기획 운영 - 안정적/효율적인 업무환경 구축을 통한 구성원의 업무 지원 - 사업장 내 비품/시설 등 주요 자산관리 - 이외 총무 관련 Operation 업무 [지원자격] - 학사 이상 - 직무 관련 경력 8년 이상 14년 이하 업무 수행 [전형절차] - 서류전형 > 필기전형(SKCT) > 면접전형 > 채용검진 > 최종합격 - 모집 부문 별로 전형 절차가 변경 및 추가될 수 있습니다."
311690,SK바이오팜,[SK바이오팜] 보건관리자(간호사) 경력 구성원 영입,EXPERIENCED,"보건관리자 (간호사) | 안전 | 시설/보안/경비/안전 | 서비스 | 간호사 | 의료 | 자발적으로 최고 수준의 목표를 세우고 끈질기게 성취한 경험에 대해 서술해 주십시오. (본인이 설정한 목표/ 목표의 수립 과정/ 처음에 생각했던 목표 달성 가능성/ 수행 과정에서 부딪힌 장애물 및 그 때의 감정(생각)/ 목표 달성을 위한 구체적 노력/ 실제 결과/ 경험의 진실성을 증명할 수 있는 근거가 잘 드러나도록 기술) | 새로운 것을 접목하거나 남다른 아이디어를 통해 문제를 개선했던 경험에 대해 서술해 주십시오. (기존 방식과 본인이 시도한 방식의 차이/ 새로운 시도를 하게 된 계기/ 새로운 시도를 했을 때의 주변 반응/ 새로운 시도를 위해 감수해야 했던 점/ 구체적인 실행 과정 및 결과/ 경험의 진실성을 증명할 수 있는 근거가 잘 드러나도록 기술) | 지원 분야와 관련하여 특정 영역의 전문성을 키우기 위해 꾸준히 노력한 경험에 대해 서술해 주십시오. (전문성의 구체적 영역(예. 통계 분석)/ 전문성을 높이기 위한 학습 과정/ 전문성 획득을 위해 투입한 시간 및 방법/ 습득한 지식 및 기술을 실전적으로 적용해 본 사례/ 전문성을 객관적으로 확인한 경험/ 전문성 향상을 위해 교류하고 있는 네트워크/ 경험의 진실성을 증명할 수 있는 근거가 잘 드러나도록 기술) | 혼자 하기 어려운 일에서 다양한 자원 활용, 타인의 협력을 최대한으로 이끌어 내며, Teamwork를 발휘하여 공동의 목표 달성에 기여한 경험에 대해 서술해 주십시오. (관련된 사람들의 관계(예. 친구, 직장 동료) 및 역할/ 혼자 하기 어렵다고 판단한 이유/ 목표 설정 과정/ 자원(예. 사람, 자료 등) 활용 계획 및 행동/ 구성원들의 참여도 및 의견 차이/ 그에 대한 대응 및 협조를 이끌어 내기 위한 구체적 행동/ 목표 달성 정도 및 본인의 기여도/ 경험의 진실성을 증명할 수 있는 근거가 잘 드러나도록 기술) | [SK바이오팜] 보건관리자(간호사) 경력 구성원 영입",,,"[SK바이오팜] 보건관리자(간호사) 경력 구성원 영입 [담당업무 및 역할] - 산업안전보건법에 따른 보건관리자 업무 수행 - 건강관리실 구축, 운영 (건강 증진 프로그램 등) - 전염병 예방활동 및 응급상황 대응 - 보건 교육 및 훈련의 실시 - 기타 SHE 업무 수행 (보건성과지표 관리, 보건관리시스템 개선 등) [지원자격] - 학력 : 학사 학위 이상 - 전공 : 간호 관련 학과 - 경력 : 간호사 및 보건관리 분야 경력 3 ~ 10년 (간호사 경력 보유 필수) [우대사항] - 종합병원급 임상 관련 경력 - 사업장 보건관리자 및 대행 업무 경력 - 인간공학기사, 산업위생기사 등 자격증 보유자 - 임상심리사 자격증 보유자 - 영어 Communication 우수자 [전형절차] - 서류전형 > 필기전형(SKCT) >면접전형 > 채용검진/처우협의 > 최종합격 - 전형절차/일정은 상황에 따라 변동될 수 있으며, 전형 결과에 따라 추가 절차(인터뷰 등)가 진행될 수 있습니다. - 채용 과정 중 필요 시, 지원자의 경력 및 평판 확인을 위해 레퍼런스 체크가 진행될 수 있습니다."
311689,무신사리테일서비스,[무신사리테일서비스] 무신사 글로벌 경영자 후보 (MMC) 신입 공채,NEW,,,,"[무신사리테일서비스] 무신사 글로벌 경영자 후보 (MMC) 신입 공채 지원 방법 무신사리테일서비스 채용홈페이지 (musinsaretailservices.com) 온라인 지원 지원 자격 만 18세 이상 대한민국 국적 소지자 4년제 대학 졸업자 및 졸업예정자 (각 채용 시, 상세 졸업 시기 관련 안내 예정) 병역 필 또는 면제자로, 해외여행에 결격 사유가 없는 자 외국어 필수요건 외국어로 기본적인 의사소통이 가능한 분 (영어, 일본어, 중국어 중 1개 이상) 우대 사항 어학 자격증 보유자 (접수일 기준 2년 내 성적만 인정) - 영어 : 토익 800점 이상 or 토익 스피킹 IM3 이상 or OPIC IM3 이상 - 일본어 : JPT 800점 이상 or JLPT N1 이상 - 중국어 : HSK 6급 이상 or TSC 6급 이상 영어/일본어/중국어권 대학 졸업자"
311686,콜마비앤에이치,[콜마비앤에이치] 건강기능식품 품질보증(QA) 전문학사 신입/경력 채용 (채용 시 마감),"NEW, EXPERIENCED","품질보증(QA) | 제약 | 바이오/제약/식품 | 연구개발/설계 | 의약품 | 바이오 | 문서관리 | 사무/총무/법무 | 경영/사무 | 생산관리 | 생산관리/공정관리/품질관리 | 생산/제조 | 품질관리 | 1. 지원동기와 입사 후 회사에서 이루고 싶은 꿈은 무엇인가요? | 2. 지원한 직무를 위해 필요한 역량은 무엇이라고 생각하며, 이 역량을 갖추기 위한 노력이나 자신만의 특별한 경험을 작성해 주세요. | 3. 다른 지원자 대비 본인만의 '차별화된 강점'과 '보완해야 할 약점'에 대해 사례를 들어 구체적으로 기술해 주세요. | 경력사항과 보유기술에 대해 구체적으로 설명해주세요. | [콜마비앤에이치] 건강기능식품 품질보증(QA) 전문학사 신입/경력 채용 (채용 시 마감)",,,[콜마비앤에이치] 건강기능식품 품질보증(QA) 전문학사 신입/경력 채용 (채용 시 마감) [직무내용] · 제품표준서/제조기록서 작성 및 관리 · 품질 시스템 유지 및 개선 활동 · 해외 수출 서류 및 식품이력 관리 [지원자격] · 학력 : 전문학사 졸업(예정)자 · 전공 : 식품/화학/생명공학 등 관련 전공 · 경력 : 신입 및 경력 (3년 이하) [우대사항] · GMP 및 HACCP 관련 자격증 소지자 · 기타 식품관련 자격증 소지자 · 세종 인근 거주자 및 운전가능자 · 동종업계 인턴 등 업무 경험자
311685,발렌라이프,[발렌라이프] [신입] IMC마케터,NEW,,,,"[발렌라이프] [신입] IMC마케터 [주요 업무] • IMC 마케터는 브랜드 성장을 위해 IMC 전략을 수립하고, 전체 마케팅 구조를 설계하는 역할을 주도합니다 • 브랜드별 채널과 매체를 분석하고, 미디어 믹스를 추적·관리하며 최적의 마케팅 흐름을 만들어냅니다 • 브랜드 콘텐츠와 디자인 비주얼 가이드를 수립하여, 일관된 브랜드 경험을 전달합니다 • 인플루언서 및 바이럴 마케팅을 운영하며, 단순한 홍보를 넘어 브랜드 성장을 견인합니다 • 인플루언서를 전략적으로 섭외하고, 커뮤니케이션을 통해 협업을 원활히 이끌어냅니다 [자격요건] • 업무와 관련된 실무 경험을 보유하고, 퍼포먼스와 결과를 숫자로 설명할 수 있는 분 • 단순 실행이 아닌, 브랜드 성장과 매출 구조를 고려한 전략 수립에 참여하고 싶은 분 • 업무 과정에서 발생하는 변수에도 유연하게 대응하며 문제 해결을 즐길 수 있는 분 • 동료와 소통하며 협업하는 것을 즐기고, 다양한 팀과 원활하게 협력할 수 있는 분 [우대사항] • 마케팅/광고 에이전시 경험이 있거나, 인플루언서 마케팅에 관심과 열정을 가진 분 • 주도적으로 프로젝트를 수행한 경험이 있는 분 • 슬랙, 노션 등 협업 툴을 능숙하게 활용할 수 있는 분"
311684,크림(KREAM),[크림(KREAM)] 콘텐츠 디자인 체험형 인턴 모집,INTERN,"콘텐츠 디자인 체험형 인턴 | 콘텐츠/사이트운영 | IT/인터넷 | e-러닝운영 | 게시판관리 | 사이트운영 | 쇼핑몰•오픈마켓 | 카페•블로그관리 | 컨텐츠운영 | 컨텐츠제작 | [필수] 자기자신을 자유롭게 소개해 주세요. (예: 성격의 장단점, 가치관, 경력 등등) | [필수] 현재의 관심분야와 그 사유를 설명하고 현재 관심 분야에 대한 어떤 활동을 실제 하고 있는지 기술해 주세요. | [필수] 함께하게 된다면 기대하는 바(성취하고 싶은 부분)가 무엇인지 말씀해주세요. | [필수] (자유양식) 포트폴리오가 있다면 첨부해주세요. / 연락처, 이메일 등은 포트폴리오에 포함할 수 없습니다. | [크림(KREAM)] 콘텐츠 디자인 체험형 인턴 모집",,,"[크림(KREAM)] 콘텐츠 디자인 체험형 인턴 모집 [담당 업무] - 상품 이미지 작업보조 및 상품 상세 이미지 검수 - 스타일탭 챌린지/콘텐츠 디자인 작업 보조 - 홈탭 정기 운영 배너 디자인 작업 보조 - 각종 프로모션 비쥬얼 디자인 작업 보조 [필요 역량] ﻿- 계약기간 (약 6개월) 동안 Full-Time 근무 가능하신 분 - 채용 전형 절차 별 일정에 참여 가능하신 분 [입과 예정일 : 2026년 5월 4일] - 포토샵, Figma 등 다양한 그래픽 툴에 능숙하신 분 - 카드 뉴스, 이벤트 배너 등 디자인 경험이 있으신 분 - 콘텐츠 구독 및 온라인 트렌드에 관심이 많으신 분 - 필요한 레퍼런스를 수집/분석하고, 자신만의 아이디어를 제시할 수 있는 분 [우대 사항] - 디자인 시뮬레이션을 위한 UI, 영상, 3D 그래픽 제작이 가능한 분 - 스니커즈, 스트릿웨어, 럭셔리 브랜드 등 패션에 관심이 많으신 분 - 스타일에서 열심히 활동 하시는 분 - mac OS 능숙하신 분"
311683,대덕문화원,제 1회 동춘당·김호연재 전국휘호대회,,,,상장 수여,"제 1회 동춘당·김호연재 전국휘호대회 대회 안내- 제28회 동춘당전국휘호대회와 제6회 대한민국 김호연재 여성휘호대회의 전통을 이어 2026년부터 동춘당·김호연재 전국후회대회로 통합 개최됩니다. 참가 부문 한글,한문,전각,문인화·사군자,캘리그라피 ·1인 2개 부문 참여 가능/ 예시) 한글1, 한문1 O ·한 부분 중복 선택 불가/ 예시) 한글1, 한글1 X 참가 대상 ·청소년부 l 초등저(1~3학년)·초등고(4~6학년)·중등부·고등부 ·일반부 l 대학·일반부 ·기로부 l 1956년생까지(연나이 70세 이상) ※연령은 기로부에 해당되나,일반부로 접수 시 일반부 참가 가능함 일정안내 -대회 일시:2026.9.5(토) 10:00~12:00 -대회 장소:대덕문화체육관(대전 대덕구 대덕대로1486번길 85(목상동)) -시상식:2026.9.5(토) 15:00(※참방 이상) -결과 발표:2026.9.9(수) 15:00 대덕문화원 홈페이지(※특선 이하 포함) 접수 방법 신청기간 2026.7.1(수)부터 9.2(수) 13:00까지(현장 접수 불가) 신청방법: 홈페이지 사전 접수 대덕문화원 홈페이지(ddcc.or.kr)->제1회 동춘당·김호연재 전국휘호대회 전국휘호대회 포스터 클릭->참가신청 클릭->참가신청 작성 제출->참가비 납부->참가신청 완료 시상내역 -장원:문화체육관광부장관상 3,000,000원/1명 -차상 일반부:대덕구청장상 각 1,000,000원/3명 기로부:대덕구청장상 300,000원/1명 청소년부:대전광역식교육감상 각 100,000원/4명 -차하 일반부: 대덕문화원장상 각500,000원/4명 기로부: 대덕문화원장상 각150,000원/2명 청소년부: 대덕문화원장상 각 50,000원/8명 -참방 일반부: 대정광역시서예진흥원장상 각200,000원/5명 기로부: 대전광역시서예진흥원장상 각 100,000원/3명 -특선 일반부: 대덕문화원장상 각50,000원 15명 기로부: 대덕문화원장상 각50,000원 5명 청소년부: 대덕문화원장상 각20,000원 12명 유의사항 -준비물 : 신분증(일반부,기로부),붓,먹,문진,깔판,낙관인 등 일체 도구 석인재(3~5cm이내/당일 주관처 검인) 기타 문의 -대덕문화원 사무국 ☏042-627-7517 ※자세한 사항은 대덕문화원 홈페이지 참조※"
311682,발렌라이프,[발렌라이프] [신입] 올리브영 마케터,NEW,,,,"[발렌라이프] [신입] 올리브영 마케터 [주요 업무] • 올리브영 트렌드와 경쟁사 흐름을 빠르게 캐치해 인사이트로 정리해요 • 브랜드 KPI를 매일 모니터링하고, 데이터 기반 코멘트를 작성해요 • 올리브영 협력광고(META∙TIKTOK) 소재를 직접 고민하고, 아이데이션으로 구체화해요 • 세일·픽·오특 등 올리브영 프로모션 기획을 함께 준비해요 • 마케팅 자료와 제안서 제작을 서포트하며 전략을 구체화해요 [자격요건] • 올리브영과 K-뷰티, 최신 트렌드에 관심과 안목을 가진 분 • 콘텐츠, 광고, 브랜드 마케팅 전반에 깊은 이해와 호기심을 가진 분 • 엑셀과 파워포인트를 활용해 데이터를 가공하고, 인사이트를 명확하게 정리할 수 있는 분 • 브랜드의 성장을 함께 고민하고 아이디어를 나누는 걸 즐기시는 분 [우대사항] • 인스타그램·틱톡 콘텐츠를 즐겨보고 트렌드를 빠르게 캐치하시는 분 • 데이터와 숫자를 다루는 데 거부감 없이, 분석을 즐기시는 분 • 학교, 개인 프로젝트, 동아리 등에서 마케팅을 직접 경험해본 분 • 팀과 함께 아이디어를 만들고 협업하는 과정을 즐기시는 분"
311681,인테그리스코리아,[인테그리스코리아] 2026 글로벌 리더 (신입) 채용,NEW,,,,"[인테그리스코리아] 2026 글로벌 리더 (신입) 채용 접수 기간 2026-03-30 ~ 2026-04-12 모집부문 및 상세내용 모집부문 채용구분 담당업무 우대조건 Production Engineer (Slurry) (0명) 신입 담당업무 CMP Slurry 제품의 생산 공정을 책임지고 운영하며, 생산 스케줄을 관리하고 현장의 안정성과 효율성을 확보하는 역할을 수행합니다. Manufacturing Engineer (APS) (0명) 신입 담당업무 제조 현장에서 생산성/품질/공정 효율 향상을 위해 제품 및 공정 개선 활동을 주도합니다. 자격요건 학력 학력무관 근무조건 급여 회사 내규에 따름 근무지역 경기 평택시 오성면 오성산단1로 51 오성공장 경기 화성시 동탄구 동탄공원로3길 16 인테그리스코리아 화성공장 지원 기간 및 방법 접수기간 2026-03-30 ~ 2026-04-12 접수방법 홈페이지 지원 유의사항 허위 사실이 발견될 경우 채용이 취소될 수 있습니다."
311680,동대문구가족센터,[연장공고] 다문화 학부모 대상 초등 정규 교과과정 진행 강사 모집,CONTRACT,,,,"[연장공고] 다문화 학부모 대상 초등 정규 교과과정 진행 강사 모집 접수 기간 2026-04-01 ~ 2026-04-08 모집부문 및 상세내용 모집 부문 상세내용 2026년 동대문구가족센터 '다문화엄빠학교' 강사 모집 연장 공고 (0명) 담당업무 ① 다문화가정 학부모 대상 주 3회, 회당 3시간 / 초등학교 저학년 교과목(예체능 포함) 수업 ② 출결 관리, 수업 준비, 수업 일지 작성 등 업무 추진상 필요한 제반 행정 등 ③ 입학식 참석 * 자세한 사항은 홈페이지 채용공고 확인 채용형태 - 계약직 우대조건 ① 초·중등교육법에 따른 초등학교 정교사 2급 이상 소지자 ② 중등학교 정교사 2급 이상 소지자 ③ 관련 학과 학사학위 이상 소지자 또는 관련 전공자, 졸업 예정자, 경력자 ④ 관련 사업(다문화엄빠학교 등) 유경험자[우대] ※ 이 외에 관련법 및 가족사업안내 지침 상 종사자 결격사유가 없어야 함 ※ 관련 : 가족, 가정, 아동, 여성, 청소년, 보육, 교육, 다문화, 상담 등 자격요건 학력 학력무관 근무조건 급여 시급 30000원 ~ 30000원 근무지역 서울 동대문구 청계천로 521 다사랑행복센터 6,7층 동대문구가족센터 전형 절차 Step 1 서류전형 Step 2 면접심사 Step 2 최종합격 지원 기간 및 방법 접수기간 2026-04-01 ~ 2026-04-08 접수방법 홈페이지 지원 유의사항 허위 사실이 발견될 경우 채용이 취소될 수 있습니다."
311679,피에프씨테크놀로지스,"대출 영업 상담사(담보·신용대출 관련, 1년 계약직)",CONTRACT,,,,"PFC ​Technologies ""EXTRAORDINARY ​FINANCE ​FOR THE ​ORDINARY"" 보통 사람을 위한 ​보통이 ​아닌 금융 ﻿PFCT는 ​한국은 물론, 진출한 ​모든 시장에서 ​불가능하다고 ​여겨졌던 이정표들을 ​달성하고 ​있는 ​독보적인 금융 기술(Lending ​Tech) ​전문성으로 아시아 금융 ​환경을 ​재편하고 ​있어요. • 대한민국 최고의 ​온투금융사 • B2B AI ​솔루션 ​서비스로 9 ​개국에서 사업을 ​영위하고 ​있는 극소수의 AI ​금융 기술 ​회사 • 대형 테크회사보다 높은 공헌 이익률 약 80%, 분기 손익분기점을 달성하며 빠르게 성장 중인 스타트업 창의적인 사업 전략과 혁신적인 기술력으로 '보통 사람을 위한 보통이 아닌 금융'을 구현할, 한국을 넘어 아시아 전역에서 활약하는 사업 활동에 가슴 뛰는 최고의 인재를 모시고 있습니다. 지금, PFCT와 함께해요! Lending Unit은, PFCT의 대출 사업 전반을 책임지며, 더 많은 사람이 빠르고 신뢰할 수 있는 금융을 경험할 수 있도록 만드는 조직이에요. 온라인투자연계금융(P2P)을 기반으로 다양한 대출 상품을 운영하며, 상품 기획부터 리스크 관리, 영업 전략, 운영까지 대출 비즈니스의 전 과정을 함께 만들어가요. • 주택담보대출, 개인신용대출, 증권담보대출 등 다양한 대출 상품을 기획 · 운영해요. • 신용평가와 리스크 관리 전략을 통해 안정적인 대출 구조를 설계하고 관리해요. • 온라인 · 오프라인 채널을 통해 대출 모집과 고객 접점을 확장해요. • 고객 여정 전반을 고려한 CRM 전략으로 대출 경험을 지속적으로 개선해요. • 데이터 분석을 기반으로 의사 결정을 고도화하고, 업무 자동화를 통해 운영 효율을 높여요. • 신규 대출 구조와 사업 기회를 발굴하며 대출 비즈니스의 확장을 고민해요. 그 중 Sales팀은 투자 유치부터 대출 영업까지 온투금융의 매출을 직접 만들어가는 조직으로, 리테일·법인 투자자 관리, 아웃바운드 대출 영업, 세일즈 전략 수립 등 사업 성장의 최전선을 담당하고 있어요. 대출 영업(담보·신용대출) 상담사 는, 담보·신용대출 영업을 담당하며, 고객 발굴부터 상담·실행까지 전 과정을 이끌며 실질적인 성과를 만들어가는 역할을 하고 있어요. • 고객 중심으로 생각해요 : 스크립트를 읽는 것이 아니라, 고객의 상황을 이해하고 진짜 필요한 것을 제안해요. • 빠르게 실행하고 피드백을 반영해요 : 상담 결과를 팀과 공유하고, 전환율·실행률 지표를 직접 확인하며 개선점을 찾아요. 반복적으로 시도하며 자신만의 영업 방식을 만들어가요. • 팀과 함께 성장해요 : 개인 실적뿐 아니라 팀 전체의 목표 달성을 위해 협력하고, 서로의 노하우를 공유해요. 🚀 합류하면 이런 일을 해요 • 아웃바운드 상담 및 고객 발굴 • 잠재 고객에게 선제적으로 연락해 대출 니즈를 파악하고 상담을 진행해요. • 담보대출·신용대출 상품의 한도·금리·조건을 고객 상황에 맞게 안내해요. • 고객의 재무 상황을 분석해 최적의 상품을 제안하고 의사결정을 지원해요. • 대출 실행 및 실적 관리 • 신청 접수부터 서류 안내, 대출 실행까지 전 과정을 책임지고 관리해요. • 전환율·실행률 등 핵심 지표를 직접 트래킹하며 성과를 만들어가요. 🎯 저희는 이런 분을 찾고 있어요 • 학력·경력 무관 (신입 가능) • 금융·대출·영업 직무에 관심 있는 분 • 적극적인 커뮤니케이션 및 전화 상담 가능한 분 • 목표 지향적이고 실행력 있는 분 ✨ 이런 경험을 가진 분이면 더 좋아요 • 금융권·콜센터·TM·영업 경이 있는 분 • 담보대출 또는 신용대출 상담 경험이 있는 분 • 세일즈 및 고객 응대 경험이 있는 분 합류 여정에 대해 알려드려요 채용 프로세스 • 서류 전형 →1차 인터뷰(Job-Fit) → 2차 인터뷰(Culture Fit) → 처우 협의 → 합류 지원 서류 • 이력서(필수/자유 양식) • 포트폴리오(선택) • 제출 형식: PDF 파일 권장 안내 사항 • 본 공고는 1년 계약직 포지션이며, 조직 상황과 평가에 따라 계약 연장이 검토될 수 있습니다. • 내부 사정에 따라 채용 일정 또는 절차가 변경될 수 있으며, 변경 시 별도 안내 드릴 예정입니다. • 제출 서류에 허위 사실이 있거나 결격 사유가 확인될 경우, 합격 또는 입사가 취소될 수 있습니다. • 상황에 따라 추가 인터뷰 및 평판 조회 전형이 추가될 수 있습니다. 채용 문의 • recruit@pfct.co.kr PFCT에 대해 더 자세히 알고 싶다면, 아래 링크를 방문해보세요! 📍 PFCT 홈페이지 📍 PFCT 공식 블로그 '피플로그' ﻿﻿ 📍 PFCT 링크드인"
311678,발렌라이프,[발렌라이프] [신입] 글로벌 마케터,NEW,,,,[주요 업무] • 광고 소재·상세페이지를 기획하고 카피라이팅합니다 ✍️ • 광고주와 커뮤니케이션 하며 프로젝트 스케줄을 관리합니다 🗓️ • 현지 협력업체(번역·PR·인플루언서 등)와 소통하며 업무를 총괄합니다 🌏 • META / X / Google 등 퍼포먼스 채널 운영에 대한 이해를 기반으로 데이터를 분석합니다 🖥️ • 퍼포먼스 결과로부터 Next Action 도출합니다 🚀 [자격요건] • 효과적이고 설득력 있는 콘텐츠·광고 기획 역량을 갖추신 분 • 프로젝트를 스스로 관리하고 일정 조율이 가능한 분 • 광고주 및 파트너사와 명확한 커뮤니케이션이 가능한 분 • 퍼포먼스 마케팅 구조를 이해하며 데이터 기반의 판단이 가능한 분 [우대사항] • 일본/북미 로컬 뷰티·헬스 시장 트렌드 트렌드를 빠르게 파악할 수 있는 분 • 일본/북미 거주 경험이 있거나 일본어/영어 상급 실력을 갖춘 분 • 퍼포먼스 광고 계정을 직접 운영하며 성과를 만들어본 경험자 • SNS와 LP 카피라이팅을 경험하며 매력적인 콘텐츠를 만들어본 분
311677,서울 메이트,"서울 명소 나들이, 인생샷 건지는 모임! 서울 메이트(Seoul Mate) 모집합니다!",,,,,"서울 명소 나들이, 인생샷 건지는 모임 📸🏙 서울 메이트(Seoul Mate) 모집합니다! [운영진 소개] 서울 경치 좋은 명소를 혼자 돌아다니며 힐링하는 것을 좋아하는 감성이 넘치는 INFP 남자입니다 :) [만들게 된 이유] 혼자 다니는 것도 좋지만 이런 명소를 공유하고 싶기도 하고, 혼자 가기 뻘쭘한 곳은 다같이 가보고, 제 인생샷도 찍어주시고, 제가 인생샷도 찍어드리면 좋을 것 같아서 만들어보았습니다 :) [추천 대상] 감성/낭만 넘치는 20대 대학생/직장인 - 서울 명소를 잘 몰라서 어디부터 가야 할지 고민인 분 - 명소는 가보고 싶은데 혼자 가기 뻘쭘하신 분 - 사진은 잘 몰라도 내 인생샷은 누가 찍어줬으면 싶은 분 [활동 내용] 1. 서울 명소 탐방: 서울 곳곳의 경치 맛집 (하늘공원, 항동철길, 노들섬 등) 2. 서로 인생샷 찍어주기 카메라 없어도 OK! 스마트폰이면 충분해요 3. 산책 + 맛집 + 카페 타임 마음에 드는 컷 공유 & 기록 남기기 [활동 장소 / 주기] - 활동 장소: 아래 서울 명소 리스트 중 한 곳 https://wistful-gate-202.notion.site/2cd715fa10e580debd3ddedbb68e99d0 - 활동 주기: 격주 1회 - 회비: 없음(입장료/카페 등 발생 가능) - 지원 https://forms.gle/wNh519yz5seu2Yxh9 - 문의: https://open.kakao.com/o/sJqOyoci - 인스타: https://www.instagram.com/seoul_mate_26 [자주 묻는 질문 (FAQ) ] Q. 혼자 지원해도 괜찮을까요? A. 대부분 혼자 와요. 어색하지 않게 진행해요! Q. 사진 못 찍으면 민폐인가요? A. 전혀요! 서로 알려주면서 편하게 찍어요 Q. 매번 참석해야 하나요? A. 강제는 아니에요. 가능한 날에 참여해주세요! [필독 / 주의사항] 본 모임은 순수 취미·친목 목적의 대학생 자치 소모임이며 정치, 종교, 상업, 시민단체와 전혀 관련이 없습니다. 불건전한 이성목적, 정치적 성향, 종교색, 여미새/남미새, 성별갈등 등 동아리 목적에 어긋난 행위 발견 시 즉시 퇴장 조치됩니다."
311676,한국장애인단체촣연합회,2026 알아가고 그려보는 장애인식개선 그림 공모전,,,,기타,"2026 알아가고 그려보는 장애인식개선 그림 공모전 📌참가대상 1) 유아부: 2020년생 ~ 2022년생(5~7세) 2) 초등부(저학년): 2017년생 ~ 2019년생(8~10세) 📌 작품주제 장애인식개선 관련 모든 주제 📌 작품규격 8절지, 자유형식 그림(디지털 드로잉 제외) 📌 접수기간 2026. 4. 1.(수) ~ 5. 29.(금 📌 접수방법 및 제출 서류 - 이메일 (kofod2021@naver.com) ▷ 참가신청서, 개인정보 수집·이용 및 저작권 이용 동의서 각 1부 ▷ 그림 작품 스캔 파일(JPG or PDF 파일) 1부 ▷ 참가 사진(그림 그리고 있는 모습 / JPG 파일) 2부 이상 - 우편 (서울시 영등포구 의사당대로 22 이룸센터 302호 한국장애인단체총연합회) ▷ 그림 원본(작품 구분 이름표 부착 필수) ※ 이메일, 우편 모두 필수 접수 📌 주최주관 한국장애인단체총연합회 📌 후원 보건복지부, 교육부, 한국장애인개발원, 한국장애인고용공단, 장애인기업종합지원센터 📌 문의사항 대외협력팀 정윤정 대리(☎ 070-7728-5744)"
311675,희성촉매,[희성촉매] [사무직] 연구개발(화학촉매) 담당자 채용,"NEW, EXPERIENCED","연구개발(화학촉매) 담당자 | 화학/에너지/환경 | 연구개발/설계 | 화학 | 에너지 | 환경 | 화장품 | 자신을 한 줄로 PR해 주시기 바랍니다. | 자신의 성장 과정 및 성격(강점/약점)에 대해 기술해 주시기 바랍니다. | 교내외 활동 및 특기 사항을 기술해 주시기 바랍니다. (관심 분야/봉사/수상 경력/해외 경험/취미/특기 등) | 팀을 구성해 공동의 목표를 추진해 본 경험에 대하여 기술해 주시기 바랍니다. (팀 내에서 자신의 역할, 팀원 간의 마찰 극복, 팀 활동의 결과 등) | 본인이 생각하는 고객의 정의와 고객을 상대하며 고객 만족을 위해 적극적으로 노력하였던 경험을 기술해 주시기 바랍니다. | 본인의 희망과 상이한 업무를 회사가 제의한다면 어떻게 행동할지 기술해 주시기 바랍니다. | 지원 동기 및 입사 후 포부(10년 후 나의 모습)를 기술해 주시기 바랍니다. | [희성촉매] [사무직] 연구개발(화학촉매) 담당자 채용",,,"[희성촉매] [사무직] 연구개발(화학촉매) 담당자 채용 ❖ 주요 업무 • 촉매 개발 분야 - 석유화학: 탈수소화, 수소화, SAF(항공유) 등 - 수소 생산/이송: 개질, 암모니아전환, LOHC, 수전해 등 • 촉매 설계 및 디자인 - 촉매 제조: 조성 / 제조 방법 발굴 및 적용 - 촉매 분석: 유/무기 화합물에 대한 물리/화학적 분석 - 촉매 평가: 성능 및 반응조건 최적화 • 촉매 요소 개발 - 다양한 촉매 및 지지체에 대한 설계 & 개발 - 촉매 반응기 설계/구축 및 운용 ❖ 필요 역량 • 화학촉매 개발에 대한 전공 지식 및 연구 역량 보유자 • 촉매 설계/합성/분석/평가 전반의 수행 역량 보유자 • 석유화학, 수소, SAF 관련 촉매 개발 분야에 관심이 높은 자 • 실험 데이터 분석 및 결과 해석 능력 보유자 ❖ 자격 요건 • 석사 이상 학위 소지자 • 전공 분야 : 화학, 화학공학, 공업화학, 재료공학, 신소재공학 관련 전공자 • 해외 여행에 결격 사유가 없는 분(남성의 경우 병역 필 또는 면제자) • 토익 700점(또는 토익스피킹 130점, 오픽 IM) 이상 점수 보유자 ❖ 우대 사항 • 영어 회화 가능자 • 산업체 촉매 개발 업무 또는 석유화학 관련 불균일계 촉매 개발 관련 경력자 • 논문 작성, 정부 과제 참여 경험 다수 보유자"
311674,경기도평택교육지원청,2027년 개교 예정교 학교명 공모,,,,기타,"2027년 개교 예정교 학교명 공모 공모기간 2026. 3. 30.(월) ~ 4. 13.(월) 참여대상 학생, 학부모, 평택시민 누구나 제출방법 - 홈페이지 내 첨부된 학교명 추천서 작성 및 제출(아래 제출방법 중 택 1) - 방문/우편 : (우) 17890 경기도 평택시 평택1로 80, 경기도평택교육지원청 1층 기획경영과 학생배치팀 - 팩스 : 031-657-9118 - 이메일 : imgp7@korea.kr - 온라인 : 네이버 폼 작성 유의사항 - 학교의 설립목적, 교육과정, 특성 등을 잘 표현할 수 있는 명칭 사용 - 학교와 소재지의 특성을 나타낼 수 있도록 명칭의 타당성, 적합성, 지역성, 역사성, 참신성 등을 면밀히 검토 - 교명에 ‘경기’ 명칭 사용 지양 - 교명에 방위명(동·서·남·북·중앙) 및 숫자(제일, 제이) 사용 지양 (예시) ○○제일초, ○○북중, ○○중앙고 - 어감상 혐오감을 주는 명칭이나 속어 사용 지양 - 외래어 및 외국어 사용 지양 - 특정 아파트명 등 특정 집단을 연상시키는 명칭 사용 지양 - 도내 및 타시·도의 기존 학교와 동일 명칭은 사용 제외 - 시·군명을 학교명칭 앞에 붙여 사용하는 경우는 제한적으로 허용 (타시·도 또는 도내 동일 학교명 존재 시) 선정 결과 공개 및 이의제기 접수 기간 2026. 5월 중 문 의 031-650-1217"
311673,런웨이,러닝 연합동아리 <런웨이> 에서 신입부원을 모집합니다,,,,,"🏃‍♂️러닝 연합동아리 <런웨이> 에서 신입부원을 모집합니다🏃‍♂️ 대학생 러닝 모임에서 시작된 러닝 연합동아리입니다! 함께 뛰면서 같이 열정적으로 운동할 분들을 모집합니다! 모집 대상 - 러닝을 좋아하는 2-30대(대학생, 졸업생, 회사원 무관) - 서울 내 러닝 참여 가능하신 분 - 러닝 초보자도 환영! 모집 일정 - 02.28~04.30 - 합격자 개별 연락 활동 주기 격주 1회, 1-2시간 러닝(쉬는 시간 포함) 상세 내용 - 각 동아리원 페이스에 따라 조별 러닝 (구간 거리 조절) - 정기 러닝 모임 시 뒤쳐지는 인원 걷기 가능 - 정기 러닝 외 친목 번개 모임 (번개 모임은 자율 참여) 활동 장소: 한강, 도림천, 안양천 등 (추천 받습니다 :) 1)한강변 코스 (한강 공원): - 반포 한강공원 (세빛섬~잠수교): 약 10km의 대표적인 한강 러닝 코스. - 여의나루 한강공원 근방: - 여의도 문화의 마당: 여의도공원 루프(2.5km)부터 여의도~마포대교(10km)까지 다양한 거리. - 잠실 한강공원: 잠실대교에서 야구장까지 이어지는 약 4km 코스. 2) 도심 및 고궁 코스: - 경복궁·청와대 돌담길: 2.5~5km의 평지 코스로, 궁궐의 고즈넉한 풍경을 즐길 수 있는 곳. - 덕수궁 돌담길 (정동길): 시청역 인근의 낭만적인 고궁 러닝 명소. 3) 호수 및 공원 코스: - 석촌호수: 롯데월드타워와 호수 뷰가 일품인 2.5km 랩(Lap) 코스. - 올림픽공원: 몽촌해자, 몽촌토성 등 약 3.5~10km의 다채로운 공원 내부 코스. - 서울숲~성수동: 성수동 연무장길을 거쳐 서울숲까지 달리는 도심형 코스. 4) 스페셜 코스: - 경의선 숲길: 홍대입구역 인근에서 시작되는 도심 산책로 기반의 러닝 코스 활동 기간: 26년 3월 말~5월 말 회비 없습니다! (식사/카페 비용은 각자) 지원 방법 https://forms.gle/VfEjsNY5WDUEtwde6 문의사항 https://open.kakao.com/o/sNxbGOii Q.러닝 입문하는데 잘 못뛰면 어떡하죠? A. 코스에 맞춰서 걷는 것도 가능합니다. 운영진이 같이 챙겨줘요! 파이팅하게 달리실 준비가 되신 분들을 모두 환영합니다!"
311672,한국특수판매공제조합,제7기 K-애디터즈 서포터즈 모집,,,파워블로거/SNS | 사진/영상/디자인 툴 | 콘텐츠 기획/제작 경험,활동비 | 사은품 지급,"⊙ 명칭 : K-애디터즈 : KOSSA + ADitors (AD(광고/콘텐츠) + Editor(편집인)) ⊙ 목적 - 다단계 산업에 대한 청년층 인식제고 - 조합과 업계 관련 이야기를 청년의 시각으로 제작하여 친숙하게 전달 - 서포터즈 개인 SNS 및 조합 블로그 업로드를 통해 콘텐츠 확산성 증대 ⊙ 모집대상 : 개인 SNS 운영, 청년층 - 20~34세 (06년생 ~ 92년생) - 영상/이미지 콘텐츠 제작 가능자(AI활용 가능) - 이전 서포터즈 참여자 제외 - 발대식 참석 가능자 ⊙ 우대사항 : 파워블로거 등 SNS 활동 우수자 ⊙ 모집인원 : 6명 내 ⊙ 모집기간 : 4/1(수) ~ 4/14(화) 2주 ⊙ 합격자 발표 : 4/21 ※ 조합 사정에 따라 변경 가능 ⊙ 활동기간 - 5/1(금) ~ 7/17(금) 약 11주 - 발대식, 해단식, 특강 일정 개별 안내 ⊙ 활동내용 : 조합에서 제공하는 주제에 대한 콘텐츠 생성(합격자 별도 안내) - 동영상 포함 콘텐츠 제작 7일 , 이미지 포함 콘텐츠 제작 5일 - 검수 1~2일 소요 후 개인 SNS 및 조합 SNS 업로드 - 총 6건 제작 후 최종 결과보고서 장성 및 발표 ⊙ 활동혜택 - 콘텐츠별 원고료 지급 : 동영상 포함 원고 8만원, 이미지 포함 원고 5만원 ※ 단순 슬라이드 영상은 동영상 인정 안됨 - 웰컴선물 증정 - 전문 강사 무료 교육 제공 : 디자인 및 AI 활용 전문가 - 우수 활동자 시상 : 우수 20만원, 장려 10만원 ※ 결과보고서 발표로 선정자 해단식 필참, 미참시 후순위 또는 미집행 ⊙ 신청방법 - 네이버폼 작성 : 포스터 QR코드 또는 https://naver.me/GqfOXU3o ※ 합격자는 별도 계좌번호 등 개인정보 추가 요청 예정"
311670,에스원,[에스원] 나만의 '안심짤',,,,기타,"[에스원] 나만의 '안심짤' 📌공모 기간 3/19(목) ~ 4/10(금) 📌 우수작 발표 4/21(화) 📌 응모 방법 ① 에스원 공식 인스타그램 계정 팔로우 ② 본인 계정에 안심되는 순간의 사진/영상 업로드 - 작품에 대한 짧은 설명(20~100자 내외) - 필수 태그: #에스원 #안심짤 ③ 영상 응모 폼에 업로드 게시물 URL과 개인 정보 입력 ▶ 응모 링크 https://app.catchsecu.com/project/2d47fe9bcb5c5e8/form ④ 응모 완료 후 영상 이벤트 게시물에 참여 완료 댓글 달면 끝! 📌 이벤트 경품 - 최우수상(1명): 신세계 상품권 20만 원 - 우수상(2명): 신세계 상품권 10만 원 - 장려상(3명): 신세계 상품권 5만 원 - 참가상(200명): 메가커피 아메리카노 * 참가상은 참가 인원이 500명 미만일 경우 전원에게 지급되며, 500명 이상일 경우에는 수상자를 제외한 참가자 중 랜덤 추첨을 통해 지급 📌 유의사항 • 중복 당첨 시 경품은 하나만 발송됩니다. • 비공개 계정으로 게시물 업로드 시 내용 확인이 어려워 이벤트 참여가 제한될 수 있습니다."
311669,주식회사 코드잇 ,[코드잇 스프린트] 프로덕트 디자인 부트캠프 모집 중,,,,,"제 포트폴리오가 왜 서류에서 탈락 ﻿ 하는지 모르겠어요🥺 디자인은 기본, 사용자 데이터 분석부터 AI 활용 역량까지 요구하는 지금. 코드잇 스프린트와 함께 합격하는 포트폴리오 완성하고 실무 경험까지 쌓아요! [인턴십 100% 보장] 프로덕트 디자인 부트캠프 모집 중 : https://code.it/1JN1lT5 🔍 왜 코드잇 스프린트여야 할까요? 기업이 원하는 프로덕트 디자이너가 되도록 맞춤형 학습을 제공해요. 1. 비전공자도 시작 가능한 탄탄한 커리큘럼 디자인에서 가장 중요한 건 기본! 누구나 시작할 수 있는 자체 커리큘럼으로 디자인 원리부터 실습까지 꼼꼼히 공부해요! 2. AI 시대에 딱 맞춘 디자이너 생성형 AI를 활용해 UI/UX 디자인 실무의 새로운 워크프로세스를 경험하며 디자인 효율을 높여요! 3. 데이터 기반 문제 해결력 상승 사용자를 깊이 이해하고 문제를 정의하여 프로덕트 디자인으로 실제 서비스 문제를 해결하는 경험을 해요! 4. 디자이너에게 필요한 협업 포인트 습득 개발 프로세스 이해와 퍼블리싱 실습으로 서비스 개발 전반에 대한 흐름을 익히고 소프트웨어 엔지니어링에 대한 이해를 높여요! 5. 1:1 커리어 맞춤 지원 체계적인 취업 지원 프로그램으로 이력서, 포트폴리오 피드백부터 현직자 멘토링까지 경험하고, 면접 컨설팅으로 취업 경쟁력을 높여요! 👩‍🏫 4주 간의 포트폴리오 집중 제작 디자이너 취업에 가장 중요한 포트폴리오! 면접관을 사로잡는 지원자가 되도록 도와드려요! 좋은 포폴을 보는 눈 키우기 퍼스널 브랜딩 설계, 성장 스토리 완성 비주얼 아이덴티티, 레이아웃, 스토리텔링 4번의 점검, 발표와 면접 대비 🚀 프로덕트 디자인 부트캠프, 지금 모집 중이에요! ☑️ 기간 및 일정 모집 기간 : 선착순 마감 교육 기간 : 2026-04-23 ~ 2026-11-30 ☑️ 지원자격 국민내일배움카드 발급 가능하신 분 누구나 ☑️ 접수방법 [ https://code.it/1JN1lT5 ] → [장학금 받고 수강하기] → 지원서 기입 후 제출 ☑️ 선발절차 간편 지원 → 인터뷰 → 합격 발표 ☑️ 커리큘럼 1~3주차 : 프로덕트 디자인과 UX 기초 4~6주차 : UI 디자인 실습과 프로토타이핑 7~10주차 : 모바일 서비스 설계와 UI 디자인 실습 11~13주차 : 디자인 협업과 비즈니스 기획 실습 14~16주차 : 초급 팀 프로젝트 17주차 : 데이터 기반 프로덕트 개선 실습 18~21주차 : 중급 팀 프로젝트 22주차 : 개발 프로세스 이해와 퍼블리싱 실습 23~26주차 : 고급 팀 프로젝트 27~30주차 : 포트폴리오 전략 ☑️ 문의 스프린트 홈페이지 하단 실시간 채널톡 [ 바로가기 ]"
311668,대학생 영상 제작 동아리,영상 제작 동아리 콘칩 (CONCHIP) 모집,,,,,"🎬 영상 제작 동아리 콘칩 (CONCHIP) 모집🌽 콘텐츠를 과자처럼 재밌게 꺼내 먹는 영상 제작 동아리🍿 ​ 콘칩(CONCHIP) 영상 전공자 아니어도 괜찮아요! 평소 영상, 사진, 촬영, 편집, 아이디어 이야기하는 거 좋아하는 사람 이면 누구든 환영입니다- 공모전도 도전하고, 각자 포트폴리오로 쓸 수 있는 영상 도 같이 만들어보려고 합니다. ⸻ 🎥 어떤 활동을 하나요? 영상 제작을 처음 해보는 분들도 부담 없도록 가볍게 스터디 + 제작 형식으로 진행합니다. 1회차 – OT • 자기소개 • 좋아하는 영상, 만들고 싶은 영상 소개 • 공모전 참여 or 포트폴리오 영상 제작 방향 선택 2회차 – 레퍼런스 탐색 • 트렌디한 영상 분석 • 레퍼런스 찾기 • 아이디어 브레인스토밍 3회차 – 영상 기초 스터디 • 촬영 기본 구도 • 간단한 편집 흐름 • 영상 제작 기본 구조 4회차 – 실습 • 간단한 촬영 실습 •짧은 영상 만들어보기 5회차 이후 – 팀 프로젝트 • 시나리오 작성 • 콘티 제작 • 촬영 • 편집 → 완성된 영상은 공모전 제출 또는 포트폴리오 활용 ⸻ 📍모임 정보 • 모임 지역: 서울•경기 카페/스터디룸 • 활동 주기: 월 2-3회 (평일 저녁 또는 주말 협의) • 모집 대상: 서울 및 수도권 대학생 / 휴학생 • 회비: 스터디룸 대관 및 간단한 운영비 (월 1~2만원 예정) ⸻ 🙋 이런 분들 환영합니다 • 영상 공모전 한번 해보고 싶었던 사람 • 영상 전공은 아니지만 촬영 / 편집 관심 있는 사람 • 포트폴리오 만들고 싶은 사람 • 영상 이야기하는 거 좋아하는 사람 • 아이디어 회의 좋아하는 사람 📌 촬영 / 편집 경험 없어도 괜찮습니다! ⸻ 👥 운영진 • 영상학과 졸업 후 영상 포트폴리오 작업 중 • 공모전 및 개인 영상 프로젝트 준비 중입니다 같이 만들면서 경험 쌓는 모임 이라 부담 없이 참여하셔도 됩니다 🙂 ⸻ 📷 활동 사진 https://www.notion.so/331cfa8a0535808581acc9d199b6ea6a?source=copy_link ⸻ 📩 지원 방법 지원 링크 https://forms.gle/jZvkmkCHSfLAdW8S7 문의 https://open.kakao.com/o/sKGjZvki ⸻ ⚠️ 참고해주세요 • 대학생들이 자발적으로 운영하는 취미/포트폴리오 모임 입니다 • 모임 내 촬영 영상은 포트폴리오 및 공모전 제출에 사용될 수 있습니다"
311667,(재)건설산업교육원,[에듀콘] 모집 시작! 해외 비즈니스 영어 과정 여름 기수 교육생 모집,,,,,"○ 활동내용 - 네이버에 ‘에듀콘‘을 검색을 통해 생생한 교육 후기를 보실 수 있습니다. 에듀콘에서 해외 비즈니스 외국어과정 교육생을 모집합니다. 유학? 에듀콘에서라면 국내에서도 가능해! 실무 외국어와 회화 동시에 공부하기 ○ 수강생 혜택 - 종합 취업준비 프로그램 1. 비즈니스 교육 - 해당 외국어를 사용한 비즈니스 훈련 - 시뮬레이션을 통해 중국어/스페인어/일본어/영어 면접 및 미팅 실시 - 프레젠테이션 훈련을 통해 발표 능력 향상 2. 성공취업 - 국내/해외 취업 필수 역량인 중문/서문/일문/영문 자기소개서 및 이력서 작성과 첨삭 - 취준생에게 필수 관문인 외국어 면접 준비 - 전문 원어민 강사진의 트레이닝 3. 인적 네트워크 형성 - 다양한 전공, 경력의 훈련생들과의 만남을 통한 네트워킹 - 그룹 프로젝트 및 디스커션을 통한 팀워크 형성 4. 교육비 국비 지원 - 출석률에 따라 훈련장려금 지급 (대상별 차등 지급) - 수강료 및 교재비 국비지원 ○ 우대 사항 - 우선선발 : 졸업예정자 4년제(4학년), 3년제(3학년), 2년제(2학년) 우선 선발 - 청년취업 맞춤형 교육(청년층 미취업자 우선 선발) ○ 활동 지역 - 대면수업, 건설산업교육원(서울 양재역 인근) ○ 세부 사항 - 교육 시간 : 9시 - 5시 - 모집 인원 : 각 기수별 00명 ○ 모집 절차 (테스트 일정을 위해 유선 연락을 꼭 응답해주시길 바랍니다) - 에듀콘 홈페이지 지원서 작성 - 1차 서류 심사 - 1차 서류 심사 이후 2차 테스트 대상자들에게 유선 연락 - 2차 면접/레벨테스트 이후 최종 합격 안내 에듀콘 수강생만 참여 가능한 에듀콘 서포터즈, 코니즈의 후기 보기! https://blog.naver.com/educon-adm 3주만에 IM2에서 IH로 오픽 등급 신분상승한 에듀콘 학생의 수업 후기 포스팅! https://m.blog.naver.com/amuletforme/224185860564"
311666,주식회사 코드잇 ,[코드잇 스프린트] 프론트엔드 8주 단기 심화 부트캠프 모집 중,,,,,"반복되는 서류 탈락으로 프론트엔드 개발자 취준이 막막하다면? 8주 만에 끝내는 코드잇 스프린트 프론트엔드 단기심화 부트캠프에 합류하세요! [이론 2주 + 실전 프로젝트 6주] 로 합격하는 포트폴리오 완성하고, 취업 지원 받으며 이력서에 남는 실무 역량까지 챙겨요. [인턴십 100% 보장] 프론트엔드 단기 심화 부트캠프 모집 중 ➡️ https://code.it/3Er0Flq ⚡️ 프론트엔드 부트캠프, 코드잇 스프린트 프론트엔드 개발자 취업 여정, 이제 코드잇 스프린트와 끝낼 시간이에요! 1. 100% 인턴십 제공 : 갈수록 높아지는 취업문. 인턴십 100% 보장으로 교육부터 취업까지 걱정 없이 함께해요! 2. 트렌디한 커리큘럼 : 최신 CSS 애니메이션 기술 - 테스트 코드 작성 - 배포 및 관리 능력까지, 사용자 경험을 개선시키고 서비스의 완성도를 높이는 개발자로 성장해요. 3. 실전 프로젝트 : 단순히 개발만 하고 끝나지 않아요. 유저 피드백을 바탕으로 서비스를 고도화할 예정이에요. 백엔드 개발자와의 협업을 통해 프로젝트 완성도를 높일 수 있어요. 스프린트가 완벽한 포트폴리오를 만들어드릴게요. 4. 1:1 맞춤형 커리어 코칭 : 기술 모의 면접, 소프트 스킬 모의 면접, 이력서 피드백까지! 취업 여정에 필요한 모든 것을 제공합니다. 📍 합격하기 위한 프론트엔드 개발자 핵심 역량을 담았어요! 개발자 스스로 좋은 사용자 경험을 고민하고 실현시킬 수 있도록 커리큘럼을 구성했어요. 1. 최신 CSS 애니메이션 기술 react-spring, framer motion 등 실무에서 많이 쓰이는 애니메이션 라이브러리를 다룰 예정이에요. 주요 IT 기업의 서비스는 직관적이지만 단순하지 않아요. 사용자가 서비스의 디테일을 놓치지 않고 상호작용을 이끌어낼 수 있는 애니메이션이 필요해요. 본 트랙을 통해 유저에게 서비스가 살아있다고 느끼게 만드는 기술을 구현할 수 있게 돼요. 2. 테스트 코드 작성 테스트 코드는 제품의 안정성을 올려주고 버그를 사전에 잡는 중요한 역할을 합니다. 서비스 사용자에게 의도한대로 기능이 구현되는지 배포 전에 확인하는 과정이에요. 개인 사이드 프로젝트만으로는 경험하기 어렵기 때문에 현업 개발자로서 일할 때 가장 중요한 경험이 될 거에요. 3. 배포 및 관리 능력 서비스 품질 개선을 위한 CI/CD 기본기를 익혀요. 반복적으로 수행되는 프로세스는 자동화로 만들고, 개발자는 더 중요한 본질에 집중할 수 있게 돼요. 휴먼 에러를 최소화기 때문에 고도화된 서비스를 제공할 수 있어요. 🙌 프론트엔드 단기심화 부트캠프, 이런 분들을 환영해요! 취업 전 빠르게 포트폴리오 업그레이드를 원하는 전공생 프론트엔드 기초 이상의 프로젝트와 실무 경험을 원하는 부트캠프 수료생 React, Next.js, TypeScript를 활용할 줄 아는 예비/신입 개발자 🚀 지금 프론트엔드 단기심화 과정 모집 중이에요! ☑️ 기간 및 일정 모집 기간 : 소수 정예, 선착순 마감 교육 기간 : 2026-04-23 ~ 2026-06-24 ☑️ 지원자격 국민내일배움카드 발급 가능하신 분 누구나 ☑️ 접수방법 [ https://code.it/3Er0Flq ] → [장학금 받고 수강하기] → 지원서 기입 후 제출 ☑️ 선발절차 서류 지원 → 과제 테스트 → 인터뷰 → 합격 발표 ☑️ 커리큘럼 [이론 커리큘럼 2주] STEP1 : Tailwind CSS STEP2 : CSS 애니메이션 STEP3 : 웹 브라우저에서 데이터 저장하기 STEP4 : Jest 테스트 프레임워크 STEP5 : React 컴포넌트 테스트 STEP6 : CI/CD 파트 [프로젝트 커리큘럼 6주] STEP1 : 서비스 MVP 런칭 프로젝트 STEP2 : MVP 중간 발표 STEP 3 : 피드백 반영, 서비스 고도화 STEP 4 : 최종 발표 ☑️ 문의 스프린트 홈페이지 하단 실시간 채널톡 [ 바로가기 ]"
311665,신세계안과,[광주 신세계안과] 제45회 빛창공모전 여름편 공모(~5/6),,,,기타,"제 45 회 빛창공모전 [ 여름편 공모 ] [ 공모 일정 ] - 공모 기간 : 2026 년 4 월 1 일 ( 수 ) ～ 5 월 6 일 ( 수 ) - 수상작 발표 : 2026 년 5 월 13 일 ( 수 ) 10:00 / 당선작 개별 통보 및 신세계안과 홈페이지 공고 [ 응모 자격 ] - 대한민국 국민 누구나 [ 공모 주제 ] - ‘ 여름 ’ 과 관련된 자유 주제 (1 인당 3 편 , 1 편당 20~30 글자 내외 / 띄어쓰기 제외 ) ※ 글자 수 규정을 지켜서 여름과 관련된 짧은 글을 보내주세요 . ※ 작품에 제목을 붙이지 않으셔도 됩니다 . [ 접수 방법 ] - 홈페이지 양식 다운로드 후 이메일 ( bestlasik1@naver.com ) 제출 ※ 양식 미준수 시 접수 불가를 안내해 드립니다 . ※ 신청서를 잘 읽고 하단에 날짜와 이름을 기입해주세요 . ※ 신청서 다운로드 https://www.best-lasik.co.kr/main01/sub.asp?lasik=G104&intSeq=542&page=&gum1=&gum2 = [ 시상 내용 ] - 대상 (1 편 ) : 백화점상품권 30 만원 - 최우수상 (1 편 ) : 백화점상품권 20 만원 - 우수상 (2 편 ) : 백화점상품권 10 만원 - 가작 (16 편 ) : 백화점상품권 3 만원 [ 유의사항 ] - ChatGPT 등 인공지능 (AI) 생성 작품 제출 불가합니다 . - 표절이나 중복 당선의 경우 수상 취소됩니다 . - 지난 회차 수상자도 재참여 가능합니다 . [ 문의사항 ] - ☎ 070-4341-1018 [ 홈페이지 ] - https://www.best-lasik.co.kr"
311662,대학생 연합 동아리,마케팅 동아리 < MUNCH > 크루 모집,,,,,"💡마케팅 동아리 < MUNCH > 크루 모집 Make Up New Cultural Hype : 새로운 문화 트렌드를 만들어내다 MUNCH는 단순히 배우는 마케팅이 아닌, 직접 보고•분석하고•기획하며 감각을 키울 수 있도록 운영하는 동아리 입니다! 브랜드와 시장을 읽고 우리만의 아이디어로 새로운 문화와 유행을 만들어보세요😊 🧩 동아리 소개 MUNCH는 서울권 대학생들이 모여 만든 마케팅 스터디 & 프로젝트 동아리 입니다. 마케팅 이론부터 실제 브랜드 사례 분석, 그리고 공모전 도전까지-! 단순 스펙이 아니라 마케팅 감각을 키우는 경험을 만드는 것이 목표입니다. 🧩모집 대상 - 비전공자지만 관심 있는 사람 - 공모전, 기획 경험을 쌓고 싶은 사람 - 브랜드 / 트렌드 / 광고에 관심 있는 사람 - 서울 및 수도권에서 활동 가능한 사람 ※ 전공 무관 / 초보 환영 🧩활동 내용 - 마케팅 기초 개념 및 사례 스터디 - 브랜드 / 광고 캠페인 분석 - 트렌드 매장 및 팝업스토어 방문 - 시장 조사 및 인사이트 공유 - 팀별 마케팅 기획 발표 - 공모전 참여 및 피드백 📍커리큘럼 1회차) 마케팅 기초 이해 & 브랜드 사례 분석 2회차) 광고 캠페인 분석 3회차) 마케팅 트렌드 리서치 4회차) 현장 시장 조사 & 사용자 경험 분석 📍활동 안내 - 활동 지역 : 서울(상수, 영등포구청 인근) - 정기 모임 : 월 2회 📍지원 링크 : https://forms.gle/ZKC1h4ixKoAxQyWMA 📞 문의 사항 : https://open.kakao.com/o/sUFIKOji"
311661,국제청년센터,국제청년센터 본부 단원 모집,,,파워블로거/SNS | 사진/영상/디자인 툴 | 취재/인터뷰/기사 경험 | 멘토링/수업 진행 경험 | 콘텐츠 기획/제작 경험 | 컴퓨터 활용능력 | 외국어 | 리더십 | 휴학 중/시간 투자 가능 | 타 대외활동 경험 | 행사 기획 경험,수료증 및 인증서,"국제청년센터는 국제청년의 나눔과 교류를 위한 국제NGO로 서울, 부산, 광주, 상하이, 북경, 런던 등 세계 각지에서 유학생, 대학생들이 자발적으로 참여하여 8개 국내외 지부에서 150여명의 단원들이 연간 1,000여명이 참여하는 다양한 공익활동을 운영하고 있습니다. ​ Love the Difference는 국제청년센터의 핵심 슬로건으로 누구도 어떤 나라와 부모에게 태어날 것인지를 선택하지 못함으로 ‘다름’이 존재하고 그 다름이 존중되는 사회를 만들어 가는 것을 목적으로 다양한 활동을 하고 있으며 다름이 존중되는 사회로 만들어 갈 열정적이며 적극적인 본부 및 국내지부 청년운영단원을 모집합니다. ​ 국제청년센터는 크게 두 가지 특징을 가지고 있습니다. ​ 1. 청년이 운영합니다. 비영리단체는 상근자가 있고 상근자가 기획한 사업을 돕는 형식으로 대학생들이 봉사자로 참여를 합니다. 하지만 국제청년센터는 청년이 각 지부를 설립하였을 뿐만 아니라 청년들이 사업 전반을 운영하고 있습니다. ​ 직급에 따라 역할과 책임이 달라서 다른 대외 활동과는 다른 점이라 할 수 있습니다. 다른 비영리단체과의 차이점은 상근자가 해야 할 일들을 참여하는 청년들이 참여하게 된다는 것입니다. 그래서 무엇보다 국제청년센터의 청년운영단원이 되기 위해서는 책임감이 중요합니다. 청년들의 힘으로 글로벌 네트워크 갖추고 안정적이고 지속 가능한 국제NGO 단체로 만드는 것이 우리의 도전 과제입니다. ​ 2. 성장은 최우선 발전 전략입니다. 모든 프로젝트는 이전 기수 단원들이 기획을 해서 추진했던 것이거나 이번에 모집된 단원들이 기획하는 프로젝트로 프로젝트의 기획, 실행, 평가 등 일련의 과정을 통해 참여하는 청년의 성장을 제일 목표로 합니다. 그것이 참여자의 성장을 이끌 수 있는 최선의 방법이라 믿고 있습니다. 이를 통해 기획력, 추진력, 의사 소통 능력, 문제 해결 능력, 팀워크, 협업, 타인에 대한 배려 등을 배우게 될 것입니다. 우리의 성장을 위해 각 팀에서 기획한 다양한 강연, 강좌, 북콘서트 등은 필수적으로 참여해야 하며 농어촌 문화와 역사, 노동의 가치를 배우기 위해 농활 또는 어활도 필수 과정으로 되어 있습니다. ​ * 각 팀의 주요 활동 내용에 대해 궁금하시면 카카오톡 1:1 오픈채팅방 @국제청년센터 문의 주세요. ​ ​ 1. 모집분야 부서 팀 모집분야 활동내용 비고 국제이슈국 인권팀 인권프로그램 운영 - 소수자 인권, 평등 관련 프로그램 운영 ​ 나눔사업국 아동교육팀 교육 프로그램 운영 - 지역아동센터 다양성 및 언어 교육 프로그램 운영 ​ 유기견팀 동물 보호소 운영 지원 - 유기견 봉사 프로그램 운영 - 해외 이동 봉사자 관리 - 유기견 장난감 봉사 사업 관리 ​ 사무처 재정국 재정관리 - 전국적 단위의 지출 관리 - 외부기관 감사자료 제출 - 자체 양식 문서 관리 ​ 주한유학생사업국 유니버스팀 유니버스 카페 운영 - 유학 정보 크리에이터 모집 및 관리 -콘텐츠 홍보 ​ ​ 2. 신청 방법 ​ 온라인 신청서 https://forms.gle/daXa5v3ET5ChwyaQ6 ​ ​ ​ 3. 활동 기간 ​ 2027년 6월까지 ​ ​ ​ 4. 지원 마감 ​ 2026년 5월 20일까지 ​ ​ ​ 5. 신청 자격 ​ 수도권 거주 대학생 및 휴학생(졸업생 포함) ​ * 대면 활동이 가능해야 합니다.(월 1회 대면회의) ​ ​ ​ 6. 선발 방법 ​ - 1차 합격자에 한하여 비대면 면접으로 최종 선발 ​ * 1차 합격자에 한하여 면접 안내를 개별 연락드립니다. ​ - 최종 합격자 오리엔테이션 : 5월 30일 (토) ​ * 오리엔테이션은 대면으로 진행되며 일시와 장소는 합격자에게 개별 안내 드립니다. ​ ​ ​ 7. 혜택 ​ - 인턴증 또는 수료증 발급 ​ - 농활 및 봉사 프로그램 참여시 봉사증 발급 ​ - 우수 활동 단원 시상 ​ ​ ​ 8. 문의 ​ 카카오톡 1:1 오픈채팅방 @국제청년센터 ​ ​ ​ 국제청년센터 활동에 대해 보다 세부적인 내용은 아래 링크에서 참조하세요. ​ ​ ​ 국제청년센터의 모든 활동은 블로그에서 보실 수 있습니다. ​ - 국제청년센터 홈페이지: https://intcenter.org/ ​ - 국제청년센터 인스타그램: @usisrc ​ - 국제청년센터 블로그: https://blog.naver.com/usisrc ​ - 국제청년센터 유니버스 카페: https://cafe.naver.com/uneedsbus ​ - 방송국유튜브TV : https://www.youtube.com/channel/UC1W3y5NieM-DfNN6Y3TL7_w ​"
311659,피에프씨테크놀로지스,개인신용대출 심사 지원(서포트) 담당자,CONTRACT,,,,"PFC ​Technologies ""EXTRAORDINARY ​FINANCE ​FOR THE ​ORDINARY"" 보통 사람을 위한 ​보통이 ​아닌 금융 ﻿PFCT는 ​한국은 물론, 진출한 ​모든 시장에서 ​불가능하다고 ​여겨졌던 이정표들을 ​달성하고 ​있는 ​독보적인 금융 기술(Lending ​Tech) ​전문성으로 아시아 금융 ​환경을 ​재편하고 ​있어요. • 대한민국 최고의 ​온투금융사 • B2B AI ​솔루션 ​서비스로 9 ​개국에서 사업을 ​영위하고 ​있는 극소수의 AI ​금융 기술 ​회사 • 대형 테크회사보다 높은 공헌 이익률 약 80%, 분기 손익분기점을 달성하며 빠르게 성장 중인 스타트업 창의적인 사업 전략과 혁신적인 기술력으로 '보통 사람을 위한 보통이 아닌 금융'을 구현할, 한국을 넘어 아시아 전역에서 활약하는 사업 활동에 가슴 뛰는 최고의 인재를 기다리고 있어요. 지금, PFCT와 함께해요! Risk Management Team 은, PFCT 서비스의 개인신용대출/주택담보대출/기타담보대출 등 리스크를 줄이기 위한 프로세스를 더 나은 방향으로 개선하고 있는 팀이에요. 이를 위해 대출 심사(사전), 채권관리(사후) 담당자들이 한 팀으로 구성되어 보다 유연하고 효율적으로 리스크를 관리하고 있어요. 개인신용대출 심사 지원(서포트) 담당자 는, 🚀 합류하면 이런 일을 해요 • 개인신용대출 서류 심사 업무를 수행해요. • 대출 1차 심사, 약정 체결 등 개인 여신 전반의 업무를 진행해요. • 개인신용대출 실행 전 체크리스트를 꼼꼼히 실수 없이 확인해요. • 리스크에 대한 회사의 든든한 최후 방어선 역할을 수행해요. 🎯 저희는 이런 분을 찾고 있어요 • 꼼꼼한 성향의 소유자로 금융 당국 규제 조건을 실수 없이 검토하실 수 있는 분 • 맡은 일에 대해 강한 주인 의식을 가지고, 완결성 있게 업무를 수행할 수 있는 분 • 유연한 사고와 능동적인 자세를 가자고 있는 분 ✨ 이런 경험을 가진 분이면 더 좋아요 • 온라인투자금융업에 대한 이해도를 가지고 있는 분 • 엑셀, 구글 스프레드시트 등 OA 활용 능력을 보유하고 있는 분 합류 여정에 대해 알려드려요 채용 프로세스 • 서류 전형 → 1차 인터뷰(Job-Fit) → 2차 인터뷰(Culture Fit) → 처우 협의 → 최종 합류 지원 서류 • 이력서(필수/자유 양식) • 포트폴리오(선택) • 제출 형식: PDF 파일 권장 안내 사항 • 본 공고는 6개월 계약직 포지션입니다. • 내부 사정에 따라 채용 일정 또는 절차가 변경될 수 있으며, 변경 시 별도 안내 드릴 예정입니다. • 제출 서류에 허위 사실이 있거나 결격 사유가 확인될 경우, 합격 또는 입사가 취소될 수 있습니다. • 상황에 따라 추가 인터뷰 및 평판 조회 전형이 추가될 수 있습니다. 채용 문의 • recruit@pfct.co.kr PFCT에 대해 더 자세히 알고 싶다면, 아래 링크를 방문해보세요! 📍 PFCT 홈페이지 📍 PFCT 공식 블로그 '피플로그' ﻿﻿ 📍 PFCT 링크드인"
311657,쿠쿠홀딩스,[쿠쿠홀딩스] 해외영업 부문 신입/경력 사원 채용,"NEW, EXPERIENCED",,,,"[쿠쿠홀딩스] 해외영업 부문 신입/경력 사원 채용 [모집 직무] 해외영업 [지원 자격] - 전문학사 이상 졸업(예정)자 - 해외 여행 결격 사유가 없는 자 [우대 사항] - 무역, 물류, 국제 통상 전공자 - 영어, 중국어 가능자 - ERP(Oracle) 활용 가능자 - 취업 지원 대상자(장애인, 보훈대상자, 국가유공자)는 관계 법령에 의거 우대 채용 - 현지채용의 경우 근무지 국적자 우대 채용 [모집 일정] 2026.03.27 ~ 2026.04.05"
311655,바로고,[바로고] 4륜사업본부 사업운영 매니저,"NEW, EXPERIENCED",[바로고] 4륜사업본부 사업운영 매니저 | 기획/전략/경영 | 경영/사무 | 사업기획 | 서비스기획/운영 | 신규사업/BD | 임원 (CEO/COO) | 전략기획 | 콘텐츠기획/운영 | M&A/타당성분석/사업제휴 | 자유양식 입니다.,,,[바로고] 4륜사업본부 사업운영 매니저 [담당업무] - 배송차량 모집 ​및 ​관리 - 프로젝트 관리 ​및 ​실행 - 화주사 ​및 파트너사 협업 ​관리 - 물류운영 ​설계 및 프로세스 ​개선 [자격요건] - 학력 ​및 ​경력무관 (신입가능) - 대·내외 우수한 ​커뮤니케이션 스킬 ​보유자 [우대사항] - 성실하고 ​책임감 있으신 ​분 - 컴퓨터 활용 ​능력 ​우수하신 분
311652,멘토링 연구소,[대학 교양 수업 대비] 물리(화학)/수학/토익/코딩 무료 강의 듣고 강의 피드백 주실 분을 모십니다~! [노베 신입생/취준생 환영] [교육 포폴용],,,,,"안녕하세요! 교육 포폴 준비 중인 졸업생입니다! 물리, 수학 안하고 공대 합격하셔서 불안하신 분들이나, 토익 영어 미리 공부하고 싶으신 분들!! 강의 청강 후에 피드백 부탁드리고 싶어서 이렇게 글 올립니다..! 많은 관심 부탁드립니다! "" 영어 · 코딩 · 수학 · 물리(화학) 노베이스, 기초 단계 -> '무료'로 가르쳐 드립니다"" 💬 이런 분 환영! ""영어 졸업요건 점수 달성해야해요😭"" “영포자 -> 토익/수능 기초 배우고 싶어요” “교차지원/수포자/물리·화학 노베이스인데 대학 과학/수학/코딩 걱정되어요” “공대 과목 듣기 걱정되어요” ""남들 다 코딩 배우던데, 기초라도 배워보고 싶어요"" 📚 과목 및 강의 내용 1) 토익/수능 영어 (단어, 문법, LC, RC, 파트별 풀이 전략) (1) 노베이스반 - 단어: '접두사, 접미사'로 영단어 원리 이해, 쉽고 재미있게 암기하는 법 체득 - 문법: 문장 구조 완벽 분석 -> 문법 1바퀴 완성 (RC 문법 노트 제공) (2) 중급 (목표 점수 달성반) - LC, RC 파트별 분석, 문풀 팁 체화 (파트 1~4 / 5~7) (- 수능 기출문제집 (마더텅 등) / 수능특강, 완성) 2) 수학 (미적분, 확률과 통계, 기하와 벡터 등 중,고등과정) 수학의바이블 / 수능특강 / 쎈 / 기출문제집(마더텅 등) 3) 물리·화학 (수능/대학 기초) - 수능특강, 기출문제집 (마더텅 등) (오르비 문제집) - (대학) 일반물리학 1 4) 코딩(C, C++) : 퍼펙트 C, 명품 C++ 🎯 대상 - 20대 대학생·직장인 - 서울/경기 대면 수업 가능자 ❗️서울 서남부 지역에서 대면으로 (신촌~신도림~서울대입구~영등포~노량진 등 부근) - 영어/수학/물리(화학)/코딩 기초부터 배우고 싶은 분 - (단기 속성) 월 2-4회 / 회당 1-2시간 참여 가능자 👩‍🏫 멘토 소개 - 삼성 주니어 SW 아카데미 교육 수료·입상(아두이노 부문) - 수능/내신 물리·화학 I 1~2등급, 영어 1등급 - 고등 수학 1~2등급 - 중·고등 및 재수학원 조교 경험 다수 - 인서울 상위권 공대 졸업 📌 개설 목적 직무 변경(공대 -> 교육) 후, 실제 티칭 경험 쌓기 위함 1) 왜 무료로 하나요? -> 단기로 가르치고 있기에 돈을 받기 애매하고, 유료로 진행해보니 많이는 안 들어오더라구요. 어차피 저도 티칭 경험이라는 무형의 자산을 얻기에 무료로 진행하여 더 많은 티칭 경험을 쌓고자 합니다. 2) 과외를 할까? -> 다양한 사람을 가르치고 만나보는 것이 주 목적이기에 한 사람을 오래 만나는 과외/교육봉사 보다는 단기로, 여러 사람을 가르쳐보고 싶었습니다. 3) 교육봉사를 할까? -> 중, 고등학생은 이미 교육봉사로 가르쳐봤기에 대학생도 가르쳐보고 싶었습니다. 📅 모집기간 및 선발 인원 선착순 모집 5-15명 내외 (1:1~1:3 소규모 그룹 과외) 멘토·멘티 비율 및 난이도에 따라 조정 예정 🌟 혜택 - 강의비 0원 (대신 포폴을 위해 멘티 노트 필기 사진은 찍습니다) - (그룹 과외 시) 타 대학 친구들과의 인맥 ⚠️ 확인 사항 ❗️서울 서남부권에서 대면 수업 진행 (ex. 신촌~신도림~서울대입구~노량진 부근에서 진행하오니 너무 머신 분들은 지원에 참고 부탁드립니다) - 불순한 목적으로 지원하시는 분들은 거절합니다. - 전공자 수준의 심화 내용까지는 교육이 어려울 수 있음을 미리 알려드립니다. 📍 문의: https://open.kakao.com/o/swSQnJ6e 📍 신청: https://forms.gle/BfQw8j4VU2wmtP6BA"
311651,데이트립코리아,[데이트립코리아] 콘텐츠 에디터 및 마케터 인턴 채용,INTERN,,,,"[데이트립코리아] 콘텐츠 에디터 및 마케터 인턴 채용 [모집 직무] 콘텐츠 에디터 및 마케터 [자격 요건] • 콘텐츠 마케팅 및 에디팅 관련 경력 또는 이에 준하는 실무 역량을 보유하신 분 • 브랜드 SNS/디지털 채널 운영하며 실질적인 성과를 만들어 본 분 • Figma, Adobe 등 그래픽 툴을 원활하게 다를 수 있는 분 • 높은 감도로 브랜드 톤앤매너에 맟는 사진 및 영상 촬영이 가능한 분 • 콘텐츠 기획 → 제작 → 발행 → 성과 분석까지 전 과정을 주도적으로 수행해 본 분 • 트렌드에 민감하며 데이터를 기반으로 성과 개선 가설을 세우고 실행할 수 있는 분 • 피드백을 빠르게 반영하며, 협업 과정에서 원활한 커뮤니케이션이 가능한 분 [우대 사항] • 인스타그램 매거진 형태 채널 운영 경험이 있으신 분 • 인스타그램 중심의 오가닉 콘텐츠 성장 경험이 있는 분 • 콘텐츠 성과 리포트 작성 및 인사이트 도출 경험이 있는 분 • AI를 실무에 도입해 업무 생산성을 높여본 경험이 있는 분 [모집 일정] 2026. 3. 28 - 2026. 4. 2"
311650,바로고,[바로고] B2B 및 플랫폼 정산 담당자,"NEW, EXPERIENCED",[바로고] B2B 및 플랫폼 정산 담당자 | 경리/회계/결산 | 경영/사무 | 재무/세무/IR | 경리 | 결산 | 급여관리/4대보험 | 전표입력 | 부가세신고 | ERP/더존 | 회계 | 재무 | 세무 | IR | 회계감사 | 예산관리 | 자유양식 입니다.,,,"[바로고] B2B 및 플랫폼 정산 담당자 [담당업무] - B2B 및 플랫폼 ​배달대행료 정산 ​업무 - 매출 ​세금계산서 발행 ​및 ERP ​전표 ​처리 - 매출&매입 및 수행 ​데이터 검증, ​조정 - 정산 프로세스 개선 및 기획 [자격요건] - 신입 ~ 관련 경력 5년 이하 - 원활한 커뮤니케이션이 가능하신 분 - 꼼꼼한 성격으로 업무 처리가 가능하신 분 - 책임감 있고 성실하게 업무에 임하실 수 있는 분 [우대사항] - 엑셀 능력이 우수하신 분 - 데이터 활용 능력이 우수하신 분 - 정산/회계 관련 업무 경험이나 지식을 보유하신 분"
311648,ECONOMIC,재미있는 경제 동아리 ECONOMIC,,,,,"[이코노믹(ECONOMIC)] 대학생 실전 경제·금융 트렌드 분석 연합 동아리 신입 모집 ""면접장에서도 통하는 진짜 경제 지식, 실생활 트렌드에서 쉽고 명확하게 도출하다!"" 단순 암기식의 딱딱한 경제 스터디가 아닙니다. [이코노믹(ECONOMIC)]은 거시/미시 경제부터 최신 금융 트렌드까지, 우리가 일상에서 마주하는 현상들을 경제학적 시각으로 분석하고 토론하며 **'비즈니스 인사이트와 실무적 사고력'**을 기르는 커뮤니티입니다. 경제 초보자도 멘토링과 소통 위주의 모임을 통해 탄탄한 금융 지능(FQ)을 쌓고, 취업과 스펙업에 직결되는 시사 상식을 구축할 수 있습니다. 🎯 활동 목표 및 얻어갈 수 있는 혜택 -실전 비즈니스 인사이트 도출: 복잡한 공식 대신, 커피값 인상이나 넷플릭스 요금제 등 실생활 데이터를 기반으로 경제 트렌드를 읽는 눈을 기릅니다. -취업/면접 대비 시사 상식 구축: 주식, 부동산, ESG, 금리 정책 등 면접 단골 소재를 팀원들과 함께 심도 있게 다루며 논리적 스피치 역량을 강화합니다. -포트폴리오형 프로젝트 경험: 팀별 모의 주식 투자 대회, 경제 케이스 스터디 등을 통해 단순 스터디를 넘어선 실질적인 활동 결과물을 만들어 냅니다. 📌 핵심 스터디 주제 (세부 커리큘럼) -거시경제 분석: ""왜 물가가 오를까?"" 물가 상승 원인과 경기 침체 시그널 분석 -미시경제 및 소비자 행동: 편의점 1+1 프로모션, 구독 경제(넷플릭스 등)에 숨겨진 프라이싱 전략 분석 -국제 경제 및 무역: K-팝 수출이 글로벌 무역에 미치는 영향 및 환율 변동 리스크 스터디 -금융 및 자산 관리: 최신 주식/가상화폐 트렌드 및 중앙은행 금리 인상의 파급 효과 분석 -경제 정책 케이스 스터디: 정부 보조금/할인 정책의 비용편익 분석 및 최저임금 인상 파급력 토론 -노동 및 사회 경제학: MZ세대 HR 트렌드와 소득 불평등 사례를 통한 경제학적 연결고리 탐구 😎 모집 대상 및 참가 조건 -경제/금융 트렌드에 관심이 있고, 이를 실무적 시각으로 분석해 보고 싶은 대학생 누구나 (초보자 대환영!) -어려운 경제 뉴스를 쉽게 이해하고, 자신의 의견을 논리적으로 정리하는 연습이 필요한 분 -열린 마음으로 팀원들과 소통하며 함께 성장할 열정을 가진 분 🗓 모집 및 활동 개요 -모집 기간: 상시 모집 중 -모집 인원: 10명 (소수 정예 밀착 스터디 진행) -활동 기간: ~ 2026년 12월 20일까지 -첫 모임 일정: 2026년 3월 말부터 순차적 시작 -활동 방식: 오프라인 소통 위주 스터디, 실전 워크샵(영화 속 경제학 찾기 등), 네트워킹 💸 참가비/활동비 상세 안내 -참가비: 없음 -비용 안내: 별도의 고정 가입비나 활동비는 없으며, 오프라인 스터디룸 대관료 및 친목 도모를 위한 회식 등 비용 발생 시 참여자에 한해 실비(1/N)로 투명하게 정산됩니다. 💡 합격을 위한 지원 꿀팁! ""현재 경제 지식이 얼마나 많은지(스펙)는 중요하지 않습니다. 일상 속 현상에 대해 '왜?'라는 호기심을 가져본 경험이나, 앞으로 동아리를 통해 어떤 인사이트를 얻어 가고 싶은지 본인만의 진솔한 지원 동기를 폼에 녹여주시면 합격 확률이 크게 올라갑니다!"" 📍 지원 및 문의 가입 지원 폼: https://forms.gle/fFMevHAJMA4ZNrKdA 상세 커리큘럼 확인 https://island-point-723.notion.site/ECONOMIC-1ab7a9b604a380479dedf9417f1fc1f8?pvs=4"
311647,야구 중독자들,야구 중독자들 모집합니다! (야구 입문자도 환영),,,,,"⚾️야구 중독자들⚾️ 모집합니다! (야구 입문자도 환영) (야잘알/야알못 모두 대환영) I성향이라 조용하지만 야구 직관하고 싶어,, 혼자 야구장 가기 심심해,, 요새 다들 야구 보던데 나도 야구 입문하고 싶다,, 야구 관련 수다 떨고 싶어,, -> '야구 중독자들' 지원하기 🧢운영진 소개 SK 와이번스 왕조 시절 마구마구 게임으로 야구를 입문하여, 캐치볼과 야구 직관으로 학업/직장 스트레스를 풀었고, 이제는 10개 구단의 응원가 노동요 없이는 살지 못하는 야구 중독자 운영진입니다! [운영진 약력] 마구마구 게임으로 야구 입문 SK와이번스 왕조시절 팬 SK~SSG 18, 22시즌 코시 6차전 직관 경험 O 국대 경기(고척) 직관 경험 O 수도권+부산 경기장 직관 경험 O 10개 구단 팬이 되어가는 중 (제일 중요) 목나경, 박현영 치어리더랑 사진 찍은 경험 O [동아리 개설 계기] 고인물만 그득한 야구 동아리를 들어가자니 부담이고, 그렇다고 완전 야구 입문자는 아니고, I부터 E까지, 야구 고인물부터 야구 입문자까지 모두 어우러지는 동아리를 만들어보고 싶었습니다. 👨‍👩‍👧‍👦동아리 특징 1. 10개 구단 '대통합' 응원: 흥참동? NO, 우리는 팀 비하 없이 모든 팀팬을 존중합니다. 2. I부터 E까지 모든 성향 존중 조용히 야구보고 싶은 사람부터 신나게 응원할 사람까지 모든 성향을 존중합니다. 3. 야잘알부터 야알못까지. 야구 잘 몰라도 괜찮아요. 야구장 음식, 응원부터 배우면서 룰도 배우고 친숙해져요. 4. 랜선 야구 수다 온갖 재밌는 릴스, 숏츠, 짤들 대환영입니다 🗓 활동 로드맵 1. 직관 (K리그 직관도 상의 중) 1) 수도권 직관: 고척, 잠실, (인천, 수원) 2) 영화관 중계 관람 3) 식당(치킨 집) 관람 2. 직관 외 활동 1) 야구 관련 - 배팅장 - 스크린야구 - 캐치볼 - 코노 가서 응원가 부르기 2) 야구 관련 X - 스터디 / 맛집 탐방 / 서울 나들이 등 부원 니즈에 따라 결정 3. 랜선 야구 수다 온갖 재밌는 릴스, 숏츠, 짤들 대환영입니다 ✅ 모집 대상 (이런 분을 찾습니다!) I부터 E까지, 조용한분~활발한 분까지 야잘알부터 야구 잘 모르는 야알못까지, 주변에 야구 팬이 나밖에 없어 혼자 직관가기 심심한 직관러 야구는 모르지만 새로운 친구들과 어울리고 싶은 분 타 대학, 다양한 전공의 친구들과 인맥을 쌓고 싶은 분 ⚠️ 이건 꼭 지켜주세요! 타 구단 비하 및 욕설 금지(분쟁 조장 시 제명) 다단계, 종교 포교, 과도한 이성 작업(여미/남미) 발견 시 제명 📩 지원 방법 및 일정 모집 기간: 상시 모집(야구 시즌 내) 신청 링크: https://moaform.com/q/OXQ8qa 진행 절차: 폼 접수 → 간단한 면접(개별공지) → 3일 내 결과 발표 문의/소통: https://www.instagram.com/ya9_addict 🎷선행학습 1. 팀 응원가 https://youtu.be/FxWWXpKMM_A?si=RPczQ_rW0-eeYSmv 2. 선수 응원가 https://youtu.be/idfU2Jr2vG8?si=4FNVfAHwQkBXwGXB 3. 선수 등장곡 https://youtu.be/OMTvBRSrcO8?si=J1PzLHwIzRGf8650"
311645,Discovery,데이터 분석 공모전 연합동아리 [ Discovery ] 부원 모집 중,,,,,"[대학생 연합동아리] 데이터 분석 공모전 동아리 'Discovery' 5기 신규 부원 모집 데이터 속에서 인사이트를 캐내다, 실전 데이터 분석 연합동아리 [Discovery]에서 5기 신규 부원을 모집합니다! 'Discovery'는 데이터 분석 과정에서의 '발견'과 '탐색'을 모토로 삼고 있습니다. 단순한 이론 학습을 넘어, 통계학·컴퓨터공학·경영학 등 다양한 전공의 인재들과 함께 실제 공모전에 출전하여 유의미한 포트폴리오를 만들어갈 열정적인 예비 데이터 분석가를 기다립니다. 📌 이런 분들께 강력 추천합니다! - 데이터 수집부터 정제, 시각화까지 분석의 A to Z를 실전으로 경험하고 싶으신 분 - Kaggle, KDD Cup 등 굵직한 데이터 분석 공모전 수상 스펙이 필요하신 분 - 다양한 전공자들과 네트워킹하며 창의적인 분석 프로젝트를 기획해보고 싶으신 분 ⚙️ 주요 활동 내용 (스펙업 및 실무 역량 강화) - 전문 워크숍 및 스킬업 🛠: Python, R, Tableau 등 최신 데이터 분석 툴의 실무 활용법을 익히고 시각화 역량을 강화합니다. - 실전 공모전 참가 및 팀 프로젝트 📈: 팀 빌딩을 통해 창의적인 프로젝트를 기획하고, 데이터 분석 경진대회(Kaggle, 기계학습 대회 등)에 직접 출전하여 실전 감각을 극대화합니다. - 인사이트 정기 회의 및 결과 발표 🗓: 매주 브레인스토밍과 진행 상황 점검을 거치며, 최종 결과물은 상호 피드백 후 개인 맞춤형 취업 포트폴리오--로 완성합니다. - 전문가 초청 강연 및 네트워킹 🎤: 현업 데이터 분석 전문가를 초빙해 최신 산업 트렌드를 파악하고 실무진의 시야를 배웁니다. - 산학 협력 및 커뮤니케이션 🌱: 기업 실제 데이터를 활용한 비즈니스 문제 해결 프로젝트 및 지역 사회 데이터 분석을 통한 사회적 가치 창출 프로젝트를 병행합니다. 🏆 주요 타겟 공모전 (이전 기수/계획 기준) - Kaggle Competitions: 다양한 주제의 데이터 분석 및 예측 모델링 경진대회 - Deloitte Data Challenge: 실제 기업 데이터를 활용한 비즈니스 인사이트 도출 대회 - KDD Cup: 데이터 마이닝 및 기계학습 관련 문제 해결 국제 대회 💡 이전 기수 후기 및 지원 꿀팁 - ""다양한 전공자들과 협업하며 내가 놓쳤던 비즈니스 관점의 인사이트를 배울 수 있었고, 최종 결과물이 취업 포트폴리오에 큰 무기가 되었습니다!""- - [지원 꿀팁] 완벽한 실력보다는 데이터를 다루고자 하는 '명확한 목적'과 '성실함'을 자기소개서에 어필해 주시면 좋습니다. 입문자라도 열정이 있다면 충분히 함께 성장할 수 있습니다! 📋 모집 개요 및 지원 방법 - 모집 인원: 신규 참여 인원 15명 - 모집 대상: 데이터 분석에 열정이 있고, 매주 정기 회의 및 프로젝트에 성실히 참여할 수 있는 대학생 (전공 무관) - 지원 방법: 이메일 지원 (linglingku23@gmail.com) - 선발 과정: 1차 서류 심사 → 면접/Integration → 최종 합격 지원서 : https://forms.gle/fEFAmkCvk6Z8XFnQ6 홈페이지 : https://shimmer-shoe-fbf.notion.site/DISCOVERY-1453f36fc891801b92b0e9d8b50656b0?pvs=4 💰 참가비/활동비 안내 (투명한 운영) - 활동비: 15,000원 - 사용처 명세: - 정기 회의 및 프로젝트 진행을 위한 스터디룸 대관료 - 데이터 분석 현업 전문가 초빙 강연료 - 공모전 참가 및 실습 서버/클라우드 이용료 지원 (※ 위 사용처는 예시이며, 실제 활동비가 어디에 쓰이는지 구체적으로 명시해야 링커리어 규정을 통과합니다. 결산 내역은 기수 종료 후 투명하게 공개됩니다.)"
311644,새마을금고,[새마을금고] 정규직 신입 (금융일반) 채용,NEW,"일반직 6급 | 채권/보험/보상/심사 | 전문/특수직 | 증권/투자/펀드/외환 | 경영분석/컨설턴트 | 대출심사 | 대출상담 | 손해사정 | 보험심사 | 증권 | 애널리스트 | 기업분석/심사 | 펀드매니저 | 컨설턴트 | 경영컨설팅 | 부동산컨설팅 | 금융컨설팅 | 창업컨설팅 | 설문/통계/리서치 | 헤드헌팅/노무/직업상담 | 외국어/번역/통역 | 법률/특허/상표 | 세무/회계/CPA | 도서관사서 | 사회복지/요양보호/자원봉사 | 1. 새마을금고에 지원한 이유와 새마을금고가 지원자를 채용해야 하는 이유를 본인의 역량과 강점, 그동안의 노력 등의 관점 중에서 작성해 주십시오. | 2. 새마을금고 인재상 중 본인이 해당하는 것을 고르고 그 이유를 작성해 주십시오. | 3. 높은 목표를 설정하여 성공 또는 실패한 경험과 그 교훈을 작성해 주십시오. | [새마을금고] 정규직 신입 (금융일반) 채용",,,"[새마을금고] 정규직 신입 (금융일반) 채용 [세부 내용] - 담당업무 : 수신 · 여신 · 공제 등 금융 업무 전반 - 연령, 성별, 학력 제한 없음 - 임용 즉시 근무가 가능한 자 - 새마을금고 인사규정에 따른 임용 결격사유가 없는 자 - 병역필 또는 면제자 (남성에 한함) [채용 절차] - 지원서 접수 > 서류전형 > 필기전형 > 면접전형 > 합격자 발표 [접수기간] - 2026-03-30 (월요일) 10:00 ~ 2026-04-08 (수요일) 17:00 마감"
311643,SPECTER,공모전 동아리 SPECTER 팀원  모집 중,,,,,"[SPECTER(스펙터)] 전국 대학생 연합 실무·공모전 기획 프로젝트 동아리 신입 모집 “미치지 않으면, 미치지 못한다! 수상과 실무 스펙에 미친 사람들의 연합” 단순히 모여서 공모전 아이디어만 내다 끝나는 스터디가 아닙니다. [SPECTER(스펙터)]는 전국의 대학생들이 모여 기획, 마케팅, 디자인, 영상 등 각자의 전공과 재능을 살려 실제 기업 및 기관의 공모전과 프로젝트를 수행하는 ‘글로벌 크리에이티브 네트워크’입니다. 공모전 경험이 없어도 걱정하지 마세요. 현직자 멘토단의 피드백과 체계적인 온보딩 교육을 통해, ‘스펙’을 채우는 것을 넘어 실무형 인재로 ‘성장’하는 과정을 약속합니다. 기획서부터 PT, 결과물까지 당신만의 완성형 포트폴리오를 만들어가세요! 🎯 스펙터만의 강력한 활동 혜택 (Spec-Up!) 🥇 우수 활동자 혜택: 활동 실적에 따른 활동비 차등 지급 및 우수 활동자 인턴십/협력사 추천 기회 부여 📝 완성형 포트폴리오 구축: 기획-실행-결과 도출까지, 현직자 멘토단의 실무 피드백을 통한 고퀄리티 프로젝트 결과물 생성 🤝 전국 단위 네트워킹: 플랫폼을 통한 지역별 네트워크 교류 및 전국 단위의 공모전 협업 프로젝트 진행 🎓 실무형 온보딩 교육: 기획서 작성법, 마케팅 트렌드 분석, PPT 구성 및 피칭 스킬 등 기본기 밀착 교육 제공 📜 공식 인증: 활동 인증서 발급 및 포트폴리오 제작 적극 지원 📌 주요 실무 및 프로젝트 활동 - 실전 공모전 출전: 전국 단위 팀 빌딩을 통한 주요 타겟 공모전(상/하반기 시즌별) 기획 및 출전 - 마케팅 콘텐츠 실무: 공식 플랫폼(스펙토리) 연계 콘텐츠 기획, 디자인, 촬영, 카피라이팅 및 마케팅 실습 (에브리타임, 인스타그램 홍보 등) - 오프라인 행사 기획/지원: 공모전 관련 전시회, 시상식 등 오프라인 행사 지원 및 운영 실무 경험 - 네트워킹 & 멘토링: 스펙터 네트워크 내 팀 간 피드백 세션 및 현직자 멘토링 진행 👥 이런 분들을 기다립니다! (모집 대상) - 전국의 모든 대학생 (재학생, 휴학생 모두 환영) - 공모전 출전 경험을 쌓고 마케팅/홍보/기획 직무 포트폴리오를 만들고 싶은 분 - 팀워크를 중요시하며, 스스로 아이디어를 내고 실행하는 데 열정이 있는 분 - [우대 사항] 공모전 수상/참여 경험자, SNS 채널(블로그, 인스타 등) 운영 및 활동이 활발한 분 🗓 모집 및 운영 개요 - 모집 기간: 상시 모집 (지원서 검토 후 개별 인터뷰 진행) - 활동 기간: 연 단위 1년 활동 (활동 우수자의 경우 다음 기수로 자동 연장 가능) - 참여 방식: 팀별 자율 프로젝트 운영 (단, 활동 참여율 저조 시 자격 박탈 가능) 💸 참가비/활동비 투명화 안내 - 가입비/참가비: 없음 (오히려 활동 실적에 따라 활동비를 지원해 드립니다!) - 비용 정산: 공모전 준비를 위한 오프라인 회의 대관료나 친목 도모 회식 등 팀별 활동 시 발생하는 비용만 참여자에 한해 실비(1/N)로 투명하게 정산됩니다. 💡 합격을 위한 지원 꿀팁! ""화려한 수상 경력이 없어도 괜찮습니다. SPECTER는 여러분의 '성장 가능성'과 '실행력'을 가장 중요하게 봅니다. 실패를 두려워하지 않고 팀원들과 협력해 끝까지 프로젝트를 완주할 수 있는 본인만의 끈기와 열정을 지원서에 진솔하게 녹여주세요!"" 📩 지원하기 지원 링크: https://forms.gle/WCyAx6o9XKT8JYV76"
311642,데이트립코리아,[데이트립코리아] 콘텐츠 에디터 및 마케터 채용,"NEW, EXPERIENCED",,,,"[데이트립코리아] 콘텐츠 에디터 및 마케터 채용 [모집 직무] 콘텐츠 에디터 및 마케터 [자격 요건] • 콘텐츠 마케팅 및 에디팅 관련 경력 또는 이에 준하는 실무 역량을 보유하신 분 • 브랜드 SNS/디지털 채널 운영하며 실질적인 성과를 만들어 본 분 • Figma, Adobe 등 그래픽 툴을 원활하게 다를 수 있는 분 • 높은 감도로 브랜드 톤앤매너에 맟는 사진 및 영상 촬영이 가능한 분 • 콘텐츠 기획 → 제작 → 발행 → 성과 분석까지 전 과정을 주도적으로 수행해 본 분 • 트렌드에 민감하며 데이터를 기반으로 성과 개선 가설을 세우고 실행할 수 있는 분 • 피드백을 빠르게 반영하며, 협업 과정에서 원활한 커뮤니케이션이 가능한 분 [우대 사항] • 인스타그램 매거진 형태 채널 운영 경험이 있으신 분 • 인스타그램 중심의 오가닉 콘텐츠 성장 경험이 있는 분 • 콘텐츠 성과 리포트 작성 및 인사이트 도출 경험이 있는 분 • AI를 실무에 도입해 업무 생산성을 높여본 경험이 있는 분 [모집 일정] 2026. 3. 28 - 2026. 4. 2"
311641,코토바,대학 한일 교류단체 코토바 모집,,,,,"[코토바(KOTOBA)] 대학생 한일 교류 연합 프로젝트 동아리 2기 모집 [コトバ(KOTOBA)] 大学生韓日交流連合プロジェクト団体 第2期生募集 ""단순한 친목? NO! 외국인 유학생과 함께 실전 글로벌 프로젝트를 기획하다!"" ""単なる親睦？ NO！外国人留学生と共に実践的なグローバルプロジェクトを企画する！"" 한국과 일본의 대학생들이 모여 단순한 친목을 넘어, 기획과 실무를 경험하는 실전 한일 교류 프로젝트 동아리 '코토바(KOTOBA)'에서 2기 신입 부원을 모집합니다! 韓国と日本の大学生が集まり、単なる親睦を超えて企画や実務を経験する実践的な韓日交流プロジェクト団体「コトバ(KOTOBA)」で第2期新入部員を募集します！ 코토바는 한국에 거주하는 외국인 유학생들이 진정으로 한국을 즐기고 적응할 수 있도록 돕는 다양한 프로젝트를 기획합니다. 언어 교환, 한국 여행 기획, 재능 기부 등 코토바만의 독특한 시스템을 통해 글로벌 커뮤니케이션 역량과 문화 기획력을 동시에 스펙으로 쌓을 수 있습니다. コトバは、韓国に住む外国人留学生が心から韓国を楽しみ、適応できるよう支援する多様なプロジェクトを企画しています。言語交換、韓国旅行の企画、才能寄付など、コトバならではのユニークなシステムを通じて、グローバルコミュニケーション能力と文化企画力を同時にキャリアとして築くことができます。 책임감을 가지고 팀원들과 함께 실질적인 결과물을 만들어갈 열정 있는 분들을 기다립니다. 責任感を持って、チームメンバーと共に実質的な成果を作り上げる情熱ある方をお待ちしています。 🌸 주요 활동 내용 및 혜택 (主な活動内容とメリット) 실전 프로젝트 기획 및 운영 (포트폴리오 활용 가능) 한국 유학 생활 적응을 위한 가이드 프로젝트, 문화 교류 행사 등 직접 기획 및 실행 実践プロジェクトの企画・運営（ポートフォリオとして活用可能） 韓国留学生活への適応支援ガイドプロジェクト、文化交流イベントなどの直接企画および実行 팀별 챌린지 및 한국 문화 알리기 캠페인 팀원들과 협업하여 문제를 해결하고, 글로벌 시각에서 한국 문화를 홍보하는 실무 경험 チーム別チャレンジおよび韓国文化広報キャンペーン チームメンバーと協働して課題を解決し、グローバルな視点から韓国文化を広報する実務経験 🌸 모집 개요 (募集概要) - 모집 기간 (募集期間): 상시 모집 중 (随時募集) - 모집 인원 (募集人数): 13명 (13名) - 지원 방법 (応募方法): 하단 구글폼 작성 후 제출 (합격자 개별 연락) Googleフォームを記入・提出（審査の上、合格者のみ個別連絡） 지원서 링크 (応募リンク): https://forms.gle/qRooqtEjeSAapfQo6 🌸 우대 사항 : 실무 스펙업 기회! (優遇事項：実務スキルアップのチャンス！) 가진 재능을 실제 동아리 홍보 및 콘텐츠 제작 실무에 바로 적용해 볼 수 있습니다. お持ちの才能を、実際の団体の広報やコンテンツ制作の実務にすぐ活かすことができます。 콘텐츠 기획/제작 가능자 (디자인, 카드뉴스, 영상 편집, 사진 촬영) コンテンツ企画・制作が可能な方（デザイン、カードニュース、動画編集、写真撮影） SNS 채널 홍보 및 마케팅 경험자 SNSチャンネル広報およびマーケティングの経験者 💸 참가비/활동비 투명화 안내 (参加費・活動費の透明化に関するご案内) 가입비 및 고정 활동비: 없음 加入費および固定活動費: なし 비용 정산: 회의 장소 대관, 오프라인 교류 행사 식비 및 굿즈 제작 등 프로젝트 진행 시 발생하는 비용은 참여자에 한해 실비(1/N)로 투명하게 정산됩니다. 費用精算: 会議場所の貸し切り、オフライン交流イベントの食費、グッズ制作など、プロジェクト進行時に発生する費用は、参加者に限り実費（1/N）で透明性を持って精算されます。 🌸 기타 유의사항 (その他の注意事項) 본 동아리는 순수 한일 교류 및 기획 프로젝트를 목적으로 합니다. 특정 기관, 정치, 종교, 시민단체 관련 목적의 가입이 발각될 시 즉시 개별 통보 후 제명 처리됩니다. 本団体は純粋な韓日交流および企画プロジェクトを目的としています。特定の機関、政治、宗教、市民団体に関連する目的での加入が発覚した場合は、個別通知の上、即時除名処理となります。"
311640,피에프씨테크놀로지스,Product Design Lead(프로덕트 디자인 리드),EXPERIENCED,,,,"PFC ​Technologies ""EXTRAORDINARY ​FINANCE ​FOR THE ​ORDINARY"" 보통 사람을 위한 ​보통이 ​아닌 금융 ﻿PFCT는 ​한국은 물론, 진출한 ​모든 시장에서 ​불가능하다고 ​여겨졌던 이정표들을 ​달성하고 ​있는 ​독보적인 금융 기술(Lending ​Tech) ​전문성으로 아시아 금융 ​환경을 ​재편하고 ​있어요. • 대한민국 최고의 ​온투금융사 • B2B AI ​솔루션 ​서비스로 9 ​개국에서 사업을 ​영위하고 ​있는 극소수의 AI ​금융 기술 ​회사 • 대형 테크회사보다 높은 공헌 이익률 약 80%, 분기 손익분기점을 달성하며 빠르게 성장 중인 스타트업 창의적인 사업 전략과 혁신적인 기술력으로 '보통 사람을 위한 보통이 아닌 금융'을 구현할, 한국을 넘어 아시아 전역에서 활약하는 사업 활동에 가슴 뛰는 최고의 인재를 기다리고 있어요. 지금, PFCT와 함께해요! Product Design Team은, 디자인팀은 문제의 본질에 집중해 사용자 경험을 설계하고, 일관성과 완성도를 함께 만들어가는 팀이에요. PFCT 투자- 대출 금융 플랫폼인 ‘크플’ 전반의 사용자 경험을 설계하고 개선해요. • 고객이 복잡한 금융 결정을 더 쉽고 명확하게 할 수 있도록 문제를 정의하고 해결해요. • 기획 초기 단계부터 문제 정의, 가설 설정, 설계, 검증, 개선까지 프로덕트 전 과정에 깊이 관여하며 일해요. • PM, 개발자, 데이터, 마케팅 등 다양한 직군과 긴밀하게 협업하며 역할보다 문제 해결을 중심으로 소통해요. • 단순히 화면을 만드는 것보다, 왜 이 경험이 필요한지 설명할 수 있는 디자인을 중요하게 생각해요. • 피드백을 결과물의 완성도를 높이기 위한 과정으로 여기며, 직급이나 역할에 관계없이 자유롭게 의견을 나눠요. • 디자인 시스템을 기반으로 일관된 경험을 설계하고, 필요하다면 개선과 고도화에도 적극적으로 참여해요. 관련 링크 • 기술과 사람, 그 사이 ‘우리다움’을 찾다 • 현장 실습 인터뷰 : “PFCT는 정말 다니기 좋은 회사일까?” Product Design Lead는, 🚀 합류하면 이런 일을 해요 • 돈을 벌고, 모으고, 아낄 수 있는 활동을 망라한 투자-대출 관리 플랫폼 ‘크플’의 디자인 팀을 총괄하며 방향성을 결정하고 플랫폼의 퀄리티를 향상시켜요. • 문제 정의와 해결책 도출을 통해 온투업 1위 플랫폼 '크플’ App/Web UX 의 고객 경험을 설계해요. • App/Web UX를 기획하고 프로토타이핑하며 최종 UI/GUI 디자인을 산출해요. • 데이터를 기반으로 제품의 문제를 발견하고, 수집하고, 개선해요. 🎯 이런 분을 찾고 있어요 • 7년 이상의 UX/UI 경력과 2년 이상의 팀 매니징 경력이 있는 분 • 고객 경험 극대화를 위해 고객과의 직접적인 소통을 통해 적극적으로 니즈를 파악하고 분석, 검증하며 고객 경험을 디자인하는 분 • 문제해결을 위한 UX 기획 및 설계부터 구조화된 UI 디자인까지 가능한 분 • 디자인을 위한 툴(Figma, Sketch, Zeplin, Adobe tools 등) 사용이 능숙한 분 • 프로토타이핑 툴(Figma, Protopie 등) 사용이 가능한 분 • 팀과의 협업 및 원활한 커뮤니케이션이 가능한 분 • Android, iOS, Web 실무 환경에 대한 이해가 있는 분 ✨ 이런 경험을 가진 분이면 더 좋아요 • 최신 기술 동향 및 디자인 트렌드에 대하여 지속적으로 리서치하고 공부하는 분 • 디자이너가 성장할 수 있는 팀 환경을 제안하고 만드실 수 있는 분 • 금융과 IT 산업에 대한 관심이 있는 분 • BX 디자인에 대한 경험이 있는 분 합류 여정에 대해 알려드려요 채용 프로세스 • 서류 전형 → 1차 인터뷰(Job-Fit) → 2차 인터뷰(Culture Fit) → 3차 인터뷰(Final) → 처우 협의 → 최종 합류 지원 서류 • 이력서(필수/자유 양식) • 포트폴리오( 필수 ) • 제출 형식: PDF 파일 권장 안내 사항 • 내부 사정에 따라 채용 일정 또는 절차가 변경될 수 있으며, 변경 시 별도 안내 드릴 예정입니다. • 제출 서류에 허위 사실이 있거나 결격 사유가 확인될 경우, 합격 또는 입사가 취소될 수 있습니다. • Lead 포지션은 처우 협의 단계에서 평판 조회 전형이 함께 진행됩니다. 채용 문의 • recruit@pfct.co.kr PFCT에 대해 더 자세히 알고 싶다면, 아래 링크를 방문해보세요! 📍 PFCT 홈페이지 📍 PFCT 공식 블로그 '피플로그' ﻿﻿ 📍 PFCT 링크드인"
311639,동대문구청,2026년 상반기 동대문구 청년 행정인턴 지원사업 참여자 추가모집,INTERN,,,,"동대문구에서는 청년들에게 소중한 직무경험 및 사회진출에 필요한 경력을 제공하고자 본 사업에 참여를 희망하는 청년을 아래와 같이 추가 모집합니다. ■ 사업개요 ○ 사 업 명 : 2026년도 상반기 청년 행정인턴 지원사업 추가모집 ○ 사업기간 : 2026. 4. 13. ~ 2026. 7. 31. [약 4개월] ○ 사업내용 : 행정기관에서의 일경험 기회제공, 사회진출에 필요한 경력 지원 ■ 모집개요 ○ 신청기간 : 2026. 3. 31. (화) ~ 2026. 4. 6. (월) 18:00까지 ○ 선발인원 : 1명 ○ 자격요건(모집공고일 기준, 2026. 3. 31.) : 공고문 참조 ○ 근무장소 : 동대문구가족센터 제2센터 ○ 업무내용 : 공고문 참조 ○ 근로조건 : 주 5일 / 일 8시간 근무 ○ 임금조건 : 월 253만원 내외(공제금액 포함) ○ 제출서류 : 공고문 참조 ○ 신청방법 : ① 동대문구청 청년정책고용과(동대문구청 6층)로 구비서류 직접 제출 ② 담당자 이메일(ryanmessi@ddm.go.kr)제출 ③ 등기우편 제출 中 택1 ■ 문 의 처 : 동대문구청 청년정책고용과(☎ 02-2127-4922) ​※ 보다 자세한 내용은 공고문과 첨부파일을 반드시 참고바랍니다. ​ ※ 신청서식은 동대문구청 홈페이지에서 다운로드 가능합니다."
311638,주식회사 화해글로벌,글로벌 뷰티 B2B 사업 운영 지원 (Contract),CONTRACT,,,,"글로벌 뷰티 B2B 사업 운영 지원 (Contract) 접수 기간 2026-03-30 ~ 채용 시 마감 모집부문 및 상세내용 모집 부문 상세내용 글로벌 뷰티 B2B 사업 운영 지원 (Contract) (1명) [담당업무] ① 온보딩 브랜드사 관리 • 화해글로벌 B2B 사업팀에 온보딩된 브랜드사 현황 관리 및 정보 최신화 • 브랜드사와의 커뮤니케이션 이력 정리 및 자료 아카이빙 • 브랜드사 제출 서류 및 계약 관련 문서 관리 ② 신규 브랜드 소싱 서포트 • 화해 플랫폼 소비자 데이터(리뷰·검색·위시리스트)를 기반으로 신규 소싱 후보 브랜드 리서치 • 브랜드 기초 정보(제품 라인업, 채널 현황, 수출 여부 등) 수집 및 정리 • 브랜드 마스터 데이터베이스 입력 및 업데이트 관리 ③ 자료 취합 및 데이터베이스 관리 • 팀 내 운영 자료(브랜드 DB, 바이어 DB, 상품 DB 등) 정기 업데이트 • 내부 보고용 자료 취합 및 정리 지원 ④ 신규 바이어 등록 관리 • 바이어 온보딩 서류 수합 및 등록 정보 정리 • 바이어 정보 DB 입력 및 현황 관리 ⑤ 바이어 리서치 • 동남아, 중동, 유럽 등 타깃 지역 글로벌 바이어·유통사 리서치 • LinkedIn, 전시회, 플랫폼 등 채널별 바이어 정보 수집 및 정리 [필수조건] • 이메일 작성, 자료 해석 수준의 비즈니스 영어 커뮤니케이션이 가능하신 분 • Excel / Google Sheets를 활용해 데이터를 입력하고 정리할 수 있는 분 • K-Beauty 브랜드에 대한 이해를 바탕으로 다양한 브랜드를 경험해보고 싶으신 분 • 정보를 정확하게 수집·정리할 수 있는 꼼꼼함을 갖추신 분 • 글로벌 뷰티, 유통, 혹은 이커머스 분야에 관심 있으신 분 [우대조건] • 뷰티 이커머스 또는 글로벌 유통 분야에서 인턴십을 경험하신 분 • Notion, Airtable, CRM 툴 등을 활용해 데이터를 정리·관리해보신 분 • 해외 거주 또는 유학 경험을 통해 글로벌 문화와 소비자 트렌드를 직접 체감하신 분 • LinkedIn을 활용해 해외 바이어 또는 파트너사와 네트워킹을 시도해보신 분 • 화해 앱을 사용 경험을 바탕으로 K-뷰티 소비자 데이터의 가치를 이해하고 계신 분 [채용형태] - 계약직 12개월 자격요건 학력 학력무관 근무조건 급여 회사 내규에 따름 근무시간 주 5일(월~금) 근무지역 서울 서초구 서초대로 396 강남빌딩 6층 전형 절차 Step 1 서류전형 Step 2 1차 면접 Step 2 최종합격 지원 기간 및 방법 접수기간 2026-03-30 ~ 채용 시 마감 접수방법 홈페이지 지원 문의 이메일 joinus@hwahae.com 유의사항 허위 사실이 발견될 경우 채용이 취소될 수 있습니다."
311637,주식회사 구다이글로벌,[구다이글로벌/조선미녀] 글로벌 인플루언서 마케팅 인턴,INTERN,,,,"팀 소개 구다이글로벌 Social Growth 팀 은 북미, 유럽, 영국 지역에 조선미녀 소셜/인플루언서 마케팅과 틱톡 기반 세일즈를 연결하는 조직입니다. 브랜드 인지도 확대를 목표로 바이럴을 유도하여 매출 성장에 기여하고 인플루언서와의 전략적 협업부터 뷰티 트렌드를 캐치하여, 크리에이티브한 콘텐츠를 통해 조선미녀 브랜드를 홍보 하고 있습니다. 담당 업무 글로벌 인플루언서 시딩 운영 시딩 주제 제안 및 콘텐츠 가이드 기획, 대행사 협업 커뮤니케이션 글로벌 SNS 트렌드 리서치 및 인사이트 도출 콘텐츠 성과 트래킹 및 퍼포먼스 데이터 정리/분석 자격 조건 4년제 대학 기졸업자/졸업 예정자 인턴십 기간 동안 풀타임 근무가 가능하신 분 TikTok, Instagram 등 글로벌 콘텐츠를 즐기는 분 인플루언서 마케팅 및 뷰티 산업에 관심이 있으신 분 영문 비즈니스 커뮤니케이션이 가능하신 분 창조적 사고와 성과 기반 마케팅에 대한 기본적인 이해를 갖추신 분 우대 사항 개인 SNS 채널 운영 또는 크리에이터 활동 경험을 보유하신 분 Native 수준 또는 이에 준하는 영어 커뮤니케이션 역량을 보유하신 분 글로벌 인플루언서 마케팅 또는 시딩 운영 경험을 보유하신 분 중급 이상의 Excel 활용 능력을 갖추신 분 지원 서류 이력서 및 자기소개서 경력기술서 포트폴리오 (선택) 채용 절차 ※서류전형 → 1차면접 → 2차면접 → 처우협의 → 최종합격 각 전형별 합/불 여부는 대상자에 한하여 메일로 안내 드립니다. 채용 프로세스는 평균적으로 4~8주 소요됩니다. 전형별 일정은 지원자와 조정할 수 있으며, 지연될 경우 별도 안내 드립니다. 유의 사항 본 채용공고는 구다이글로벌 산하 브랜드 중 ‘조선미녀’ 에 한합니다. 이후 다양한 브랜드를 경험할 수 있는 기회가 주어질 수 있습니다. 정규직 시용기간 3개월이 존재하며, 시용기간 중 급여 등 복지제도에 차등은 없습니다. 필요 시 사전에 안내된 채용절차 이외의 과제 전형, 면접 전형이 진행될 수 있습니다. 입사지원서 내에 허위사항 발견 시 채용이 취소될 수 있습니다. 복리후생은 회사 상황에 따라 변경될 수 있으며 고용 형태 별로 다르게 적용될 수 있습니다. 지원하신 서류는 인재풀로 활용되며 유사한 포지션 오픈 시 우선으로 검토됩니다. 채용서류 반환 절차는 채용 절차법에 따라 운영되며, 관련문의는 recruit@goodai-global.com 으로 문의해주세요."
311636,에이비엘생명보험,[에이비엘생명보험] 총무지원팀 신입/경력 채용,"NEW, EXPERIENCED","총무지원팀 | 부동산개발/시행 | 부동산/중개/분양/경매 | 건설 | 분양/임대 | 총무 | 사무/총무/법무 | 경영/사무 | 1. 당사 지원 동기에 대해 작성해 주세요. (최소 500자, 최대 800자 입력가능) | 2. 본인만의 차별화된 강점을 기반으로 본인이 지원직무에 적합하다고 생각하는 이유를 작성해 주세요. (최소 500자, 최대 800자 입력가능) | 3. 본인의 경험 또는 경력에 대해 기술하고, 향후 경력 목표를 기재해주세요. (최소 500자, 최대 800자 입력가능) | [에이비엘생명보험] 총무지원팀 신입/경력 채용",,,"[에이비엘생명보험] 총무지원팀 신입/경력 채용 [담당 업무] - 부동산 임대차계약(PM)실무 (신규, 재계약, 해지 등) - 건물위탁관리업무(FM): 사옥관리 전반, 보안, 소방, 안전관련 업무 - 부동산 데이터 분석 및 관리(마감업무 포함) - 부동산 취득 및 처분(CBA, Cap Rate, IM등) 지원 업무 - 부동산 비용 처리: 임대차관리비, 수도광열비 등 [필수 사항] - 해외여행 결격 사유가 없는 자 - 4년제 정규대학 이상 졸업 [우대 사항] - 부동산, 경영/경제, 통계/수리계열 전공자 우대 - 공인중개사 등 부동산 관련 자격증 소지자 우대 - 관련 업무 및 금융회사 근무 경험자 우대 - 영어 활용 가능자 우대 - 국가보훈 및 취업보호대상자는 관련법 의거 우대"
311635,경상북도개발공사,2026년 제3회 GBDC 사회공헌사업 공모전,,,,실제상용화,"● 공 모 명 : 2026 년 제3회 GBDC 사회공헌사업 공모전 ● 공모기간 : 2026. 3. 30.( 월 ) ~ 4. 17.( 금 ) [19일 간 ] ● 참가자격 : 기부금 영수증 발급이 가능한 사회복지기관 ( 시설 · 단체 )· 지자체 ● 사업 대상지 : 경상북도 내 ● 공모주제 : 환경보호, 미래세대 육성, 사회적 책임, 고용지원, 사회복지, 디지털, 기타 ※ 상세내역은 붙임파일 공고문 확인 ● 사업지원금 및 선정 : 총 사업비 1,000 만원 이내 및 최대 2 건 선정 ● 접수방법 : 전자메일 접수 ( ehdgml3370@gbdc.co.kr ) ● 문의처 : 기획조정실 ESG 경영팀 ( ☎ 054-650-3057, 3056 / e-mail : ehdgml3370@gbdc.co.kr)"
311634,과학기술정보통신부,2026년 인공지능 루키 대회,,,,상장 수여,"2026년 인공지능 루키 대회 ■ 참가대상 - 전공무관 대학생 누구나(만 34세 이하 학사학위 미소지자) ※ 소속 대학이 서로 다른 학생들로 자유롭게 팀 구성 가능 ※ 단, 참가팀 팀장은 대한민국 국적을 가진 자에 한함 ※ 참가자는 팀장(팀 대표) 또는 팀원 자격 구분 없이 최대 3개 팀까지 중복 참여 가능 ■ 운영 방식 - 자유주제로 참가팀이 스스로 해결하고자 하는 문제를 정의하고, 이를 해결할 AI 서비스·시스템을 구현하며 단계별 심사를 통해 경쟁 ■ 세부트랙 ❶일반 트랙 - AI 활용 기술에 제한이 없는 트랙 ❷국내 AI 트랙 - 본 대회 연계 기업*의 AI 모델을 활용하는 트랙 * 연계 기업: KT, LG AI연구원, NC AI, SKT, 업스테이지 ■ 공모전 상금규모 - 총 3.5억원(제세공과금 포함) * 1위(일반트랙 1팀, 국내AI트랙 1팀) : 각 5,000만원 * 2위(일반트랙 1팀, 국내AI트랙 1팀) : 각 4,000만원 * 3위(일반트랙 1팀, 국내AI트랙 1팀) : 각 3,000만원 * 4위(일반트랙 1팀, 국내AI트랙 1팀) : 각 2,000만원 * 5위(일반트랙 1팀, 국내AI트랙 1팀) : 각 1,000만원 * 6~10위(일반트랙 각 1팀, 국내AI트랙 각 1팀) : 각 500만원 ■ 참가신청 마감 : 5.8.(금) ■ 문의 - ai.rookie.info@gmail.com"
311633,젠지이스포츠글로벌아카데미,[젠지이스포츠글로벌아카데미] (신입) 아카데미팀 어드민파트 인턴 / Academy Team Admin Part Intern,INTERN,"아카데미팀 어드민파트 | 학원관리/운영/상담 | 교육 | 교육상담/안내 | 수강생관리 | 학원운영 | 선택) 게임 경험이 있으신 경우, 게임 이력을 설명 내용에 근거하여 작성해주세요. (작성 양식) 게임명, 플랫폼(모바일/PC/콘솔), 플레이타임(시간), 레벨/랭크, 기타 특이사항 (예시) 리그오브레전드, PC, 100시간, 다이아2, 아마추어 대회 참가 경험 | [젠지이스포츠글로벌아카데미] (신입) 아카데미팀 어드민파트 인턴 / Academy Team Admin Part Intern",,,"[젠지이스포츠글로벌아카데미] (신입) 아카데미팀 어드민파트 인턴 / Academy Team Admin Part Intern [담당 업무] - 잠재 고객 문의 응대 (전화, 메신저, 방문 등) - 신규 고객 니즈 파악 및 맞춤형 프로그램 컨설팅 제공 - 학생 및 학부모 상담 (방문, 전화, 온라인 포함) - 각종 주요 지표 모니터링, VoC(고객의 소리) 수집·분석 후 개선안 반영 [자격요건] - 뛰어난 커뮤니케이션 능력과 고객 중심의 서비스 마인드를 갖추신 분 - 빠르게 변화하는 업무 및 환경에 대한 높은 적응력을 가지신 분 - 구글 워크스페이스(Docs, Slides, Sheets) 또는 MS Office 활용 능력(중급 이상)을 보유하신 분 - 다양한 부서와 원활히 협업할 수 있는 팀워크와 조율 능력을 갖추신 분 - 이스포츠 및 게임 교육 분야에 대한 이해도 또는 학습 의지가 있으신 분 [우대사항] - 학원 학생 관리 업무 경험이 있으신 분 - 각종 고객 서비스업 경험이 있으신 분 - 데이터 기반 분석을 통한 문제 해결 및 프로세스 개선 능력을 보유하신 분"
311632,(주)엘엑스세미콘,[LX세미콘] HRM 체험형 인턴 모집,INTERN,,,,"[LX세미콘] HRM 체험형 인턴 모집 접수 기간 2026-03-30 ~ 2026-04-05 모집부문 및 상세내용 HR(0명) 채용 형태 - 인턴 8개월 (2026.05.06 ~ 2027.01.05) (단, 종료일자 협의 가능 / 최소 6개월 이상 근무 가능자에 한해 지원) ※ 본 공고는 채용과 연계되지 않는 체험형 인턴 공고입니다. 담당업무 HRM 업무 지원 우대조건 - OA 활용 능력 우수자(엑셀, PPT 등) - 취업지원 대상자(국가보훈) 및 장애인 우대 자격요건 학력 4년제 학사 재학생(전공 무관)으로, 근무기간 중 Full-time 근무 가능자 (기졸업자 지원 불가) 근무조건 급여 월급 220만원 근무시간 주 5일(월~금) 08:30 ~ 17:30 근무지역 서울 강남구 남부순환로355길 12 LX세미콘 양재2캠퍼스 전형 절차 Step1 서류전형 Step2 면접 전형 Step2 최종합격 지원 기간 및 방법 접수기간 2026-03-30 ~ 2026-04-05 접수방법 이메일 지원 (recruiter@lxsemicon.com으로 자유형식 이력서 송부) - 이력서 내 다음항목 필수 기재 : 성명, 이메일 주소, 휴대폰, 학교명, 학과명, 전공명, 학점, 지원동기, 인턴십 종료 희망일자 / 필수 항목 외 자유롭게 추가 가능 복리후생 반차, 연차, 창립일휴무, 수평적 호칭사용, 인재육성 중시, 자유복장, 패밀리데이, 점심식사 제공, 구내식당 운영, 저녁식사 제공, 아침식사 제공 문의 이메일 recruiter@lxsemicon.com 유의사항 허위 사실이 발견될 경우 채용이 취소될 수 있습니다."
311631,신일전자,신일 브랜드 서포터즈 ‘브리’ 모집,,,파워블로거/SNS,활동비 | 수료증 및 인증서,"<신일 브랜드 서포터즈 ‘브리’ 모집> 우리 집 무드, 신일로 완성. 브리와 함께 당신의 공간을 기록해보세요. ● 모집 대상 - SNS를 통해 일상·라이프스타일 콘텐츠를 공유하는 분 - 인테리어와 가전제품에 관심 있는 분 - AI 툴을 활용한 콘텐츠 제작에 관심 있는 분 (우대) ● 모집 인원 - 15명 ● 모집 기간 - 2026.03.30(월) ~ 04.12(일) ● 세부 일정 - 서류 발표 : 04.15(수) - 면접 : 04.17(금) - 최종 발표 : 04.20(월) - 활동 기간 : 04.20(월) ~ 07.19(일) ● 신청 방법 - QR코드 인식 후 지원서 작성 → 지원서 링크 바로가기 ● 활동 특전 - 월 활동비 5만원 지급 - 수료 인증서 발급 - 브랜드 굿즈 제공 - 브랜드 공식 채널 콘텐츠 업로드 기회 제공"
311630,안양청년1번가,"'추억'을 나누는 한 끼 커뮤니티, 냠냠쿡 참여자 모집",,,기타,행사 참여,"냠냠쿡: <냠냠쿡: 안양중앙시장 편> 같이 장 보고, 요리하고, ’추억‘을 나누는 한 끼 커뮤니티 참여자 모집 우리, 같이 시장 구경도 하고 맛있는 '추억'도 요리해봐요! 안양중앙시장의 신선한 재료로 만드는 나만의 한 끼 요리 실력보다 중요한 건 즐겁게 나누고 싶은 마음! 함께 장 보고 도란도란 나누는 식사 시간은 분명 마음까지 든든해지는 경험이 될 거예요! <운영 일정> 1회차 [캠퍼스 미식회]: 4/14(화) 17:00 ~ 19:30 '대학생편' 2회차 [퇴근 후 심야식당]: 4/15(수) 19:00 ~ 21:30 '직장인편' 장소: 안양청년1번가 3층 쿠킹룸 (만안구 장내로 143번길 18) <모집 안내> 대상 : 만 19~39세 청년 *안양시 거주 및 활동 청년 우대 인원 : 회차별 6명 (소규모 운영) 비용 : 무료 *무단 지각 및 불참 시 추후 공간 프로그램 참여 제한 <모집 기간> 3/25(수) ~ 4/8(수) 자정까지 <신청 방법> : 링크 접속: https://miniintern.com/event/3125 <선정자 안내> 4/10(금) 오후 선정자 개별 연락 예정 <문의> 070-4131-5282 (평일 10:00~19:00)"
311629,대구동구중독관리통합지원센터,2026년 음주폐해예방 서포터즈 다오(DAO) 5기 모집,,,휴학 중/시간 투자 가능,수료증 및 인증서 | 봉사활동시간,"2026년 음주폐해예방 서포터즈 다오(DAO) 5기 모집 ● 모집 대상 - 대구 및 경산 지역 내 대학교 재(휴)학생(만 19세~35세 이하) 6명 ● 활동 내용 - 1차활동 : 서포터즈 발대식 및 오리엔테이션(서포터즈 활동 안내) - 2차활동 : 마약류 중독의 올바른 정보제공을 위한 카드뉴스 제작 및 홍보 - 3차활동 : 지역사회 주민 대상 오프라인 중독예방 캠페인 진행 - 4차활동 : 휴가철 음주 없는 여행을 위한 카드뉴스 제작 및 홍보 - 5차활동 : 지역사회 주민 대상 오프라인 중독예방 캠페인 진행 - 6차활동 : 11월 음주폐해예방의 달 기념 중독예방 앞치마 제작 및 배포 - 7차활동 : 서포터즈 활동 평가회 및 수료식 ● 모집 기간 - 2026년 3월 16일(월)~5월14일(목) ● 활동 기간 - 2026년 5월 23일(토) ~ 11월 9일(토) ● 운영 일정 - 세부 내용 첨부파일 참조 ● 진행 장소 - 온/오프라인 ● 활동 혜택 - 서포터즈 활동 봉사활동시간 인정 - 홍보물품 제공 - 다오(DAO) 서포터즈 수료증 수여 - 우수활동 시 우수서포터즈원 선정 및 시상(상장과 소정의 상금 지급) ● 지원 방법 - 활동 지원서 작성 후 대구동구중독관리통합지원센터 메일(sooinone@hanmail.net)로 신청 서류 접수 ● 유의 사항 - 서포터즈 활동의 총 참여가 7회 미만인 자에게는 수료증 발급 불가 - 1, 3, 6, 7차 활동은 대면(오프라인 활동)으로 진행, 해당 시기에 일정 조율이 불가할 경우 지원을 고려하길 바람 - 활동 참여에 적극적이고 성실한 자세가 요구됨 ● 문의 사항 - 대구동구중독관리통합지원센터 다오 서포터즈 담당자(T.053-957-8817)로 전화 문의 또는 메일(sooinone@hanmail.net)로 문의 가능"
311627,경북문화재단 콘텐츠진흥원,2026 경북콘텐츠코리아랩 지원사업 참가자 모집,,,,기타,"「2026 경북콘텐츠코리아랩 지원사업 참가자(기업) 모집」 1. 콘텐츠 융합팩토리 - “창의적인 아이디어를 기반으로 한 시제품 제작 지원” ○ 모집대상 : 콘텐츠 분야의 우수한 아이디어를 가진 창작자(팀) ○ 지원분야 : 총 3개 분야(콘텐츠, 테크(융복합), 크리에이터) ○ 지원규모 : 총 10개 과제 / 과제당 최대 800만원 지원 ○ 협약기간 : 협약체결일 ~ 2026. 11. 30. ○ 지원내용 - 과제 수행을 위한 시제품 제작 지원금 지급(최대 800만원) - 워크숍 및 전문가 멘토링 지원 - 시제품 론칭 준비 및 론칭 지원 2. 콘텐츠 UP 지원사업 - “콘텐츠 지식재산권(IP)의 고도화 및 사업화 지원 ○ 모집대상 : 보유한 우수 콘텐츠 IP를 기반으로 사업화를 희망하는 창작자 또는 경북에 소재한 3년 이내 초기 창업기업 ○ 지원분야 : 총 7개 분야(캐릭터, 스토리, 영상, 웹툰, 음악, 게임, 실감콘텐츠) ○ 지원규모 : 총 8개 과제 / 과제당 최대 2,000만원 지원 ○ 협약기간 : 협약체결일 ~ 2026. 11. 30. ○ 지원내용 - 과제 수행을 위한 콘텐츠 IP 고도화 및 사업화 지원금 지급(최대 2,000만원) - 역량강화·사업화 자문 지원 및 콘텐츠 분석보고서 제공 - 멘토링데이 및 네트워킹, IP 매칭 프로그램 지원 3. 홍보마케팅 지원사업 - “지역 콘텐츠 기업의 국내·외 박람회 참가 지원” ○ 모집대상 : 경상북도에 소재한 창업 3년 이내의 초기 창업기업 ○ 지원분야 : 국내·외 콘텐츠 관련 박람회 참가 ○ 지원규모 : 총 5개 과제 / 과제당 최대 1,000만원 지원 ○ 협약기간 : 협약체결일 ~ 2026. 11. 30. ○ 지원내용 - 과제 수행을 위한 박람회 참가 지원금 지급(최대 1,000만원) - 워크숍 및 전문가 멘토링 지원 - 사업화 및 투자 유치를 목적으로 한 피치덱 제작 지원"
311626,사진 동아리 ‘일상한컷’ 모집,[서울/연합] 당신의 피드를 바꿀 스마트폰 사진 동아리 ‘일상한컷’ 모집,,,,,"[서울/연합] 당신의 피드를 바꿀 스마트폰 사진 동아리 ‘일상한컷’ 모집 📸 ""카메라 기종보다 중요한 건, 당신이 무엇을 바라보느냐입니다."" 남들 다 가는 뻔한 핫플레이스 말고, 골목 구석구석 숨겨진 '진짜 서울'의 무드를 기록하고 싶은 분 계신가요? [일상한컷] 은 단순히 셔터를 누르는 모임이 아닙니다. 스마트폰 하나로 나만의 시각을 정의하고, 기록이 작품이 되는 순간을 공유하는 대학생 사진 크루입니다. 서강대, 중앙대, 홍대 등 다양한 전공의 친구들과 함께 서울의 감성을 수집할 파트너를 찾습니다. 🕶 ‘일상한컷’ 동아리 만의 프로젝트 활동 [Discovery] 서울 테마 출사 : 시티팝 무드, 레트로 감성, 건축물의 미학 등 매주 정해진 테마에 맞춰 서울의 새로운 얼굴을 발견합니다. [Editing] 모바일 툴 워크샵 : 보정 어플의 한계를 넘어서는 라이트룸/어플 활용법을 공유합니다. 보정 하나로 사진의 서사가 달라지는 경험을 해보세요. [Archive] 연말 사진전 : 한 학기 동안 모은 결과물을 모아 소규모 사진 전시를 기획합니다. 내가 찍은 사진이 누군가에게 영감이 되는 경험을 선사합니다. [Networking] 취향의 공유 : 사진 취향이 맞는 친구들과 함께하는 전시 관람 및 감성 투어는 우리 활동의 핵심입니다. 🙋 이런 동아리원을 찾고 있어요! 장비 탓은 그만! 내 스마트폰의 잠재력을 120% 끌어내고 싶은 분 인스타그램 피드를 나만의 감각적인 '포트폴리오'로 채우고 싶은 분 낯선 장소로의 탐험을 즐기고, 새로운 사람과의 소통에 열려 있는 대학생 ""사진은 결과물보다 과정이 즐거워야 한다"" 는 철학에 동의하시는 분 📍 모집 및 일정 가이드 대상 : 사진에 진심인 서울/수도권 대학생 (재학/휴학/수료생 가능) 모집 기간 : 2026. 03. 30 ~ 2026. 04. 27 활동 일정 : 매주 토요일 오후 (서울 전역 출사지) 지원 방법 : 구글 폼 크루 신청하기 💰 운영비(회비) 사용처 안내 회비 : 10,000원 내역 : 링커리어 운영 정책에 따라 회비의 사용처를 투명하게 공개합니다. 전시 대관료 : 학기 말 진행되는 동아리 사진전 장소 대여 비용 굿즈 제작비 : 활동 결과물을 담은 포토북 및 기념 엽서 제작 비용 소품 대여 : 컨셉 출사 시 필요한 공용 촬영 소품(반사판, 조명 등) 구매 상업적 이익을 절대 취하지 않으며, 모든 집행 내역은 투명하게 상시 공개됩니다. 평범한 풍경을 예술로 만드는 당신의 시선을 기다립니다. 지금, **[일상한컷]**의 첫 번째 셔터를 함께 눌러주세요! 💌 문의 채널 인스타그램 공식 계정: @daily__onecut"
311625,서울 독서 연합 동아리 ‘READ & CHILL’,"[서울/연합] 읽고, 쉬고, 기록하는 독서 연합 동아리 ‘READ & CHILL’ 신입 모집",,,,,"[서울/연합] 읽고, 쉬고, 기록하는 독서 동아리 ‘READ & CHILL’ 신입 모집 (독후감 숙제 NO! ☕️) “사놓고 쌓아둔 책, 죄책감 대신 ‘인사이트’로 바꿔가실 분?” 혼자 읽으려니 끝까지 못 읽겠고, 그렇다고 딱딱한 독서 토론은 부담스러우셨나요? [READ & CHILL]은 책을 매개로 힙한 공간을 탐방하고, 나만의 아카이브를 쌓아가는 '하이브리드 독서 커뮤니티'입니다. 텍스트를 넘어 영화, 공간, 사람을 함께 읽으며 주말의 온도를 높여봐요! 📚 [READ & CHILL]만의 3단계 ‘갓생’ 루틴 [Read] 가볍게, 하지만 확실하게 한 달에 한 권, 요즘 핫한 도서를 같이 읽어요. 각자 읽은 책을 3분 동안 자유롭게 소개하는 '인사이트 피칭'으로 지식의 폭을 넓힙니다. [Chill] 공간이 주는 영감 성수, 홍대, 강남 등 서울의 감성적인 북카페와 독립서점을 유랑합니다. 날씨 좋은 날엔 한강공원이나 서울숲에서 '피크닉 독서'를 즐기기도 해요. [Archive] 기록으로 남기는 성장 동아리 전용 노션(Notion) 페이지 에 우리만의 기록을 차곡차곡 쌓습니다. '책스타그램' 챌린지를 통해 나만의 퍼스널 브랜딩을 시작해 보세요! 📍 모집 정보 모집 대상 : 서울 소재 대학생/휴학생 (책과 친해지고 싶은 20대라면 누구나) 모집 인원 : 밀도 있는 대화를 위해 단 8명 만 모십니다. 모집 기간 : ~ 2026. 04. 22(수)까지 첫 모임 : 2026. 04. 27(월) 19:00 (신촌 인근 북카페) 💰 활동비 안내 회비 : 월 10,000원 사용처 : 링커리어 운영 정책을 준수하여 명확한 출처를 밝힙니다. 공간 대여 : 모임 시 필요한 북카페 예약금 및 세미나룸 대관료 리워드 : 독서 퀴즈 및 정기 이벤트 진행 시 소정의 경품/간식비 모든 집행 내역은 매월 말 투명한 보고서 형태로 공유됩니다. (영리 목적 X) 📝 지원 프로세스 지원 방법 : 구글 폼 접수 바로가기 선발 단계 : 서류 심사 → 가벼운 비대면/대면 미팅 → 최종 발표(4/24) 문의 : 카카오톡 오픈채팅방 본 동아리는 대학생 자치 모임으로 특정 정치·종교 단체 및 상업적 이익과 전혀 무관함을 명시합니다."
311624,FnC코오롱(주),코오롱 FnC G/FORE(지포어) 마케팅팀 인턴 공고,INTERN,,,,"코오롱 FnC G/FORE(지포어) 마케팅팀 인턴 공고 접수 기간 2026-03-30 ~ 채용 시 마감 모집부문 및 상세내용 모집 부문 상세내용 코오롱 FnC 지포어 마케팅 인턴 공고 (1명) 담당업무 1) G/FORE 마케팅팀 내 브랜드 운영 및 사무 업무 서포트 2) 공식 SNS 콘텐츠 기획 및 피드 구성 ‣ 한국, 중국, 일본 SNS 채널 통합 운영 보조 3) SNS 콘텐츠 제작 4) 인플루언서 마케팅 실행 및 리스트 관리 5) 대행사 및 외부 파트너와 커뮤니케이션 6) 협찬 제품 발송 관리 (택배·퀵 등) 7) 브랜드 촬영 업무 보조 채용형태 - 인턴 3개월 (최대 6개월까지 연장 가능) 우대조건 1) 브랜드 마케팅 또는 관련 업무 유경험자 2) 디자인 툴(Photoshop, Illustrator 등) 활용 능숙자 3) 릴스 및 SNS용 숏폼 영상 제작 가능자 4) AI 툴(이미지 생성, 콘텐츠 분석 등) 활용 경험자 5) 영어, 중국어, 일본어 등 외국어 활용 가능자 6) 꼼꼼한 업무 처리 능력 및 패션/골프 마케팅에 대한 높은 관심도 ※ 지원 시 참고사항 이력서에 활용 가능한 디자인·영상 툴, 외국어 능력(회화/독해/작성 등 수준 포함)을 반드시 기재해 주세요. 자격요건 학력 대학졸업(4년) 이상(졸업예정자 가능) 근무조건 급여 회사 내규에 따름 근무시간 주 5일(월~금) 09:00 ~ 18:00 근무지역 서울 강남구 삼성로 518 인더스트리빌딩 전형 절차 Step 1 서류전형 *필수) 자기소개서, 이력서 (자유양식, 각 1부) *선택) 포트폴리오 Step 2 1차 면접(실무자) *합격자 개별 통보 Step 3 2차 면접(팀장) *합격자 개별 통보 Step 3 최종합격 지원 기간 및 방법 접수기간 2026-03-30 ~ 채용 시 마감 접수방법 이메일 지원 문의 이메일 hyejin_kim15@kolon.com 유의사항 허위 사실이 발견될 경우 채용이 취소될 수 있습니다. ﻿"
311623,파이썬 자동화 스터디,[코딩] 파이썬 자동화 스터디 1기 모집,,,,,"[코딩] 내 업무의 ‘치트키’가 되는 파이썬 자동화 스터디 1기 모집 ""똑같이 일하는데, 왜 저 사람은 항상 여유로울까? 그 비밀은 ‘파이썬’에 있습니다."" 단순히 코딩 문법을 암기하는 공부는 이제 그만! 저희는 엑셀 노가다, 무한 복사 붙여넣기에서 벗어나 **'나를 위해 일하는 비서'**를 직접 만들어보는 생산성 극대화 모임입니다. 비전공자 운영진이 직접 겪은 시행착오를 바탕으로, 딱 필요한 핵심만 골라 담았습니다. 🛠 이런 '노가다'에 지친 분들을 소환합니다! 수백 개의 데이터를 일일이 복사해서 엑셀에 옮기고 있는 분 매일 아침 특정 사이트에 들어가 정보를 수집하는 게 일과인 분 코딩은 배우고 싶은데, Hello World만 치다가 끝날까 봐 걱정되는 분 내 스펙에 '데이터 활용 능력' 한 줄을 제대로 추가하고 싶은 분 🚀 우리 스터디의 3가지 '필살기' 생존형 코딩 : 이론은 최소화, 당장 내일 써먹을 수 있는 실전 로직부터 배웁니다. 무한 질의응답 : 디스코드 채널을 통해 막히는 부분은 실시간으로 뚫어드립니다. 결과물 중심 : 10주 후, 내 이름으로 된 자동화 프로그램 하나는 반드시 가져갑니다. 📅 10주간의 치트키 제작기 [STEP 1] 기초 세팅 : 파이썬과 친해지기 & 기본 문법 마스터 [STEP 2] 데이터 핸들링 : 엑셀/CSV 데이터를 내 마음대로 주무르기 [STEP 3] 자동화 실전 : 웹 스크래핑으로 나만의 정보 수집기 만들기 [STEP 4] 파이널 런 : 배운 내용을 응용해 나만의 '업무 자동화 치트키' 완성 📍 활동 상세 일정 : 2026. 05. 04(월) 첫 모임 / 매주 1회 90분 집중 진행 장소 : 신촌/홍대 인근 스터디룸 (강의실 대여 상황에 따라 유동적 선정) 방식 : 오프라인 대면 스터디 (시험 기간 등 상황에 따라 온라인 병행 가능) 준비물 : 개인 노트북 💻 💰 비용 및 회비 회비 없음. 비용 발생 : 모임 시 발생하는 스터디룸 대관료 및 인쇄비 만 각자 1/N로 지불합니다. 본 모임은 영리 목적의 클래스가 아니며, 운영진은 교육을 통한 어떠한 수익도 창출하지 않습니다. 모든 비용은 순수하게 모임 장소 대여에만 사용됩니다. 📝 지원 및 일정 모집 기간 : 2026. 03. 30(월) ~ 04. 29(수) 모집 인원 : 밀도 높은 피드백을 위해 단 4명 만 모집합니다. 합격 발표 : 2026. 04. 30(목) (개별 연락 예정) 지원 링크 : 구글 폼 바로가기 문의 : 오픈카톡 상담방 본 스터디는 특정 정치, 종교 단체와 무관한 순수 자기계발 커뮤니티입니다."
311619,초량이음자율상권조합,초량이음 SNS 서포터즈 1기 대모집! _ 초량의 매력을 세계로 잇는 디지털 주인공을 찾습니다!,,,파워블로거/SNS | 사진/영상/디자인 툴 | 취재/인터뷰/기사 경험 | 콘텐츠 기획/제작 경험,활동비 | 수료증 및 인증서,"초량이음자율상권 SNS 서포터즈 1기 대모집! 초량의 역사와 맛, 문화를 잇는 디지털 크리에이터를 찾습니다! 부산 동구 초량동 일대의 매력을 널리 알리고, 지역 상권에 활력을 불어넣을 '초량이음 SNS 서포터즈' 1기에 도전하세요! 모집 개요 모집 기간 : 2026년 4월 19일(일)까지 모집 인원 : 10명 내외 (유형별 조정 가능) 활동 기간 : 2026년 4월 ~ 2027년 12월 (21개월) 지원 자격 SNS 활동을 즐기는 만 18세 이상 누구나 (거주지 무관) 인스타그램, 유튜브, 블로그 등 개인 채널 보유자 우대사항 : 외국어 가능자(영·일·중), 영상 편집 가능자, 초량 지역 애정 보유자 주요 활동 취재 활동 : 초량 맛집, 전통시장, 차이나타운, 이바구길 등 현장 취재 콘텐츠 제작 : 블로그 포스팅, 인스타그램 릴스/카드뉴스, 유튜브 쇼츠 등 글로벌 홍보 : 외국어 번역 콘텐츠 제작 및 확산 (해당자) 활동 혜택 (특전) 활동비 지원 : 채택 원고료 및 우수 콘텐츠 인센티브 지급 역량 강화 : SNS 콘텐츠 제작 전문 교육 제공 무료 체험 : 연 1회 이상 정기 팸투어 참가 지원 (활동비/식비 포함) 공식 인정 : 위촉장 수여, 활동 증명서 발급 및 우수 활동자 연말 포상 특별 혜택 : 초량이음 가맹 업소 할인 혜택 검토 및 행사 우선 초청 신청 방법 접수 방법 : 초량이음자율상권조합 홈페이지 및 공식 SNS 내 온라인 신청서 제출 선발 절차 : 신청서 접수 → 서류 심사 → 최종 선발 및 개별 통보 ""사람과 상권, 지역과 세계를 연결하는 디지털 플랫폼 구축에 여러분이 주인공이 되어주세요!"" 문의 : 초량이음자율상권조합 사무국 051-469-9905 대학생 대외활동 공모전 채용 사이트 링커리어 https://linkareer.com/"
311618,한국개발연구원,[글로벌지식협력단지] 국제협력 실무체험 프로그램 GKEDers 3기 모집 (~4/12 마감),,,외국어 | 타 대외활동 경험,행사 참여 | 수료증 및 인증서,"글로벌지식협력단지(GKEDC) 는 재정경제부가 설립하고 KDI가 운영하는 글로벌지식교류플랫폼 으로, 전시, 연수, 세미나 등 다양한 국제협력 프로그램을 통해 한국의 경제·사회 발전 경험 및 주요 글로벌 어젠다에 대한 지식을 국제사회와 공유하고 있습니다. 현재 GKEDC에서는 대학(원)생들에게 국제협력 실무 경험을 제공하는 GKEDers 3기 를 모집 중입니다. 국제협력 분야에 관심 있는 학생들에게 실질적인 역량 개발과 네트워크 형성의 좋은 기회가 될 수 있으니, 많은 관심과 적극적인 지원을 부탁드립니다. 자세한 내용은 아래 내용 및 GKEDC 홈페이지를 참고해주시기 바랍니다. (https://www.gkedc.go.kr/) 가. 모집개요 □ 모집대상: 국제협력 분야에 관심있는 국내 대학(원)생 및 주한 유학생 □ 선발인원: 10인 내외 □ 모집일정: - (서류접수) 2026. 3. 25.(수) ~ 4. 12.(일) - (서류합격 발표) 2026. 4. 13.(월) - (면접) 2026. 4. 15.(수) - (최종합격 발표) 2026. 4. 17.(금) - (오리엔테이션) 2026. 4. 30.(목) 15:00~ 나. 활동내용 □ 활동기간: 2026년 5월~2027년 2월 □ 주요활동: GKEDC 주최 및 주관 국제협력 사업 참여 및 실무체험 다. 신청방법: GKEDC 홈페이지(www.gkedc.go.kr)에서 지원서 다운로드 후 이메일 접수(sbkim55@kdi.re.kr) 라. 문의처: 한국개발연구원 글로벌지식협력단지운영단 국제협력1팀 (02-6312-4036)"
311617,계명대학교 대학일자리플러스센터,Re Start 30일,,,,,"■ 공모 주제 Re Start 30일 ■ 공모 내용 미취업청년 자신감 회복 및 취업준비계획수립 프로그램 ■ 지원 자격 졸업생 및 미취업 청년 ■ 모집 기간 ~4/19(일), 선착순 모집 마감 ■ 지원 방법 아래 구글폼 제출 구글폼(https://forms.gle/3xwhT3GYf7zR8fyd8​)에서 신청 ■ 활동 내용 -취업 준비과정에서 느끼는 불안 이해 및 상태 점검 -자기 강점 탐색 및 취업 준비 동기 회복(검사 활용 및 해석 포함) -번아웃 및 스트레스 관리 방법 -취업 준비 목표 설정 및 개인별 실행계획 수립 ■ 문의 사항 계명대학교 일자리첫걸음보장센터 053-580-8883"
311616,(주)플랜티엠,모아진 홍보 영상 크리에이티브 공모전,,,,상장 수여,"[모아진 홍보 영상 크리에이티브 공모전] 🎬✨ ""영상 한 편으로 상금 700만 원의 주인공이 된다면? 💰"" 총 상금 1,500만 원! 역대급 규모의 모아진 공모전이 시작됩니다! 🏆 지식 플랫폼 모아진을 가장 잘 아는 여러분의 인사이트를 영상에 담아주세요. 전문가 심사는 물론, 오직 '조회수'로만 결정되는 특별상까지! 기회는 누구에게나 열려 있습니다. 😉 📍 공모 주제 가장 지적인 콘텐츠 플랫폼으로서의 '모아진'을 위트 있게 소개하며, 내 삶에 '모아진'이 꼭 필요한 이유 (필수) 영상 내 모아진 회원가입을 유도하는 내용 포함 재미 + 바이럴 요소가 포함된 영상 환영! 📈 📅 일정 체크 접수 기간 : 2026. 03. 27(금) ~ 2026. 05. 03(일) 결과 발표 (주최사 일정에 따라 변동될 수 있습니다.) 본상 : 2026. 05. 15(금) 특별 시상 : 2026. 06. 04(목) 특별 시상 조회수 집계: 2026. 06. 01(월) 16:59 👥 참가 자격 내 삶에 '모아진'이 꼭 필요한 이유의 영상 콘텐츠를 제작하고 싶은 사람(개인 또는 4인 이하 팀) 모아진을 충분히 이용해 보고 참여해 주세요.(신규 가입 시 1개월 무료 체험 가능해요.) 만 19세 이상 성인 (대한민국 세법상 '거주자'로서 세무 신고를 위한 주민등록번호 또는 외국인등록번호 소지 및 제공 가능자에 한함) 영상 제작 및 AI와 신기술에 관심 있는 대한민국 국민 누구나 (ChatGPT, Gemini, Runway, KlingAI, Midjourney 등 AI 툴 활용 가능) 📍 참여 방법 1. 제작한 영상 콘텐츠를 개인 SNS에 업로드(유튜브 쇼츠 또는 인스타그램 릴스) 2. 모아진 공식 계정 태그와 게시물에 해시태그 달기 인스타그램 @moazine_insight / 유튜브 @moazine 필수 해시태그: #2026모아진영상공모전 #모아진 #잡지식 3. 구글 폼에 접속해서 공모전 접수하기 공모전 참여하기 링크 🎥 출품 규격 형식: 숏폼 세로형 영상 (9:16 비율, 1080x1920px 이상) 분량: 15초 이상 3분 이내 수량: 제한 없음 파일 형식 : MP4 🏆 시상 안내 (총 29팀 선정) 🔥 본상+특별시상 중복 수상 시 최대 700만 원! 1️⃣ [본상] 크리에이티브 부문 (23팀) 🥇 대상 (1팀) : 500만 원 🥈 최우수상 (2팀) : 각 100만 원 🥉 우수상 (10팀) : 각 25만 원 🏅 장려상 (10팀) : 모아진 3개월 구독권 2️⃣ [특별시상] 바이럴 마스터 부문 (6팀) 🥇 바이럴 마스터상 (3팀) : 각 200만 원 🥈 바이럴 노력상 (3팀) : 모아진 3개월 구독권 특별 시상은 본상 수상작 대상으로 심사 해요. 단일 영상을 기준으로 2026. 06. 01(월) 16:59까지의 총 조회수로 심사하여, 빨리 업로드할수록 유리해요! 🏃 🎁 추가 혜택 우수 크리에이터에게는 모아진 공식 서포터즈/앰배서더 활동 기회를 제안드립니다! 모아진 홈 하단 이벤트 페이지에서 상세 요강을 확인하세요! 🚀"
311615,주식회사 노타,[Technical Operations] QA Engineer Intern (체험형),INTERN,,,,"👋 우리 ​팀을 ​소개합니다. 우리는 ​‘AI Everywhere’라는 ​슬로건 아래, AI 기술을 ​산업·교통·안전 ​등 다양한 ​도메인에 적용한 자사 ​제품들의 높은 ​수준의 ​품질 보증을 ​목표로 ​합니다. ​Vision 기반 AI ​기술이 ​실제 현장에 안정적으로 ​적용되도록 ​하기 ​위해, 단순한 기능 ​검증을 넘어서 ​정량적/정성적 ​품질 기준을 ​정의하고 체계적으로 ​검증하고 ​있습니다. 우리 QA팀은 수평적인 ​업무 문화를 ​기반으로 자유롭게 의견을 제시하고, 노타의 핵심 가치인 ‘Curiosity’(호기심)를 바탕으로 효율적이면서도 신뢰도를 높일 수 있는 새로운 검증 방법을 지속적으로 실험하고 있습니다. 반복되는 테스트에도 질문을 던지고, 개선할 수 있는 방법을 함께 고민하며, 제품의 검증 신뢰도를 극대화하는 것이 우리의 목표입니다. 📌 해당 포지션으로 합류하신다면 이 포지션에서는 이미 정의된 테스트 프로세스와 검증 방식을 기반으로 하여, • AI 제품에 특화된 창의적인 검증 아이디어를 제안하고 실제 적용할 수 있습니다. • Customer-Centric의 관점에서 기능, UI/UX에 대한 개선 의견을 자유롭게 제시할 수 있습니다 • 제품에 대한 깊은 이해를 바탕으로 주도적으로 품질 향상 활동을 펼칠 수 있으며 • Be Proactive, Over Deliver라는 리더십 원칙 속에서 제품 완성도를 한층 끌어올리는 주역이 될 수 있습니다. 또한 Vision AI를 활용한 산업안전 및 ITS와 같은 도메인 전문성까지 넓힐 수 있는 경험도 얻게 될 것입니다. ✅ 주요 업무 • 제품 기능 및 구조에 대한 이해를 기반으로 한 Test Case 설계 및 작성 • 테스트 시나리오 수행 및 결과 기록, 이슈 리포팅 • 테스트 결과 기반의 검증 리포트 및 품질 문서 작성 • ISO9001 인증 대응을 위한 전사 경영 품질 산출물 작성 및 정리 지원 • 버그 재현, 원인 파악을 위한 기초 분석 및 개발팀 커뮤니케이션 • 테스트 데이터 정리 및 관리 ✅ 자격요건 • 컴퓨터공학 또는 관련 전공자, 혹은 이에 준하는 기술적 이해도를 보유한 분 • 요구사항 및 기능 명세를 이해하고 논리적으로 정리할 수 있는 능력을 갖추신 분 • 테스트 결과 및 이슈를 문서로 명확하게 작성할 수 있는 역량이 있으신 분 • 다양한 이해관계자(개발자, 기획자 등)와의 원활한 커뮤니케이션 능력을 갖추신 분 • 문제를 발견하고 원인을 탐색하려는 논리적 사고 및 책임감이 있으신 분 • 적극적인 AI Tool 사용 및 그에 대한 결과를 내재화 시킬수 있는 능력을 갖추신 분 • 6개월 이상 근무가 가능하신 분 • 해외 여행에 결격사유가 없으신 분 ✅ 우대사항 • Python을 활용한 스크립트 작성 또는 테스트 자동화 경험 • AI / Computer Vision / Vision-Language Model 관련 프로젝트 경험 • 간단한 API 테스트 또는 웹 서비스 테스트 경험 • AI Agent 또는 LLM 기반 서비스 개발/활용 경험 • Git, JIRA, Confluence 등 협업 도구 사용 경험 ✅ 채용 절차 서류 검토 → 1차 인터뷰 → 2차 인터뷰 → 입사 일자 협의 → 최종 선발 (절차 간에 추가적인 과제가 있을 수 있습니다.) 🤓 팀의 메세지 우리는 AI QA의 새로운 기준을 만들어가고자 합니다. 기존의 검증 방식을 존중하면서도, 더 나은 검증 방법을 찾기 위해 끊임없이 실험하고 발전하는 팀입니다. 빠르게 진화하는 AI 기술만큼이나 QA도 유연하고 창의적이어야 한다고 믿습니다. 우리 팀은 효율적인 업무를 위해서라면 직급이나 연차에 상관없이 누구의 의견이라도 귀 기울여 검토합니다. 실제로 많은 검증 방식과 프로세스가 이런 자유로운 제안에서 시작되었고, 팀의 방향을 함께 만들어가는 경험이 가능하다는 것이 큰 장점입니다. 또한, 이곳에서는 ‘일 잘하는 사람들과 함께 일하는 것 자체가 최고의 복지’라는 문화를 경험하실 수 있습니다. 개개인의 책임감을 존중하는 자유로운 업무 방식 속에서, 능동적으로 협업하고 성장할 수 있는 환경이 마련되어 있습니다. AI 제품의 품질을 더 높은 수준으로 끌어올리고 싶은 분, 검증이라는 단어에 ‘창의성’을 더해보고 싶은 분이라면 지금 Nota QA팀에서 함께 시작해 보시죠! 지원 전, 확인해주세요! 👀 • 해당 공고는 상시 채용으로, 채용 완료 시 조기 마감될 수 있습니다. • 이력서 내 연봉 정보 등 민감한 개인 정보가 기재되어 있다면, 해당 서류는 검토되지 않을 수 있습니다. • 제출해 주신 내용 중 허위 사실이 있을 경우 채용이 취소될 수 있습니다. • 채용 전 레퍼런스 체크가 있음을 알려드립니다. • 최종 인터뷰 합격 시 별도로 처우를 협의합니다. • 입사 후 시용기간이 있으며, 이에 대한 처우는 차등을 두지 않음을 알려드립니다. • 국가보훈대상자 및 장애인은 관련 법규에 의거하여 우대합니다. • 장애인 고용 촉진을 위한 행정적 절차 확인이 필요한 경우, 장애인 등록증 사본을 기타 서류 란에 선택적으로 제출하실 수 있습니다. 제출 여부는 전형 평가에 어떠한 영향도 미치지 않습니다. • R&D 모든 포지션에서 전문연구요원, 산업기능요원으로 근무가 가능합니다. (단, 산업기능요원 현역 신규 편입의 경우 불가능) 🔎 읽어보면 도움 되는 관련 자료 • 노타의 그라운드 룰, LP를 소개합니다 • 노타는 핵심 가치(CV)를 어떻게 실행할까? • 노타의 나침반, 조직문화 • 기술 이야기 없이 AI 회사를 설명할 수 있나요?"
311614,타임금융교육원,[타임금융교육원] 금융실무과정 99기 (~4/13 마감),,,파워블로거/SNS | 취재/인터뷰/기사 경험 | 콘텐츠 기획/제작 경험,실무 교육 | 수료증 및 인증서,"▶ 모집개요 중앙대, 경희대, 한국외대, 건국대 등 14개 대학이 선택한 검증된 커리큘럼 은행/증권/보험 직무별 실무, 자소서, 면접 컨셉 등 하반기 채용 대비 ""단기간 Jump up 금융교육"" ​ ▶ 신청기간 및 일정 - 신청기간 : 3월30일 ~ 4월13일 18:00 - 교육기간 : 4월14일~17일 오전11시 ~ 오후4시 - 합격자 발표 : 합격여부 개별안내 - 장소 : 타임금융교육원 연수실 (선릉역 인근) ​ ▶ 참가비용 - 없음 ​ ▶ 특전 - 수료증 발급 ​ ▶ 지원대상 - 대학 4학년 이상 재학 / 휴학 / 졸업생 - 블로그 후기 포스팅 가능 지원자 우대 ​ ▶ 지원방법 - 온라인지원 : https://goo.gl/forms/uY8ffyJ1dJongodA3 ​ ▶ 교육후기 - 공식카페 후기 게시판 : https://cafe.naver.com/jinstudy2013 ▶ 문의처 - 이의진 강사 - TEL : 010-9510-0840 - E-MAIL : euijin0810@gmail.com ​"
311613,휴학생 동아리 휴업(휴학으로 업그레이드),서울 휴학생 동아리 휴업(휴학으로 업그레이드),,,,,"📈 휴업 ( 휴학으로 업그레이드 ) ✨ 휴학생을 위한 짧고 굵은 네트워킹 · 성장 동아리 ✨ 대학생활 열심히하고 치열하게 살아온 우리,, 그냥 한 번쯤은 그냥 쉬고 싶다는 생각에 홧김에 한 휴학, 좋은 시간도 잠시 주변 친구들을 보며 드는 생각들.. “ 휴학 중인데 뭐하지 ?” “ 괜히 시간만 보내는 것 같아 아쉽다 …” 그렇다면 우리와 함께 휴업(휴학으로 업그레이드) 해요 ! 휴학생들끼리 모여서 네트워킹 , 자기개발 , 경험 공유를 통해 서로의 시간을 업그레이드하는 동아리입니다 . 🎯 [ 휴업 ] 은 이런 분들을 위해 만들어졌어요 ! - 서울 / 수도권 20 대 초중반 휴학생 & 취준생 - 휴학 기간에 의미 있는 활동을 하고 싶은 분 - 또래 네트워킹 , 경험 공유 , 소규모 멘토링에 관심 있는 분 - 길고 무거운 활동보다는 , 3~6 개월 짧고 집중된 활동을 원하는 분 📌 활동 내용 1) 휴학생 네트워킹 데이 - 아이스브레이킹 + 자유 네트워킹 - “ 왜 휴학했는지 , 무엇을 하고 싶은지 ” 나누며 동기부여 2) 커리어 & 경험 공유 세션 - 취준 · 인턴 · 대외활동 경험담 발표 - 각자 관심 분야별 그룹 토론 3) 초청 멘토링 ( 소규모 ) - 현직자 · 졸업생 선배와의 Q&A ( 스타트업 , 대기업 , 대학원 등 분야별 ) 4) 프로젝트 / 스터디 소모임 운영 - 자기개발 , 포트폴리오 제작 , 독서 / 스터디 등 자유 선택 5) 휴학생만의 기록 만들기 - 3~6 개월 활동 후 , 서로의 성장 스토리를 정리하는 “ 휴업 다이어리 ” 발간 ⏰ 활동 기간 - 3 개월 ~6 개월 ( 단기 집중 프로그램 ) - 월 2~3 회 오프라인 / 온라인 혼합 활동 💡 활동 혜택 - 비슷한 상황 ( 휴학생 / 취준생 ) 의 동료들과 네트워킹 - 현직자 / 선배 멘토링을 통한 진로 인사이트 - 의미 있는 휴학 기록 & 자기소개서 / 면접에 활용 가능한 경험 📍 모집 안내 - 모집 대상 : 수도권 20 대 초중반 휴학생 / 취준생 - 모집 인원 : 16 명 - 모집 마감 : ~4 월 24 일 ( 선착순 조기마감 가능 ) - 지원 방법 : 구글폼 작성 후 , 개별 연락 예정 > 구글폼 링크 : https://forms.gle/y5hsJVgoQE4t9wzg8 > 문의 사항 : https://open.kakao.com/o/szxHG1Wh 👉 “ 휴학이 곧 공백기가 아니라 , 가능성의 시간으로 바뀔 수 있습니다 .” 놀면 뭐하니! 지금 , [ 휴업] 에서 함께 업그레이드해요!"
311612,[수도권/연합] 수어 동아리 ‘손말꽃’,"[수도권/연합] 손끝으로 피우는 대화, 수어 동아리 ‘손말꽃’ 신입 모집",,,,,"[수도권/연합] 손끝으로 피우는 대화, 수어 동아리 ‘손말꽃’ 신입 모집 🌼 ""목소리가 아닌 손짓으로, 마음의 온기를 전해본 적 있나요?"" 안녕하세요! 손으로 말하는 꽃, 대학생 연합 수어 동아리 ""손말꽃""입니다. 수어는 단순히 언어를 넘어, 상대방의 눈을 바라보며 진심을 전하는 아름다운 소통 방식입니다. 거창한 실력은 필요 없어요. 우리 운영진도 이제 막 한 걸음을 떼기 시작했거든요! 함께 서툴러도 괜찮은, 따뜻한 동행을 시작할 분들을 기다립니다. 👐 ✨ ‘손말꽃’에서 함께할 소중한 기록들 [Study] 10주 테마별 수어 클래스 숫자, 색깔, 감정 표현 등 매주 실생활에 꼭 필요한 테마를 정해 함께 배워요. 조별로 사전 학습 후 서로 가르쳐주는 수평적인 스터디 방식으로 운영됩니다. [Culture] 농인 문화와 가까워지기 농인 관련 영화를 감상하고 소감을 나누며, 새로운 시각으로 세상을 바라봅니다. 수어로 짧은 자기소개 영상을 만들며 나만의 특별한 포트폴리오를 남깁니다. [Experience] 마음을 잇는 활동 (자율) 수어 관련 전시회 방문이나 봉사 활동을 통해 배운 수어를 실천해보는 기회를 가집니다. 🙋 이런 분들과 ‘함께’ 피어나고 싶어요! 수어를 배워보고 싶었지만 마땅한 기회가 없었던 대학생 새로운 언어를 배우며 나와 다른 삶에 공감해보고 싶은 분 토요일 오후, 따뜻한 사람들과 의미 있는 시간을 보내고 싶은 분 ""몰라도 괜찮다""는 말을 믿고 용기 내어 첫걸음을 떼어줄 분 📍 모집 및 활동 가이드 대상 : 수어에 관심 있는 서울/수도권 대학생 (20대 중심) 모집 기간 : ~ 2026. 04. 24(금)까지 활동 기간 : 2026. 05 ~ 2026. 07 (총 10주간) 활동 일정 : 매주 토요일 오후, 서울 시내(신촌/홍대 등) 대면 모임 지원 방법 : 구글 폼 접수 바로가기 💰 투명한 운영비 안내 회비 : 20,000원 (한 학기 총액) 내역 : 링커리어 관리자의 승인을 위해 사용처를 투명하게 공개합니다. 교구 제작 : 수어 학습용 단어 카드 및 커리큘럼 자료 인쇄비 장소 대여 : 조별 스터디 및 영화 상영을 위한 스터디룸 대관료 행사 지원 : 자기소개 영상 촬영 소품 및 모임 진행을 위한 다과비 모든 회비는 매달 말 단톡방에 영수증과 함께 결산 내역을 투명하게 공유하며, 운영진은 어떠한 수익도 취하지 않는 순수 자치 동아리입니다. 모두가 처음이니까, 부담은 내려놓고 편하게 문을 두드려주세요. 여러분의 손끝에서 피어날 예쁜 꽃들을 기다릴게요. 🙂 💬 실시간 문의 지원 폼 내 문의처 혹은 연락처를 통해 편하게 말씀해 주세요!"
311604,앰코테크놀로지코리아,[앰코테크놀로지코리아] [신입] 제조직(Operator) 기간제 모집(광주광역시),CONTRACT,"제조직(Operator) 기간제 | 반도체 | 반도체/디스플레이 | 연구개발/설계 | 생산/제조/설비/조립 | 생산/제조 | 생산 | 제조/가공 | 포장 | 조립 | 검사/검품 | 1. 지원동기와 입사 후 회사에서 이루고 싶은 꿈은 무엇인가요? | 2. 지원한 직무를 위해 필요한 역량은 무엇이라고 생각하며, 이 역량을 갖추기 위한 노력이나 자신만의 특별한 경험을 작성해 주세요. | 3. 다른 지원자 대비 본인만의 '차별화된 강점'과 '보완해야 할 약점'에 대해 사례를 들어 구체적으로 기술해 주세요. | [앰코테크놀로지코리아] [신입] 제조직(Operator) 기간제 모집(광주광역시)",,,[앰코테크놀로지코리아] [신입] 제조직(Operator) 기간제 모집(광주광역시) [담당 업무] · 반도체 패키징 및 제품생산 · 제품검사/관리 및 품질검수 · 컴퓨터를 활용한 반도체 장비조작 [자격요건] · 고등학교 졸업 이상 · 교대근무 가능한 분(4조 3교대) [우대사항] · 교고성적 및 출결상태 우수자 · 계약기간 성실하게 근무하실 분
311603,한국콜마,[한국콜마] 26년 4월 부천사업장 생산계획 신입사원 수시채용,INTERN,"부천사업장 생산계획 | 생산관리/공정관리/품질관리 | 생산/제조 | 생산/제조/설비/조립 | 생산관리 | 공정관리 | 품질관리 | 자재관리 | 환경관리 | 생산 | 제조/가공 | 포장 | 조립 | 검사/검품 | 1. 한국콜마에 입사지원하게 된 동기 및 회사에서의 목표와 인생의 목표를 구분하여 기술하여 주십시오. | 2. 성장과정에서 부모, 가족으로부터 가장 인상적인 경험을 구체적으로 기술하여 주십시오. | 3. 한국콜마의 핵심가치인 4성 5행 中 가장 중요하다고 생각하는 것을 택 1 하여 그 정신이 왜 필요한지 기술하여 주십시오. | 4. 지원한 직무에 필요한 핵심역량 혹은 전문지식 3가지를 선정하여 그 이유를 기술하고 이와 관련한 본인의 강점에 대해 기술하여 주십시오. ① 지원한 직무에 본인이 적합한 이유 ② 지원한 직무를 잘 수행하기 위한 그 동안의 노력과 도전 등을 반드시 포함하여 구체적으로 기술하여 주십시오. | [한국콜마] 26년 4월 부천사업장 생산계획 신입사원 수시채용",,,[한국콜마] 26년 4월 부천사업장 생산계획 신입사원 수시채용 [담당 업무] - 협력사 생산 일정 관리 - 협력사 생산 관련 서류 관리 - 자재 내역 점검 [전공 및 자격사항] - OA 활용 능력 보유자 [우대사항] - 근무지역 인근 거주자 - 동종업계 근무 경험자 - 컴퓨터 활용 능력 자격 보유자
311602,HL만도,[HL만도] 서무행정 계약직 채용,CONTRACT,"서무행정 | OA/문서작성 | 사무보조/문서작성 | 경영/사무 | 사무보조 | 비서 | 사무/총무/법무 | 총무 | 해당 직무에 지원하신 이유와, HL만도에 지원한 동기에 대해 기술해 주시기 바랍니다. (최소 30자, 최대 700자 입력가능) | 지원 분야에 대해 본인이 보유한 전문성(지식과 경험)을 서술해 주시기 바랍니다. (최소 30자, 최대 1,000자 입력가능) | 직무 이외에 본인의 핵심 강점/약점에 대해 서술해 주시기 바랍니다. (최소 30자, 최대 700자 입력가능) | [HL만도] 서무행정 계약직 채용",,,[HL만도] 서무행정 계약직 채용 [지원자격] · 전문학사 이상 [수행업무] · 정기/비정기 데이터 집계 및 정리 · 비용 관리 및 전표 처리 · 문서 및 우편물 수발신 관리 · 기타 행정 업무 전반 · 부문장 비서 업무 지원 · 탕비/사무용품 구매 및 임직원 복지 업무 지원 [우대사항] · 관련 업무 및 SAP 사용 경험 · 전산 활용 능력 (MS Office 등)
311600,웹젠,[웹젠] 자금(신입/경력),"INTERN, EXPERIENCED","자금 | 재무/세무/IR | 경영/사무 | 회계 | 재무 | 세무 | IR | 회계감사 | 예산관리 | 본인의 장점과 단점은 무엇입니까? 그리고 단점을 극복하기 위해 어떤 노력을 하고 계십니까? (최소 200자, 최대 1,000자 입력가능) | 재학 또는 재직기간 동안 가장 뛰어난 업적은 무엇입니까? 그리고 왜 그렇게 생각하는지 기술해 주십시오. (최소 200자, 최대 1,000자 입력가능) | 재학 또는 재직기간 동안 리더십을 발휘한 경험을 기술해 주십시오. (최소 200자, 최대 1,000자 입력가능) | 웹젠에 입사 지원한 동기는 무엇입니까? (최소 200자, 최대 1,000자 입력가능) | [선택] 추가적으로 자신에 대해 소개할 내용을 기술해 주십시오. (최대 1,000자 입력가능) | [웹젠] 자금(신입/경력)",,,[웹젠] 자금(신입/경력) [담당업무] - 일계표 작성 및 일일 마감 - 자금계정 전표 입력 및 월마감 결산보조 - 법인카드 관리 [자격사항] - 신입(채용연계형 인턴) 또는 관련 경력 3년 이하 - 회계 관련 학과를 전공한 분 - 회계원리 수준의 회계지식을 보유한 분 - Excel 기본 함수 활용이 가능한 분 [우대사항] - 게임 및 IT업계 회계 또는 자금 업무를 경험한 분 - 관련 학과를 전공한 분 - 더존프로그램 경험이 있는 분 [전형절차] - 서류전형 → 실무면접 → 인성검사 → 임원면접 → 처우협의 → 최종합격
311599,(주) 키두,[재택근무] 유아 수학 화상수업 강사 모집,CONTRACT,,,,자세한 내용은 아래 링크에서 확인 부탁드립니다 :) https://bit.ly/4bxAGvd ▼ 플리퍼 지원서 링크 https://forms.gle/qgzgkbgwhsW7g8DD7 ▼ 플립매쓰 카카 오톡 http://pf.kakao.com/_xdjxlnG/chat
311598,KIS정보통신,[KIS정보통신] 상반기 각 부문 수시 채용(신입/경력),"NEW, CONTRACT",,,,[KIS정보통신] 상반기 각 부문 수시 채용(신입/경력) [모집부문] 경영기획 PG정산 VAN 채널 영업 및 마케팅 디바이스 기획/운영 [모집기간] 2026.03.27 ~ 2026.04.08 [전형절차] 서류전형 > 인적성검사 > 1차 면접 > 2차 면접 > 채용 검진 > 처우 협의 > 최종 합격
311597,위펀,[위펀] CS/CX 인턴 (채용연계형),INTERN,,,,"﻿ [위펀] CS/CX 인턴 (채용연계형) 근 무 지 : 서울 강남구 강남대로374, 15층 근무일정 : 주 5일 / 평일 09:00 ~ 18:00 (휴게 1시간 포함) 근무형태 : 위펀 소속 인턴 계약직 (3개월 → 평가에 따른 전환) ※ 개인 업무평가에 따라 정규직 전환이 가능한 [채용연계형] 인턴계약 입니다."
311596,(사)한국장애인단체총연합회,2026 알아가고 그려보는 장애인식개선 그림 공모전,,,,상장 수여,"참가대상 유아부: 2020년생 ~ 2022년생(5~7세) 초등부(저학년): 2017년생 ~ 2019년생(8~10세) 작품주제: 장애인식개선 관련 모든 주제 작품규격: 8절지, 자유형식 그림(디지털 드로잉 제외) 접수기간: 2026. 4. 1.(수) ~ 5. 29.(금) 접수 방법 및 제출 서류 이메일(kofod2021@naver.com) - 참가신청서, 개인정보 수집·이용 및 저작권 이용 동의서 각 1부 - 그림 작품 스캔 파일(JPG or PDF 파일) 1부 - 참가 사진(그림 그리고 있는 모습 / JPG 파일) 2부 이상 우편 (서울시 영등포구 의사당대로 22 이룸센터 302호 한국장애인단체총연합회) - 그림 원본(작품 구분 이름표 부착 필수) ※ 이메일, 우편 모두 필수 접수 시상내역 대상(총 2명, 상금 500,000원) 최우수상(총 2명, 상금 300,000원) 우수상(총 4명, 상금 200,000원) 입선(총 20명, 문화상품권(1만원권)) 문의 한국장애인단체총연합회 홈페이지(www.kofod.or.kr) 대외협력팀 담당자 070-7728-5744"
311595,위펀,[위펀] B2B 인바운드 영업 (법인/제휴/신사업),"NEW, EXPERIENCED",B2B 인바운드 영업 (법인/제휴/신사업) | B2B영업/기술영업 | 영업/고객상담 | B2B영업 | 기술영업 | 자유양식 입니다. | [위펀] B2B 인바운드 영업 (법인/제휴/신사업),,,"[위펀] B2B 인바운드 영업 (법인/제휴/신사업) [다음 ​업무를 ​함께 ​할 예정입니다.] - 위펀 ​서비스 이용 문의 / ​신청 ​인입된 기업 고객 전화/미팅 상담 - 고객 상황 파악 후 스낵24, 커피24 등 위펀 서비스 제안 - 견적/제안서 작성 및 계약 조건 협의 - 계약 체결 및 설치 일정 조율 [우리는 이런 방식으로 일해요] - 단순 판매가 아닌 ‘상담 → 제안 → 계약’ 중심 B2B 세일즈 - 마케팅/물류/CX/운영팀과 명확한 분업 구조 - 개인 감이 아닌 데이터 기반 영업 - 전환율, 계약률, 객단가 등 KPI 중심 성과 관리 - 제안서/스크립트/프로세스를 계속 개선하는 팀 문화 [이런 분과 함께하고 ​싶어요] - 사람과 대화하는 게 어렵지 않은 분 - 항상 배우면서 도전하는 성향을 가진 분 - 목표를 정하면 끝까지 해보는 성향을 가진 분 - 고객 입장에서 생각하고 문제를 해결하는 게 재밌는 분 - 팀원들과 협업/커뮤니케이션이 편한 분 - B2B 영업 또는 고객 관리 경험 우대 - 콜/메일/방문 등 다양한 세일즈 경험 ​우대 - 프로세스 개선, 자동화, 데이터 관리 경험 ​우대 - 운전 가능자 우대"
311594,케이피에프,[케이피에프] 환경안전팀 신입 모집,NEW,,,,[케이피에프] 환경안전팀 신입 모집 [모집기간] 2026.03.01 23:59 마감 [모집부문] 환경안전팀 신입 [전형절차] 서류 전형 > AI역량검사 > 면접 > 최종합격
311593,위펀,[위펀] 그로스마케팅 인턴 (채용연계형),INTERN,,,,"﻿ [위펀] 그로스마케팅 인턴 (채용연계형) 근 무 지 : 서울 강남구 강남대로374, 15층 근무일정 : 평일 주 5일 / 1일 8시간 └ 유연출근제 (08:00~10:30 출근) 근무형태 : 인턴 계약직 (4개월 인턴 → 평가에 따른 전환) ※ 개인 업무평가에 따라 정규직 전환이 가능한 [채용연계형] 인턴 입니다."
311592,케이피에프,[케이피에프] 부품영업팀 신입 모집,NEW,,,,[케이피에프] 부품영업팀 신입 모집 [모집기간] 2026.04.10 오후 1시 마감 [모집부문] 부품영업팀 [전형절차] 서류전형 > AI역량검사 > 면접 > 최종합격
311591,주식회사 레브잇,Associate Problem Solver (AI Internship),INTERN,,,,"APS는 어떤 포지션인가요? 정해진 역할이 없습니다. Problem Solver와 함께 고객을 이해하고, 문제를 정의하고, 실험하고, 검증합니다. 어떤 날은 고객 인터뷰를 하고, 어떤 날은 유저 획득 실험을 직접 돌립니다. AI 쇼핑 Agent의 제품 고도화와 유저 획득 현장 중심에서 일하게 됩니다. 사회 첫 커리어를 저희와 시작할 분을 찾습니다. 어떤 조직에서, 어떤 사람 옆에서 일하느냐에 따라 향후 1년, 10년의 커리어가 달라질 수 있습니다. 빅테크, 커머스, AI, 창업 — 어디로든 이어질 수 있는 출발점을 만들어드립니다. 스마트함, 남들과 다른 접근, 논리적인 사고를 가졌지만 아직 스스로도 어떤 역량이 있는지, 무엇을 잘하는지 모를 수 있습니다. 저희는 그런 분을 찾고 싶습니다. 특정 스킬셋보다 빠르게 배우는 사람을 찾아 10X의 성장을 함께합니다. 레브잇은 Shopping AI Agent 출시와 함께 다시 한번 폭발적인 성장의 임계점에 서 있습니다. 이 여정을 함께할 팀원을 찾고 있습니다. 로켓이 발사되기 직전, 비즈니스가 어떻게 성장하는지 목격하고 기여할 수 있는 인생에서 가장 가치 있는 시간 이 될 것입니다. [합류하게 될 팀] 레브잇 PMF팀은 쇼핑 AI 에이전트를 기획·개발하는 팀입니다. 🚀 PMF 팀 소개 바로가기: https://team.alwayz.co/pmf 🛸 Problem Solver 인터뷰 바로가기: https://blog.alwayz.co/jj [합류하면 함께 할 업무] 고객 인터뷰, UT, 리서치를 통해 매우 깊은 수준의 '고객 이해'를 이룹니다. 문제를 정의하고 가설을 수립합니다. 프로토타입 제작, 실험 설계, 고객 반응 분석을 통해 가설을 검증합니다. 유저 획득을 위한 채널 테스트, 메시지 실험, 바이럴 장치 설계 등 마케팅을 시도합니다. 위 항목은 고정된 역할이 아닙니다. 함께 무엇이든 빠르게 배우고 시도합니다. [ 이런 분을 찾습니다] 경험보다 사고 속도가 중요합니다. 학력 / 전공 / 경력은 무관합니다. 처음 보는 문제를 빠르게 구조화하는 분을 찾습니다. 답이 없는 상황에서 스스로 방향성을 찾아갈 수 있는 분을 찾습니다. 생각과 실행 사이의 간격이 짧은 분을 찾습니다. 틀렸을 때 이유를 파악하고 빠르게 수정하는, 높은 수용성을 지닌 분을 찾습니다. [보상] 월 400만원(식대 별도 무제한 무상 제공) 장학금(성장지원금): 1,000만원 ( 수습 통과 시 지급, 1년 미만 재직 시 일할 반환 조건) 실패를 두려워하지 않고 가설을 검증할 수 있도록 전폭적으로 지원합니다. 최고의 장비 지원: 최신형 MacBook 및 업무 장비 지급 무제한 리소스 지원: GPT, Claude 등 문제 해결에 필요한 모든 유료 툴, 마케팅 비용 지원 최고의 동료: 소수 정예 1% 팀원들과 함께하며 제품의 성장을 만들어갑니다. [근무 조건] 근무형태: 인턴(평가에 따른 정규직 전환 가능) 근무기간: 최소 3개월 이상(협의가능) 합류일자: ASAP [합류 여정] 서류접수(사전 질문) > 과제 > 전화 인터뷰 > CEO 대면 인터뷰 > 최종합격 채용페이지 지원 시 지원서 항목에 사전 질문 내용이 포함되어 있습니다. 기타 플랫폼을 통한 지원시 아래 사전 질문에 대한 답변을 지원서에 포함하여 제출해주세요. 레브잇 APS 전형에 지원하신 이유와, 레브잇에 오시게 된다면 얻고 싶은 것을 알려주세요 최근 직접 발견한 사람들이 겪는 문제가 있나요? 왜 그게 문제라고 생각했는지, 어떻게 발견했는지 알려주세요. 임의의 서비스에서 새로운 유저를 획득하려 할 때, 이를 위해 어떤 시도를 할 수 있을까요? 서비스 무관, 자유롭게 써주세요. 본인이 가장 잘한다고 생각하는 것(태도에 가까운 것도 무관함) 한 가지와, 그걸 보여주는 경험을 알려주세요. [기타사항] 이력서 및 제출 서류에 허위 사실이 발견되거나 근무 이력 중 징계사항이 확인될 경우, 채용이 취소될 수 있습니다. 레브잇 내규에 따라 채용 금지자 또는 결격사유 해당자는 채용이 취소될 수 있습니다. 한정된 TO로 채용완료 시 공고가 마감됩니다."
311590,스터닝,2026년「거리로 나온 예술」참여 예술인 공개모집,,,,"해외연수, 전시기회 | 기타","● 사업개요 ❍ 사 업 명: 2026 거리로 나온 예술 ❍ 사업목적: 거리예술 활성화를 통해 예술인에게는 “예술을 펼치는 기회”를 도민에게는 “예술을 누리는 기회” 제공 ❍ 사업내용: 경기도내 예술인․단체의 거리예술(공연․전시) 활동 지원 ● 모집개요 ❍ 모집인원: 3개 부문 총 140여개 팀 ❍ 활동기간: 2026년 6월 ~ 11월 ❍ 모집부문별 활동사항 - 생활예술, 전문예술 (활동사항) 거리공연 1회 (공연장소) 생활거점 다중밀집장소 예)공원, 광장, 시군행사 연계 등 (운영방식) 5개팀 내외 합동공연 (팀당 20분 이상) (지원장르) 음악(대중음악, 국악, 클래식, 퓨전음악 등), 무용(현대무용, 고전무용 등), 다원예술 등 택 1 (지원사항) 공연료, 공연 운영 지원(시스템 및 운영인력 포함) (기타사항) 20분 이상의 공연 레퍼토리를 보유. 본인악기 지참 - 전시 (활동사항) 전시 1회 (전시장소) 경기도내 문화시설 (지원사항) 전시료, 전시 운영 지원 (기타사항) 5점 이상 전시물 보유 ● 기간 및 일정 ❍ 공모기간 : 2026. 3. 30.(월) ~ 4. 13.(월) ❍ 접수기간 : 2026. 4. 06.(월) ~ 4. 13.(월) 17:00 (시간엄수) ❍ 신청방법: 1개 모집부문 원칙 ❍ 제출처: 구글폼 작성 ● 제출서류 [공통양식] 1. [공통양식] 지원서, 활동계획서, 소개서 2. 개인정보 수집·이용 동의서 3. 지원자(대표자) 주민등록초본 4. [팀 지원시] 출연자명단 및 주민등록초본 5. [단체 지원시] 단체등록증, 대표자 주민등록초본 및 출연자명단 [해당자] (전문예술부문) 가. 전문예술인 증빙자료 나. 최근 2년간 실적 증빙자료(공연,전시 포스터, 사진 등) (가산점 대상자) 가. 기회소득 예술인 지원금 입금 내역 및 기타 증빙 자료 나. 장애인등록증 사본 또는 장애인증명서 1부 다. 북한이탈주민등록확인서 등 새터민 확인서 1부 라. 결혼이민자 기준 기본증명서(외국인등록증 or 여권사본 or 귀화증빙서류) 및 출연자 기준 가족관계증명서 각 1부 [참가자격 증빙서류] (생활예술) 단체 - 비영리민간단체등록증 - 고유번호증 중 택1 (전문예술) 개인/팀 - 관련학과 졸업증명서 (※졸업예정증명서 및 재학증명서는 인정하지 않음) - 예술인활동증명서(한국예술인복지재단 발급, 유효기간 내) - 국가도지정 무형문화재 인정서 중 택1 단체 - 법인설립허가증 / 비영리민간단체등록증 / 고유번호증 / 전문예술법인·단체지정서 / 사업자등록증 중 택1 ● 결과발표 ❍ 결과발표: 2026년 5월 초 (홈페이지 공고 및 선정단체에 한해 개별 연락) ● 문의처 ❍ 문의처 : agency@stunning.kr / 070-4060-4046 ● 유의사항 ❍ 지원서 올바른 작성 방법을 충분히 숙지하시기 바라며, 서류 미비로 인한 선정 탈락 등 불이익이 발생하지 않도록 유의하시기 바랍니다. ❍ 첨부된 지정 양식은 변형할 수 없으며, 지정 양식 및 제출 서류에 포함되지 않은 기타자료는 심의에서 제외합니다. ❍ 허위 사실을 기재한 경우 해당 신청자는 심의 대상에서 제외되며, 선정 이후 허위 사실이 확인될 경우 즉시 선정을 취소합니다. ❍ 선정 이후 불성실한 활동 태도 또는 부적절한 운영이 확인될 경우 활동이 중도 취소될 수 있습니다. ❍ 신청자의 거주지(소재지)와 관계없이 경기도 전역에서 활동이 가능하셔야 됩니다. (예시) 수원시 거주자가 의정부시 배정 장소에서 공연 가능해야 함 ❍ 참여 예술인(단체)의 공연은 경기도 및 경기아트센터 홍보를 위한 영상 콘텐츠로 제작·활용될 수 있습니다. ❍ 지원 제외 대상 - 보조금 횡령·유용, 서류 위조 등 중대한 위반 사례로 고발되었거나 사회적 물의를 일으킨 개인·단체·기관 - 특정 정당 또는 선출직 후보 지지, 특정 종교의 교리 전파를 목적으로 하는 단체 - 사업자의 업종 및 업태가 문화예술 분야가 아닌 개인 또는 단체 - 성범죄 판결 등으로 취업제한 명령이 유효한 자 또는 해당자를 포함한 팀·단체 자세한 사항은 아래 홈페이지 링크를 통해 확인해주세요. https://www.ggac.or.kr/ggac/M0000217/board/view.do?atcSn=55400&pageIndex=1&searchCondition=1&searchKeyword=%EA%B1%B0%EB%A6%AC&category="
311589,위펀,"[위펀] 간식 상품 큐레이션 (AMD,소싱,발주)","NEW, EXPERIENCED","간식 상품 큐레이션 (AMD,소싱,발주) | 상품기획/MD | 무역/유통 | 상품기획/개발 | MD | 패션MD | 리테일MD | 식품MD | 자유양식 입니다. | [위펀] 간식 상품 큐레이션 (AMD,소싱,발주)",,,"[위펀] 간식 상품 큐레이션 (AMD,소싱,발주) [다음 ​업무를 ​함께 ​할 예정입니다.] 1) ​고객사 니즈에 부합한 상품 ​큐레이션 ​구성 및 ​제안 - ​담당 기업의 ​임직원 ​니즈를 파악하여 ​스낵, ​음료 ​등을 구성 - ​상품 ​제안 및 큐레이션을 ​통한 ​매출 ​이익률 상승 목표 2) ​담당 고객사와의 ​ ​Rapport building ​- 담당자와 ​소통(정산, ​발주, CS 등)하며 ​관계를 유지 3) ​상품 소싱 - 큐레이션이 다양해질 수 있도록 신상품 서칭 및 제안 [이런 역량을 갖춘 분과 함께 하고 싶어요.] - 고객 서비스 또는 MD, 큐레이션 등 업무 경험자 - 유통회사에서 스낵, 음료, 간편식 등 식품MD 경험하신 분 - B2B 스타트업에서 다양한 업무를 수행하신 분 - 영업, 물류 등의 유관부서와 다양한 협업 경험 - 원활한 커뮤니케이션 능력 보유 [근무 조건 확인해주세요.] - 근무형태 : 정규직 - 근무지 : 위펀 본사(서울시 강남구 강남대로 374, 15층) - 근무시간 : 주 5일(월-금), 8시~10시 30분 자율출근제 - 급여 : 경력에 따라 면접 후 협의"
311588,(주)인터비즈시스템,[현대오토에버/양재] PMO팀(IT헬프데스크) 채용 모집,CONTRACT,,,,"[현대오토에버/양재] PMO팀(IT헬프데스크) 채용 모집 1) 근무지: 서울특별시 서초구 양재대로 246 송암빌딩 별관 2) 근무시간: 월-금 08:00~17:00(주말, 공휴일 휴무) 3) 급여조건(평균 연봉 31,351,584원) - 급여: 월 2,612,632원 (세전금액) * 월 22시간 연장수당 포함) - 인터비즈시스템 파견계약직 1년 + 1년 최대 2년까지 근무 가능 - 4대보험, 퇴직연금, 연차수당, 중식제공, 회사 편의시설 사용 등 4) 담당업무 (현대오토에버 PMO팀 ) ★ 협력사 외주 인원 출입 권한 부여 및 PC세팅/불출 관리 업무 - 외주 인원 투입 시 서류접수, VPN 및 업무 관련 계정 생성 지원 - 철수 인원 퇴소 처리 지원(노트북 포맷, 시스템 ID삭제 등) - 노트북 반입/반출 대응 - 출입 응대 및 IT 환경 셋업 지원, 출입카드 신청 및 배포 관리 - 인원 좌석 배치 및 배정관리 ★ 시스템 보안 관리 - 비인가 전산 장비 해제 신청 - 필수 보안 프로그램 설치 지원 및 검토 ★ IT 관련 문의 응대(Helpdesk) - Windows & Office 정품인증 외 OA 관련 문의 대응 - 협력 외주 인원 사용 계정 및 DRM 등 패스워드 초기화 및 잠금해제 지원 5) 자격요건 및 우대사항 - MS오피스 (엑셀/워드/파워포인트) 활용 가능자 - 원할하고 적극적인 의사소통 역량 보유자 - 유사 업무 경력 보유자 우대 - 출퇴근 용이자 우대 6) 채용일정 - 서류접수: 3.25(수)~4.1(수) 오후 6시까지 ※ 서류 결과는 4.2(목)에 발표 및 면접 대상자 안내 예정 - 면접일정: 4.3(금) (오전 중 온라인 화상면접) 진행예정 * 변동시 별도 연락 - 입사일: 2026.04.06(월) 입사 예정 * 변동시 최종 합격자에 한해 별도 안내 예정"
311587,피에프씨테크놀로지스,개인신용대출 심사 담당자,EXPERIENCED,,,,"PFC ​Technologies ""EXTRAORDINARY ​FINANCE ​FOR THE ​ORDINARY"" 보통 사람을 위한 ​보통이 ​아닌 금융 ﻿PFCT는 ​한국은 물론, 진출한 ​모든 시장에서 ​불가능하다고 ​여겨졌던 이정표들을 ​달성하고 ​있는 ​독보적인 금융 기술(Lending ​Tech) ​전문성으로 아시아 금융 ​환경을 ​재편하고 ​있어요. • 대한민국 최고의 ​온투금융사 • B2B AI ​솔루션 ​서비스로 9 ​개국에서 사업을 ​영위하고 ​있는 극소수의 AI ​금융 기술 ​회사 • 대형 테크회사보다 높은 공헌 이익률 약 80%, 분기 손익분기점을 달성하며 빠르게 성장 중인 스타트업 창의적인 사업 전략과 혁신적인 기술력으로 '보통 사람을 위한 보통이 아닌 금융'을 구현할, 한국을 넘어 아시아 전역에서 활약하는 사업 활동에 가슴 뛰는 최고의 인재를 기다리고 있어요. 지금, PFCT와 함께해요! Risk Management Team 은, • PFCT 서비스의 개인신용대출/주택담보대출/기타담보대출 등 리스크를 줄이기 위한 프로세스를 더 나은 방향으로 개선하고 있는 팀이에요. • 이를 위해 대출 심사(사전), 채권관리(사후) 담당자들이 한 팀으로 구성되어 보다 유연하고 효율적으로 리스크를 관리하고 있어요. 개인신용대출 심사 담당자 는, 🚀 합류하면 이런 일을 해요 • 개인신용대출 서류 심사를 통해 대출 진행 여부를 판단해요. • 대출 상담 및 1차 심사, 약정 체결 등 개인 여신 전반의 업무를 다뤄요. • 개인신용대출 및 신상품 승인 전략을 수립해요. • 신규 금융 상품에 대한 심사 기준을 마련해요. • 나아가서는, 리스크에 대한 회사의 든든한 최후 방어선 역할을 수행해요. 🎯 저희는 이런 분을 찾고 있어요 • 금융권 개인신용대출 심사 경력을 2년 이상 보유한 분 • 맡은 일에 대해 강한 주인 의식을 가지고, 완결성 있게 업무를 수행할 수 있는 분 • 업무 프로세스 개선을 위해 의견을 적극적으로 제시할 수 있는 분 • 유연한 사고와 능동적인 자세를 가지고 있는 분 ✨ 이런 경험을 가진 분이면 더 좋아요 • 온라인투자금융업에 대한 이해도를 가지고 있는 분 • 개인신용대출 심사 경험이 있는 분 • 엑셀, 구글 스프레드시트 등 OA 활용 능력을 보유하고 있는 분 합류 여정에 대해 알려드려요 채용 프로세스 • 서류 전형 → 1차 인터뷰(Job-Fit) → 2차 인터뷰(Culture Fit) → 3차 인터뷰(Final) → 처우 협의 → 최종 합류 지원 서류 • 이력서(필수/자유 양식) • 포트폴리오(선택) • 제출 형식: PDF 파일 권장 안내 사항 • 내부 사정에 따라 채용 일정 또는 절차가 변경될 수 있으며, 변경 시 별도 안내 드릴 예정입니다. • 제출 서류에 허위 사실이 있거나 결격 사유가 확인될 경우, 합격 또는 입사가 취소될 수 있습니다. • 상황에 따라 추가 인터뷰 및 평판 조회 전형이 추가될 수 있습니다. 채용 문의 • recruit@pfct.co.kr PFCT에 대해 더 자세히 알고 싶다면, 아래 링크를 방문해보세요! 📍 PFCT 홈페이지 📍 PFCT 공식 블로그 '피플로그' ﻿﻿ 📍 PFCT 링크드인"
311586,신신제약,[신신제약] OTC 영업사원 모집,NEW,,,,"[신신제약] OTC 영업사원 모집 접수 기간 2026-03-30 ~ 2026-04-17 모집부문 및 상세내용 모집 부문 상세내용 OTC 영업사원 (0명) 담당업무 • OTC 약국 영업 (부산 수영구, 부산진구, 남구, 사상구 등) • 신규 거래처 발굴 및 유지 • 고객사 관리 및 관계 구축 • 기타 OTC 영업 관련 업무 채용형태 - 신입 - 팀원,사원 우대조건 화학·생명과학·환경 전체 전공, 약학 전체 전공 자격요건 학력 대학졸업(4년) 이상(졸업예정자 가능) 근무조건 급여 회사 내규에 따름 근무지역 서울 강서구 마곡중앙8로1길 58 신신제약 마곡 지원 기간 및 방법 접수기간 2026-03-30 ~ 2026-04-17 접수방법 홈페이지 지원 유의사항 허위 사실이 발견될 경우 채용이 취소될 수 있습니다."
311585,위펀,[위펀] 영업관리 (매출관리/해지방어/CSM),"NEW, EXPERIENCED",영업관리 | 영업관리/지원/영업기획 | 영업/고객상담 | B2B영업/기술영업 | 지원 | 영업기획 | B2B영업 | 기술영업 | 자유양식 입니다. | [위펀] 영업관리 (매출관리/해지방어/CSM),,,"[위펀] 영업관리 (매출관리/해지방어/CSM) [다음 ​업무를 ​함께 ​할 예정입니다.] - 고객사의 ​서비스 이용 내역과 매출 ​데이터를 ​점검해 예산 ​대비 실적 격차 ​및 이슈 ​파악 - 이메일 ​/ 전화 ​등 ​담당자와 ​소통하며 관계 형성 ​및 ​주요 고민과 개선 ​요청 ​청취 - 불만·문의 ​사항 접수 후 ​내부팀 이관, ​처리 ​결과 신속 ​피드백 - 매출·사용 패턴 ​분석해 ​교차 판매 기회 ​발굴, 제안서 ​전달 및 매출 확대 - 계약 만료 고객사 파악, 재계약 조건 협의로 서비스 유지 유도 - CRM에 실적 데이터 업데이트, 주간·월간 실적 모니터링 및 이슈 공유 - 목표 달성 고객사 선별, 심화 관리팀 인수인계 자료 정리 [이런 역량을 갖춘 분과 함께 하고 싶어요.] - 경력무관 (신입가능 / 학력, 전공무관) - B2B·B2C 영업관리, 고객 응대 등에 관심과 호기심이 있는 분 - 데이터로 성과를 분석하고, 제안해 볼 수 있는 논리적 사고력 보유자 [이런 분이시라면 더욱 좋습니다!] - 이전에 슈퍼바이저 / 영업관리 / 인턴 등으로 업무를 해본 경험 - 아르바이트 등 매장관리 중 본인이 주도해 ‘이렇게 바꿨더니 매출이 쑥쑥’ 성과를 낸 사례 경험자 - 고객 관점에서 문제를 정의하고, 해결책을 제시해본 분"
311584,(사)대한민국청소년의회,(사)대한민국청소년의회 교육운영국 사무국원 자원봉사형 인턴(청소년외교관 프로그램 멘토) 모집,,,멘토링/수업 진행 경험,수료증 및 인증서 | 봉사활동시간,"✨(사)대한민국청소년의회 교육운영국 사무국원 자원봉사형 인턴(청소년외교관 프로그램 멘토) 모집 ✨ 사단법인 대한민국청소년의회 에서 🌎 주 1회 고정 대면 근무 가능한 교육운영국원 인턴(청소년외교관 프로그램 전담 멘토) 을 모집합니다! (2026년 상반기 모집) 교육운영국은 전국 청소년을 대상으로 정치, 사법, 국제, 심리 등 다양한 분야의 진로 프로그램과 특강을 기획·운영하여, 청소년들이 자신의 진로를 탐색하고 다양한 직업 세계를 체험할 수 있도록 돕는 부서입니다. * 모든 프로그램은 비대면 ZOOM으로 대부분 주말에 진행되며, 각 프로그램별로 2~4개월 가량의 호흡으로 운영되고 있습니다. ►모집 일정 2026년 4월 19일(일)까지(구글폼 제출일 기준 7일 이내 1차 결과 통보) 모집 마감기한 전 개별 선발 가능 ►자 격요건 대면: 주 1일(월, 화, 수 중) 10시~18시 중 4시간 대면 활동 + 비대면: 4시간 활동이 가능한 자 ﻿ =총 대면 1회 & 비대면 1회 대략 8시간 소요 * 대학교 졸업자(졸업예정자), 재학생, 휴학생 모두 가능 ►우대 사항 ⭐ 국제관계&정치외교학 관련 전공자 또는 관심 있는 분(혹은 유관 자격증 소지자) 우대 ⭐ 청소년 교육 분야에 열정과 관심이 많으신 분 ⭐ 책임감 있고, 소통이 원활한 분 ►담당업무내용 🌎 청소년 외교관 프로그램 기획 및 운영 🧑‍🏫 외교관 수업 커리큘럼 기획 및 교육자료 제작 & ZOOM 수업 운영 🇺🇳 모의 UN: 국제 문제 이해, 토론을 통해서 청소년과 문제 해결 방안을 모색하면서 회의 진행 & 지원 📝 청소년의 영어 스피치 첨삭 &외교부 전문가 초청 활동/대면 교류 만남 활동 운영 ►활동지 📍대면활동 장소 (요일에 따라 변경될 수 있음) - 관악청년청 (서울시 관악구 신림로3길 35) - 산지 빌딩(서울시 서초구 남부순환로 333길 20) 📍비대면 활동 장소: 개인 별 자택 등 ►활동조건 대면: 주1회(월,화,수 중) 10:00~18:00(중 4시간)/ 요일 협의 가능+ 비대면: 주 최소 4시간 내외 업무/ 업무량에 따라 유동 조절 ►혜택 - 1365로 연계되는 Dovol 봉사시간 입력 - 같은 진로, 다양한 관심사를 가진 멋진 동료들과의 인적 네트워킹 기회 - 역량 강화를 위한 교육 지원 - 활동에 필요한 실비 지원 - 1년 활동 후, 인턴 활동증명서 발급 ✅신청 방법 및 선발 과정 ① 구글폼 접수 https://forms.gle/b68NZxpGS3xAn6Vi7 ② 1차 카카오톡 인터뷰 ③ 2차 전화 인터뷰 ④ 일정 협의 진행 ⑤ 최종 합격 ☞ 선발시점으로부터 1년 임기 ※문의 사항은 대한민국청소년의회 오픈채팅방으로 남겨주시길 바랍니다. https://open.kakao.com/o/sQpEejIc"
311583,주식회사 리화,AI 실습으로 완성하는 사업계획서 작성법,,,,,"“사업계획서… 아직도 어렵게 쓰고 계신가요?” 아이디어는 있는데 어떻게 정리해야 할지 막막하다면, 이번 휴앤커넥트에서는 AI로 사업계획서를 ‘완성’하는 방법을 알려드립니다. 단순한 이론이 아니라 직접 AI를 활용해 아이디어 정리 → 사업계획서 작성 → 발표자료까지 실제로 활용 가능한 결과물을 만들어보는 시간입니다. 특히, 작성한 계획서를 발표자료·카드뉴스 등으로 확장할 수 있어 공모전, 지원사업, 창업 준비까지 바로 연결할 수 있습니다."
311582,챔프스터디,2026 최신 강의 제공! 해커스 그래머 게이트웨이 크리에이터 3기 모집,,,파워블로거/SNS | 콘텐츠 기획/제작 경험,활동비 | 수료증 및 인증서,"💗 해커스 그래머 게이트웨이 크리에이터 3기 💗 💬 영어공부, 그게 왜 어려워? 그 래머 게 이트 웨 이만 있으면 돼! 💨 영어 문법ㆍ회화 실력 UP 💨 대외활동 스펙ㆍ콘텐츠 제작 역량 UP 📍 모집 기간 2026년 3월 30일(월) ~ 4월 12일(일) 📍 합격자 발표 2026년 4월 14일(화) 📍 활동 기간 2026년 4월 16일(목) ~ 5월 19일(화) 🔎 활동 내용 (1) 1~3주차 (포스팅) : 그래머 게이트웨이 교재 및 강의를 학습한 후 미션 가이드라인에 따라 개인 블로그에 주 1회 (총 3회) 후기성 포스팅 발행 (글자 수 1,200자 이상, 이미지 10장 이상) (2) 4주차 (클립) : 그래머 게이트웨이 교재와 강의의 장점과 본인의 학습 과정을 담은 네이버 클립을 개인 블로그에 발행 (최소 40초~최대 90초) ※ 총 4주간 미션 진행 ※ 비대면 활동 🔥 이런 분들 환영해요 🔥 ✔ 영어 실력 & 대외활동 스펙 한방에 잡고 싶은 대학생/취준생 ✔ 영어 문법부터 회화까지 한 번에 완성하고 싶은 분 ✔ 기초 영문법 1달 안에 마스터하고 싶으신 분 ✔ 콘텐츠 제작 및 블로그 활동 스펙 쌓고 싶은 분 ✔ 고퀄리티 교재/강의를 무료로 공부하고 싶으신 분 → 기타 자세한 사항은 홈페이지에서 확인하세요. 🎁 크리에이터 전원 혜택 (1) 2026년 최신 오픈 그래머 게이트웨이 유료 강의 수강권 - 베이직 교재 선택 시, 이지토킹 그래머 게이트웨이 Basic (30강) 제공 - 인터미디엇 교재 선택 시, 이지토킹 그래머 게이트웨이 Intermediate (20강) 제공 ​(2) 해커스톡 이지토킹 그래머 게이트웨이 패키지 3만 원 할인 쿠폰 ※ 유료 강의는 선택한 교재에 따라 지급됩니다. ※ 강의는 크리에이터 활동 기간 동안에만 수강 가능합니다. ※ 크리에이터 활동 중도 포기/이탈 시 제공된 강의는 모두 회수됩니다. 🎁 활동 수료자 한정 혜택 (1) 네이버페이 포인트 20,000원 지급 (2) 크리에이터 활동 수료증 발급 🎁 우수 크리에이터 추가 혜택 네이버페이 포인트 20,000원 추가 지급​ 개성과 열정 가득한 크리에이터 여러분의 지원을 기다립니다! → 자세한 사항은 해커스톡 공식 블로그에서 확인해 주세요. 🙋🏻‍♀️ 지원 방법 아래 포스팅 속 이미지 또는 하단의 구글폼 링크 클릭해 지원서 제출 ▶ https://gouk.kr/LGqkZK"
311581,네오심플릭스,[네오심플릭스] [Dr.Reju-All] 대만향 인플루언서 마케터(인턴),INTERN,,,,"[네오심플릭스] [Dr.Reju-All] 대만향 인플루언서 마케터(인턴) [모집직무] 대만향 인플루언서 마케터 [업무내용] 대만 인플루언서를 발굴하고 시딩(Seeding) 프로그램을 기획·운영하여, 브랜드의 진정한 첫 팬을 만들어갑니다. 대만향 인플루언서와 직접 소통하며 협업 콘텐츠를 기획·제작하고, 브랜드 메시지가 현지 시장에 자연스럽게 스며들 수 있도록 파트너십을 관리합니다. 인플루언서가 제작한 콘텐츠를 분석하여 성과 높은 광고 소재를 발굴하고, 데이터 기반으로 크리에이티브 인사이트를 도출합니다. 캠페인별 성과 데이터를 직접 수집·분석하고, 다음 실행으로 연결되는 인사이트를 도출합니다. [우대사항] 대만어로 소통이 가능하신 분 글로벌 마케팅 분야로 Specialist가 되고 싶은신 분"
311580,위펀,[위펀] 영업팀 인턴 (채용연계형),INTERN,"영업팀 인턴 (채용연계형) | B2B영업/기술영업 | 영업/고객상담 | 일반영업 | B2B영업 | 기술영업 | 왜 ‘영업’이라고 생각하셨나요? ​다른 직무가 아닌 영업을 선택한 이유는 무엇인가요? | 본인이 생각하는 ‘영업을 잘한다’는 것은 무엇인가요? | 실적, 관계, 태도, 사고방식 등 어떤 기준이 중요하다고 생각하나요? | 본인은 영업을 잘할 수 있을 것 같나요? | 그렇다면 그 이유는 무엇인가요? | 잘할 수 있을지 아직 모르겠다면, 그럼에도 불구하고 영업에 도전 하고 싶은 이유는 무엇인가요? | [위펀] 영업팀 인턴 (채용연계형)",,,"[위펀] 영업팀 인턴 (채용연계형) [다음 ​업무를 ​함께 ​할 예정입니다.] - 위펀에서 제공하는 기업 복지·운영·관리 서비스 전반에 대한 영업 업무 경험 - 고객사의 상황과 니즈를 이해하고, 맞춤형 제안 방향을 함께 고민하는 컨설팅 커뮤니케이션 - 리드 파악 → 제안 → 계약 → 운영 연계까지 영업의 전체 흐름을 실무 중심으로 경험 - 운영·물류·CX 등 유관부서와의 협업을 통한 고객 경험 개선 및 서비스 품질 제고 - ※ ​단순 보조 역할이 아닌, 영업이 실제로 성과로 이어지는 구조를 직접 경험하는 포지션입니다. [이런 ​역량을 ​갖춘 분과 ​함께 하고 싶어요 ​.] - 영업 커리어를 시작하고 싶은 분 - 신입 가능 (2026년 졸업 예정자 가능) - 경력자 / 직무 전환 희망자도 지원 가능 - 영업을 하고 싶지만 ​어디서, 어떻게 시작해야 할지 고민해본 적이 있는 분 - 영업에 대해 본인만의 생각과 기준, 철학을 가지고 있는 분 - 말솜씨보다 ​시도하고 실행하는 태도를 더 중요하게 생각하는 분 [퍼니가 되는 여정] - 서류 심사 → 직무/컬처 interview → 최종 합격 - 접수기간 : 채용 시 마감"
311578,피에프씨테크놀로지스,Legal Counsel(사내 변호사),EXPERIENCED,,,,"PFC ​Technologies ""EXTRAORDINARY ​FINANCE ​FOR THE ​ORDINARY"" 보통 사람을 위한 ​보통이 ​아닌 금융 ﻿PFCT는 ​한국은 물론, 진출한 ​모든 시장에서 ​불가능하다고 ​여겨졌던 이정표들을 ​달성하고 ​있는 ​독보적인 금융 기술(Lending ​Tech) ​전문성으로 아시아 금융 ​환경을 ​재편하고 ​있어요. • 대한민국 최고의 ​온투금융사 • B2B AI ​솔루션 ​서비스로 9 ​개국에서 사업을 ​영위하고 ​있는 극소수의 AI ​금융 기술 ​회사 • 대형 테크회사보다 높은 공헌 이익률 약 80%, 분기 손익분기점을 달성하며 빠르게 성장 중인 스타트업 창의적인 사업 전략과 혁신적인 기술력으로 '보통 사람을 위한 보통이 아닌 금융'을 구현할, 한국을 넘어 아시아 전역에서 활약하는 사업 활동에 가슴 뛰는 최고의 인재를 기다리고 있어요. 지금, PFCT와 함께해요! Legal Division 은, 회사의 법무를 총괄하고 법률 자문, 내부 통제, 소송 분쟁 등에 필요한 업무를 수행하며 사업 부서를 지원하는 역할을 수행해요. • 구체적으로는 PFCT가 사업을 영위하고 업무를 수행하는 과정에서 준수하여야 할 관련 법률과 규정, 내규 등을 해석하고 이를 바탕으로 운영에 필요한 지원 업무를 수행해요. [ 팀이 일하는 방식 ] • 높은 윤리 의식과 도덕성을 기반으로 PFCT가 안전하게 성장할 수 있도록 올바르게 판단하고 행동해요. • 금융과 IT에 대한 지식과 사업에 대한 이해도를 가지고 다양한 부서의 동료들과 원활하게 협업해요. Legal Counsel( 사내 변호사) 은 , 🚀 합류하면 이런 일을 해요 • 금융 상품 및 회사 운영 전반에 관한 계약서 작성 및 검토를 총괄해요. • 온라인투자연계금융업법, 금융소비자보호법, 신용정보법, 전자금융거래법 등 관련 법률 검토 의견을 제시해요. • 조직 내부에서 내부 통제와 관련하여 컴플라이언스팀을 지원하고, 사업 부서에 필요한 법률 업무를 수행해요. • 회사 운영 일반과 전략, 거버넌스, IR 등에 필요한 법률적 지원을 제공해요. • 규제 관련 이슈 대응을 위한 금융 감독 당국과 소통해요. • 관련 법령 및 내규에서 법무 부서와 준법 감시인의 업무 영역에 속하는 실무를 수행해요. • 소송 및 분쟁을 관리하고 소송 대리인으로서 업무를 수행해요. 🎯 이런 분을 찾고 있어요 • 국내 변호사 자격이 있는 분 • 내부 통제, 준법 감시, 법무 등 관련 업무 경험이 있는 분 ✨ 이런 경험을 가진 분이면 더 좋아요 • 금융회사 근무 또는 금융업 자문 경험이 있는 분 • 법무 법인 근무 경력이 있는 분 • 협업 솔루션 활용 능력이 있는 분 • 비즈니스 영어가 가능한 분 합류 여정에 대해 알려드려요 채용 프로세스 • 서류 전형 -> 1차 인터뷰(Job-Fit) → 2차 인터뷰(Culture Fit) → 처우 협의 → 최종 합류 지원 서류 • 이력서(필수/자유 양식) • 포트폴리오(선택) • 제출 형식: PDF 파일 권장 안내 사항 • 내부 사정에 따라 채용 일정 또는 절차가 변경될 수 있으며, 변경 시 별도 안내 드릴 예정입니다. • 제출 서류에 허위 사실이 있거나 결격 사유가 확인될 경우, 합격 또는 입사가 취소될 수 있습니다. • 상황에 따라 추가 인터뷰 및 평판 조회 전형이 추가될 수 있습니다. 채용 문의 • recruit@pfct.co.kr PFCT에 대해 더 자세히 알고 싶다면, 아래 링크를 방문해보세요! 📍 PFCT 홈페이지 📍 PFCT 공식 블로그 '피플로그' ﻿﻿ 📍 PFCT 링크드인"
311576,네오심플릭스,[네오심플릭스]  [Dr.Reju-All] 중국향 인플루언서 마케터(인턴),INTERN,,,,"[네오심플릭스] [Dr.Reju-All] 중국향 인플루언서 마케터(인턴) [모집직무] 중국향 인플루언서 마케터 [업무내용] 중국 인플루언서를 발굴하고 시딩(Seeding) 프로그램을 기획·운영하여, 브랜드의 진정한 첫 팬을 만들어갑니다. 중국향 인플루언서와 직접 소통하며 협업 콘텐츠를 기획·제작하고, 브랜드 메시지가 현지 시장에 자연스럽게 스며들 수 있도록 파트너십을 관리합니다. 인플루언서가 제작한 콘텐츠를 분석하여 성과 높은 광고 소재를 발굴하고, 데이터 기반으로 크리에이티브 인사이트를 도출합니다. 캠페인별 성과 데이터를 직접 수집·분석하고, 다음 실행으로 연결되는 인사이트를 도출합니다. [우대사항] 중국어로 소통이 가능하신 분 글로벌 마케팅 분야로 Specialist가 되고 싶은신 분"
311575,(주)공공공간,2026 관광데이터 활용 공모전 웹·앱 개발 부문 (~5/6),,,,상장 수여,"2026년 관광데이터 활용 공모전 웹·앱 개발 부문 □ 접수기간 : 2026. 3. 30. ~ 5. 6.(수) 오후 4시(16시)까지 □ 공모부문: 웹·앱 개발 □ 모집절차 예비 심사 및 OT 서비스 개발 (컨설팅 지원) 기능 심사 최종심사 시상식 5월 중 5월~9월 10월 중 10월 중 11월 중 □ 공모주제: 한국관광공사 OpenAPI를 필수 활용한 웹·앱 등 신규 관광서비스 □ 참가대상 : 대한민국 국민 누구나 (개인/단체) □ 시상내역 구분 선발규모 상금 대상 문화체육관광부 장관상 1팀 1,000만원 최우수상 한국관광공사 사장상 5팀 각 300만원 우수상 한국관광공사 사장상 10팀 각 100만원 장려상 한국관광공사 사장상 15팀 각 50만원 특별상 RTO 기관장상 기관별 1팀 - ※ 대상은 ‘웹·앱 구현 부문’ 공모전(차후 별도 공모 예정)과 통합 심사후 1팀 선정 예정입니다. ※ 심사 결과 적격대상이 없는 경우, 선정 규모는 변경될 수 있습니다. □ 참여방법: 공모전 홈페이지 온라인 접수 공모전 홈페이지 내 양식 다운로드 및 작성 후 기한 내 온라인 접수 □ 기타 동일 서비스로 본 공모전 수상 및 공사 주관 지원 사업 수혜자(서비스 개발·구축지원), 타 공모전 입상작 등은 심사에서 제외됩니다. 공정한 심사를 위해, 접수 마감시(5. 6.(수) 16시)까지 제출된 서류만 평가하며, 제출서류 미비(작성 가이드 미 준수, 작성 항목 누락 등)로 인한 불이익은 지원자 책임입니다. 참가신청서 내 팀 구성원 정보는 정확히 기재해 주시기 바라며, 기재 착오 또는 누락, 연락 불가로 인한 불이익은 지원자 책임입니다. 개발 서비스에 대한 소유권은 지원자에게 있으며 공모전 참여를 위한 제출서류, 공모작 등 초상권, 저작권, 표절 등 관련 법적인 문제가 발생할 경우, 모든 책임은 지원자에게 있습니다. 마감 당일에는 사용자 접속이 많아질 수 있으니, 적어도 마감 한 시간 전에 미리 접수 부탁드립니다. □ 그 외 기타 사항 및 문의 관련은 아래 문의처를 참고해주시길 바랍니다. □ 문의 공모전 운영사무국 이메일 문의: gongmo@stunning.kr 홈페이지 문의: https://api.visitkorea.or.kr/#/cntSearchDetail?no=1"
311574,(주)풀무원,26년 풀무원 소비자 패널 모집 (충북 오송/ 1회 4만원 활동비 지급),,,기타,활동비 | 사은품 지급,"모집 공고문을 꼭 확인해주세요. ※ 본 활동은 활동비가 지급되며, 패널 임명증/활동증명서/수료증 등은 별도 발급되지 않습니다. 문의는 메일로만 접수 가능합니다.(psensory@pulmuone.com)"
311573,기아,(사전공고) [기아] 2026 상반기 신입/전환형 인턴 채용,"NEW, INTERN",,,,💥2026 상반기 기아 공고 확인하기! [기아] 2026 상반기 신입 채용 https://linkareer.com/activity/312143 (Click!) (사전공고) [기아] 2026 상반기 신입/전환형 인턴 채용 [모집분야] - 신입 - 인턴 [모집기간] - 신입 : 2026.4.1 11시 ~ 2026.4.13 11시 - 전환형 인턴 : 2026.4.8 11시 ~ 2026.4.20 11시 [전형절차] - 신입 : 지원서 접수 > 역량검사/서류전형 > 1차면접 > 2차면접 > 채용검진 > 최종합격 - 전환형 인턴 : 지원서 접수 > 역량검사 > 서류전형 > 면접전형(통합면접) > 채용검진 > 최종합격 [지원자격] - 신입 : 학/석사 학위를 보유하신 분 혹은 2026년 8월 졸업 예정이신 분 - 전환형 인턴 : 4학년 1학기 재학 중이신 분
311572,네오심플릭스,[네오심플릭스] [Dr.Reju-All] 일본향 인플루언서 마케터(인턴),INTERN,,,,[네오심플릭스] [Dr.Reju-All] 일본향 인플루언서 마케터(인턴) [모집직무] 일본향 인플루언서 마케터 [우대사항] 일본어로 소통이 가능하신 분 글로벌 마케팅 분야로 Specialist가 되고 싶으신 분
311571,피에프씨테크놀로지스,Senior Data Strategist(데이터 전략가) - Senior CSS Consultant,EXPERIENCED,,,,"PFC ​Technologies ""EXTRAORDINARY ​FINANCE ​FOR THE ​ORDINARY"" 보통 사람을 위한 ​보통이 ​아닌 금융 ﻿PFCT는 ​한국은 물론, 진출한 ​모든 시장에서 ​불가능하다고 ​여겨졌던 이정표들을 ​달성하고 ​있는 ​독보적인 금융 기술(Lending ​Tech) ​전문성으로 아시아 금융 ​환경을 ​재편하고 ​있어요. • 대한민국 최고의 ​온투금융사 • B2B AI ​솔루션 ​서비스로 9 ​개국에서 사업을 ​영위하고 ​있는 극소수의 AI ​금융기술회사 • 대형 테크회사보다 ​높은 공헌 이익률 약 80%, 분기 손익분기점을 달성하며 빠르게 성장 중인 스타트업 창의적인 사업 전략과 혁신적인 기술력으로 '보통 사람을 위한 보통이 아닌 금융'을 구현할, 한국을 넘어 아시아 전역에서 활약하는 사업 활동에 가슴 뛰는 최고의 인재를 기다리고 있어요. 지금, PFCT와 함께해요! Enterprise Analystics Team은, Enterprise Analytics Team은 AIRPACK[AI R isk management solution PACK age/AI 리스크 관리 솔루션]을 활용하여, 금융사의 문제를 해결하는 전문가 조직이에요. • 우리는 단순한 데이터 분석을 넘어, 고객의 비즈니스 본질을 이해하고 실질적인 가치를 창출하는 것을 목표로 해요. • 문제 해결 과정에서 습득한 인사이트를 바탕으로 AIRPACK 고도화에 기여하는 역할도 수행해요. • Enterprise Analytics Team팀은 신용평가 분야에서 17년 이상 컨설팅 경력을 쌓아온 팀장을 중심으로, 8명의 데이터 분석가들이 협력하며 운영되고 있어요. • 자사 솔루션인 AIRPACK[AI R isk management solution PACK age/AI 리스크 관리 솔루션]을 활용하여 신용 평가 모델링, 여신 운영 전략 최적화 등 신용 평가 전반에 대한 다양한 고객사의 문제 해결에 기여하고 있어요. [ 팀 미션 & 성장 목표 ] “우리는 AIRPACK을 활용하여 고객사의 문제를 해결하고, 현장에서 얻은 인사이트를 기반으로 AIRPACK 고도화에 기여한다” 는 간결하지만 강력한 목표 아래 움직이고 있어요. 팀원들은 아래 네 가지 영역에서의 실질적인 성장을 추구해요. a. Professionalism – 전문성과 책임감을 바탕으로 한 일의 완성도 b. Problem Solving – 데이터로 문제의 본질을 파악하고 해결책을 제시하는 역량 c. Communication – 고객사 및 팀 내 원활한 협업을 위한 소통 능력 d. Domain Knowledge – 신용 평가 및 금융업에 대한 깊이 있는 이해 Data Strategist(Senior CSS Consultant) 는, 🚀 합류하면 이런 일을 해요 “Data Strategist”는 제품 AIRPACK [ AI R isk management solution PACK age/AI 리스크 관리 솔루션] 기반 데이터 전략가로서, 신용평가 모델 개발 · 여신 운영 전략 컨설팅·제품 고도화를 통해 금융의 혁신을 주도합니다."" [ AIRPACK 기반 CSS 컨설팅 PM(Project Manager) ] • 고객사 맞춤 컨설팅 기획 • 고객사의 본질적인 비즈니스 문제를 파악하고, 구체적인 해결 방안 및 실행 계획을 제안해요. • 모델 개발 및 전략 최적화 분석 총괄 • AIRPACK을 활용한 신용평가 모델 개발 및 여신 운영 전략(승인, 금리, 한도 등) 최적화 과정을 주도해요. • 프로젝트 관리 • 현장 팀원 - 제품 R&D 팀 - 고객사 등 다양한 이해관계자 사이에서 효율적인 커뮤니케이션을 통한 협업 효과를 극대화하여 프로젝트를 성공으로 이끌어요. [ AIRPACK 고도화 기획 ] • AIRPACK 경쟁력 강화 • 프로젝트를 통해 얻은 인사이트를 기반으로, 알고리즘 설계 · 모듈 추가 등 제품 고도화 방안을 제시하고, PO와 함께 제품 완성 과정에 참여해요. • 신뢰 기반 고객사 관리 • 고객사 핵심 의사 결정권자와의 신뢰를 기반으로 장기 파트너십을 유지하고, 업셀링 · 크로스셀링 기회를 발굴해요. • 고객사의 요구 사항을 명확히 파악하고, PFCT 내부 다양한 팀(제품 R&D 팀, 데이터 분석가, ML 엔지니어 등)을 연결하여 해결 방안을 기획해요. 🎯 저희는 이런 분을 찾고 있어요 • CSS 컨설팅 또는 금융기관(은행/카드/캐피탈/저축은행, CB사 등) 관련 분야 경력 7년 이상 보유한 분 • 통계학, 데이터 사이언스, 컴퓨터공학, 금융공학 등 관련 전공 학사 이상을 졸업한 분 • 신용평가 모델 및 금융 데이터에 대한 이해도가 높은 분 • 프로젝트 리딩 또는 조직 내 협업을 주도한 경험이 있는 분 ✨ 이런 경험을 가진 분이면 더 좋아요 • 금융권 신용평가 모델 개발 및 운영 경험을 보유한 분 • Basel, IFRS 9, XAI 등 금융 규제 요건에 대한 이해도가 높은 분 합류 여정에 대해 알려드려요 채용 프로세스 • 서류 전형 -> 1차 인터뷰(Job-Fit) → 2차 인터뷰(Culture Fit) → 3차 인터뷰(Final) → 처우 협의 → 최종 합류 지원 서류 • 이력서(필수/자유 양식) • 포트폴리오(선택) • 제출 형식: PDF 파일 권장 안내 사항 • 내부 사정에 따라 채용 일정 또는 절차가 변경될 수 있으며, 변경 시 별도 안내 드릴 예정입니다. • 제출 서류에 허위 사실이 있거나 결격 사유가 확인될 경우, 합격 또는 입사가 취소될 수 있습니다. • 상황에 따라 추가 인터뷰 및 평판 조회 전형이 추가될 수 있습니다. 채용 문의 • recruit@pfct.co.kr ﻿ PFCT에 대해 더 자세히 알고 싶다면, 아래 링크를 방문해보세요! 📍 PFCT 홈페이지 📍 PFCT 공식 블로그 '피플로그' ﻿﻿ 📍 PFCT 링크드인"
311570,위펀,[위펀] 커뮤니케이션마케팅 인턴 (채용연계형),INTERN,커뮤니케이션마케팅 인턴 (채용연계형) | 마케팅/PR/분석 | 마케팅/광고/홍보 | 마케팅전략/기획 | 광고기획 | 온라인마케팅 | 시장조사/분석 | 브랜드매니저 | 해외마케팅 | 언론홍보/PR | 설문/리서치 | 자유양식 입니다. | [위펀] 커뮤니케이션마케팅 인턴 (채용연계형),,,"[위펀] 커뮤니케이션마케팅 인턴 (채용연계형) [다음 ​업무를 ​함께 ​할 예정입니다.] - 브랜드/SNS ​콘텐츠 기획 및 제작 ​보조 ​ - 콘텐츠 ​업로드 및 채널 ​운영 (블로그, ​SNS ​등) - ​캠페인/프로모션 ​운영 ​지원 - 대외 ​커뮤니케이션 ​자료 작성 보조 ​ - ​마케팅 ​콘텐츠 성과 모니터링 ​ - 트렌드 ​및 ​레퍼런스 리서치 ​ [이런 ​역량을 ​갖춘 분과 함께 ​하고 싶어요 .] - 콘텐츠 제작 및 마케팅에 관심 있는 분 - SNS/트렌드에 민감한 분 - 글쓰기 및 커뮤니케이션에 강점 있는 분 - 꼼꼼하고 실행력이 좋은 분 [우대사항] - SNS 운영 경험 (개인/팀/브랜드) - 콘텐츠 제작 경험 (블로그, 카드뉴스, 영상 등) - 디자인 툴 사용 경험 (피그마, 포토샵 등) - 스타트업 및 브랜드 마케팅에 관심 있는 분"
311569,한국교통연구원,"한국교통연구원, 2026년 제7기 KOTI 온라인 서포터즈 모집",,,기타,활동비 | 수료증 및 인증서,"2026년 제7기 KOTI 온라인 서포터즈 한국교통연구원에서는 교통이야기를 시민들과 나눌 온라인 서포터즈를 모집하고자 다음과 같이 공지합니다. 관심있으신 분들의 적극적인 참여를 바랍니다. ○모집인원 00명 ○모집기간 2026년 3월 27일(금)~4월 16일(월) ○활동기간 선정완료 시(2026년 4월) ~ 2026년 12월(약 9개월) ○지원방법 지원서* 작성 및 E-mail 송부 ※ 지원서는 별도의 첨부 양식을 활용하여 작성 ○지원자격 교통관련 분야에 관심을 가지고 있으며 소셜미디어를 활발히 사용하는 일반인 ※ 교통관련 블로그 운영, 높은 SNS 팔로워 보유자, 디자인 능력 우수자 우대 ○선정기준 교통분야 관심도 / 온라인 매체 운영 및 활성화 여부 / 디자인 능력 등 ○주요 활동 내용 활동 건수: 블로그 포스팅, 카드뉴스 및 쇼츠영상 제작 월 1건 ○주제 한국교통연구원의 주요 연구보고서 소개: 기본연구, 일반, 연구개발적립금 보고서 ※ 콘텐츠 작성의 대상이 되는 연구보고서 목록 추후 연구원에서 작성하여 공유 연구원 공식행사 또는 교통 관련 세미나, 박람회 등 행사의 현장취재 또는 교통정책 관련 개인 관심사 ※ 교통 정책 관련 개인 관심사 콘텐츠 제작 시 한국교통연구원 발간 보고서 등 연구결과 내용을 활용하되, 사전에 작성하고자 하는 포스팅 주제를 연구원 담당자에게 통보 필요 ※ 연구원 공식행사 개최 소식 등은 메일로 월 1회 발송되는 뉴스레터, 한국교통연구원 공식 홈페이지(https://www.koti.re.kr) 를 통해 서포터즈 개별 확인 제작된 콘텐츠는 서포터즈 개별 매체에 업로드 ※ 월별 우수 포스팅 선정 콘텐츠는 내용 재가공 및 작성자를 명시하여 한국교통연구원 공식계정(홈페이지, 블로그, 페이스북 등)을 통해 공개 예정 연구원 정기간행물 원고 집필 시 추가 원고료 지급 ○참여자 혜택 활동 종료 시 한국교통연구원 온라인 서포터즈 활동증서 수여(한국교통연구원장) 콘텐츠 제작 시 소정의 원고료 지급 우수 콘텐츠로 선정 시 연구원 공식 월간지 원고게재 및 추가 원고료 지급(원고 작성 필요) ○문 의 ggang2da@koti.re.kr"
311568,(사)한국사진작가협회 양산지부,제38회 양산전국사진공모전,,,,상장 수여,"제38회 양산전국사진공모전 ○출품자격 전국 사진동호인 및 애호가 ○출품료 1인당 20,000원 ○작품내용 자유작 및 양산을 소재로 한 작품(미풍양속에 저촉되지 않는 국내·외 미발표작) ○작품규격 컬러 및 흑백 11〃x14〃(장정불요) ○출품수 1인당 4점 (엄수) ○접수처 (사)한국사진작가협회 양산지부 (50620 경남 양산시 양주5길 23-8 하이얀 내) ○출품요령 작품 뒷면에 출품표 부착 (작품명, 성명, 주소, 우편번호, 전화번호 정확히 기재할 것) ○심사결과발표 2026년 7월 13일 (월) (사)한국사협 홈페이지 게재 (http://www.pask.net) ○시상내역 금상 1점 : (사)한국사진작가협회 이사장 상장 및 상금100만원 은상 2점 : (사)한국사진작가협회 경남지회장 상장 및 상금 각30만원 동상 3점 : (사)한국사진작가협회 양산예총지회장 상장 및 상금 각10만원 가작 5점 : (사)한국사진작가협회 양산지부장 상장 장려 5점 : (사)한국사진작가협회 양산지부장 상장(800점 이상시 시상) 입선(총 출품수의 20% 이내) : (사)한국사진작가협회 양산지부장 상장 ○문 의 010-9326-7561(지부장) · 010-6325-7561(부지부장)"
311567,중앙대학교병원,[중앙대학교병원] 중앙대학교의료원 전산정보팀 행정(계약직) 모집 (2026.03-2),CONTRACT,전산정보팀 | ERP/시스템개발/설계 | IT/인터넷 | CTO | DevOps / 시스템 관리자 | 시스템엔지니어(SE) | 임베디드 개발자 | 블록체인 플랫폼 엔지니어 | 하드웨어 엔지니어 | · 성장과정 | · 본인의 장단점 | · 지원동기 및 포부 | · 기타 (경력사항등) | [중앙대학교병원] 중앙대학교의료원 전산정보팀 행정(계약직) 모집 (2026.03-2),,,"[중앙대학교병원] 중앙대학교의료원 전산정보팀 행정(계약직) 모집 (2026.03-2) [주요 업무] - OCS/EMR/EDW 전산 개발 및 운영 [직무역량] - 시스템 유지보수 역량 - 문제 해결 능력 - 협업 능력 - 업무 수행 책임감 및 대응력 [우대사항] - IT 관련 자격증을 취득하신 분 - JAVA, Oracle, Xplatform에 능통하신 분 - 데이터 분석 및 AI 활용 역량이 우수하신 분 [공통자격] - 본원 인사규정 상 결격사유에 해당하지 않는 자 - 해외여행 결격사유가 없는 자 - 남성의 경우 병역필 또는 면제자"
311566,피에프씨테크놀로지스,Junior Data Strategist(데이터 전략가) - Junior CSS Consultant,EXPERIENCED,,,,"PFC ​Technologies ""EXTRAORDINARY ​FINANCE ​FOR THE ​ORDINARY"" 보통 사람을 위한 ​보통이 ​아닌 금융 ﻿PFCT는 ​한국은 물론, 진출한 ​모든 시장에서 ​불가능하다고 ​여겨졌던 이정표들을 ​달성하고 ​있는 ​독보적인 금융 기술(Lending ​Tech) ​전문성으로 아시아 금융 ​환경을 ​재편하고 ​있어요. • 대한민국 최고의 ​온투금융사 • B2B AI ​솔루션 ​서비스로 9 ​개국에서 사업을 ​영위하고 ​있는 극소수의 AI ​금융기술회사 • 대형 테크회사보다 ​높은 공헌 이익률 약 80%, 분기 손익분기점을 달성하며 빠르게 성장 중인 스타트업 창의적인 사업 전략과 혁신적인 기술력으로 '보통 사람을 위한 보통이 아닌 금융'을 구현할, 한국을 넘어 아시아 전역에서 활약하는 사업 활동에 가슴 뛰는 최고의 인재를 기다리고 있어요. 지금, PFCT와 함께해요! Enterprise Analystics Team은, Enterprise Analytics Team은 AIRPACK [ AI R isk management solution PACK age/AI 리스크 관리 솔루션]을 활용하여, 금융사의 문제를 해결하는 전문가 조직이에요. • 우리는 단순한 데이터 분석을 넘어, 고객의 비즈니스 본질을 이해하고 실질적인 가치를 창출하는 것을 목표로 해요. • 문제 해결 과정에서 습득한 인사이트를 바탕으로 AIRPACK 고도화에 기여하는 역할도 수행해요. • Enterprise Analytics Team팀은 신용평가 분야에서 17년 이상 컨설팅 경력을 쌓아온 팀장을 중심으로, 8명의 데이터 분석가들이 협력하며 운영되고 있어요. • 자사 솔루션인 AIRPACK [ AI R isk management solution PACK age/AI 리스크 관리 솔루션]을 활용하여 신용평가 모델링, 여신 운영 전략 최적화 등 신용평가 전반에 대한 다양한 고객사의 문제 해결에 기여하고 있어요. [ 팀 미션 & 성장 목표 ] “우리는 AIRPACK을 활용하여 고객사의 문제를 해결하고, 현장에서 얻은 인사이트를 기반으로 AIRPACK 고도화에 기여한다” 는 간결하지만 강력한 목표 아래 움직이고 있어요. 팀원들은 아래 네 가지 영역에서의 실질적인 성장을 추구해요. a. Professionalism – 전문성과 책임감을 바탕으로 한 일의 완성도 b. Problem Solving – 데이터로 문제의 본질을 파악하고 해결책을 제시하는 역량 c. Communication – 고객사 및 팀 내 원활한 협업을 위한 소통 능력 d. Domain Knowledge – 신용평가 및 금융업에 대한 깊이 있는 이해 데이터 전략가를 꿈꾸는 신입이라면 누구나! 인턴 전환 기회가 있는 ' AI 신용평가 아카데미'에 참여해보세요! 관련 링크 • 국내 최초! AI 신용평가 아카데미 • AI 신용평가 아카데미 제1회 교육생들의 찐 후기 모음집.zip Data Strategist(Junior CSS Consultant) 는, 🚀 합류하면 이런 일을 해요 • “Data Strategist”는 제품 AIRPACK [ AI R isk management solution PACK age/AI 리스크 관리 솔루션] 기반 데이터 전략가로서, 신용평가 모델 개발 · 여신 운영 전략 컨설팅 · 제품 고도화를 통해 금융의 혁신을 주도해요."" [ AIRPACK 기반 CSS 컨설팅 ] • 고객사 맞춤 컨설팅 • 데이터 분석을 통해 고객사의 본질적인 비즈니스 문제를 해결해요. • 모델 개발 및 전략 최적화 • AIRPACK을 활용한 신용 평가 모델 개발 및 여신 운영 전략(승인, 금리, 한도 등) 최적화 분석을 수행해요. • 보고서 작성 • 프로젝트 제안서 분석 결과를 명확한 인사이트로 가공해 전달해요. [ AIRPACK 고도화 기여 ] • AIRPACK 개선 아이디어 제안 • 프로젝트를 통해 얻은 경험을 제품 개선 피드백으로 전달해요. • 고객사 관리 지원 • 고객사 운영 현황 모니터링, VOC 수집·정리, 이슈 대응 업무를 지원해요. 🎯 저희는 이런 분을 찾고 있어요 • 통계학, 데이터 사이언스, 컴퓨터공학, 금융공학 등 관련 전공 학사 이상을 졸업한 분 • 3년 이상 6년 이하의 데이터 분석 또는 컨설팅 경력을 지닌 분 (석사 학위 소지 시, 경력 2년 인정) • Python, R 등 데이터 분석 도구를 활용한 데이터 전처리부터 모델링까지 가능한 분 • 논리적 사고 및 문서화 역량이 높은 분 ✨ 이런 경험을 가진 분이면 더 좋아요 • 금융권 신용평가 모델 개발 및 운영 경험을 보유한 분 • 신용평가 모델 및 금융 데이터에 대한 이해도가 높은 분 • B2B 환경에서 고객 니즈를 데이터로 구체화하여 프로젝트를 완수해 보신 분 합류 여정에 대해 알려드려요 채용 프로세스 • 서류 전형 → 1차 인터뷰(Job-Fit) → 2차 인터뷰(Culture Fit) → 3차 인터뷰(Final) → 처우 협의 → 최종 합류 지원 서류 • 이력서(필수/자유 양식) • 포트폴리오(선택) • 제출 형식: PDF 파일 권장 안내 사항 • 내부 사정에 따라 채용 일정 또는 절차가 변경될 수 있으며, 변경 시 별도 안내 드릴 예정입니다. • 제출 서류에 허위 사실이 있거나 결격 사유가 확인될 경우, 합격 또는 입사가 취소될 수 있습니다. • 상황에 따라 추가 인터뷰 및 평판 조회 전형이 추가될 수 있습니다. 채용 문의 • recruit@pfct.co.kr PFCT에 대해 더 자세히 알고 싶다면, 아래 링크를 방문해보세요! 📍 PFCT 홈페이지 📍 PFCT 공식 블로그 '피플로그' ﻿﻿ 📍 PFCT 링크드인"
311565,국산목재이용기술협회,국산목재이용기술대상 공모전,,,,상장 수여,"국산목재이용기술대상 공모전 ○시상 분야 목재소재 기술, 목조건축 기술, 목재제품 기술, 산업화/사업화, 정책/공공기여 분야 등 ○응모 대상 - 국산목재이용 확대에 기여한 관련 기업 - 관련 연구기관, 대학 및 개인 연구자 - 목재산업 관련 스타트업 등 대한민국 국민 누구나 ○공적 범위 학술연구, 기술개발, 사업화 등 최근 10년 이내의 성과 ○시상 내역 국산목재이용기술대상 산림청장상 : O점, 150만원 / 전 부문 국산목재이용기술대상 국립산림과학원장상 : O점, 100만원 / 과학,기술 국산목재이용기술대상 한국임업진흥원장상 : O점, 100만원 / 산업중심 국산목재이용기술대상 목재문화진흥회장상 : O점, 100만원 / 문화,교육 국산목재이용기술협회장상 : O점, 소정의 포상/ 공로 ※ 특전: 수상자에게는 상장, 포상금 및 국산 목재로 제작된 트로피가 수여됨. ※ 포상금 규모는 규정에 따라 조정될 수 있음. ※ 심사과정 중 각 부문 해당 수여 대상자가 없을 수 있음. ○심사 기준 산목재 활용도(30%), 기술적 독창성(25%), 경제적 파급효과(20%), 지속가능성(15%), 사회적 가치(10%) ○심사 방법 1차 추천 서류심사 후 선정된 후보자를 대상으로 2차 서류심사 진행, 최종 수여자 확정 ○접수 기간 2026년 3월 23일(월) ~ 5월 29일(금) 18:00까지 ○제출 서류 포상 추천서(소정 양식) 제출 ○접수 방법 협회 이메일(kwood@kwuta.kr) ○추진 일정 1. 1차 서류접수 마감: ~ 5월 29일(금) 오후 6시 2. 1차 서류심사 및 결과 발표: ~ 6월 12일(금) 오후 6시 3. 2차 서류접수 마감: ~ 7월 10일(금) 오후 6시 4. 최종 수상자 확정: ~ 7월 31일 5. 시상식: 8월말 예정 (정확한 날짜와 장소는 추후 공지) (단, 2차서류 접수는 1차 서류심사에서 합격한 자 또는 단체에 해당하며 추가 증빙서류를 제출해야 함. 2차 서류에 대한 증빙서류는 추후 개별 연락할 계획임) ○문 의 (사)국산목재이용기술협회 사무국 (간사 손정일 전무이사, 010-7576-0442)"
311564,중앙대학교병원,[중앙대학교병원] 중앙대학교의료원(광명병원) 보험심사팀 행정직(간호사) (정규직) 모집 (2026.03),NEW,보험심사팀 행정직(간호사) | 간호사 | 의료 | 의사/치과/한의사 | 약사/한약사/약무보조 | 간호조무사 | 의료기사 | 사무/원무/코디 | 수의사/수의간호 | 의료직기타 | · 성장과정 | · 본인의 장단점 | · 지원동기 및 포부 | · 기타 (경력사항등) | [중앙대학교병원] 중앙대학교의료원(광명병원) 보험심사팀 행정직(간호사) (정규직) 모집 (2026.03),,,[중앙대학교병원] 중앙대학교의료원(광명병원) 보험심사팀 행정직(간호사) (정규직) 모집 (2026.03) [주요 업무] - 진료비 심사 업무 [직무역량] - 의사소통 능력 - 문제 해결력 - 책임감 - 팀워크 [필수사항] - 간호사 면허 소지자 - 보험심사관리사 자격 소지자 [우대사항] -종합병원 이상의 의료기관에서 심사 및 청구 업무 경력자 -종합병원 이상의 의료기관에서 임상경력 3년 이상 경력자 [공통자격] - 본원 인사규정 상 결격사유에 해당하지 않는 자 - 해외여행 결격사유가 없는 자 - 남성의 경우 병역필 또는 면제자
311563,중앙대학교병원,[중앙대학교병원] 중앙대학교의료원(광명병원) 간호본부 순환기내과 전담간호사 (계약직) 모집 (2026.03),CONTRACT,간호본부 (진료지원 간호팀) | 간호사 | 의료 | · 성장과정 | · 본인의 장단점 | · 지원동기 및 포부 | · 기타 (경력사항등) | [중앙대학교병원] 중앙대학교의료원(광명병원) 간호본부 순환기내과 전담간호사 (계약직) 모집 (2026.03),,,[중앙대학교병원] 중앙대학교의료원(광명병원) 간호본부 순환기내과 전담간호사 (계약직) 모집 (2026.03) [주요 업무] - 순환기내과 전담간호 업무 [직무 역량] - 의사소통 능력 - 문제 해결력 - 책임감 - 팀워크 [필수사항] - 간호사 면허 소지자 - 2교대 근무 및 주말 근무 가능자 [우대사항] - 최근 대학(종합)병원 임상경력 보유자 (2년이상) - 관련 부서 경력자 우대 - 즉시 근무 가능자 [공통자격] - 본원 인사규정 상 결격사유에 해당하지 않는 자 - 해외여행 결격사유가 없는 자 - 남성의 경우 병역필 또는 면제자
311562,사단법인 굿네이버스 경기강원권역본부,[굿네이버스 경기강원권역본부] 위기가정지원사업 사례관리 시간제 계약직 채용,CONTRACT,,,,"사단법인 굿네이버스 경기강원권역본부에서는 함께 근무할 직원을 모집합니다. 관심 있는 분들의 많은 지원 바랍니다. ▣ 모집정보 - 모집기간 : 2026-03-20(금)~ 2026-04-13(월) - 모집인원 : 1명 - 근무형태 : 계약직 - 경력 : 무관 - 급여 : 시급 10,320원, 명절 수당 별도 지급 ▣ 기관정보 및 근무지 - 기 관 명 : 굿네이버스 경기강원권역본부 - 주소지 : 경기도 수원시 권선구 매송고색로 744 3층 301호 - 전 화: 031) 8061-7038 - 팩 스: 031) 8061-7047 ▣ 채용 정보 - 모집인원 : 1명 - 고용형태 : 시간제 계약직 (계약기간 : 2026년 5월 1일 ~ 2026년 12월 31일 / 근무기간 : 8개월) - 근무시간 : 매주 월~목요일 / 09:00~17:00 (일 7시간, 주 4일 근무) - 근무조건 : 급여 및 복리후생 법인 규정에 따름 - 근무장소 : 굿네이버스 경기강원권역본부 (경기도 수원시 권선구 매송고색로 744 3층) - 담당업무 : 국내위기가정지원사업(고려인지원사업 외) / 관련 행정 업무 등 - 우대사항 : 사회복지전공, 유관 경력 및 자격증 소지자 우대 - 문의사항 : 031-8061-7038 / 김현희 차장 ▣ 전형과정 및 일정안내 - 1차전형(서류접수): 2026년 3월 20일(금) ~ 4월 13일(금) - 서류 합격자발표 : 2026년 4월 15일(수) / 개별연락 - 2차전형 : 면접/ 일정 추후안내 / 경기강원권역본부 교육실 - 최종합격자 발표 : 일정 추후안내 / 개별연락 ▣ 모집전형 방법 안내 - 접수방법 : 이메일 접수 (E-mail : oasis_hee@gni.kr) - 제출서류 : 가. 입사지원서 나. 최종학력 졸업(예정)증명서 및 성적증명서 각 1부. 다. 주민등록등본 1부/ 주민등록 초본 1부 (남자만 해당, 군 경력사항 포함) 라. 경력증명서 및 자격증 (사본)- 사회복지자격증 , 운전면허증 외 각 1부. 마. 채용신체검사서 ※ 모든 제출서류는 원본을 스캔하여 첨부하여, 개인정보보호법 시행에 따라 제출서류에 주민등록번호가 기재되어 있는 경우 뒷번호를 가려서 제출해주시기 바랍니다. ▣ 입사지원서 작성 시 유의사항 - 양식의 임의 변경 및 내용의 불성실 작성 시 전형 상 불이익을 받을 수 있습니다. - 이력서 내용이 사실과 다를 경우 합격취소의 사유가 됩니다. - 증명서류 제출이 불가능한 공인시험(기한만료), 자원봉사활동 및 경력사항은 기입하지 않습니다."
311561,동부건설,[동부건설] 2026년 대졸 신입사원 공개채용,NEW,"품질-품질관리 | 생산관리/공정관리/품질관리 | 생산/제조 | 생산관리 | 공정관리 | 품질관리 | 자재관리 | 환경관리 | · 1. 동부건설에 지원한 동기와 입사 후 포부를 기술해주십시오. | · 2. 본인의 성장과정과 삶의 가치관에 대해 기술해주십시오. | · 3. 지원직무를 수행함에 있어 가장 필요한 역량이 무엇인지 기술하고, 해당 역량을 갖추기 위해 어떤 노력을 해왔는지 기술해주십시오. | · 4. 동부건설의 핵심가치(창의, 열정, 신뢰)중 본인을 가장 잘 표현하는 가치관 1개를 선택하고, 그 이유를 본인의 경험과 함께 작성해주십시오. | [동부건설] 2026년 대졸 신입사원 공개채용 | 경영지원-IT | IT/인터넷 | 웹개발 | 응용프로그램개발 | ERP/시스템개발/설계 | 네트워크/서버/보안 | DBA/데이터베이스 | 콘텐츠/사이트운영 | 웹기획/PM/웹마케팅 | HTML/퍼블리싱/UI개발 | QA | 게임 | 경영지원-사무 | 사무보조/문서작성 | 경영/사무 | 사무/총무/법무 | 사무보조 | OA/문서작성 | 홈페이지관리 | 총무 | 문서관리 | 인허가업무 | 비서 | 법무 | 비품/시설관리 | 특허/저작권업무 | 안내/리셉션",,,"[동부건설] 2026년 대졸 신입사원 공개채용 [모집분야] - 공고 이미지 참조 [지원자격] · 정규 4년제 대학(이상) 기졸업자 또는 2026년 8월 졸업예정자 · 지원분야 관련학과 전공자 · 2026년 6월 내 입사 가능한자 · 해외여행에 결격사유가 없는 자(남성의 경우, 병역을 마쳤거나 면제인 자) · 품질 : 관련(건축/토목공학 등)전공자 / 건설재료시험기사 자격 보유자 · IT : 관련(컴퓨터공학, 정보통신, 소프트웨어 등)전공자 · (IT 시스템에 대한 기본 이해 보유자) [우대사항] · 지원분야 관련 자격증, 수상경력, 인턴 경험 보유자 · 어학우수자(제출 마감일 기준 2년 이내 취득) · 석사 이상 학위 보유 [채용절차] - 서류심사 > AI역량검사 > 1차면접 (PT/실무) > 2차면접 (임원) > 채용검진 > 합격자 발표"
311560,(주)힐링페이퍼,[강남언니 팀/ 병원 마케팅] 글로벌 콘텐츠 마케팅 인턴 (일본),INTERN,,,,"함께할 스쿼드를 ​소개해요 병원 ​마케팅 ​스쿼드는 힐링페이퍼 ​파트너 병원의 성장을 위해 ​글로벌 ​마케팅 전략을 ​설계하고 실행해요. 글로벌 고객을 ​대상으로 한국 ​의료·뷰티 ​서비스를 효과적으로 ​알리는 ​방법을 ​실험하고 있어요. 앞으로 이런 ​일들을 ​하게 될 거예요 일본 ​시장 ​타겟 ​소셜미디어·커뮤니티 채널 리서치 ​및 트렌드 ​분석 현지 ​SNS·커뮤니티에 콘텐츠 ​업로드 및 ​바이럴 게시물 ​반응, 유입, 전환 ​등 성과 ​지표 모니터링 및 데이터 분석 성과 지표를 기반으로 콘텐츠 개선 아이디어 도출 및 실행 경쟁 병원 및 현지 마케팅 사례 분석을 통한 인사이트 도출 이런 분을 모시고 싶어요 일본어로 커뮤니케이션이 가능하며, 일본 문화 및 온라인 커뮤니티에 대한 이해가 있으신 분 소셜미디어를 일상적으로 사용하며, 트렌드에 민감하신 분 콘텐츠 성과(유입·전환 등)를 분석하고 개선해보신 분 데이터를 분석하고 숫자 기반으로 사고하는 데 익숙하신 분 이런 점이 있다면 더욱 좋아요 인플루언서 마케팅 또는 콘텐츠 시딩 경험이 있으신 분 SNS(Instagram, X 등) 운영 경험이 있으신 분 디지털 마케팅 성과 지표(CTR, 전환율 등)에 대한 기본적인 이해가 있으신 분 의료·뷰티 산업에 관심이 있으신 분 이런 경험과 성장을 할 수 있어요 일본어 역량을 활용해 실제 글로벌 마케팅을 직접 실행해볼 수 있어요. 콘텐츠 기획 → 시딩 → 성과 분석 → 개선까지의 전 과정을 경험할 수 있어요. 글로벌 타겟 마케팅에서 문화적 차이가 성과에 어떻게 연결되는지 체감해볼 수 있어요. 이런 과정으로 합류해요 서류지원 > 직무 인터뷰(오프라인) > 최종합격 포트폴리오 제출 필수 (기획, 제작 등 항목별 기여도 표기 필수) 참고해 주세요 체험형 인턴으로 근무 기간은 6개월이에요. 외국 국적 보유자의 경우, 근로 가능 여부 확인을 위해 현재 보유하고 있는 비자 종류를 이력서에 기재해주세요. 강남언니 팀 서포팅 패키지 최신 고사양 업무 장비 지원 동료들과의 점심/저녁 식사비용 지원 커피 타임 지원 사내 길드(동호회) 활동 지원"
311559,(주)영림원소프트랩,2026 춘계통합학술대회 대학생 ERP 아이디어 공모전,,,,입사시 가산점 | 상장 수여,"상세 내용 2026 춘계통합학술대회 대학생 ERP 아이디어 공모전은 AI 및 디지털 전환 시대에 대응할 수 있는 실무형 ERP 인재를 발굴하고, 산업 현장의 문제를 데이터와 기술 기반으로 해결할 수 있는 창의적인 아이디어를 도출하기 위해 개최됩니다. ■ 참가 대상 국내 대학(원) 재학생 및 휴학생 누구나 참여 가능 (개인 또는 팀 단위, 인원 제한 없음) ■ 공모 주제 영림원 Cloud ERP ‘SystemEver’를 중심으로 다음과 같은 ERP 기반 아이디어 제안 ERP 기능 개선 및 프로세스 혁신 사용자 경험(UI/UX) 개선 AI 및 데이터 기반 업무 지능화 ERP 기반 모바일 앱 및 서비스 아이디어 ※ 예시 ERP 기반 모바일 앱 / 웹 솔루션 (업무용, 직원용, 임원용 등) ERP 기능 확장 (AI, ESG, 예측, 자동화 등) UI/UX 개선 및 업무 효율화 아이디어 데이터 기반 의사결정 지원 및 생산성 향상 방안 공공·비영리 분야 ERP 응용 아이디어 ■ 진행 일정 아이디어 개요서 제출 마감 : 2026년 4월 21일(화) 오전 9시까지 본선 진출팀 발표 : 2026년 4월 27일 본선 준비 온라인 멘토링 : 2026년 5월 8일 본선 발표자료 제출 : 2026년 6월 4일 오전 9시까지 본선 발표 및 시상 : 2026년 6월 5일 ※ 본선 발표는 오프라인 진행되며, 발표 외 팀원 참석은 권장사항입니다. ■ 접수 방법 춘계통합학술대회 홈페이지 접속 후 온라인 제출 제출서류 아이디어 개요서 (최대 7페이지) 개인(팀) 정보 및 활용 동의서 ※ 본선 진출 시 발표자료(PPT 20장 이내) 제출 발표시간 20분 (질의응답 포함) ■ 시상 내역 대상 : 상장 및 상금 200만원 최우수상 : 상장 및 상금 100만원 우수상 : 상장 및 상금 50만원 ※ 수상자 중 일부는 영림원소프트랩 채용 시 우대 ■ 평가 기준 ERP 활용도 아이디어 혁신성 적용 가능성 제출 완성도 구현 결과물 및 발표 전달력 (본선) ■ 유의 사항 제출 아이디어는 타 공모전 미출품 작품이어야 함 저작권은 제출자에게 있으나, 활용권은 주최 측에 귀속될 수 있음 제출 자료는 반환되지 않음 기준에 부합하지 않을 경우 수상작이 선정되지 않을 수 있음 ■ 문의 학술대회 문의 : paper@kmis.or.kr ERP 관련 문의 : kmits@ksystem.co.kr Flextudio : https://flextudio.com ERP 계정 : www.ERPAccount.kr"
311557,마야크루,"[마야크루] 글로벌 TikTok 커머스 콘텐츠 마케터(6개월, 정규직 전환형)",INTERN,,,,"[마야크루] 글로벌 TikTok 커머스 콘텐츠 마케터 (6개월, 정규직 전환형) 접수 기간 2026-03-30 ~ 2026-04-06 모집부문 및 상세내용 모집 부문 상세내용 글로벌 TikTok 커머스 콘텐츠 마케터 (0명) 담당업무 <코스덕은 어떤 팀인가요?> 코스덕은 한국 브랜드의 글로벌 TikTok Shop 성장을 직접 설계하고 실행하는 콘텐츠 커머스 팀입니다. 미국 법인을 기반으로 K-Beauty 브랜드들의 TikTok Shop 운영, 인플루언서 캠페인, 광고, 물류까지 전 과정을 직접 실행하고 있습니다. 2024년 미국 법인 설립 이후, 자체 PB 브랜드 HEEDA, MAPDA를 직접 런칭하고 운영하며 TikTok 알고리즘, 콘텐츠 구조, 인플루언서 성과 데이터를 실전에서 축적해 왔습니다. 이렇게 축적한 데이터를 바탕으로 현재는 컬러그램, 비플레인 등 국내 탑 브랜드들의 북미 TikTok Shop 운영과 글로벌 마케팅을 전담하고 있습니다. 지금 코스덕은 북미에서 검증된 구조를 기반으로 동남아, 유럽, 일본으로 확장하는 단계에 있으며, 글로벌 커머스의 0 → 1과 1 → 10을 동시에 경험할 수 있는 시기입니다. ■ 합류하면 함께 할 업무예요 단순 운영 보조가 아닌, 콘텐츠로 실제 매출을 만드는 글로벌 TikTok 커머스 실전 포지션입니다. - 북미 및 글로벌 TikTok Shop 콘텐츠·광고 캠페인 기획 및 운영 - 미국 및 글로벌 인플루언서 발굴, 협업, 콘텐츠 디렉션 - 콘텐츠·광고 퍼포먼스 데이터 분석 및 개선 전략 도출 - 브랜드 주요 제품 기반 기획 번들, 프로모션 기획 - TikTok 콘텐츠 → 광고 → 매출까지 전 과정 운영 - PB 브랜드(HEEDA, MAPDA) 글로벌 TikTok Shop 실전 운영 참여 채용형태 - 인턴 6개월 인턴 근무 종료 시점에 실시되는 평가 결과에 따라 정규직 전환 여부 또는 근무 기간 연장 등이 결정됩니다. 우대조건 ◼︎ 이런 분과 함께 하고 싶어요 전공·경력보다 콘텐츠 감각과 실행력을 가장 중요하게 봅니다. - TikTok, 숏폼 콘텐츠, 인플루언서 마케팅에 관심이 크신 분 - ‘조회수’가 아니라 콘텐츠로 매출을 만들어보고 싶은 분 - 미국 및 해외 크리에이터와 소통 가능한 영어 커뮤니케이션 역량 - 주어진 일을 처리하는 것보다, 직접 기획하고 실행해보고 싶은 분 - 직감이 아니라 데이터로 판단하는 마인드를 가진 분 - 빠른 실행과 빠른 피드백 환경이 잘 맞는 분 ◼︎ 이런 경험이 있다면 더욱 좋아요 - 뷰티 회사/업계에서 인턴, 아르바이트 등의 유관 경험이 있으신 분 - 창업에 대한 꿈 또는 관련 경험이 있으신 분 - 해외 거주 경험이 있으신 분 - Excel, SQL 등을 경험해 보신 분 ■ 합류 여정 • 서류 전형 ＞ 사전 인터뷰(비대면) ＞ 실무 인터뷰 ＞ 인턴 최종합격 • 제출 서류 : 이력서(필수), 포트폴리오 및 자기소개서(선택) - 단순 액션과 결과물이 아닌, 어떤 가설과 생각을 기반으로 액션을 취했는지에 대한 결과와 논리를 담아주세요. • 본 채용 절차에서 수집된 개인정보는 (주)마야크루 개인정보 처리방침 및 채용 절차법에 따라 관리되며, 채용 목적 외 사용되지 않습니다. 자격요건 학력 대학졸업(4년) 이상(졸업예정자 가능) 근무조건 급여 회사 내규에 따름 근무지역 서울 마포구 와우산로 121 3층 전형 절차 Step 1 서류전형 Step 2 면접 전형 Step 2 최종합격 지원 기간 및 방법 접수기간 2026-03-30 ~ 2026-04-06 접수방법 홈페이지 지원 복리후생 ■ 함께 할 동료들의 한 마디 • Luffy : Dream Big, Aim High! 😎 • Hyuny : It always seems impossible until it’s done. Let's get it done together! 💕 • Jade : No playbook? No problem. Let’s make it happen! ❤️‍🔥 • Dani : If you're a fast learner who loves taking initiative, you'll fit right in! It's not just an internship - it's a chance to grow with the brand as a true brand partner!✨ • Lucy : Never underestimate yourself! You're capable of more than you think! 🙌 • Elon : Welcome to the best place to grow into FSD!🤗 ■ 일하는 방식 & 복지 어떻게 평범한 사람들이 모여 혁신적인 성장을 만들어낼 수 있을까요? 고객 집착, 데이터 중심, 빠른 속도보다 더 중요한 핵심 가치는 바로 직원의 행복입니다. 우리는 회사 구성원들의 삶이 바뀔 수 있어야 비로소 세상을 바꾸는 혁신이 가능해진다고 믿습니다. 1) 회사는 즐거워야 합니다. 직원과 고객 그리고 주주 중 과연 누가 우선일까요? 당연히 직원이 먼저입니다. 하루의 절반을 지내는 회사의 삶이 스트레스라면 얼마나 불행한 인생일까요? 회사 구성원들이 행복한 회사가 되어야 회사가 전체적인 힘을 발휘할 수 있습니다. 일할 때는 최고의 동료로, 놀 때는 최고의 친구로 서로를 응원하고 지지합니다. 2) 회사는 성장해야 합니다. 마야크루는 매년 3배 이상 연속해서 성장중에 있습니다. 나의 성장, 동료의 성장, 회사의 성장을 만들어갑니다. 마야크루에는 매월 초가 되면 회사의 성과와 목표를 투명하게 공유하는 문화가 있습니다. 매월 성장의 신기록을 세워가고 있습니다. 3) 회사는 가슴 뛰어야 합니다. 성장할 때만큼 가슴뛰는 순간이 없습니다. 회사의 성장은 단순히 숫자의 증가가 아니라, 구성원들의 역량이 성장할 때 이뤄집니다. 각 구성원들의 잠재력이, 가슴 뛰는 성취로 이어질 수 있도록 최선을 다해 지원해드립니다. 전직원 맥북 지원, GPT 유료계정 지원, 도서 구매 지원 등 성장에는 아끼지 않습니다. GPT4를 현업에서 직접 활용해볼 수 있게 전 직원에게 유료 계정을 제공해드리며 매월 정기적으로 교육 세션을 진행하고 있습니다. 이외에도 이런 혜택을 제공드립니다. ■ 복리후생 • 전 직원 맥북, 모션데스크 지원 • 유연 출퇴근제 (9~10시) • 긴 점심시간 (90분) • 수평적 호칭 문화 • 자유로운 연차, 반차 사용 • GPT 유료 계정 지원 • 도서 구매, 교육 지원 • 명절 상여금 • 간식 & 커피 무한 공급 • 경조휴가 및 화환 지원 • 3년 이상 근속 시, 14일 리프레시 휴가 제공 • 해외 및 국내 워크샵 지원 • 명절 단축근무 및 선물 제공 • 사내인재 추천제도 100만원 지급 • 자사 제품 50% 할인 유의사항 허위 사실이 발견될 경우 채용이 취소될 수 있습니다."
311556,(주)솔데스크,자바 스프링 프레임워크와 생성형 AI 결합 실무 과정 교육 모집,,,,,"솔데스크 IT 교육 학원 K-디지털트레이닝 교육 가비아 클라우드 기반의 그룹웨어 개발자 양성과정 Java 파이썬 AI IT 풀스택 개발자 부트캠프 ▶ 교육 일정 - 과정 기간 : 4월 14일 ~ (6개월) - 교육 장소 : 서울 종로구 종로12길 15 (솔데스크 종로 본원) ▶ 풀스택 / AI 부트캠프 과정 주요 내용 ☞ 프로그래밍 기초 및 데이터베이스 ☞ 풀스택 웹 애플리케이션 개발 ☞ 데이터 분석 & 자동화 ☞ 생성형 AI 활용 ☞ g클라우드 서버 활용 및 관리 ☞ 실무 중심 팀 프로젝트 ▶‍ 참가 대상 ☞ IT 직무 취업 준비생 (내일배움카드 필수) ☞ 취업준비에 지치신 분 ☞ 인공지능AI활용 개발자를 꿈꾸시는 분 ☞ 비전공자도 OK, 학력 & 전공 무관 ☞ 체계적인 취업지원을 받으며, IT 분야로 취업을 희망하는 분 ▶ 혜택 ☞ 4년제 대졸 가비아 입사지원 서류패스 ☞ 수강료 90%~100% 국비지원 (개인별 지원 유형에 따라 혜택 상이) ☞ 매월 최대 90만원 훈련장려금 (국민취업제도 포함) ☞ 면접 트레이닝 ☞ 현직자 멘토링 + 채용설명회 ☞ 수료후 6개월 취업지원 & 취업연계 ☞ AI 모델 개발 리소스 제공(H200) ☞가비아 클라우드 전액무료 지원 ▶ 지원방법 ☞ 구글폼 접수 (선착순 마감) https://forms.gle/ph5KkxmtmVksrmRS8 ▶ 문의 방법 전화 : 1544-0714"
311555,마야크루,"[마야크루] CX manager (3개월, 정규직 전환형)",INTERN,,,,"[마야크루] CX manager (3개월, 정규직 전환형) 접수 기간 2026-03-30 ~ 2026-04-06 모집부문 및 상세내용 모집 부문 상세내용 CX Manager (0명) 담당업무 <슈퍼멤버스 CX팀, 이렇게 성장하려고 해요> 슈퍼멤버스 CX팀은 고객의 문제를 가장 먼저 발견하고 이를 서비스 개선으로 연결하는 팀입니다. CX팀은 고객과 가장 가까운 위치에서 얻은 인사이트를 기반으로 반복적으로 발생하는 고객 문제를 구조화하고, 서비스 개선이 필요한 지점을 발견하며, 개발팀 및 내부 팀과 협업하여 실제 서비스 개선으로 연결합니다. 즉 CX팀은 고객 문의 → 문제 정의 → 서비스 개선 → 고객 경험 향상 까지 이어지는 슈퍼멤버스의 고객 경험을 설계하는 역할을 담당합니다. 이번 CX 인턴은 단순한 CS 업무를 넘어 고객 문의 데이터를 기반으로 서비스 문제를 발견하고 개선하는 CX 업무 전반을 경험하게 됩니다. ■ 합류하면 함께 할 업무예요 1. 고객 소통 및 서비스 운영 - 슈퍼멤버스 앱 내 1:1 게시판과 카카오톡 문의를 응대하며 고객이 겪는 문제의 근본적인 원인을 파악합니다. - 블로거 및 사장님의 문의를 확인하고 문제 상황을 정리하여 해결을 지원합니다. - 반복적으로 발생하는 문의를 정리하고 문제의 구조와 원인을 분석합니다. - 상담 과정에서 발견된 이슈를 내부 팀과 공유하고 서비스 개선 포인트를 정리합니다. 2. CX 개선 및 서비스 고도화 - 고객 문의(VOC)를 기반으로 서비스 개선이 필요한 포인트를 발견합니다. - 반복 문의를 줄이기 위해 SOP 및 고객 가이드 문서를 작성하고 업데이트합니다. - 백오피스 및 서비스 기능 개선이 필요한 부분을 정리하고 개발팀과 협업합니다. - 고객의 행동 흐름을 기반으로 유저 여정(User Journey)을 분석하고 문제를 발견합니다. 앞으로 CX팀은 고객 문의 데이터를 기반으로 서비스 개선 → 프로덕트 개선 → CX 전략 수립까지 확장해 나갈 예정입니다. 채용형태 - 인턴 3개월 인턴 근무 종료 시점에 실시되는 평가 결과에 따라 정규직 전환 여부 또는 근무 기간 연장 등이 결정됩니다. 우대조건 ◼︎ 이런 분과 함께 하고 싶어요 - 고객과의 접점에서 CS 또는 CX 경험이 있으신 분 (아르바이트, 인턴 등 포함) - 빠르게 변화하는 환경에서도 업무의 우선순위를 설정하고 실행할 수 있는 분 - 고객의 질문 뒤에 숨은 진짜 문제를 파악하려는 사고 방식을 가지신 분 - 필요한 지식을 스스로 학습하며 성장하려는 셀프 스터디 역량이 있으신 분 - 문제를 구조적으로 정리하고 문서로 정리하는 것을 어려워하지 않으신 분 ◼︎ 이런 분이라면 더욱 좋아요 - IT 기업 또는 스타트업 환경에서 인턴 또는 프로젝트 경험이 있으신 분 - 유저 행동이나 고객 여정(User Journey)에 대해 고민해본 경험이 있으신 분 - 고객 데이터를 기반으로 문제를 분석하거나 개선을 시도해본 경험이 있으신 분 - 블로그, 커뮤니티 등 온라인 플랫폼 사용 경험이 많은 분 - 배운 내용이나 정리한 자료를 팀에 공유하는 Happy to Share 마인드를 가지신 분 ◼︎ 이 포지션은 이런 분에게 특히 좋은 경험이 될 거예요 - 고객 문제를 발견하고 서비스 개선까지 연결하는 경험을 해보고 싶은 분 - CX 경험을 기반으로 서비스 기획, Product Manager, Operations 등 다양한 직무로 성장하고 싶은 분 - 스타트업 환경에서 빠르게 실험하고 개선하는 경험을 해보고 싶은 분 ■ 합류 여정 • 서류 전형 ＞ 사전 인터뷰(비대면) ＞ 실무 인터뷰 ＞ 인턴 최종합격 • 제출 서류 : 이력서(필수), 포트폴리오 및 자기소개서(선택) - 단순 액션과 결과물이 아닌, 어떤 가설과 생각을 기반으로 액션을 취했는지에 대한 결과와 논리를 담아주세요. • 본 채용 절차에서 수집된 개인정보는 (주)마야크루 개인정보 처리방침 및 채용 절차법에 따라 관리되며, 채용 목적 외 사용되지 않습니다. 자격요건 학력 대학졸업(4년) 이상(졸업예정자 가능) 근무조건 급여 회사 내규에 따름 근무지역 서울 마포구 와우산로 121 3층 전형 절차 Step 1 서류전형 Step 2 면접 전형 Step 2 최종합격 지원 기간 및 방법 접수기간 2026-03-30 ~ 2026-04-06 접수방법 홈페이지 지원 복리후생 ■ 일하는 방식 & 복지 어떻게 평범한 사람들이 모여 혁신적인 성장을 만들어낼 수 있을까요? 고객 집착, 데이터 중심, 빠른 속도보다 더 중요한 핵심 가치는 바로 직원의 행복입니다. 우리는 회사 구성원들의 삶이 바뀔 수 있어야 비로소 세상을 바꾸는 혁신이 가능해진다고 믿습니다. 1) 회사는 즐거워야 합니다. 직원과 고객 그리고 주주 중 과연 누가 우선일까요? 당연히 직원이 먼저입니다. 하루의 절반을 지내는 회사의 삶이 스트레스라면 얼마나 불행한 인생일까요? 회사 구성원들이 행복한 회사가 되어야 회사가 전체적인 힘을 발휘할 수 있습니다. 일할 때는 최고의 동료로, 놀 때는 최고의 친구로 서로를 응원하고 지지합니다. 2) 회사는 성장해야 합니다. 마야크루는 매년 3배 이상 연속해서 성장중에 있습니다. 나의 성장, 동료의 성장, 회사의 성장을 만들어갑니다. 마야크루에는 매월 초가 되면 회사의 성과와 목표를 투명하게 공유하는 문화가 있습니다. 매월 성장의 신기록을 세워가고 있습니다. 3) 회사는 가슴 뛰어야 합니다. 성장할 때만큼 가슴뛰는 순간이 없습니다. 회사의 성장은 단순히 숫자의 증가가 아니라, 구성원들의 역량이 성장할 때 이뤄집니다. 각 구성원들의 잠재력이, 가슴 뛰는 성취로 이어질 수 있도록 최선을 다해 지원해드립니다. 전직원 맥북 지원, GPT 유료계정 지원, 도서 구매 지원 등 성장에는 아끼지 않습니다. GPT4를 현업에서 직접 활용해볼 수 있게 전 직원에게 유료 계정을 제공해드리며 매월 정기적으로 교육 세션을 진행하고 있습니다. 이외에도 이런 혜택을 제공드립니다. ■ 복리후생 • 전 직원 맥북, 모션데스크 지원 • 유연 출퇴근제 (9~10시) • 긴 점심시간 (90분) • 수평적 호칭 문화 • 자유로운 연차, 반차 사용 • GPT 유료 계정 지원 • 도서 구매, 교육 지원 • 명절 상여금 • 간식 & 커피 무한 공급 • 경조휴가 및 화환 지원 • 3년 이상 근속 시, 14일 리프레시 휴가 제공 • 해외 및 국내 워크샵 지원 • 명절 단축근무 및 선물 제공 • 사내인재 추천제도 100만원 지급 • 자사 제품 50% 할인 ■ 함께 할 동료들의 한 마디 • Bolt : 빠르게 성장하는 기업에서 프로덕트의 성장 경험을 얻을 수 있습니다! 같이 업계에서 가장 임팩트 있는 팀으로 만들어 가요! ︎︎︎ • Leah : 슈퍼멤버스는 인턴의 의견이라도 좋은 의견이라면 내일 바로 실행에 옮기는 팀이에요! 당신의 아이디어가 실현되고, 직접 만든 변화가 팀의 성과로 이어지는 경험, 그 여정에 함께 하실래요?🤗 • Lily : 슈퍼멤버스팀은 자유로운 분위기 속 재능을 마음껏 펼칠 수 있는 곳입니다. 😆 • Eli : 열정과 실행력이 모이면 얼마나 멀리 갈 수 있는지, 함께 증명해봐요! 🚀 • Eren : 좋은 팀과 함께라면 성장 속도는 배가 된다고 믿습니다. 도전이 즐거운 팀에서, 함께 치열하게 배우고 빠르게 성장해요! 🔥 • Link : 마야크루는 주어진 업무에만 갇히지 않고, 팀을 넘어 협력하며 가장 빠르게 성장할 수 있는 곳입니다! 인턴에게도 아낌없이 기회와 격려를 주는 곳이라, 여러분의 가능성을 마음껏 펼칠 수 있어요 🙌 • Irene : 슈퍼멤버스는 서로를 경쟁자가 아닌 동료로 생각하며, 피드백을 통해 함께 성장하는 팀입니다. 형식적인 스펙 한 줄보다, 실제로 문제를 해결해본 경험과 결과를 만들고 싶은 분이라면 진심으로 환영해요! ✨ • Meri : 슈퍼멤버스는 성장의 기회가 열려 있는 곳입니다. 의견을 자유롭게 나눌 수 있고, 그 의견이 실제로 반영되는 팀이에요. 함께 변화를 만들어가고 싶은 분들께 추천드려요! 🌱 유의사항 허위 사실이 발견될 경우 채용이 취소될 수 있습니다."
311554,NHN,[NHN Enterprise] IDC 운영자 (광주),NEW,,,,"NHN Enterprise NHN Enterprise는 국내 대표 클라우드 서비스 NHN Cloud의 자회사로서,자체 호스팅 및 클라우드 기술로 고객의 요구에 맞는 인프라를 제공하는 디지털 트랜스포메이션 선도 기업입니다. 고객 맞춤형 IT 인프라 구축/운영을 통해 디지털 기반 혁신성장에 기여하기 위해 Hosting, Cloud, Managed 사업을 중점적으로 추진하고 있습니다. NHN Enterprise 광주IDC운영팀을 소개해요 • 광주IDC운영팀는 IDC 근무자가 인프라 환경 최전선에서 24X365 가장 빠르게 운영 이슈를 해결하고 있습니다. • 요청 업무 처리의 Delivery 일정을 준수하며, 기본적인 업무 프로세스에 대해 정확한 이해와 숙지로 어떤 인원이 진행하더라도 • 늘 동일한 결과물이 나올 수 있도록 운영하는 것을 목표로 하고 있습니다. 우리 팀은 이렇게 일해요 • 효율적이고 효과적인 문제해결을 위해, 경력에 상관없이 팀원 모두가 자유로운 의견과 아이디어를 제시합니다. • 각 IDC(광주/판교/평촌/논현)에서 발생하는 이슈에 대하여 업무 시스템을 통해 장애case 트러블 슈팅을 공유합니다. • 업무 자동화를 위해 스터디를 진행하며 프로젝트를 진행하고 있습니다. 함께하면 이런 점들이 좋아요 • 최첨단 IDC에서 최고의 장비들을 다루며 H/W 관리자로서의 경험을 배울 수 있습니다. • IDC 내 테스트 베드 환경을 구축하여, 서버&스위치를 직접 다루며 하드웨어 운영자로서의 역량을 강화할 수 있습니다. 이런 업무를 해요 (주요 업무) • 광주 IDC 운영 • 24 x 7 모니터링 및 인프라 점검 • 서버 H/W구축 및 장애 복구 • 서버 Life-cycle 관리 (입출고/폐기/자산관리) • 인력 및 전산장비 출입관리(보안통제실 근무) 이런 분들을 찾고 있어요 (자격 요건) • 주/야간 교대근무가 가능한 분 • 긍정적이고 적극적인 마인드를 보유하고 있으며, 주변인과 커뮤니케이션이 원활하신 분 이런 분이면 더 좋아요 (우대 사항) • IT관련 기본 지식을 갖추고 있는 분 • 서버의 기본 Architecture를 이해하고, 이에 대한 지식이 있는 분 • IDC Infra 및 서버 H/W 등 에 관심이 많으신 분 • IDC(OP) 근무 경험 있으신 분 지원서는 이렇게 작성하시면 좋아요 • 채용 공고에서 요구하는 경험과 역량을 중심으로 기재해주세요. • 해오신 업무를 프로젝트 단위로 잘 정리해서 적어주세요. • 포트폴리오, 노션, 깃허브 등 경험과 역량을 어필할 별도의 자료가 있다면 함께 제출해주세요. • 일부 포지션에서는 포트폴리오 제출이 필수입니다. 확인하시고 꼭 제출해주세요. • 자기소개는 직무 역량을 경험과 잘 연결지어 작성해주시면 좋아요. NHN Enterprise로의 합류 여정 서류전형 > T인터뷰(Tech) > C인터뷰(Career) > 최종합격 꼭 확인해주세요 • 남자의 경우, 병역의무를 필하였거나 면제된 분만 지원 가능합니다. • 해외여행에 결격 사유가 없어야 지원 가능합니다. • 국가보훈해당자 및 장애인은 관련 법률에 의거 우대합니다.(증빙서류 제출자에 한함) • 제출서류에 허위기재 또는 기재착오, 구비서류 미제출 등으로 인한 불이익은 응시자 본인의 책임으로 합니다. • 제출서류나 각종 증명서의 기재내용이 허위일 경우, 응시를 무효로 하며 합격을 취소합니다. • 근무지는 광주AI데이터센터(광주광역시 북구 오룡동 1004)입니다. • 가지고 계신 경험을 충분히 보여주실 수 있도록 학력/경력은 빠짐없이 모두 작성 부탁드립니다."
311553,경북대학교 데이터융복합연구원,2026 HRD 미래산업 인재혁신 박람회 「미래혁신 아이디어 챌린지」 참가자 모집,,,,기타 | 상장 수여,2026 HRD 미래산업 인재혁신 박람회 「 미래혁신 아이디어 챌린지 」 참가자 모집 □ 공모 대상 구분 공모 부문 주요 내용 대학생 (2~4 년제 ) AI 아이디어 부문 AI 기반 산업 · 사회 혁신 아이디어 재직자 AI 업무혁신 부문 기업 및 산업 현장 적용 AI 도입 아이디어 * 개인 또는 팀 단위 ( 팀당 2~6 명 ) 참가 가능 * 상세 내용 첨부파일 확인 □ 시상 내역 대학생 부문 1 등 — 고용노동부장관상 150 만원 2 등 — 한국산업인력공단 이사장상 70 만원 3 등 — 대중소상생협의회장상 30 만원 재직자 부문 1 등 — 한국산업인력공단 이사장상 200 만원 2 등 — 한국산업인력공단 이사장상 100 만원 3 등 — 한국산업인력공단 이사장상 50 만원 □ 주요 일정 단계 일정 접수 기간 3. 30( 월 ) ~ 4. 26( 일 ) 1 차 서류 평가 4. 27( 월 ) ~ 4. 29( 수 ) 1 차 합격 발표 4. 30( 목 ) 2 차 온라인 발표 평가 5. 15( 금 ) 본선 진출팀 발표 5. 18( 월 ) 최종 발표 및 시상 6. 16( 화 ) *일정은 진행 상황에 따라 변경될 수 있습니다 . □ 신청 방법 □ 홈페이지 접속 ( http://hrd미래산업.kr ) 후 첨부파일 다운로드 후 [ 접수하기 ] 버튼 - [ 신청 ] □ 문의 경북대학교 데이터융복합연구원 TEL. 053-950-6741 | E-mail. gus0298@knu.ac.kr
311552,미디어유스,"[미디어유스] “포트폴리오가 되는 진짜 기자 경험, 당신의 목소리를 세상에 울려보세요!” 미디어 유스 2026년 2분기 기자단 모집(~6/30)",,,파워블로거/SNS | 취재/인터뷰/기사 경험 | 콘텐츠 기획/제작 경험 | 컴퓨터 활용능력 | 휴학 중/시간 투자 가능 | 타 대외활동 경험,실무 교육 | 수료증 및 인증서,"[미디어유스] “포트폴리오가 되는 진짜 기자 경험, 당신의 목소리를 세상에 울려보세요!” 미디어 유스 2026년 2분기 기자단 모집(~6/30) 세상과 나를 잇는 가장 솔직한 미디어, 당신의 펜이 세상의 울림이 됩니다! 안녕하세요, 10만 독자와 함께하는 젊은 언론 미디어유스입니다! 스펙만을 위한 딱딱한 대외활동에 지치셨나요? 학업, 직장 생활로 바쁘지만 '나만의 포트폴리오' 를 만들고 싶으신가요? 2026년 2분기, 여러분의 시각을 세상에 전할 진짜 기자님들을 모십니다! ""기자단, 시간이 너무 많이 뺏기지 않을까?"" 미디어유스에서는 걱정 마세요 ! 언제 어디서든 자유로운 비대면 활동으로 '갓생' 살기가 가능합니다. 내가 쓴 기사가 구글 뉴스에 송출되는 짜릿한 경험, 지금 시작해보세요! ▶ 주최사 / 활동명 미디어유스 / 미디어유스 기자단 2분기 기자활동 ▶ 활동내용 ☆인터넷 신문사 정식 기자 활동 내가 쓴 글이 실제 뉴스가 됩니다. ☆자율적 주제 선정 정치, 경제, IT, 라이프스타일 등 본인의 전공이나 관심사 에 맞춰 자유롭게 작성하세요. ☆100% 비대면 시스템 거주지 근처나 집에서 원하는 시간에 작성 > 승인 > 송고되는 간편한 시스템입니다. 의무가 아닌 자유로운 개인별 기사 작성으로 바쁜 일상에서도 미디어유스와 함께하세요! ☆부서 선택 가능 통합뉴스, 라이프, 국제, 정치, 사회, 경제 등 희망 부서 활동 지원. ▶ 모집 기간 2026년 4월 1일 ~ 2026년 6월 30일 ☆48시간 내 결과 발표: 네이버폼 신청 시 빠른 피드백을 드립니다. ☆개별 인터뷰 진행: 카카오톡 질의를 통해 활동 의지가 확고한 분들을 최종 선발합니다. 카카오톡 ID: mediayouth (지원 전 궁금한 점은 언제든 문의주세요!) ★네이버 블로그 후기 및 미디어유스 사이트 내에서 작성된 기사를 충분히 확인해 주세요! 미디어유스 사이트 바로가기 mediayouth.kr ▶ 모집 인원 00 명 ▶ 모집 대상 (+졸업생 가능여부) ★개인, 단체, 나이 제한 없음! 누구나 환영합니다.★ ☆대학생: 차별화된 포트폴리오가 필요한 예비 언론인 및 취준생 ☆직장인: 본인의 전문 분야를 글로 풀어내고 싶은 프로페셔널 ☆청소년: 남다른 시선으로 세상을 바라보는 예비 기자 ☆단체/기관: 학교, 관공서, 기업 등 단체 신청 가능 ▶ 참가 비용 유/무 없음 (참가비 및 활동비 전액 무료) ▶ 우대 사항 ★ 저작권 의식이 투철하신 분 ★ 기사 작성 규칙을 성실히 준수하며 책임감 있게 활동하실 분 자신만의 독특한 시선으로 트렌드를 읽어내는 분 ▶ 활동 지역 전국 어디서나 (비대면 활동) 바쁜 스케줄 속에서도 노트북 하나만 있으면 어디서든 활동 가능합니다. ▶ 활동 기간 선발된 달(수습 1개월) 제외 총 5개월 *개인별로 활동 기간이 다를 수 있습니다. 활동 종료 후 본인이 원할 경우 결격 사유가 없다면 계속해서 활동 연장이 가능합니다. ▶ 활동 혜택 (활동하면 좋은 점) ★공식 기자증 및 위촉장 즉시 발급 ★우수활동증명서 발급 : 매달 1편 이상, 2개월간 꾸준히 2편 이상 작성 시 수여 ★'검색'되는 포트폴리오: 인기 기사 선정 시 Google 뉴스 송출 ★영향력 있는 활동: 10만 명에게 노출되는 나의 기사 ★교육 지원: 저작권 관련 가이드 및 기사 작성 기본 교육 제공 ▶ 오프라인 모임 횟수 (월 x회) 월 0회 (없음) 매달 기사를 작성해야 하는 의무나 규정이 없어서, 본인의 스케줄에 맞춰 100% 자율적으로 운영됩니다. ▶ 지원 방법 아래 네이버폼 링크를 통해 접수 https://form.naver.com/response/A1b5mHmtbC72mzlT9nhUNw ▶ 기타 문의 카카오톡 ID: mediayouth 공식 홈페이지: mediayouth.kr 모집글 블로그에서 보기 ▽ https://blog.naver.com/youthassembly/224232606819 지금 바로 '미디어유스'를 검색 하고, 당신의 커리어를 한 단계 업그레이드 하세요!"
311551,제14회 산업통상부 공공데이터 활용 아이디어 공모전 운영 사무국,제14회 산업통상부 공공데이터 활용 아이디어 공모전,,,,기타,"제14회 산업통상부 공공데이터 활용 아이디어 공모전 산업통상부가 주최하는 제14회 공공데이터 활용 아이디어 공모전이 개최됩니다! 산업통상부에서 창의적인 아이디어를 가진 국민 여러분을 기다립니다. 총 상금 5,700만 원과 청년인턴 채용 우대 등 엄청난 혜택이 주어지는 이번 공모전에 지금 바로 도전하세요! 📌공모 요약 주최 : 산업통상부 대표 주관 : 한국산업기술시험원(KTL) 공모 주제 : 공공데이터로 견인하는 지역 활력, AI 데이터로 도약하는 기업 성장 참가 대상 : 창의적 아이디어를 보유한 전 국민(※5인 이하 팀 구성) 접수 기간 : 2026년 3월 30일(월) ~ 7월 6일(월) 23:59 까지 총 상금: 5,700만원(총 10팀 시상) 💡공모 분야 아이디어 기획 제품 및 서비스 개발 ✨시상 내역 총 상금 5,700만원 대상(분야별1팀) 총 2,700만원 최우수상(분야별 1팀) 총 1,500만원 우수상(분야별 3팀) 총 1,500만원 ✨수상 혜택 청년인턴 채용 우대 무역전문가 컨설팅 제공 수출지원 컨설팅 제공 수상팀 GPU 3개월 지원 📅 세부 일정 공모전 접수 : 26.03.30(월) ~ 26.07.06(월) 1차 심사(서류) : 26.07.07 ~ 26.07.09 2차 심사(발표) : 26.07.27 ~ 26.07.29 시상식 : 26.8월말 ※일정은 변경될 수 있습니다. 📌접수 방법 온라인 접수 : 공모전 공식 홈페이지( https://www.datacontest.kr ) 📢문의처 전화 : 070-4786-4086 이메일 : help@datacontest.kr"
311550,대전광역시,대전 0시 축제 로고송 공모전 공고,,,,기타,"대전 0시 축제 로고송 공모전 공고 ■ 참가 자격 누구나 참여 가능 / 연령·지역 제한 없음, 개인 또는 팀 ■ 공모 주제 『대전 0시 축제』정체성을 담은 로고송 ■ 공모 일정 2026. 3. 30.(월) ~ 4. 17.(금) 18:00까지 ※ 기간 내 제출하지 않을 시 접수 미인정 ■ 공고문 바로가기 https://www.daejeon.go.kr/drh/drhGosiView.do?gosigbn=A&sno=54974&menuSeq=1908&pageIndex=1&conifmstdt=2026-01-01&conifmenddt=2026-12-31&title= ■ 시상 내역 54명, 총상금 4,500천원 ■ 제출 형식 로고송 음원 ▸(분 량) 2분 이내 ▸(형 식) 2개 파일 / 무손실 음원(WAV 또는 AIFF) 형식 및 mp3 ■ 접수 방법 ▪ (제출 서류) ❶로고송 음원 파일(출품작) ❷출품지원서 등 신청서(3종) - 출품작: 1인(팀) 1개 작품 제출 가능 - 신청서: 출품지원서(가사 필수), 개인정보 수집 및 이용 동의서, 서약서 ※ 대전광역시 홈페이지(공고), 시 SNS 채널을 통해 양식 다운로드 ▪ (접수 방법) 이메일(comm1_contest@naver.com) 통해 서류 접수 - 메일제목: [대전 0시 축제 로고송 공모전] _이름 ■ 심사 기준 적합성, 대중성, 완성도, 활용성 평가 ■ 유의사항 ▪ 타 공모전에서 사용되었거나 유사한 작품은 심사 대상에서 제외함 ※선정된 후라도 작품 모방 등 위반사항 발견 시 수상 취소, 시상금 환수 조치 ▪ 동일한 작품이 접수될 경우 선 순위 접수 작품만 인정함 ※유사한 작품이 접수된 경우, 심사 결과 최고순위에 선정된 작품 선정 ▪ 작품 제출 완료 시 수정·보완 불가능함 ▪ 공모 주제 및 작품 규격, 신청서 서명 누락 등 공모 요강에 준하지 않는 작품은 결격 사유에 해당함 ▪ 응모작품은 저작권, 소유권, 대여권 등 법적 문제가 없어야 하며, 이와 관련된 분쟁은 참가자 본인에게 모든 책임이 있음 ▪ 출품작에 대한 저작권은 원시적으로 응모자에게 귀속됨. 단, 입상작에 대하여 공모전의 취지·목적을 달성하기 위해 대전 관광 및 대전 0시 축제 홍보 마케팅에 활용될 수 있고 작품 활용 과정에서 내용이 일부 수정될 수 있음 ▪ 심사결과 응모한 작품 중 우수 작품이 없을 경우 수상작을 선정하지 않을 수 있으며, 시상 인원은 이에 따라 변동될 수 있음 ▪ 심사는 비공개로 진행되며, 심사 결과에 대한 공개는 불가함 ▪ 응모를 위해 제출된 작품과 관련 서류는 반환되지 않음 ▪ 다소 음질이 떨어지는 작품 및 변형‧편집이 심한 작품의 경우 선정에서 제외될 수 있음 ▪ 신청자가 미성년자인 경우, 법정대리인(보호자) 정보도 함께 기재하여야 함 ▪ 상금에 대한 제세공과금이 발생한 경우, 입상자 본인 부담이며 공제 후 지급함 ▪ 상기 일정 등은 공모전 진행 상황에 따라 변동될 수 있음 ■ 문의사항 ▪ 대전광역시 관광진흥과(☎ 270-3998) ▪ 접수처(☎ 042-361-0150) ※주말, 공휴일 제외 09:00 ~ 18:00"
311548,경찰청,[경찰청] 체험형 인턴 채용 (~04/10),INTERN,수사연수원 | 시설/보안/경비/안전 | 서비스 | 경영/사무 | 보안 | 경호/경비 | 안전 | 기획/전략/경영 | 사무/총무/법무 | 인사/노무/교육 | 경리/회계/결산 | 재무/세무/IR | 사무보조/문서작성 | 지원 동기 및 진로 계획 | 직무 관련 전문성 획득을 위한 활동 내용 | 문제 해결 경험 | 소통 및 협업 능력 | 기대하는 점 및 각오 | [경찰청] 체험형 인턴 채용 (~04/10) | 경찰인재개발원 (아산1 대전유성1) | 경찰대학 기타,,,"[경찰청] 체험형 인턴 채용 (~04/10) [모집분야] - 경찰청 (본청) 38명 - 시, 도청 및 부속기관 262명 [근무조건] - 청년인턴 (공무원의 사무를 보조하는 공무원이 아닌 근로자) [원서 접수일정] - 2026.3.30 ~ 2026.4.10 [전형절차] - 시험공고 > 원서 및 서류접수 > 면접 시험일 > 최종합격자 발표일 [공고 이미지]"
311546,사단법인 한국뇌전증협회,"제27기 뇌전증 인식개선 서포터즈 ""We are Epilizer""",,,파워블로거/SNS | 사진/영상/디자인 툴 | 취재/인터뷰/기사 경험 | 멘토링/수업 진행 경험 | 콘텐츠 기획/제작 경험,수료증 및 인증서 | 봉사활동시간,"한국뇌전증협회에서 뇌전증에 대해 함께 알아가며, 부정적인 사회 인식을 개선해나갈 제27기 서포터즈 “We are Epilizer”를 다음과 같이 모집하오니 많은 참여 바랍니다. 1. 기간 및 일정 - 접수기간 : ~ 2026년 4월 15일(수) 자정 까지 - 합격자 발표 : 4월 17일 금요일 (합격자 개별연락) - 활동기간 : 2026년 4월 27일(월) ~ 2026년 7월 3일(금) 까지 - 발대식 : 2026년 4월 25일(토) 14시~18시, 동대구역 인근 (발대식은 오프라인으로 진행 예정이며, 필수 참석입니다.) - 중간모임 : 2026년 5월 22일(금) 예정 - 해단식 : 2026년 7월 3일(토) 예정 (오프라인 진행) * 중간모임, 해단식 일정은 협회 사정에 따라 변경될 수 있습니다 * 발대식 불참시 탈락 처리 하오니, 일정을 꼭 확인 하시어 신청해주시길 바랍니다 :) 2. 지원 자격 - 활동 기간 내 대구광역시, 경상북도 에서 활동이 가능한 대학(원)교 재학생 및 휴학생 - 블로그나 SNS를 활발하게 운영하시는 분 - 발대식, 중간모임, 해단식 참여가 가능하신 분 - 12월 서포터즈 활동보고회(에필라이저의날) 참여가 가능하신 분 3. 모집인원 - 20인 내외 4. 지원방법 - 구글 폼 접수 / https://forms.gle/C4eZeiQTXztZriC4A 5. 활동내용 : 온라인 활동(6회) + 조별 오프라인 활동 (1회) - 온라인 활동 : 뇌전증 인식개선과 관련된 인터뷰, 카드뉴스, 포스팅 등 창의적인 콘텐츠 제작 최소 6 회 이상 블로그, SNS 등 업로드 - 조별 활동 : 뇌전증 인식개선 활동 관련 오프라인 캠페인 기획 및 실행 1회 6. 활동혜택 - 봉사시간 지급 - 서포터즈 위촉장 및 명함 발급 - 활동 완료시 수료증 발급 - 우수 서포터즈 표창 ＊ 문의 - 한국뇌전증협회 사무처 (02-394-2320)"
311545,한국언론진흥재단,[한국언론진흥재단] 체험형 인턴 (일반행정) 채용 (~04/13),INTERN,,,,[한국언론진흥재단] 체험형 인턴 (일반행정) 채용 (~04/13) [모집분야] - 일반행정 (본사) 4명 [고용형태] - 체험형 청년인턴 [전형절차] - 채용공고 > 지원서 접수 > 서류전형 > 면접전형 > 임용 [접수 일정] - 2026.3.30 ~ 2026.4.13
311544,중앙정보처리학원,2026년 1회차 정보처리기사 실기시험 대비반 (필기 합격자 우선 모집),,,,,"📢 [중앙정보처리학원] 2026 1회차 정보처리기사 실기반 모집 안녕하세요, 중앙정보처리학원입니다! 🎓 2026년 4월 18일 정보처리기사 1회차 실기 시험을 앞두고, 실기 집중반 을 개설합니다. 단기간 핵심만 빠르게! 실시간 줌 강의로 어디서든 수강 가능합니다. 📅 수업 일정 2026년 4월 8일(수) ~ 4월 11일(토) 날짜 수업 시간 장소 4월 8일 ~ 4월 10일 (수~금) 19:00 ~ 21:30 중앙정보처리학원 이대캠퍼스 / 실시간 줌 4월 11일 (토) 09:30 ~ 17:30 중앙정보처리학원 이대캠퍼스 / 실시간 줌 💰 수강료 150,000원 ✅ 특이사항 실시간 줌 강의 병행 진행 (온·오프라인 동시 수강 가능) 필기 합격자 우선 신청 📩 신청 방법 카카오톡 '중앙정보기술인재개발원' 으로 지금 바로 문의 및 신청하세요! 📞 문의 : 02-313-1711 정처기 실기, 이번에 확실히 끝냅시다! 💪"
311543,두산그룹,[두산그룹] 2026년 두산그룹 Global Talent 채용(학사/석사),NEW,,,,"[두산그룹] 2026년 두산그룹 Global Talent 채용(학사/석사) [모집부문] - 공고 이미지 참조 [자격요건] * 미국(혹은 영미권) 대학 공학 계열 전공자 - 신규 입사 : 기졸업자 또는 ’26년 12월 이내 졸업 예정자 (학사, 석사 공통) - Global 장학생 : ’26년 12월 ~ ’29년 12월 이내 졸업 예정자 (학사, 석사 공통) * 해외여행에 결격사유가 없는 분 * 남자의 경우 병역을 필하였거나 면제된 분 [전형절차] - 입사지원 > DCAT(온라인) > 실무면접(온라인) > 최종면접 > 최종입사 [공고 이미지]"
311542,계명대 대학일자리플러스센터,Re Start 30일,,,,,"Re Start 30일 ​ 취업 준비는 하고 있는데 자꾸 불안해지고, 방향이 흔들린다면? ☝️10명 소수 정예!! ✌️4주간 강사 밀착 케어 흔들리는 취준? 점검하고 · 끌어올리고 · 끝까지 가자🙌 📌 교육 일정 - 일시: 4/22(수) ~ 5/13(수) 14~16시, 총 4회 📌 교육 내용 -취업 준비과정에서 느끼는 불안 이해 및 상태 점검 -자기 강점 탐색 및 취업 준비 동기 회복 (검사 활용 및 해석 포함) -번아웃 및 스트레스 관리 방법 -취업 준비 목표 설정 및 개인별 실행계획 수립 📌 운영 방식 -비대면(온라인) 온라인 ZOOM 강의 운영 -4주간 단톡방 운영 📌 신청 안내 -구글폼( https://forms.gle/3xwhT3GYf7zR8fyd8 ​ )에서 신청 📌 문의 * 편하게 문의 주세요:)​ ​ -계명대학교 일자리 첫걸음 보장센터 053-580-8883"
311541,주식회사 타라티피에스,[타라티피에스] 툴디 서포터즈 12기 모집(~26/4/12),,,사진/영상/디자인 툴 | 콘텐츠 기획/제작 경험,활동비 | 수료증 및 인증서,"📢 툴디 서포터즈 12기를 모집합니다! 디자인을 애정하고, 콘텐츠 제작에 진심인 툴디 서포터즈 12기 여러분들을 기다리고 있습니다! 망설이지말고 지금 당장 지원하세요🔥 🌿주최 / 주관 타라 티피에스 / 툴디(tooldi) 💚 모집 분야 3개의 분야 중 택1 하여 지원! *동시 활동 불가능 - 포스팅 (네이버 블로그) - 카드뉴스 (인스타그램) - 쇼츠 영상 (인스타그램 or 유튜브 or 틱톡) 🌿 모집 인원 - 21명 내외 ※ 신청 인원에 따라 모집 인원은 변경될 수 있습니다. 💚 기간 및 일정 - 접수 기간 : 2026.03.30(월) ~ 2026.4.12(일) - 발표 : 2026.4.15(수) - 활동 기간 : 2026.4.17(금) ~ 2026.6.12(금) / 총 8주 🌿 접수 방법 - 구글폼 작성 후 제출! * 자신의 SNS에 '툴디 서포터즈 12기 모집' 홍보 콘텐츠 업로드 시 가산점이 지급됩니다. 💚 우대 사항 - 디자인에 관심이 많으신 분! - 콘텐츠로 제작 능력이 뛰어나신 분! - 지원 분야 SNS 운영을 활발히 하시는 분! - 무엇보다 열정적이신 분! 🌿 활동 내용 - 툴디 관련 SNS 홍보 콘텐츠 제작 (주1회) * 쇼츠 영상 분야는 타 분야보다 상대적으로 높은 활동비가 지급됩니다. 💚 활동 혜택 - 툴디 pro 구독권 제공 - 툴디 굿즈 발송 - 콘텐츠 별 소정의 활동비 지급 - 콘텐츠 성과에 따른 추가 인센티브 지급 - 월 우수 활동자 특별 보상 - 최종 우수 서포터즈 1명 30만원 상당의 상품 지급 - 활동 완료 시 수료증 발급 (타라그룹) - 당사 지원 시 서류전형 가산점 🌿 홈페이지 및 SNS - 홈페이지 : https://www.tooldi.com - 인스타그램 : @tooldi.official 💚 문의 사항 - 툴디 마케팅팀 (marketing@tooldi.com) 반가워, 툴디! 서포터즈를 시작할게!"
311540,SK키파운드리,[SK키파운드리] 환경안전(SHE) 분야 신입 채용,NEW,"환경안전(SHE) | 전기/소방/통신/안전 | 건설 | 시설관리 | 건설안전 | 소방방재 | 통신설비 | 자발적으로 최고 수준의 목표를 세우고 끈질기게 성취한 경험에 대해 서술해 주십시오. | 팀워크를 발휘해 사람들을 연결하고 공동 목표 달성에 기여한 경험에 대해 서술해 주세요. | 지원하신 직무 분야의 전문성을 키우기 위해 꾸준히 노력한 경험에 대해 서술해 주세요. | 지원자님은 어떤 사람인가요? 본 문항은 자유롭게 여러분을 표현할 수 있는 자율 문항입니다. 지원자님을 가장 잘 나타낼수 있는 해시태그(#)를 포함하여, 남들과는 다른 특별한 가치관, 개성, 강점 등을 자유롭게 표현해 주세요. | 본인의 연구 과제 또는 경력 사항에 대해 상세히 기술하여 주세요. | [SK키파운드리] 환경안전(SHE) 분야 신입 채용",,,"[SK키파운드리] 환경안전(SHE) 분야 신입 채용 [담당 업무 및 역할] - 중대재해처벌법 안전보건관리체계 운영 지원 - 사고조사 및 재발방지대책 이행 관리 - 안전보건지표 통합관리 - 내부 점검 및 감사 대응을 위한 자료 준비 및 운영 지원 [지원자격] - 학사 학위 이상 (안전공학 등 이공계 전공) - 문서 작성 능력 (보고서, 데이터 정리 등) - ISO 45001 (안전보건경영시스템) 관련 지식 보유 [전형절차] - 서류전형 > 필기전형(SKCT) >면접전형 > 건강검진 > 입사 - 모집 부문 별로 전형 절차가 변경 및 추가될 수 있습니다."
311539,SK오션플랜트,[SK오션플랜트] 홍보 담당 구성원 모집(신입/경력),"NEW, EXPERIENCED","홍보 담당 구성원 모집 | 콘텐츠/사이트운영 | IT/인터넷 | 마케팅/PR/분석 | 마케팅/광고/홍보 | e-러닝운영 | 게시판관리 | 사이트운영 | 쇼핑몰•오픈마켓 | 카페•블로그관리 | 컨텐츠운영 | 컨텐츠제작 | 마케팅전략/기획 | 광고기획 | 온라인마케팅 | 시장조사/분석 | 브랜드매니저 | 해외마케팅 | 언론홍보/PR | 설문/리서치 | SK오션플랜트의 어떤 부분에 관심을 가지고 지원하게 되었으며, 입사 후 어떻게 기여하고 싶은지 본인의 강점을 기반으로 작성해주세요.(400~500자 이내) | 자발적으로 최고 수준의 목표를 세우고 끈질기게 성취한 경험에 대해 서술해 주세요.(400~500자 이내) | 혼자 하기 어려운 일에서 다양한 자원 활용, 타인의 협력을 최대한으로 이끌어 내며, Teamwork를 발휘하여 공 동의 목표 달성에 기여한 경험에 대해 서술해 주세요.(400자~500자 이내) | [SK오션플랜트] 홍보 담당 구성원 모집(신입/경력)",,,"[SK오션플랜트] 홍보 담당 구성원 모집(신입/경력) [담당 업무 및 역할] - 대내외 Conmmunication (브랜드 홍보/PR) - 동영상 등 대내외 미디어 콘텐츠 제작/관리 - 홈페이지 콘텐츠 제작/관리 - CI 제작물 및 대내외 홍보물 개편/제작 - 사내 뉴스레터 제작/관리 - Communication(유튜브, SNS 등) 채널 광고 기획 및 관리 - CI 등 전사 브랜드 Identity 관리/검수 [필수사항] - 학력 : 학사 졸업 이상 - 전공 : 언론, 홍보, 미디어 등 사회 · 인문계열 [우대사항] - Adobe 프로그램 활용 가능자 - 홍보 활동을 위한 영상·사진 촬영 경험 보유자 - 동종업계 유경험자(조선, 플랜트, 중공업 계열) - 어학(영어) 역량 및 문서∙보고서 작성 능력 우수자 - 인근 지역 거주자(경남 고성, 창원, 통영, 거제, 진주 지역)"
311538,네이버웹툰,[네이버웹툰] 글로벌 웹툰 Creative Video 제작 (체험형 인턴),INTERN,"글로벌 웹툰 Creative Video 제작 | 콘텐츠/사이트운영 | IT/인터넷 | e-러닝운영 | 게시판관리 | 사이트운영 | 쇼핑몰•오픈마켓 | 카페•블로그관리 | 컨텐츠운영 | 컨텐츠제작 | [필수] 지원자의 경험을 중심으로 지원 동기를 작성해 주세요. | [필수] 사용 가능한 영상 제작 Tool과 해당 Tool을 통해 영상을 제작해 본 경험에 대해 설명해 주세요. 그리고 이 직무를 수행하는 데 있어서 본인의 강점을 말씀해 주세요. | [필수] 웹툰 사용 경험을 바탕으로 가장 추천하고 싶은 웹툰과 그 이유를 설명해주세요. 그리고 다른 사람에게 어떤 방식으로 해당 웹툰을 추천하고 싶은 지 설명해 주세요. | [필수] 업무/프로젝트를 진행할 때 가장 중요하게 생각하는 부분은 무엇인 지 자유롭게 서술해 주세요. | [선택] 영상 제작 관련하여 본인의 장점이나 경쟁력을 나타낼 수 있는 자료를 자유롭게 제출해 주세요. *채용과 무관한 개인정보(본인 사진, 거주지 주소, 결혼여부, 연봉정보 등)는 제외해 주세요. *공개가 어려운 대외비 자료 등은 제외해주세요. | [네이버웹툰] 글로벌 웹툰 Creative Video 제작 (체험형 인턴)",,,"[네이버웹툰] 글로벌 웹툰 Creative Video 제작 (체험형 인턴) [담당 업무] ﻿- 글로벌 웹툰 서비스에서 웹툰 숏폼 영상 제작 및 신규 프로덕트 필요한 영상 지원 - 담당 언어에 대한 영상 베리에이션 [필요 역량] - Adobe Premiere Pro, After Effects, Photoshop 등 다양한 디자인 및 영상 편집 툴을 원활하게 활용할 수 있는 분 - 웹툰 및 만화 콘텐츠에 대한 높은 애정과 이해도를 보유하신 분 - 영문 콘텐츠를 읽고 맥락을 정확히 파악하여 제작에 반영할 수 있는 분 - 최소 3개월 동안 full-time 근무 가능하신 분 (근무 기간은 3~6개월로 협의 가능) [우대 사항] ﻿- 웹툰/애니/게임 감성의 리터칭, 이펙트 스킬 및 일러스트레이션 등의 작화에 경험이나 이해도가 있으신 분 - 글로벌 웹툰에 관심이 있으신 분 - 새로운 영상 편집 기술 도전에 관심이 있으신 분 - 틱톡 운영 경험이 있으신 분"
311537,현대모비스,2026 상반기 현대모비스 장학전환인턴,INTERN,"2026 상반기 현대모비스 장학전환인턴 | 연구개발/설계 | 자동차/조선/기계 | 반도체/디스플레이 | 화학/에너지/환경 | 전기/전자/제어 | 기계설계/CAD/CAM | 통신기술/네트워크구축 | 바이오/제약/식품 | 자동차 | 조선 | 기계 | 반도체 | 디스플레이 | 화학 | 에너지 | 환경 | 화장품 | 전기/전기설비 | 전자 | 공정/품질/테스트 | 기계설계 | CAD | CAM | 바이오 | 제약 | 의약품 | 식품가공/개발 | · 1. 현대모비스 장학생 선발이 본인에게 갖는 의미와, 지원 직무 수행에 있어 본인의 차별화된 강점을 구체적으로 서술해주세요. Please describe what being selected as a Hyundai Mobis R&D Scholarship recipient means to you and your key strengths for the role. | · 2. 인생에서 가장 큰 성취 경험과, 그 경험을 통해 배운 점을 서술해주세요. Please describe your greatest achievement and what you learned from it. | · 3. 공동의 목표를 달성하기 위해 헌신했던 경험을 기술하고, 좋은 동료란 무엇이라고 생각하는지 서술해주세요. Please describe an experience where you worked toward a shared goal and what you consider a good colleague. | · 4. 졸업 전까지의 학업 계획을 자유롭게 서술해주세요. Please describe your academic plan until graduation.",,,2026 상반기 현대모비스 장학전환인턴 [모집기간] - 3/30(월) 11:00 ~ 4/16(목) 15:00 [모집분야] - 전장(SW/로직) - 반도체 (HW) - FTCI(R&D) [지원자격] - 대학교 3-4학년 재·휴학생 (26년 여름방학 기준 5~7학기 수료생) ※ 현재 학기 종료 이후 졸업까지 잔여 학기가 1학기 이상 남은 재·휴학생 모두 지원 가능 ※ 26년 8월 졸업 예정이신 분들은 신입 지원 공고로 지원 부탁드립니다. - 해외여행에 결격 사유가 없으신 분 (남자는 병역필 또는 면제 인원) [전형절차] - 지원저 접수 > 코딩테스트+인적성검사>면접>합격자 발표>인턴십
311535,오픈스카이에듀,[진로진학멘토링] 학교로 직접 찾아가는 진로진학멘토링 오픈스카이 대학생 멘토 모집(상시모집),,,멘토링/수업 진행 경험 | 휴학 중/시간 투자 가능,활동비 | 실무 교육,"📌 대학생 멘토 모집 공고 안녕하세요, 진로·진학 멘토링 플랫폼 오픈스카이 입니다. 오픈스카이는 대학생 멘토가 직접 중·고등학교로 방문하여 학생들에게 진로 설정 및 진학에 대한 현실적인 조언을 제공하는 진로·진학 멘토링 프로그램을 운영하고 있습니다. 단순한 강의 형식이 아닌, 학창시절을 직접 경험한 대학생 멘토의 실제 경험을 바탕으로 한 멘토링을 통해 청소년들이 스스로 진로를 탐색하고 주도적으로 미래를 설계할 수 있도록 지원합니다. 멘토의 경험과 조언은 학생들에게 실질적인 방향성을 제시하며, 진로 선택의 중요한 기준이 될 수 있습니다. 오픈스카이는 학생들의 성장에 기여하고자 하는 분이라면, 누구나 지원하실 수 있습니다. ■ 모집 대상 4년제 대학교 재학생, 휴학생, 졸업예정자 및 졸업생 진로·진학(고입·대입) 분야에 관심이 있는 자 책임감 있고 성실하게 활동에 참여 가능한 자 ■ 주요 활동 내용 중·고등학교 대상 진로·진학 멘토링 프로그램 진행 학교별 맞춤 커리큘럼 기반 멘토링 수행 학생 대상 진로 탐색 및 학습 동기 부여 지원 ■ 활동 방식 매월 멘토링 일정 공지 후, 가능 일정 선택 지원 학교 매칭 후 출강 진행 ■ 활동 혜택 멘토링비 지급 · 기본 2차시: 10만원 · 추가 차시당: 3만원 멘토 활동 증명서 발급 매년 달라지는 입시 교육 진행 교통 불편 지역 교통비 지원 (개인 출발지 기준이 아닌 교통 소외 지역 및 지방에 한함) ■ 선발 절차 1차: 서류 전형 (구글폼 제출) 2차: 비대면면접 전형 (약 15분 가량 진행) ■ 지원 방법 지원 링크: https://forms.gle/CJNssfE1LiMc9c3h6 홈페이지: https://opensky.kr/ ■ 문의 031-8023-9093 (대표번호) 010-8021-6936 (담당자) ■ 기타 안내 본 프로그램은 학생들의 진로 인식 확장과 학업 동기 향상을 목적으로 하는 교육 기반 멘토링 활동입니다. 지속적인 참여가 가능하며 교육적 가치를 함께 만들어갈 분들의 많은 지원 바랍니다."
311531,곰앤컴퍼니,[곰믹스] 제8회 영상 공모전 '백만 유튜버 상상이라도 해보자'(~4/30),,,,실제상용화 | 상장 수여,"제 8 회 곰랩 영상 공모전 곰믹스 x 유쾌한생각 100 만 유튜버 , 상상이라도 해보자 ! 영상 편집은 곰믹스 , 촬영 장비는 유쾌한생각 공모전 참여하고 1,000 만원 상당의 상품 받아가세요 ! * 이벤트 페이지 : https://contest.gomlab.com/contest/202604 ○ 이런 분들 참여하세요 ! N 년째 유튜버를 꿈꿨지만 아무도 안 봐주고 , 영상은 찍어놓고 폴더에만 있는 편집기는 눌러만 봤고 , 장비는 괜히 멋있어 보이는 당신을 위한 공모전 . 이번 공모전이 첫 걸음이 될 수 있습니다 ! ○ 공모 일정 - 출품 기간 : 2026.03.30 ~ 2026.04.30 - 후보 투표 : 05.04 ~ 05.10 ( 이벤트 페이지에서 진행 ) - 수상작 발표 : 05.14 - 시상식 : 5 월 말 ( 추후 공지 ) ○ 주제 ( 중복 참여 가능 ) ① 크리에이터 망상 패러디 : 100 만 유튜버 상상이라도 해보자 : 100 만 유튜버 전 vs 후 OR 구독자 100 만일 때 나는 어떤 모습일지 ? 자유롭게 표현해주세요 . ② 이게 콘텐츠가 된다고 ? 됩디다 : 평범한 하루를 콘텐츠로 바꾸기 : 아무것도 아닌 하루 일상을 억지로 재미있게 콘텐츠로 만들어주세요 . ③ 장비 빨 vs 편집 빨 : 극한의 대비 미션 : "" 편집이 살렸다 vs. 장비가 살렸다 "" 자신의 생각을 영상으로 표현해주세요 . ④ 30 초 숏폼 지옥 : 첫 구독을 부르는 영상 : 30 초 안에 무조건 시선 강탈하기 . 짧은 시간 안에 자신의 모든 역량을 쏟아 부어보세요 ! ○ 수상 안내 * 모든 참여자 제공 : 스타벅스 아메리카노 1 잔 쿠폰 , 유쾌한생각 ' 난라이트 ' 브랜드 15% 할인권 ( 출품당 ) ○ 출품 방법 - 주제에 맞는 영상 자유롭게 제작 - 제작한 영상을 개인 SNS 에 업로드 - 이벤트 페이지에서 신청 정보 작성 후 영상 제출 * 해시태그 추가하기 : # 유쾌한생각 # 곰믹스 # 공모전 # 크리에이터데뷔챌린지 * 유튜브 , 인스타그램 , 틱톡 모두 가능 ○ 작품 요건 - 프레임 : 1080*1920 또는 1920*1080 - 길이 : 30 초 -120 초 - 파일 형식 : MP4( 용량 1GB 이내 ) - 해상도 : Full HD 이상 ○ 심사 ①심사 : 유쾌한생각 , 곰앤컴퍼니 직원 투표 (50%), 일반인 투표 (50%) ②심사 기준 - 재미 & 몰입도 (40%) : 끝까지 보게 만드는가 ? - 크리에이터 감성 (25%) : “ 이 사람 , 유튜버 하면 재밌겠다 ” 는 느낌이 드는가 ? - 자유도 & 도전 정신 (25%) : 형식에 얽매이지 않고 자유롭게 표현했는가 ? - 촬영·편집 활용도 (10%) : 장비 , 편집 ( 자막 , 효과 , 컷 편집 등 ) 적극적으로 사용했나 ? ○ 참여 혜택 모든 참가자에게 곰이지패스 1 개월 이용권 및 20 크레딧을 드립니다 . ○ 문의 사항 : gomlabevent@gomcorp.com"
311528,지평(Jipyeong),[대학연합] 트렌드 & 자기계발 독서모임 '지평(Jipyeong)' 4기 부원 모집,,,,,"[대학연합] 트렌드 & 자기계발 독서모임 '지평(Jipyeong)' 4기 부원 모집 ""당신이 읽는 것이 당신의 지평(Horizon)을 결정합니다."" 어제와 똑같은 생각만 반복하고 있다면, 이제는 새로운 페이지를 넘겨야 할 때. 트렌드의 파도 위에서 나만의 중심을 잡는 곳, 지평(Jipyeong) 입니다. [Chapter 1. 인사이트의 재정의] 우리는 단순히 '책을 읽기 위해' 모이지 않습니다. 책 속의 행간을 읽고, 그것을 내 삶의 '무기'로 바꾸는 실행에 집중합니다. POINT 01. 2026년 마케팅/경제/AI 트렌드 리포트 완전 분해 뉴스만 봐선 몰랐던 요즘 흐름을 내 지식으로 만들어 대화의 깊이가 달라집니다. POINT 02. ""읽었으면 해라"" - 매주 1인 1실천 인증 시스템 혼자라면 포기했을 '갓생' 습관들을 동료들과 함께하며 확실하게 내 것으로 만듭니다. POINT 03. 다양한 전공생들이 모여 만드는 생각의 스파크 내 전공 안에 갇혀있던 시야를 넓히고, 소중한 인연과 넓은 사고방식을 얻습니다. [Chapter 2. 지평을 넓힐 24인의 멤버] 모집 인원: 총 24명 (밀도 있는 대화를 위해 인원을 제한합니다.) 누가 오나요? 갓생을 꿈꾸는 수도권 대학생 & 휴학생 어디서 만나나요? 강남과 신촌의 공기가 느껴지는 스터디룸 언제까지인가요? 2026.03.20 ~ 2026.04.30 (상시 모집이 아닙니다.) [Chapter 3. 투명한 약속] 우리의 성장은 깨끗한 운영 위에서 시작됩니다. Membership Fee: 20,000 KRW (최초 1회) 우리의 아지트가 될 스터디룸 대관료 매주 알차게 준비되는 발제 자료 제작비 지출 내역은 매달 부원들에게 투명하게 공개됩니다. [Final. 이제, 당신의 페이지를 열어주세요] 활동 기간: 2026.04 ~ 2026.08 (4~5개월) 신청하기: https://forms.gle/c37bvzgGKSCwzQ969"
311526,주식회사 유어라운드,2026 YES Korea National Championship,,,,기타 | 상장 수여,"[국가대표 선발] 2026 YES Korea National Championship: Innovation for Our Society ""2025년 뉴욕을 휩쓸었던 뜨거운 열정, 이제 2026년 주인공은 바로 여러분입니다!"" NFTE 40주년을 맞이하여 기존 WYEC가 **YES(Youth Entrepreneurship Showcase)**로 화려하게 리뉴얼되었습니다. 대한민국을 넘어 세계 무대에서 글로벌 리더로 성장할 청소년 혁신가들을 기다립니다. 🏆 참가 혜택 (Why join YES?) 국가대표 자격 부여: 우수 2팀, 2026 YES 세계 대회(뉴욕) 출전권 및 항공/숙박 지원 공식 수료증 발급: 참가자 전원 '2026 YES Korea 교육과정 수료증' 발급 부문별 시상: Most Creative, Best Pitching 등 분야별 Award 상장 수여 글로벌 네트워크: NFTE 정식 라이센스를 통한 글로벌 기업가 정신 교육 경험 📍 대회 개요 대회명: 2026 YES Korea - Innovation for Our Society 대상: 만 15세 ~ 18세 청소년 (개인 또는 팀) 신청 기간: 2026. 03. 30(월) ~ 04. 12(일) 최종 발표 심사: 2026. 07. 11(토) 📝 접수 및 참가 안내 접수처: 공식 홈페이지 youthround.org 참가비: 팀당 400,000원 (서류 접수 시 납부) 주관/주최: (주)유어라운드 / YouthRound (NFTE 정식 라이센스 운영 기관) 💬 문의처 이메일: support@urround.com 카카오톡: youthround (채널 추가 후 문의) 꿈의 무대인 뉴욕, 그리고 세계적인 기업가들과의 만남! 대한민국을 대표할 청소년 혁신가들의 용기 있는 도전을 기다립니다. 지금 바로 신청하세요!"
311521,블루루반,토익 700~850 정체 구간 분석 프로그램 토답 1기 서포터즈 모집 (무료 참여),,,,,모집 개요 토답은 토익 점수 정체 구간에서 벗어날 수 있도록 학습 우선순위를 정리해주는 학습 도구입니다. 많은 토익 학습자들이 문제 풀이량은 충분하지만 어떤 부분에서 점수가 깎이고 있는지 명확히 파악하지 못해 같은 점수 구간에 머무르는 경우가 많습니다. 토답은 아래 3가지를 먼저 정리합니다. 약점 TOP3 오늘 해야 할 공부 3개 지금 당장 줄여야 할 공부 1개 현재 실제 학습 효과 검증을 위해 1기 서포터즈를 모집하고 있습니다. 소규모 참여자를 대상으로 진행되며 피드백을 기반으로 서비스를 개선할 예정입니다. 모집 대상 토익 점수 정체 구간 학습자 현재 점수 700~850 구간 시험까지 15~45일 남은 학습자 학습 방향 설정이 필요한 분 실제 학습 피드백 제공 가능한 분 모집 인원 12명 활동 내용 토답 서비스 사용 (2주) 오답 기반 약점 분석 확인 학습 우선순위 가이드 확인 간단한 사용 피드백 제공 학습 경험 공유 (선택) 활동 기간 약 2주 선정 후 바로 참여 가능 참여 혜택 토답 서비스 무료 이용 학습 방향 설계 경험 초기 사용자 혜택 제공 서비스 개선 참여 경험 추천 대상 토익 점수가 일정 구간에서 정체된 분 무엇을 먼저 공부해야 할지 고민되는 분 문제 풀이량 대비 점수가 오르지 않는 분 시험 전 학습 전략을 점검하고 싶은 분 진행 일정 모집 기간 선착순 모집 완료 시 마감 참여 기간 선정 후 2주 지원 방법 아래 신청 링크 작성 https://forms.gle/LxoJ11BSMZFyKPoc9 안내 사항 소규모 참여 프로그램으로 조기 마감될 수 있습니다. 선정자는 개별 안내 예정입니다.
311520,네일팁제작소,"같이 네일팁 만들고, 사진 찍고, 예쁜 취미 가질 분들 구해요 (네일팁제작소 1.5기)",,,,,"1학기 운영 체제 (장기 부담 없는 학기 운영제) 같이 네일팁 만들고, 사진 찍고, 예쁜 취미 가질 ₐₙ𝓰ₑₗ 분들 구해요 °ʚ(*´ ｀*)ɞ° 🩷 인스타 네일 디자인 따라 만들어보고 싶은 분 𓈒 🏹ྀ 네일팁 만들면서 취미로 피드 꾸며보고 싶은 분 🩷 예쁜 거·아기자기한 거 좋아하는 분 👼🏻 전공은 아니지만 네일에 관심 생기신 분 🩷 가성비 좋은 취미, 오래 할 취미 찾는 분 ⭐️ 요즘 유행하는 네일 디자인 직접 만들어보고 싶은 분 이 중 하나라도 해당된다면 네일팁 제작소 랑 잘 맞아요 ପ₍ᐢ๑• ֊ •๑ᐢ₎ଓ⌒☆ 네일팁 제작소는 이런 동아리예요! 네일팁 제작을 중심으로 만들고 · 찍고 · 공유하고 · 같이 예쁜 것 보러가는 취미 네일 동아리입니다. 활동 내용 - 인스타/핀터레스트 네일 디자인 레퍼런스 따라 만들기 - 젤네일·오버레이 기초로 네일팁 제작 - 컬러 조합 & 아트 포인트 연습 - 계절·테마별 네일팁 만들기 - 완성한 네일팁 촬영 & 피드백 - 직접 만든 네일팁 미니 전시 - 예쁜 네일 재료 태무/알리깡 - 원하 는 사람에 한해 네일팁 판매 경험 (소소하게!) - 코엑스 네일 박람회 (4월 중) 같이 놀러 가기 이런 분께 추천해요 - 혼자 하기엔 심심해서 취미가 오래 안 가는 분 - 결과물이 남는 취미를 하고 싶은 분 - 네일샵 안 가도 네일을 즐기고 싶은 분 - 네일 좋아하는 친구들 만들고 싶은 분 - 전공 아니어도 가볍게 네일을 즐기고 싶은 분 모집 안내 1.5기 부원 3명 추가 모집 -1기 인원 5명! -활 동 난이도: 네 일 초보 완전 환영! 네일 처음 이어도 괜찮아요 부담 없는 취미 모임 위주로 진행합니다 -재료 공유 시스템 / 개인 도구 지참 가능 -정기 모임: 주 1회 (시간·장소는 공지 예정/시험기간 조율 가능) 지원링크 : https://forms.gle/wiLj1dVDeBBzsKdx7 관심 있으신 분은 지원링크로 문의 주세요! 예쁘고 편안한 분위기에서 함께 네일 만들어봐요 -"
311519,21세기 집현전,"'역사 덕후'들의 동아리《21세기 집현전》(재밌게 스터디, 유적지, 박물관 견학 등 활동예정",,,,,"👑왕 좋아하다가 동아리 만든 사람들입니다🤓 📜역사에 과몰입한 사람 모집합니다~~😁 왕과 사는 남자 보고 갑자기 '연산군 진짜 저랬을까?' '이 장면 실록엔 어떻게 나왔을까?' 궁금해진 당쉰!! 함께해요!!😘 💁‍♀️운영 방식이올씨다 - 월 2회 모임 - 한번은 카페에서 스터디 모임, 한번은 궁궐/박물관 등 견학모임으로 진행 - 회비=개인별 비용(커피값, 입장료 등) 🤔스터디라 공부만? NONO 이런 활동도 하옵니다 1) King' story 왕의 서사 분석 2) 인물/역사 공부하고 서로 설명해주기 ex) 단종 3) 역사영화 보고 과몰입 토론 4) 역사인물 MBTI 추정해보기 5) 역사관련 같이 해보고 싶은거! 취미로 한국사 덕질하실 분 함께 과몰입하실 분 많관부!!😊 지원방법은 요기👉👉 https://forms.gle/fvhGqjFF9ShJFTNK9"
311518,코딩 수학,코딩 수학 스터디 종강하니 내가 수학천재? : 코딩 수학 스터디원 모집합니다!,,,,,"🏙 스터디 종강하니 내가 수학천재? 🏙 🙇🏻‍♂️인사말 안녕하세요🙌 학생들 대상으로 방과후 수업을 위해 제작한 '코딩 수학' 교재가 코딩을 시작하는 대학생, 취준생 분들을 위해서도 수정하여 사용하면 좋을거 같아 스터디를 열어보게 되었습니다🌟 말 그대로 수학을 많이 어려워하시는 분들이 와주시면 좋을거 같고, 쉽게 설명하는건 자신이 있다보니 같이 하나하나 공부해보며 수학에도 재미를 붙여보면 좋겠습니다🤗 많은 지원 바랍니다💫 📍이력 - 👨🏻‍🎓학사: 수학과 졸업 - 👨🏻‍🎓석사: 수학교육과 졸업 - 🧑🏻‍🏫현직 고등학교 수학 교사 📆 일정 - 시간: 매주 금요일 저녁 19시 (스터디 예상 시작일 4월 10일) - 장소: 홍대, 신촌 스터디 카페 🧑🏻‍💻모집 대상👩🏻‍💻 - 인원: 최대 6명 - 문과/예체능 전공한 코딩 어린이 (이과여도 상관없음) - 수학을 다 까먹은 코딩 어린이 - 코딩을 위한 수학적 기초를 쌓고 싶은 코딩 어린이 📚 운영방식 * 모든 차시의 진행 방식은 아래와 같이 통일됩니다. * 교재는 제가 제작한 자체 교재 프린트해서 드릴 예정입니다(비용은 없습니다.) 각 차시 운영 계획 - 30분 개념 설명 - 20분 문제풀이&코딩 실습 - 그 외 과제 - 커리큘럼(하단 내용 참고) 👇 신청 링크 https://naver.me/FCrnHYPS * 문의: 010-6831-1463 문의는 문자로만 보내주시고, 불필요한 연락은 삼가 주세요. 📚 커리큘럼 1강 집합과 논리 연산 내용: 집합, 포함관계, 논리곱/합/부정, 진리표 활용: 조건문, 불리언 처리 2강 부등식과 조건 판단 내용: 부등식 풀이, AND/OR 조건의 의미 활용: 조건 분기, 필터링 3강 수와 연산의 기초 내용: 정수, 유리수, 실수, 절댓값, 나머지 연산(mod) 활용: 변수 처리, 조건 분기 4강 정수론 기초 내용: 유클리드 호제법, 페르마의 소정리, 중국인의 나머지 정리 활용: 블록체인, 해시 테이블 최적화 5강 수학으로 보는 암호화 내용: RSA 개념 활용: 보안, 암호 알고리즘 6강 수열과 점화식 내용: 등차/등비수열, 재귀식, 피보나치 활용: 반복문, 재귀 알고리즘 7강 수학적 귀납법 내용: 기본 구조, 재귀와의 연결 활용: 재귀 함수, 수열 증명 8강 경우의 수와 순열/조합 내용: 기본 개념, 중복 조합, 이항계수 활용: 시뮬레이션, 알고리즘 9강 기초 함수와 그래프 내용: 함수 개념, 일대일 대응, 좌표평면, 그래프 해석 활용: 데이터 매핑, 시각화 10강 미분의 기초 개념 내용: 변화율, 접선, 극댓값/극솟값 활용: 최적화, 딥러닝 경사하강법 11강 적분의 기초 개념 내용: 면적 개념, 누적합, 정적분 활용: 물리 계산, 누적 처리 12강 확률의 기초 내용: 확률 정의, 조건부 확률, 독립 사건 활용: 게임 확률, AI 추론 13강 기초 통계 내용: 평균, 분산, 표준편차, Z-점수 활용: 데이터 분석, 머신러닝 14강 확률분포 이해 내용: 이산/연속 분포, 정규분포, 베르누이, 이항분포 활용: 예측, 데이터 시뮬레이션 15강 벡터와 공간 개념 내용: 벡터, 내적/외적, 좌표계 활용: 게임 개발, 물리 엔진 16강 행렬의 기초 내용: 행렬의 구조, 연산, 전치행렬 활용: 이미지 처리, 벡터 연산 17강 선형대수의 기초 내용: 선형 결합, 기저, 차원 활용: 머신러닝, 추천 시스템 18강 그래프 이론 기초 내용: 정점, 간선, 방향/무방향, 인접 행렬/리스트 활용: 소셜 네트워크, 알고리즘 19강 그래프 이론 심화 내용: 오일러 경로/회로, 해밀턴 경로, 그래프 색칠 활용: 알고리즘 효율 분석 20강 실전 응용 프로젝트 내용: 간단한 코딩 프로젝트 (확률, 벡터, 통계 등 포함) 활용: 수학 + 코딩 종합 적용"
311517,통일모의국무회의 사무국,2026 통일모의국무회의 경연대회,,,,상장 수여,"﻿ 2026 통일모의국무회의 경연대회 (제12회)를 안내합니다. <경연 주제> - 통일 이전부터 통일 이후까지의 상황을 가정하여 정치·경제·사회·문화 등 다양한 분야에서의 변화상을 상상하여 평가하고, 평화통일을 위한 정책을 수립하여 모의 국무회의를 통해 시연 <참가 자격> - 전국 소재 대학교에 재학 중인 대학생(휴학생 포함) 6명이상 13명 이하로 구성된 팀 <접수 기간> 2026년 4월 6일(월) ~ 2026년 5월 16일(토) 24:00 <경연 일정> - 예선(서류전형) 결과 발표 5월 19일(화) - 본선 5월 23일(토) 예정 - 결선 5월 30일(토) 예정 <팀 구성 및 역할 배분> - 팀 구 성 : 1팀당 최소 6명에서 최대 13명까지 구성 - 역할 배분 : 대통령 1인(필수), 국무총리를 포함하여 국무위원 5인 이상으로 배분 <모의 국무회의 대본 작성> : 40분 분량(작성 서식 별첨, 통일모의국무회의 카페에서 다운로드) <서류 제출> (1) 참가 신청서 및 개인정보 수집·이용 동의서 (2) 모의국무회의 대본(40분 분량) (3) 재학증명서(휴학생인 경우 휴학증명서)(참가자 전원) <제출 방법> 통일 모의 국무회의 경연대회 사무국 이메일 ( unifi2016@daum.net ) <시상 내역> -최우수상 : 통일부장관상 및 상금 3백만원 -우수상 : 국립평화통일민주교육원장상 및 상금 2백만원 -장려상 : 강원대학교 남북바다자원교류원장상 및 상금 1백만원 <문의> : 통일모의국무회의 카페 : https://cafe.daum.net/unifi2016 통일모의국무회의 사무국 : 02-6053-2001 ﻿"
311516,한겜만 판다,보드게임 | 한겜만 판다 모집글,,,,,"🎲 보드게임 동아리 [한겜만 판다] 모집🐼 안녕하세요! 보드게임 동아리 [한겜만 판다]입니다! 친구들이랑 보드게임 하고 싶은데 아는 게임이 없으시다고요? 맨날 하던 게임만 하게 된다구요? 제 얘기라서 만들었습니다! 저희는 활동 때마다 각자 하고 싶은 게임의 룰을 익혀오고 우리 판다들🐼(부원)에게 공유하여 한 겜씩 패보는 동아리입니다! (물론 다른 게임도 섞어서 함!!!) 초보자부터 고수까지 모두 환영합니다! 고수면 오히려 좋음. 저 좀 알려주세요..🥹 📝지난 활동 (1~5기) https://litt.ly/dongari • 전략전 🔫 루미큐브, 테라포밍 마스, 윙스팬, 카탄, 부루마블 • 심리전&추리전 🧐 아발론, 레지스탕스, 타코캣고트치즈피자, 쿠, 디셉션: 홍콩 살인사건, 미스터리 하우스, 클루, 셜록13 • 협력전 🫂 팬데믹, 스페이스 크루 • 데일리 🤍 도블, 달무티, 할리갈리, 꼬치의 달인 🗓️ 활동 안내 • 활동 주기: 2주에 한 번, 정기 모임(판다들과 협의하여 진행) • 활동 장소: 서울 보드게임 카페 (레드버튼, 히어로보드게임 등) or 추천 장소 🎯 동아리 운영 방식 1. 각자 2주 동안 하고 싶은 게임을 정해서 룰 익혀오기! (간단 게임부터 복잡한 전략 게임까지 다 OK!) 2. 익혀온 룰을 다함께 공유하고 실제로 플레이 해보기! 3. ⭐️🐼 이제 당신은 보드게임 마스터 판다 ⭐️🐼 ※ 본 동아리는 정교, 정치, 상업 목적과 무관합니다. 연세대, 서강대, 중앙대, 이대 등의 수도권 소재 대학생들에 의해 운영되고 있으며 순수 취미와 친목 목적으로 만든 연합 동아리 입니다. 💬 가입 및 문의 방법 상시 모집 중 ! 한겜만 팰 사람 다 환영 !! 모집폼 : https://moaform.com/q/ncaRD2 인스타 : https://www.instagram.com/panda_1_game?utm_source=ig_web_button_share_sheet&igsh=ZDNlZDc0MzIxNw=="
311515,망글몽글,DIY공예모임 | 망글몽글 모집글,,,,,"✍🏻🧵 〈 망글몽글 〉 3 기 모집중 저희 <망글몽글>은 휴식의 시간도 없이 바쁜 하루에 지친 사람들끼리 모여 뜨개질, 꽃꽂이, 키링 만들기 같은 활동들을 하며 나만의 힐링을 갖는 감성 취미 동아리입니다. 겨울하면 생각나는 ‘뜨개질’부터 내 취향을 한껏 담는 ’키링‘, ’슬라임‘ 만들기, 로망을 실현하는 나만의 부케, 꽃다발을 만드는 꽃꽂이 까지, 감성적이고 온전히 나에게 집중할 수 있는 취미는 모두 즐겨요☺️ 📝이전 활동 (1~2기) 1기_☻ • 비즈 목걸이 • 키링 • 도자기 공방 • 꽃꽂이 원데이클래스 • 목도리 뜨개질 • 공원 피크닉 2기_☻ • 티코스터 뜨개질 • 비즈 반지 • 실링왁스 • 슬라임 카페 • 모루인형 • 소품샵 투어 📝 3기 예상 활동 • 새해기념 다꾸 • 다이소 폰꾸 • 2026 비전보드 만들기 • 이어폰줄 뜨개질 • 뜨개 꽃다발 • 마그네틱 만들기 • 자개 키링 만들기 • 공원 피크닉 💬모집 대상 • 서울 및 수도권 대학생(휴학생 포함) • 핸드메이드·DIY 취미에 관심 있는 분 • 소규모 모임, 조용한 분위기를 선호하는 분 • 취미가 같은 친구를 만들고 싶은 사람 📍활동 정보 • 장소: 서울 수도권 카페 • 빈도: 월 2회 격주 토요일 정기 모임 • 💸 비용: 재료비 공동구매 or 개인구매(선택) 장소 이용시 N/1 📩 지원 방법 - 모집 기간 : ~26.02.28(목) - 모집 인원 : 약 10명 내외 - 신청 링크 : https://forms.gle/TLt7KQkbZft3nKmw8 - 문의 : 망글몽글 오픈채팅💍 https://open.kakao.com/o/sSsdPWbi 🧚🏻 운영 주체 - '망글몽글'은 연세대, 서강대, 홍익대 등의 수도권 소재 대학생들이 순수 취미와 친목 목적으로 만든 연합 동아리 입니다. - 저희 동아리는 대학생들에 의해 자치적으로 운영되고 있으며 정치, 종교 등의 목적과 관련이 없습니다. 👇🏻구체적인 활동내용 알고 싶다면~? ☑️ 노션 : https://festive-expert-512.notion.site/DIY-3-2ea4bf6d14ff809f9b3dd7e6d95db663?source=copy_link"
311514,드로잉 log,예술 디자인 | 드로잉log 모집,,,,,"🎨 드로잉log_오늘의 그림 ""그림은 그리고 싶은데, 어디서부터 시작할지 막막하셨나요?"" 카페에서 모여 각자 그리고 싶은 그림을 자유롭게 그리는 드로잉 클럽 입니다. 매주 재료는 통일 되어 준비 해 드리고 있으며, 주제는 자유입니다. 호스트는 순수미술 전공이며 현재 미술 강사로 활동하고 있습니다. 원하시는 분들은 기초 드로잉이나 간단한 팁도 알려드릴 수 있어요. 2주에 한번 나만의 예쁜 그림을 완성해가요✨ ⸻ 📍 모임 안내 • 일시: 매주 토요일 • 장소: 홍대 or 합정역 인근 카페 • 인원: 5명 내외 • 회비: 만원 (*상황에 따라 번개 모임, 전시 등 특별 외부 활동도 가질 예정입니다) ✏️ 드로잉 활동 • 오일 파스텔화 • 인물화 • 드롭페인팅 • 자유드로잉 🎨 준비물 • 연필, 개인 스케치북 • 건식재료는 제공 💛 이런 분 환영해요 • 그림을 좋아하지만 혼자 시작하기 어려웠던 분 • 바쁜 일상 속에서 잠시 몰입하고 힐링하고 싶은 분 • 카페에서 조용히 드로잉하는 시간을 보내고 싶은 분 • 일주일에 한 번 나만의 그림을 만들어보고 싶은 분"
311513,남구청소년창작센터,대구 남구 어린이날 행사 [제4회 악동페스티벌] 자원봉사자 모집!,,,,,"5월 2일 토요일 대덕문화전당에서 진행되는 어린이날 축제 제4회 악동페스티벌 자원봉사를 모집합니다! ♥행사일시: 2026. 5. 2.(토) 9:00 ~ 18:00 (8시간) ♥행사장소: 대덕문화전당 ♥모집대상: 행사 운영에 함께하고 싶은 청년층 누구나! ♥모집인원: 50명이상 ♥운영내용: 에어바운스 안전관리, 포토부스, 바람개비만들기, 팝콘, 슬러쉬 부스 운영 등 행사 운영 전반 ♥지원방법: QR 코드 스캔 및 https://naver.me/5zU3zgTn ♥문의사항: 남구청소년창작센터 인스타 DM(@ngyouth_45) or 053-664-3104"
311510,COCOMA UTOPIA,COCOMA UTOPIA 글로벌 커뮤니티 STAFF 2차 모집,,,,,"2026년 3월부터 2027년 3월까지 1년간 COCOMA UTOPIA 스태프로 함께할 분을 모집합니다! This application is for those who wish to join COCOMA as staff members for one year (March 2026 to March 2027) . 📅 일정 📝 지원 기간 2026.03.29 ~ 04.12 📆 활동 기간 2026.03 – 2027.03 (1년) 🎁 운영진 혜택 ✔ 활동비 일부 지원 ✔ 공식 운영진 인증서 ✔ 우수 활동자 시상 ✔ 행사·부스 기획 실무 경험 ✔ 커뮤니티 행사 우선 참여 📌 지원 방법 👉 Google Form 지원 https://forms.gle/8VuUt64q2fqDsU5Q9 🏡 단체 소개 / About COCOMA COCOMA (COCOMA UTOPIA)는 2022년 5월 14일 설립된 국제 커뮤니티로, 한국에 거주하는 외국인을 중심으로 언어와 문화를 매개로 한 지속 가능한 글로벌 시민 네트워크를 만들어오고 있습니다. 3년간의 커뮤니티 운영 경험을 바탕으로, COCOMA는 2026년부터 비영리 임의단체 로 전환하여 보다 공공성 있고 장기적인 국제교류 활동을 이어가고자 합니다. COCOMA는 일회성 모임이 아닌, 사람·관계·연결이 축적되는 커뮤니티 를 지향합니다. COCOMA (COCOMA UTOPIA) is an international community founded on May 14, 2022. We connect foreigners living in Korea through language and cultural exchange, building a sustainable network of global citizens. Based on three years of community operation, COCOMA will transition into a non-profit voluntary organization starting in 2026 to pursue long-term, public-oriented international exchange activities. COCOMA is not a one-time meetup community, but a place where relationships and connections grow over time . 🌍 주요 활동 소개 / What We Do COCOMA는 다음과 같은 정기·비정기 프로그램을 운영합니다. COCOMA operates the following regular and special international exchange programs. 1. ☕ COCOMA Global Coffee Chat 커피를 매개로 한 정기 언어·문화 교류 모임 외국인을 중심으로 자유로운 대화와 네트워킹을 진행합니다. A regular language and cultural exchange meetup based around coffee, focusing on open conversation and networking for foreigners in Korea. 2. 🗣 Language Exchange & Korean Support 언어교환 프로그램 및 한국어 학습 지원 외국인의 한국 생활 적응을 돕는 실질적인 교류 활동입니다. Language exchange programs and Korean learning support to help foreigners adapt to life in Korea. 3. 🤝 Mentoring & Team Matching 외국인–외국인 / 외국인–한국인 팀 매칭 생활·문화·진로 등 다양한 주제의 멘토링을 운영합니다. Team matching between foreigners and Koreans for mentoring on daily life, culture, and career-related topics. 4. 🎉 Cultural Events & Community Gatherings 크리스마스, 할로윈, 설·추석 등 문화와 시즌을 반영한 커뮤니티 행사 및 이벤트를 기획합니다. Community events reflecting different cultures and seasons such as Christmas, Halloween, Lunar New Year, and Chuseok. 5. 🧭 Fieldwork & Cultural Trips DMZ, 전쟁기념관, 북한산 등 국내 주요 장소를 중심으로 한 문화·역사 기반 필드워크 프로그램을 운영합니다. Cultural and history-based fieldwork programs to key locations in Korea such as the DMZ, War Memorial, Bukhan San."
311509,연합독서동아리 <북덕클럽> 2기 부원 모집,연합독서동아리 <북덕클럽> 2기 부원 모집,,,,,"연합독서동아리 <북덕클럽> 2기 부원 모집 북덕클럽은 대학생으로 구성된 임원단에 의해 자체적으로 운영되고 있으며, 서울/경기/인천 지역 대학생들의 연합 동아리입니다. 정치, 종교, 시민 단체 및 특정 영리 단체와는 관련이 없음을 알려 드립니다. 안녕하세요, BOOKDUCK CLUB 입니다! “ 북덕클럽 ” 은요 단순히 책만 읽고 헤어지는 것이 아쉬웠던 분들, 혼자서는 독서 습관을 잡기 어려웠던 분들, 독서 토론 대신 내가 읽고 싶은 책에 온전히 몰입하고 자유롭게 마음에 드는 글귀 필사하고 싶었던 분들, 독서와 더불어 예쁜 카페에서 사진으로 추억을 남기는 동아리입니다. 활동내용 1-1. 평소 읽고 싶었던 책을 읽습니다. 1-2. 지정된 책을 읽습니다. **1시간 동안 휴대폰은 잠시 내려두고, 집중해서 책 읽기! 2. 와닿은 내용 3~4명 씩 모여 나누기 3. [선택사항] - 인상 깊었던 글귀 필사 (노션으로 포트폴리오 남길 수 있는 장점이 있어요!) - 예쁜 카페 온 김에 서로 사진 찍어주기 (참고 : 운영진 인물사진 보정 굳~) 활동안내 • OT: 2026.04.11(토) 18:00 • [활동기간] 2026.04.11(토)~2026.06.27(토) 매월 두번째/네번째 토요일 18:00~20:00 정기모임 진행 **시험기간에는 1달에 1번 3번째 토요일 18:00~20:00 진행합니다. • [활동장소] 문래/홍대/합정/신촌 카페 • 회비 : 10,000원 (노쇼 방지로 받는 것이며, 사용 내역은 부원들에게 투명하게 공개합니다.) • 활동비용 : 각자 카페 비용 모집일정 • 서류모집기간 : 2026.03.22(일) ~ 2026.04.05(일) • 비대면 면접 : 서류모집기간 중 조율하여 평일에 진행합니다. • 합격자 최종 발표 : 2026.04.10(금) 23:59 모집인원 • 14~20명 내외 북덕클럽 소개 & 1기 활동 https://bookduck2.notion.site/2-32cb9ee66c84805ebcf9fdda9a233684?source=copy_link 지원방법 : 구글폼 https://forms.gle/fzZ48YQ3XRgGoKqu7 문의 : 카카오톡 오픈채팅 https://open.kakao.com/o/s3borImi"
311508,"서울경기연합 산책동아리 ""워킹홀리데이(WalkingHoliday)-봄편(4기)"" 동아리원 ","서울경기연합 산책동아리 ""워킹홀리데이(WalkingHoliday)-봄편(4기)"" 동아리원 모집(리뉴얼ver)",,,,,"서울경기연합 산책동아리 ""워킹홀리데이(WalkingHoliday)-봄편(4기)"" 동아리원 모집(리뉴얼ver) 안녕하세요, 산책동아리 ""워킹(WalkingHoliday)홀리데이""입니다. ""워킹홀리데이""는 이름 그대로 <쉬는 날에 산책을 한다>는 의미의 동아리입니다:) < 동아리 이력 > 2025년 1학기 : 1기 2025년 여름방학 : 2기 2025년 2학기+겨울방학 : 3기 2026년 1학기 : ""봄편""으로 4기를 준비하게 되었습니다. 봄 분위기에 맞게 새학기 시즌을 맞이하여 동아리를 시작합니다. 봄이다보니 따뜻하고 조화로운 분위기를 찾아 산책코스를 준비하고 있습니다. [ 워킹홀리데이 4기 - 봄편 ]을 통해 건강도 챙기고 재밌고 즐거운 추억도 만들고 싶으신 많은 분들의 지원바랍니다. + 금번 리뉴얼로, 걷기 산책 외에 활동기간 중 1~2회 정도 놀이동산, 동물원, 식물원 코스도 준비하게 되었습니다 ~🌈 (어린이대공원, 롯데월드, 서울식물원, 서울대공원 중 선정) 운영진 소개 - 대학생 총 4명(회장,부회장,총무,기획)으로 구성 - 활동인원은 총원 15~20명 이내로 선정할 예정 - 대학생 / 대학원생 / 휴학생 모두 지원가능 주요 활동코스 및 일정 - 서울~경기권 내의 산책을 가볼만한 장소들 위주로 진행 예정 - 기수별로 한번씩 가벼운 나들이개념의 당일치기 여행 - 활동주기는 2주에 한 번 평일 저녁 혹은 주말 오후에 진행 예정 - 산책활동 전후로 카페나 맛집 탐방시간 있음. 활동사항 안내 - 참석은 매 회 마다 자율참석 - 너무 참석율이 저조한 인원에게는 상호합의로 탈퇴가능 - 주의! 다단계/사회단체/종교포교 확인시 바로 추방됨. 활동코스 set (상황에 따라 변동될 수 있음.) - 남산타워&명동 - 광화문&종로&청계천 - 홍대&연희동&연남동 - 창경궁&창덕궁&낙산공원 - 경복궁&덕수궁 - 영등포&문래동 - 여의나루역&여의도공원 - 반포한강공원 - 국립중앙박물관&전쟁기념관 - 상암월드컵공원 난지천공원 - 경기권 당일치기 여행 가입비 5,000원 - 단체간식 및 음료비로만 사용 - 사용내역은 가계부 및 영수증 공유를 통해 투명하게 공개 - 이외의 활동비는 모두 현장에서 더치페이 활동기간(중간고사 후) : 2026년 4월20일(월) ~ 2026년 6월28일(일) 모집기간 : 2026년 3월 9일(월) ~ 2026년 4월 17일(금) 모집링크 : https://forms.gle/bspucHvAR6oA5w5a6 인스타계정 : https://www.instagram.com/walking_h_d?igsh=eXZmaWw2cTdpNm02"
311507,메리스마일 동아리,[Merry Smile] 메리스마일 봉사 연합동아리 신규 부원 모집,,,,,"💌[Merry Smile] 메리스마일 봉사 연합동아리 신규 부원 모집 💌[Merry Smile] 메리스마일 봉사 연합동아리는 우리가 가는 곳마다 즐거움을 남기고 웃음을 남기는 봉사 활동을 하고 있습니다. 우리가 마음을 모아 작은 일 하나일지라도 기쁨과 의미 있는 시간을 보내고 전하고 싶으신 분들의 많은 지원 바랍니다. 💌활동 내용- 상시 운영/격주 1회 봉사활동 (주말, 활동 시간은 봉사활동마다 시간 변동있음.) 💌동아리 부원끼리 친해질 수 있는 번개모임 운영 💌우리가 전할 수 있는 Smile 1. 서울, 경인 지역 동물보호소 일일 봉사활동 방문 2. 한강, 아라뱃길, 서울숲, 경의선 등 서울 경인 지역 산책로 플로깅 3. 청소년 체험활동 교육 지도봉사 4. 보육원 아이들을 위한 놀이와 돌봄 5. 교육및 재능기부로 장애인/다문화 아동 멘토링 6. 기후 위기 캠폐인활동으로 NGO에서 주관하는 서포터즈 활동 💌모집 대상 - 서울 거주 대, 휴, 졸업생 (경기 거주 시 봉사활동에 지장 없는 분) - 봉사 활동 시간 인증만 원하는 것이 아니라 진심과 성실함을 가진 분 💌 모집 인원 - 상시모집 - 지원 후 3일내로 개별 합격 연락 예정 💌지원방법 아래 링크로 지원서 작성 https://moaform.com/q/077pQ2 계절마다 봉사활동이 다릅니다. 금액적인 후원 봉사활동은 하지 않습니다. 대외적인 보여주기용 봉사도 협찬도 받지 않습니다. 관련 연락도 사절입니다. 특히 기업 이익을 위한 활동과 협찬도 사절입니다!"
311506,넷매니아,[넷매니아] IT(AI서비스 개발 및 UI/UX구현) 실전 직무 프로그램_4월 1기 4차_,,,,,"[넷매니아] IT(AI서비스 개발 및 UI/UX구현) 실전 직무 프로그램_4월 1기 4차_ [모집대상] 2년제 대졸이상, 컴퓨터공학, 소프트웨어 전공자,지식/기술(python, 프롬프트 엔지니어링) [모집기간] ~ 04월 12일까지 [모집공고]"
311505,원업크리에이티브,[원업크리에이티브] 광고마케팅 일경험 프로그램 (국취연계),,,,,"[원업크리에이티브] 광고마케팅 일경험 프로그램 (국취연계) [모집대상] ∙ 만 19세 ~ 34세 이하 미취업 청년 ✔지원자격 ∙ 제한없음(고졸이상,전공무관) ∙ 원활한 커뮤니케이션 능력 보유자 ✔우대사항 ∙ 엑셀,워드사용가능자우대 [모집기간] ~ 04월 03일까지 [모집공고]"
311504,울산울주군육아종합지원센터,[울산울주군육아종합지원센터] 사무행정 일경험 프로그램 (국취연계),,,,,"[울산울주군육아종합지원센터] 사무행정 일경험 프로그램 (국취연계) [모집대상] ∙ 만 19세 ~ 34세 이하 미취업 청년 ✔지원자격 ∙ 제한없음(고졸이상,전공무관) ∙ 적극적인 업무 참여와 유연하고 효과적인 의사소통 역량 필요 ✔우대사항 ∙ 엑셀,워드사용가능자우대 [모집기간] ~ 04월 04일까지 [모집공고]"
311503,울산엘리야병원,[울산엘리야병원] 종합병원 사무행정 일경험 프로그램 (국취연계),,,,,"[울산엘리야병원] 종합병원 사무행정 일경험 프로그램 (국취연계) [모집대상] ∙ 만 19세 ~ 34세 이하 미취업 청년 ✔지원자격 ∙ 제한없음(고졸이상,전공무관) ∙ 성실함과 친절함을 가지신분 / 병원 행정 직무로 취업을 준비하시는 분 ✔우대사항 ∙ 엑셀,워드사용가능자우대 [모집기간] ~ 04월 04일까지 [모집공고]"
311502,울산시설공단,[울산시설공단] 공공행정 일경험 프로그램 (국취연계),,,,,"[울산시설공단] 공공행정 일경험 프로그램 (국취연계) [모집대상] ∙ 만 19세 ~ 34세 이하 미취업 청년 ✔지원자격 ∙ 제한없음(고졸이상,전공무관) [모집기간] ~ 04월 04일까지 [모집공고]"
311501,울산동구가족센터,[울산동구가족센터] 사무행정 일경험 프로그램 (국취연계),,,,,"[울산동구가족센터] 사무행정 일경험 프로그램 (국취연계) [모집대상] ∙ 만 19세 ~ 34세 이하 미취업 청년 ✔지원자격 ∙ 제한없음(고졸이상,전공무관) ∙ 원활한 커뮤니케이션 능력 보유자 ✔우대사항 ∙ 엑셀,워드사용가능자우대 [모집기간] ~ 04월 04일까지 [모집공고]"
311500,울산남구종합사회복지관,[울산남구종합사회복지관] 사무행정 일경험 프로그램 (국취연계),,,,,"[울산남구종합사회복지관] 사무행정 일경험 프로그램 (국취연계) [모집대상] ∙ 만 19세 ~ 34세 이하 미취업 청년 ✔지원자격 ∙ 제한없음(고졸이상,전공무관) ∙ 컴퓨터 활용가능 사무업무 및 서류 작성, 수정가능자 ✔우대사항 ∙ 사회복지 관련 전공자 우대 [모집기간] ~ 04월 04일까지 [모집공고]"
311499,울산광역시북구시설관리공단,[울산광역시북구시설관리공단] 사무행정 일경험프로그램 (국취연계),,,,,[울산광역시북구시설관리공단] 사무행정 일경험프로그램 (국취연계) [모집대상] 만 19세 ~ 34세 이하 미취업 청년 고졸이상 ✔우대사항 - 공공기관 인턴에 관심이 있는 자 [모집기간] ~ 04월 04일까지 [모집공고]
311498,코딩스터디 Loop;,코딩스터디 Loop; 신입부원 모집,,,,,"👨‍💻코딩스터디 Loop; 신입부원 모집 🕵‍♂우리 소모임만의 장점 ✔️비전공자/직장인도 자율 참여 가능 ✔️경험있는 현직자 및 우수 개발자 참여 중 ✔️자유로운 분위기와 존중(꼰대X) ✔️포트폴리오 및 면접 준비도 동시에 가능 🖥 지난 스터디 활동 내용(소개글 참고) 1.스마트캠퍼스 통합관리 시스템 2.AI 면접관 & 모의면접 시스템 3.실시간 택배 경로 최적화 시스템 최적화 4.기타(CS 스터디, 코테 및 알고리즘) 등등 🖥 모임 활동 일정 및 장소 일시:주 1회~2회, 일요일 휴무 장소: 홍대입구역 혹은 학교 주변 카페(조사 예정) 🖥비용 -회비 6개월 마다 2만원(정모 및 유령회원방지) -스터디 룸 1/N 혹은 각자 커피값 ✉️신청 방법 https://forms.gle/K49mBJbWP4Jdz2Um6"
311497,배드민턴 연합 동아리  < GG >,배드민턴 연합 동아리  < GG > 에서 3기 신입부원을 모집합니다 !!,,,,,"🏸배드민턴 연합 동아리 🏸GG🏸에서 3기 신입부원을 모집합니다‼️ 👋배드민턴 동아리 ""굿게임""은 배드민턴을 좋아하고 배드민턴을 통해 서로 알아가며 경험과 추억을 쌓아가는 동아리입니다! 평소 배드민턴에 관심이 있으시거나 처음 치셔도 괜찮습니다! 많은 관심과 지원 바랍니다 😆 ✔️지원방법 https://smore.im/form/yC3mqKWNqt 🏸굿게임에서만 할 수 있는 즐거운 배드민턴 생활 👍 ✔️모임 내 평가전을 통해 배드민턴 종목을 더욱 재미있게 참여하실 수 있도록 할 예정입니다! ✔️배드민턴 외 다양한 운동 + 번개모임을 통해 부원들간의 단합 시간을 열고있습니다! 🏸활동내용 - 매주 금, 토 정기 활동 (but, 변동가능) 금요일 : 구로 누리 배드민턴장 토요일 : 마곡 실내 배드민턴장 *모두 참여해야하는 것은 아니며, 참여 가능한 날짜에 참석 가능. - 동아리 내 간단한 대회 - 동아리 내 평가전을 통해 A,B,C 그룹으로 나누어 평가전을 진행 🏸활동장소 - 신림 실내 체육관 - 신도림 야외 공원장 - 구로누리 실내 체육관 - 마포 레포츠 센터 실내 배드민턴장 - 영등포 다목적 체육관 🏸정기활동 요일 및 시간 - 매주 금요일, 토요일 - 금요일 : 18시 ~ 20시, 20시 ~ 22시 - 토요일 : 16시 ~ 18시 * 일정은 유동적으로 변동 될 수 있습니다. 🏸가입비 및 회비 - 가입비 : 없음 - 회비 : 1만원 * 회비는 셔틀콕 구매 및 일일 입장료, 물 음료 지원 등으로 사용 될 예정입니다 (예/결산 내용은 투명하게 공개할 예정입니다.) 🏸운영주체 💁‍♂️총 5명의 운영진이 함께 하고 있습니다. (경인여대, 한양대, 중앙대, 시립대, 백석예대) 💁‍♀️본 동아리는 대학생에 의해 자치적으로 운영되며 정치/종교/시민단체와 전혀 무관함을 알려드립니다. 🏸모집인원 - 15명 내외(정원 마감시 모집종료) 🏸준비물 - 배드민턴 라켓 - 실내 운동화 or 배드민턴화 * 운영진 정보 - 회장: 중앙대학생 - 부회장: 한양대학생 - 회계: 시립대학생 - 홍보/기획: 백석예대학생 ✔️문의사항 https://open.kakao.com/o/sSN9YW2h"
311496,근로복지공단,[근로복지공단] (울산남부지사) 사무행정 일경험프로그램 (국취연계),,,,,"[근로복지공단] (울산남부지사) 사무행정 일경험프로그램 (국취연계) [모집대상] ∙ 만 19세 ~ 34세 이하 미취업 청년 - 대졸이상 ✔우대사항 -컴퓨터활용가능, 사무업무 및 서류작성 및 수정 가능자 [모집기간] ~ 04월 04일까지 [모집공고]"
311494,블루루반,토익 700~850 정체 구간 분석 프로그램 토답 1기 서포터즈 모집 (무료 참여),,,,,모집 개요 토답은 토익 점수 정체 구간에서 벗어날 수 있도록 학습 우선순위를 정리해주는 학습 도구입니다. 많은 토익 학습자들이 문제 풀이량은 충분하지만 어떤 부분에서 점수가 깎이고 있는지 명확히 파악하지 못해 같은 점수 구간에 머무르는 경우가 많습니다. 토답은 아래 3가지를 먼저 정리합니다. 약점 TOP3 오늘 해야 할 공부 3개 지금 당장 줄여야 할 공부 1개 현재 실제 학습 효과 검증을 위해 1기 서포터즈를 모집하고 있습니다. 소규모 참여자를 대상으로 진행되며 피드백을 기반으로 서비스를 개선할 예정입니다. 모집 대상 토익 점수 정체 구간 학습자 현재 점수 700~850 구간 시험까지 15~45일 남은 학습자 학습 방향 설정이 필요한 분 실제 학습 피드백 제공 가능한 분 모집 인원 12명 활동 내용 토답 서비스 사용 (2주) 오답 기반 약점 분석 확인 학습 우선순위 가이드 확인 간단한 사용 피드백 제공 학습 경험 공유 (선택) 활동 기간 약 2주 선정 후 바로 참여 가능 참여 혜택 토답 서비스 무료 이용 학습 방향 설계 경험 초기 사용자 혜택 제공 서비스 개선 참여 경험 추천 대상 토익 점수가 일정 구간에서 정체된 분 무엇을 먼저 공부해야 할지 고민되는 분 문제 풀이량 대비 점수가 오르지 않는 분 시험 전 학습 전략을 점검하고 싶은 분 진행 일정 모집 기간 선착순 모집 완료 시 마감 참여 기간 선정 후 2주 지원 방법 아래 신청 링크 작성 https://forms.gle/LxoJ11BSMZFyKPoc9 안내 사항 소규모 참여 프로그램으로 조기 마감될 수 있습니다. 선정자는 개별 안내 예정입니다.
311493,미토직업전문학교,[미토직업전문학교] 경영사무 인턴형 프로그램 26-1기 (국취연계),,,,,"[미토직업전문학교] 경영사무 인턴형 프로그램 26-1기 (국취연계) [모집대상] - 고졸 이상 - 엑셀, 한글 사용 가능자 ▶ 우대 사항 - 관련 자격증 소지 및 교육 이수자 - 세심한 업무 처리와 원활한 커뮤니케이션이 가능하신 분 [모집기간] ~ 03월 31일까지 [모집공고]"
311492,디알,[디알] 광고마케팅 인턴형 프로그램 26-1기 (국취연계),,,,,"[디알] 광고마케팅 인턴형 프로그램 26-1기 (국취연계) [모집대상] - 대졸 이상 - 기획, 광고, 마케팅, 콘텐츠 제작 관련 전공자 - 워드, 파워포인트, Adobe, AI 활용 가능자 ▶ 우대 사항 - 영어 사용 가능자(자료조사, 간단한 메일 발송 정도 가능자) [모집기간] ~ 0월 31일까지 [모집공고]"
311491,한국장기조직기증원,[한국장기조직기증원] 공공행정 직무1기 일경험,,,,,"[한국장기조직기증원] 공공행정 직무1기 일경험 [모집대상] 고졸 이상 문서 작성 능력, OA 프로그램 활용 능력(한글, 엑셀, PPT 등) - 워드프로세서, 컴퓨터활용능력 등 자격 취득자 우대 - 자료 조사 및 문서 작성이 가능한 자 우대 - 성실하고 책임감 있는 근무 태도를 갖춘 자 우대 [모집기간] ~ 04월 02일까지 [모집공고]"
311490,대학생 빵투어&베이킹 동아리 “쿠키”,대학생 빵투어&베이킹 동아리 “쿠키” 신입부원 모집,,,,,"🍫 대학생 빵투어&베이킹 동아리 “쿠키” 신입부원 모집 🍫 안녕하세요~! “인스타에 올릴 예쁜 디저트 만들어보고 싶어요” ""빵지순례 같이 하고 싶어요!!"" ✨ 우리 동아리가 좋은 이유 ✨ 🍫 봉봉쇼콜라로 입상한 운영진이 있어요 → 템퍼링 어려워하시는 분들께 꿀팁 알려드릴게요! 초보자도 2~3시간 안에 예쁘게 광내는 법 배워요✨ 🥐 호텔 베이커리에서 잠시 일했습니다! → 호텔에서 썼던 레시피 중 쉬운 버전으로 같이 만들어요 부담 없이 따라 할 수 있는 제과류 레시피 위주! 🌷 초보자도 충분히 즐길 수 있어요 → “베이킹 처음이에요” 완전 환영 → 한 번에 2~3시간 정도, 딱 한 가지 메뉴만 집중해서 만들어요 ✨ 활동 내용 ✨ * 월 1회 베이킹 모임 (구청 공유주방 or 베이킹 스튜디오) → 재료비 + 공유주방 비용(장소에 따라 다름) → 한 번 모일 때마다 딱 한 가지 메뉴 완성! * 월 2회 빵투어 모임 → 빵지순례_인스타 맛집 위주로 갑니다 !! 🌀 지원서 : https://smore.im/form/nNFloI4lBO 🌀 활동사진 : https://padlet.com/COOKEY/cookey-cookie-key-9o825v4f5dl0pfuw"
311489,남동구도시관리공단,[남동구도시관리공단] 공공행정 직무 1기 일경험,,,,,[남동구도시관리공단] 공공행정 직무 1기 일경험 [모집대상] 대졸 이상 [모집기간] ~ 04월 02일까지 [모집공고]
311488,일본어 스터디 '마타네(またね)',일본어 스터디 '마타네(またね)' 신입 모집,,,,,"🌸 일본어 스터디 '마타네(またね)' 신입 모집 🌸 ""일본어 시작하고 싶은데.."" 지브리 주인공들처럼 포근한 분위기에서 일본어 스터디할 신입부원을 모집합니다. 💻 이런 분들과 '마타네' 하고 싶어요! - 덕업일치 희망자 1. 일본 먹거리, 드라마, 영화, 만화에 진심이신 분! 2. 일본어 왕초보부터 N3 자격증 따고 성취감을 얻고 싶은 분 ( 본격 스터디는 아님 ) - 프로 참석러: 최소 월 1회 참석 권장 1. 채팅방 참여 가능하신 분! 2. 널널하게 인생 살고 싶으신 분 🗓 '마타네' 갓생 로드맵 Part 1. (1~3주차) 1. 맛있는 일식 맛집 도장 깨기 2. 인생 컨텐츠 공유하며 낯가림 부시기! Part 2. (5~12주차) 본격 일본어 스터디 1. 일본어 익숙해지기 : 부끄러워도 말해보기 ! 2. 쉐도잉 스터디: 현지 일본인 컨텐츠를 보면서 표현 익히기 ! 🧁장소: 분조카&아늑 스터디룸 💰 깔끔하고 투명한 회비 규정 가입비/연회비: 열정만 들고 오세요 모임 비용: 카페 이용 시 각자 계산, 스터디룸 대여 시 공평하게 N빵! 🎉 지원서 : https://smore.im/form/SmyiiI21IA"
311487,산림항공본부,[산림항공본부] 2026년 산림항공본부 청년인턴(인턴02) 채용 재공고,INTERN,"행정 | 경영/사무 | 기획/전략/경영 | 사무/총무/법무 | 인사/노무/교육 | 경리/회계/결산 | 재무/세무/IR | 사무보조/문서작성 | ◎ 지원 동기 및 진로 계획 - 해당 기관 및 직무에 지원하게 된 계기 - 향후 어떤 일을 하고 싶은지, 이 인턴 경험이 진로에 어떻게 도움이 되는지 서술 | ◎ 직무 관련 전문성 획득을 위한 활동 내용 - 지원한 분야 직무를 수행하는 데 필요한 지식이나 능력을 갖추기 위해 어떤 활동 및 노력을 해왔는지 구체적으로 서술 - 출신학교, 자격증, 시험(어학 등)성적 등은 언급하지 말고 행동과 경험 중심으로 작성 | ◎ 문제 해결 경험 - 일상생활, 학교, 아르바이트, 동아리 등 다양한 상황에서 문제를 인식하고 해결했던 경험 서술 - 어떤 방식으로 해결했는지와 그 결과가 어땠는지 중심으로 서술 | ◎ 소통 및 협업 능력 - 타인과 협력하여 성과를 낸 경험 서술 | ◎ 기대하는 점 및 각오 - 인턴십을 통해 배우고 싶은 점과 어떤 자세로 임할 것인지 서술 | [산림항공본부] 2026년 산림항공본부 청년인턴(인턴02) 채용 재공고",,,[산림항공본부] 2026년 산림항공본부 청년인턴(인턴02) 채용 재공고 [담당업무] ○ 행정지원팀 업무 보조 - 우편업무 보조 및 행정업무 지원 - 유관기관·이전 공공기관 관련 등 항공지원과 행사 보조 - 청사시설물 및 용역관리 보조 ○ 기타 고용인이 지정하는 업무 [모집기간] 04월 03일 ~ 04월 08일 [채용공고]
311486,경북북부제3교도소,[경북북부제3교도소] 2026년 제1회 경북북부제3교도소 청년인턴 채용 공고(2차),INTERN,"행정․법무 | 경영/사무 | 기획/전략/경영 | 사무/총무/법무 | 인사/노무/교육 | 경리/회계/결산 | 재무/세무/IR | 사무보조/문서작성 | ◎ 지원 동기 및 진로 계획 - 해당 기관 및 직무에 지원하게 된 계기 - 향후 어떤 일을 하고 싶은지, 이 인턴 경험이 진로에 어떻게 도움이 되는지 서술 | ◎ 직무 관련 전문성 획득을 위한 활동 내용 - 지원한 분야 직무를 수행하는 데 필요한 지식이나 능력을 갖추기 위해 어떤 활동 및 노력을 해왔는지 구체적으로 서술 - 출신학교, 자격증, 시험(어학 등)성적 등은 언급하지 말고 행동과 경험 중심으로 작성 | ◎ 문제 해결 경험 - 일상생활, 학교, 아르바이트, 동아리 등 다양한 상황에서 문제를 인식하고 해결했던 경험 서술 - 어떤 방식으로 해결했는지와 그 결과가 어땠는지 중심으로 서술 | ◎ 소통 및 협업 능력 - 타인과 협력하여 성과를 낸 경험 서술 | ◎ 기대하는 점 및 각오 - 인턴십을 통해 배우고 싶은 점과 어떤 자세로 임할 것인지 서술 | [경북북부제3교도소] 2026년 제1회 경북북부제3교도소 청년인턴 채용 공고(2차)",,,"[경북북부제3교도소] 2026년 제1회 경북북부제3교도소 청년인턴 채용 공고(2차) [담당업무] ㅇ 민원행정 및 접견접수, 기관홍보(SNS) 등 행정업무 [모집기간] 04월 01일 ~ 04월 03일 [채용공고]"
311485,서해지방해양경찰청,[서해지방해양경찰청] 2026년 서해지방해양경찰청 청년인턴 채용 재공고,INTERN,"행정 - 완도해양경찰서 | 경영/사무 | 기획/전략/경영 | 사무/총무/법무 | 인사/노무/교육 | 경리/회계/결산 | 재무/세무/IR | 사무보조/문서작성 | ◎ 지원 동기 및 진로 계획 - 해당 기관 및 직무에 지원하게 된 계기 - 향후 어떤 일을 하고 싶은지, 이 인턴 경험이 진로에 어떻게 도움이 되는지 서술 | ◎ 직무 관련 전문성 획득을 위한 활동 내용 - 지원한 분야 직무를 수행하는 데 필요한 지식이나 능력을 갖추기 위해 어떤 활동 및 노력을 해왔는지 구체적으로 서술 - 출신학교, 자격증, 시험(어학 등)성적 등은 언급하지 말고 행동과 경험 중심으로 작성 | ◎ 문제 해결 경험 - 일상생활, 학교, 아르바이트, 동아리 등 다양한 상황에서 문제를 인식하고 해결했던 경험 서술 - 어떤 방식으로 해결했는지와 그 결과가 어땠는지 중심으로 서술 | ◎ 소통 및 협업 능력 - 타인과 협력하여 성과를 낸 경험 서술 | ◎ 기대하는 점 및 각오 - 인턴십을 통해 배우고 싶은 점과 어떤 자세로 임할 것인지 서술 | [서해지방해양경찰청] 2026년 서해지방해양경찰청 청년인턴 채용 재공고 | 행정 - 군산해양경찰서",,,"[서해지방해양경찰청] 2026년 서해지방해양경찰청 청년인턴 채용 재공고 [담당업무] ㅇ 회의, 행사, 기록물 관리 등 업무지원 ㅇ 정책홍보, 디지털콘텐츠 제작, 사회관계망 운영 등 홍보업무 ㅇ 전산, 통계, 데이터정보 등 관리 지원 ㅇ 정책현장 방문 및 의견수렴 과정 참여 ㅇ 기타 행정업무 지원 [모집기간] 03월 27일 ~ 04월 01일 [채용공고]"
311484,외교부,[외교부] 2026년 제1차 외교부 청년인턴 채용공고,INTERN,"문헌정보 (사서) | 도서관사서 | 전문/특수직 | ◎ 지원 동기 및 진로 계획 - 해당 기관 및 직무에 지원하게 된 계기 - 향후 어떤 일을 하고 싶은지, 이 인턴 경험이 진로에 어떻게 도움이 되는지 서술 | ◎ 직무 관련 전문성 획득을 위한 활동 내용 - 지원한 분야 직무를 수행하는 데 필요한 지식이나 능력을 갖추기 위해 어떤 활동 및 노력을 해왔는지 구체적으로 서술 - 출신학교, 자격증, 시험(어학 등)성적 등은 언급하지 말고 행동과 경험 중심으로 작성 | ◎ 문제 해결 경험 - 일상생활, 학교, 아르바이트, 동아리 등 다양한 상황에서 문제를 인식하고 해결했던 경험 서술 - 어떤 방식으로 해결했는지와 그 결과가 어땠는지 중심으로 서술 | ◎ 소통 및 협업 능력 - 타인과 협력하여 성과를 낸 경험 서술 | ◎ 기대하는 점 및 각오 - 인턴십을 통해 배우고 싶은 점과 어떤 자세로 임할 것인지 서술 | [외교부] 2026년 제1차 외교부 청년인턴 채용공고 | 국제·행사준비 (연구행정) | 경영/사무 | 기획/전략/경영 | 사무/총무/법무 | 인사/노무/교육 | 경리/회계/결산 | 재무/세무/IR | 사무보조/문서작성 | 사서∙기록관리",,,[외교부] 2026년 제1차 외교부 청년인턴 채용공고 [모집분야] 공고 참고 [모집기간] 04월 02일 ~ 04월 06일 [채용공고]
311483,.,[어흥단] KIA 야구 직관 동아리,,,,,"안녕하세요🙌 저희는 KIA 타이거즈를 응원하는 ‘어흥단’ ⚾ 야구 직관 동아리입니다! 야구장에서 울려 퍼지는 응원가🎶 짜릿한 역전 순간의 전율🔥 그리고 함께 응원하며 하나 되는 그 뜨거운 분위기를 같이 즐기고 싶은 분들!! 모집합니다 💥 🔴 모임 소개 보통 모일 때 3~4명 정도로 움직이는 아직은 작은 크루입니다. 모임원들은 20대 초중반으로, KIA 타이거즈 를 사랑하는 20대이신 분들을 모집하고자 합니다🐯❤️ 🟠 활동 시간 주중 경기 위주 (수업/퇴근 후 직관 ⚾) 주말 홈/원정 경기 함께 직관 ※ 경기 일정에 맞춰 유동적으로 진행합니다! 🟡 활동 지역 고척/잠실/수원 등 서울·수도권 경기장 직관 위주로 활동합니다! (광주 홈도 함께 가요✈️) 🟢 참고 사항 • 우리 크루는 전문 분석단 아닙니다! 찐팬 & 즐관러 환영❣️ • 응원가, 기본 룰, 직관 꿀팁 크루장이 알려드립니다 🙌 • 모임으로 발생하는 비용은 무조건 더치페이, 회비는 따로 없습니다. • 유니폼, 응원도구 없어도 참여 가능! • 궁금한 점 있으시면 편하게 문의 주세요! 많은 관심과 참여 바랍니당~~~❤️ 🟣 지원 방법 아래 링크에서 홈페이지 지원하기 부탁드립니다!! 대학생 대외활동 공모전 채용 사이트 링커리어 👉 https://linkareer.com/ • 우리 동아리는 어떠한 종교적·정치적 단체, 정당, 시민단체와 일체 관련이 없습니다. • 모임에 물의를 일으키는 분은 원활한 운영을 위해 퇴출될 수 있습니다."
311480,톡스팟(TalkSpot),한중일영 언어교환 동아리 톡스팟(TalkSpot) 2기 모집,,,,,"🌎한중일영 언어교환 동아리 톡스팟(TalkSpot) 2기 모집 안녕하세요 / 你好 / こんにちは/Hello👋 외국어 공부, 혼자하다가 “나중에 해야지…” 하며 멈춘 적 많지 않나요? TalkSpot은 한국어·중국어·일본어·영어에 관심 있는 대학생들이 모여 서로의 언어와 문화를 나누며 자연스럽게 친해지는 동아리입니다💫 친구들과 편하게 대화하며 교과서에서는 배울 수 없는 진짜 표현과 문화를 경험할 수 있어요. 외국어 공부와 다양한 문화 체험, 친목활동까지! 색다른 대학생활을 만들어 가요🤗 💡톡스팟의 주요활동 1) 프리토킹 그룹 : 언어별 소그룹으로 나눠 격주 자유롭게 대화를 나눠요. 딱딱한 커리큘럼 없이, 처음엔 간단한 스몰토크부터 가볍게 시작하면 됩니다. 2) 스터디 그룹 : OPIC, HSK, JLPT, TOPIK 등을 부원들과 함께 공부하고 원어민 친구와 스피킹 연습을 통해 실력을 향상 시킬 수 있습니다! 3) 친목 모임 - 나라별 음식 먹기 - 해외 마트 탐방(대림동, 이태원) - 광화문, 경복궁, 북촌 등 한국적인 명소 탐방 - 국내 여행(강릉, 을왕리 등) - 벚꽃 명소 탐방 👉 지난 활동 내역 https://padlet.com/pjfj7k7gft/talk-spot-ys2avg5rvomll40n 💡활동일정 활동 장소: 대학교 주변 카페 및 스터디룸(신촌, 이대, 서울대입구 등) 활동 기간: ~7월 (약 4개월) 활동 시간: 격주 금 or 토 7pm~8pm 1회 정기모임 💡2기 모집내용 - 모집기간: ~4월 12일(일) 23:59까지 - 모집인원: 15명 내외 💡모집대상 - 대학생(재/휴학생 무관) - 평소 언어교환에 관심있는 분 - 외국어로 편하게 대화해보고 싶은 사람 - 언어 실력과 상관없이 재밌게 참여할 사람 💡회비 가입비 : 10,000 활동비 : 음료수 자율 구매(정기모임) - 가입비는 최초 모임시 대관비로 사용됩니다. - 모든 회비는 분기별로 내역을 투명하게 공개합니다. - 정기모임 외에 번개모임, 친목모임 등에서 발생하는 비용은 1/n로 정산합니다. 지원링크: https://forms.gle/1REGM6gHpHHi8PHm8 관련 문의: https://open.kakao.com/o/sp0bmHmi 4) FAQ(자주 묻는 질문) Q1. 외국어를 잘 못해도 참여 가능한가요? A. 가능합니다! 톡스팟은 실력보다는 말해보는 경험을 중요하게 생각하는 동아리입니다. 부담 없이 참여해 주세요. Q2. 매번 정기모임에 꼭 참여해야 하나요? A. 월 1회는 필참이며, 사유없이 무단으로 정기모임 3회 결석할 시에는 퇴출 조치합니다. Q3. 어떤 주제로 대화를 하나요? A. 여행, 음식, 취미 등 편하게 이야기할 수 있는 주제로 대화를 나눕니다. 때로는 특정 주제를 정해 이야기 하기도 합니다. **본 동아리는 수도권 대학생들이 모여 자체적으로 운영하고 활동하는 동아리이며, 특정 종교(ㅅㅊㅈ), 정치, 시민단체와 연관이 없음을 알립니다."
311478,한강YMCA,[~4/5] 2026 새내기를 위한 Green Sports Camp (2박 3일),,,외국어 | 리더십 | 휴학 중/시간 투자 가능,행사 참여 | 수료증 및 인증서,"‘2026 새내기를 위한 Green Sports Camp’ 국내 참가자를 모집합니다. Green Sports Camp는 한강에서의 그린 수상 스포츠, 국제교류, 업사이클 워크숍, 팀 스포츠, 액션플랜까지 함께 경험하는 2박 3일 청년 프로그램 입니다. 새로운 출발선에 선 청년들이 몸과 마음을 회복하고, 기후·평화·환경의 가치를 일상 속 실천으로 연결할 수 있도록 기획되었습니다. 1. 프로그램 개요 프로그램명 : 한강YMCA 창립 기념 ‘2026 새내기를 위한 Green Sports Camp’ 일시 : 2026년 4월 24일(금) ~ 4월 26일(일) / 2박 3일 장소 : 서울 일대 + 더숲아카데미 하우스(강북구) 대상 : 서울지역 대학 1학년(신입생) 및 동 연령대 청년(만 19~20세) 28명 ※ 대학 진학 여부와 관계없이 참여 가능 참가비 : 50,000원 ※ 실제 참가비 500,000원 중 450,000원 지원 주최 : 한국YMCA전국연맹, 한강YMCA 후원 : Peanuts Foundation 운영 : ㈜드림스코프 2. 주요 프로그램 한강 카약·SUP 체험 Green Action 환경 미션 핸드볼, 요가 등 스포츠 프로그램 업사이클 워크숍 아시아 청년들과 함께하는 국제교류 세션 캠프 이후 실천으로 이어지는 리플렉션 & 액션플랜 3. 이런 분을 기다립니다 대학 입학 또는 진로 전환 시기를 의미 있게 시작하고 싶은 청년 스포츠와 자연 속 활동을 통해 회복과 에너지를 얻고 싶은 청년 기후, 환경, 평화, 국제교류 이슈에 관심 있는 청년 캠프 이후에도 일상과 캠퍼스에서 실천을 이어가고 싶은 청년 4. 모집 일정 모집 기간 : 2026년 3월 16일(월) ~ 4월 5일(일) 23:59 (연장) 선발 방식 : 서류 기반 선발 최종 발표 : 2026년 4월 6일(월) 개별 연락 참가 확약 : 발표 후 1주일 내 참가비 입금 사전 오리엔테이션(온라인) : 2026년 4월 8일(수) 오후 7시 5. 신청 방법 지원 방법 : 구글폼 제출 신청 링크 : https://forms.gle/JUspEcGfpnmpafxn9 6. 문의 한강YMCA 사무국 (hangangymca@gmail.com) 한강에서 시작하는 2박 3일, 회복과 실천의 Green Sports Camp에 함께할 청년을 기다립니다 대학생 대외활동 공모전 채용 사이트 링커리어 https://linkareer.com/"
311477,일취월장,[ 일취월장 ] 일본어 동아리 부원 모집,,,,,"일본어 독학은 이제 그만! 일취월장과 함께라면 일본어 실력이 쑥쑥 자라는, 회화 & JLPT 일본어 스터디 연합 동아리입니다. ☁️모집정보 • 상시모집 : 26년 3~6월 - 활동시작일 : 합격 이후, 조별 투입 예정 - 활동장소 : 서울 핫플레이스 (카페,스터디룸 & 일본 느낌 낭낭한 모든 곳) ☁️모집대상 • 일본어 배우고싶은 대학생 모두 • 왕초보부터 고수까지 실력무관 • 일본어로 대화하고싶은 모두 • J-pop/애니에 관심있는 모두 ☁️활동내용 • 다양한 자료 활용 기초부터, JLPT 준비 • 말하기/듣기/쓰기 일본어실력 향상 • 자격증도 바로 합격 • 일본어 스터디 외 다양한 일본 문화 체험 • 번개 활동 * 인원과 일본어 레벨에 따라 조별 운영됩니다. ☁️운영진 명지대 경영학과 최0정 중앙대 사회복지학과 김0선 ※대학생에 의해 자치적으로 운영되며 정치, 종교, 시민 단체와 전혀 관련이 없습니다. ☁️지원폼: https://naver.me/Gzic1xil ☁️문의: https://open.kakao.com/o/sKj26gci"
311476,(사)산과자연의친구,기후시민시네마스쿨,,,콘텐츠 기획/제작 경험 | 타 대외활동 경험,수료증 및 인증서 | 교통비,"주관: 산과자연의친구 후원: 생태전환지원재단 1) 교육 목적 기후/생태 의제를 삶의 언어로 기록하는 창작자 양성 영화제작과정을 통한 기후 생태감수성 확장 '청소년 생태전환 교육'을 위한 영화 해설 강사 양성 2) 교육 일정 (1) 전반부- 영화 제작 수업: 저녁 7시~10시 / 15회차 / 매 3시간 5/11(월), 12(화), 18(월), 19(화), 26(화) 6/1(월), 2(화), 8(월), 15(월), 22(월), 29(월) 7/3(금), 6(월), 7(화), 10(금) (2) 후반부- <청소년 생태전환 교육>을 위한 영화 해설 가이드북 제작 7월 13(월), 20(월), 27(월) / 3회차 / 매 3시간 (3) 현장교육 - 8월 중순: 가리왕산, 동강 일대 <청년생태학교> 현장 교육 1회 - 중고등학교 현장 교육 9월 중 총 3회 /수도권 학교 3) 교육장소 : 성수동 헤이그라운드 성수시작점 4) 모집 기간: 4월 1일~24일 전회차 참석자 선발 원칙: 22회 + 수료식 = 23회차 지원동기 심사 총 12 명 선발 5) 선발통보 : 5월 1일 6) 참가비 10만원 농협 301-0304-8583-31 산과자연의친구(우이령사람들)"
311475,한국여성과학기술인육성재단 아카데미팀,2026년 상표정보검색 분야 전문인력 양성과정」교육생 모집,,,,,"「2026년 상표정보검색 분야 전문인력 양성과정」교육생 모집 여성과학기술인의 경력 전환 및 다변화를 지원하기 위하여「2026년 상표정보검색 분야 전문인력 양성과정」을 다음과 같이 공고하오니 여성과학기술인의 많은 관심과 참여 바랍니다. 2026년 상표정보검색 분야 전문인력 양성과정 교육생 특전 ❶ 상표정보검색 분야 이론 및 실습을 포함하여 상표정보검색사 일반 자격 취득까지 전(全)과정 3일 진행, 국비무료 ※ 현직 변리사 및 상표조사·분석 전문가 직강 실무 중심 전문교육으로 상표조사·분석 전문가로 성장 가능 ※ 전체 교육과정 수료자 대상 전원 수료증 발급(국가직무능력표준 NCS의 IP 정보조사 및 분석 직무 교육 인정, 특허청 산하기관 등 IP관련 채용 직무에 해당) ※ 상표정보검색사 일반 자격 취득시, 상표정보검색사 전문가 자격(특허청 상표조사원 자격요건) 시험응시 자격 부여 및 1교시 시험과목 면제 ﻿ ❷ 상표정보검색사 일반 자격 취득 후, 교육 성과가 우수한 훈련생 대상으로 상표조사 등록 전문기관으로 취업 연계 지원 ※ 상표조사 등록 전문기관 채용설명회 참가자격 부여 ﻿ ❸ 교육생 전원 1:1 맞춤형 취업 상담 및 취업 컨설팅 지원 ※ 진출 가능 분야 : 특허청 및 상표조사등록 전문기관 상표조사원, IP관련 업무수행기관(기업, 공공기관, 대학, 연구소) 및 특허법인, 특허·법률사무소 등의 IP·법무·전략/기획·브랜딩/마케팅 관련 업무 직종 ★ 자세한 사항은 W브릿지 신천페이지에 첨부된 공고문 을 확인해주시기 바랍니다. o 교육대상 : 미취업 및 경력보유(경력단절) 여성과학기술인 25명(학사이상) o 교육기간 : 2026.04.07.~2026.04.10. (총 3회차, 20시간/점심시간 별도) (오프라인 교육) 2026년 4월 07일(화) ~ 4월 08일(목) 09:30~17:30 (시 험) 2026년 4월 10일(금), 14:00~17:00 (예정) o 교육장소 : 한국여성과학기술인육성재단 교육실 (서울특별시 강남구 테헤란로 7길 22, 한국과학기술회관 6층) o 교육구성 : 총 20시간(이론 및 실습 16시간, 자격 응시 시험 진행) ※ 교육생 필수 준비사항 : 실습용 개인 노트북(인터넷 연결 및 일반적인 파일 업·다운 가능) o 신청기간 : ~ 2026년 3월 31일(화) 13시까지 o 신청방법 : W브릿지 온라인 신청 - 제출 서류(파일명: 교육지원_이름, 1개의 zip파일로 제출) ① 교육 신청서 : 첨부파일 다운로드 작성 ② 증빙서류(2종) 제출 1) 고용보험 자격 이력 내역서 2) 졸업증명서 또는 경력증명서 o 문의 : 아카데미팀 02-6411-1026 / kimmy@wiset.or.kr"
311474,위즐,캐니즈(Canniz) 버츄얼 아이돌/크리에이터 2기 멤버 모집,,,파워블로거/SNS | 사진/영상/디자인 툴 | 외국어,활동비 | 입사시 혜택,"*모집대상 만 19세 이상 , 1년 이상 전업 방송 가능한 남성 및 여성 *전형 절차 1차 서류 전형 → 2차 온라인 면담 → 합격 통지 → 오프라인 면담 1회 진행 → 최종 데뷔 확정 * 데뷔 시 혜택 - 오리지널 3D 아바타 지원 - 방송에 필요한 디자인 일체 지원 - 방송 장비 일부 지원 - 캐릭터 콜라보 및 굿즈 제작 / 로열티 쉐어 - 유튜브 편집 및 채널 운영 지원 - PV / 커버곡 / 오리지널곡 제작 지원 - 팬카페 운영 및 관리 지원 - 매년 생일 / 1주년 이벤트 지원 및 수익 분배 *우대사항 - 콘텐츠 기획과 실행에 대한 열정이 있는 분 - 본인만의 특기 (노래, 게임, 입담, 그림, 외국어, 개인기 등)를 보유한 분 - 트렌드 및 대중 콘텐츠에 관심이 많은 분 - 팀 활동과 협업이 가능한 분 - 기존에 방송활동 경험이 있으신 분 + 캐니즈에 대한 자세한 내용은 인스타그램,유튜브,틱톡 @canniz_official 에서 확인할 수 있습니다. + 공식홈페이지 : Canniz.kr *지원방법 공식홈페이지의 Audition 탭에서 지원"
311473,PTKOREA,[PTKOREA] 채용 운영 업무 지원 (인턴),INTERN,"채용 운영 업무 지원 (인턴) | 경영/사무 | 기획/전략/경영 | 사무/총무/법무 | 인사/노무/교육 | 경리/회계/결산 | 재무/세무/IR | 사무보조/문서작성 | 1. PTKOREA 지원동기 및 본인을 소개할 내용을 자유롭게 기술하시오.(ex. 자기소개, 직무 역량, 장단점, 해외경험 등/선택 기술) (최소 200자, 최대 2,000자 입력가능) | [PTKOREA] 채용 운영 업무 지원 (인턴)",,,[PTKOREA] 채용 운영 업무 지원 (인턴) [담당업무] - 전사 채용 오퍼레이션 지원 - 채용 프로세스 플랫폼 지원 (에이치닷) - 기타 채용 업무 지원 (공채 운영 지원 등) [ 모집기간 ] 03월 27일 ~ 04월 10일 [채용공고]
311471,지멘스,[지멘스] 인사부 업무지원 인턴,INTERN,,,,"[지멘스] 인사부 업무지원 인턴 [담당업무] 1. Support P&O administration work - Update and maintain P&O information records in Workday, SAP, and etc. - Release a weekly up-to date employee master data - Issue certificate of employment 2. Support TA administration work - Support onboarding process (ex. newcomer guide and welcome e-mail) - Share newcomers and retirees list to related department 3. Support T&E and P&O System work - User administration: role provisioning, defining & controlling security access - Handling and solving of system and process related incidents 4. Support payment work - Register 3rd party vendor - Tax invoice processing related with general affairs - Monthly payment life cycle (GR/IR, JV Allocation back data, etc.) 5. Support Global Mobility service a. Korea inbound travelers - Issue invitation letters - Checking immigration regulations for business travelers entering Korea - Short-term visa consulting b. Outbound travelers from Korea - Issue Dispatch order - Apply CoC letter 6. ad-hoc support upon request by GBS H2R and P&O team [모집기간] 03월 27일 ~ 채용시 마감 [채용공고]"
311470,은행연합회,[은행연합회] 사무보조 모집 (인턴),INTERN,사무보조 | 경영/사무 | 기획/전략/경영 | 사무/총무/법무 | 인사/노무/교육 | 경리/회계/결산 | 재무/세무/IR | 사무보조/문서작성 | 자유양식 입니다. | [은행연합회] 사무보조 모집 (인턴),,,"[은행연합회] 사무보조 모집 (인턴) 접수 기간 2026-03-27 ~ 2026-04-26 모집부문 및 상세내용 사무보조(0명) 채용 형태 - 인턴 담당업무 사무보조, 사무관리, 일반사무, (전산)자료입력 등 자격요건 학력 학력무관 근무조건 급여 회사 내규에 따름 근무지역 서울 중구 명동11길 19 은행연합회 전형 절차 Step1 서류전형 Step2 면접 전형 Step2 최종합격 지원 기간 및 방법 접수기간 2026-03-27 ~ 2026-04-26 접수방법 홈페이지 지원 유의사항 허위 사실이 발견될 경우 채용이 취소될 수 있습니다."
311469,신한투자증권,[신한투자증권] 대학생 체험형 인턴사원 공개채용_브랜드전략부,INTERN,브랜드전략부 | 마케팅/PR/분석 | 마케팅/광고/홍보 | 마케팅전략/기획 | 광고기획 | 온라인마케팅 | 시장조사/분석 | 브랜드매니저 | 해외마케팅 | 언론홍보/PR | 설문/리서치 | ■ 자기소개 | ■ 증권업에 지원한 이유와 그 중 신한투자증권에 지원한 이유를 기술하시오. | ■ 해당 직무에 지원한 이유 및 직무 수행을 위해 본인이 갖추고 있는 역량을 기술하시오. | ■ 선택 사항 (상기 항목에서 기재하지 못한 내용 및 기타 사항을 자유롭게 기술) | [신한투자증권] 대학생 체험형 인턴사원 공개채용_브랜드전략부,,,"[신한투자증권] 대학생 체험형 인턴사원 공개채용_브랜드전략부 [담당업무] [ 브랜드전략부] - 유튜브 영상 콘텐츠 기획 및 편집 - 타이틀 그래픽, 영상 내 모션 그래픽 및 후반작업 - 이미지 편집 및 디자인 [모집기간] 03월 27일 ~ 03월 31일 [채용공고]"
311468,성북구도시관리공단,[성북구도시관리공단] 2026년 청년 체험형 인턴 채용공고,INTERN,청년 체험형 인턴 | 경영/사무 | 기획/전략/경영 | 사무/총무/법무 | 인사/노무/교육 | 경리/회계/결산 | 재무/세무/IR | 사무보조/문서작성 | 1. 지원분야와 관련된 본인의 보유 역량을 기술하세요. | 2. 직무수행을 통해 문제해결 능력을 발휘한 경험이 있으면 기술하세요. | 3. 성북구도시관리공단에 가장 부합된다고 판단되는 인재상을 기술하세요. | 4-1. 온라인 미션평가 | 4-2. 온라인 미션평가 | [직무에세이] | [성북구도시관리공단] 2026년 청년 체험형 인턴 채용공고,,,[성북구도시관리공단] 2026년 청년 체험형 인턴 채용공고 [담당업무] 사무행정업무(서무보조) 수입금 작성 및 회계업무 및 고객응대서비스 인증취득업무 지원 및 기록물 분류 등 전문직·기술직 현장실습 및 업무체험 [모집기간] 03월 27일 ~ 04월 06일 [채용공고]
311467,KB라이프생명사회공헌재단,[KB라이프생명사회공헌재단] 인턴채용,INTERN,사회공헌부문 인턴 | 경영/사무 | 기획/전략/경영 | 사무/총무/법무 | 인사/노무/교육 | 경리/회계/결산 | 재무/세무/IR | 사무보조/문서작성 | 자유양식 입니다. | [KB라이프생명사회공헌재단] 인턴채용,,,"[KB라이프생명사회공헌재단] 인턴채용 접수 기간 2026-03-27 ~ 2026-03-31 모집부문 및 상세내용 모집 부문 상세내용 사회공헌부문 인턴 (0명) 담당업무 -자원봉사와 나눔으로 더 나은 세상을 위해 노력하는 청소년 자원봉사자를 선발 및 격려하는 사회공헌 사업 지원 -해당 사업의 홍보 및 운영 전반 업무 지원 -청소년 육성 및 지원, 생명나눔 실천을 통한 재단의 다양한 사회공헌 사업 업무 지원 및 경험 채용형태 - 인턴 [자격요건] 경력: 신입 학력: 대학 휴학 또는 졸업(예정)자로서 사회공헌 부문에 관심이 있는 분 직무기술: 아동청소년에 대한 이해, 커뮤니케이션능력, MS오피스 등 사용능력 등 사회공헌, 비영리 관련 업무 경험 운전 가능하며 건강한 체력과 밝은 성격 소유자 [우대사항] 전공계열: 인문과학계열, 사회과학계열 자격증: 2급 청소년지도사, 사회복지사 우대사항: 운전가능자, 봉사활동경험, 운전가능자 자격요건 학력 대학졸업(4년) 이상(졸업예정자 가능) 근무조건 급여 회사 내규에 따름 근무시간 주 5일(월~금) 09:00 ~ 18:00 근무지역 서울 강남구 강남대로 298 KB라이프타워 2층 전형 절차 Step 1 서류전형 Step 2 면접 전형 Step 2 최종합격 지원 기간 및 방법 접수기간 2026-03-27 ~ 2026-03-31 접수방법 홈페이지 지원 유의사항 허위 사실이 발견될 경우 채용이 취소될 수 있습니다."
311466,코오롱바이오텍,[코오롱바이오텍] 2026년 상반기 공개채용,"NEW, EXPERIENCED",Bio생산 | 생산 | 생산/제조/설비/조립 | 생산/제조 | 1.회사를 선택할 때 가장 중요하게 고려하는 가치(요인) 한 가지와 코오롱생명과학에 지원하는 이유를 관련지어 말씀해 주세요. | 2.지금까지 가장 열정적이고 헌신적으로 노력했던 경험과 그 결과에 대해 말씀해 주세요. | 3.지원하는 직무에 본인이 적합하다고 생각하는 이유와 해당 직무를 위해 무엇을 어떻게 준비해 왔는지에 대해 말씀해 주세요. | 4.추가로 하고 싶은 말을 자유롭게 작성해 주세요. | [코오롱바이오텍] 2026년 상반기 공개채용 | 바이오 | 바이오/제약/식품 | 연구개발/설계 | 물류관리 | 물류 | 배송/택배/운전 | 무역/유통,,,"[코오롱바이오텍] 2026년 상반기 공개채용 접수 기간 2026-03-27 ~ 2026-04-07 모집부문 및 상세내용 모집 부문 상세내용 Bio생산 공정 개발 (0명) 담당업무 동물세포배양 및 바이오의약품 대량생산(scale up) 부착세포 2D, 3D 공정개발 고객사 배양/정제 기술이전 및 커뮤니케이션 채용형태 - 신입 [필수] 생명과학, 바이오 관련 전공 석사 학위 이상 소지자 기술이전 및 GMP 관련 경험 또는 지식 보유자 [우대] 부착세포 또는 부유세포 배양 경험자 (2D, 3D배양) 세포치료제 공정개발 또는 생산 경험자 비즈니스 영어 커뮤니케이션 능통자 품질보증 (QA) (0명) 담당업무 밸리데이션 정책 수립 및 관리 (정책서, SOP) 시스템 영향 평가 및 위험평가 수행 바이오의약품 장비/유틸리티 적격성평가 수행 (BSC, CO2 Incubator, Filling machine, Isolator, HVAC 등) 바이오의약품 밸리데이션 수행 (APS, 공정, 세척, CSV 등) 채용형태 - 경력 [필수] 생명과학, 바이오 관련 전공 학사 학위 소지자 바이오의약품 경력 5년 이상인 자 [우대] 신축 GMP 제조소 관련 업무 경험자 규제기관(FDA, EU 등) 감사 대응 경험 보유자 영어능통자 품질보증 (QA) (0명) 담당업무 밸리데이션 문서 관리 - 바이오의약품 장비/유틸리티 적격성평가 수행 (BSC, CO2 Incubator, Filling machine, Isolator, HVAC 등) - 바이오의약품 밸리데이션 수행 (APS, 공정, 세척, CSV 등) 채용형태 - 신입 [필수] 생명과학, 바이오 관련 전공 학사 학위 소지자 [우대] 밸리데이션 관련 전문 교육 이수자 우대 밸리데이션 관련 자격증 소지자 우대 영어능통자 품질관리 (QC) (0명) 담당업무 품질시험 수행 (이화학, 미생물, 분자생물) 시험법 검증(Validation) GMP 문서 작성 시험실관리(장비관리) 채용형태 - 신입 [필수] 생명과학, 화학, 바이오 관련 전공 학사 학위 소지자 [우대] GMP 사업장 근무 경험자 영어능통자 물류관리 (0명) 담당업무 GMP 운영관리 : 문서작성 (SOP등), 인.허가 규제 대응 물류 관리 (구매, 입.출고 등) 물류 시스템 운영 SAP 활용 : 데이터 관리 채용형태 - 신입 [필수] 바이오, 물류 관련 전공 학사 학위 소지자 GMP 관련 지식 보유자 경력 지원자의 경우, 직무 관련 경력 3년 이하인 자 [우대] 영어 능통자 ㆍ문서 활용 능력 우수자 (AI를 활용한 데이터 관리, 엑셀 활용 등) 물류관리 (0명) 담당업무 GMP 운영관리 - 제품 입출고 관리 재고 관리 채용형태 - 신입 [필수] 바이오, 물류 관련 전공 전문학사 학위 소지자 GMP 관련 지식 보유자 [우대] ㆍ문서 작성 및 활용 능력 보유자 (엑셀, AI 등) 지게차 자격증 소지자 Bio생산 (0명) 담당업무 동물세포배양 부착세포 2D 배양 채용형태 - 경력 [필수] 생명과학, 바이오 관련 전공 전문학사 학위 소지자 GMP 근무 경험 3년 이상인 자 GMP(무균환경) 근무 가능자 [우대] ㆍ세포배양, 정제, 무균조작 경험자 - 세포치료제 생산 경험자 Excel 등 데이터 작성 및 문서 작성 능력 보유자 영어 활용 가능자 Bio생산 (0명) 담당업무 ㆍ동물세포배양 - 부착세포 2D 배양 채용형태 - 신입 [필수] 생명과학, 바이오 관련 전공 전문학사 학위 소지자 GMP(무균환경)근무 가능자 [우대] GMP 관련 지식 보유자 및 GMP 환경 경험자 세포배양, 정제, 무균조작 경험자 세포치료제 생산 경험자 Excel 등 데이터 작성 및 문서 작성 능력 보유자 영어 활용 가능자 자격요건 학력 대학졸업(4년) 이상 근무조건 급여 회사 내규에 따름 근무지역 충북 충주시 대소원면 기업도시1로 54-1 코오롱바이오텍 전형 절차 Step 1 서류전형 Step 2 인적성 검사 Step 3 1차 면접 Step 4 2차 면접 Step 4 최종합격 지원 기간 및 방법 접수기간 2026-03-27 ~ 2026-04-07 접수방법 홈페이지 지원 유의사항 허위 사실이 발견될 경우 채용이 취소될 수 있습니다."
311465,코오롱생명과학,[코오롱생명과학] 2026년 상반기 정기채용,"EXPERIENCED, NEW",공정기술 | 공정관리 | 생산관리/공정관리/품질관리 | 생산/제조 | 1.회사를 선택할 때 가장 중요하게 고려하는 가치(요인) 한 가지와 코오롱생명과학에 지원하는 이유를 관련지어 말씀해 주세요. | 2.지금까지 가장 열정적이고 헌신적으로 노력했던 경험과 그 결과에 대해 말씀해 주세요. | 3.지원하는 직무에 본인이 적합하다고 생각하는 이유와 해당 직무를 위해 무엇을 어떻게 준비해 왔는지에 대해 말씀해 주세요. | 4.추가로 하고 싶은 말을 자유롭게 작성해 주세요. | [코오롱생명과학] 2026년 상반기 정기채용 | 품질보증 (QA) | 품질관리 | 품질보증QA,,,"[코오롱생명과학] 2026년 상반기 정기채용 접수 기간 2026-03-27 ~ 2026-04-07 모집부문 및 상세내용 모집 부문 상세내용 법무 (0명) 담당업무 Legal risk 관리 (국내외 송무, 계약, 법률 모니터링) 전사 컴플라이언스 정책 수립 및 점검 ISO준법경영시스템, 부패방지시스템 인증 및 유지관리 전사 컴플라이언스 교육 및 전파 채용형태 - 경력 [필수] 학사 학위 소지자 직무 유관 경력 5년 이상인 자 - 비즈니스 영어 능통자 [우대] 바이오 화학 제조업 경험자 준법경영시스템 인증 및 유지관리 경험 보유자 인사 (0명) 담당업무 ㆍ인사 기획, 평가, 보상 등 인사 전반 운영 인사규정 관리 및 인사제도 운영 지원 사업, 생산, 연구 부서와의 긴밀한 소통으로 인사 현안 해결 지원 채용형태 - 경력 [필수] 학사 학위 소지자 제약·바이오 업종 근무 경력 4년 이상인 자 (직무 무관) 제약·바이오 비즈니스에 대한 높은 이해도를 보유한 자 MS Office 활용 스킬 중급 이상인 자 유연한 커뮤니케이션 스킬 보유자 [우대] 직무 전환 희망자 (사업, 연구, 생산기술, 품질 등 제약·바이오 현업 직무 근무자 중 HR 직무로의 전환 희망자) 화학, 생명공학, 경영학 관련 전공자 인사관련 자격증 소지자 ㆍ인사관련 법률 지식 보유자 구매 (0명) 담당업무 화학 관련 원료 구매 업무 : 가격 협상, 납기 및 재고 관리 등 신규 거래처 발굴 신규 아이템 개발시 원료 Sourcing 업무 원료 수입 관련 업무 : 화학물질신고, 관련 비용 정산 등 정기적 화학 물질 신고, ISO9001 심사 대응 채용형태 - 신입 [필수] 화학 관련 전공 학사 학위소지자 영어 능통자비즈니스 MS Office 활용 스킬 중급 이상인 자 [우대] 비즈니스 중국어 가능자 Warehouse /Logistics (0명) 담당업무 GMP Complicance (보관/물류 부문) GMP WMS 구축 및 운영 운영 기획 채용형태 - 신입 [필수] 경영, 생산관리 관련 전공 학사 학위 소지자 ㆍ시스템 활용 및 데이터 분석 능력 보유자 경력 지원자의 경우, 직무 관련 경력 3년 이하인 자 [우대] 원료의약/제약 제조 Plant 경험 보유자 (GMP 운영, AUDIT 대응 경험자) WMS 구축/고도화 프로젝트 참여 경험 보유자 품질보증QA (0명) 담당업무 - Validation & Qualification : 밸리데이션 및 적격성평가 파트 총괄 - Supplier Qualification : 공급자 평가 수행 및 관리 - Quality Risk Assessment : 품질 위험도 평가 수행 및 체계 운영 Personnel Qualification & Training: 작업자 적격성 관리 및 교육프로그램 운영 채용형태 - 경력 [필수] 화학, 약학, 제약학 등 직무 관련 전공 학사 학위 소지자 품질보증(QA) 또는 밸리데이션 직무 경력 5년 이상인 자 [우대] 규제기관(FDA, 식약처 등) 감사 대응 경험 보유자 영어 커뮤니케이션 가능자 품질보증QA (0명) 담당업무 통합 CAPA 관리/실사 및 감사 대응 변경 관리, 일탈 관리 품질 리스크 통합 CAPA 관리 규제기관 실사 및 고객감사 대응 채용형태 - 신입 [필수] 화학, 제약, 생명과학 등 관련 전공 학사 학위 소지자 GMP 및 품질 시스템에 대한 기본 이해 보유자 [우대] 영어 문서 작성 및 커뮤니케이션 가능자 품질보증 (QA) (0명) 담당업무 공급자 평가/자격 관리 공급업체 적격성 관리 주요 공급업체 현장 감사 계획 및 수행 작업자 자격 부여 및 교육 프로그램 운영 채용형태 - 신입 [필수] 화학, 제약, 생명과학 등 관련 전공 학사 학위 소지자 - GMP 및 품질 시스템에 대한 기본 이해 보유자 [우대] 영어 문서 작성 및 커뮤니케이션 가능자 공정기술 (0명) 담당업무 공정 최적화 및 공정 개선 Scale up 및 pilot 수행 Troubleshooting 채용형태 - 신입 [필수] 화학 및 유기화학 또는 관련 분야 석사 학위 소지자 공정 이해력 보유자 데이터 기반 문제 해결 능력 보유자 원활한 커뮤니케이션 능력 보유자 [우대] GMP 환경 이해 보유자 통계 분석 툴 활용 경험자 영어 능통자 유기합성 및 공정 개발 연구 경력 보유자 자격요건 학력 대학졸업(4년) 이상 근무조건 급여 회사 내규에 따름 근무지역 경북 김천시 어모면 산업단지2로 77 코오롱생명과학 충북 충주시 대소원면 기업도시1로 54 코오롱생명과학 서울 강서구 마곡동로 110 코오롱생명과학 전형 절차 Step 1 서류전형 Step 2 인적성 검사 Step 3 1차 면접 Step 4 2차 면접 Step 4 최종합격 지원 기간 및 방법 접수기간 2026-03-27 ~ 2026-04-07 접수방법 홈페이지 지원 유의사항 허위 사실이 발견될 경우 채용이 취소될 수 있습니다."
311464,여주에너지서비스,[여주에너지서비스] 2026 상반기 발전운영 신입 채용,NEW,"발전운영 | 마케팅/PR/분석 | 마케팅/광고/홍보 | 마케팅전략/기획 | 광고기획 | 온라인마케팅 | 시장조사/분석 | 브랜드매니저 | 해외마케팅 | 언론홍보/PR | 설문/리서치 | 자발적, 의욕적인 자세 1. 자발적으로 최고 수준의 목표를 세우고 끈질기게 성취한 경험에 대해 서술해 주십시오. (본인이 설정한 목표/ 목표의 수립 과정/ 처음에 생각했던 목표 달성 가능성/ 수행 과정에서 부딪힌 장애물 및 그 때의 감정(생각)/ 목표 달성을 위한 구체적 노력/ 실제 결과/ 경험의 진실성을 증명할 수 있는 근거가 잘 드러나도록 기술) (700~1000자 10단락 이내) | 틀을 깨는 과감한 실행 2. 새로운 것을 접목하거나 남다른 아이디어를 통해 문제를 개선했던 경험에 대해 서술해 주십시오. (기존 방식과 본인이 시도한 방식의 차이/ 새로운 시도를 하게 된 계기/ 새로운 시도를 했을 때의 주변 반응/ 새로운 시도를 위해 감수해야 했던 점/ 구체적인 실행 과정 및 결과/ 경험의 진실성을 증명 할 수 있는 근거가 잘 드러나도록 기술) (700~1000자 10단락 이내) | 역량개발 3. 지원 분야와 관련하여 특정 영역의 전문성을 키우기 위해 꾸준히 노력한 경험에 대해 서술해 주십시오. (전문성의 구체적 영역 (예. 통계 분석)/ 전문성을 높이기 위한 학습 과정/ 전문성 획득을 위해 투입한 시간 및 방법/ 습득한 지식 및 기술 을 실전적으로 적용해 본 사례/ 전문성을 객관적으로 확인한 경험/ 전문성 향상을 위해 교류하고 있는 네트워크/ 경험의 진실성을 증명 할 수 있는 근거가 잘 드러나도록 기술) (700~1000자 10단락 이내) | Teamwork 4. 혼자 하기 어려운 일에서 다양한 자원 활용, 타인의 협력을 최대한으로 이끌어 내며, Teamwork를 발휘하여 공동의 목표 달성에 기여한 경험에 대해 서술해 주십시오. (관련된 사람들의 관계(예. 친구, 직장 동료) 및 역할/ 혼자 하기 어렵다고 판단한 이유/ 목표 설정 과정/ 자원(예. 사람, 자료 등) 활용 계획 및 행동/ 구성원들의 참여도 및 의견 차이/ 그에 대한 대응 및 협조를 이끌어 내기 위한 구체적 행동/ 목표 달성 정도 및 본인의 기여도/ 경험의 진실성을 증명할 수 있는 근거 가 잘 드러나도록 기술) (700~1000자 10단락 이내) | [여주에너지서비스] 2026 상반기 발전운영 신입 채용",,,[여주에너지서비스] 2026 상반기 발전운영 신입 채용 [담당업무] 발전운영 전력거래 입찰 및 정산 LNG 수급 및 재고관리 손익관리 (매출 및 원가분석) 전력시장 및 LNG 시장 분석 / 제도 개선 사업 경제성 검토 [모집기간] 03월 27일 ~ 04월 15일 [채용공고]
311463,아성다이소,[아성다이소] 2026년 상반기 (주)아성 신입 공개채용,"NEW, EXPERIENCED","㈜한웰 - 부동산개발 | 부동산컨설팅 | 경영분석/컨설턴트 | 전문/특수직 | 1. 귀하가 회사를 선택하는 기준은 무엇입니끼? 그리고 한웰이 그러한 기준에 어떻게 부합하는지 기술해주시기 바랍니다. (700자 이내) | 2. 지원한 직무를 성공적으로 수행하기 위해 필요한 핵심역량은 무엇이라고 생각합니까? 현재 귀하는 어느 정도의 역량을 갖추었는지 관련 경험에 근거하여 기술해 주시기 바랍니다.(700자 이내) | 3. 기존의 현상을 개선함으로써 조직의 성과를 조금이라도 향상시켰던 경험에 대하여 기술해 주시기 바랍니다. (신입의 경우 학창시절, 인턴, 동아리, 봉사, 해외연수 등 다양한 활동 경험을 바탕으로 기술하시기 바랍니다.) 1) 기존의 현상을 개선한 경험과, 그러한 개선과 변화가 필요했던 이유는 무엇입니까? 2) 그 과정에서 귀하에게 처한 어려움과 장애는 무엇이었으며, 어떻게 극복하였습니까? 3) 개선의 결과는 어떻게 나타났으며, 이러한 경험을 통해 느낀 점은 무엇입니까?(1000자 이내) | 4. 성격의 장점과 단점을 기술해 주시기 바랍니다. 입사 후 장점은 어떻게 활용하고 단점은 어떻게 보완할 수 있는지 간략히 기술해 주십시오.(500자 이내) | 5. 입사 후 한웰 내에서 이루고 싶은 최종목표는 무엇입니까? 그리고 목표달성을 위한 실천계획을 구체적으로 설명해 주시기 바랍니다.(800자 이내) | [아성다이소] 2026년 상반기 (주)아성 신입 공개채용 | (주)아성 HMP - 관리 | 인사/노무/교육 | 경영/사무 | 인사 | 노무 | 채용/면접 | 교육기획 | 1. 귀하가 지원한 직무분야에서 일하고자 하는 이유는 무엇입니까? 직무와 관련된 역량을 갖추기 위하여 그동안 어떠한 노력을 하였는지 기술해 주시기 바랍니다. (700자 이내) | 2. 귀하가 아성에이치엠피에 지원한 이유는 무엇입니까? 아성에이치엠피의 어떠한 부분이 귀하가 원하는 직장의 조건에 부합하였는지 기술해주시기 바랍니다. 또한 귀하는 아성에이치엠피의 성장에 어떻게 기여할 수 있다고 생각하는지 기술해주시기 바랍니다. (700자 이내) | 3. 아성에이치엠피에 입사 후 10년 뒤 목표는 무엇입니까? 귀하가 설정한 목표를 달성하기 위한 실천계획을 구체적으로 기술해주시기 바랍니다. (700자 이내) | 4. 팀으로 협업하여 진행하는 과제(프로젝트)를 성공적으로 마친 경험은 무엇입니까? 그 일에서 귀하의 역할은 무엇이었으며, 어떠한 기여를 하였는지 구체적으로 기술해주시기 바랍니다. (신입의 경우 학창시절, 인턴, 동아리, 봉사, 해외연수 등 다양한 활동 경험을 바탕으로 기술하시기 바랍니다.) (1,000자 이내) | (주)아성 HMP - 영업관리 | 일반영업 | 영업/고객상담",,,[아성다이소] 2026년 상반기 (주)아성 신입 공개채용 [모집부문] 공고 참고 [모집기간] 03월 27일 ~ 04월 08일 [채용공고]
311462,서강대학교,[서강대학교] 2026년 정규직 신입직원 채용 공고,NEW,"기능직 (시설관리) | 시설관리 | 전기/소방/통신/안전 | 건설 | 1. 자신의 특성, 가치관, 장단점 등을 반영하여 본인을 3문장 이내로 표현해 주십시오. | 2. 대학 행정직원에게 가장 필요한 역량은 무엇이라고 생각하는지 기술하고, 대학 행정직원으로서의 직무를 수행함에 있어 본인의 강점은 무엇인지 구체적으로 작성해주십시오. | 3. 최근 대학과 관련된 이슈 중 가장 중요하다고 생각하는 한 가지를 선택하여 기술하고, 자신이 가진 지식·기술 및 역량을 발휘하여 서강대학교 교직원으로서 성과를 낼 수 있는 부분을 본인의 과거 경험(역할, 구체적 수행내용, 성과 등)을 기반으로 기술해 주십시오. | 4. 타인과 함께 협업한 경험(업무, 과제, 프로젝트, 대외활동 등)과 당시 본인의 역할 및 결과를 구체적으로 작성해주십시오. (결과의 성공·실패와 상관없이 대표적인 경험 한가지 사례를 기준으로 작성해 주십시오.) | 5. 지금까지 가장 헌신했던 단체나 조직이 무엇이었는지와 그 이유에 대해 기술하고, 그 당시의 상황과 본인의 행동, 결과 및 느낀 점 등을 포함하여 본인의 인생에 어떤 영향을 미쳤는지 작성해 주십시오. | [서강대학교] 2026년 정규직 신입직원 채용 공고 | 사무직 (일반) | 경영/사무 | 기획/전략/경영 | 사무/총무/법무 | 인사/노무/교육 | 경리/회계/결산 | 재무/세무/IR | 사무보조/문서작성",,,[서강대학교] 2026년 정규직 신입직원 채용 공고 [모집분야] 사무직(일반) 기능직(시설관리) [모집기간] 03월 27일 ~ 04월 06일 [채용공고]
311460,셔터(Shutter),사진 동아리 3기 부원 모집,,,,,"📸사진 동아리 3기 부원 모집 안녕하세요, 셔터(Shutter)입니다. 폰카로 일상을 포착하고 싶은 3기 동아리원을 모집합니다. 앨범에 담긴 일상 중에 건질만 한 사진이 없거나 더 알차게 추억을 남기고 싶은 사람이라면, 다들 '셔터(Shutter)' 누르세요📸! 📸 모집 개요 ※ 본 동아리는 서강대·연세대·이대 신촌 중심의 수도권 대학생들이 자체적으로 운영하는 사진 소모임입니다. 특정 종교·정치·시민단체와 무관하며, 동아리 활동과 부적합한 행위 적발 시 즉각 퇴출됩니다. 📸 활동 안내 -활동 기간: 26.3월 ~ 26.8월 -활동 지역: 수도권 📸 활동 내용 -OT: 동아리 활동 전 동아리 소개 및 운영진 소개(필참) -이달의 출사: 월 2회 날짜 투표로 진행되며 월 1회 필참(시험기간 제외) -기수 시상식: 활동 기간동안 찍은 사진 시상 -MT: 중간고사 후 1박 2일 📸모집 대상 -사진 찍는 걸 즐기는 수도권 대학생🙋‍♂️ -내가 찍은 사진으로 배경화면 만들고 싶은🙋‍♂️ -나만의 감각으로 찍어보고 싶은🙋‍♂️ -사진을 배워보고 싶은🙋‍♂️ 📸지원방법 -합격 발표: 문자(답장 없을 경우 전화) ※ 원활한 동아리 활동을 위해 OT 노쇼 방지금 5,000원을 받고 있습니다. 해당 금액은 OT 참석 시 전액 환급되며, 무단 불참(노쇼) 시 환급이 어려운 점 양해 부탁드립니다."
311459,제주특별자치도,제107회 전국체육대회 메달 디자인 공모전,,,,상장 수여,"■ 공모명 제107회 전국체육대회 메달 디자인 공모전 ■ 접수기간 2026. 5. 1. ~ 2026. 5. 15. (15일간) ■ 공모자격 제한없음 *개인 또는 팀 / 중복수상 불가 ■ 공모주제 2026년 전국체육대회 메달 디자인 - 디자인의 테두리는 원형임 - 제주의 이미지 고려, 체전의 상징물 활용 - 대회명, 대회기간(제107회 전국체육대회, 2026. 10. 16. ~ 10. 22.) 삽입 ※ (유의사항) 메달디자인 2점(메달 앞면+메달 뒷면 각 1점) ■ 신청방법 전국체전 공식 누리집*을 통한 응모·작품 온라인 제출 또는 담당자 이메일 제출(eunjeong33@korea.kr) ■ 서류제출 ① 참가신청서 ② 작품설명서 ③ 개인정보 수집·이용에 관한 동의서 ④작품활용 동의서 (서명 필수) ■ 작품제출 파일형식: JPGAI 또는 PDF ■ 심사기준 주제적합성 / 창의성 / 디자인 완성도 / 활용성 각 25점 ■ 결과발표 도홈페이지 및 체전공식 홈페이지 공고(6. 8. 예정) ■ 시상내역 총 10점, 11,000천 원 - 대상 : 1개, 400만원 - 최우수상 : 1개, 200만원 - 우수상 : 2개, 각 100만원 - 장려상 : 6개, 각 50만원 ■ 문 의 제주특별자치도 전국체전기획과 체전운영팀 064 – 710 – 3403"
311458,청주시,<영산홍 필 무렵> 사진 공모전,,,,"해외연수, 전시기회 | 기타","■ 공모명 <영산홍 필 무렵> 사진 공모전 ■ 공모주제 문의문화유산단지 내 테마별 (일출, 문화유산, 전통가옥 등) 사진 ■ 지원자격 전 국민 누구나 ■ 제출기간 2026.3.23.(월) ~ 4. 17.(금) 18:00까지 ■ 제출방법 신청서(폼) 작성 후 이메일 접수(sunhee11@koare.kr) ※선착순 30작품 전시 ■ 제출규격 출품수: 1인 1점 형식: JPG/JPEG 원본 파일 ※파일이름: 작품명_응모자명 해상도: 3600x4800픽셀 이상 최근 1년 이내 찍은 디지털 사진 전시기간 ■ 전시기간 2026. 4. 25.(토) ~ 5. 10.(일) ※전시 종료 후 전시작품(인화 사진) 출품자 기념 제공 예정 ■ 문 의 청주시 문화유산과 043-201-4256"
311457,주식회사 엠플로우,2026 대한민국 막걸리엑스포 릴스 공모전,,,,기타,"■ 2026 막스포 릴스 공모전 대한민국 만 19세 이상 성인 누구나 참여 가능 ※ 미성년자 참여 불가 ※ 개인 및 팀 참여 가능 (중복 신청 불가) ■ 일 정 - 접수기간 ㅣ 2026년 3월 23일(월) ~ 2026년 4월 5일(일) - 1차 심사 ㅣ 2026년 4월 6일(월) ~ 2026년 4월 9일(목) - 2차 심사 ㅣ 2026년 4월 10일(금) ~ 2026년 4월 16일(목) 오후 1시 (4월10일 막스포 인스타에 1차 선정된 릴스 업로드) - 수상작 선정발표 ㅣ 4월16일 오후 1시 이후 (막스포 인스타그램 공지) ■ 응모주제 - 20~35초 이내 릴스 영상 - 자유 형식 (연출, 브이로그, 리뷰 등) - 영상 파일은 mp4를 권장합니다. ■ 접수방법 - 참가신청서 : 구글폼 제출 - 릴스 영상 파일 : 이메일 제출 jyjang@mflow.kr ■ 접수안내 - 1차 : 내부 평가로 TOP10 선정 - 2차 : 재생수 + 좋아요수 + 공유수 기준 최종 순위 결정 ※ 2차 평가는 4월 16일 오후 1시 기준 데이터만 반영됩니다. ■ 시상내역 1등 : 30만원 2등 : 20만원 3~5등 : 각 10만원 ※ 1차 선정 TOP10 전원 무료 입장권 및 소정의 상품(사은품) 제공 ※ 상금은 세금공제 후 계좌지급 예정 ■ 유의사항 - 구글폼 신청 + 이메일 영상 제출 모두 완료 시 접수 인정 - 1차 선정 TOP10 작품은 공식 홈페이지 및 SNS에 활용될 수 있습니다. - 참가자는 출품과 동시에 활용에 동의한 것으로 간주됩니다. - AI 활용 시 해당 사실에 대한 동의로 간주됩니다. - 2차 심사는 인스타그램 인사이트(조회수, 좋아요, 공유)를 기준으로 진행됩니다. - 2차 평가는 4월 16일 오후 1시 기준 데이터만 반영됩니다. - 미성년자 및 중복 참여는 불가합니다. - 소정의 사은품은 막스포 행사장 경품 배포처에서 직접 수령하셔야합니다. (신분증 필수) ■ 문 의 막스포 사무국 ㅣ Tel. 070-4607-2106 ㅣ E-mail. jyjang@mflow.kr"
311456,픽셀모먼트,세상에 무가치함은 없다 - 2026 픽셀모먼트 에세이 공모전,,,,상장 수여,"2026 픽셀모먼트 에세이 공모전 "" 세상에 무가치함은 없다 "" ■ 공모 취지 우리는 종종 눈에 보이는 것들로 삶의 가치를 판단합니다. 성과, 결과, 숫자, 타인의 시선처럼 분명하게 드러나는 것들. 하지만 정말 오래 남는 것은 그 순간의 감정, 관계 그리고 지나온 시간입니다. 누군가에겐 사소해 보였던 하루, 의미 없어 보였던 선택, 지워버리고 싶었던 기억까지도 당신의 삶에서는 결코 무가치하지 않습니다. ■ 공모 대상 만 18세 이상 (2007년생 이상) 대학생, 취업준비생, 직장인 등 대한민국 청년 누구나 ■ 공모 기간 접수 기간: 2026.03.24 ~ 2026.04.13 결과 발표: 2026.05.06 (수) 전시: 2026년 9월 예정 ■ 공모 주제 ‘아무 의미 없어 보였던 순간이 사실은 나를 만든 이야기’ ■ 공모 형식 자유 에세이 ( A4 1매 내외 / 500자 이내 ) 편지, 독백 등 자유로운 형식 가능 예시) -괜히 돌아간 길에서 해를 봤다. 조금 늦어도 괜찮다는 걸 알았다. -실수로 틀린 선택을 했다. 덕분에 내가 뭘 싫어하는지 알게 됐다. ■ 심사 기준 진정성 30점 주제 적합성 30점 창의성 20점 표현력 20점 ■ 수상 혜택 - 대상 (1명) 상금 100만원 전시회 초대권 인화 패키지 전시 메인 작품 선정 및 전시 전시작 제공 - 우수상 (3명) 상금 50만원 전시회 초대권 작품 전시 - 장려상 (10명) 스타벅스 커피 기프티콘 인스타 작품 게시 및 홍보 ■ 수상작 활용 선정된 사연은 사진작가의 해석을 통해 작품으로 제작되며, 완성된 작품은 사연과 함께 전시에 활용됩니다. 또한 에세이와 사진을 결합한 아카이브로 제작됩니다. ■ 문 의 pixelmoment2024@gmail.com"
311454,한국해외인프라도시개발지원공사,한국해외인프라도시개발지원공사(KIND) 캐릭터 네이밍 공모전,,,,기타 | 상장 수여,"■ 한국해외인프라도시개발지원공사(KIND) 캐릭터 네이밍 공모전 (~4/12까지!) KIND의 캐릭터에게 이름을 지어주세요! ■ 공모접수 2026.03.27.(금) ~ 04.12.(일) ■ 응모자격 대한민국 국민 누구나! ■ 응모방법 한국해외인프라도시개발지원공사(KIND) 공식 SNS(블로그, 링크트리 등) 공고문 내 네이버 폼 링크 또는 QR코드 접속을 통한 온라인 접수 ﻿■ 네이버 폼 바로가기 ﻿ https://naver.me/FG3lghrZ ■ 결과발표 2026.04.23.(목) *내부 사정에 따라 변동 가능 ■ 심사기준 및 방식 상징성, 창의성, 대중성, 적합성 등 핵심 지표 중심 심사 전문가 심사를 통한 다각도 검증 ■ 시상내용 대상(1명) : 50만 원 최우수상(2명) : 30만 원 인기상(3명) : 10만 원 참가상(100명) : 스타벅스 아이스 아메리카노 T ■ 문의처 KIND 캐릭터 네이밍 공모전 운영 사무국 kindadm@naver.com 02-3409-2666 ■ 문 의 kindadm@naver.com"
311453,경기남양주아동보호전문기관,아동학대 예방 서포터즈 '아키즈' 1기 단원 모집,,,타 대외활동 경험,수료증 및 인증서 | 봉사활동시간,"■ 모집명 아동학대 예방 서포터즈 '아키즈' 1기 단원 모집 ■ 모집 대상 아동 권리 및 아동학대 예방에 관심 있는 20세 이상 대학생 및 성인 ■ 선발인원 10명 내외 ■ 모집 기간 2026.03.16.~03.31. ■ 활동기간 2026.04.01.~12.31. (9개월) ■ 활동 내용 1) 초등학교 학생 대상으로 UN 아동 권리교육 협약 교육 진행 2) 어린이집/유치원 아동 대상으로 아동학대 예방 인형극(우리는 소중해, 나는 가장 소중한 사람 택 1) 진행 3) 지역 주민 및 아동 대상으로 (인플루언서와 함께 하는) 시 축제 참여 및 아동학대 예방 홍보 캠페인 진행, 관련 홍보 콘텐츠 제작 4) 아동들과 함께 하는 여름방학 프로그램 참여 ※ 사전 통보 없이 불참 3회 누적 시 추후 참여가 제한될 수 있음. ■ 대외활동 혜택 - 아동학대 예방 교육 및 홍보 참여 활동 기회 제공 - 자원봉사 활동 제공 및 VMS 자원봉사 시간 인정 - 템플스테이, 지역 내 탐방 등 자원봉사단 힐링 프로그램 지원 - 아동학대 예방 서포터즈 수료증 수여 - 우수 자원봉사자 시상 ■ 지원 방법 구글폼으로 신청서 제출 ■ 문 의 Tel. 031-553-9818"
311452,부천시민미디어센터,2026 시민미디어 활동 단체 공개 모집,,,사진/영상/디자인 툴 | 콘텐츠 기획/제작 경험,실무 교육 | 입사시 혜택,"■ 모집명 2026 시민미디어 활동 단체 공개 모집 ■ 사업기간 2026. 3. ~ 12. ■ 사업목표 • 시민미디어 콘텐츠 제작 활성화 • 지역 이슈 및 공공적 가치 기반 콘텐츠 발굴 • 지속 가능한 시민미디어 콘텐츠 제작 및 확산 ■ 활동기간 계약 체결일 ~ 11. 말 ■ 선정규모 7단체 내외 ■ 접수기간 공고 시작일 ~ 4. 2. 24:00까지 ■ 접수방법 이메일 접수 (bcmc@bcf.or.kr) - 이메일 제목 : [시민미디어 활동지원 신청] 단체명 - 파일명 : 신청부문명_단체명(ex.영상형오디오_신나는마을라디오) ■ 제출서류 참가신청서 1부 (서식1)신청서, (서식2)사업계획서, (서식3)자격요건 증빙자료 포함 ■ 신청자격 필수요건 • 부천시민 포함된 3인 이상 단체 또는 부천시 소재 학교 재학생·회사 재직자가 포함된 3인 이상 단체 • 시민미디어 콘텐츠 제작 경력 1년 이상 단체 아래 활동내용에 적극적 참여 필수 • 공개방송·상영회·성과공유 등 확산 활동 참여가 가능한 단체 • 정기적 또는 지속적인 공동체 활동 기반을 보유한 단체 • 영상·오디오·간행물 등 미디어 콘텐츠 제작 및 공개 경험이 있는 단체 • (정치·상업·영리 목적이 아닌) 공공적 콘텐츠 제작이 가능한 단체 ■ 지원내용 • 시민미디어 활동가 양성 교육 • 콘텐츠 기획 및 제작 멘토링 • 시민 대상 콘텐츠 모니터링 • 미디어센터 장비 및 촬영 공간 무료 지원 • 센터 유튜브 채널 및 홍보 채널 업로드 지원 • 경기권역 미디어센터 공동사업 참여 연계 ※ 예산의 집행 및 정산은 사업 부서에서 직접 진행. ■ 심사기준 ① 사업 이해도 및 기획의 적절성 (30점) ② 콘텐츠 공공성 및 지역 기여도 (30점) ③ 참여자 제작 역량 및 실행 가능성 (40점) ■ 최종발표 4. 17. (금) 심사결과 홈페이지 개시 및 개별 통보 ■ 문 의 032-320-6406 (월 ~ 금 9:30 ~ 17:00까지)"
311451,용인경량전철주식회사,2026년도 용인경전철 서포터즈 모집,,,파워블로거/SNS | 콘텐츠 기획/제작 경험,봉사활동시간,"■ 모집명 2026년도 용인경전철 서포터즈 모집 ■ 모집기간 2026. 3. 23.(월)~ 4. 5.(일) ■ 모집인원 30여명 ■ 모집대상 경전철을 이용하는 SNS 활동이 가능한 사람 용인시 주소지 또는 관내 소재 청소년(중학생 제외) 및 대학교 학생(휴학생 포함) ■ 활동기간 2026. 5. 1.(금) ~ 10. 31.(토) [6개월] ■ 활동내용 ㅇ 경전철 이용체험(편의시설 소개 등), 역사 소개, 주변 용인시 관광지 또는 맛집, 아이디어 제안 등을 개인 SNS(블로그, 페이스북, 인스타그램 등) 게시하여 홍보 ⇒ 월별 활동실적서 제출 ㅇ 개선사항 모니터링 등 ■ 활동혜택 ㅇ 우수 활동자(0명)선발 연말 표창장(용인시장) 수여 ㅇ 온라인 활동실적에 따라 자원봉사시간 인정 ■ 신청방법 지원신청서 이메일(ghgwak@yilrt.co.kr) 제출 ■ 발표 2026년 4월 중 개별 통지 ■ 문 의 용인경량전철(주) 031)329-3509"
311449,화성시,2026년 화성시 안전보안관 모집,,,타 대외활동 경험,활동비,"■ 모집명 2026년 화성시 안전보안관 모집 ■ 접수기간 2026. 3. 23.(월)~2026. 4. 6.(월) ■ 모집대상 만 19세 이상 화성 시민 누구나 ■ 활동혜택 1365 자원봉사 시간 인정(안전신고 수용 건) ■ 신청방법 전자우편 제출(barret1011@korea.kr) ※ 방문 접수는 받지 않으며, 이메일 제목에 [안전보안관 신청_성함]을 기재해 주세요. ■ 문 의 화성시 안전정책과 031)5189-5213"
311448,환경재단,2026 유스 그린리더 5기 청소년 장학생 모집,,,타 대외활동 경험,활동비,"■ 대외활동명 2026 유스 그린리더 5기 청소년 장학생 모집 ■ 모집 및 지원 안내 • 지원 대상 : 2008년~2013년생 청소년 • 선발 인원 : 총 8명 • 장학 혜택 : 1인당 300만 원 (총 규모 2,400만 원) • 우대 사항 ※ 증빙 제출 시 인정 - 기초생활수급자, 차상위계층, 학교밖 청소년, 한부모가정 - 담임교사, 센터 및 시설 관리자 추천서 소지자 *양식 파일 있음 ■ 선발 일정 • 신청 접수 : ~ 4.12(일) 자정까지 • 면접 대상자 발표 : 4.14(화) 15시 • 비대면 면접 심사 : 4.18(토) • 최종 발표 : 4.20(월) ※ 선정자 개별 통보 ■ 장학생 필수 활동 최종 선발된 장학생은 아래 일정에 반드시 참여해야 합니다. 1. 5.23(토) : 워크숍 및 장학금 수여식 (서울시 중구) 2. 8월 중 : 장학생 네트워킹 데이 3. 활동 종료 시 : 환경 프로젝트 결과 보고서 제출 ※ 상세 내용은 최종 선발 후 안내 ■ 지원방법 • 신청서 및 개인정보활용동의서 작성 후 이메일 제출 E-mail yeongjin.kim@greenfund.org 메일 제목 및 파일명 : 000(성함)_장학생 ■ 문 의 환경재단 어린이환경센터 02-2011-4358 / 카카오톡 채널 환경재단 어린이환경센터"
311447,주식회사 아성다이소,2026년 상반기 아성다이소 및 관계사 신입/경력사원 공개채용,INTERN,,,,"모집부문 회사 모집부문 직무 채용구분 근무지 모집요강 아성다이소 영업 [신입] · 매장관리 · 영업지원 · 영업비용관리 · 영업예산운영 [경력] · 매장디자인 신입/경력 전국, 서울 본사 자세히보기 온라인사업 [경력] · QA/PMO · 모션/영상디자인 경력 서울 본사 자세히보기 상품 [신입] · 욕실/청소/생활용품MD · 문구/선물포장MD [경력] · 식품(가공/건강식품)MD · 반려동물MD · 화장품(기초/바디)MD · 화장품(색조)MD · 화장품(미용소품)MD 신입/경력 서울 본사 자세히보기 디자인 [신입] · VMD [경력] · 매장그래픽디자인 · 영상 아트웍 디자이너 신입/경력 서울 본사 자세히보기 물동 [경력] · 고객/데이터분석[부서장급/팀원] 경력 서울 본사 자세히보기 물류 [신입] · 물류운영 · 물류입고 · 물류보충 · 매장분류/포장 · 배차관리 · 시설관리 · 입고보충 · 피킹분류 · 분류포장 · 인사관리 [경력] · 시설관리[팀장급] · 물류지원 · 설비관리 · 소방안전 · 안전관리[팀장급] · 입고보충 · 분류포장 · 설비관리 신입/경력 각 물류센터 [용인, 부산, 안성, 세종] 자세히보기 TQC [경력] · 교육[HRD] · 상품안전 경력 서울 본사 자세히보기 IT [경력] · 보안인프라[부서장급] · 물류시스템 운영/개발 · DBA 경력 서울 본사 자세히보기 인사총무 [경력] · 급여관리 경력 서울 본사 자세히보기 법무 [신입] · 법무지원 신입 서울 본사 자세히보기 (주)아성 해외영업 [신입] · 상품개발 및 글로벌소싱(영어) 신입 서울 본사 자세히보기 (주)아성 HMP 해외영업 [신입] · 상품개발 및 해외영업(일본어) 신입 서울 본사 자세히보기 영업관리 [신입] · 영업관리 및 지원 [경력] · 영업관리 및 지원 신입/경력 서울 본사 자세히보기 관리 [경력] · 인사총무 경력 서울 본사 자세히보기 ㈜한웰 부동산개발 [경력] · 부동산 개발 및 시설관리 경력 서울 본사 자세히보기 ※ 전형절차는 관계사별 상이할 수 있으며, 아래 내용 참고 ※ 모집분야별 상세 직무 내용은 아래의 '다이소 커리어북' 참고 전형절차(신입) 전형절차(경력) ※ 아성다이소 : 회사분석리포트는 서류전형 합격자에 한하여 작성 [합격자 별도 안내 예정] ※ 아성HMP/아성 : 시장분석리포트는 해외영업 직무 서류전형 합격자에 한하여 작성 [합격자 별도 안내 예정] 전형 안내사항 [신입/경력] 공통 ※ 회사(시장) 분석리포트는 서류전형 합격자에 한하여 작성하며, 회사와 유통 산업에 대한 지원자의 관심과 이해도를 보기 위한 것 입니다. - 관계사(아성, 아성HMP)의 경우 해외영업 직무에 한하여 회사(시장)분석리포트 제출 ※ 인성직무역량검사는 온라인으로 진행됩니다. ※ 인성직무역량검사는 언어/수리와 같이 정답을 묻는 문제가 아니며, 지원자의 인성과 직무 적합도를 파악하기 위한 검사입니다. ※ 서류전형, 면접접형, 인성직무역량검사, 평판조회, 인턴십 등 다양한 절차와 방법, 종합적인 검토를 통해 최종전형을 진행합니다. ※ 전형별 일정은 회사의 사정에 따라 변동될 수 있습니다. [신입] ※ 인턴십 프로그램은 신입사원 입문교육, 다이소 매장실습[아성다이소 限], 직무별 OJT, 최종평가로 진행되며, 급여는 2,156,880원(세전) 입니다. ※ 인턴십 진행기간 중 최종 평가가 이루어지며, 평가 우수자에 한하여 최종면접 대상자로 선정됩니다. [경력] ※ 인성직무역량검사 및 평판조회 결과는 전형 결과에 반영될 수 있습니다. 아성다이소 및 관계사 카카오 오픈채팅방 [채용상담기간] 3/27~4/8 실시간 채팅 14:00~18:00 (실시간 채팅이 아니더라도 질문은 월금 9:00~18:00 내 언제든 가능합니다.) 현업담당자들에게 직무관련 궁금사항을 직접 물어보시고 답변을 받으세요! 아성다이소 오픈채팅방 영업본부 온라인사업본부 상품본부 디자인본부 물동본부 물류본부 TQC본부 IT본부 인사총무본부 법무부문 아성 오픈채팅방 아성HMP 오픈채팅방 한웰 오픈채팅방 해외영업 해외영업/영업관리/인사총무 부동산개발 급여 및 복리후생 ㆍ급여 : 대졸 신입 초임 4,800만원 (인센티브 별도) 공통 자격요건 ㆍ최소학력 : 대졸 이상[2026년 8월 졸업 예정자 및 기 졸업자] ㆍ국가보훈대상자는 관련법에 의거하여 우대 ㆍ병역필 또는 면제자로 해외여행 및 건강상 결격사유가 없는 자 제출서류 ㆍ입사지원서 : 사진첨부(최근 6개월 이내 사진 첨부), 긴급연락처, 희망연봉 등 반드시 기재할 것 ㆍ자기소개서 ㆍ경력기술서(경력 지원자의 경우 작성 필수, 신입의 경우 인턴 및 직무 관련 경험 기술) ㆍ회사 분석 리포트(서류전형 합격자에 한함) ㆍ포트폴리오 (대상 직무 限 : 매장디자인, 모션/영상디자인, VMD, 매장 그래픽디자인, 영상 아트웍 디자이너) - 파일명 [직무명_이름_포트폴리오] - 예: 영상디자인_홍길동_포트폴리오 - 포트폴리오는 50MB 이하로 압축하여 제출해주시기 바랍니다. - 영상 제출 직무는 공고 내에 기재되어 있는 이메일로 제출해주시기 바랍니다. ㆍ최종학력 졸업증명서, 성적증명서, 경력증명서 각 1부(최종합격자에 한함) ㆍ보훈대상자 취업지원대상자 증명서(최종합격자 및 해당자에 한함) 제출방법 구분 채용홈페이지 비고 https://daiso.recruiter.co.kr/career/home *입사지원서 및 포트폴리오 : 채용홈페이지 內 온라인 작성 및 제출 (단, 포트폴리오는 제출 직무에 한함) 기타사항 ㆍ입사지원서 내 입력한 자격/경력사항 등은 입사 후 증빙자료 제출이 가능해야 하며, 기재한 내용이 허위임이 밝혀질 시 채용이 취소됩니다. ㆍ현 주소와 전화번호, e-mail은 연락 가능한 곳으로 정확히 기재 바랍니다. [채용서류 반환 관련] 채용 전형과정에서 직접 제출받은 서류(채용홈페이지나 전자우편을 통해 제출된 서류 제외)의 경우, 지원자가 희망하는 경우 서류를 반환해드리고 있습니다. * 반환가능 기간 : 최종 합격 발표 후 14일이 지난 후부터 60일 이내 * 신청방법 : 채용홈페이지 '질문하기' 게시판을 통해 반환청구 요청 (이름, 수험번호, 지원직무, 연락처, 우편번호, 주소 기재 必) ▶ 요청일로부터 14일 이내 요청서류 반환(등기/소포 배송_반환 시 발생하는 비용은 회사에서 부담) 접수마감일 ㆍ 2026년 4월 8일(수) 23:59 ※ 마감일 당일은 홈페이지 접속 인원이 급증할 것으로 예상되오니, 마감일 이전에 충분히 여유를 가지고 등록하여 주시기 바랍니다. ※ 입사지원서 작성 시, 항목별 작성요령을 필히 확인해주시기 바랍니다. ※ 입사지원서 작성 완료 후 최종제출 하셔야 입사지원이 완료됩니다."
311446,평택도시공사,제5기 평택도시공사 시민기자단 모집,,,파워블로거/SNS | 사진/영상/디자인 툴 | 콘텐츠 기획/제작 경험,활동비,"■ 모집명 평택도시공사 「제5기 시민 기자단」 모집 ■ 모집대상 ○ 모집대상 : 평택도시공사 사업과 시설에 관심이 많은 시민(만 18세 이상) ※ 평택 거주자 및 평택 소재 대학생, 직장인 우선 선발 ■ 모집인원 10명 이내(블로그 기자단 5명, 영상 기자단 5명 이내) ※ 선발인원은 신청 인원 및 심사 결과에 따라 조정될 수 있음 ■ 지원자격 및 우대사항 ○ 지원자격 1) 필수자격 - 활동기간 동안 기자단 활동을 성실히 수행할 수 있는 자 - 개인 블로그, 유튜브, 인스타그램, 페이스북 등의 SNS 채널을 운영하는 자 [블로그 기자단] 블로그 필수 운영 [영 상 기자단] 유튜브, 인스타그램, 페이스북 중 1개 채널 필수 운영 - 사진 및 영상 촬영, 글쓰기, 콘텐츠 기획 및 제작 등이 가능한 자 2) 우대사항 - 평택 거주자 및 평택 소재 직장인, 대학생 우선 선발 - 타 기관(기업) 기자단 및 홍보 분야 서포터즈 유경험자 - 블로그 및 영상 공모전 등 관련 수상 이력이 있는 자 ■ 활동기간 및 활동내용 ○ 활동기간 : 2026. 5월 ~ 2026. 11월 ※정기활동 2회 미참여 시 면직 ○ 활동내용 : 사업장 취재 및 콘텐츠 제작(월 1회)- 공사(사업, 시설, 행사)관련 주제 취재 및 홍보 콘텐츠 제작 *월 1회 활동 필수 ※ 제작 전 사전 계획서 제출 / (필요 시) 제작한 콘텐츠의 수정 및 보완 작업 - 콘텐츠의 개인 SNS계정 공유 ․ 홍보 및 기타 공사가 요청하는 기자단 활동에 협조 ■ 활동혜택 - 소정의 활동비 지급 ※ 블로그 기자단 : 70,000원, 영상 기자단 : 150,000원 / 월 1회 기준- 우수기자 포상(12월) ※ 1등 : 500,000원 2등 : 300,000원, 3등 : 200,00 ■ 신청방법 및 제출서류 ① 평택도시공사 홈페이지 또는 블로그에서 지원서 다운로드 ② 지원신청서, 개인정보 수집 및 이용 동의서를 e-mail(pucintro@puc.or.kr)로 접수 ※ 파일명은 ‘기자단_지원서_이름.hwp’ 형식으로 제출하며 4. 06.(월) 도착분에 한함 ※ 관련 경력, 활동사항 등 소개할 수 있는 포트폴리오 추가 제출 가능 ○ 제출서류 : 시민 기자단 지원신청서 및 개인정보 수집 및 이용 동의서(붙임파일 참조) ■ 결과발표 2026. 4. 13.(월), 공사 홈페이지 게시 및 선발인원 개별 연락 ※ 결과 발표일은 공사 일정에 따라 변경될 수 있음(사전 공지 예정) ■ 문 의 평택도시공사 경영지원처(031-8053-8846)"
311445,(사)들꽃청소년세상전북지부,2026년 별하 자원활동가 인원 모집,,,타 대외활동 경험,봉사활동시간,"■ 별하 자원활동가 별하는 각 자치기구 청소년들과 연결되어 자치기구의 활동을 지원합니다. 청소년들이 필요로 하는 재능(제빵, 글쓰기, 작사·작곡 등)을 나누고, 활동을 독려하고, 참가 청소년들과 경험을 나누는 등의 활동을 합니다. 이외에도, 달그락프로젝트, 일일찻집, 참여포럼, 피크닉 등 달그락 내부에서 진행되는 청소년 연대·연합 활동에 참여하고 지원합니다. ■ 신청인원 청소년의 성장에 관심 있고 청소년들과 함께 활동하고 싶은 청년 누구나 ■ 모집기간 2026.03.25(수)~04.17(금) ■ 내용 ‘별하’는 청소년자치공간 달그락달그락이 새로 조직하고 있는 자원활동가 모임입니다. 청소년 자치활동 및 달그락 연대·연합 활동을 직접 지원하는 것을 목적으로 하며, 마을 공동체를 함께 만들어 가는 것을 목표로 하는 청년들의 모임입니다. 2015년, 군산에서 활동을 시작한 ‘청소년자치공간 달그락달그락’은 ‘청소년의 인간다운 삶’을 지향합니다. 이를 위해 지역사회에 청소년이 참여하고 그들이 원하는 활동을 할 수 있는 공간을 만들고 정이 흐르는 이웃관계를 형성합니다. 우리는 청소년들이 ‘한 명의 ‘시민’으로 자신의 삶과 지역 사회에 주도적으로 참여하는 사회를 지향합니다. 달그락에는 작가단, 기자단, 자원봉사, 역사, 제과·제빵, 미디어 등 다양한 청소년 자치기구가 있습니다. 달그락에는 청소년들의 활동을 지원하고자 하는, 하나의 마음으로 모인 성인들로 구성된, 다양한 조직들이 존재합니다. 그들은 달그락의 지속 가능한 활동과 청년 활동가 지원을 위해 후원 개발 활동을 지원하기도 하고, 멘토가 되어 스스로의 재능을 함께 공유해 주기도 하며, 청소년 활동이 보다 원만하게 운영될 수 있도록 자원활동가로 참여하기도 합니다. 그들은 ‘청소년의 인간다운 삶’이라는 하나의 목표를 가지고 활동합니다. 더 많은 시민들의 관점과 경험이 모일 때, 청소년과 지역사회는 더욱 건강한 공동체로 성장할 수 있습니다. 함께해 주시면 지역의 청소년들에게 큰 힘이 됩니다. ■ 문 의 063-465-8871"
311444,(사)들꽃청소년세상전북지부,2026년 Y S.D Maker 국제교류 활동 인원 모집,,,타 대외활동 경험,수료증 및 인증서 | 봉사활동시간,"■ 2026년 Y S.D Maker 국제교류 활동 앞으로 다가올 ‘미얀마의 봄’을 꿈꾸며, 외치는 미얀마 청년들이 있습니다. 이에 공감하고 연대하며, 제 목소리로 달그락거리는 달그락의 청소년들이 있습니다. ‘사람’이 더욱 존중받는 세상, 누구도 고통받지 않아도 되는 세상, 누구나 인권의 가치를 마땅히 누릴 수 있는 세상을 위해, 함께해 줄 분들을 기다립니다. ■ 모집인원 국제교류 활동에 관심 있는 청소년과 청년이라면 누구나 신청 가능합니다. 4월부터 10월까지 특별한 경우가 없는 이상 매월(토요일 오후 8시- 미얀마 시간 오후 5시 30분) 2회 이상 정기적으로 활동에 참여할 수 있어야 합니다. ■ 신청기간 2026년 3월 27일(금)~2026년 4월 7일(화) ■ 활동 취지 및 배경 Youth S.D Maker는 국내외 청소년과 청년이 자신이 속한 지역사회의 정치·경제·사회적 문제를 스스로 탐색하고, 연대하여 해결 방안을 만들어가는 국제 사회참여 활동입니다. 2026년 청소년자치공간 달그락달그락에서는 미얀마 청년들과의 문화교류를 바탕으로, 각 지역사회가 마주한 문제를 함께 고민하고 해결하기 위한 공동 프로젝트를 기획·실천하고자 합니다. 이를 통해 청소년과 청년이 주체적인 사회혁신가이자 지구시민으로 성장하며, 세계사회의 부조리와 불평등에 도전하고 변화를 만들어가는 것을 목표로 합니다. 우리 국제사회는 민주주의의 위기, 전쟁, 기후변화, 인권침해 문제 등 다양한 문제에 직면해 있습니다. 청소년들은 이러한 국제사회의 다양한 이슈를 단순히 이해하는 데 그치지 않고, 세계시민으로서 우리가 어떤 방식으로 공감하고 연대할 수 있을지 토론하며 구체적인 실천 방안을 모색합니다. 이를 통해 지역사회를 넘어 국제사회 문제에 대한 시야를 확장하고, 서로 연결된 공동체의 일원으로서 책임 있는 사회참여의 의미를 경험하고자 합니다. 달그락 청소년들은 지난 5년간 미얀마 청년들과 지속적인 국제교류를 통해 다양한 연대 활동을 이어왔습니다. 교육 및 문화 지원, 지역사회 문제 조사, 콘텐츠 제작 등 여러 프로젝트를 통해 서로의 상황을 이해하고 변화를 만들어왔으며, 2025년에는 미얀마 청년들과 달그락 청소년이 함께, 미얀마의 민주주의 상황을 주제로 한 동화책 『가깝고도 먼 나의 친구』를 제작·출판하기도 했습니다. 지역사회, 지구사회 문제를 해결하고, 나아가 청소년과 청년으로부터의 변화를 만들어 가는 과정에 여러분을 초대합니다! ■ 문 의 063-465-8871. 김정훈"
311443,국가유산진흥원,국가유산 방문 캠페인 서포터즈 4기 모집,,,파워블로거/SNS | 사진/영상/디자인 툴 | 콘텐츠 기획/제작 경험,실무 교육 | 수료증 및 인증서,"■ 국가유산 방문 캠페인 서포터즈 4기 모집 매력적이고 아름다운 우리 국가유산의 가치를 전할 「국가유산 방문 캠페인」 서포터즈 4기를 모집합니다. 국가유산에 대한 관심과 열정이 있는 여러분의 적극적인 지원을 기다립니다. 1. 모집개요 ○ (지원기간) 2026. 3. 26.(목) ~ 4. 2.(목) 23:50까지 (약 2주) ○ (지원자격) 대한민국 국민 및 국내 거주 외국인 - 대한민국 국민 및 국내 거주 외국인(한국어 소통이 가능한 자) - 서포터즈 주요 일정(발대식·해단식, 중간 교육 등)에 참여할 수 있으며, 적극적이고 지속적인 활동이 가능한 자 ○ (우대사항) - 개인 SNS 계정을 보유하고 있으며 활발히 포스팅하는 자 - 홍보활동 경험이 있고, 우수한 취재 능력을 갖춘 자 - 사진·동영상 촬영 및 디자인 등 콘텐츠 제작이 가능한 자 - 지원한 방문코스 거점 인근 거주자 ○ (모집인원) 영상, 사진 콘텐츠 분야 총 30명 - 10개의 국가유산 방문코스 중 배치 희망 방문코스 필수 기입 (국가유산 방문코스에 대한 상세 정보: 국가유산 방문 캠페인 공식 홈페이지(www.kh.or.kr/visit)에서 확인 가능) - 합격자 공지 시 담당 방문코스 최종 배치 예정 - 모집인원 미달인 방문코스 발생 시 예비 합격자 중 고득점자 순으로 담당 방문코스 배치 예정 2. 지원방법 및 제출서류 ○ (제출서류) 방문 캠페인 공식 홈페이지에서 지원양식 다운받아 작성 - 2026년 국가유산 방문 캠페인 서포터즈 4기 지원양식 파일 내 지원양식, 개인정보 수집·이용 동의서 모두 작성 후 이메일 제출 - 모집 이메일: kha2026@naver.com *우편, 팩스, 방문 접수 불가 3. 주요일정 ○ (심사 및 발표) - 서류 합격자 발표: 2026. 4. 6.(월) 예정 * 홈페이지 및 개별 공지 - 면접전형: 2026. 4. 10.(금) 예정 * 시간 및 장소 별도 안내 - 최종 합격자 발표: 2026. 4. 13.(월) 예정 * 홈페이지 및 개별 공지 ○ (사전교육 및 발대식) - 2026. 4. 17. (금) 예정 * 추후 별도 공지 예정 ○ (해단식) - 2026. 12. * 추후 별도 공지 예정 4. 활동계획 ○ (활동기간) 2026. 4. ~ 12. ○ (활동내용)월 1회 이상 개인 과제 및 팀 과제 수행, 콘텐츠 업로드 - 방문 캠페인 주요 사업(‘이달의 방문코스’, 방문자 여권 투어 등) 참여, 관련 콘텐츠(글·사진·영상 등) 제작 및 홍보 - 국가유산 또는 각 담당 방문코스에 관한 주요 여행 정보 소개 및 후기 작성을 통한 온라인 홍보 등 * 월별 개인·팀 과제는 연간 사업 일정 및 내용 등에 따라 구성하여 공지 예정 ○ 활동혜택 - 월별 개인 및 팀 과제 수행 시 활동비 지급(20만원) - 발대식, 해단식 진행, 콘텐츠 기획·제작 실무교육(명사특강, 1회 이상) 진행 - 활동 수료 시 방문 캠페인 서포터즈 활동 인증서 발급 - 상·하반기 우수 서포터즈 선정 및 포상 ■ 문 의 ○ (유선문의) 070-4808-3410 (평일 10시 ~ 16시) ○ (메일문의) kha2026@naver.com (상시)"
311442,JW이종호재단,2026 JW아트어워즈,,,,상장 수여,"2026 JW아트어워즈 ■ 공모 주제 : 자유 주제 ■ 공모 내용 : 순수 미술 계열_한국화, 서양화(캔버스 기준 10호 ~ 60호 이하) ■ 지원 자격 : 만 16세 이상의 장애인 ■ 모집 기간 : 2026년 5월 1일(금) ~ 6월 1일(월) ■ 지원 방법 : 네이버 폼(포스터 내 QR코드 참고) 또는 이메일(jw-artawards@naver.com) ■ 활동 내용 : 최종 수상 작품(18점)에 한해, 전시회 개최 ■ 활동 혜택 - 본상 수상자 중 발전 가능성 있는 수상자에게, 개인전 기회 제공 또는 해외갤러리 전시 시 1인 항공료 지원 - 본상 수상자 중 미술 학과로 입학 시 입학금 지원(고등학교 수상자 중 졸업 후 3년 이내) ■ 공모전 시상내역 - 대상 1명(500만원) - 최우수상 2명(300만원) - 우수상 2명(200만원) - 장려상 2명(100만원) - 입선 10명(30만원) - JW기대주상 1명(50만원) ■ 문의 사항 - 문의 사항은 02-784-9727로 연락"
311441,경상남도,K-SPRITE 이순신 승전길 기념품 공모전,,,,상장 수여,"K-SPRITE 이순신 승전길 기념품 공모전 ■ 접수기간 : 2025. 4. 21.(화) ~ 4. 30.(목) 15:00까지 ■ 공모대상 : 이순신 승전길 BI 및 캐릭터(승전이) 활용 홍보기념품(완제품)* * 상품류(지정품목)에 한 함(붙임2 참고) ※ 공모전에 활용될 이순신 승전길 BI 및 캐릭터(승전이) 디자인은 신청자에 한하여 이메일(ysstrail@urh.re.kr)로 요청하실 경우 제공 ■ 공모자격 : 전국 상품개발 및 제조 가능한 사업자 또는 법인 ■ 시상규모 : 7개(대상1, 최우수상1, 우수상1, 장려상2) / 상금 7백만원 - 대상(1) : 3,000,000 - 최우수상(1) : 2,000,000 - 우수상(1) : 1,000,000 - 장려상(2) : 500,000 ■ 문의처 - 경상남도 관광개발국 남해안과 055-211-6134"
311440,HD현대중공업새마을금고,HD현대중공업새마을금고 뛰어야산다 기부런 프로젝트 크루원 모집,,,타 대외활동 경험,수료증 및 인증서,"HD현대중공업새마을금고 뛰어야산다 기부런 프로젝트 크루원 모집 ■ 모집 대상 - 성별, 나이 무관 (울산 거주 대학생 누구나 지원 가능) ■ 모집 일정 - 모집 인원 : 00명 - 모집 기간 : 2026. 03. 27(금) ~ 2026. 04. 03(금) *선정 결과 개별 안내 - 활동 기간 : 2026. 04. 01(수) ~ 2026. 12. 31(목) 8개월 ■ 활동 혜택 - 러닝 교육비 지원 - 마라톤 참가비 및 교통비 지원 - 대회 참가 시 1일 숙박 지원 - 프로젝트 수료 인증패 또는 인증서 제공"
311439,서울국제노인영화제,제18회 서울국제노인영화제 단편경쟁 출품공모,,,,상장 수여,"제18회 서울국제노인영화제 단편경쟁 출품공모 ■ 개요 서울국제노인영화제는 서울노인복지센터가 주최하고, 서울노인영화제 사무국이 주관합니다. 노인 세대가 겪는 다양한 삶의 양태와 그와 관련된 문제의식을 효과적으로 담아낼 수 있는 도구로써 영화에 주목해 온 서울국제노인영화제는 2008년부터 시작되어 17회를 진행하였으며, 모든 세대가 함께 노년의 삶을 영화로 이해해 보는 세대공감 영화축제의 장입니다. 서울국제노인영화제는 청년과 노인감독을 대상으로 국내·외 경쟁부문의 출품공모를 진행함으로써 노인 감독에게는 지속적인 작품 제작 및 창작활동에 대한 동기를 부여하고, 청년 감독에게는 노인과 노인문화를 새로운 관점으로 바라볼 수 있는 기회를 제공하여 여러 세대, 여러 나라의 노년에 대한 다양한 시선과 고민을 함께 나누고 교류할 수 있는 소통의 장이 될 것입니다. ■ 개최 일정 및 장소 - 제18회 서울국제노인영화제는 2026년 10월 20(화)~23(금)까지 서울에서 개최될 예정입니다. (세부 장소 추후 공지) ■ 프로그램 구성 - 서울국제노인영화제의 프로그램은 ‘경쟁부문’과 ‘초청부문’으로 구성됩니다. 한국·국제단편경쟁과 한국·국제장편초청이 있으며 세부 프로그램 및 구체적인 섹션은 추후 공개됩니다. ■ 출품 관련 1) 세부 내용 [SISFF 한국 단편경쟁] - 노인 감독 부문 : 만 60세 이상(1966년 5월 이전 출생자, 주민등록 기준) / 자유 주제 - 청년 감독 부문 : 만 60세 미만 / 노인, 세대통합, 가족과 관련된 주제 [SISFF 국제단편경쟁] - 노인, 세대통합, 가족과 관련된 주제 ※ 규격 - 2025년 1월 1일 이후 제작된 30분 미만의 단편영화 - 장르 제한 없음(극영화, 실험영화, 다큐멘터리, 애니메이션 등) 2) 시상 (1) 대상 - SISFF 한국단편경쟁: 노인감독부문 1편, 청년감독부문 1편 선정 - SISFF 국제단편경쟁: 1편 선정 (2) 우수상 - SISFF 한국단편경쟁: 노인감독부문 1편, 청년감독부문 1편 선정 - SISFF 국제단편경쟁: 1편 선정 (3) 특별상 - 심사위원 특별상, 시스프렌드상 각 1편(한국단편경쟁에서 선정) ※ 본선 진출작은 추후 서울국제노인영화제 홈페이지를 통해 발표되어 제18회 서울국제노인영화제에서 상영되며, SISFF 한국·국제단편경쟁 수상작은 제18회 서울국제노인영화제 폐막식에서 발표하여 시상합니다. ※ 모든 상금은 세금 및 수수료 포함 금액이며, 국제단편경쟁의 경우 페이팔 지급을 원칙으로 합니다. ※ 선정 기준에 적합한 작품이 없을 경우, 선정하지 않거나 축소 선정할 수 있습니다. 3) 출품 방법 (1) 출품기간: 2026. 3. 20.(금)~2026. 5. 13.(금) 23시 59분(KST) (2) 접수방법 - SISFF 한국단편경쟁 : 출품신청서(폼) 작성 후 제출(출품 비용 무료) * 온라인 스크리너가 없을 시, 출품신청서와 함께 작품 파일을 직접 영화제 메일 (sisff.program@gmail.com)으로 제출 가능 - SISFF 국제단편경쟁 : 필름프리웨이에서 출품 비용(€3) 결제 후 제출"
311438,아프트,글로벌 편집샵 APTE 크루 2기 모집,,,파워블로거/SNS | 콘텐츠 기획/제작 경험,사은품 지급,글로벌 편집샵 APTE 크루 2기 모집 ■ 지원 자격 - 패션에 관심 있는 2040 여성 - 인스타그램 공개 계정 보유자 - SNS 활동과 콘텐츠 제작을 즐기는 분 - 월별 미션을 성실하게 수행할 수 있는 분 - 소통이 원활하고 가이드를 준수하는 분 ■ 모집 기간 - 3/27~4/5(10일간) ■ 지원 방법 - 네이버 폼을 통한 지원 - https://naver.me/5LQ0XDrO ■ 활동 내용 - 월별 콘텐츠 제작 미션 수행 (총 4건 본인의 SNS에 업로드 :피드 2건 + 릴스 2건 or 피드 3건 + 릴스 1건)) ㄴ본사에서 제공하는 콘텐츠 가이드 준수 필수 ■ 활동 혜택 - 매달 최대 100만원 상당 자사몰 상품 제공(상품 선택 가능 / 본사 상황에 따라 변동 또는 지정될 수 있음) - 활동 우수자 스튜디오 촬영 및 브랜드 룩북 모델 기회 지원 - 활동 우수자 프랑스 왕복 항공권 지원 (프랑스에서 콘텐츠 제작 진행 필수) ■ 문의 사항 - apte.crew@gmail.com
311437,메쎄이상,2026 핸드아티스트 어워즈,,,,"해외연수, 전시기회 | 상장 수여","2026 핸드아티스트 어워즈 ■ 공모 주제 Unique Essence 나의 하나뿐인 핸드메이드 ■ 공모 내용 똑같은 물건이 수도 없이 만들어지는 세상. 그럼에도 우리가 손을 움직여 시간을 쏟는 이유는 과정 속에 ‘나’라는 유일한 세계가 담기기 때문입니다. 머리에서 이어져 손끝에 닿기까지 수많은 고민과 작품이 완성될 때 느껴지는 찰나의 기쁨. 기성품이 결코 흉내 낼 수 없는 그 온기가 단순한 ‘만듦’을 넘어 ‘핸드메이드 작품’이 되는 순간, 핸드아티코리아는 바로 그 순간을 만들어온 당신의 작품을 초대합니다. ■ 지원 자격 공예에 관심있는 누구나 *1인 1작품 / 1팀 1작품 - 국/내외에서 이미 공개되었거나 상품화된 작품을 모방한 모방작품은 선별 대상에서 제외 - 다른 유사 공모전에 출품하여 입상한 작품은 선별 대상에서 제외 - 미완성 작품이거나 마감이 불량한 작품은 선별 대상에서 제외 - 위 유의사항을 지키지 않고 출전할 시 심사에서 제외 ■ 모집 기간 - 2026년 3월 30일(월) – 7월 5일(일) 까지 ■ 지원 방법 - 참가신청서 작성 후 작품사진과 함께 hmk@esgroup.net로 제출 ■ 공모전 시상내역 - 대상(1명) 1. 2027 핸드아티코리아 180만원 상당 부스 증정 2. 상금 100만원 3. 기획관 내 작품 전시 및 상장 수여 - 최우수상(2명) 1. 2027 핸드아티코리아 120만원 상당 부스 증정 2. 기획관 내 작품 전시 및 상장 수여 * 상금의 제세 공과금(22%)는 수상자 부담 - 우수상(2명) 1. 2027 핸드아티코리아 120만원 상당 부스 증정 2. 기획관 내 작품 전시 및 상장 수여 - 입상(15명) 1. 기획관 내 작품 전시 및 상장 수여 ■ 문의 사항 - 02-6121-6252 / hmk@esgroup.net"
311436,국제청년센터,International Student Mentoring Program- International Student mentees,,,멘토링/수업 진행 경험 | 휴학 중/시간 투자 가능 | 타 대외활동 경험 | 기타,수료증 및 인증서,"﻿ Hello, This is the International Center for Youth (ICY). We are now recruiting mentees for our International Student Mentoring Program. you can enrich your life in Korea and build lasting global friendships! 📢 Program Details Who Can Apply? · International students interested in building friendships with Korean youth. · Students who are open to cultural exchange and global networking. · Those who are willing to actively participate and engage responsibly in the program. 📢Program Overview (Activities) · Receive personalized support for your life in Korea through 1:1 or group (1:N) mentoring. · Mentors and mentees will plan activities together based on mutual interests (e.g., language exchange, cultural activities, campus life support, etc.). 📢Program Schedule -Application Period: 03.28 ~ 04.30 -Matching Announcement: 05.01 ~ 05.02 -Orientation: 05.03 -Mentoring Period: 05.04 ~ 07.06 📢Benefits · Completion Certificate: Issued to participants who attend at least 80% of activities and submit weekly activity reports. · Networking: Connect globally with Korean youth and expand your professional and social network. 📢How to Apply Submit the application form via the QR code on the poster or the following link: https://forms.gle/WXPDqiHrDKzSi9pN7 📢Inquiries KakaoTalk 1:1 Open Chat: @국제청년센터 📢Website: https://forms.gle/KPtoLPGmA8ZsgN1t9"
311435,쿠쿠,쿠쿠 대학생 서포터즈 2기 모집,,,사진/영상/디자인 툴 | 콘텐츠 기획/제작 경험,활동비 | 수료증 및 인증서,"쿠쿠 대학생 서포터즈 2기 모집 ■ 공모 내용 - 쿠쿠와 함께 나만의 취향이 담긴 SNS 콘텐츠를 제작할 ‘쿠쿠더쿠’ 대학생 서포터즈 2기를 모집합니다! ■ 지원 자격 - 국내외 대학(원) 재학생/휴학생/졸업유예생 누구나 (총 18명 내외) ■ 지원 방법 - ‘지원서’ 및 ‘대학(원) 재학/휴학 증명서’ 2건 사무국 이메일로 제출 - 제출처: cuckoosupporters@postcom.co.kr ■ 활동 내용 [정기 미션: 매월 진행되는 기본 미션] - 쿠쿠 제품을 주제로 블로그, 인스타그램, 유튜브, 틱톡 등 SNS 콘텐츠 제작 - 발대식, 오프라인 모임, 해단식 등 참여 (활동 증명서 발급 가능) * 모든 채널을 활용하므로 블로그, 인스타그램, 유튜브, 틱톡 계정 생성 및 활용 필수입니다. [추가 활동: 다양한 실무 기회 제공을 위해 매월 다르게 진행] - 홍보 마케팅 아이디어 기획 및 제안 - 오프라인 행사(팝업스토어, 박람회 등) 및 쿠쿠스토어 매장 등 홍보 마케팅 현장 취재 - 사내 뉴스레터 제작 참여 - 현직 실무자 교류 프로그램 (강의 또는 멘토링, 인터뷰) * 미션 내용은 내부 사정에 의해 변동될 수 있습니다. ■ 대외활동 혜택 - 개인 활동비 월 10만 원 - 월별 우수 활동자 대상 인센티브 지급 * 최우수(1인) 20만 원 / 우수(2인) 각 15만 원 / 장려(2인) 각 10만 원 * 이외 최다 조회 수 등 다양한 요소를 참작한 인센티브 제공 - 최종 성과 평가 후 장학금 및 상장 지급 * 최우수 팀(1팀) 200만 원 / 최우수(1인) 150만 원 / 우수(2인) 100만 원 / 장려(2인) 50만 원 - 공식 임명장 및 활동 수료증 발급 - 미션 수행을 위한 쿠쿠 제품 제공 - 기념 굿즈 제공 ■ 일정 - 모집 기간: 2026년 3월 27일(금) ~ 4월 11일(토) - 서류 발표: 2026년 4월 13일(월) - 면접 일정: 2026년 4월 14일(화), 쿠쿠 서울사무소 - 합격 발표: 2026년 4월 24일(금) 이전 * 서류는 즉시 심사하므로 4/13(월)에 빠르게 합격 발표 예정입니다. * 서류 및 면접 전형은 문자로 합격 여부 안내 예정입니다. * 합격자의 경우 사무국에서 별도 유선 연락 드릴 예정입니다. - 발대식: 2026년 4월 30일(목), 쿠쿠 강동 사옥 - 활동 기간: 5월 초 ~ 8월 초 (총 3개월 내외) - 이외 오프라인 모임 및 해단식은 시험 기간을 피해서 진행, 추후 공지 * 일정은 내부 사정에 의해 변동될 수 있습니다. * 오프라인 모임에 대한 참가 증명서는 모두 발급해드립니다. ■ 우대 사항 - SNS 콘텐츠 제작 경험자 (숫자 성과 및 인사이트가 있을 경우 적극 기재) - 월 1회 이상 정기 활동 참여 가능자 - 팀 활동 및 아이디어 기획 역량 우수자 - 쿠쿠 주요 제품과 쿠쿠 서포터즈 1기 활동에 대해 관심이 많은 지원자 ■ 문의 사항 - 서포터즈 운영 사무국 이메일: cuckoosupporters@postcom.co.kr * 문의 메일 작성 시, 제목에 [서포터즈 문의]를 반드시 붙여주세요. 공모전 대학생대외활동 사이트 : 위비티 https://www.wevity.com"
311434,(주)플랜티엠,모아진 홍보 영상 크리에이티브 공모전,,,,상장 수여,"모아진 홍보 영상 크리에이티브 공모전 ""영상 한 편으로 상금 700만 원의 주인공이 된다면? 총 상금 1,500만 원! 역대급 규모의 모아진 공모전이 시작됩니다! 지식 플랫폼 모아진을 가장 잘 아는 여러분의 인사이트를 영상에 담아주세요. 전문가 심사는 물론, 오직 '조회수'로만 결정되는 특별상까지! 기회는 누구에게나 열려 있습니다. ■ 공모 주제 - 가장 지적인 콘텐츠 플랫폼으로서의 '모아진'을 위트 있게 소개하며, 내 삶에 '모아진'이 꼭 필요한 이유 - (필수) 영상 내 모아진 회원가입을 유도하는 내용 포함 - 재미 + 바이럴 요소가 포함된 영상 환영! ■ 참가 자격 - 내 삶에 '모아진'이 꼭 필요한 이유의 영상 콘텐츠를 제작하고 싶은 사람(개인 또는 4인 이하 팀) ■ 일정 체크 - 접수 기간: 2026. 03. 27(금) ~ 2026. 05. 03(일) - 결과 발표(주최사 일정에 따라 변동될 수 있습니다.) * 본상: 2026. 05. 15(금) * 특별 시상: 2026. 06. 04(목) * 특별 시상 조회수 집계: 2026. 06. 01(월) 16:59 ■ 참가 자격 - 내 삶에 '모아진'이 꼭 필요한 이유의 영상 콘텐츠를 제작하고 싶은 사람(개인 또는 4인 이하 팀) - 모아진을 충분히 이용해 보고 참여해 주세요.(신규 가입 시 1개월 무료 체험 가능해요.) - 만 19세 이상 성인 - 영상 제작 및 AI와 신기술에 관심 있는 대한민국 국민 누구나(ChatGPT, Gemini, Runway, KlingAI, Midjourney 등 AI 툴 활용 가능) ■ 참여 방법 1. 제작한 영상 콘텐츠를 개인 SNS에 업로드(유튜브 쇼츠 또는 인스타그램 릴스) 2. 모아진 공식 계정 태그와 게시물에 해시태그 달기 - 인스타그램 @moazine_insight / 유튜브 @moazine - 필수 해시태그: #2026모아진영상공모전 #모아진 #잡지식 3. 구글 폼에 접속해서 공모전 접수하기(링크) ■ 출품 규격 - 형식: 숏폼 세로형 영상 (9:16 비율, 1080x1920px 이상) - 분량: 15초 이상 3분 이내 - 수량: 제한 없음 - 파일 형식: MP4 ■ 시상 안내 (총 29팀 선정) - 본상+특별시상 중복 수상 시 최대 700만 원! 1. 본상 - 크리에이티브 부문(23팀) * 대상 (1팀) : 500만 원 * 최우수상 (2팀) : 각 100만 원 * 우수상 (10팀) : 각 25만 원 * 장려상 (10팀) : 모아진 3개월 구독권 2. 특별시상 - 바이럴 마스터 부문(6팀) * 바이럴 마스터상 (3팀) : 각 200만 원 * 바이럴 노력상 (3팀) : 모아진 3개월 구독권 ※ 특별 시상은 본상 수상작 대상으로 심사해요. ※ 단일 영상을 기준으로 2026. 06. 01(월) 16:59까지의 총 조회수로 심사하여, 빨리 업로드할수록 유리해요! ■ 추가 혜택 - 우수 크리에이터에게는 모아진 공식 서포터즈/앰배서더 활동 기회를 제안드립니다! - 모아진 홈 하단 이벤트 페이지에서 상세 요강을 확인하세요!"
311433,국제청년센터,유학생 멘토링 프로그램 한국인 멘토 봉사자 모집,,,멘토링/수업 진행 경험 | 외국어 | 리더십 | 휴학 중/시간 투자 가능 | 타 대외활동 경험 | 행사 기획 경험,수료증 및 인증서 | 봉사활동시간,"﻿ 안 녕하세요. 국제청년센터입 니다. 외국인 유학생의 한국 생활 적응을 돕는 *유학생 멘토링 프로그램*의 한국인 멘토 봉사자를 모집합니다. 📌 모집대상: ·다양한 국적의 유학생들과 소통하고 친분을 쌓는 것에 관심이 많은 분 ·국제 교류 및 NGO활동에 관심이 많은 분 ·프로그램에 적극적으로 참여하며 책임감 있게 활동을 이끌어갈 분 📌 활동내용: ·1:1또는 N:N 멘토링을 통해 유학생의 한국 생활에 대한 어려움 해결 멘토-멘티 매칭 후 협의를 통해 세부 활동 기획 (언어 및 문화교류 등) 📌 활동기간: 3/28~4/30 지원자 모집 5/1-5/2 합격 및 매칭 결과 안내 5/3(일) 오리엔테이션 5/4~7/6 멘토링 활동 📌 지원방법: QR코드 또는 링크를 통해 지원 구글폼 제출 https://forms.gle/HUWXbMHADoLNGzvCA 📌 참여자 혜택: 수료증발급- 전체 활동 중 80%이상 참여 필요, 주차별 활동 보고서 제출 필요 1365 봉사시간 인정 유학생들과의 글로벌 네트워크 구축 기회 국제청년센터와 함께하는 가치 있는 NGO활동 경력 📌 문의: 카카오톡 1:1 오픈채팅방, 국제청년센터 홈페이지 홈페이지: https://forms.gle/vAzvTw9VwHMtiwNX8 ﻿"
311432,두둥탁,밴드 동아리 두둥탁 세션 추가모집,,,,,"🎸 밴드 동아리 두둥탁 세션 추가모집 🎤 안녕하세요! 밴드 동아리 두둥탁에서 함께할 추가 멤버를 모집합니다 :) 현재 드럼 / 보컬은 있는 상태라, 그 외 파트(기타, 베이스, 키보드, 서브보컬 등)를 모집하고 있어요! ※학번 무관 ※상시 모집(충원 시 마감) ※두둥탁은 대학생에 의해 자치적으로 운영되는 동아리로 정치, 종교, 시민 단체와는 무관함을 알립니다. ▷밴드 해보고 싶은데 너무 빡센 건 부담스러운 분 ▷실력보다 꾸준히 참여 가능한 분 ▷음악 같이 즐기면서 맞춰가는 거 좋아하는 분 ▷전공 아니어도 전혀 상관 없습니다 ▷악보 못 봐도 괜찮아요 ▷기본적인 음 자리 정도만 알면 충분합니다 ✔️ 활동 방식 - 합정 / 홍대 / 사당 / 신촌 합주실 이용 - 매달 2회 합주 (금,토,일 중 2시간) - 공연 위주보다는, 한두 곡 완성하는 프로젝트 팀 형식으로 진행 - 2026년 8월 (여름방학)까지 활동합니다. ✔️ 회비는 없습니다(활동 때 발생하는 비용 1/N) 📩 지원 방법 https://forms.gle/wbCHwuCfPbhBkbMz8 ※합격자에게는 개별 연락 갈 예정입니다. 🥁지난활동 https://padlet.com/subin222/padlet-6t0snh98del3vjsc 💬 문의 총무 김수빈 010-5712-7410 *댓글 확인이 실시간으로 어려워 궁금하신 점은 카톡으로 문의주시면 답변드리겠습니다 가볍게 시작해서 같이 곡 완성해보고 싶은 분들 환영합니다 🙌 부담 없이 지원해주세요!"
311431,i-land,E가 되고 싶은 I들의 모임 : i-Land 동아리 2기 모집,,,,,"☀️i-Land 동아리 2기 모집☀️ 안녕하세요! i성향들이 모였을때 가끔은 E와 같은 성향처럼 시간을 보내보고싶다! 하여 만들어지게 된 동아리입니다:) 🐹모집대상(정원 10명 내외) - i성향 이신분들!(E성향도 환영) - E같은 i이신분 i같지만 E이신분 - i분들과 같이 성향타파하며 즐기실분~! - 같이 모임통해서 추억을 만들어가실분!🧙‍♀️ - 사람 많은건 기빨려… 소규모 만남 좋아하시는 분들! 🐹이런 분들은 뒤로가기~! - 동아리 활동 목적 외에 지원하시는 분들! (다단계, 종교, 등의 목적으로 들어오시는 분들은 안받습니다) - 동아리 활동기간내에 연락없으신 분들! 활동 가능하실때 지원 부탁드립니다~! - 즐겁게 놀기위해 만든 동아리입니다:) i와 E성향에 대한 오해를 만들 생각은 없습니다ㅎㅎ 🐹활동내용 - 2주에 한번 모여서 활동!(달에 2회) - 롯데월드, 볼꾸, 베이킹 등 에너지있는 활동(달 1회) - 책읽기, 만화카페가기, 멍때리기 등 힐링활동!(달 1회) - 돌아가면서 하고싶은 활동 정하기 🐹2기 활동기간 - 3월 ~ 8월 (상반기 상시모집) 🐹활동장소 - 서울 홍대, 신촌, 합정 등 모이기 편한 곳(조율가능!) - i들인 당신이 원하는 그 장소! 🐹활동내역 https://padlet.com/haruharu11/island1111 🐹지원서 제출링크 https://forms.gle/VhmpL2fcB4YALPJC7"
311430,멜로디 라운지 노래 음악감상 동아리,[노래 & 음악감상 동아리] 멜로디 라운지 2026 신입 부원 모집,,,,,"[노래 & 음악감상 동아리] 🎵멜로디 라운지🎵 2026 신입 부원 모집 마음껏 노래하고, 취향 저격 음악 공유할 '멜로디 라운지'의 신규 부원을 모집합니다. 🎵모집대상 나는.. 사실 음치, 박치지만... 뮤직 이즈 마이 라이프!' 외치고 다닌다 막귀라도 괜찮아! 다양한 음악, 같이 '제대로' 즐겨보고 싶다 이왕 듣는 거, 쫌 더 깊게! 음악에 대한 '찐-지식'도 얻고 싶다 🎵운영진 소개 서강대 영문학부 이민영, 예중예고 입시경험 연세대 작곡과 정선아, 합정에 연습실 있음 숙명여대 미디어학부 김유진, K-POP 덕후 원한다면, 음대생 운영진이 음악 감상법이나 노래 잘 부르는 테크닉도 알려드려요! 🎵활동 내용 - 매주 목요일/토요일 정기모임 - 좋아하는 플리 공유, - 코노 or 연습실에서 노래 연습 - 테마가 있는 음악감상 활동 예정 : 올드팝&재즈, 클래식, 오페라, OST, 뮤지컬, 최신 팝/힙합, 인디/언더 등 - LP바, 재즈바, 리스닝스튜디오 투어, 음반 쇼핑 - 라이브를 즐기고 싶을 때는 음악회, 콘서트 가기 - 정기모임 외에도 번개 많이 열고 같이 놀아요! 🎵모집 및 활동 일정 모집 기간: 26년 3월 모집 인원: 15명 이내(결원 발생시 상시로 추가 모집합니다!) 면접 및 합격 발표: 개별적으로 연락드리겠습니다! 🎵지원서 링크 : https://the-form.io/s/wLGC ⚠️ '멜로디 라운지'는 순수하게 노래, 음악을 즐기기 위한 목적의 동아리로 혹시라도 포교, 다단계 등 불건전한 행위가 발견될 경우 운영진이 개입하여 어떠한 잡음도 발생하지 않도록 할 것입니다!"
311429,아임파인땡큐 영어회화 5기,영어회화 동아리 [아임파인땡큐] 5기 멤버 모집,,,,,"—“아임파인땡큐 앤유..?” 밖에 몰라도 오케이! 영어 입떼기 프로젝트🔥 📍 아임파인땡큐(아파땡) 소개 🤔 영어 울렁증 탈출하고 싶나요? 🤝 외국인과도 편하게 말하고 싶나요? 🎉 즐겁게 놀면서 영어 자신감도 키우고 싶나요? 아임파인땡큐(아파땡)는 ‘영어회화 + 친목 + 글로벌 문화교류’를 통해서 영어가 좀더 편해지고 자연스럽게 입이 트일 수 있는 동아리 입니다! 🍍 운영진 회장 : 이민정 / 한국외대 정치외교학과 중고등학교 영어강사로 2년째 일하고 있고 수능, 토익 등 시험을 위한 영어만 접해오다가 교환학생을 다녀온 계기로 원어민 친구들을 사귀게 되면서 회화를 시작하게 되었습니다! 한국에서도 함께 영어회화 공부도 하고, 외국인 친구도 만들고 어울리면서 즐겁게 영어를 익히고 싶어서 학원에서 일하며 알게 된 몇 명의 친구들과 함께 만든 동아리 입니다ㅎㅎ 🍍 활동내용 -콘텐츠 영어회화 연습 및 자유대화(초급/중급 레벨 나누어 진행) 일상·취미·영화·여행 등 가벼운 주제로 스몰토크 → 토픽토크 확장 영화/드라마 픽해서 간단한 쉐도잉, 짧은 대화 스크립트 연습, 상황별 롤플레이 매달 공유주방을 대여해서 문화데이로 각국 문화를 나눌 수 있는 활동도 진행 -시간 정기모임은 매주 1회 수요일 12시 or 19시에 진행 예정(월 2회 이상은 참여해주세요!) 그 외 다양한 번개모임은 자율 참석 매달 마지막주 토요일 18시 공유주방에서 각국 문화콘텐츠를 즐길 수 있는 활동(필참x) -장소 모임은 주로 홍대 / 이태원에서 진행됩니다. -회비 입회비 10,000원 (내역은 투명하게 공유됩니다.) 🍍 모집 안내 및 절차 대상: 대학교 재,휴학생 월 2회 이상 참여가 어려울 시 가입이 어렵습니다. 지원 링크 👉 https://the-form.io/s/xGWf 3~4일 내로 순차적으로 연락드릴 예정입니다. 🍍아임파인땡큐 노션페이지 https://ossified-lantern-ed5.notion.site/30ea2bc8abd98097846cc819cd5c33b5 ❓ Q&A 1. 영어회화 초보도 괜찮을까요?? 네, 완전 가능합니다! 초급/중급으로 나누어 진행하고, 초보도 부담 없이 말문을 트도록 도와드려요. 2. 혼자가도 괜찮나요? 완전 괜찮아요 95퍼 이상이 혼자 오십니다! 3. 필수 참여 요일/횟수가 있나요? 특정 요일 고정은 없고, 월 2회 이상 자율적으로 참여하시면 됩니다! 4. 종교나 사이비 관련된 건 아니죠? 저희 동아리는 어느 종교나 사이비와 연관되어 있지 않으며 사이비 적발즉시 퇴장 조치합니다. ❗️본 동아리는 대학생 자치 운영이며 정치·시민단체와 무관합니다."
311428,NEXT 배드민턴 3기,배드민턴 동아리 NEXT 3기 신입부원 추가 모집,,,,,"안녕하세요! 배드민턴 동아리 NEXT입니다. NEXT는 매 샷과 매 랠리가 다음으로 이어지는 배드민턴의 흐름을 담은 동아리입니다. 한 번 치고 끝나는 활동이 아니라, 경기의 흐름처럼 동아리 활동도 자연스럽게 이어지기를 담고 있습니다! 🏸모집대상 - 배드민턴을 치며 건강을 챙기고 싶은 분 - 새로운 사람들과 함께 즐겁게 운동하고 싶은 분 - 배드민턴 실력 향상을 목표로 하는 분 🏸운영진 소개 및 모집인원 홍대, 백석예대, 강서대 재학중인 총 3명의 운영진으로 구성되어있습니다. (본 동아리는 총 3명의 대학생운영진에 의해 자치적으로 운영되며, 정치, 종교, 시민단체와는 전혀 관련이 없음을 밝힙니다.) 기존 멤버들이 빠지면서 신규 회원을 모으고자 10-15명을 추가 선발하여 운영 예정입니다. 기존멤버 17명, 신규멤버 10명-15명 대학교 재학생, 휴학생 모두 가능합니다. 🏸지원결과 일주일 이내로 개별 연락드립니다. 🏸운동장소 - 용왕산실내배드민턴장 (양천구) - 구로누리배드민턴장 (구로구) - 오류고가배드민턴장 (구로구) - 미성체육관 (관악구) 🏸운영방식 매주 금요일 정기모임 실력에 따라 초급/중급/고급으로 나눠서 활동 예정 매월 말, 스포츠 우승자에게 소정의 상품 지급 ! 🏸활동비 배드민턴장 대관비 1/N 🏸지원방법 지원서 제출 링크: https://the-form.io/s/IdiS ▪️자주하는 질문 Q. 배드민턴을 잘 못쳐서 걱정돼요. A: 실력에 따라 조를 나눠서 활동하기 때문에 걱정 안하셔도 됩니다! Q : 1기가 아닌데 기존 회원들이랑도 잘 어울려 적응할 수 있을 지가 걱정돼요. A : 기존 회원과 신입 회원이 잘 섞일 수 있도록 운영단이 직접 초기 활동부터 함께하며 적응을 도와드립니다. Q : 저는 혼자 지원했는데, 친구끼리 많이 들어오나요? A: 대부분이 혼자 동아리에 지원하셔서 들어오십니다. Q. 활동 참여가 필수인가요? A: 격주로 활동하고 있으며, 무리한 참여를 요구하지 않습니다. Q. 장비가 없어도 지원 가능한가요? A: 기본 장비가 없어도 참여 가능하며, 초기 활동 시 안내해드립니다."
311425,주식회사 더파운더즈,[더파운더즈] 품질팀 QC 파트 리더,EXPERIENCED,,,,#품질관리 #QC #품질보증 #품질전략 #품질리더 #품질팀장 #화장품QC #화장품품질 #책임판매관리자 #CGMP #품질시스템 #품질프로세스 #SOP관리 #품질지표 #KPI관리 #데이터기반 #품질데이터 #불량관리 #VOC분석 #CAPA #품질개선 #리스크관리 #리콜대응 #협력사관리 #공급사관리 #Audit #물류품질 #입출고품질 #SKU관리 #조직운영 #팀리딩 #리더십
311424,에이티커니코리아 ,[Kearney Korea] RA(인턴) 모집 공고(AI),INTERN,,,,"﻿ kearney Korea Research Analyst (Intern) 모집 공고 글로벌 경영 전략 컨설팅펌 Kearney Korea에서 Research Analyst를 모집합니다. 당사는 국내 최대 규모의 전략 컨설팅 회사로 세계적 수준의 전략, 운영 및 테크놀로지 Consulting Service를 제공하고 있습니다. * 포지션: Research Analyst (Intern) * 모집인원: 0명 * 근무기간: ASAP~6월 12일 (연장 가능) (* 파일명에 본인 근무 가능일자 기재 바랍니다.) * 근무지: 강남 ■ 필수사항 - Python 및 SQL 활용 능력 - LLM API 또는 오픈소스 모델 활용 프로젝트 경험 - 논리적 사고 기반의 문제 해결 및 원활한 커뮤니케이션 역량 - 새로운 기술을 빠르게 습득하고 실무에 적용하는 학습 능력 - 풀타임 근무 가능자 (졸업생 또는 재/휴학생) ■ 우대사항 (우대사항에 해당하는 경우, Mail body에 기재 바랍니다.) - AI 에이전트 설계 및 고도화 경험 (LangGraph, MCP 등) - AI 서비스 기획/운영 또는 프로젝트 매니징(PM) 경험 - Python 웹프레임워크(FastAPI, Streamlit) 활용 프로토타이핑 경험 - 데이터베이스(BigQuery, VectorDB 등) 설계 및 활용 경험 ■ 주요업무 - LLM 기반 프롬프트 엔지니어링 및 성능 평가 파이프라인 구축 - Text2SQL 및 RAG를 활용한 데이터 분석 에이전트 설계/실험 - AI 기반 자동 리포트 생성 프로세스 개발 및 결과 시각화 - 최신 AI 기술/시장 트렌드 리서치 및 분석 인사이트 도출 - 프로젝트 기술 스택 검토 및 분석 보조 * 기타사항 - 남자의 경우, 병역 필 또는 면제자 등 - 외국 국적자의 경우, 취업 가능 비자 소지한 자 * 채용절차: 서류 전형 및 인터뷰 진행 * 제출서류 및 방법: 영문 resume (PDF only)를 seoul.recruiting@kearney.com 로 송부 - 이메일 제목&파일명: “RA_AI_홍길동(본인이름)_mm.dd~mm.dd(근무가능기간)” * 제출기한: ASAP, 채용 시 마감 * 홈페이지: www.kearney.co.kr - 문의사항은 이메일(seoul.recruiting@kearney.com)로 주시기 바랍니다. - 허위사실이 발견될 경우 채용이 취소될 수 있습니다. ﻿"
311423,삼성생명,2026년 금융권 취업자를 위한 금융권 대외활동 삼성금융아카데미,,,멘토링/수업 진행 경험 | 휴학 중/시간 투자 가능 | 타 대외활동 경험,실무 교육 | 수료증 및 인증서,"[삼성생명 금융아카데미 모집] 삼성 금융아카데미는 대한민국 최고의 기업 삼성생명에서 주관하는 대외활동입니다. 짧은 기간 내 진행되는 대외활동으로 금융권 취업을 앞둔 대학생들의 희망찬 비전을 위해 다양한 지식과 경험의 장을 만들어 드립니다. 삼성 금융아카데미 과정을 통해 당신의 가능성을 발견하세요. [모집일정] - 접수마감 : ~2026년 4월 17일(금) 16시 - 교육기간 : 2026년 4월20일(월) ~ 4월 24일(금) - 교육시간 : 13:00 ~ 17:00 - 교육장소 : 서울 강남구 테헤란로 424(대치타워) [모집대상] - 3학년 이상(3,4학년) 재학생 · 휴학생 - 금융권 취업을 꿈꾸는 졸업생· 취준생 - 전문대의 경우 2학년 이상 [지원방법] https://samsunglife-sfp.com/jobs/RC20250523018303 <추천인 : 대외활동> *추천인 꼭 입력하셔야 지원가능합니다. [우대사항] - 금융에 대해 열정이 있는 사람 - 매사에 열정적인 사람 - 금융권 취업을 준비하는 사람 [활동혜택] - 정식 프로그램 이수 ""수료증"" 발급 - 다양한 실무경험 및 현직자 1:1 멘토링 시스템 경험 - 정식 기업 자소서 Story Making - 금융권 지원자들과 인적네트워크 형성 - 금융권 취업에 대한 Vision Up - 채용 시 가산점 [교육내용] - 삼성의 이론&실무 교육, 조직문화 경험 - 거시경제 / 금융트렌드 / 금융상품의 이해 - 금융 비전공자도 재무설계 및 투자지식 함양 - 재무 포트폴리오 제작 실습 - Speech & PT Skill - 주식, 채권, 부동산 등 자산배분 방법 - 2026 경제 흐름 읽기"
311421,서울청년센터 광진,[자발적 모임 지원 사업] 진구친구 참여자 모집,,,,,"[자발적 모임 지원 사업] 진구친구 참여자 모집 ​ 안녕하세요, 서울청년센터 광진입니다. ​ 서울청년센터 광진에서는 청년 커뮤니티 활성화 및 자유로운 활동 기회를 보장하기 위해 2026년 자발적 모임 지원 사업 <진구친구> 를 시행합니다. ​ 다양한 주제로 활동 중인 서울시 청년 커뮤니티의 많은 참여 바랍니다! 🟡 모집기간 : 2026. 3. 24.(화) ~ 4. 6.(월) ​ 🟡 모집규모 : 10팀 ​ 🟡 모집유형 1) 사회참여모델(S) - 광진구 지역사회 문제 해결 혹은 지역 활성화를 위한 활동을 진행하는 커뮤니티 2) 자기계발모델(G) - 구성원의 성장 및 도전을 위한 커뮤니티 3) 자유주제모델(J) - 공통의 관심사를 매개로 진행되는 커뮤니티 ​ 🟡 사업대상 : 서울 거주 혹은 생활권인 19~39세 청년 6인 이상으로 구성된 커뮤니티 ※ 단, 의무복무 제대군인인 경우 복무기간 고려하여 최대 3년 이내 연령 상한 연장 적용 ​ 🟡 지원내용 1) 커뮤니티 활동 지원비 1,000,000원 2) 커뮤니티 활동 공간 대관(광진 회의실, 촬영소 및 지역 내 공간) 3) 커뮤니티 활동 관련 자원 연계 (기관/단체 및 전문가) 4) 타 커뮤니티와 네트워킹 프로그램 (OT, 연합모임, 결과공유회 등) 5) 격월 커뮤니티 리더 간담회 및 교육 프로그램 6) 커뮤니티 홍보를 위한 콘텐츠 업로드 지원 (서울청년센터 광진 블로그, 인스타그램, 오프라인 게시판) ​ 🟡 지원방법 - 지원서 양식 다운로드 및 작성하여 casper@syc.seoul.kr 로 제출 (오프라인 접수 불가) - 메일 제목 : 2026 년 진구친구 지원서_팀명_대표자 ​ 🟡 문의 서울청년센터 광진 Tel) 02-3409-3890, 010-3106-3890 E-mail) casper@syc.seoul.kr"
311420,비웰코리아,[일본기업] 커리어 교육·상담 담당자 모집 #일본어 우대,INTERN,,,,"﻿ ☑️ 포지션 【일본취업 교육 담당】 🟢 업무내용 ・한국 내 일본 취업을 희망하는 학생 및 구직자를 대상으로 한 상담 업무 ・일본 취업 관련 설명회 ・교육 행사 운영 및 진행 보조 ・학생의 취업 준비 전반에 대한 서포트 업무 🟢 자격요건 (필수) ・일본어 비즈니스 레벨(JLPT N1/N2 레벨) ・일본 기업 또는 일본계 기업 취업 준비 경험이 있으신 분 ・내부 커뮤니케이션이 원활한 자 ・개인 노트북을 지참하고 계신 분 ※日本人の方は勤務に問題ないVISAをお持ちの方／韓国語ビジネスレベル／韓国在住 🟢 인재상 ・상대방의 이야기를 잘 경청하고, 상황에 맞는 조언을 할 수 있는 분 ・누군가의 도전과 성장을 돕는 서포트 역할에 보람을 느끼는 분 ・책임감을 가지고 성실하게 업무에 임할 수 있는 분 🟢 우대사항 ・일본 기업/일본계 기업 근무 경력이 있으신 분 ※일본 기업 취업 내정자 환영! ・교육 및 강의 경험이 있으신 분 ・직업상담사 자격증을 소지하고 계신 분 ﻿ ▶인턴 월급 230만 원 (1일 6시간 근무 기준 / 주 5일) ﻿ ﻿ ⏰ 근무시간 ▶시프트 제도 (12:00-18:00) ▶월요일 / 목요일 휴무 * 이벤트에 따라 근무시간 변경의 가능성이 있습니다. 📍 근무지 (서울)일본취업카페 KOREC *원격 근무 불가 ﻿ ﻿"
311419,서울청년센터 광진,[자발적 모임 지원 사업]  진구친구 사전 설명회 참여자 모집,,,,,"[자발적 모임 지원 사업] 진구친구 사전 설명회 참여자 모집 ​ 안녕하세요. 서울청년센터 광진입니다. 2026년 자발적 모임 지원 사업인 <진구친구>가 모집 중에 있습니다. ​ ☑️ 자발적 모임 지원 사업 <진구친구>가 낯선 청년! ☑️ 자발적 모임 지원 사업 <진구친구> 운영 꿀팁이 궁금한 청년! ☑️ 서울청년센터 광진 프로그램이 궁금한 청년! ​ 누구나 참여해서 자발적 모임 지원 사업 운영에 대해 이야기 나누고 인사이트를 얻을 수 있는 사업 설명회가 4/3(금) 19시에 진행됩니다 🙂 ​ 자발적 모임 지원 사업 <진구친구> 운영에 관심 있는 분들의 많은 참여 바랍니다~! ​ 🎁 자발적 모임 지원 사업 <진구친구> 설명회 사전 등록하고 선물 받아가세요! 🎁 [사전 설명회 일정 및 사전 등록 안내] 🟣 일 시 : 2026. 4. 3.(금) 19:00 ~ 20:30 🟣 장 소 : 서울청년센터 광진 2층 '어서오소' (서울특별시 광진구 능동로 245) 🟣 대 상 : <진구친구> 사업에 관심 있는 누구나! 🟣 사전등록기간 : 2026. 3. 26.(목) ~ 2026. 4. 2.(목) 12:00 🟣 사전등록방법 : 카드뉴스 내 QR코드 스캔 혹은 하단 첨부 링크 접속 후 신청서 작성 2026년 <진구친구> 설명회 사전 등록 서울청년센터 광진 자발적 모임 지원 사업인 <진구친구> 설명회 사전 등록 페이지입니다. 설명회 일시 : 2026년 4월 3일(금) 19:00 ~ 20:30 설명회 장소 : 서울청년센터 광진 어서오소(서울특별시 광진구 능동로 245, 2층) 기타 문의 : 서울청년센터 광진(02-3409-3890), 평일 10:00 ~ 18:00 docs.google.com 사전 신청해 주신 분들께는 4월 2일 목요일 오후 따로 연락을 드릴 예정입니다 :) 사전 설명회는 선착순 마감이 아닌 사전 등록해 주신 모든 분들이 참석 가능합니다."
311418,대홍기획,대홍기획 디지털 전략 AE 인턴,INTERN,,,,"■ 회사명 - 대홍기획 ■ 채용 포지션 - 디지털 전략 AE 인턴 ( 정규직 전환이 아닌 체험형 ) ■ 업무 내용 - 소셜 채널 모니터링 - 소셜 채널 데이터 수집 및 관리 - 소셜 채널 운영 성과 리포트 작성 ■ 근무기간 및 지원조건 - 2026 년 4 월부터 출근 가능하신 분 (26 년 12 월까지 근무 가능자 / 1 개월 추가 연장 가능 ) ■ 우대 사항 - PPT 및 Microsoft 문서 작성 능숙자 - 인스타그램 / 블로그 채널 운영 경험자 - 디지털 트렌드 인사이트 도출 가능하신 분 - 소셜 캠페인 , 디지털 트렌드에 관심 많으신 분 ( 유튜브 , SNS 등 ) ■ 제출 서류 - 이력서 , 자기소개서 , 포트폴리오 ■ 지원 및 마감 기한 - 3/27( 금 ) ~ 3/31( 화 ) * 채용 시 마감 * 조기 마감될 수 있으니 빠른 시일 내에 지원 바랍니다 . ■ 복지제도 - 대홍기획 내규에 따름 ■ 문의 및 접수 - 이메일 접수 : jiyeonjeon@lotte.net 으로 메일 접수"
311417,[연합 코딩 동아리] STACK 3기,[연합 코딩 동아리] STACK 3기 신입부원 모집,,,,,"[연합 코딩 동아리] STACK 3기 신입부원 모집 🧱 ""Hello, World!"" 코딩, 혼자 시작하려니 막막하고 어디서부터 손대야 할지 고민되지 않나요? 데이터 구조인 Stack처럼, 기초부터 차근차근 지식과 경험을 쌓아 올릴 [STACK]에서 3기 부원을 모집합니다! 저희는 스펙이나 실력보다는 '함께 성장하려는 의지'를 가장 중요하게 생각해요. 전공자든 비전공자든, 코딩에 관심만 있다면 누구든 환영합니다. 함께 밑바닥부터 탄탄하게 실력을 쌓아봐요! 💻 이런 활동들을 해요 관심 있는 분야를 선택해서 주 1회 대면 스터디를 진행합니다. (투표로 시간/날짜 조정) 1. 코딩 기초반: 파이썬, C언어, 자바 등 언어 기초 (코린이 탈출!) 2. 알고리즘: 코딩 테스트 대비 및 문제 풀이 3. 데이터 분석: 실전 데이터 다루기 4. 인공지능: AI 기초 이론 및 활용 ➕ 스터디뿐만 아니라 내부 교육 자료와 강의도 자유롭게 이용할 수 있어요! 📅 모집 및 활동 일정 • 모집 기간: ~ 4.3(금) 까지 • 활동 기간: 4.11(토) ~ 6.30(화) • 중간/기말고사 기간에는 앞뒤로 2주간 휴식합니다! (시험 공부 집중 가능) • 모집 절차: 구글 폼 지원 > 1차 발표 > 면접(비대면) > 최종 합격 • 면접은 코딩 지식보다 성실함과 협업 태도를 중심으로 편하게 진행됩니다. 📍 장소 및 회비 • 장소: 강남, 신촌, 합정 등 서울 내 접근성 좋은 스터디룸 • 회비: 없음(스터디룸 대여 시 비용 1/N) ❓ 자주 묻는 질문 (FAQ) Q. 코딩 아예 모르는 비전공자도 가능한가요? 당연하죠! 기초반이 따로 운영되고 있어서 처음 시작하시는 분들이 더 많습니다. Q. 혼자 지원해도 괜찮을까요? 네, 대부분 혼자 지원하세요. OT와 네트워킹 시간을 통해 금방 친해질 수 있으니 걱정 마세요! Q. 면접이 무서워요. 기술 면접이 아닙니다! ""얼마나 성실하게 참여할 수 있는지""를 여쭤보는 자리이니 부담 없이 오시면 됩니다. ⚠️ 주의사항 및 필독 • 본 동아리는 대학생들이 자발적으로 운영하는 자치 모임으로, 정치, 종교, 특정 단체와는 전혀 무관합니다. (포교 활동 적발 시 즉시 제명) • 스터디 참여는 약속입니다! 부득이한 사정으로 불참 시에는 미리 운영진에게 알려주시는 매너를 부탁드려요. 🔗 지원 및 문의 • 지원 링크: [ https://forms.gle/rePgnp7TU9eZW6Q58 ] • 활동 상세 보기 : [ https://treealgorithm.notion.site/STACK-HOMEPAGE-b9d3eb454ce9823784840142eab11ef1?pvs=73 ] • 오픈채팅 문의: [ https://open.kakao.com/o/spb4Rcni ] 여러분의 소중한 첫 커밋을 STACK에서 시작해 보세요! 많은 지원 기다릴게요! 👋"
311416,한국생산성본부(kpc),[서울투자진흥재단] 전략기획/사무행정 인턴 모집 (미래내일 일경험),INTERN,,,,"[서울투자진흥재단] 전략기획/사무행정 인턴 모집 (미래내일 일경험) 접수 기간 2026-03-24 ~ 2026-03-29 모집부문 및 상세내용 전략 기획/사무 행정(3명) 채용 형태 - 인턴 3개월 지원방식 고용노동부 미래내일 일경험 인턴형 프로그램을 통해 서울투자진흥재단에서 인턴을 모집합니다. 인턴 경험에 관심있는 분들은 많은 관심 바랍니다. * 모집기간: ~2026.03.29 23시 59분 * 사전직무교육: 2026.04.09~04.10 * 일경험 기간: 2026.04.13 ~ 2026.07.05 * 일경험 시간: 09:00-15:00 * 급여: 4주기준으로 지급 예정 / 150만원 * 신청방법: 청년 일경험 포털에서 신청 (회원가입 필수) ** 신청링크: https://yw.work24.go.kr/d/a/selectWkexPrgmList.do 담당업무 1. 투자유치팀 - 글로벌투자자 네트워크 관리 및 서울기업 온오프라인 매칭 밋업 지원 2. 기업유치팀 - 해외 기업 유치 및 FDI(외투) 사업 지원 3. 투자기반팀 - 서울국제금융오피스(Seoul Financial Hub) 운영 지원 자격요건 최종학력 : 대학교 졸업이상 전공 : 경영대학(경영학과, 경제학과, 국제통상학과 등), 사회과학대학(사회언론정보학부, 광고홍보학과 등), 문과대학(영어영문 등) 등 O/A(요구역량) : 한글(워드), Excel, 파워포인트, 기타(망고보드, 미리캔버스 등 디자인 툴 사용 능숙) 외국어 : 영어 우대사항 : 공공기관, 기업 등 인턴 경험 유경험자 자격요건 학력 대학졸업(4년) 이상 근무조건 급여 월급 150만원 ~ 150만원 근무시간 주 5일(월~금) 09:00 ~ 15:00 근무지역 서울 종로구 종로 38 서울투자진흥재단 서울 영등포구 국제금융로 10 국제금융오피스 전형 절차 Step1 서류전형 Step2 면접 전형 Step2 최종합격 지원 기간 및 방법 접수기간 2026-03-24 ~ 2026-03-29 접수방법 홈페이지 지원 유의사항 허위 사실이 발견될 경우 채용이 취소될 수 있습니다."
311415,사진 산책,사진 동아리 사진산책 모집,,,,,"사진동아리 📸 사진 동아리 사진산책 모집 출사 · 멘토링 · 분기별 성수 사진전 사진산책은 사진을 좋아하는 사람들이 함께 걷고 찍는 모임입니다. 출사와 멘토링을 통해 사진을 기록으로 쌓아가고, 3개월마다 성수에서 사진전으로 그 시간을 남깁니다. 활동 안내 * 월 회비 : 5만원 * 활동 횟수 : 월 3~4회 * 정기 출사 (서울 중심 / 성수·강남·도심 위주) * 촬영 & 보정 관련 멘토링 진행 * 사진 공유 및 피드백 * 3개월마다 분기별 사진전 개최 * 성수에 위치한 갤러리와 콜라보 진행중 이런 분들께 추천해요 * 사진을 취미 이상으로 이어가고 싶은 분 * 출사 + 피드백 + 결과물이 필요한 분 * 보정이 늘 막막했던 분 * ‘사진전 경험’을 한 번쯤 해보고 싶었던 분 * 대학생부터 직장인까지, 사진을 좋아하는 누구나 이 동아리의 특징 ✔ 스마트폰 / 카메라 기종 무관 ✔ 초보~중급자 모두 가능 ✔ 사진 촬영 부터 보정 강의 까지 ✔ 함께 찍고, 같이 성장하는 구조 ⭕ 사진을 배우는 시간이 아니라, 사진으로 시간을 쌓는 과정입니다. 그리고 그 결과를 3개월마다 성수에서 전시로 남깁니다. 사진 좋아하시면, 같이 걸어봐요. 📍 모집 기간 : 03월 27일 ~ 04월 07일 📩 참여 문의 : https://forms.gle/LBdjqzcZXy3eWeF19"
311414,이스트소프트,[이스트소프트 KDT] AI 휴먼 Camp 6기,,,,,"[이스트소프트 KDT] AI 휴먼 Camp 6기 💡상세 내용 보러가기 과정소개 - 생성AI 기술을 기반으로 음성 모델(TTS/STT), 대화/LLM, AI 휴먼 제작 실습 중심 과정 - 실제 서비스 사례 및 프로젝트 중심 교육으로 실전 역량 강화 목표 1. Python 프로그래밍 - 상수, 변수, 함수, 제어문, 반복문을 이용한 코드 구현 - 객체지향에 대한 이해 및 객체지향 프로그래밍 - Pandas, Numpy를 이용한 데이터 전처리 - Matplolib, Seaborn 등 도구를 활용한 데이터 시각화 2. 머신러닝과 딥러닝 - 지도-비지도 학습, 머신러닝으로 해결 가능한 예측-분류 문제에 대한 이해 - 간단한 머신러닝 모델 학습을 통해 모델, 학습, 추론 등 개념에 대해 이해 - 인공신경망과 기본적인 딥러닝 모델(RNN, CNN, LSTM 등) 학습 - 딥러닝 모델을 사용한 문제 해결 실습 3. 자연어 및 음성 데이터 활용 및 모델 개발 - 자연어 및 음성 데이터의 특성 파악 - 자연어 및 음성 데이터의 고유한 특성에 맞는 전처리 방식 학습 - 분석을 위한 기초 모델에 대한 이해 - 멀티 모달에 대한 이해 및 활용 - 데이터의 특성에 따른 적절한 음성 모델 검증하기 - 음성 데이터 활용 모델 학습 및 평가하기 4. 음성 데이터 TTS와 STT 음성 모델 개발 - 네트워크 계층별 프로토콜 - IT 네트워크 분석/ 설계 구성 5. 거대 언어 모델을 활용한 자연어 생성 - LLaMA를 활용한 자연어 생성 실습 - Transformer 신경망 아키텍쳐 모델 학습 - 프롬프트 엔지니어링을 통한 답변 형식 최적화 6. (프로젝트) 거대 언어 모델을 활용한 음성 모델 답변 기능 구현하기 - LLaMa를 활용한 응답 생성 모델 구축하기 - 원하는 스타일에 맞게 응답이 나오도록 프롬프트 최적화하기 - 학습시킨 응답 생성 모델의 성능 검증하기 - PERSO Live Chat SDK의 API로 학습시킨 응답 모델 탑재하기 7. Langchain 활용 및 RAG (Retrieval-Augmented Generation) - Langchain 프레임워크 활용법 이해하기 - Langchain을 활용한 데이터베이스 통합 시스템 구축 - RAG(Retrieval-Augmented Generation; 검색 증강 생성) 이해하기 - 외부 데이터 소스 연동 및 RAG 모델을 활용한 프롬프트 최적화 8. (프로젝트) 사전 데이터 기반 음성 모델 답변 커스텀하기 - Langchain 활용 LLM 기반 애플리케이션 오케스트레이션 - 외부 데이터를 동적으로 참조하여 응답 생성하는 RAG 기능 구현 - 사용자 질의에 대해 정확하고 풍부한 맥락을 제공할 수 있는 커스텀 AI 시스템 완성 모집기간 ~ 26.05.18 (선착순 조기 마감) 활동기간 및 교육방식 - 26.05.19 ~ 26.10.16 - 온/오프라인 혼합 (선택 가능) - 평일 9시~18시 8시간 (점심시간 제외) 혜택내역 - 개강 전 온라인 강의를 통한 사전 학습 제공 - 경력 있는 신입으로 만들어주는 인턴십 혜택 제공 - 포트폴리오 작성 지도 - 취업 연계 프로그램 제공 - 수료 후 커리어 코칭 - 이스트소프트CTO의 기술 특강 진행 - 고사양 노트북 무료 지원 - 1400만원 상당 교육비 지원 (자비부담금 최대 50만원 발생) - 훈련 장려금 매월 30만원 제공 (개인별 상이) 모집대상 내일배움카드를 보유하고 있거나 발급 가능하고, 교육 기간에 온전히 참여하실 수 있다면 누구든지 지원 가능. 단, 하루 8시간 동안의 수업에 몰입하여 교육을 받기 어려운 경우 진행 어려움 지원 및 자격요건 관련문의 - 전화 문의 : 02-2135-2931 - E-Mail : kredujam@gmail.com - Kakao문의 : http://pf.kakao.com/_gGggn/chat 접수링크 https://est.oopy.io/human6"
311413,일백무라,"퇴근 후 노래하는 삶 – 일반인 커버 영상 도전, '일백무라' 모집",,,,,"퇴근 후 노래하는 삶 – 일반인 커버 영상 도전, '일백무라' 모집 🎤 일백무라 – 일반인 100% 무보정 라이브! 📢 신청 링크: https://forms.gle/ym64XP6aqijkRvRk9 🎶 ""노래, 그냥 듣기만 할 거야? 직접 불러야 진짜 음악이지!"" 🎶 감성 터지는 ‘진짜 라이브’ 하고 싶다면 여기로 와! 일반인 100% 무보정 라이브, ‘일백무라’에서 당신의 목소리를 증명하세요! 🎶 *일백무라*에서 가창력, 감성, 무대 매너까지 제대로 배울 기회! 🎶 🎶 일백무라 – 이런 곳입니다! ✔️ 실력보다 열정이 먼저! 초보자도 환영! ✔️ 노래 좀 한다? 이제 영상으로 보여줄 차례! ✔️ 혼자 노래 부르면 심심해? 음악 덕후들과 찐친각! ✔️ 목소리만 들어도 전율 오는 보컬 커버 콘텐츠 제작! 🎤 노래 좋아하는 사람들끼리 모여, 함께 배우고 성장하며 찐-한 무대를 만들어 봅시다! 🎤 🎤 1. 보컬 스킬업 – 가창력 레벨업! ✅ 기본 발성부터 감정 전달까지 한 단계씩 성장 ✅ 전문 트레이너의 맞춤형 트레이닝으로 실력 UP! ✅ 노래할 때 숨이 차거나, 음이 흔들리는 사람들 필수! 🎬 2. 3개월 집중 프로젝트 & 보컬 커버 콘텐츠 제작! ✅ 주 1회, 4개월 동안 탄탄한 커리큘럼 진행 ✅ 마지막에는 직접 참여한 커버 영상 제작 ✅ 내 목소리가 담긴 콘텐츠, 이젠 유튜브에도 업로드 ! ✅ 프로젝트 종료 후에도 원하면 추가 활동 가능! 🎶 3. 노래 덕후들의 성지 – 음악으로 만드는 인연 ✅ 혼자서 부르는 노래? 이제 그만! ✅ 같은 음악 취향을 가진 사람들과 찐-한 교류! ✅ 추후 버스킹, 공연, 음반 제작 등 까지 가능! 📍주요 활동 - 월 2회 보컬 레슨(2~4인 그룹/60분~120분 내외) 월 2회 정기 모임(녹음 등 결과물 내는 작업) - 라이브녹음 및 피드백 - 노래 라이브 커버 영상 제작 - 멤버들과의 테스트 녹음 및 감상회 - 매년 정기 버스킹 및 공연 진행 📢 📍 모집 안내 ✅ 모집 대상: 서울 활동 가능한 대학생, 직장인, 일반인 누구나! ✅ 모집 기간: 상시모집 ✅ 활동 장소: - 서울 지점 : 논현동에 위치한 스튜디오! ✅ 활동 일정: 주 1회, 회당 120분 내외 ✅ 활동 기간: 4개월 (이후 추가 활동 가능) 🎁 일백무라에서 얻어가는 것 🎤 실력 업그레이드! – 듣기만 했던 음악, 이제 제대로 부른다! 🎬 찐-한 보컬 커버 영상! – 프로급 퀄리티 로 결과물 남기기! 🎤 버스킹 & 공연 도전! – 원하면 무대 경험까지 GO! 🎶 음악 덕후들과 인연 만들기! – 함께 부르면 더 즐겁다! *커버 영상 참고 https://www.youtube.com/shorts/TlxI7BxTztI 📢 지금 바로 신청하세요! 👉 https://forms.gle/ym64XP6aqijkRvRk9 🎤 ""노래? 이제 그냥 부르는 게 아니라, 제대로 즐겨야지!"" 🔥 일백무라에서 당신의 목소리를 터뜨려 보세요 ! 🎶"
311412,국제청년센터,제22차 여름방학 말레이시아 국제나눔단 단원 모집,,,기타,수료증 및 인증서 | 봉사활동시간,"말레이시아 코타쿠나발루는 세계적으로 알려진 관광 도시입니다. 코타쿠나발루에서 멀지 않은 눔박은 빼어난 경관 뒤에 가려진 서류미비자, 난민은 교육, 의료 등 복지 혜택을 제대로 받지 못하고 있습니다. 눔박의 어린이를 위한 교육 활동과 마을 주거환경 개선을 위한 활동에 참여할 국제나눔단원을 모집합니다. ​ 국제청년센터에서는 봉사는 상호적이지 않을 뿐 아니라 봉사를 받는 사람의 입장이 고려되지 않은 '봉사'라는 단어 대신 '나눔'을 사용하고 있습니다. ​ 1. 일시 : 2026년 7월 1일~8일(7박 8일) ​ 2. 장소 : 말레이시아 코타쿠나발루 & 눔박 ​ 3. 활동 내용 - 어린이 교육 지원 - 마을 환경 개선 ​ 4. 참가비 : 45만원 - 포함내역 : 기념품, 숙식비, 현지 교통비 등 - 불포함내역 : 항공료, 외식비, 문화체험비, 여행자보험 등 - 참가비 납부 : 15만원(합격 통보 3일이내), 30만원(5월 중순) * 납부 방법 및 환불 규정은 최종 합격자에 한하여 개별 안내 ​ 5. 신청 방법 및 선발 과정 - 신청 방법 : 온라인 신청서 https://lrl.kr/dCqen ​ * 1차 서류 전형 : 신청서 검토 후 1차 서류 전형 합격자에 한하여 개별 면접 안내 * 최종 합격자 발표 : 선지원 선면접으로 면접 후 3일이내 * 최종 합격자 오리엔테이션 : 합격자 추후 개별 통보 (필참) ​ 6. 모집 마감 및 모집 인원 - 신청 마감 : ~4월 2일 - 모집 인원 : 12명 ​ 7. 프로그램 특징 - 청년들이 주도적으로 이끌어가는 프로그램 - 마을사람들과 소통하는 프로그램 - 나눔과 현지 문화체험이 결합된 프로그램 ​ 8. 우대 사항 - 영상 촬영과 편집, 통역, 미용 등 재능을 가지신 분 - 어린이 교육 봉사에 경험이 있는 분 - 현지 어린이의 교육지원을 위해 장기 후원 의사가 있는 분 ​ 9. 혜택 : 봉사증 및 수료증 발급 ​ 10. 문의 : 카카오톡 1:1 오픈채팅 @국제청년센터 ​ 자주하는 질문 1. 현지에서의 주요 나눔 활동은 어떤 것이 되나요? - 눔박은 인도네이사나 필리핀에서 온 난민 또는 서류미비자들이 거주하기 위해 해변 위에 나무로 만든 수상 가옥촌입니다. 작은 돌봄센터가에서 교육 지원과 마을 통로에 있는 나무 판자를 교체하는 일을 하게 됩니다. 자세한 활동사진을 보고 싶으시다면, 아래의 링크 확인바랍니다. https://blog.naver.com/usisrc/224196870229 코타키나발루 국제나눔활동 전체일정&후기 안녕하세요, 저는 제 21차 말레이시아 코타키나발루 국제나눔활동에 참가한 김예빈입니다! 국제청년센터에... blog.naver.com ​ ​ https://youtu.be/DOaxQGZQqDc?si=2mtsHcQed1erjLmK ​ ​ 2. 참가비에 포함된 내역은 어떻게 되나요? - 참가비에는 모자, 단체복 등 기념품과 나눔활동 기간 교통비(차량 렌트비), 현지 숙소에서의 식사와 간식에 따른 비용, 숙박비가 포함이 되어 있습니다. - 문화체험에 따른 외부에서의 식비와, 문화체험비, 교통비 등은 포함되어 있지 않습니다. - 합격자는 합격 통보와 함께 참가비 납부 안내를 드리며 그때 15만원을 납부 하시고 출국 전에 남은 참가비 30만원을 납부 하시면 됩니다. ​ 3. 선발 과정이 어떻게 되나요? - 1차 서류전형으로 지원서를 검토하고 합격자에 한하여 면접 일정을 안내 드립니다. 면접은 그룹으로 비대면으로 보게 됩니다. ​ 4. 오리엔테이션과 출국 준비모임은 필수 참여인가요? - 네. 오리엔테이션은 비대면으로 진행 예정입니다. ​ 5. 현지 문화체험은 어떤 것을 하나요? - 7월 1일~4일까지는 나눔활동, 7월 5일~8일은 문화체험 활동을 하게 됩니다. 문화체험 활동은 겨울에 참여한 단원들의 피드백과 이번에 참가하는 단원들의 의견을 반영하여 출국 전에 확정하게 됩니다. ​ 6. 단원 선발시 우대하는 것이 있나요? - 교육 프로그램을 진행해 본 경험이 있거나 영어 통역이 가능한 지원자, 미용 기술이 있는 분을 우대 합니다. - 무엇보다 튼튼한 체력과 다른 사람과 잘 어울릴 수 있는 친화력을 가진 분이 지원해 주셨으면 합니다. - 이번 활동을 통해 눔박에 있는 어린이를 위해 월 5,000원 이상 장기 후원 회원으로 가입할 분이였으면 합니다. ​ 7. 전체 비용이 얼마나 들까요? - 참가비 450,000원, 항공료, 문화체험비 및 외식비 250,000원 내외 등 예상하시면 될 것 같네요. ​ 8. 봉사시간은 몇 시간 되나요? - 1365봉사증으로 발급되며 눔박 나눔활동 24시간 그리고 준비 하는데 소요된 회의 시간과 브이로그나 블로그 등 활동 홍보물을 제작하는 시간이 봉사시간으로 부여됩니다. - 1365봉사 규정상 이동 시간은 봉사시간에 포함되지 않으며 하루에 최대 부여 가능한 봉사시간이 8시간입니다. - 오리엔테이션이 시작일이며 수료식이 있는 날이 종료일로 수료증을 발급합니다."
311411,한국생산성본부(kpc),[한국자산관리공사] 대전/세종/광주 인턴 모집 (미래내일 일경험),INTERN,,,,"[한국자산관리공사] 대전/세종/광주 인턴 모집 (미래내일 일경험) 접수 기간 2026-03-20 ~ 2026-03-29 모집부문 및 상세내용 사무 행정(00명) 채용 형태 - 인턴 5개월 ​지원방식 ​ 고용노동부 미래내일 일경험 인턴형 프로그램을 통해 한국자산관리공사에서 인턴을 모집합니다. 인턴 경험에 관심있는 분들은 많은 관심 바랍니다. * 모집기간: ~2026.03.29 23시 59분 * 사전직무교육: 2026.04.09~04.10 * 일경험 기간: 2026.04.13 ~ 2026.08.30 * 일경험 시간: 13:00-18:00(월-금) * 급여: 4주기준으로 지급 예정 / 150만원 * 신청방법: 청년 일경험 포털에서 신청 (회원가입 필수) ** 신청링크: https://yw.work24.go.kr/d/a/selectWkexPrgmList.do 담당업무 1. 가계기획처(부산) - 가계지원부문 경영평가 및 부서 조직성과평가 관리 - 공사의 담보부채권의 정기 관련 내규 제·개정 - 가계지원업무 관련 조사·연구 및 방안 수립 - 공사 무담보채권 관리 업무 관련 전산 등 업무 개선 2. 경기지역본부(수원) - 기획관리: 문서수발, 행사지원 - 채권관리: 부채증명원 발급, 원인서류 딥스 등 - 조세정리: 공매재산 신규수임 등록, 우편송달 검토 - 국유재산: 대부 및 매수신청서 관리, 문서 접수, 대장현황 점검 3. 경남지역본부(창원) - 채권관리: 부채증명원 발급, 원인서류 딥스 등 - 조세정리: 공매재산 신규수임 등록 - 국유재산: 국유재산 대부 및 매수신청서 접수 등 4. 경영지원실(부산) - 동반성장: 사회공헌, 기업문화, 동반성장 업무 지원 5. 경영지원실(서울) - 서울사옥 행낭 마감 및 부점별 배부, 스마트워크센터 및 임원실 관리 등 6. 광주전남지역본부(광주) - 조세정리: 공매재산 신규수임 등록 - 국유재산: 국유재산관리 및 실태조사 업무 지원 7. 국민행복기금관리처(부산) - 기획: 국민행복기금 사업운영 등 - 채권관리: 인수채권 비위탁채권 및 위탁채권 관리 등 - 소액대부 및 대위변제: 대위변제 이행 청구 심사 등 - 기금소송: 기금소송 수행 및 소송 종결 업무 등 8. 대구경북지역본부 포항지사(대구) - 채권관리: 부채증명원 발급, 새출발기금 창구 업무 지원 등 9. 대구경북지역본부(대구) - 기획: 비전자기록물 정리 등 - 채권관리: 원인서류 딥스, 송무업무 보조, 부채증명원 발급 등 - 국유재산: 국유재산 대부 및 매수신청서 접수 등 10. 대전충남지역본부(세종) - 국유재산: 국유재산 대부 및 매수신청서 접수 등 11. 대전충남지역본부(대전) - 국유재산: 국유재산 대부 및 매수신청서 접수 등 12. 디지털시스템실(부산) - 부서서무: 계약 및 업체방문 응대 및 미팅 회의실 관리 - 업무지원: 전산비품 관련 방문/전화 문의 응대 등 13. 부산지역본부(부산) - 국유재산: 국유재산 대부 및 매수신청서 접수 등 - 채권관리: 등기부등본 등 서류 출력, 사무보조 등 14. 서울서부지역본부(강남) - 채권관리: 부채증명원 발급, 원인서류 딥스 등 - 조세정리: 공매재산 신규수임 등록 등 - 국유재산: 국유재산 대부 및 매수신청서 접수 등 15. 채권연수처(부산) - 채권관리: 등기부등본 발급, 양수도계약서류 등 법원서류 관리 등 우대조건 무관 자격요건 학력 고등학교 졸업 이상 근무조건 급여 월급 150만원 ~ 150만원 근무시간 주 5일(월~금) 13:00 ~ 18:00 근무지역 세종특별자치시 한누리대로 486 대전충남지역본부(국유세종팀) 대전 서구 한밭대로 797 대전충남지역본부 광주 서구 내방로 392 광주전남지역본부 전형 절차 Step1 서류전형 Step2 면접 전형 Step2 최종합격 지원 기간 및 방법 접수기간 2026-03-20 ~ 2026-03-29 접수방법 홈페이지 지원 유의사항 허위 사실이 발견될 경우 채용이 취소될 수 있습니다."
311410,시네 팩토리,"단편 영화 제작 연합 동아리 ""시네 팩토리"" 1기 모집!  (기획/연출/시나리오/미술/배우)/",,,,,"영화동아리 단편 영화 제작 연합 동아리 ""시네 팩토리"" 모집! (기획/연출/시나리오/미술/배우)🎬🎥 📢 ""시네 팩토리"" 멤버 모집! 🎬 신청 링크: https://forms.gle/gypBCUxYjZRpMYgbA 🎥 시네 팩토리란? ‘시네 팩토리’는 서울에서 활동하는 단편 영화 제작 연합 동아리입니다. 기본적으로 팀을 이루어 활동하며, 전국 연합 프로젝트도 함께 진행할 수 있습니다. 📌 단순한 취미가 아닌, 실제 영화 제작까지 이어지는 기회! ""시네 팩토리""는 단순한 영화 동아리가 아닙니다. 🎬 현업 상업 영화 제작 PD 및 전문가와 함께 직접 단편 영화를 기획하고 촬영할 뿐만 아니라, 완성된 작품을 영화제 출품하거나 상업적인 제작 라인까지 도전할 수 있는 기회까지 제공합니다! 🎞 작은 아이디어를 실제 영화로 만들어 보고 싶다면? 📢 지금이 바로 그 기회! 🎯 이런 분들에게 추천합니다! ✅ 영화 제작을 꿈꾸지만 기회가 부족했던 분 ✅ 단순한 취미를 넘어, 실질적인 결과물을 만들고 싶은 분 ✅ 실제 상업 영화 PD와 함께 실무 경험 을 쌓고 싶은 분 ✅ 단편 영화 제작을 통해 영화제 출품까지 도전 해보고 싶은 분 ✅ 영화 제작 전문가의 실무 중심 멘토링을 받고 싶은 분 💡 졸업생, 직장인, 대학생, 휴학생 모두 환영! 📍 활동 개요 🔹 모집 기간: 2025년 03월 27일 ~ 04월 07일 ✔ 1개월: 영화 제작 기초 및 톤 작업 ✔ 2개월: 1분 내외 시네마틱 콘텐츠(영화의 한 장면) 제작 ✔ 3~6개월: 단편 영화 기획 및 제작 (기획, 시나리오 작성, 연출, 리딩, 촬영, 편집 등 전 과정 진행) (제작 일정은 장르와 프로젝트 규모에 따라 조율될 수 있습니다) 🔹 진행 일정: 주 1회, 약 120분 (월 3~4회) 🔹 활동 장소 : 논현동 스튜디오 🔹 참여 방식: 그룹별 협업 (3~8명) 🔹 월 활동비: 추후 공지 (활동비는 영화 제작 비용 및 공간 대관, 장비 사용, 멘토링 등에 사용됩니다.) 📍 모집 분야 🎬 기획/제작팀: 일정 관리, 제작 및 프로듀서 역할 ✍ 시나리오팀: 대본 작성 및 기획 🎥 연출팀: 연출, 촬영, 음향, 조명 등 실무 제작 🎨 미술팀: 세트 디자인 및 소품 준비 🎭 배우팀: 작품 출연 및 연기 도전 👉 각자 맡고 싶은 역할을 선택하여 참여 가능! 👉 여러 역할을 겸임할 수도 있으니 도전하세요! 🎬 시네 팩토리만의 혜택! ✔ 상업 영화 PD 및 전문가 멘토링 – 실무 중심 피드백 제공 ✔ 단순한 취미가 아닌, 실제 영화 제작 및 출품 기회 ✔ 숏폼 콘텐츠 & 단편 영화 제작 – 직접 참여하며 창작 경험 쌓기 ✔ 완성된 작품 유튜브 공개 & 영화제 출품 지원 ✔ 상업적인 영화 제작 네트워크 형성 – 이후 프로 라인까지 연결 기회! ✔ 새로운 인맥 형성 – 영화 제작을 함께할 동료들과 협업 📢 단순한 취미를 넘어, 영화 제작의 꿈을 현실로! 🔥 지금 바로 신청하세요! 🚀 📍 신청 링크 : https://forms.gle/XaXaWi2EBvRCfgtc8"
311409,HD현대중공업새마을금고,★HD현대중공업새마을금고 뛰어야산다 기부런 프로젝트 크루원 모집★,,,기타,행사 참여 | 수료증 및 인증서,"🎈모집 대상 -성별, 나이 무관 (울산 거주 및 소재 대학생 누구나 지원 가능) 🎈모집 일정 -모집 인원 : 00명 -모집 기간 : 2026. 03. 27(금) ~ 2026. 04. 03(금) *선정 결과 개별 안내 -활동 기간 : 2026. 04. 01(수) ~ 2026. 12. 31(목) 8개월 🎈주요 행사 일정 -5월 바다마라톤(서울) 10Km / Half -10월 춘천마라톤(춘천) 10Km / Full -11월 손기정평화마라톤(경기) 10Km / Half / Full 🎈활동 혜택 -러닝 교육 월 1회 -마라톤 참가 시 참가비 및 교통비 지원 -대회 참가 시 1일 숙박 지원 -프로젝트 수료 인증패 또는 인증서 제공"
311407,(주)엠케이디에이치알엠,[무료 온라인 세미나],,,,,"취업 준비 열심히 하고 있는데 결과가 계속 안 나온다면, 한 번은 방향을 의심해봐야 합니다. 요즘 취업 시장에서 단순 스펙만으로는 차별화가 어렵습니다. 기업들이 반복해서 말하는 기준, 하나 있습니다. 👉 “해외 경험자 우대” 이건 단순한 우대 조건이 아닙니다. 기업 입장에서 해외 경험은 ✔ 이미 검증된 인재 ✔ 영어 + 실무 + 적응력 ✔ 바로 투입 가능한 사람 을 의미합니다. 같은 1년이라도 국내에서 준비만 한 시간과 해외에서 실제로 일해본 경험은 결과 자체가 달라집니다. 그래서 이번 세미나는 단순 정보 전달이 아니라 👉 “지금 내가 가고 있는 방향이 맞는지” 👉 “실제로 취업까지 이어지는 선택은 무엇인지” 를 명확하게 짚어드립니다. 📍 싱가포르 취업 전략 온라인 세미나 📅 일정: 2026년 4월 1일 (수) 오후 6시 30분 💻 방식: 온라인 진행 👉 참가 신청 https://forms.gle/RPBkUk1Ade75RxCg8 이번 세미나는 “준비만 하는 단계”에서 벗어나 실제 커리어를 만들어가는 출발점이 될 수 있습니다. 지금 고민하고 있다면 이번에는 ‘방법’이 아니라 ‘방향’부터 점검해보세요."
311406,한국생산성본부(kpc),[한국자산관리공사] 서울/경기/부산/대구/경상 인턴 모집 (미래내일 일경험),INTERN,,,,"[한국자산관리공사] 서울/경기/부산/대구/경상 인턴 모집 (미래내일 일경험) 접수 기간 2026-03-20 ~ 2026-03-29 모집부문 및 상세내용 사무 행정(00명) 채용 형태 - 인턴 5개월 지원 방식 ​고용노동부 미래내일 일경험 인턴형 프로그램을 통해 한국자산관리공사에서 인턴을 모집합니다. 인턴 경험에 관심있는 분들은 많은 관심 바랍니다. * 모집기간: ~2026.03.29 23시 59분 * 사전직무교육: 2026.04.09~04.10 * 일경험 기간: 2026.04.13 ~ 2026.08.30 * 일경험 시간: 13:00-18:00(월-금) * 급여: 4주기준으로 지급 예정 / 150만원 * 신청방법: 청년 일경험 포털에서 신청 (회원가입 필수) ** 신청링크: https://yw.work24.go.kr/d/a/selectWkexPrgmList.do 담당업무 1. 가계기획처(부산) - 가계지원부문 경영평가 및 부서 조직성과평가 관리 - 공사의 담보부채권의 정기 관련 내규 제·개정 - 가계지원업무 관련 조사·연구 및 방안 수립 - 공사 무담보채권 관리 업무 관련 전산 등 업무 개선 2. 경기지역본부(수원) - 기획관리: 문서수발, 행사지원 - 채권관리: 부채증명원 발급, 원인서류 딥스 등 - 조세정리: 공매재산 신규수임 등록, 우편송달 검토 - 국유재산: 대부 및 매수신청서 관리, 문서 접수, 대장현황 점검 3. 경남지역본부(창원) - 채권관리: 부채증명원 발급, 원인서류 딥스 등 - 조세정리: 공매재산 신규수임 등록 - 국유재산: 국유재산 대부 및 매수신청서 접수 등 4. 경영지원실(부산) - 동반성장: 사회공헌, 기업문화, 동반성장 업무 지원 5. 경영지원실(서울) - 서울사옥 행낭 마감 및 부점별 배부, 스마트워크센터 및 임원실 관리 등 6. 광주전남지역본부(광주) - 조세정리: 공매재산 신규수임 등록 - 국유재산: 국유재산관리 및 실태조사 업무 지원 7. 국민행복기금관리처(부산) - 기획: 국민행복기금 사업운영 등 - 채권관리: 인수채권 비위탁채권 및 위탁채권 관리 등 - 소액대부 및 대위변제: 대위변제 이행 청구 심사 등 - 기금소송: 기금소송 수행 및 소송 종결 업무 등 8. 대구경북지역본부 포항지사(대구) - 채권관리: 부채증명원 발급, 새출발기금 창구 업무 지원 등 9. 대구경북지역본부(대구) - 기획: 비전자기록물 정리 등 - 채권관리: 원인서류 딥스, 송무업무 보조, 부채증명원 발급 등 - 국유재산: 국유재산 대부 및 매수신청서 접수 등 10. 대전충남지역본부(세종) - 국유재산: 국유재산 대부 및 매수신청서 접수 등 11. 대전충남지역본부(대전) - 국유재산: 국유재산 대부 및 매수신청서 접수 등 12. 디지털시스템실(부산) - 부서서무: 계약 및 업체방문 응대 및 미팅 회의실 관리 - 업무지원: 전산비품 관련 방문/전화 문의 응대 등 13. 부산지역본부(부산) - 국유재산: 국유재산 대부 및 매수신청서 접수 등 - 채권관리: 등기부등본 등 서류 출력, 사무보조 등 14. 서울서부지역본부(강남) - 채권관리: 부채증명원 발급, 원인서류 딥스 등 - 조세정리: 공매재산 신규수임 등록 등 - 국유재산: 국유재산 대부 및 매수신청서 접수 등 15. 채권연수처(부산) - 채권관리: 등기부등본 발급, 양수도계약서류 등 법원서류 관리 등 자격요건 무관 자격요건 학력 고등학교 졸업 이상 근무조건 급여 월급 150만원 ~ 150만원 근무시간 13:00-18:00 근무지역 부산 남구 문현금융로 40 가계기획처, 경영지원실(부산), 국민행복기금관리처, 디지털시스템실, 부산지역본부, 채권연수처 경기 수원시 영통구 월드컵로150번길 33 경기지역본부 경남 창원시 성산구 중앙대로 105 경남지역본부 서울 강남구 강남대로 450 경영지원실(서울), 서울서부지역본부 대구 중구 달구벌대로 2095 대구경북지역본부 전형 절차 Step1 서류전형 Step2 면접 전형 Step2 최종합격 지원 기간 및 방법 접수기간 2026-03-20 ~ 2026-03-29 접수방법 홈페이지 지원 유의사항 허위 사실이 발견될 경우 채용이 취소될 수 있습니다."
311405,(주)토탈현대,현대계열 채용연계형 인턴십 2기,INTERN,,,,"현대계열 채용연계형 인턴십 2기 접수 기간 2026-03-28 ~ 2026-04-12 모집부문 및 상세내용 현대계열 채용연계형 인턴십 2기(0명) 채용 형태 - 인턴 1개월 - 사원 담당업무 [담당업무] 현대해상 기계약관리 계약변경, 고객정보변경, 배서, 보험금 지급관리, 기타 고객관리 우대조건 [우대조건] 군 전역 간부 공모전 입상자 인근거주자 MS오피스 활용 가능 자격요건 학력 대학졸업(4년) 이상(졸업예정자 가능) 근무조건 급여 월급 300만원 ~ 300만원 근무시간 주 5일(월~금) 09:00 ~ 18:00 근무지역 서울 구로구 디지털로34길 55 607호 전형 절차 Step1 서류전형 Step2 1차 면접 Step3 2차 면접 Step3 최종합격 지원 기간 및 방법 접수기간 2026-03-28 ~ 2026-04-12 접수방법 링커리어 간편지원 복리후생 우수사원포상, 인센티브제, 자격증수당, 연차, 반차, 수평적 호칭사용, 야근강요 안함, 인재육성 중시, 사내동호회 지원, 음료, 간식 제공, 신입사원교육(OJT), 멘토링제도, 워크샵/MT, 자격증취득지원, 우수사원시상식, 시무식/종무식 행사, 각종 경조사 지원, 휴게실, 화장실비데 유의사항 허위 사실이 발견될 경우 채용이 취소될 수 있습니다."
311404,한경닷컴IT교육센터,한경닷컴 AI와 자바(Spring) 풀스택 과정(실시간 주식 데이터 활용) 7기 훈련생 모집,,,,,"﻿ 여러분이 상상하는 단순한 코딩 교육이 아닙니다! 🙅🏻‍♀️ 오직 한경닷컴에서! 실제 금융 데이터를 다루고, AWS 클라우드 환경에서 구현하는 등 기업에 즉시 투입될 수 있는 '실전형 인재'로 거듭날 기회입니다 🙆🏻‍♀️ 흔한 프로젝트 대신 금융 AI 포트폴리오로 독보적인 경쟁력을 갖추고 싶은 분 AI 및 최신 딥러닝 트렌드를 실무 프로젝트에 직접 녹여보고 싶은 분 실제 데이터를 다루는 프로젝트를 통해 현업 경험을 쌓고 싶은 분 💬 이런 고민을 하고 있거나, 이제 막 시작한 모든 분들께 적극 추천합니다! 💡 과정 안내 - 과정명 : AI와 자바(Spring) 풀스택 과정(실시간 주식 데이터 활용) - 교육 기간 : 2026.04.13(월) - 2026.10.08(목) / 6개월 - 교육 장소 : 한경닷컴 IT교육센터 (5호선 양평역 도보 5분! 2, 5호선 영등포구청역 도보 10분!) - 모집 인원 : 총 30명 (합격 정원 모집 완료 시 조기 마감될 수 있음) 🚀 프로젝트 주제 1(기초 탄탄): 마이크로서비스 아키텍처(MSA) 기반 고성능 커뮤니티 플랫폼 🚀 프로젝트 주제 2 (핵심 스팩): 실시간 금융 빅데이터 결합형 AI 주가 예측 & 자동화 서비스 💙 수강 혜택 - 과정 수강료 : 최대 97% 국비지원 + 매달 훈련장려금 지급 (최대 총 180만원) - 한경만의 All-in-One 혜택 : 포트포리오 컨설팅, 인턴십 연계 기회, 데이터 자격증 취득 기회 등 자세한 커리큘럼 및 일정 확인은 첨부 링크를 확인해주세요!"
311402,이스트소프트,[이스트소프트 KDT] AI 금융 퀀트 전문가 Camp 4기,,,,,"[이스트소프트 KDT] AI 금융 퀀트 전문가 Camp 4기 과정소개 - AI 기반 퀀트 투자 역량 강화: 데이터 → 모델 → 전략 검증까지 실무형 퀀트 파이프라인 경험 - 정량적 투자 전략 구현 및 백테스트/검증 능력 배양 - 금융 데이터와 AI 알고리즘을 활용해 현업에서 바로 적용 가능한 스킬 확보 <1개월 차> 파이썬과 데이터 기초 다지기 · OT - KDT 온보딩 안내 및 과정안내 · Python 프로그래밍 - 변수, 상수, 함수, 제어문, 반복문, 자료구조, 데이터 수집 및 활용 · Python 전처리 및 시각화 - pandas, matplotlib, seaborn 등 활용한 데이터 시각화 및 전처리 · AI 및 모델링 기초 (수학·통계) - 선형대수, 회귀분석, 확률, 통계 기초 · 시계열 데이터 분석 - 시계열 분해, 트렌드 분석, 예측 모델 기초 <2개월 차> 크롤링·머신러닝 기초 실습 · 데이터 크롤링 - 웹 크롤링, 정규표현식, requests, BeautifulSoup 등 · 머신러닝 입문 - 지도학습, 비지도학습, scikit-learn 기본 활용 · 프로젝트 1 - 시계열 분석 프로젝트 - 시계열 데이터 분석 실습 및 결과 발표 <3개월 차> 투자분석 기반 프로젝트 수행 · 머신러닝 심화 - 모델 성능 평가, 하이퍼파라미터 튜닝, 앙상블 학습 · 투자 분석 기초 방법론 - 재무 지표 해석, 기본적인 투자 전략 이론 · 프로젝트 2 - 나만의 분석 주제 - 주제 기획, 데이터 수집 및 분석, 최종 발표 <4개월 차> 금융모델링과 분석 고도화 · 금융 필수 지식 - 금융 상품, 금융 데이터 종류 및 해석 · 데이터 활용 모델링 - 회귀, 분류 기반 예측 모델 설계 <5개월 차> AI 모델 구현, 파이널 프로젝트 +취업준비 · 프로젝트 3 - 인공지능 모델 개발 - 딥러닝 응용, 모델 구현 및 발표 · 커리어 특강 및 인성 교육 - 이력서 및 포트폴리오 작성, 모의 면접 모집기간 ~ 26.05.26 (선착순 조기 마감) 활동기간 및 교육방식 - 26.05.27 ~ 26.10.23 - 온/오프라인 혼합 (선택 가능) - 평일 9시~18시 8시간 (점심시간 제외) 혜택내역 - 개강 전 온라인 강의를 통한 사전 학습 제공 - 경력 있는 신입으로 만들어주는 인턴십 혜택 제공 - 포트폴리오 작성 지도 - 취업 연계 프로그램 제공 - 수료 후 커리어 코칭 - 이스트소프트CTO의 기술 특강 진행 - 1400만원 상당 교육비 지원 (자비부담금 최대 50만원 발생) - 훈련 장려금 매월 30만원 제공 (개인별 상이) 모집대상 내일배움카드를 보유하고 있거나 발급 가능하고, 교육 기간에 온전히 참여하실 수 있다면 누구든지 지원 가능. 단, 하루 8시간 동안의 수업에 몰입하여 교육을 받기 어려운 경우 진행 어려움 지원 및 자격요건 관련문의 - 전화 문의 : 02-2135-2931 - E-Mail : kredujam@gmail.com - Kakao문의 : http://pf.kakao.com/_gGggn/chat 접수링크 & 홈페이지 - 상세페이지&접수처 : https://est.oopy.io/quant4"
311401,(주)솔데스크,백엔드 개발부터 클라우드 인프라까지! 자바 AI & AWS 네트워크 취업 과정,,,,,"솔데스크 IT 교육 학원 K-디지털트레이닝 교육 가비아 클라우드 기반의 그룹웨어 개발자 양성과정 AWS 하이브리드 클라우드 KDT학원 국비지원교육 모집! 과정 개요 및 신청 안내 - 개강 예정일: 2026년 4월 14일 (화) - 교육 기간: 6개월 (평일 09:30 ~ 18:30) - 교육 장소: 서울 종로구 종로12길 15 솔데스크 비전공자도 가능한 단계별 커리큘럼 - IT 지식이 없는 입문자도 단계적으로 학습하여 실무에 투입될 수 있도록 구성되었습니다. - 이론을 넘어선 JAVA, 클라우드 실습 중심 강의 - 현업 기준에 맞춘 인프라 구성 및 트러블슈팅 경험 제공 - 취업 성공을 목표로 한 포트폴리오 및 기술 면접 대비 - 현직자 멘토링과 채용설명회를 통한 실전형 취업 지원 시스템 구축 교육 상세 내용 개발자 부트캠프 상세정보 - JAVA 프로그래밍 - JavaScript Front-end 웹 - Java기반 Spring / SpringBoot Back-end 웹개발 - 데이터베이스 - ChatGPT 활용 - Python WebCrawling(AI 훈련용 데이터구축) - 데이터 분석을 위한 마이닝 구축 - 딥러닝/머신러닝 - H200활용 Team 프로젝트 클라우드 부트캠프 과정 주요 내용 - 네트워크 관리 - 리눅스 서버관리 - 쉘스크립트 이용 자동화 인프라 관리 모니터링 및 서버 구축 및 분석 - RedHat Certified System Administration - RedHat Certified Engineer - 서버 가상화 - 도커 / 쿠버네티스 / OpenShift - Python - 데이터베이스 관리 - AWS / MS Azure 클라우드 - Team 프로젝트 과정 강점 및 취업 혜택 - 수강료 90%~100% 국비지원 (개인별 지원 유형에 따라 혜택 상이) - 4년제 대졸 가비아 입사지원 서류패스 - 가비아 클라우드 전액무료 지원 - Red Hat 리눅스 공인교육 전액무료 지원 - RHCSA 국제자격증 전액무료 지원 - 매월 최대 80만원 훈련장려금 (국민취업제도 포함) - 면접 트레이닝 - 현직자 멘토링 + 채용설명회 - 수료후 6개월 취업지원 & 취업연계 - AI 모델 개발 리소스 제공(H200) 신청방법 - 온라인 신청 https://forms.gle/ph5KkxmtmVksrmRS8 - 문의 전화: 1544-0714"
311400,(주)삼구아이앤씨,신세계코스메틱 어뮤즈 BX디자인팀 웹디자인 인턴 채용,INTERN,,,,"﻿ 신세계코스메틱 어뮤즈 BX디자인팀 웹디자인 인턴 채용 2018년 론칭된 어뮤즈 는 '장원영 틴트'로 잘 알려진 코스메틱 비건 색조 브랜드 입니다. 어뮤즈 마케팅커뮤니케이션팀 에서 코스메틱에 관심많은분을 모집중이오니 많은 지원바랍니다. www.amusemakeup.com 모집부문 및 자격요건 모집분야 업무내용 및 상세 요구조건 및 지원자격 BX디자인팀 웹디자인 인턴 2명 ① 자사몰 채널 프로모션 페이지, 배너, 웹디자인 전반적인 업무 및 디자인 관리 ② 일본JP 채널 큐텐, SNS 컨텐츠, 광고소재 프로모션 웹디자인 업무 ③ 신규 런칭 제품 상세페이지 디자인, 키비주얼 디 자인 ④ 채널별 프로모션 기획전, 광고 소재 디자인 ⑤ 브랜드 웹 디자인 아트 소스 개발 및 디벨롭 ① 국/내외 4년제 학사 이상 ② Adobe Photoshop , Illustrator등 디자인 Tool 상급 ③ AI 이미지 생성 및 영상 제작 가능자 ④ 유연한 커뮤니케이션 및 뷰티 색조브랜드 이해도와 감도를 가지신 분 ⑤ 코스메틱 메이크업 브랜드 웹디자인 경력(우대) *포트폴리오 제출 압축필수( 10MB 내외 ) 근무조건 - 근무시작일 : ASAP 채용시 ~ - 근무 기간 : 채용시부터 6개월( 3개월계약후 합의&평가에 따른 연장검토 ) - 근무 형태 : 삼구아이앤씨 소속 파견계약직 인턴(신세계 그룹 경력증명서 발급 가능) 정규직전환X - 근무 시간 : 09:30~18:30 (8H근무, 1H휴게) - 근무지 : 서울시 강남구 도산대로 138, 10층 어뮤즈 - 월급 : 2,438,810( 세전. 8H근무기준. 식대비 포함 ) - 복리후생 : 4대보험. 연차. 명절상품권. 경조사지원 등 전형절차 및 지원방법 온라인지원 : 경력자의 경우 관련 업무경력을 기재 - 문의 및 이메일제출 : j y.park@isamkoo.com - 서류합격자에 한해 2주일 이내 개별 통보 (서류불합격 개별안내X. 영업일기준 1주일 초과 미연락시 자동탈락) - 자유양식 이력서&자기소개서/포트폴리오 파일로 첨부 ( 포트폴리오 - 10MB이내 ) - 메일제목에 지원부서 어뮤즈 BX디자인팀 인턴 / 성명 반드시 표기 / 전형 미구분시 전달X ﻿"
311398,한국생산성본부(kpc),[한국AI·로봇산업협회] 사무/행사운영 인턴 모집 (미래내일 일경험),INTERN,,,,"[한국AI·로봇산업협회] 사무/행사운영 인턴 모집 (미래내일 일경험) 접수 기간 2026-03-24 ~ 2026-03-29 모집부문 및 상세내용 경영 사무(2명) 채용 형태 - 인턴 5개월 지원 방식 고용노동부 미래내일 일경험 인턴형 프로그램을 통해 한국AI·로봇산업협회에서 인턴을 모집합니다. 인턴 경험에 관심있는 분들은 많은 관심 바랍니다. * 모집기간: ~2026.03.29 23시 59분 * 사전직무교육: 2026.04.09~04.10 * 일경험 기간: 2026.04.13 ~ 2026.08.30 * 일경험 시간: 13:00-18:00(월-금) * 급여: 4주기준으로 지급 예정 / 150만원 * 신청방법: 청년 일경험 포털에서 신청 (회원가입 필수) ** 신청링크: https://yw.work24.go.kr/d/a/selectWkexPrgmList.do 담당업무 1. MICE 사업팀 - 국제로봇산업대전 운영 지원 - 국제로봇비즈니스컨퍼런스 운영 지원 2. 운영지원실 - 회계업무 사무 보조 - 로보컵 업무 보조 자격요건 전공 : 무관 O/A(요구역량) : 한글(워드), Excel, 파워포인트 외국어 : 무관 우대사항 : 영어능통자(MICE사업팀) 자격요건 학력 대학졸업(4년) 이상 근무조건 급여 월급 150만원 ~ 150만원 근무시간 13:00-18:00 (월-금 휴게시간 1시간 포함) 근무지역 서울 용산구 한강대로 31 (운영지원실) 서울 강남구 광평로39길 112 (MICE 사업팀) 전형 절차 Step1 서류전형 Step2 면접 전형 Step2 최종합격 지원 기간 및 방법 접수기간 2026-03-24 ~ 2026-03-29 접수방법 홈페이지 지원 유의사항 허위 사실이 발견될 경우 채용이 취소될 수 있습니다."
311397,(주)바투네트워크,리빈치 릴스 광고 홍보 서포터즈 1기,,,파워블로거/SNS | 사진/영상/디자인 툴 | 콘텐츠 기획/제작 경험,사은품 지급,"✨리빈치 클린핏 스팀다리미✨ 서포터즈 1기 모집 OPEN 🎁16만 원 상당 제품 제공 + 추가 혜택까지 번거로운 다림질, 이제 더 간편하게 바꿔보세요. ------------------------------------- 1️⃣모집일정 2026. 3. 27(금) ~ 4. 5(일) 자정까지 2️⃣활동 혜택 1. 🎁전원 - 리빈치 LGS 150 클린핏 스팀다리미 본품 1대 발송 2. ☕서포터즈 선발 기념 1차 과제 마감 시 스타벅스 기프티콘 3. 🪙1차 과제 우수자 TOP 3 네이버 페이 포인트 지급 4. 📜서포터즈 종료 시 전원 리빈치 공식 서포터즈 인증서 발부 5. 🎉서포터즈 종료 시 우수 활동자 - 10만원 상당 믹서기 지급 3️⃣활동내용 활동 기간 내 2회 필수 콘텐츠 진행 (2주 1회, 2번) -프로필 제품 링크 삽입 필수 -업로드된 게시물 원본 영상 필수 제출 과제 시작 전 가이드 라인 공유 4️⃣모집대상 패션·살림·인테리어 등 ‘생활 변화’를 콘텐츠로 보여줄 수 있는 분 - 마감기한 내 미션 업로드가 가능한 분 - 일상 콘텐츠 업로드 경험이 있는 분 - 제품 사용 후기를 자연스럽게 공유할 수 있는 분 *팔로워 수 상관없이, 누구나 지원 가능합니다. (비공개 계정 참여 불가) 5️⃣선정 및 발표 2026.4.7 (화)​ / 선정자에 한 해 개별 선발 DM 발송 6️⃣활동기간 2026년 4월 7일 ~5월 3일 (약 한달 간) 7️⃣모집인원 15명 8️⃣지원방법 1. 리빈치 인스타 계정 (livinchi_official) 팔로우 2. 계정 상단 프로필 내 구글 폼을 통해 신청서 작성 3. 댓글에 친구 태그 후 “신청완료❤️＂남기기!"
311396,대구YMCA,ChatGPT 활용 AI 웹앱(자바·파이썬) 서비스 개발자 양성과정,,,,,"고민만 하실 건가요? 지금이 바로 웹/앱 개발자 될 기회! 초보자도 가능!! ✅ 훈련비 국비 지원 ✅ 교재비·컨설팅 전액 무료 ✅ 포트폴리오 완성 + 1:1 취업지원 ✅ 월 최대 800,000원 훈련수당 지급 ✅ 다양한 연령대의 수강생 (내일배움카드 발급 가능자👌) 💻 ChatGPT 활용 AI 웹앱(자바·파이썬) 서비스 개발자 양성과정 📍훈련기간: 26.05.19 ~ 26.11.12 (6개월) 📍훈련시간: 09:30~18:30 [주 5일, 총 960시간] 📍훈련장소: 대구YMCA 청소년회관 👉 지금 바로 신청하세요! 📍 www.dgymca.or.kr/98 📞 053-255-1915 📩 인스타 DM 문의 OK ✨ 대구YMCA × 글로벌IT 공동 운영 ✨ 🔥더 꼼꼼한 교육 + 취·창업 지원까지! #대구YMCA #국비지원 #웹개발자 #개발자국비지원 #코딩부트캠프 #AI개발자 #ChatGPT #자바 #파이썬 #대구개발자 #개발자취업 #대구개발자교육 #대구AI #대구AI교육 #내일배움카드 #k디지털트레이닝"
311392,한국생산성본부(kpc),[코데이터솔루션(주)] 리서치/통계/사무 인턴 모집 (미래내일 일경험),INTERN,,,,"[코데이터솔루션(주)] 리서치/통계/사무 인턴 모집 (미래내일 일경험) 접수 기간 2026-03-24 ~ 2026-03-29 모집부문 및 상세내용 경영 사무(9명) 채용 형태 - 인턴 3개월 지원방식 고용노동부 미래내일 일경험 인턴형 프로그램을 통해 코데이터솔루션에서 인턴을 모집합니다. 인턴 경험에 관심있는 분들은 많은 관심 바랍니다. * 모집기간: ~2026.03.29 23시 59분 * 사전직무교육: 2026.04.09~04.10 * 일경험 기간: 2026.04.13 ~ 2026.07.05 * 일경험 시간: 09:30-15:30(월-금, 휴게시간 1시간 포함) * 급여: 4주기준으로 지급 예정 / 150만원 * 신청방법: 청년 일경험 포털에서 신청 (회원가입 필수) ** 신청링크: https://yw.work24.go.kr/d/a/selectWkexPrgmList.do 담당업무 1. R&C본부(ESG 파트) - AI 기반 ESG 보고서 콘텐츠 개발 - 국내외 주요 ESG 이니셔티브 기준 맞춤 평가 및 컨설팅 모델 제작 2. R&C본부(리서치 파트) - 공공사회분야 제안서 및 보고서 작성 - 조사모집단 구축 및 정비 - 데이터 검증 및 통계분석 3. 리서치연구본부 - 조사기획 및 설계 - 보고서 및 제안서 작성 4. 사업지원센터 - 사업(프로젝트) 관리 및 평가업무 지원 5. D&R센터 - 자료 조사 관리 및 통계 관리 보조 6. 경영전략실 - 인사 경영지원 업무 - 총무 경영지원 업무 - 회계 경영지원 업무 자격요건 1. R&C본부(ESG 파트) 전공 : 무관 지식/기술: 환경, 안전관련 자격증 우대 O/A(요구역량) : 엑셀, 파워포인트 외국어 : 무관 기타: 원활한 커뮤니케이션 능력 및 ESG에 대한 기본 지식 보유 우대사항: 상경 계열, 환경 분야 관련 학과 우대 2. R&C파트(리서치 파트) 전공: 사회학, 통계학, 사회심리학 등 지식/기술: SPSS 활용능력 O/A(요구역량): 엑셀, 파워포인트, 한글 외국어: 무관 기타: 원활한 커뮤니케이션 능력 및 조사통계(리서치)에 대한 기본 지식 보유 우대사항: 사회조사분석사 2급 자격증 우대 3. 리서치연구본부 전공 : 통계학, 경영학, 경제학, 사회학, 심리학, 정치외교학, 행정학 등 지식/기술: 무관 O/A(요구역량) : 엑셀, 파워포인트, 한글 외국어 : 무관 우대사항: 사회조사분석사 2급 자격증, 조사방법론 및 통계에 대한 이해도가 우수한 자 우대 4. 사업지원센터 전공 : 무관 지식/기술: 무관 O/A(요구역량) : 무관 외국어 : 무관 5. D&R센터 전공 : 문과계열 포함, 통계학 지식/기술: 무관 O/A(요구역량) : 한글 외국어 : 무관 기타 : 차분하고 성실함 6. 경영전략실 전공 : 무관 지식/기술: 무관 O/A(요구역량) : 엑셀, 한글 외국어 : 무관 우대사항: 인사 및 회계 관련 자격증 소지자 우대 자격요건 학력 대학졸업(4년) 이상(졸업예정자 가능) 근무조건 급여 월급 150만원 ~ 150만원 근무시간 9:30 - 15:30 (일5시간, 주25시간) 근무지역 서울 영등포구 의사당대로 21 3층 전형 절차 Step1 서류전형 Step2 면접 전형 Step2 최종합격 지원 기간 및 방법 접수기간 2026-03-24 ~ 2026-03-29 접수방법 홈페이지 지원 유의사항 허위 사실이 발견될 경우 채용이 취소될 수 있습니다."
311386,한국직업능력교육원,"국내 유일 MCU(STM32, ESP32) ""임베디드&펌웨어""국비지원 부트캠프_로봇팔/자율주행차/스마트팜&팩토리 포트폴리오",,,,,"기숙사 신청으로 국민취업지원제도 1유형을 만들어, 사라진 전액 100% 국비지원 받고, 훈련장려금 20만원+국취제 1유형 60만원 = 매달 800,000원 지원 받으며 임베디드 취업교육 받아보세요. ﻿ 모집개요 교육기간 2026.04.06(월)~2026.10.30(금) (6개월) ::개강일정은 변동 될 수 있으며, 3개월 주기로 상시 개강하니 예약도 가능합니다. 교육시간 월-금 09:00~17:40 훈련수당 국취제도 연계 시 최대 70만원 지원 지원자격 취업/이직 희망자, 학력, 경력이 전혀 없더라도 누구나 참여 가능 취업분야 IOT 개발자 / 임베디드&펌웨어 전문가 / 스마트팜 창업 신청절차 신청폼 작성 > 인터뷰 > 최종합격 교육장소 안산(4호선 중앙역 도보 5분)::기숙사 보유 안산 한국직업능력교육원 AI사물인터넷 MCU기반(STM32, ESP32) 임베디드 펌웨어 전문가 양성 요즘 취업 시장에서 자주 듣는 말이 있습니다. “이론만 아는 개발자는 많다. 그런데 하드웨어까지 이해하는 개발자는 없다 .” 그 차이를 만드는 직무가 바로 임베디드 펌웨어 개발자 입니다. 임베디드와 펌웨어, 쉽게 설명하면? ✔ 임베디드(Embedded)란, 냉장고, 세탁기, 스마트워치, 공장 자동화 장비, 무인 키오스크처럼 제품 안에 숨어서 기능을 제어하는 작은 컴퓨터 를 말합니다. ✔ 펌웨어(Firmware)는, 그 임베디드 기기를 움직이게 하는 두뇌 역할의 소프트웨어 입니다. 버튼을 누르면 화면이 켜지고, 센서가 값을 읽어오고, 네트워크로 데이터를 보내는 모든 동작이 펌웨어 코드로 만들어집니다. 즉, 임베디드/펌웨어 개발자는 “사람 눈에는 보이지 않지만, 세상의 모든 스마트 기기를 실제로 움직이게 하는 개발자” 라고 보면 됩니다. 이 과정이 특별한 이유 – MCU 실무 중심 이 교육은 STM32, ESP32 MCU 기반 실습 으로 진행됩니다. 스마트워치처럼 동작하는 IoT 기기 만들기 센서 값 수집 → 서버 전송 → 앱에서 확인 실시간 객체 추적, 얼굴 인식, 영상 처리 프로젝트 수행 단순한 코딩 수업이 아니라, 보드에 직접 코드를 올리고, 실제로 동작하는 결과를 눈으로 확인하는 실무형 교육 입니다. 비전공자도 가능한 이유 “전기·전자 ·IT 전공이 아니어도 가능할까요?” 이 과정의 실제 수료생 상위권 학생분들의 다수가 비전공자 출신 입니다. C언어 기초부터 차근차근 Python을 활용한 AI 프로그래밍 OpenCV 영상 처리, 객체 인식 실습 리눅스, MySQL, 네트워크까지 체계적으로 구성 언어 → 실습 → 프로젝트까지 이어지는 구조라 컴퓨터 처음 만져본 분도 따라갈 수 있게 설계된 커리큘럼 입니다. 전국 어디서든 참여 가능한 기숙사 운영 안산 캠퍼스에서 운영되지만, 1인 1실 원룸형 기숙사 제공 으로 제주, 강원, 부산 어디서든 부담 없이 참여할 수 있습니다. 거리나 거주지에 대한 걱정 없이 오직 공부에만 집중할 수 있는 환경 이 만들어집니다. 상담신청 및 등록문의 https://naver.me/FG794pnA 실습 프로젝트 예시 얼굴 인식 시스템 구축 실시간 객체 추적 프로그램 이미지 필터링·변환 프로그램 개발 IoT 센서 데이터 수집 및 서버 연동 이 모든 프로젝트가 취업 포트폴리오 로 활용됩니다. 임베디드 개발자의 현실적인 취업 경쟁력 MCU 기술 보유자와 미보유자의 연봉 차이는 평균 500만 원 이상. 기업에서는 “임베디드 보드를 만져본 사람” 을 가장 먼저 찾습니다. 스마트팩토리, 스마트홈, 자율주행, 국방·방산, 산업자동화까지 취업 분야가 끊임없이 확장되는 직무 입니다. 안산 한국직업능력교육원을 추천하는 이유 30년 경력 프로그래밍 강사 & 전자공학 박사 직강 언어·실습·실전 프로젝트까지 균형 잡힌 교육 개별 상담, 취업 코칭, 수료 후 사후관리까지 전담 지원 국내외 6,000여 개 기업과 연계 된 취업 네트워크 운영 지금이 기회입니다 임베디드와 펌웨어는 AI 시대에 절대 사라지지 않는 기술 직무 입니다. 비전공자도, 고졸도, 지역 상관없이 안산 한국직업능력교육원의 [AI사물인터넷 MCU기반 임베디드 펌웨어 전문가 과정]으로 당신만의 확실한 취업 무기 를 만들어 보세요. 상담신청 및 등록문의 https://naver.me/FG794pnA"
311385,I scream! 영어회화 동아리,I scream! 영어회화 동아리 3기 모집,,,,,"달콤한 ice cream과 함께 세상에 외치다 i scream! 그냥 다 같이 모여서 영어 같이 말하다보면 나중에는 세상에 외칠 수 있지 않을까?! 라고 거창하게 말은 했지만 서로 재미있게 회화할 예정! ‼️ 여기는 잘 하는 사람들만 할 수 있고 못 하는 사람들은 소외되지 않을까요?? 괜찮습니다! 저희는 초급 중급 고급 나누어서 진행합니다! - 영어 실력 단계 초급 : 콘만 있는 상태 아직 아이스크림은 담기지 않았지만, 맛있게 담길 준비 중! 간단한 문장이나 표현을 연습하고 있어요. 중급 : 한 스쿱 올라간 아이스크림 기초는 다졌고, 일상 대화 정도는 가능해요. 더 다양한 표현을 배우고 싶어요. 고급 : 더블 스쿱 + 토핑까지 자신 있게 말할 수 있어요! 다양한 주제로 영어로 대화하는 데 큰 어려움이 없어요. 입맛대로 골라서 선택하시면 됩니다!! ✍️활동내용 *정기 스터디 -디즈니/픽사 영화를 자막 없이 시청하며 리스닝 연습 -주제 선정하여 프리 토킹 및 표현 연습 -짧은 쉐도잉 및 발음·억양 교정 *추가 활동(희망자에 한해 진행) -토익, 오픽, 영어회화능력검정 등 영어 자격증 공부 -외국인 언어 교류 활동 수칙) 활동하면서 영어만 사용하기!!(그렇다고 한국어 쓴다고 쫓아내진 않습니다 ㅎㅎ) *한달에 2번 활동 + 1회 친목활동 *시험 기간에는 각자 공부 예정(같이 예카 카공 또는 불참도 가능!) ✍️활동장소 -합정, 신촌, 혜화, 건대쪽 스터디룸 또는 예카 ✍️회비 -스터디룸 대여 시 1/N -나머지 개별 부담 ✍️모집 기간 활동 기간 : 3월 ~ 7월 모집 기간 : ~2026.03.31 ✍️지원 방법 1. 아래 지원서를 통해서 지원 2. 면접일정 안내를 위해 전화가 갈 예정 지원폼: https://forms.gle/j1NyhVWc5pKXjumx5 ✍️크림이들과 보낸 시간 https://able-countess-b98.notion.site/I-SCREAM-1dba27277c1480139aafd4d9d0423b69?pvs=4 *문의) 카카오 오픈채팅방 https://open.kakao.com/o/s96Tqtsh ✍️운영주체 본 동아리는 대학생이 만든 동아리이며 동아리 운영 목적외의 불순한 목적(정치, 종교)과 관련이 없는 동아리입니다."
311384,한국정보교육원,"비전공자/고졸 IT개발취업, 의지만 있다면 누구나 IT취업 도전 [최근 취업률93.3%]",,,,,"﻿ 웹 개발자 전망과 신입 취업 준비 방법은? “AI가 다 해준다는데, 이제 웹 개발자는 끝난 거 아니에요?” 요즘 상담을 하다 보면 가장 많이 듣는 질문 중 하나입니다. 실제로 AI, 클라우드, 데이터 직무가 각광받으면서 웹 개발자라는 직무가 상대적으로 덜 주목받는 것처럼 보이기도 합니다. 하지만 현업 채용 시장을 조금만 들여다보면 이야기는 전혀 다릅니다. 기업의 서비스는 여전히 웹 기반 으로 운영되고 있고, AI 역시 웹 서비스 안에서 구현되고 배포됩니다. 다시 말해, AI와 클라우드를 다룰 수 있는 웹 개발자 는 오히려 이전보다 더 명확한 수요 를 갖는 직무가 되고 있습니다. 문제는 “웹 개발자”라는 이름만으로는 부족하다는 점입니다. 이제 기업이 원하는 신입은 단순히 화면을 만들 수 있는 사람이 아니라, 생성형 AI를 활용해 기능을 구현하고, 클라우드 환경에서 서비스까지 배포할 수 있는 인재 입니다. 그렇다면 신입 웹 개발자는 어떻게 준비해야 할까? 비전공자나 입문자 입장에서 가장 어려운 부분은 방향 설정입니다. 독학으로 HTML이나 JavaScript를 조금 공부해도, “이게 취업으로 이어질 수 있을까?” 라는 불안이 계속 따라옵니다. 실제 신입 채용에서 기업이 보는 기준은 명확합니다. 웹 서비스의 전체 구조를 이해하고 있는지 프론트엔드와 백엔드를 연결해 본 경험이 있는지 AI API를 활용한 기능 구현 경험이 있는지 클라우드 환경에서 배포와 운영을 해봤는지 이런 요소들은 단편적인 공부로는 채우기 어렵습니다. 그래서 최근에는 국비지원 풀스택 개발자 과정 을 통해 처음부터 체계적으로 준비 하는 경우가 많아졌습니다. 생성형 AI + 풀스택 + 클라우드, 왜 함께 배워야 할까? 요즘 기업 서비스는 단순한 웹페이지가 아닙니다. 챗봇, 추천 시스템, 자동화 기능처럼 생성형 AI가 포함된 웹 서비스 가 기본이 되고 있습니다. 여기에 그치지 않고, 완성된 서비스를 클라우드 환경에 배포하고 운영할 수 있는 능력 까지 요구됩니다. 한국정보교육원의 풀스택 개발자 국비지원 과정은 이 흐름을 그대로 반영합니다. Java 기반의 백엔드, HTML·CSS·JavaScript·React를 활용한 프론트엔드, 그리고 Docker·Cloud를 활용한 배포 환경까지 단계적으로 학습합니다. 여기에 생성형 AI(LLM API, RAG 구조)를 웹 서비스에 직접 연동해보는 프로젝트까지 포함되어 있어, “AI를 이해하는 웹 개발자”가 아니라 AI를 실제로 쓰는 개발자 를 목표 로 합니다. ​ ﻿ 상담신청 및 등록문의 https://naver.me/x9BbSuAp 한국정보교육원이 주목받는 이유, BHA란? 이 지점에서 많은 분들이 궁금해합니다. “국비지원 학원은 다 비슷한 거 아닌가요?” 여기서 중요한 기준이 바로 BHA(Best HRD Academy) 입니다. BHA는 단순히 오래된 기관에 주어지는 인증이 아닙니다. 취업률, 교육 품질, 훈련생 만족도, 커리큘럼의 산업 적합성, 취업 지원 체계 등을 종합적으로 평가 해 부여되는 고용노동부 최상위 직업훈련 인증입니다. 한국정보교육원은 이 BHA 인증을 5년 연속 유지 해온 부트캠프이며, BHA를 한번 받는데도 전국 3,500여 개 국비교육기관 중에서도 IT분야로는 단 3곳만 해당됩니다. 여기에 더해 K-디지털트레이닝 우수성과기관 으로도 선정되며, 단기 성과가 아닌 지속적인 교육·취업 성과 를 인정받고 있습니다. 한국정보교육원을 선택해야하는 이유 1. 고용노동부 최상위 BHA인증 직업훈련기관 2. KDT우수성과기관 선정 3. 5년 연속 우수훈련기관/BHA 선정 4. 직업능력심사평가원에서 장관상 수여 5. 950+ 취업처 보유 선배 수료자 간담회, 생각보다 큰 차이를 만든다 이 과정의 또 하나의 특징은 취업에 성공한 선배 수료자들과의 정기 간담회 입니다. 여기서는 교과서적인 이야기보다 훨씬 현실적인 조언이 오갑니다. 한국정보교육원에서 어떤 것을 배웠으며, 취업지원 및 취업연계에 어떤 도움을 받았는지 비전공자로 시작했을 때 가장 힘들었던 구간 실제 기업 면접에서 받았던 질문 수업 중 어떤 부분이 현업에서 도움이 되었는지 첫 회사에서 맡게 된 업무와 적응 과정 이런 이야기를 직접 들으면, 막연했던 “개발자 취업” 이 구체적인 경로로 바뀌기 시작합니다. 단순히 공부를 잘하는 것이 아니라, 어떻게 준비해야 취업으로 연결되는지 를 체감 하게 되는 순간입니다. ​ ﻿ 상담신청 및 등록문의 https://naver.me/x9BbSuAp 웹 개발자 전망, 결국 선택의 문제다 웹 개발자라는 직무 자체가 사라지는 일은 없습니다. 다만, 어떤 역량을 갖춘 웹 개발자인가 에 따라 기회는 크게 달라집니다. 생성형 AI를 활용할 줄 알고, 클라우드 배포까지 경험한 신입이라면 이야기는 완전히 달라집니다. 국비지원이라는 제도를 제대로 활용해, 방향이 분명한 커리큘럼과 검증된 교육기관에서 준비하는 것. 그것이 지금 시점에서 가장 현실적인 선택 일 수 있습니다. 조금이라도 궁금하다면, 상담을 통해 본인에게 맞는 과정인지 확인 해보는 것부터 시작해보셔도 좋겠습니다. 결정을 미루는 동안에도, 채용 시장은 계속 움직이고 있으니까요. ​ ﻿ 상담신청 및 등록문의 https://naver.me/x9BbSuAp ​ ﻿ 상담신청 및 등록문의 https://naver.me/x9BbSuAp ﻿"
311382,구름,은행/금융IT 핀테크 100% 연계 기업 인턴십 기회 [핀테크 풀스택개발] 온/오프라인 혼합 부트캠프,,,,,"﻿ 금융IT 핀테크 100% 연계 기업 인턴십 기회 [핀테크 풀스택개발] 온/오프라인 혼합 부트캠프 핀테크 개발자에게는 핀테크 도메인 맞춤 역량이 중요합니다. IT 대기업 전문가의 노하우로 '탄탄한 개발 기본기'를 다지고, 핀테크 기업 연계 프로젝트로 '현업 도메인 지식'까지 확실하게 갖추세요. ✨ 핀테크 취업 경쟁력을 완성하는 핵심 포인트 📌 국내 대표 핀테크 기업과 함께하는 실무 중심 커리큘럼 📌 핀테크 기업과 함께하는 기업 연계 프로젝트 📌 매월 진행하는 핀테크 현직자 멘토링 📌 전문 상담사의 1:1 맞춤형 취업 컨설팅 수업 상세 수업 방식 : 실시간 온라인 & 오프라인 교육 이론수업 - 실시간 비대면 강의 프로젝트 - 매칭된 기업 현장에서 실무 역량강화 기간 및 일정 모집 기간 : 26. 03. 11(수) - 26. 04. 19(일) 교육 기간 : 26. 04. 28(화) - 26. 11. 02(월) 약 6개월 / 약 3달 주기로 개강 예정_다음 기수 예약 가 지원 자격 (필수) 국민내일배움카드를 보유하고 있거나 발급 가능한 분 훈련과정에 적극 참여할 수 있는 높은 학습 의지를 가진 분 상담 및 등록 신청 https://naver.me/GuCiwquT 상담 및 등록 신청 https://naver.me/GuCiwquT"
311381,주식회사 노타,[People & Culture] Culture Intern (체험형),INTERN,,,,"👋 우리 팀을 소개합니다. People & Culture 팀은 노타 구성원들이 공동의 목표에 몰입할 수 있는 환경과 문화를 함께 만들어가는 팀입니다. 채용, 인사정책, 조직 경험 등 구성원의 몰입과 성장을 돕는 ‘입사 전부터 퇴사 후까지’의 여정을 함께하며, 매일 새로운 도전 속에서 더 나은 방식을 찾아갑니다. 또한 외부인의 시선이 아닌 동료로서 함께 고민하고 배우며 성장하는 러닝메이트(Learning Mate)로서의 역할도 중요하게 생각합니다. 📌 해당 포지션으로 합류하신다면 노타다운 조직이란 무엇인지 정의한 후, 회사의 내외부인이 우리의 문화를 느낄 수 있는 경험과 철학을 입체적으로 전달합니다. 우리는 창의적인 아이디어를 통해 노타의 문화가 나아갈 길잡이의 역할을 하며, 현재 만들어지거나 개선이 필요한 제도를 점검하여 합리적인 방식으로 문화 정착을 돕습니다. 자신의 이야기는 물론, 타인의 이야기 또한 자신의 색깔을 담아내 다양한 형태로 재가공하고 발전시키는 것에 성취감과 재미를 느끼는 분과 함께 하고자 합니다. ✅ 주요 업무 노타가 어떤 문화를 가진 조직인지, 일하는 방식이 어떤지에 대해 내/외부에 알려요 노타 팀블로그 관리 및 콘텐츠 정기 투고 각종 채용/사내 브랜딩 기획물 제작 임직원과 회사가 마주하는 변화와 성장에 도움을 줄 수 있는 사내 콘텐츠 제작 노타의 건강한 문화를 활성화하는 프로그램을 기획하고 지원해요 리더십 원칙(LP)과 핵심 가치(CV) 내재화 프로그램 기획 구성원 성장과 조직 학습을 위한 L&D 프로그램 기획 보조 행사 기록, 회고, 분석을 통한 프로그램 개선 아이디에이션 신규입사자 온보딩 프로그램 진행 지원 ✅ 자격요건 IT 스타트업과 AI 산업에 대해 남다른 관심을 가지고 계신 분 긍정적인 조직문화 형성에 열정적인 마음으로 업무에 임하실 수 있는 분 노타의 핵심 가치를 더욱 견고하게 만들기 위해 다양한 도전과 시도를 하실 수 있는 분 어디에서도 좋으니 대외적인 글을 써본 경험이 있으신 분 한 달에 N개 이상의 인터뷰 글을 작성할 자신이 있으신 분 정성적인 현상을 데이터나 지표로 옮겨보려 시도한 경험이 있는 분 작은 단서들을 연결해 맥락을 파악하는 것에 흥미를 느끼는 분 빠른 호흡의 변화와 속도에 적응할 준비가 되신 분 노타라는 조직에 처음부터 끝까지 애정과 관심을 쏟을 수 있는 분 4개월 이상 근무가 가능하신 분 해외 여행에 결격 사유가 없으신 분 ✅ 우대사항 조직문화에 대해 스스로 공부하거나 주기적으로 아티클을 찾아 읽으시는 분 창의적인 시선으로 상황을 바라보고 재해석하는 것을 좋아하시는 분 규모, 대상과 상관없이 행사, 모임 등을 기획하거나 준비해 본 경험이 있으신 분 인터뷰, 취재, 대화를 듣고 글로 풀어본 경험이 있는 분 다양한 AI 툴을 업무 효율 극대화를 위해 활용할 줄 아시는 분 실력과 상관 없이 사진과 기록에 흥미와 관심이 있는 분 영어 활용이 가능하신 분 ✅ 지원 방법 이력서와 자기소개서 제출 [자기소개서 포함 항목] 지원동기 스토리 작성 (택1) “더 넓은 가능성의 영역에서 더 나은 선택지를 만들어내다”라는 주제로 글을 작성해 주세요. 노타의 LP(Leadership Principles) 중 하나를 바꾼다면 왜, 어떤 방식으로 바꾸고 싶은지 작성해 주세요. [자기소개서 작성 시, 아래 내용을 참고해 주세요] 분량은 2000자 내외로 작성해 주세요. 수치적 나열(예: “지원율을 20%에서 80%로 높였다.” 등)보다 사소한 한 가지 일이라도 본인의 철학과 생각을 담은 내용을 기대합니다. 실패했던 경험이어도, 별것 아닌 것으로 보여도 괜찮아요. 결과나 내용보다는 내 생각을 풀어나가는 방식에 초점을 맞추고 있습니다. 이미지, 사진 등 다양한 재료가 들어가도 좋습니다. ✅ 채용 절차 서류 검토 → 1차 인터뷰 → 2차 인터뷰 → 입사 일자 협의 → 최종 선발 (절차 간에 추가적인 과제가 있을 수 있습니다.) ✅ 근무 기간 최소 4개월 (이후 협의 가능) 🤓 팀의 메세지 People & Culture 팀은 변화에 빠르게 반응하고 구성원의 경험을 가장 중요한 기준으로 삼는 팀입니다. 더 나아가 컬쳐 인턴 역할은 단순히 문화를 소개하는 사람이 아니라, 노타의 여러 순간을 관찰하고 해석하고 다시 이야기로 만드는 역할에 가깝습니다. 회사에서 일어나는 크고 작은 경험이 어떤 메시지로 전해져야 하는지, 변화의 흐름을 어떤 방식으로 프로그램과 콘텐츠로 만들 수 있는지 고민하는 과정에서 자연스럽게 브랜딩과 내부 커뮤니케이션, 조직문화 설계의 기본기를 익힐 수 있습니다. 이 포지션은 실제로 문화가 움직이는 현장 한가운데에서 일하게 됩니다. 온보딩 지원, 팀블로그 인터뷰, 리더십과 가치 내재화 프로그램 운영, 행사 기획과 기록처럼 회사의 정체성과 분위기를 만들어가는 여러 실무를 직접 경험하게 됩니다. 스타트업의 조직문화가 어떻게 설계되고 실험되고 고도화되는지 처음부터 끝까지 가까운 자리에서 배울 수 있다는 점은 본인의 커리어에도 의미 있는 경험이 될 것이라 생각합니다. 지원 전, 확인해주세요! 👀 해당 공고는 상시 채용으로, 채용 완료 시 조기 마감될 수 있습니다. 이력서 내 연봉 정보 등 민감한 개인 정보가 기재되어 있다면, 해당 서류는 검토되지 않을 수 있습니다. 제출해 주신 내용 중 허위 사실이 있을 경우 채용이 취소될 수 있습니다. 채용 전 레퍼런스 체크가 있음을 알려드립니다. 최종 인터뷰 합격 시 별도로 처우를 협의합니다. 입사 후 시용기간이 있으며, 이에 대한 처우는 차등을 두지 않음을 알려드립니다. 국가보훈대상자 및 장애인은 관련 법규에 의거하여 우대합니다. 장애인 고용 촉진을 위한 행정적 절차 확인이 필요한 경우, 장애인 등록증 사본을 기타 서류 란에 선택적으로 제출하실 수 있습니다. 제출 여부는 전형 평가에 어떠한 영향도 미치지 않습니다. R&D 모든 포지션에서 전문연구요원, 산업기능요원으로 근무가 가능합니다. (단, 산업기능요원 현역 신규 편입의 경우 불가능) 🔎 읽어보면 도움 되는 관련 자료 노타의 그라운드 룰, LP를 소개합니다 노타는 핵심 가치(CV)를 어떻게 실행할까? 노타의 나침반, 조직문화 기술 이야기 없이 AI 회사를 설명할 수 있나요?"
311380,한국핀테크지원센터,은행IT 개발자 금융IT 핀테크 인턴십 프로젝트 국비지원 온/오프 [핀테크 서비스 기획자] 부트캠프,,,,,"은행IT 개발자 금융IT 인턴 프로젝트 국비지원 온/오프 [핀테크 서비스 기획자] 부트캠프 핀테크 개발자에게는 핀테크 도메인 맞춤 역량이 중요합니다. IT 대기업 전문가의 노하우로 '탄탄한 개발 기본기'를 다지고, 핀테크 기업 연계 프로젝트로 '현업 도메인 지식'까지 확실하게 갖추세요. ✨ 핀테크 취업 경쟁력을 완성하는 핵심 포인트 📌 국내 대표 핀테크 기업과 함께하는 실무 중심 커리큘럼 📌 핀테크 기업과 함께하는 기업 연계 프로젝트 📌 매월 진행하는 핀테크 현직자 멘토링 📌 전문 상담사의 1:1 맞춤형 취업 컨설팅 수업 상세 수업 방식 : 실시간 온라인 & 오프라인 교육 이론수업 - 실시간 비대면 강의 프로젝트 - 매칭된 기업 현장에서 실무 역량강화 기간 및 일정 모집 기간 : 26. 03. 11(수) - 26. 04. 19(일) 교육 기간 : 26. 04. 28(화) - 26. 11. 02(월) 약 6개월 / 약 3달 주기로 개강 예정_다음 기수 예약 가능 지원 자격 (필수) 국민내일배움카드를 보유하고 있거나 발급 가능한 분 훈련과정에 적극 참여할 수 있는 높은 학습 의지를 가진 분 상담 및 등록 신청 문의 https://naver.me/GuCiwquT 상담 및 등록 신청 문의 https://naver.me/GuCiwquT"
311379,(주)엔코아,SK네트웍스 FAMILY AI 캠프 31기,,,,,"🔶 SK네트웍스 FAMILY AI 캠프 31기 교육생 모집 ⭐ 2026, 최신 AI 트렌드를 반영한 커리큘럼 업데이트 AI를 ‘배우는 사람’이 아니라, 기업이 필요로 하는 AI 인재로 성장하는 6개월 교육기간 2026.04.27 ~ 2026.10.02 (총 6개월) 교육방식 / 장소 100% 오프라인 │ 플레이데이터 G밸리캠퍼스 (1호선 독산역 인근) 교육시간 주중 월–금, Full Time 09:00 ~ 18:00 👉 지원 바로가기 : https://buly.kr/CLzgilK ❓ 기업은 어떤 AI 인재를 찾고 있을까요? 단순히 알고리즘을 아는 개발자가 아니라, LLM(초거대 언어모델)을 실제 업무에 활용할 수 있는 사람 입니다. SK네트웍스 FAMILY AI 캠프는 생성형 AI와 LLM을 기반으로 “실무에 바로 투입 가능한 AI 인재”를 목표로 설계된 과정입니다. 📚 현업 기준으로 설계된 단계별 커리큘럼 STEP 1. 프로그래밍 & 데이터 기초 STEP 2. 데이터 분석 · 머신러닝 · 딥러닝 STEP 3. LLM(초거대 언어모델) 이해 및 활용 STEP 4. AI 활용 애플리케이션 개발 STEP 5. Final Project & 현업 멘토링 💼 수료 이후까지 이어지는 취업 지원 교육 중 개발자 취업 특강 선배 수료생과 함께하는 취업 네트워킹 포트폴리오 · 입사지원서 작성 특강 수료 후 기업 채용 설명회 입사지원서 · 포트폴리오 · 기술면접 1:1 컨설팅 플레이데이터 파트너사 채용 추천 💫 SK네트웍스 FAMILY AI 캠프, 이런 점이 다릅니다 ✔ 수강생 후기로 검증된 현업 중심 강사진 ✔ 개인 수준에 맞춘 보충·심화 온라인 강의 ✔ 총 5회 팀 프로젝트 로 실무 경험 축적 ✔ 과정 참여도에 따른 리워드 프로그램 ✔ 최신 AI 실무 기술을 반영한 커리큘럼까지! 🔥 선착순 30명 AI가 취업 경쟁력이 되는 시대, 지금 31기 합류해서 준비하세요! 👉 31 기 지원 바로가기 https://buly.kr/CLzgilK 🎁 SK네트웍스 FAMILY AI 캠프 수강생만을 위한 리워드 프로그램까지! 2026년 KDT 정책 변화 속에서도, SK네트웍스 FAMILY AI 캠프는 수강생의 부담을 함께 고민합니다. 개강 전 준비부터 본 교육 과정 수료까지, 과정 참여도에 따라 다양한 혜택을 제공합니다. 👉 31 기 혜택 확인하기 https://buly.kr/CLzgilK 🔎 SK네트웍스 FAMILY AI 캠프 미리보기 1. 수료생 취업 사례 모음.ZIP ㄴ https://blog.naver.com/aicamp-networks/224172478502 2. 퀄리티 높은 팀 프로젝트 ㄴ https://blog.naver.com/aicamp-networks/224173925417 3. SK네트웍스의 AI 부트캠프를 선택한 이유 ㄴ https://blog.naver.com/aicamp-networks/224171412450"
311377,아산나눔재단,[아산나눔재단] 창업을 꿈꾸는 20대라면? ‘아산 두어스’ 2026 배치 모집(~4/20),,,리더십 | 기타,활동비 | 전문가/임직원 멘토링,"Where Doers Begin 창업의 길을 결심한 20대의 도전을 돕는 인큐베이팅 프로그램 아산 두어스 (Asan Doers) 배치 모집이 시작되었습니다! 🤗 아이디어를 실제 사업으로 만들고, 글로벌 시장에서 도전하며 성장하는 모든 과정을 함께합니다. 📅 모집 2026. 3. 17(화) – 4. 20(월) 15:00 🙋‍♂️ 모집 대상 글로벌을 목표로, 창업을 시작하려는 *20대 예비 창업가/팀 *만 19세부터 29세까지 지원 가능 🎉아산 두어스 혜택 🌍 처음부터 글로벌 - 해외 진출 지원금 인당 1백만 원 - 고객 인터뷰부터 시장 반응 확인까지 전문가와 함께 💼 아이디어를 진짜 사업으로 - 선배 창업가와 함께 실행 전략 수립 - 현직 투자자와 사업을 점검하며 IR·피칭 완성도 강화 - 1:1 전담 코칭으로 계획→실행→회고 과정을 체계적으로 실천 🗣️ 20대 창업가 커뮤니티 - 20대 동료 창업가와의 밀도있는 커뮤니티 - 피드백을 주고 받으며 함께 성장하는 피어 러닝 문화 🏢 500+ MARU 창업가 커뮤니티 - 500개 이상의 스타트업이 함께하는 MARU 커뮤니티 합류 - 공간 · 제휴 혜택 · 멘토링 · 창업가 네트워크 활용 🎙️정주영 창업경진대회 데모데이로 - 총 7천만 원 상금의 정주영 창업경진대회 데모데이 진출 기회 - 창업태계 핵심 투자자 · 파트너 대상 IR 및 네트워킹 기회 20대 예비 창업가/팀의 많은 관심과 참여 부탁드립니다!"
311376,피에프씨테크놀로지스,iOS Engineer(iOS 엔지니어),EXPERIENCED,,,,"PFC ​Technologies ""EXTRAORDINARY ​FINANCE ​FOR THE ​ORDINARY"" 보통 사람을 위한 ​보통이 ​아닌 금융 한국은 ​물론, 진출한 모든 ​시장에서 불가능하다고 ​여겨졌던 ​이정표들을 달성하고 ​있는 ​PFCT는 ​독보적인 금융 기술(Lending ​Tech) ​전문성으로 아시아 금융 ​환경을 ​재편하고 ​있어요. • 대한민국 최고의 ​온투금융사 • B2B AI ​솔루션 ​서비스로 9 ​개국에서 사업을 ​영위하고 ​있는 극소수의 AI ​금융기술회사 • 대형 테크회사보다 ​높은 공헌 이익률 약 80%, 분기 손익분기점을 달성하며 빠르게 성장 중인 스타트업 창의적인 사업 전략과 혁신적인 기술력으로 '보통 사람을 위한 보통이 아닌 금융'을 구현할, 한국을 넘어 아시아 전역에서 활약하는 사업 활동에 가슴 뛰는 최고의 인재를 기다리고 있어요. 지금, PFCT와 함께해요! Client Team은, PFCT 투자-대출 메인 플랫폼인 ‘크플’의 앱/웹 어플리케이션을 개발하는 팀으로, 고객이 AI 금융 서비스를 쉽고 간편하게 이용할 수 있도록 주도적으로 문제를 찾고 개선해요. • 고객에게 최고의 금융 경험을 제공하기 위해 크게 5 가지 서비스의 완성도를 높여요. • 채권형 투자/대출 • AI 대출 능력 관리 • AI 대출 상품 비교 • 앱테크 및 챌린지 • 리테일 상품 핫딜 • 저희 팀은 빠른 러닝 커브와 실행력을 가진 동료들로 구성되어 있으며, 프론트엔드 · iOS · Android 개발자들이 원팀이 되어 서로의 의견을 존중하며 투명하게 소통하고, PO · 디자이너 · 마케터 등 여러 동료들과 긴밀하게 커뮤니케이션 해요. • 자발적인 스터디 활동을 통해 새로운 지식이나 기술 트렌드를 공유하며, 어려움이나 고민은 함께 해결하는 개발 문화를 가지고 있어요. • 누적 150만 유저, 누적 취급액 2조 5천억을 향해가는 플랫폼 개발 과정에서 주도적으로 의견을 내고 참여할 수 있어요. • 트렌디한 기술들을 금융, 리테일 등 다양한 산업에 접목할 수 있는 장점을 가지고 있으며, 금융 도메인만 익히는 게 아닌 다양한 분야로 커리어를 쌓아나가며, 주도적으로 일을 할 수 있어요. • 여러 유명 컨퍼런스에 연사로 참여할 만큼, 클라이언트 팀은 프론 트엔드 기술 발전에 큰 관심을 가지고 있어요. 관련 링크 • 우리의 기술력을 세계에 펼친 iOS개발자 • KWDC24: 개발자로서의 ‘도약’을 꿈꾸며 iOS Engineer는, 🚀 합류하면 이런 일을 해요 • ‘크플’앱의 사용자 경험을 책임지고 개발해요. • ﻿투자/대출 서비스의 핵심 플로우를 개선하고, 새로운 금융 경험을 제공하는 신규 기능을 주도적으로 개발해요. • 단순한 기능 개발을 넘어, 앱 기반의 금융 상품이나 기능을 스스로 기획하고 실험해볼 수 있는 환경이 열려 있어요. • 금융을 넘어 리테일 등 다양한 산업군에 트렌디한 기술을 접목하며 폭넓은 기술적 인사이트를 얻을 수 있어요. • 여러 도메인에 걸쳐 얻은 인사이트들을 기반으로 금융앱에 대한 아이데이션을 하며, 적극적인 소통으로 보다 완성도 높은 앱을 만들어요. 🎯 저희는 이런 분을 찾고 있어요 • Swift 기반 iOS 경력이 2년 이상 또는 그에 준하는 실력을 갖춘 분 • SwiftUI 기반 선언형 방식의 개발에 익숙한 분 • Combine 또는 Swift Concurrency 로 안정적인 비동기 로직과 상태 관리 구현 경험이 있는 분 • MVVM 아키텍처 패턴에 대한 이해 및 프로덕트 적용 경험이 있는 분 ✨ 이런 경험을 가진 분이면 더 좋아요 • 유닛 테스트 및 UI 테스트 자동화 경험이 있는 분 • 다양한 디자인 패턴을 프로덕트에 실제 적용해본 경험이 있는 분 • 유지 보수성과 성능을 고려한 코드 리팩토링 및 구조 개선을 주도해본 경험이 있는 분 • 능동적으로 유저 관점에서 고민하고, 고객이 겪는 문제점을 기술로 해결하고자 하 분 • 코드 리뷰를 통해 동료와 함께 성장하고, 새로운 기술 트렌드를 학습하고 공유하는 것을 즐기는 분 합류 여정에 대해 알려드려요 채용 프로세스 • 서류 전형 → 온라인 코딩 테스트 및 사전 인터뷰 설문 → 1차 인터뷰(Job-Fit) → 2차 인터뷰(Culture Fit) → 3차 인터뷰(Final) → 처우 협의 → 최종 합류 지원 서류 • 이력서(필수/자유 양식) • 포트폴리오(선택) • 제출 형식: PDF 파일 권장 안내 사항 • 내부 사정에 따라 채용 일정 또는 절차가 변경될 수 있으며, 변경 시 별도 안내 드릴 예정입니다. • 제출 서류에 허위 사실이 있거나 결격 사유가 확인될 경우, 합격 또는 입사가 취소될 수 있습니다. • 상황에 따라 추가 인터뷰 및 평판 조회 전형이 추가될 수 있습니다. 채용 문의 • recruit@pfct.co.kr PFCT에 대해 더 자세히 알고 싶다면, 아래 링크를 방문해보세요! 📍 PFCT 홈페이지 📍 PFCT 공식 블로그 '피플로그' ﻿﻿ 📍 PFCT 링크드인"
311375,kt cloud,KT클라우드 직접 설계한 커리큘럼으로 직접 주관하는 '클라우드 인프라' [실시간 온라인] 실무 국비교육,,,,,"모집 과정 웹 개발: 풀스택, 프론트엔드, 백엔드 인프라/혁신 기술: 생성형 AI, 사이버 보안, 클라우드 인프라 , 클라우드 네이티브 프로덕트 전문가: 프로덕트 디자인, 프로덕트 매니지먼트 본 글은 9종의 직무 중 [클라우드 인프라] 직무에 대한 글입니다. 다른 직무를 희망하시는 분은 문의로 남겨주시면 상담 해드리겠습니다. ﻿ 본 과정은 고용노동부가 주최하고 디지털선도기업인 kt Cloud TECH UP 에서 주관하는 K-디지털 트레이닝의 디지털선도기업아카데미 사업 으로 지원됩니다. 본 과정은 클라우드의 확장성과 안정성을 구축하는 인프라 전문가 과정이며 고용노동부에서 국비지원하는 취업교육 프로그램입니다. #클라우드운영 #IaC #비용최적화 #운영자동화 서울에만 집중 되어있는 대규모 대기업 국비지원 부트캠프에 참여하고 싶었지만 현실적인 거리, 경제적으로 참여하지 못한 분들은 집중해주세요! 전국 어디서나, 집에 PC나 테블릿이 오래되서 걱정되셔도 문제 없습니다. 참여자 전원에게 학습용 노트북 무상 대여 ! ﻿ 모집개요 모집과정 클라우드 인프라 전문가 과정 교육비용 19,166,400원 자비부담금 60만원 18,566,400원 국비지원 교육일정 26.05.12 (화) - 26.12.08 (화) 교육시간 월~금 09:00~18:00 ( 비대면실시간강의) 수업방식 100% 온라인 - 비대면 실시간 수업방식 지원자격 ✔️초보자, 비전공자, 전공자 ✔️클라우드 분야 취업 희망자 신청기간 선착순마감(선발합격 기준) 과정소개 📌 안정적인 환경을 설계하고 확장 가능한 기반을 만드는 길 {국내 최고 수준의 클라우드 인프라}를 만든 기술 노하우를 미래 클라우드 인프라 전문가에게 전수합니다. 📌 국내 최대 민간 GPU 클라우드 인프라 운영 경험 kt cloud는 국내 최대 규모의 민간 GPU 클라우드 인프라를 통해 대규모 연산과 안정적인 서비스 운영 노하우를 축적했습니다. 이 경험을 바탕으로 kt cloud와 AWS 환경을 모두 활용한 멀티 클라우드 운영 및 자동화 기술을 실무 중심으로 교육합니다. 📌 이런 분께 추천합니다 대기업 kt cloud 온라인 부트캠프에 참여하여 취업까지 성공하실 분 서울에만 밀집해 있는 대기업 부트캠프에 참여할 거리가 안되셨던 분 클라우드 인프라 및 시스템 엔지니어 지망생 인프라 자동화(IaC) 역량을 쌓고 싶은 개발자 하이브리드/멀티 클라우드 환경에 관심 있는 IT 전문가 참여희망 및 진로상담 https://naver.me/GkUU8Q64 ﻿ 상담 및 신청 문의 https://naver.me/GkUU8Q64 ﻿ 상담 및 신청 문의 https://naver.me/GkUU8Q64"
311374,KGL America Inc.,[미국인턴/플로리다] KGL America 플로리다 법인 Logistics Operations 부문 채용,INTERN,,,,"KGL America Inc. Address : 1800 NW 129th Ave STE 108, Miami, FL Website : http://www.kglnetwork.com/en/ “KGL America Inc.는 글로벌 물류 네트워크를 갖춘 국제 종합 물류기업으로, KGL America Inc.는 미국 캘리포니아주 Gardena에 본사를 두고 있습니다. 미국 로스앤젤레스를 비롯해 마이애미, 샌디에이고 등에 지사를 운영하고 있습니다. 해상 및 항공 운송, 통관, 창고 운영, 공급망 관리 등 다양한 물류 서비스를 제공합니다. 한국, 중국, 베트남 등과의 무역이 활발하며, 전 세계 15개국 27개 지사와 협력하는 글로벌 네트워크를 보유하고 있습니다. 2007년 설립 이후 지속적인 확장을 이어가고 있는 성장하는 기업으로, 전문성과 팀워크를 바탕으로 고객 중심의 서비스를 제공합니다. ” 📍플로리다 남부의 물류 및 무역 중심지인 Doral 지역 인근에 위치해 있으며, 마이애미 국제공항(MIA) 및 주요 항만과 가까워 국제 물류 거점으로 최적화된 위치입니다. 해당 지역은 중남미와의 무역이 활발한 글로벌 관문이며, 다양한 다국적 기업 및 물류회사들이 밀집해 있어 국제 비즈니스 경험을 쌓기에 유리한 환경입니다. 주변에는 쇼핑몰, 한인 식당, 주거시설 등 생활 인프라가 잘 갖춰져 있고, 따뜻한 기후와 다양한 문화가 공존하는 도시 특성상 정착 및 생활 만족도가 높은 편입니다. 영어 및 스페인어 환경에 익숙하거나, 물류·무역 분야에서 경력을 쌓고자 하는 분들께 적합한 근무지입니다. 모집안내 ◾ 채용부문 : Logistics Operations ◾ 근무기간 : 12개월 이상 ◾ 근무시간 : 09:00AM - 18:00PM (1hr lunch) ◾ 급여 : $18/an hour ◾ 연 환산급여 : 약 $37,440 /a year (주 40시간 52주 근무 기준 이며, 주말 및 공휴일 over time 근무에 따라 변동 가능) ◾ 급여 외 보상 : 중식제공, 유급 병가 제공 Job Description ◾ 해상 및 항공 물류 관련 운영 업무 지원 및 보조 ◾ 고객 대응 및 지원 (이메일·전화 커뮤니케이션) ◾ 통관 및 물류 서류 관리 보조 ◾ 창고 운영 및 재고 관련 지원 ◾ 물류 프로세스 전반에 걸친 Operations Support 전형절차 ◾ 문의 신청서 제출(구글폼) ◾ 비자발급 가능 여부 검토 후 개별 전형/기업 안내 실시 ◾ 전달받은 이력서 작성 후 회신(첨삭진행) ◾ 기업 서류/ 화상 면접전형 진행 ◾ 합격자, 미국 스폰서기관 인터뷰 (회사-지원자 간의 보증을 해주는 미국 국무성 지정 기관, 별도 안내예정) ◾ 주한미국대사관 인터뷰 (별도 안내예정) ◾ 출국/출근 접수기간 채용 시 마감 ㈜커리어랩스는 지원자에게 알선비나 기업 매칭에 따른 비용을 받지 않습니다. ⋇ 파견직이 아닌 「합격기업 소속」으로 근무하게 됩니다. ⋇ 비자 발급비용은 본인 부담입니다. 📞 지원문의: Tel. 031-8027-9060 / Email : hr@careerlabs.co.kr 📝 신청서 제출: https://forms.gle/JDniMmJnRN39ESU56"
311373,NHN,[NHN Cloud] AX컨설팅(정규직 전환형 인턴),INTERN,,,,"모집 직무 AX 컨설팅 이런 분이면 더 좋아요 (우대 사항) • 클라우드 서비스 (IaaS, PaaS, GPUaaS) 이용 경험자 및 클라우드 자격증을 보유하신 분 • AI 모델 학습/추론 워크플로우를 활용한 과제/프로젝트 수행 경험이 있으신 분 • 기술 및 비즈니스 이해관계자 대상 커뮤니케이션 스킬을 보유하신 분 (학술대회, 학회 발표 경험자) 이런 업무를 해요 (주요 업무) • 금융/공공/기업 고객 대상 GPUaaS / MLOps 서비스 제공을 위한 아키텍처 설계, 서비스 구축 및 기술지원 • 지원서 작성 시 아래 주제의 포트폴리오 제출 필수 • AI 학습/서비스 또는 MLOPS에 대하여 아래 2가지를 모두 기술해 주세요. • ①본인이 경험한 인프라 아키텍처의 장점 • ②본인이 생각하는 클라우드 서비스를 활용한 최적의 아키텍처 • 약 10분 발표 분량의 PPT / PDF 형태로 제출해 주세요. 꼭 확인해주세요 • 남자의 경우, 병역의무를 필하였거나 면제된 분만 지원 가능합니다. • 해외여행에 결격 사유가 없어야 지원 가능합니다. • 국가보훈해당자 및 장애인은 관련 법률에 의거 우대합니다.(증빙서류 제출자에 한함) • 제출서류에 허위기재 또는 기재착오, 구비서류 미제출 등으로 인한 불이익은 응시자 본인의 책임으로 합니다. • 제출서류나 각종 증명서의 기재내용이 허위일 경우, 응시를 무효로 하며 합격을 취소합니다. • 근무지는 판교 삼평동 플레이뮤지엄(Play Museum)입니다. • 가지고 계신 경험을 충분히 보여주실 수 있도록 학력/경력은 빠짐없이 모두 작성 부탁드립니다. • 해당 포지션은 정규직 전환형 인턴 채용으로, 2개월의 인턴십을 수행합니다."
311372,SEOYON EHWA,[미국인턴/앨라배마][비자스폰 가능기업] 서연이화 미국법인 개발부문 인턴 채용,INTERN,,,,"SEOYON EHWA Address : 7851 Bill Joseph Pkwy, Montgomery, AL 36105 Website: https://www.seoyoneh.com/ 직원수 : 약 600명 이상 “ 서연이화 미국 법인(Seoyon E-Hwa USA)은 글로벌 자동차 내·외장재 전문기업인 서연이화의 북미 생산 및 기술 거점입니다. 서연이화는 1972년 설립 이후 지속적인 기술 혁신을 통해 전 세계 자동차 인테리어 시장을 선도해 왔으며, 현대자동차와 기아의 핵심 파트너사로서 글로벌 완성차 고객사에 고품질 제품을 공급하고 있습니다. 미국 법인은 북미 지역 내 5개 이상의 생산 거점을 기반으로 현대자동차그룹을 비롯한 주요 고객사에 자동차 내장 부품을 안정적으로 공급하며, 북미 시장에서 지속적인 성장을 이어가고 있습니다. 또한 한국 본사를 중심으로 미국, 멕시코, 유럽, 중국, 인도 등으로 이어지는 글로벌 생산 네트워크를 구축하여, 품질(Quality), 원가(Cost), 납기(Delivery) 경쟁력을 확보하고 있습니다. 특히 서연이화 미국 법인은 북미 완성차 생산 거점과 긴밀하게 연계된 현지 밀착형 운영 체계를 바탕으로 자동화된 생산라인과 체계적인 품질 관리 시스템을 운영하고 있으며, 이를 통해 고객 만족을 극대화하고 있습니다.” 모집안내 ◾ 채용부문 : Development Intern ◾ 근무기간 : 12개월 이상 ◾ 근무시간 : 주 40시간 ◾ 급여: $15.5 / an hour ◾ 연 환산 급여 : 약 $32,240 / a year (주 40시간 52주 근무 기준 이며, 주말 및 공휴일 over time 근무에 따라 변동 가능) ◾급여 외 보상 : 숙소 및 차량 제공 (지원자 부담: 차량은 주 $25, 주거비는 주 $45 공제 ), 점심 제공, 야근 시 저녁 제공, 초과근무 수당 지급, 우수근무자 E-2 비자 스폰서십 지원 가능 Job Description Essential Duties and Responsibilities New vehicle development Management supplier part development Management Pilot schedule Built & management Pilot part Qualifications/Requirements Must be able to communication with Team members in English Good written and verbal skills Ability to work within a team environment Ability to multi-task, set priorities and meet strict deadlines Strong organization and interpersonal skills Education/Training/Experience Vehicle engineering, Industrial engineering, Mechanical engineering, Chemical engineering High school diploma or GED required Experience with SAP or manufacturing systems is a plus but not required Any coursework or hands-on experience in automotive, plastics, or manufacturing is preferred. 전형절차 ◾ 문의 신청서 제출(구글폼) ◾ 비자발급 가능 여부 검토 후 개별 전형/기업 안내 실시 ◾ 전달받은 이력서 작성 후 회신(첨삭진행) ◾ 기업 서류/ 화상 면접전형 진행 ◾ 합격자, 미국 스폰서기관 인터뷰 (회사-지원자 간의 보증을 해주는 미국 국무성 지정 기관, 별도 안내예정) ◾ 주한미국대사관 인터뷰 (별도 안내예정) ◾ 출국/출근 접수기간 채용 시 마감 ㈜커리어랩스는 지원자에게 알선이나 매칭에 따른 수수료를 받지 않습니다. ⋇ 파견직이 아닌 「합격기업 소속」으로 근무하게 됩니다. ⋇ 비자 발급비용은 본인 부담입니다. ☎️ 지원문의: Tel. 031-8027-9060 / Email : hr@careerlabs.co.kr 📝 신청서 제출: https://forms.gle/JDniMmJnRN39ESU56"
311371,한국직업능력교육,기숙사有) DB보안/사이버보안 [비전공자/고졸] 국비지원 교육과정 AI활용으로 정보보안 취업,,,,,"기숙사 신청으로 국민취업지원제도 1유형을 만들어, 사라진 전액 100% 국비지원 받고, 훈련장려금 20만원+국취제 1유형 60만원 = 매달 800,000원(+자부담금 면제) 지원 받으며 임베디드 취업교육 받아보세요. 모집개요 교육기간 2026.04.13(월)~2026.11.02(월) (6개월) [다음기수 2~3달 주기로 상시 개강(예약가능)] 교육시간 월-금 09:00~17:40 훈련수당 국취제도 연계 시 최대 80만원 지원 지원자격 취업/이직 희망자, 학력, 경력이 전혀 없더라도 누구나 참여 가능 취업분야 DB전문가, DB보안, 정보보안엔지니어, 사이버보안전문가, 정보보안관제, 서버보안, 서버엔지니어, 네트워크엔지니어 신청절차 신청폼 작성 > 인터뷰 > 최종합격 ㅡㅡㅡㅡㅡㅡㅡㅡㅡㅡㅡㅡㅡㅡㅡㅡㅡㅡㅡㅡㅡㅡㅡㅡㅡㅡㅡㅡㅡㅡㅡㅡㅡㅡㅡㅡㅡㅡㅡㅡㅡㅡㅡㅡㅡㅡㅡㅡㅡㅡㅡㅡㅡㅡㅡㅡㅡㅡㅡㅡㅡ “비전공자라서 IT는 어렵다.” 많은 분들이 이렇게 생각합니다. 하지만 요즘 취업시장은 전공보다 실무역량 을 먼저 봅니다. 특히 사이버보안 분야는 인력 부족이 심각해, 기초부터 차근차근 준비한 비전공자도 충분히 진입할 수 있는 대표적인 직무입니다. [기숙사 보유] 경기 안산에 위치한 한국직업능력교육원 은 이러한 흐름에 맞춰, AI를 활용한 웹접근제어 기반 사이버보안 국비지원 교육과정 을 운영하고 있습니다. 이 과정은 단순 이론 위주의 보안 수업이 아니라, AI와 결합된 최신 보안 트렌드를 현업 중심 으로 익히는 실무형 부트캠프입니다. 왜 사이버보안에 AI가 필수가 되었을까? 과거 보안은 방화벽, 서버 관리 정도로 끝났습니다. 하지만 이제는 수십만 건의 로그와 트래픽을 사람이 일일이 분석하는 시대가 아닙니다. 최근 보안 솔루션들은 AI 기반으로 웹 접근 패턴을 분석하고, 비정상 트래픽이나 공격 징후를 자동으로 탐지·차단합니다. 정부 역시 디지털 전환 정책 에 맞춰 사이버보안 인력 양성 예산을 지속 확대 하고 있으며, 금융·공공·제조·플랫폼 기업 모두 보안 인재 확보에 사활을 걸고 있습니다. 지금 이 분야를 준비하면, 취업시장에서 경쟁자가 아닌 희소 인재 로 평가 받을 수 있습니다. 비전공자도 가능한 커리큘럼 이 과정의 가장 큰 장점은 대학교 1학년 수준의 기초부터 시작 한다는 점입니다. OSI 7계층, 네트워크 구조 이해 리눅스 기반 서버 구축 및 DB 구조 학습 C언어 기반 시스템 프로그래밍 Python 기반 AI 데이터 분석 AI 웹 로그 분석 및 접근제어 모델 설계 6개월 교육과정 중 시작은 완전 기초에서 시작해서 후반부에는 AI 머신러닝 기반 보안 프로젝트 를 통해, 웹접근제어 보안 솔루션 포트폴리오 를 완성 합니다. 실무 전문가 강사진 이 과정은 현업에서 직접 보안 솔루션을 개발하고 운영해온 10년 이상 실무 경력의 보안 전문가 강사진 이 전담합니다. 해외 IT기업 및 대기업 프로젝트 경험 을 가진 강사진이 실제 현장에서 사용하는 방식 그대로 수업을 진행하기 때문에, 수강생들은 단순 코딩이 아닌 현업 감각을 체득 할 수 있습니다. 취업까지 이어지는 체계적인 지원 한국직업능력교육원은 단순 교육기관이 아닙니다. 개별 상담을 통한 진로 설계 이력서·자소서 클리닉 모의면접 및 직무 맞춤 코칭 수료 후 6개월간 사후관리 국내외 6,000여 개 기업과 취업연계 를 통해 실제 채용으로 이어질 수 있도록 끝까지 지원합니다. 원거리 수강생을 위한 1인 1실 기숙사 운영 안산 외 지역 수강생도 걱정할 필요 없습니다. 교육원 인근에 1인 1실 원룸형 기숙사를 운영 하여, 제주도·지방 수강생들도 생활 부담 없이 학습에만 집중 할 수 있습니다. 숙소·주방·욕실까지 완비된 환경이라 장기 과정도 안정적으로 수료할 수 있습니다. 신청시 장점 프라이빗한 1인 1실 (1인실/2인실/4인실 운영) 숙소 비용 절감 훈련생만 이용하는곳으로 안전보장 기숙사 신청으로 국민취업지원제도 1유형을 만들어, 사라진 전액 100% 국비지원 받고, 훈련장려금 20만원+국취제 1유형 60만원 = 매달 800,000원(+자부담금 면제) 지원 받으며 임베디드 취업교육 받아보세요. 수료 후 진출 분야와 연봉 AI 보안 솔루션 개발자 Python 기반 보안 분석가 웹·DB 보안 엔지니어 서버·네트워크 보안 담당자 서버 엔지니어 네트워크 전문가 시스템 엔지니어 사이버보안관제 비전공자·신입 기준 평균 연봉 3,800만 원 이상 , IT 경력자의 경우 4,200만 원 이상 수준의 취업 사례가 이어지고 있습니다. 사이버보안은 더 이상 선택이 아닙니다. AI를 활용한 IT보안 전문가 취업 교육 , 지금 경기 안산 한국직업능력교육원에서 시작해보세요. ▼ ▼ ▼ ▼ ▼ 빠른 상담신청 ▼ ▼ ▼ ▼ ▼ https://naver.me/FG794pnA ▼ ▼ ▼ ▼ ▼ 빠른 상담신청 ▼ ▼ ▼ ▼ ▼ https://naver.me/FG794pnA"
311370,IT국비취업교육센터,국내 유일 클라우드 BHA부트캠프 [AWS/KT/NHN] 클라우드/네트워크 엔지니어 취업학원,,,,,"﻿ 한국정보교육원은 AWS·KT·NHN 국내외 대표 클라우드 기업의 인프라 환경 을 기반으로 한 실무 중심 교육기관 으로, 수많은 수료생을 IT 전문 엔지니어로 배출해왔습니다. 단순한 이론 강의가 아닌 실제 기업 환경과 동일한 인프라를 구축·운영해보며, 서버·네트워크·클라우드 시스템 전반의 실무를 직접 다루는 과정 으로 구성되어 있습니다. 이 교육의 가장 큰 차별점은, 한국정보교육원이 BHA(베스트훈련기관, Best HRD Academy) 인증을 받은 국내 유일의 클라우드 분야 교육기관 이라는 점입니다. 그중 IT분야는 단 3곳뿐이며, 그중 하나가 바로 한국정보교육원입니다. ※BHA는 고용노동부가 전국 5,000여 개 국비교육기관 중 취업률, 교육의 질, 강사진, 시설, 수료생 후기 등을 종합 평가해 IT분야로는 단 3곳만 선정하는 국가 최고 등급 인증 마크 입니다. 또한 한국정보교육원은 5년 연속 우수훈련기관 으로 선정되었으며, K-Digital Training(KDT) 우수성과기관 으로도 공식 인증받았습니다. 이러한 수상과 인증은 단순한 교육기관이 아닌, 취업성과와 실무역량을 모두 검증받은 국가대표 수준의 IT훈련기관 임을 증명합니다. 한국정보교육원의 클라우드 인프라 과정은 비전공자도 대학교 1학년 수준의 기초부터 배우며, 6개월 안에 AWS·KT·NHN 환경의 인프라 엔지니어, 서버운영자, 네트워크 관리자, 클라우드 아키텍트 로 취업할 수 있도록 설계되어 있습니다. 교육 중 실습 장비와 전용 클라우드 계정이 제공되며, 수료 후에는 950개 이상 협약 기업 의 취업연계 지원이 이루어집니다. 국내 클라우드 엔지니어 양성의 중심, BHA 인증기관 한국정보교육원 에서 누구나 가능했던 IT 커리어의 시작을 직접 경험해보세요. 25.01 수료생 취업률 94.7%, 25.07 수료생 취업률 100% 등을 기록하였습니다. 카운팅에 제외된 한명도 공기업 취업을 희망하여 '취업을 유예'한 것이므로 실질적 취업률 100%를 달성했다고 봐도 되는 성과였습니다. 상담신청 https://naver.me/x9BbSuAp ※고용24 홈페이지 발췌 상담신청 https://naver.me/x9BbSuAp"
311369,피에프씨테크놀로지스,ML Engineer(ML 엔지니어),EXPERIENCED,,,,"PFC ​Technologies ""EXTRAORDINARY ​FINANCE ​FOR THE ​ORDINARY"" 보통 사람을 위한 ​보통이 ​아닌 금융 ﻿PFCT는 ​한국은 물론, 진출한 ​모든 시장에서 ​불가능하다고 ​여겨졌던 이정표들을 ​달성하고 ​있는 ​독보적인 금융 기술(Lending ​Tech) ​전문성으로 아시아 금융 ​환경을 ​재편하고 ​있어요. • 대한민국 최고의 ​온투금융사 • B2B AI ​솔루션 ​서비스로 9 ​개국에서 사업을 ​영위하고 ​있는 극소수의 AI ​금융 기술 ​회사 • 대형 테크회사보다 높은 공헌 이익률 약 80%, 분기 손익분기점을 달성하며 빠르게 성장 중인 스타트업 창의적인 사업 전략과 혁신적인 기술력으로 '보통 사람을 위한 보통이 아닌 금융'을 구현할, 한국을 넘어 아시아 전역에서 활약하는 사업 활동에 가슴 뛰는 최고의 인재를 기다리고 있어요. 지금, PFCT와 함께해요! AI R&D Team은, AI R&D Team은 최첨단 ML 인프라와 모델을 활용하여 혁신적 금융 상품을 제공하고 사업적 의사 결정을 자동화함으로써 PFCT의 핵심 사업에 매우 중요한 역할을 하고 있어요. • 우리의 연구 환경은 높은 자유도를 갖고 다양한 방법론을 활용할 수 있는 기회를 제공하고 있으며, 사업을 발전시키기 위한 인사이트를 지속적으로 모색하고 있어요. • 최고의 여신 상품 전략을 수립하기 위한 제품을 개발해요. • 전략의 흐름이 효율적으로 이루어질 수 있도록 프로세스를 설계하고 자동화해요. • 엄격한 정확성 및 확장성이 요구되는 제품 기능들에 대해 구축, 테스트, 배포까지 담당해요. [ 팀이 일하는 방식 ] • 우리는 팀워크를 최우선으로 생각하여 서로의 의견에 존중하고, 투명하게 소통해요. • 누구보다 빠르게 시도하고 능동적으로 행동하며 문제를 해결하고 있어요. 관련 링크 • 안병규 PFCT AI 총괄이사 “서민 위한 중금리 대출 AI 신용평가로 새 시대 열 것” • ""빚 갚을 수 있는 사람이 '돌려막기' 하더라...AI기술로 바꿀 것"" ML Engineer 는, 🚀 합류하면 이런 일을 해요 • 여신 시장의 실제 데이터를 분석하여 신용 평가 및 리스크 관리 모델을 연구 · 고도화해요. • 금융권 모델링/분석 툴인 Airpack의 기초 모듈(모델, 알고리즘 등)을 개발하고 개선해요. • 국내외 기관과의 컨설팅 프로젝트에서 모델 개발, 데이터 분석, 기술 컨설팅을 수행해요. • 개발한 모델이 실제 서비스에 적용될 수 있도록 서빙 파이프라인 구축 및 운영에 참여하고, 모델의 성능을 지속적으로 모니터링하여 개선점을 제안해요. 🎯 저희는 이런 분을 찾고 있어요 • 3년 이상의 데이터 분석, 머신러닝 또는 모델링 관련 실무 경험이 있는 분 • Python 기반의 데이터 분석 라이브러리와 머신러닝/딥러닝 알고리즘에 대해 이해도가 높은 분 • 새로운 영역의 업무라도 빠르게 이해하고, 스스로 학습하여 실행까지 이어갈 수 있는 분 • 동료들과의 적극적인 소통과 협업을 통해 함께 성장하고 싶은 분 ✨ 이런 경험을 가진 분이면 더 좋아요 • 금융/커머스 등 실제 산업의 정형 데이터를 기반으로 의미 있는 결과를 만들어 본 경험이 있는 분 • 모델의 기획부터 검증, 서빙까지 End-to-End ML 파이프라인을 주도적으로 운영해 본 경험이 있는 분 • 특정 기술 스택에 얽매이지 않고, 문제의 본질을 이해하고 해결책을 설계할 수 있는 분 • ICPC, Google Codejam, SCPC등 프로그래밍 경진 대회에서 좋은 결과를 만든 경험이 있는 분 합류 여정에 대해 알려드려요 채용 프로세스 • 서류 전형 → 온라인 코딩 테스트 및 사전 인터뷰 설문 → 1차 인터뷰(Job-Fit) → 2차 인터뷰(Culture Fit) → 3차 인터뷰(Final) → 처우 협의 → 최종 합류 지원 서류 • 이력서(필수 / 자유 양식) • 포트폴리오(선택) • 제출 형식: PDF 파일 권장 안내 사항 • 내부 사정에 따라 채용 일정 또는 절차가 변경될 수 있으며, 변경 시 별도 안내 드릴 예정입니다. • 제출 서류에 허위 사실이 있거나 결격 사유가 확인될 경우, 합격 또는 입사가 취소될 수 있습니다. • 상황에 따라 추가 인터뷰 및 평판 조회 전형이 추가될 수 있습니다. 채용 문의 • recruit@pfct.co.kr PFCT에 대해 더 자세히 알고 싶다면, 아래 링크를 방문해보세요! 📍 PFCT 홈페이지 📍 PFCT 공식 블로그 '피플로그' ﻿﻿ 📍 PFCT 링크드인"
311368,춘천마임축제,2026 춘천마임축제 자원활동가 '깨비' 모집,,,외국어 | 리더십 | 휴학 중/시간 투자 가능,수료증 및 인증서 | 봉사활동시간,"춘천마임축제 엠버서더 ! 자원활동가 깨비 는 땀과 열정으로 시민과 가장 가까이에서 축제를 만들어 나가는 춘천마임축제의 심장 입니다 . 5 월 한 달 동안 다양한 사람들과 만나 교류하고 팀 활동을 통해 축제를 만들어가는 특별한 경험을 함께합니다 . 5 월 , 함께 난장을 만들 도깨비를 찾습니다 !"
311366,(주)아르케,[고용노동부] 2026 AI 잡택트 캠프 1기 참여자 모집 (~4/8) ᐠ( ᐢ ⩊ ᐢ )ᐟ ,,,파워블로거/SNS | 사진/영상/디자인 툴 | 멘토링/수업 진행 경험 | 휴학 중/시간 투자 가능,활동비 | 교통비,"° :. . • ○ ° ★ . * . ★ ° . . . ☾ °☆ . * ● ¸ . ∩ │◥███◣ ╱◥███◣ ╱◥◣ ◥████◣▓∩▓│∩ ║ │╱◥█◣║∩∩∩ ║◥█▓ ▓█◣ ││∩│ ▓ ║∩田│║▓ ▓ ▓∩ ║ ＼북-적／＼북-적／ ʕ•̫͡•ʕ•̫͡•ʔ•̫͡•ʔ•̫͡•ʕ•̫͡•ʔ•̫͡•ʔ [모집] 2026 AI 잡택트 캠프 1기 참여자 모집 (~4/8) ᐠ( ᐢ ⩊ ᐢ )ᐟ ■ 잡택트 캠프(Job-tact Camp)란? 고립과 은둔의 시간을 지나, 다시 세상과 연결되고 싶은 청년들을 위한 '단계별 맞춤형 사회복귀 및 직무역량 강화 프로그램'입니다. ■ 이런 고민을 하고 있다면 꼭 신청하세요!✎ 낯선 사람들과 섞이는 것이 아직은 조금 버거운 분 남들에 비해 너무 늦어버린 건 아닐까 불안한 분 무엇이라도 시작해보고 싶은 간절함이 있는 분 아주 작은 시도로 어제와 다른 오늘을 만들고 싶은 분 ■ 진행 커리큘럼 ᯓ★ (영상, 음원, 웹툰 등 디지털 콘텐츠 분야 직무 탐색 및 일경험 중심) 1단계 [함께 마음을 걷다] (6주) εїз : 1:1 밀착 마음케어를 통한 자존감 회복 및 심리 정비 2단계 [내일을 찾다] (6주) : 5개 거점(서울, 제주, 대전, 광주, 부산) 운영 / 영상, 웹툰, 음원 직무 체험 3단계 [우리를 보여주다] (2주) : 2박 3일 합숙형 해커톤 및 전문가 밀착 케어 프로젝트 수행 4단계 [세상에 닿다] (2주) : 연합뉴스 TV, 디지털타임스 현장 실습 및 기업 온보딩 ■ 참여 혜택 활동 지원금 : 4개월간 월 최대 80만 원 (총 최대 320만 원) 지급 마음케어 : 전문 '마음코디'와 함께하는 1:1 루틴 회복 지원 실무 경험 : 연합뉴스TV, 디지털타임스 현장 방문 및 멘토링 교통비 지원 : 거주지 외 활동 시 시외 교통비 지원 (월 최대 20만 원) ■ 모집 안내 대상 : 만 15세 ~ 34세 이하 고립·은둔 청년 인원 : 총 100명 기간 : ~ 2026년 4월 8일(수)까지 ■ 신청 및 문의 신청방법 : 아르케 홈페이지 접수 ( www.big-tree.kr ) 문의처 : 홈페이지 내 채널톡 상담"
311365,피에프씨테크놀로지스,신규 영업담당자,EXPERIENCED,,,,"PFC ​Technologies ""EXTRAORDINARY ​FINANCE ​FOR THE ​ORDINARY"" 보통 사람을 위한 ​보통이 ​아닌 금융 ﻿PFCT는 ​한국은 물론, 진출한 ​모든 시장에서 ​불가능하다고 ​여겨졌던 이정표들을 ​달성하고 ​있는 ​독보적인 금융 기술(Lending ​Tech) ​전문성으로 아시아 금융 ​환경을 ​재편하고 ​있어요. • 대한민국 최고의 ​온투금융사 • B2B AI ​솔루션 ​서비스로 9 ​개국에서 사업을 ​영위하고 ​있는 극소수의 AI ​금융 기술 ​회사 • 대형 테크회사보다 높은 공헌 이익률 약 80%, 분기 손익분기점을 달성하며 빠르게 성장 중인 스타트업 창의적인 사업 전략과 혁신적인 기술력으로 '보통 사람을 위한 보통이 아닌 금융'을 구현할, 한국을 넘어 아시아 전역에서 활약하는 사업 활동에 가슴 뛰는 최고의 인재를 기다리고 있어요. 지금, PFCT와 함께해요! Lending Unit은, PFCT의 대출 사업 전반을 책임지며, 더 많은 사람이 빠르고 신뢰할 수 있는 금융을 경험할 수 있도록 만드는 조직이에요. 온라인투자연계금융(P2P)을 기반으로 다양한 대출 상품을 운영하며, 상품 기획부터 리스크 관리, 영업 전략, 운영까지 대출 비즈니스의 전 과정을 함께 만들어가요. • 주택담보대출, 개인신용대출, 증권담보대출 등 다양한 대출 상품을 기획 · 운영해요. • 신용평가와 리스크 관리 전략을 통해 안정적인 대출 구조를 설계하고 관리해요. • 온라인 · 오프라인 채널을 통해 대출 모집과 고객 접점을 확장해요. • 고객 여정 전반을 고려한 CRM 전략으로 대출 경험을 지속적으로 개선해요. • 데이터 분석을 기반으로 의사 결정을 고도화하고, 업무 자동화를 통해 운영 효율을 높여요. • 신규 대출 구조와 사업 기회를 발굴하며 대출 비즈니스의 확장을 고민해요. 신규 영업 담당자는, 🚀 합류하면 이런 일을 해요 • 재고객 발굴 및 유치 : 투자 여력이 있는 일반 기업, 투자 동호회, 대부업체 등 다양한 채널을 통해 신규 투자 고객을 발굴하고 플랫폼으로 유치해요. • 네트워크 확장 : 은행 PB 등 금융 전문가와 협업하며 고액 자산가를 포함한 잠재 투자자 네트워크를 넓혀가요. • 투자 컨설팅 : 플랫폼의 강점과 투자 상품을 소개하고, 투자자 성향에 맞춘 투자 솔루션을 제안해요. • 고객 관리 : 투자 이후에도 지속적으로 소통하며 관계를 유지하고, 만족도를 높여 추가 투자를 이끌어내요. 🎯 저희는 이런 분을 찾고 있어요 • 영업 업무 경험이 있는 분(업계 무관) • 탁월한 커뮤니케이션 능력과 대인 관계 구축 능력이 있는 분 • 적극적이고 도전적인 자세로 목표 달성 의지가 강한 분 • 지방 출장이 가능한 분 ✨ 이런 경험을 가진 분이면 더 좋아요 • 법인 또는 기타 투자자 네트워크를 보유한 분 • 금융 상품에 대한 이해도를 보유한 분 • 과거 증권사 또는 PB 쪽에서 영업 및 응대 업무 경험이 있는 분 합류 여정에 대해 알려드려요 채용 프로세스 • 서류 전형 → 1/2차 통합 인터뷰(Job-Fit & Culture Fit) → 3차 인터뷰(Final) → 처우 협의 → 합류 지원 서류 • 이력서(필수/자유 양식) • 포트폴리오(선택) • 제출 형식: PDF 파일 권장 안내 사항 • 내부 사정에 따라 채용 일정 또는 절차가 변경될 수 있으며, 변경 시 별도 안내 드릴 예정입니다. • 제출 서류에 허위 사실이 있거나 결격 사유가 확인될 경우, 합격 또는 입사가 취소될 수 있습니다. • 상황에 따라 추가 인터뷰 및 평판 조회 전형이 추가될 수 있습니다. 채용 문의 • recruit@pfct.co.kr PFCT에 대해 더 자세히 알고 싶다면, 아래 링크를 방문해보세요! 📍 PFCT 홈페이지 📍 PFCT 공식 블로그 '피플로그' ﻿﻿ 📍 PFCT 링크드인"
311363,하이미디어,내일배움카드 잔액 0원도 참여가능한 현업 멘토와 AI서비스개발 조별 프로젝트,,,,,"과정설명 실업자 (K- 디지털 ) 훈련과정으로 , 내일배움카드 잔액이 0 원인 분들도 참여가 가능하고 생성형 AI 를 활용한 프로젝트를 통해 현업자 멘토링 기반 실무 역량을 학습하는 과정 훈련과정명 : 심화 _ 생성형 AI 활용 인재양성과정 ( 조별멘토 ) 훈련기간 : 총 2 개월 단기 심화 과정 수업방식 : 주 2 회 기업 10년차 이상 실무자 멘토링 + 팀 프로젝트 중심 오프라인 수업 훈련형태 : K- 디지털 / 국비지원 과정 ( 내일배움카드 잔액 0 원 참여 가능 ) 신청경로 : 고용 24 ( 내일배움카드 과정 ) ( 나이 , 성별 , 경력과 무관하게 지원 가능하며 과정 목표와 ai 취업 연계성에 따라 적합한 대상자가 우선 선발됩니다 .) 이런 분들께 특히 추천합니다 기존 국비과정을 수강했지만 포트폴리오가 부족하다고 느끼는 분 AI 를 배웠지만 실무 적용 경험이 부족한 분 단기간에 취업에 활용 가능한 결과물을 만들고 싶은 분 대기업 실무자 멘토링을 통해 현실적인 취업 피드백을 받고 싶은 분 교육문의 TEL : 02-3478-0008"
311362,하이미디어강남점,이제는 AI다! 생성형 AI 활용 웹디자인 & 퍼블리셔 국비지원 과정,,,,,"훈련과정명 : ( 디지털디자인 ) 생성형 AI 활용 웹디자인 & 웹퍼블리셔 (Figma) 훈련시간 : 평일 09:30 ~ 18:30 (76 0 시간 / 95 일 ) 교육방식 : 실무 중심 + 프로젝트 + 포트폴리오 지원대상 : 국민내일배움카드를 발급 받아 직업 훈련에 참여를 희망하는 국민 누구나 장소 : 하이미디어아카데미 강남 지원금 : 훈련참여지원수당 지급 혜택 : 영상편집제작 교육 지원 과정의 장점 1. 생성형 AI 를 디자인 실무에 직접 활용 2. Figma 중심의 UI/UX 실무 완성 3. 기획부터 구현 , 발표까지 포함한 포트폴리오 제작 4. 웹디자이너와 웹퍼블리셔 직무 동시 준비 이런 분들에게 추천합니다 웹디자인 및 UI/UX 분야 취업을 희망하는 분 포트폴리오 부족으로 취업 준비에 어려움을 느끼는 분 디자인과 퍼블리싱을 함께 배우고 싶은 분 생성형 AI 를 실무에 활용해 보고 싶은 분 비전공자 또는 커리어 전환을 희망하는 분 교육문의 TEL : 02-3478-0008 하이미디어홈페이지 : https://kangnam.himedia.co.kr/ 고용 24 바로 신청하러가기 - 클릭클릭"
311361,피에프씨테크놀로지스,채권관리 혁신 Lead,EXPERIENCED,,,,"PFC ​Technologies ""EXTRAORDINARY ​FINANCE ​FOR THE ​ORDINARY"" 보통 사람을 위한 ​보통이 ​아닌 금융 ﻿PFCT는 ​한국은 물론, 진출한 ​모든 시장에서 ​불가능하다고 ​여겨졌던 이정표들을 ​달성하고 ​있는 ​독보적인 금융 기술(Lending ​Tech) ​전문성으로 아시아 금융 ​환경을 ​재편하고 ​있어요. • 대한민국 최고의 ​온투금융사 • B2B AI ​솔루션 ​서비스로 9 ​개국에서 사업을 ​영위하고 ​있는 극소수의 AI ​금융 기술 ​회사 • 대형 테크회사보다 높은 공헌 이익률 약 80%, 분기 손익분기점을 달성하며 빠르게 성장 중인 스타트업 창의적인 사업 전략과 혁신적인 기술력으로 '보통 사람을 위한 보통이 아닌 금융'을 구현할, 한국을 넘어 아시아 전역에서 활약하는 사업 활동에 가슴 뛰는 최고의 인재를 기다리고 있어요. 지금, PFCT와 함께해요! Lending Unit은, PFCT의 대출 사업 전반을 책임지며, 더 많은 사람이 빠르고 신뢰할 수 있는 금융을 경험할 수 있도록 만드는 조직이에요. 온라인투자연계금융(P2P)을 기반으로 다양한 대출 상품을 운영하며, 상품 기획부터 리스크 관리, 영업 전략, 운영까지 대출 비즈니스의 전 과정을 함께 만들어가요. • 주택담보대출, 개인신용대출, 증권담보대출 등 다양한 대출 상품을 기획 · 운영해요. • 신용평가와 리스크 관리 전략을 통해 안정적인 대출 구조를 설계하고 관리해요. • 온라인 · 오프라인 채널을 통해 대출 모집과 고객 접점을 확장해요. • 고객 여정 전반을 고려한 CRM 전략으로 대출 경험을 지속적으로 개선해요. • 데이터 분석을 기반으로 의사 결정을 고도화하고, 업무 자동화를 통해 운영 효율을 높여요. • 신규 대출 구조와 사업 기회를 발굴하며 대출 비즈니스의 확장을 고민해요. 채권관리(Collection) 혁신 Lead는, 🚀 합류하면 이런 일을 해요 • PFCT의 채권관리(사후 관리) 전반의 정책 및 채권종류/단계별 전략을 수립해요. • 현행 채권관리 프로세스와 어드민(시스템)을 진단하고, 업계 최고 수준으로 개선 및 고도화해요. • PFCT의 강점인 AI/자동화 기술을 활용하여, 기존에 없던 효율적이고 혁신적인 추심 시스템을 기획하고 구축해요. • 채권관리팀의 조직을 세팅하고, 구성원의 성장을 이끌며 높은 성과를 달성해요. 🎯 저희는 이런 분을 찾고 있어요 • 금융권(은행, 캐피탈, 저축은행, 온투업 등) 채권관리/추심 관련 경력을 7년 이상 보유하셨거나, 그에 준하는 역량을 갖추고 있는 분 • 팀을 리드하고 구성원과 적극적으로 소통하며 동반 성장을 이끌어 본 경험이 있는 분 • 기존의 방식이나 과거의 성공 경험에 얽매이지 않고, 새로운 기술(AI 등)과 환경에 유연하게 적응하며 사고하는 분 ✨ 이런 경험을 가진 분이면 더 좋아요 • 채권관리 관련 정책, 시스템, 프로세스를 직접 수립(Set-up)하거나 혁신적으로 개선해 본 경험이 있는 분 • 개인신용대출 및 주택담보대출 채권관리에 대한 깊은 이해도를 보유하는 분 • 데이터 기반으로 의사 결정을 하거나, IT/개발 부서와의 협업을 통해 시스템을 구축/개선한 경험이 있는 분 • 빠르게 성장하는 핀테크/스타트업 환경에서 주도적으로 업무를 수행해 본 경험이 있는 분 합류 여정에 대해 알려드려요 채용 프로세스 • 서류 전형 → 1차 인터뷰(Job-Fit) → 2차 인터뷰(Culture Fit) → 3차 인터뷰(Final) → 처우 협의 → 합류 지원 서류 • 이력서(필수 / 자유 양식) • 포트폴리오(선택) • PDF 형식으로 제출을 권장드립니다. 안내 사항 • 내부 사정에 따라 채용 일정 또는 절차가 변경될 수 있으며, 변경 시 별도 안내 드릴 예정입니다. • 제출 서류에 허위 사실이 있거나 결격 사유가 확인될 경우, 합격 또는 입사가 취소될 수 있습니다. • Lead 포지션은, 처우 협의 단계에서 평판 조회 전형이 함께 진행됩니다. 채용 문의 • recruit@pfct.co.kr PFCT에 대해 더 자세히 알고 싶다면, 아래 링크를 방문해보세요! 📍 PFCT 홈페이지 📍 PFCT 공식 블로그 '피플로그' ﻿﻿ 📍 PFCT 링크드인"
311360,ART N,제16회 대한민국 호국미술대전,,,,상장 수여,"2026 제16회 대한민국 호국미술대전 1. 출품안내 ○ 공모기간 : 2026. 3. 23.(월) ∼ 6. 18.(목) *출품원서는 육군 인터넷 홈페이지 ‘호국미술대전’에서 다운로드 인터넷 주소 : http://www.mp.mil.kr/hoguk/index.do ○ 출품자격 : 대한민국 국민은 누구나 출품 가능(해외 거주자 및 재외동포 포함) * 디자인 및 조소 분야는 4인 이내 팀으로 출품 가능 * 국내 주재 및 교육중인 외국(우방국) 군인은 출품 가능 ○ 출품수량 / 출품료 : 1인 2점 이내(사진 1인 4점 이내) / 없음 *1인이 2점(사진 4점)을 출품할 경우 원서는 각각 별도로 작성해야 함 ○ 출품분야 : 총 7개 분야 •회 화(한국화, 서양화, 수채화) •서 예(한글, 한문, 서각) •문인화 / 캘리그라피 •디자인(포스터, 카툰, 일러스트레이션, 그래픽디자인, 입체디자인 등(3D프린팅, 굿즈디자인) •사 진(컬러, 흑백) •조 소(조각, 소조) •AI아트(AI활용 미술 작품, 딥시크 프로그램 생성작품 출품 금지) ○ 공모주제 : 예술을 통한 국민과 장병의 호국안보의지 함양 •대한민국을 사랑하고 지키려는 애국심 •강한 육군, 신뢰받는 육군 •자랑스러운 육군, 매력있는 육군 / 첨단기술로 무장한 미래 육군 •세계평화 유지에 기여하는 대한민국 국가대표 육군 * 기타 호국 안보를 주제로 한 다양한 창의적 작품 2. 작품 규격 ○ 회 화 : 100호 이내/액자틀의 한쪽 폭은 15cm 이내 ○ 서예, 문인화, 캘리그래피 : 70cm × 140cm 이내 ○ 서 각 : 가로 35cm × 세로 50cm 이내 ○ 디자인 : A1사이즈(594mm×841mm) / 입체디자인(가로×세로×높이 합 1m 이내) ○ 사 진 : 장변 3,000pixel 이상, 해상도 150dpi이상 jpg, jpeg파일(카메라, 핸드폰, 드론작품 모두 가능) ○ 조 소 : 실내전시 가능 규격(좌대 제외한 크기가 가로×세로×높이 합 3m 이내) ○ AI 아트(이미지) : Jpeg, jpg, png(300dpi 이상 권장, 30mb이하) * AI 프로그램 활용하여 생성한 디자인, 사진, 캘리그라피, 그림 등 모든 미술 관련 작품(단, 동영상은 제외하며 딥시크 프로그램 사용 생성작품 출품 금지) * 작품 제작 과정에 AI가 일부라도 활용된 경우, AI아트 분야로만 제출 3. 전시작품 및 유의사항 ○ 순수창작품으로 국내·외에서 미발표한 신작이며, 타 공모전 수상 및 저작재산권 침해로 인정되는 작품 제외(저작재산권 침해 시 수상 취소, 상장·상금 무효처리) *인공지능(AI)을 활용한 작품 제출시 출품원서에 관련 내용 기재 ○ 사진작품 중 디지털 합성 작품으로 판명될 경우 심사에서 배제, 입상작 이상은 원본 파일을 수상발표 후 7일 이내 제출(미제출시 수상 취소), 대상~우수상 수상작은 추후 전시가능한 크기로 재제출 ○ 서예·캘리그래피·문인화 분야 작품 접수 시 출처 원본을 기재해야 하며, 오자 발생 시에는 낙선 처리 (예:문집총간 ○권 ○쪽, 출판사명, 서명 및 쪽수) ○ 서예(서각 제외)·캘리그래피·문인화 분야 입상자는 현장휘호를 실시 (현장휘호 개별 공지, 원서작성 시 연락처 필히 기재) ○ 전시 중 파손 등의 위험성이 없는 작품 (예:액자에 유리, 아크릴 사용 금지) ○ 입상작 전시 연출·도록·홍보 등은 육군본부와 협의하여 진행 4. 작품 접수 ○ 1차 접수 : 파일 및 등기우편 접수 •접수기간 : 6. 16.(화) ~ 6. 18.(목) 17:00시 도착 분에 한함 •해당분야 ·회화·서각·디자인·사진·조소·AI아트 : 작품 촬영 파일로 접수 ·서예·캘리그래피·문인화 : 작품원본 제출(미표구 작품, 표구는 별도 공지) •접수방법 : 작품사진 촬영 파일(용량 30Mb 이내), 출품원서 ·조소, 입체디자인은 전․후․좌․우, 자유 위치 등 5장의 사진 제출(홈페이지 양식 참조) ·작품 뒷면에 작품명, 성명, 주소(우편번호), 전화번호(휴대폰) 등을 정확히 기재 ·병사는 소속부대(0사단 0여단 0대대 0중대), 휴대폰(본인 및 담당간 기재), 부대주소, 집주소(연락처) 기재 •작품접수처 : 경기도 하남시 미사강변한강로 135, 나동 534호(망월동, 미사강변스카이폴리스) •출품원서 및 사진파일 접수처 : 구글폼( http://zrr.kr/GCdpdt) 또는 hoguk@art-n.co.kr •접수문의처 : 070-8648-3450 ○ 2차 접수 : 액자로 제작된 실제 작품(1차 심사에 통과한 작품만 해당) •우편/방문접수 : 7. 28.(화)~7. 29.(수) 10:00~17:00 *제출 날짜와 시간 엄수, 우편은 반드시 등기우송 •작품 접수 시 유의사항 ·작품 뒷면에 작품명, 성명, 주소(우편번호), 전화번호(휴대폰) 등을 정확히 기재 ·회화는 액자화된 실제작품 제출 ·조소, 입체디자인의 경우 접수 시 받침대 포함 제출 ·사진, 시각디자인, AI아트는 액자제작 작품 제출외 이미지를 e-mail로 동시 제출 ·서예·캘리그래피·문인화 : 배접 및 표구 협의 예정 •작품접수처 : 1차 심사결과 발표 시 별도 공지 •접수문의처 : 070-8648-3450 5. 심사기간 및 결과 발표 ○ 1차 심사 •심사일자 : 7. 7.(화) •심사장소 : 계룡문화예술의 전당 •결과발표 : 7. 14.(화) 이내 /호국미술대전 및 후원협회 홈페이지, 개별통보 ○ 2차 심사 •심사일자 : 7. 30.(목) * 도록촬영/현장휘호 : 7.31.(금) / 8.1.(토) •심사장소 : 미정 •결과발표 : 8. 6(목) 이내 /호국미술대전 및 후원협회 홈페이지, 개별통보 6. 시상 / 전시 ○ 시상내용 •대 상 : 대통령 상장 상금(1,000만원) 1명 •최 우 수 상 : 국방부장관 상장 상금(300만원) 8명 •우 수 상 : 육군참모총장 상장 상금(150만원) 18명 •장병우수상 : 육군참모총장 상장 상금(100만원) 6명 •특 선 : 육군참모총장 상장 문화상품권 30명 •입 선 : 육군참모총장 상장 기념품 000명 •특 별 상 : 육군참모총장 상장 기념품 00명 ※ 대상, 최우수상, 우수상(장병우수상) 수상작품은 육군본부에 귀속되며, 매입비는 상금으로 대체 / 국방부 및 행정안전부 협의에 따라 상장 훈격 변경 가능 ○ 시상식 •일시 / 장소 : 9. 16.(수), (세부일정 별도 공지) / 전쟁기념관(서울 용산) •주관 : 육군참모총장 •대상 : 33명(대상 1명, 최우수상 8명, 우수상 18명, 장병우수상 6명) ○ 작품 표구 •서예·문인화 입선작 이상 작품은 주최 측에서 일괄 표구하되 표구비용은 출품자가 부담(추후 개별공지)하며, 표구하지 않는 작품은 낙선 처리됨. 7. 작품반출 ○ 낙선작품 : 8. 5.(화)∼8. 6.(수), 10:00 ~ 17:00 / 지정장소(개별통보) ○ 전시작품 : 9. 29.(월), 10:00 ~ 14:00 / 전쟁기념관 1층 전시실(전 지역 입상작) ※ 작품반출 시 신분증 지참 및 시간 준수. 4차 반출 시까지 찾아가지 않는 작품은 책임지지 않으며, 본인 요청에 의거 택배 반환 시 포장 및 배송비용은 본인 부담. 상기 일정은 변경 가능하며, 변경 시 별도 통보함."
311359,멜로디코리아(주),상세페이지를 ‘움직이게’ 만들 디자이너 찾습니다(AE 필수),,,,,"1. 우리는 이런 팀입니다 SOOPII는 모바일 액세서리 및 IT 제품을 기반으로 디자인과 실용성을 결합한 제품을 만들어가는 브랜드입니다. 멜로디코리아(주)는 2003년 창립 이후 충전기, 케이블, 멀티탭 등 약 130여 종의 제품을 유통·판매하고 있으며, 특히 비비드 시리즈(멀티탭 / 케이블 / 충전기) 는 2025년 4월 출시 이후 온·오프라인 누적 20,000개 이상 판매, 교보문고, YES24, 네모네 등 국내 주요 오프라인 매장 32곳에 입점 되어 있습니다. (www.melodykorea.com) -> 우리가 만드는 콘텐츠는 “ 보여주기용”이 아니라 실제 판매로 이어지는 콘텐츠 입니다. 2. 이런 일을 합니다 제품 상세페이지용 GIF / 모션 콘텐츠 제작 After Effects 기반 제품 기능 시각화 (충전, LED, 구조 등) 3D 렌더 이미지 기반 모션 콘텐츠 제작 3. 이런 분을 찾습니다 After Effects를 활용한 모션 디자인이 가능한 분 Photoshop / Illustrator 결과물을 기반으로 완성도를 끌어올리는 후가공 작업이 가능한 분 단순한 디자인이 아닌 움직임과 타이밍으로 제품을 더 잘 보이게 만드는 분 GIF / 영상 등 상세페이지 콘텐츠 제작 경험이 있는 분 관련 경력 2년 이상 움직임과 타이밍으로 제품을 더 잘 보이게 만드는 분 4. 이 포지션의 매력 모션 콘텐츠를 처음부터 직접 리드할 수 있는 포지션 본인의 결과물이 매출로 바로 이어지는 경험 빠르게 성장 중인 브랜드에서 콘텐츠 방향성을 만들어갈 수 있는 기회 기존 디자이너와 역할이 분리된 핵심 실무 포지션 5. 지원 방법 이력서 모션 / GIF 작업 관련 제작물 파일 제출 -> master@melodykorea.com “내가 만든 모션 하나로 ‘상품이 팔리는 경험’, 멜로디 코리아(주)에서 하실 분 찾습니다.”"
311358,ibm/하이미디어,글로벌 기업 IBM x Red Hat과 함께하는  AI 서비스 개발 교육생 모집,,,,,"신청대상 내일배움카드 발급자 6~8 개월 과정 끝까지 수료하며 취업의지가 강한 분 휴학생 포함 ( 졸업까지 남은 2 년 이내 ) 관련전공학과 또는 전문대졸 이상 우대 나이 , 성별 , 경력과 무관하게 지원 가능하며 과정 목표와 ai 취업 연계성에 따라 적합한 대상자가 우선 선발됩니다 . 과정의 차별화 포인트 LLM, 이미지 / 음성 생성 모델 활용 AI 심화 프로젝트 Cloud Native 기반 프로젝트 발표회 AI + 클라우드 기반 서비스 개발 실전 포트폴리오 완성 현직자 멘토링 + 실전 포트폴리오 완성 교육정보 과정 : [IBM x RedHat] AI Transformation - AX Academy 시간 : 960 시간 / 120 일 ( 월 ~ 금 09:30~18:30) 교육장소 : 강남 / 종로 / 신촌 수강료 : 조건 충족 시 훈련비 최대 100% 국비 지원 지원금 : 훈련장려금 지급 교육문의 / 홈페이지 TEL : 02-3478-0008 IBM 지원홈페이지 : https://knam.hi-kdt.com/ https://knam.hi-kdt.com/ [ 참고 ] [IBM x RedHat] AI Transformation - AX Academy 주최 : 고용노동부 선도기업 : IBM X RedHat 운영기관 : 대한상공회의소 파트너기관 : 하이미디어 아카데미 하이미디어 아카데미는 선도기업의 파트너 기관으로서 훈련생들이 훈련에 필요한 인프라 등을 제공을 하고 있습니다 ."
311357,피에프씨테크놀로지스,Android Engineer(안드로이드 엔지니어),EXPERIENCED,,,,"PFC ​Technologies ""EXTRAORDINARY ​FINANCE ​FOR THE ​ORDINARY"" 보통 사람을 위한 ​보통이 ​아닌 금융 ﻿PFCT는 ​한국은 물론, 진출한 ​모든 시장에서 ​불가능하다고 ​여겨졌던 이정표들을 ​달성하고 ​있는 ​독보적인 금융 기술(Lending ​Tech) ​전문성으로 아시아 금융 ​환경을 ​재편하고 ​있어요. • 대한민국 최고의 ​온투금융사 • B2B AI ​솔루션 ​서비스로 9 ​개국에서 사업을 ​영위하고 ​있는 극소수의 AI ​금융 기술 ​회사 • 대형 테크회사보다 높은 공헌 이익률 약 80%, 분기 손익분기점을 달성하며 빠르게 성장 중인 스타트업 창의적인 사업 전략과 혁신적인 기술력으로 '보통 사람을 위한 보통이 아닌 금융'을 구현할, 한국을 넘어 아시아 전역에서 활약하는 사업 활동에 가슴 뛰는 최고의 인재를 기다리고 있어요. 지금, PFCT와 함께해요! Client Team은, PFCT 투자-대출 메인 플랫폼인 ‘크플’의 앱/웹 어플리케이션을 개발하는 팀으로, 고객이 AI 금융 서비스를 쉽고 간편하게 이용할 수 있도록 주도적으로 문제를 찾고 개선해요. 고객에게 최고의 금융 경험을 제공하기 위해 크게 5 가지 서비스의 완성도를 높이고 있어요. • 채권형 투자/대출 • AI 대출 능력 관리 • AI 대출 상품 비교 • 앱테크 및 챌린지 • 리테일 상품 핫딜 저희 팀은 빠른 러닝 커브와 실행력을 가진 동료들로 구성되어 있으며, 프론트엔드 · iOS · Android 개발자들이 원팀이 되어 서로의 의견을 존중하며 투명하게 소통하고, PO · 디자이너 · 마케터 등 여러 동료들과 긴밀하게 커뮤니케이션 해요. 자발적인 스터디 활동을 통해 새로운 지식이나 기술 트렌드를 공유하며, 어려움이나 고민은 함께 해결하는 개발 문화를 가지고 있어요. 누적 150만 유저, 누적 취급액 2조 5천억을 향해가는 플랫폼 개발 과정에서 주도적으로 의견을 내고 참여할 수 있어요. 트렌디한 기술들을 금융, 리테일 등 다양한 산업에 접목할 수 있는 장점을 가지고 있으며, 금융 도메인만 익히는 게 아닌 다양한 분야로 커리어를 쌓아나가며, 주도적으로 일을 할 수 있어요. 여러 유명 컨퍼런스에 연사로 참여할 만큼, 클라이언트 팀은 프론 트엔드 기술 발전에 큰 관심을 가지고 있어요. 관련 링크 • 우리의 기술력을 세계에 펼친 iOS개발자 • KWDC24: 개발자로서의 ‘도약’을 꿈꾸며 Android Engineer는, 🚀 합류하면 이런 일을 해요 • 돈을 벌고, 모으고, 아낄 수 있는 활동을 망라한 투자-대출 관리 플랫폼 ‘크플’의 앱/웹 사용 여정을 개발 및 개선해요. • 단순 금융 서비스가 아니라 온투금융사 최초로 투자, 대출, 앱테크, 리테일 핫딜 등이 한데 모여진 고객의 금융 • 생활 밀착형 플랫폼을 만들어 나갈 수 있으며, 엔지니어가 자유롭게 앱 기반의 상품을 기획해 볼 수 있는 기회도 열려있어요. • ‘크플’ 앱 서비스의 고객수 증가에 따라 B2C 대규모 앱을 만들어 나가며 커리어를 확장할 수 있어요. 🎯 저희는 이런 분을 찾고 있어요 • 2년 이상 Kotlin을 활용한 안드로이드 개발 경험이 있는 분 • Kotlin 개발 경험이 풍부한 분 • Room, Paging 등 Jetpack에 능통한 분 • Dagger Hilt, Data binding, Retrofit2 + OkHttp3의 경험이 있는 분 • MVVM, MVI와 같이 다양한 아키텍처 및 디자인 패턴에 익숙한 분 ✨ 이런 경험을 가진 분이면 더 좋아요 • 최신 개발 트렌드에 대해서 관심이 있고, 프로젝트에 접목 시켜본 경험이 있는 분 • 유저 경험에 관심이 많고, 금융 서비스의 이해 및 경험이 있는 분 • 최신 개발 트렌드에 대한 관심 및 최적화된 인터페이스를 지향하는 분 • 지속적인 코드 최적화 및 유지 보수 경험이 있는 분 • 경험을 활용하는 것 이외에도 직관과 다양한 시각으로 문제 해결에 접근하는 분 • 뛰어난 의사소통 능력과 어려운 기술 문제를 해결하려는 열정이 있는 분 합류 여정에 대해 알려드려요 채용 프로세스 • 서류 전형 → 온라인 코딩 테스트 및 사전 인터뷰 설문 → 1차 인터뷰(Job-Fit) → 2차 인터뷰(Culture Fit) → 3차 인터뷰(Final) → 처우 협의 → 최종 합류 지원 서류 • 이력서(필수/자유 양식) • 포트폴리오(선택) • 제출 형식: PDF 파일 권장 안내 사항 • 내부 사정에 따라 채용 일정 또는 절차가 변경될 수 있으며, 변경 시 별도 안내 드릴 예정입니다. • 제출 서류에 허위 사실이 있거나 결격 사유가 확인될 경우, 합격 또는 입사가 취소될 수 있습니다. • 상황에 따라 추가 인터뷰 및 평판 조회 전형이 추가될 수 있습니다. 채용 문의 • recruit@pfct.co.kr PFCT에 대해 더 자세히 알고 싶다면, 아래 링크를 방문해보세요! 📍 PFCT 홈페이지 📍 PFCT 공식 블로그 '피플로그' ﻿﻿ 📍 PFCT 링크드인"
311354,아산나눔재단,[아산나눔재단] 창업을 꿈꾸는 20대라면? ‘아산 두어스’ 2026 배치 모집 (~4/20),,,,,"Where Doers Begin 창업의 길을 결심한 20대의 도전을 돕는 인큐베이팅 프로그램 아산 두어스 (Asan Doers) 배치 모집이 시작되었습니다! 🤗 아이디어를 실제 사업으로 만들고, 글로벌 시장에서 도전하며 성장하는 모든 과정을 함께합니다. 📅 모집 2026. 3. 17(화) – 4. 20(월) 15:00 🙋‍♂️ 모집 대상 글로벌을 목표로, 창업을 시작하려는 *20대 예비 창업가/팀 *만 19세부터 29세까지 지원 가능 🎉아산 두어스 혜택 🌍 처음부터 글로벌 - 해외 진출 지원금 인당 1백만 원 - 고객 인터뷰부터 시장 반응 확인까지 전문가와 함께 💼 아이디어를 진짜 사업으로 - 선배 창업가와 함께 실행 전략 수립 - 현직 투자자와 사업을 점검하며 IR·피칭 완성도 강화 - 1:1 전담 코칭으로 계획→실행→회고 과정을 체계적으로 실천 🗣️ 20대 창업가 커뮤니티 - 20대 동료 창업가와의 밀도있는 커뮤니티 - 피드백을 주고 받으며 함께 성장하는 피어 러닝 문화 🏢 500+ MARU 창업가 커뮤니티 - 500개 이상의 스타트업이 함께하는 MARU 커뮤니티 합류 - 공간 · 제휴 혜택 · 멘토링 · 창업가 네트워크 활용 🎙️정주영 창업경진대회 데모데이로 - 총 7천만 원 상금의 정주영 창업경진대회 데모데이 진출 기회 - 창업태계 핵심 투자자 · 파트너 대상 IR 및 네트워킹 기회 20대 예비 창업가/팀의 많은 관심과 참여 부탁드립니다!"
311352,피에프씨테크놀로지스,Backend Engineer(백엔드 엔지니어),EXPERIENCED,,,,"PFC ​Technologies ""EXTRAORDINARY ​FINANCE ​FOR THE ​ORDINARY"" 보통 사람을 위한 ​보통이 ​아닌 금융 ﻿PFCT는 ​한국은 물론, 진출한 ​모든 시장에서 ​불가능하다고 ​여겨졌던 이정표들을 ​달성하고 ​있는 ​독보적인 금융 기술(Lending ​Tech) ​전문성으로 아시아 금융 ​환경을 ​재편하고 ​있어요. • 대한민국 최고의 ​온투금융사 • B2B AI ​솔루션 ​서비스로 9 ​개국에서 사업을 ​영위하고 ​있는 극소수의 AI ​금융 기술 ​회사 • 대형 테크회사보다 높은 공헌 이익률 약 80%, 분기 손익분기점을 달성하며 빠르게 성장 중인 스타트업 창의적인 사업 전략과 혁신적인 기술력으로 '보통 사람을 위한 보통이 아닌 금융'을 구현할, 한국을 넘어 아시아 전역에서 활약하는 사업 활동에 가슴 뛰는 최고의 인재를 기다리고 있어요. 지금, PFCT와 함께해요! Back-end Team은, Backend Team은 크플의 핵심 금융 서비스 전반을 책임지고 있어요. • “금융의 복잡함을 코드로 풀어내고 있어요.” 대출, 투자, 상환, 정산 등 금융 현장의 복잡한 비즈니스 로직을 안정적이고 확장 가능한 시스템으로 구현해요. 수천 건의 트랜잭션이 정확하게 처리되고, 고객이 신뢰할 수 있는 서비스를 만드는 것이 우리의 목표예요. • “플랫폼으로 제품의 성장을 가속합니다.” 스쿼드가 빠르게 실험하고 배포할 수 있도록 공통 플랫폼과 API를 제공해요. 때로는 백엔드의 경계를 넘어, 필요한 어드민이나 도구를 직접 구현(Full-stack)하여 운영 효율을 극대화하고 있어요. 제품팀이 본질적인 고객 가치에만 집중할 수 있도록 돕는 일이에요. • DDD와 Clean Architecture를 기반으로 도메인을 모델링하고, EDA로 확장 가능한 시스템을 구축하며, 100% AWS 클라우드 환경에서 마이크로서비스를 운영하는 것도 저희의 역할이에요. 관련 링크 • 은행의 공식을 따르지 않는 ‘보통이 아닌 코어뱅킹’ 이야기 PFCT 기술 스택 • Language : Python, Kotlin, TypeScript • Framework : Django, Spring Boot, NestJS, React/Next.js • Database : MySQL, PostgreSQL, Redis, DynamoDB • Messaging : Kafka, Celery, RabbitMQ • Infra : AWS, Docker, Jenkins, ArgoCD • Monitoring : Prometheus, Grafana, Sentry, Pinpoint • Architecture : DDD, Clean Architecture, EDA, CQRS Back-end Engineer는 🚀 합류하면 이런 일을 해요 • 대출, 투자, 상환 등 핵심 금융 서비스를 설계하고 구현해요. • 여신, 이자 계산, 정산, 거래 처리 등 계정계 로직을 개발해요. • 크플서버, 포인트서버, 알림 플랫폼 등 공통 서비스를 개발하고 운영해요. • 내부 운영 효율화를 위한 어드민 시스템 및 Back Office 풀스택을 개발해요. • 분산 트랜잭션 환경에서 데이터 정합성을 보장해요. 🎯 저희는 이런 분을 찾고 있어요 우리가 중요하게 보는 것은 특정 프레임워크 경험이 아니에요. Python이든 Kotlin이든, 새로운 스택은 팀에서 온보딩하고 있어요. 대신, 다음과 같은 기본기가 탄탄한 분을 찾고 있어요. • 튼튼한 백엔드 능력을 5년 이상 보유한 분 • 자료구조, 네트워크, 데이터베이스 등 CS 기본 개념 • RESTful API 설계 및 구현 • RDBMS 트랜잭션과 정합성 보장에 대한 이해 • 복잡한 도메인을 다루는 설계 능력을 보유한 분 • 비즈니스 로직을 명확하게 모델링하고 코드로 표현 • 낮은 결합도, 높은 응집도를 추구하는 설계 • 테스트 가능하고 유지 보수 가능한 구조 설계 • AI를 활용한 개발 능력을 보유한 분 • Cursor, Copilot 등 AI 도구를 활용해 생산성을 높이는 능력 • AI가 생성한 코드를 검증하고 개선할 수 있는 판단력 • 새로운 도구와 기술을 빠르게 습득하고 업무에 적용하는 자세 • 문제 해결력과 원활한 커뮤니케이션이 가능한 분 • 장애 상황에서 원인을 추적하고 해결하는 능력 • 기획자, 디자이너, 동료 개발자와 명확하게 소통 • 복잡한 기술적 내용을 쉽게 설명하는 능력 • 내 영역이 아니더라도(Frontend/Infra) 문제 해결을 위해 적극적으로 파고드는 자세 ✨ 이런 경험을 가진 분이면 더 좋아요 • Python(Django, Django Ninja) 또는 Kotlin/Spring 기반 서비스 개발을 해본 분 • 금융 서비스(대출 · 투자 · 정산 · 계정계) 개발 경험이 있는 분 • 이벤트 기반 아키텍처(Kafka · RabbitMQ · Celery) 적용 경험이 있는 분 • DDD, Clean Architecture 기반 설계 경험을 해본 분 • 대규모 트래픽 또는 분산 트랜잭션 환경 운영 경험이 있는 분 • React, Next.js 등을 활용해 어드민(Back-office) 페이지를 직접 구축해 본 경험이 있는 분 • 온투업/P2P 금융에 대한 이해가 높은 분 합류 여정에 대해 알려드려요 채용 프로세스 • 서류 전형 → 현장 코딩 테스트 및 1차 인터뷰(Job-Fit) → 2차 인터뷰(Culture Fit) → 3차 인터뷰(Final) → 처우 협의 → 최종 합류 지원 서류 • ​이력서(필수 / 자유 양식) • ​포트폴리오(선택) • ​제출 형식: PDF 파일 권장 안내 사항 • ​ 내부 사정에 따라 채용 일정 또는 절차가 변경될 수 있으며, 변경 시 별도 안내 드릴 예정입니다. • ​ 제출 서류에 허위 사실이 있거나 결격 사유가 확인될 경우, 합격 또는 입사가 취소될 수 있습니다. • ​ 상황에 따라 추가 인터뷰 및 평판 조회 전형이 추가될 수 있습니다. 채용 문의 • ​recruit@pfct.co.kr PFCT에 대해 더 자세히 알고 싶다면, 아래 링크를 방문해보세요! 📍 PFCT 홈페이지 📍 PFCT 공식 블로그 '피플로그' ﻿﻿ 📍 PFCT 링크드인"
311351,CJ올리브네트웍스,[CJ올리브네트웍스/국비지원무료교육] 2026 인천 인공지능(AI) 전문인력 양성과정 교육생 모집,,,,,"☞ 교육 신청하기(클릭) ☜ https://forms.gle/49shphGBc8YGkxNw8 안녕하세요 CJ올리브네트웍스 K-하이테크플랫폼 사무국입니다. 「2026년 인공지능(AI) 전문인력 양성 사업」 교육생을 모집합니다. 🙂 이번 교육은 생성형 AI 기초 활용 부터 AI 챗봇 서비스 개발 , 바이브코딩 기반 AI 앱 제작 , React·Vue 기반 AI 서비스 구현 까지 수준별·주제별로 폭넓게 구성된 실무 중심 프로그램입니다. [이런 분께 추천합니다] • ChatGPT, 생성형 AI를 실무에 제대로 활용해보고 싶은 재직자 • 보고서 작성, 문서 정리, 데이터 업무 자동화에 관심 있는 분 • AI 챗봇, 웹서비스, 프론트엔드 연계까지 직접 구현해보고 싶은 분 • AI 트렌드를 배우는 데서 끝나지 않고 결과물까지 만들어보고 싶은 분 [모집 개요] • 모집규모: 과정별 25명 내외 • 교육비: 전액 무료 • 교육장소: K-하이테크 플랫폼, 인천스타트업파크 등 과정별 상이 [신청 안내] • 신청 링크: https://forms.gle/49shphGBc8YGkxNw8 • 모집기간: 상시 모집(선착순 접수) ※ 과정별 일정 및 장소는 신청 페이지 내 상세 내용을 참고해주시기 바랍니다. 단순 체험형 교육이 아니라 실제 현업과 서비스 개발에 연결될 수 있도록 기획된 과정인 만큼, 관심 있으신 분들의 많은 신청 바랍니다. 🚀"
311345,피에프씨테크놀로지스,여신상품운영매니저,EXPERIENCED,,,,"PFC ​Technologies ""EXTRAORDINARY ​FINANCE ​FOR THE ​ORDINARY"" 보통 사람을 위한 ​보통이 ​아닌 금융 ﻿PFCT는 ​한국은 물론, 진출한 ​모든 시장에서 ​불가능하다고 ​여겨졌던 이정표들을 ​달성하고 ​있는 ​독보적인 금융 기술(Lending ​Tech) ​전문성으로 아시아 금융 ​환경을 ​재편하고 ​있어요. • 대한민국 최고의 ​온투금융사 대한민국 최고의 ​온투금융사 • B2B AI ​솔루션 ​서비스로 9 ​개국에서 사업을 ​영위하고 ​있는 극소수의 AI ​금융 기술 ​회사 B2B AI ​솔루션 ​서비스로 9 ​개국에서 사업을 ​영위하고 ​있는 극소수의 AI ​금융 기술 ​회사 • 대형 테크회사보다 높은 공헌 이익률 약 80%, 분기 손익분기점을 달성하며 빠르게 성장 중인 스타트업 대형 테크회사보다 높은 공헌 이익률 약 80%, 분기 손익분기점을 달성하며 빠르게 성장 중인 스타트업 창의적인 사업 전략과 혁신적인 기술력으로 '보통 사람을 위한 보통이 아닌 금융'을 구현할, 한국을 넘어 아시아 전역에서 활약하는 사업 활동에 가슴 뛰는 최고의 인재를 기다리고 있어요. 지금, PFCT와 함께해요! “대출을 처리하는 팀이 아니라, 금융을 설계하는 팀” Customer Management Team은 , • 단순히 대출을 '처리'하는 팀이 아니에요. 주택담보대출 · 개인신용대출 등 여신상품의 기획, 실행, 사후 관리까지 책임지는 팀이에요. • 법무사·보험사·신용정보사 등 다양한 협력사와 긴밀히 협업하며 복잡한 금융 실무를 정확하게 처리해요. • ""이 업무, 더 잘할 수 없을까?"" 라는 질문을 바탕으로 자동화와 프로세스 개선 프로젝트를 직접 주도해요. • 운영 현장의 감각과 기획력을 모두 키울 수 있는 곳에서, 실무 전문가이자 비즈니스를 바꾸는 기획자로 함께 성장해요. 여신상품운영매니저 는, 🚀 합류하면 이런 일을 해요 • 여신대출상품의 취급 및 운영 실무를 관리해요. • 법무사, 보험사 등 협력사와 커뮤니케이션해요. • 대출 실행 사후 업무의 운영을 관리해요. • 운영 업무의 개선을 위한 어젠다 발굴 및 프로젝트를 진행해요. 🎯 저희는 이런 분을 찾고 있어요 • 여신대출상품 운영 업무 경력 3년 이상인 분 • 꼼꼼하고 책임감 있게 업무에 임하는 분 • 기존 금융을 뒤집는 '보통 사람을 위한 보통이 아닌 금융' 미션에 가슴 뛰는 분 • 긍정적이고 유연한 사고방식을 보유한 분 ✨ 이런 경험을 가진 분이면 더 좋아요 • 계약 서류 검수 및 관리 능력이 우수한 분 • 다양한 안건을 동시에 다루는 상황에서도 꼼꼼함과 오너십을 잃지 않는 분 • 엑셀, 구글 시트, SQL 사용이 능숙한 분 이런 면에서 특별한 포지션이예요 • 복잡한 금융 실무를 정확하게 처리하는 운영 역량을 키울 수 있어요. • 운영 병목을 분석하고 개선하며 문제를 구조적으로 해결하는 기획력을 기를 수 있어요. 채용 프로세스는, 합류 여정 • 서류 전형 → 1차 인터뷰(Job-Fit) → 2차 인터뷰(Culture Fit) → 3차 인터뷰(Final) → 처우 협의 → 최종 합류 지원 서류 • 이력서(필수/자유 양식) • 포트폴리오(선택) • 제출 형식: PDF 파일 권장 안내 사항 • 내부 사정에 따라 채용 일정 또는 절차가 변경될 수 있으며, 변경 시 별도 안내 드릴 예정입니다. • 제출 서류에 허위 사실이 있거나 결격 사유가 확인될 경우, 합격 또는 입사가 취소될 수 있습니다. • 상황에 따라 추가 인터뷰 및 평판 조회 전형이 추가될 수 있습니다. 채용 문의 • recruit@pfct.co.kr PFCT에 대해 더 자세히 알고 싶다면, 아래 링크를 방문해보세요! 📍 PFCT 홈페이지 📍 PFCT 공식 블로그 '피플로그' ﻿﻿ 📍 PFCT 링크드인"
311344,야구 중독자들,야구 중독자들 모집합니다! (야구 입문자도 환영),,,,,"⚾️야구 중독자들⚾️ 모집합니다! (야구 입문자도 환영) (야잘알/야알못 모두 대환영) I성향이라 조용하지만 야구 직관하고 싶어,, 혼자 야구장 가기 심심해,, 요새 다들 야구 보던데 나도 야구 입문하고 싶다,, 야구 관련 수다 떨고 싶어,, -> '야구 중독자들' 지원하기 🧢운영진 소개 SK 와이번스 왕조 시절 마구마구 게임으로 야구를 입문하여, 캐치볼과 야구 직관으로 학업/직장 스트레스를 풀었고, 이제는 10개 구단의 응원가 노동요 없이는 살지 못하는 야구 중독자 운영진입니다! [운영진 약력] 마구마구 게임으로 야구 입문 SK와이번스 왕조시절 팬 SK~SSG 18, 22시즌 코시 6차전 직관 경험 O 국대 경기(고척) 직관 경험 O 수도권+부산 경기장 직관 경험 O 10개 구단 팬이 되어가는 중 (제일 중요) 목나경, 박현영 치어리더랑 사진 찍은 경험 O [동아리 개설 계기] 고인물만 그득한 야구 동아리를 들어가자니 부담이고, 그렇다고 완전 야구 입문자는 아니고, I부터 E까지, 야구 고인물부터 야구 입문자까지 모두 어우러지는 동아리를 만들어보고 싶었습니다. 👨‍👩‍👧‍👦동아리 특징 1. 10개 구단 '대통합' 응원: 흥참동? NO, 우리는 팀 비하 없이 모든 팀팬을 존중합니다. 2. I부터 E까지 모든 성향 존중 조용히 야구보고 싶은 사람부터 신나게 응원할 사람까지 모든 성향을 존중합니다. 3. 야잘알부터 야알못까지. 야구 잘 몰라도 괜찮아요. 야구장 음식, 응원부터 배우면서 룰도 배우고 친숙해져요. 4. 랜선 야구 수다 온갖 재밌는 릴스, 숏츠, 짤들 대환영입니다 🗓 활동 로드맵 1. 직관 (K리그 직관도 상의 중) 1) 수도권 직관: 고척, 잠실, (인천, 수원) 2) 영화관 중계 관람 3) 식당(치킨 집) 관람 2. 직관 외 활동 1) 야구 관련 - 배팅장 - 스크린야구 - 캐치볼 - 코노 가서 응원가 부르기 2) 야구 관련 X - 스터디 / 맛집 탐방 / 서울 나들이 등 부원 니즈에 따라 결정 3. 랜선 야구 수다 온갖 재밌는 릴스, 숏츠, 짤들 대환영입니다 ✅ 모집 대상 (이런 분을 찾습니다!) I부터 E까지, 조용한분~활발한 분까지 야잘알부터 야구 잘 모르는 야알못까지, 주변에 야구 팬이 나밖에 없어 혼자 직관가기 심심한 직관러 야구는 모르지만 새로운 친구들과 어울리고 싶은 분 타 대학, 다양한 전공의 친구들과 인맥을 쌓고 싶은 분 ⚠️ 이건 꼭 지켜주세요! 타 구단 비하 및 욕설 금지(분쟁 조장 시 제명) 다단계, 종교 포교, 과도한 이성 작업(여미/남미) 발견 시 제명 📩 지원 방법 및 일정 모집 기간: 상시 모집(야구 시즌 내) 신청 링크: https://moaform.com/q/OXQ8qa 진행 절차: 폼 접수 → 간단한 면접(개별공지) → 3일 내 결과 발표 문의/소통: https://www.instagram.com/ya9_addict 🎷선행학습 1. 팀 응원가 https://youtu.be/FxWWXpKMM_A?si=RPczQ_rW0-eeYSmv 2. 선수 응원가 https://youtu.be/idfU2Jr2vG8?si=4FNVfAHwQkBXwGXB 3. 선수 등장곡 https://youtu.be/OMTvBRSrcO8?si=J1PzLHwIzRGf8650"
311343,(주) 미리디,[미리디] 프로덕트 디자이너 (대규모 채용 ~04/17),EXPERIENCED,,,,"미리디에서 2,000만 ​유저의 ​경험을 ​함께 그려갈 ​프로덕트 디자이너(PD) 잠재동료님을 기다립니다. ​ ​ ​ ​ ​ ​ ​ ​ ​ ​ ​ ​ ​ ​ ​ ​ ​ ​ ​ ​ ​ ​ ⚡ 바쁜 잠재동료님을 위한 [Fast-Track 채용 프로세스] 당장 포트폴리오를 다듬을 여유가 없고, 면접 때문에 여러 번 연차를 내기 눈치 보이는 현업 실무자분들의 현실적인 고민을 덜어드리고자 합니다. 1️⃣ 포트폴리오는 업데이트 안 해도 OK (선택 제출): 주말 반납해가며 포트폴리오 다듬지 마세요. 화려한 결과물보다, 사전 설문으로 들려주실 '생각의 흐름'이 훨씬 더 궁금하거든요. 2️⃣ 원데이 서류 검토: 기약 없는 기다림으로 애태우지 마세요. 지원서를 제출해 주시면 빠르게 검토하여 서류 결과를 안내해 드립니다. 3️⃣ 원데이 인터뷰: 눈치 보며 귀한 연차 여러 번 내지 마세요. 하루(최대 3.5시간) 만에 모든 인터뷰를 마칩니다. 🎁 나만 알기 아까운 PD 지인이 있다면? > [인재 추천 보상] 직접 지원하지 않으시더라도, 주변의 훌륭한 프로덕트 디자이너를 추천해 주세요! 피추천인이 미리디에 합류하게 된다면 추천인에게 300만 원의 감사 를 전합니다. 안녕하세요, 미리디 프로덕트 디자인 팀입니다. ""거대하고 복잡한 프로덕트, 과연 내가 감당할 수 있을까?"" 수천만 개의 템플릿을 다루는 에디터 생태계, 실물 인쇄로 이어지는 B2B 백오피스와 커머스, 그리고 AI 생성 로직까지 유기적으로 얽혀 있는 이 거대한 시스템을 설계하는 일은 결코 쉽지 않습니다. 저희도 매일 그 무거운 책임감을 느끼며 치열하게 부딪히고 있거든요. 하지만, 누군가 그려준 기획서대로 화면만 예쁘게 다듬는 일에 지쳐있으셨다면. 내가 직접 문제를 정의하고 치열하게 짠 플로우가 수천만 명의 사용자에게 닿는 그 짜릿한 성취감을 원하셨다면, 미리디는 꽤 괜찮은 해답이 될 수 있을 거라고 조심스레, 하지만 굳게 확신합니다. 이 치열하고 즐거운 고민의 여정을 미리디와 함께해 주시겠어요? [ 프로덕트를 함께 만들어가요 ] 상상할 수 있는 거의 모든 도메인을 다뤄볼 수 있어요. 미리캔버스의 강력한 에디터 기능을 중심으로 뻗어나가는 다양한 서비스들이 유기적으로 연결되어 있거든요. 코어 에디터 & 크리에이터 플랫폼 2,000만 국민 플랫폼 미리캔버스 의 코어 기능 프레젠테이션 을 만들고, 수많은 크리에이터가 수익을 창출하는 생태계 디자인허브 를 단단하게 구축해요. 잠재동료님이 설계한 경험으로 디자인으로 소통하는 세상을 만들어요. 커머스 & B2B 공급망 플랫폼 웹 에디터의 디자인이 실제 인쇄물로 고객에게 닿는 PoD 커머스 비즈하우스 를 다뤄요. B2B 고객의 페인포인트를 해소하고, 생산업체들이 고객을 만날 수 있는 강력한 백오피스 프린트허브 를 설계합니다. 고객의 복잡했던 디자인 소통 과정을 줄여주며, 비즈니스를 성장시키는데 기여합니다. AI 생성 & 검색 어려운 프롬프트 없이 디자인을 뚝딱 만드는 생성형 AI 미리클 과 그리고 수천만 개의 템플릿 중 유저의 의도를 파악해 템플릿 탐색 수고를 덜어주는 검색추천 로직을 설계해요. 유저의 탐색과 창작에 드는 수고를 획기적으로 줄여주는, 디자인의 미래를 그리는 곳이에요. 글로벌 확장 & 그로스 미리캔버스 가 한국을 넘어 세계로 뻗어나가는 여정을 주도해요. 영미권과 일본 시장을 타겟으로 한 현지화 및 SEO 등 제품 최적화를 통해 글로벌 유저를 획득하고, 국내 유저 확장을 위한 그로스 실험을 빠르고 치열하게 굴려봅니다. [ 미리디에서 이런 일들을 함께 하고 싶어요 ] 문제를 정의하고 문제 해결을 위한 분석과 UX 설계 및 UI 디자인을 담당하며 사용자에게 배포되기까지의 과정에 모두 참여해요. 스쿼드는 다양한 직무(PM, 엔지니어, QA, 데이터, 프로덕트디자이너 등)로 구성되며 한두가지 프로덕트에 오너십을 갖고 집중할 수 있어요. PM, 데이터 분석 팀과 함께 고객 활동 지표 등 다양한 데이터 분석, UX 리서치, 시장 조사 등을 통해 문제를 발견하고 정의해요. 동료와 함께 상하좌우 적극적인 소통 및 의사결정을 이끌어요. 리서치 결과 보고서, 상세 정책, UX Flow, Flow Chart, UX writing, Prototype, UI 등을 설계해요. 프리토타이핑, 디자인씽킹, 애자일, 린스타트업 기반으로 문제를 해결해요. [ 이런 분이라면 목표 달성에 확신을 얻을 것 같아요 ] 복잡한 문제 속에서 핵심을 파악하고, 스스로 목표를 설정해 끝까지 해결해낼 수 있는 실행력과 주도성을 갖춘 분 '왜?'라는 질문을 통해 문제의 본질과 목적을 파악하고, 이를 기반으로 서비스를 기획하며 지속적으로 발전시켜 나갈 수 있는 분 복잡하고 어려운 정보를 사용자가 쉽게 이해할 수 있도록 구조화할 수 있는 분 정성적인 사용자 조사 결과와 정량적인 데이터를 기반으로 문제를 찾고 서비스를 개선할 수 있는 분 서비스에 대한 오너십과 높은 자율성 및 책임감을 가지고 업무에 임하며, 항상 배우려고 노력하는 분 PM, 개발자 등 다양한 직군과 협업할 때 배려심을 바탕으로 한 논리적인 커뮤니케이션을 할 수 있고, 효과적으로 피드백을 주고 받을 수 있는 분 [ 이런 경험이 있으시다면 더 기쁘게 모시고 싶어요 ] 서비스의 흐름과 상세 정책을 직접 기획·설계하고 실제 시장에 출시해본 경험이 있는 분 B2B 서비스 또는 복잡한 내부 시스템을 설계하고 개선한 경험이 있는 분 PC, 태블릿, 모바일 등 다양한 디바이스 환경에서 범용적인 디자인 패턴을 이해하고, 상황에 맞게 적용할 수 있는 분 디자인 시스템을 직접 제작하거나 운영하며, 일관된 사용자 경험과 서비스 품질을 향상시킨 경험이 있는 분 팀 내 디자인 문화와 협업 환경을 개선하고, 동료 디자이너의 성장을 도운 경험이 있는 분 다양한 문화적 배경을 이해하고, 글로벌 사용자에게 적합한 언어와 표현을 사용할 수 있는 분 AI 기술(예: 이미지 생성, 추천 모델 등)의 원리를 이해하고, 이를 프로덕트에 적절히 녹여 설계한 경험이 있는 분 [ 포트폴리오는 업데이트하지 않아도 괜찮아요 ] 바쁜 현업 중에 포트폴리오를 업데이트하기 벅차다는 것, 미리디도 깊이 공감합니다. 미리디는 완성된 화려한 결과물보다, 그동안 어떤 고민을 거쳐 문제를 해결해 오셨는지 그 치열했던 '생각의 흐름'이 더 궁금해요. 아래 사전 설문으로 잠재동료님만의 깊은 고민의 흔적을 먼저 들려주시겠어요? | 사전 설문 | 미리디 홈페이지에서 <지원하기>를 누르면 제출 양식이 나옵니다. 필수 문항 1-1. 가장 주도적으로 정의하고 해결까지 리드한 문제는 무엇인가요? 1-2. 왜 그 문제가 반드시 해결해야 할 과제라고 판단하셨나요? 1-3. 해당 문제를 해결하기 위해 어떤 방식으로 설계하셨나요? 1-4. 그 설계를 통해 고객에게 제공하고자 한 핵심 가치는 무엇이었나요? 1-5. 프로젝트의 성과는 어떤 지표로 측정했고, 어떻게 해석하셨나요? 선택 문항 (아래 3개 중 택 1) 2. 처음 정의한 문제와 실제로 해결한 문제가 달라진 경험 (계기와 이유) 3. 마무리됐지만 아쉬움이 남아 '제대로 못 풀었다'고 느끼는 프로젝트 (지표가 좋았어도 찜찜했던 이유) 4. 디자인 경험이 없는 신규 유저가 미리캔버스를 처음 이용할 때 겪는 가장 큰 어려움과 현재 서비스의 한계점 [ 귀한 연차, 여러 번 쓰지 않도록 하루 만에 뵐게요 ] 바쁜 와중에 면접을 위해 귀한 연차를 여러 번 내야 하는 부담을 덜어드리고 싶습니다. 하루(쉬는 시간 포함 최대 3시간 30분) 만에 모든 인터뷰를 마칠 수 있도록 준비했어요. 서류 전형: ~4월 17일(금) 최대 영업일 2일 이내에 결과를 안내해드립니다. 경우에 따라, 본인의 작업을 확인할 수 있는 결과물 제출을 요청드릴 수 있어요. 1-Day 인터뷰: 1차 인터뷰 (90분) : 잠재동료님의 직무 역량과 'How & Why'를 깊이 있게 듣는 시간 쉬는 시간 (30분) : 휴식 및 다음 세션 진행 여부 결정 (미진행 확정 시 인터뷰 단계 종료) 2차 인터뷰 (90분) : 'Impact & Fit' 미리디의 컬처와 리더십을 서로 맞춰보는 시간 처우 협의 및 입사: 인터뷰 결과 안내는 최대 3주가 소요되며, 직급에 따라 레퍼런스 체크가 진행될 수 있습니다. 합류 후 3개월의 수습 기간 동안에도 급여는 100% 지급됩니다. [ 나만 알기 아까운 동료가 있다면 추천해 주세요 ] 이 글을 읽고 떠오르는 멋진 잠재동료님이 계신가요? 추천해 주신 분이 합류해 수습 기간을 통과하시면 300만 원의 감사를 전합니다. > [추천하는 법] 미리디 프로덕트 디자인 팀이 진짜로 일하는 방식이 궁금하시다면, 아래 인터뷰도 꼭 한번 읽어봐 주세요. 👉🏻 현업자가 말해주는 미리디 프로덕트 디자인 팀의 매력을 만나보세요! → 직무 인터뷰 1부 보러가기 👉🏻 미리디 프로덕트 디자인 팀에 들어오게 되면 어떤 일을 하게 될까요? -> 직무 인터뷰 2부 보러가기 ﻿ 좋은 인연으로 만나 뵙기를 진심으로 기다리겠습니다!"
311342,피에프씨테크놀로지스,B2B Business Development Manager(B2B 사업개발 매니저),EXPERIENCED,,,,"PFC ​Technologies ""EXTRAORDINARY ​FINANCE ​FOR THE ​ORDINARY"" 보통 사람을 위한 ​보통이 ​아닌 금융 ﻿PFCT는 ​한국은 물론, 진출한 ​모든 시장에서 ​불가능하다고 ​여겨졌던 이정표들을 ​달성하고 ​있는 ​독보적인 금융 기술(Lending ​Tech) ​전문성으로 아시아 금융 ​환경을 ​재편하고 ​있어요. • 대한민국 최고의 ​온투금융사 • B2B AI ​솔루션 ​서비스로 9 ​개국에서 사업을 ​영위하고 ​있는 극소수의 AI ​금융 기술 ​회사 • 대형 테크회사보다 높은 공헌 이익률 약 80%, 분기 손익분기점을 달성하며 빠르게 성장 중인 스타트업 창의적인 사업 전략과 혁신적인 기술력으로 '보통 사람을 위한 보통이 아닌 금융'을 구현할, 한국을 넘어 아시아 전역에서 활약하는 사업 활동에 가슴 뛰는 최고의 인재를 기다리고 있어요. 지금, PFCT와 함께해요! 🔥""규제라는 벽을 넘어, AI로 금융의 판을 바꿀 동료를 찾습니다."" 우리는 대한민국 1위 온라인 투자 연계 금융 기업 PFCT에서 출발했어요. 남들이 ""금융권이라서 안 돼"", ""규제 때문에 힘들어""라고 말할 때, 우리는 기술로 돌파구를 찾았고, 스타트업 혹한기(2023~2025)에도 오직 기술력만으로 '팀 흑자'를 달성하며 자생력을 증명했어요. 2026년, 이제 우리는 'AI Agent'와 '글로벌 시장'이라는 더 큰 바다로 나아갈 예정이에요. 세상에 없던 Lending AX를 함께 정의하고 시장의 표준으로 만들어갈 BD Manager를 모시고 있어요. Enterprise Unit은, Enterprise Unit(EU)은 금융회사를 위한 B2B AI 솔루션을 통해, 금융 의사 결정과 운영 방식을 근본적으로 개선하는 조직이에요. AI 기반 리스크 관리 솔루션과 컨설팅을 결합해, 금융사의 신용평가 및 여신 운영 전략이 더 정확하고 효율적으로 작동하도록 지원해요. • 검증된 기술 조직의 Spin-off : 3년 전, PFCT 내 최정예 인력들이 모여 독립 사업 조직(CIC)으로 출범했어요. • 실력으로 증명한 생존과 성장 : 지난 3년간, 우리는 외부 투자 없이 오직 자체 개발한 AI RISK 관리 솔루션의 사업화 성공으로 팀 단위 흑자를 달성했어요. 재무적 안정성과 스타트업의 민첩함을 동시에 갖춘 희소성 있는 조직이에요. • Global & Next AI : 2026년은 도약의 해에요. 해외 사무소 확장을 통해 글로벌 금융 시장을 공략하고, 기존 솔루션을 AI Agent 기반으로 고도화하여 기술 격차를 더욱 벌릴 예정이에요. 관련 링크 • B2B 사업 탄생기: 금융기관의 리스크 관리 파트너 ‘에어팩(AIRPACK)’ • ""AI로 연체율 2% → 1.5%까지 줄였다"" • PFCT ""하루 걸러 바뀌는 대출 시장... AI 신용평가 설루션 '에어팩'이 해결"" [핀테크톡] • ""빚 갚을 수 있는 사람이 '돌려막기' 하더라...AI기술로 바꿀 것"" • 안병규 PFCT AI 총괄이사 “서민 위한 중금리 대출 AI 신용평가로 새 시대 열 것” B2B Business Development Manager 는, 🚀 합류하면 이런 일을 해요 • Enterprise Lending AX 시장 및 트렌드를 분석하고, 타겟 산업 · 고객군 기반의 사업 기회를 발굴해요. • Lending AX 솔루션 도입을 희망하는 Enterprise 고객사를 대상으로 세일즈 활동을 수행하고, 초기 미팅부터 제안 · 협상까지 영업 전반을 리딩해요. • Enterprise 고객 및 전략적 파트너와의 관계를 구축 · 확장하고, 다양한 이해관계자 및 의사 결정권자와의 커뮤니케이션을 주도해요. • 솔루션 도입 이후 비즈니스 성과를 분석하고, 추가 수주 및 확장 기회를 발굴해요. • RFP/RFI 대응 및 제안서(Proposal) 작성 · 발표를 준비해요.(입찰 프로세스, 고객 요구 사항 정리, 솔루션 구조화 등) • 프로젝트 사전/사후 단계 고객 접점의 커뮤니케이션을 관리하고 조율해요. 🎯 저희는 이런 분을 찾고 있어요 • 관련 경력 5년 이상의 B2B 세일즈 또는 사업개발 경험 (금융사, 핀테크, 금융 IT, SaaS, 엔터프라이즈 솔루션 등) 을 보유한 분 • 솔루션(플랫폼, 소프트웨어, 데이터, AI 등) 기반의 장기 세일즈 사이클을 경험해본 분 • 전략적 파트너십 발굴 및 협업 구조를 설계하거나 운영해본 경험이 있는 분(클라우드, 금융 IT 벤더, 컨설팅사 등) • GTM(Go-To-Market) 전략 수립 또는 실행 경험을 보유한 분(타겟 고객 정의, 세일즈 메시지 정립, 시장 진입·확장 전략 등) • PoC/파일럿 프로젝트를 기획 · 운영하고 상용 전환까지 리딩해 본 경험이 있는 분 • 고객사 의사 결정 구조를 파악하고 C-level/실무 조직을 동시에 설득해본 경험이 있는 분 • 계약 협상 및 가격 정책(견적/정산/수익 모델) 설계 경험이 있는 분 ✨ 이런 경험을 가진 분이면 더 좋아요 • 금융 비즈니스 구조 및 Lending 도메인에 대한 이해를 보유한 분(여신RISK 관리, CSS 등) • 고객사 프로젝트 수행 과정에서 PMO 역할로 일정 · 이슈 · 산출물을 관리하며 커뮤니케이션을 리딩해 본 경험이 있는 분(요구 사항 정리, 실행 계획 수립, 주간 보고, 리스크 관리 등) • 세일즈 이후 딜리버리/온보딩 단계에서 고객 실무 조직과 내부 조직 간 조율을 주도해본 경험이 있는 분 • 데이터/AI 기반 솔루션의 핵심 가치(ROI, 효율화, 리스크 절감)를 고객 관점에서 설명할 수 있는 분 합류 여정에 대해 알려드려요 채용 프로세스 • 서류 전형 → 1차 인터뷰(Job-Fit) → 2차 인터뷰(Culture Fit) → 3차 인터뷰(Final) → 처우 협의 → 최종 합류 지원 서류 • ​이력서(필수 / 자유 양식) • ​포트폴리오(선택) • ​제출 형식: PDF 파일 권장 안내 사항 • ​ 내부 사정에 따라 채용 일정 또는 절차가 변경될 수 있으며, 변경 시 별도 안내 드릴 예정입니다. • ​ 제출 서류에 허위 사실이 있거나 결격 사유가 확인될 경우, 합격 또는 입사가 취소될 수 있습니다. • ​ 상황에 따라 추가 인터뷰 및 평판 조회 전형이 추가될 수 있습니다. 채용 문의 • ​recruit@pfct.co.kr PFCT에 대해 더 자세히 알고 싶다면, 아래 링크를 방문해보세요! 📍 PFCT 홈페이지 📍 PFCT 공식 블로그 '피플로그' ﻿﻿ 📍 PFCT 링크드인"
311341,대구 동구,제3회 대구광역시 동구 공공디자인 공모전,,,,실제상용화 | 상장 수여,"○ 제3회 대구광역시 동구 공공디자인 공모전 ○ 공모주제: 대구광역시 동구 동촌유원지 전반을 대상으로 한 공공디자인 개선 아이디어 발굴 - 상세주제(택 1) 1. 세대별 이용 특성을 고려한 공간 및 시설물 디자인 2. 휴식, 체류, 캠프닉 활성화를 위한 공공시설물 디자인 3. 동촌유원지 정체성을 표현하는 BI, 사인물 공공디자인 4. 주요시설물의 접근성을 높이는 안내, 유도 사인 디자인 ※출품작은 동촌유원지 하천둔치 일원 공공디자인 마스터플랜을 참고하되, 창의적인 해석과 제안이 가능함. ○ 기간 및 일정 - 공고기간: 2026. 3. 3. ~ 2026. 5. 29. - 접수기간: 2026. 4. 13. ~2026. 5. 29. ○ 지원자격 - 공공디자인에 관심있는 누구나 ○ 접수방법 - 제출물: 1.작품파일 2.출품신청서 3. 출품패널(A1사이즈, 5T 폼보드) - 작품파일: 전자우편(E-Mail)접수 / kyb1752@korea.kr로 제출 - 출품신청서, 출품패널: 방문 또는 우편 제출 - 제출장소: 대구광역시 동구 아양로207, 동구청 3층 정책추진단 ○ 출품규격 1.이미지크기: A1사이즈, 가로 또는 세로형 2.이미지저장방식: PDF 또는 JPG, 해상도 300dpi이상, 용량 50MB이하로 파일저장, 일러스트 또는 포토샵 등으로 작업한 파일을 PDF또는 JPG변환 ○ 제출서류 - 작품파일, 출품신청서, 출품패널(A1사이즈, 5T 폼보드) ○ 심사기준 - 경관성(30), 공공성(30), 활용성(20), 독창성(20) ○ 시상내역(총상금1,000만원) - 대 상(1) : 상장 및 상금(저작재산권 이용료) 300만원 - 금 상(1) : 상장 및 상금(저작재산권 이용료) 150만원 - 은 상(2) : 상장 및 상금(저작재산권 이용료) 100만원 - 동 상(3) : 상장 및 상금(저작재산권 이용료) 50만원 - 장려상(5) : 상장 및 상금(저작재산권 이용료) 20만원 - 입 선(10) : 상장 및 상금(저작재산권 이용료) 10만원 ○ 유의사항 -직,간접적 광고성 내용(상업, 공익, 공공 정치, 개인PR등 광고 일체)을 포함하지 않는 작품 - 미풍양속을 저해하지 않고, 위화감 및 거부감을 야기하지 않는 작품 - 종교, 정치적 성향 젠더갈등 등 사회적 불평등을 야기하지 않는 작품 ○ 문의 - ☏053-662-4403 / kyb1752@korea.kr"
311340,(주)시대고시기획시대교육,[시대에듀] 콘텐츠 크리에이터 '에듀메이트' 1기 모집,,,파워블로거/SNS | 콘텐츠 기획/제작 경험,수료증 및 인증서 | 입사시 혜택,"📢 [시대에듀] 콘텐츠 크리에이터 '에듀메이트' 1기 모집 💡 모집대상 2026년 자격증 시험 합격을 목표로 준비 중이신 분 온라인 마케팅 및 SNS 콘텐츠 제작 경험을 쌓고 싶으신 분 블로그/SNS 활동에 관심이 많고 개인 채널을 운영 중이신 분 시대에듀 강의 및 교재를 직접 체험해보고 싶은 분 💡 모집안내 모집기간 : 2026년 3월 30일(월) ~ 2026년 4월 7일(화) 합격발표 : 2026년 4월 8일(수) 활동기간 : 2026년 4월 13일(월) ~ 2026년 5월 11일(월) 💡 지원방법 1. 함께 첨부된 링크 접속하여 관심있는 분야 클릭 2. 구글 신청 링크의 신청공지를 읽고 신청서 작성 🧡 구글폼 신청 바로가기 : https://forms.gle/Qqm3qQGhqM1UqRmX8 (클릭) 🧡 💡 작성팁 구글폼을 작성할때 지원동기를 열심히 작성한다면 선정될 확률 UP! 개인 블로그 중 방문자 수가 높거나 활동이 많은 SNS 계정을 첨부한다면 선정될 확률 UP! 💡 활동내용 시대에듀 서포터즈 미션 수행 (4주간) 블로그/SNS를 활용한 콘텐츠 제작 및 홍보 활동 미션 완료 시 활동 수료증 발급 (종료후 2주 내로 발송) ※ 전 과정 온라인 비대면으로 진행됩니다. 💡 서브미션 시대에듀 활동기간 중 시대에듀 활동 관련 포스팅 1회 (*필수 사항은 아니며, 진행 시 최우수 서포터즈 선정될 확률이 높아집니다) 🎁 활동혜택 시대에듀 원하는 과정 강의 무료 수강 (30일) 제공 추가 학습을 위한 인강 할인쿠폰 또는 자료집 제공 에듀메이트 1기 활동 수료증 발급(*미션 수료자 전원) 우수 활동자 대상 추가 혜택 제공 [최우수 서포터즈] 배달의 민족 2만원 기프티권 [우수 서포터즈] 스타벅스 아이스 아메리카노 기프티콘 (*신청 괌고에 따라 혜택이 달라질 수 있습니다.) ⬇️ 구글폼으로 간단하게 지원하세요! ⬇️ https://forms.gle/Qqm3qQGhqM1UqRmX8"
311335,한국수목장문화진흥재단,「숲에서 다시 만나다」국립수목장림 홍보영상 공모전,,,,상장 수여,"「숲에서 다시 만나다」국립수목장림 홍보영상 공모전 한국수목장문화진흥재단에서는 수목장림에 대한 국민 인식을 제고하고, 자연친화적인 장례문화 확산을 위하여「숲에서 다시 만나다」국립수목장림 홍보 영상 공모전을 다음과 같이 개최합니다. 남 다른 눈썰미와 관심 있는 분들의 많은 참여 부탁드립니다! ■ 공모전 개 요 ○ 사 업 명 :「숲에서 다시 만나다」국립 수목장림 홍보영상 공모전 ○ 목 적 : 공모전을 통한 국립 수목장림에 대한 국민 인식 제고 ○ 공고기간 : ’26. 03. 25. ⁓ 05. 15. ○ 접수기간 : ’26. 04. 06. ⁓ 05. 15. ○ 참가대상 : 대한민국 국민 누구나 (개인 또는 팀) ○ 접수방법 : 영상 파일을 신청서와 함께 이메일 제출 ○ 공모내용 : 국립수목장림의 가치와 추모문화를 담은 홍보영상 제작 ○ 공모주제 : “떠난 게 아니라, 숲으로 다시 만났습니다.” - 국립 수목장림이 생명과 기억이 이어지는 공간임을 담은 이야기 - 국립 수목장림을 통해 이별의 슬픔을 회복하는 과정 - 국립 수목장림이 가진 친환경·공익적 가치를 나타내는 콘텐츠 ○ 수상발표 : '26. 06. 08. 15:00 (예정) ○ 문의전화 : 042-719-4304"
311334,서울국제노인영화제(서울노인복지센터),제18회 서울국제노인영화제 단편경쟁 출품공모,,,,기타,"1. 개요 서울국제노인영화제는 서울노인복지센터가 주최하고, 서울노인영화제 사무국이 주관합니다. 노인 세대가 겪는 다양한 삶의 양태와 그와 관련된 문제의식을 효과적으로 담아낼 수 있는 도구로써 영화에 주목해 온 서울국제노인영화제는 2008년부터 시작되어 17회를 진행하였으며, 모든 세대가 함께 노년의 삶을 영화로 이해해 보는 세대공감 영화축제의 장입니다. 서울국제노인영화제는 청년과 노인감독을 대상으로 국내·외 경쟁부문의 출품공모를 진행함으로써 노인 감독에게는 지속적인 작품 제작 및 창작활동에 대한 동기를 부여하고, 청년 감독에게는 노인과 노인문화를 새로운 관점으로 바라볼 수 있는 기회를 제공하여 여러 세대, 여러 나라의 노년에 대한 다양한 시선과 고민을 함께 나누고 교류할 수 있는 소통의 장이 될 것입니다. 2. 개최 일정 및 장소 제18회 서울국제노인영화제는 2026년 10월 20(화)~23(금)까지 서울에서 개최될 예정입니다. (세부 장소 추후 공지) 3. 프로그램 구성 서울국제노인영화제의 프로그램은 ‘경쟁부문’과 ‘초청부문’으로 구성됩니다. 한국·국제단편경쟁과 한국·국제장편초청이 있으며 세부 프로그램 및 구체적인 섹션은 추후 공개됩니다. 4. 출품 관련 1) 세부 내용 *규격 (공통) 2025 년 1 월 1 일 이후 제작된 30 분 미만의 단편영화 장르 제한 없음 ( 극영화 , 실험영화 , 다큐멘터리 , 애니메이션 등 ) [SISFF 한국 단편경쟁] 1. 노인 감독 부문 만 60세 이상 (1966년 5월 이전 출생자, 주민등록 기준) 자유 주제 2. 청년 감독 부문 만 60세 미만 노인, 세대통합, 가족과 관련된 주제 [SISFF 국제단편경쟁] 노인, 세대통합, 가족과 관련된 주제 ※ SISFF 한국단편경쟁의 경우 출품작의 연출자(감독)는 대한민국 국적자(외국인 거소증 혹은 재외국민 주민등록증을 보유한 사람 포함)여야 하며, 공동 연출일 경우 반드시 1명 이상이 대한민국 국적자여야 합니다. ※ AI 영화 정의: AI 기술이 전체 혹은 부분적으로 활용된 영화(영상물)에 한합니다. 영화의 주요 세 요소인 텍스트(각본), 오디오, 비디오에서 AI 활용을 한 영화로 정의하며, 해당 기술을 활용한 부분 및 분야를 밝히고 출품 시 이를 증빙해야 합니다. 2) 시상 (1) 대상 - SISFF 한국단편경쟁: 노인감독부문 1편, 청년감독부문 1편 선정 - SISFF 국제단편경쟁: 1편 선정 (2) 우수상 - SISFF 한국단편경쟁: 노인감독부문 1편, 청년감독부문 1편 선정 - SISFF 국제단편경쟁: 1편 선정 (3) 특별상 - 심사위원 특별상, 시스프렌드상 각 1편(한국단편경쟁에서 선정) ※ 본선 진출작은 추후 서울국제노인영화제 홈페이지를 통해 발표되어 제18회 서울국제노인영화제에서 상영되며, SISFF 한국·국제단편경쟁 수상작은 제18회 서울국제노인영화제 폐막식에서 발표하여 시상합니다. ※ 모든 상금은 세금 및 수수료 포함 금액이며, 국제단편경쟁의 경우 페이팔 지급을 원칙으로 합니다. ※ 선정 기준에 적합한 작품이 없을 경우, 선정하지 않거나 축소 선정할 수 있습니다. 3) 출품 방법 (1) 출품기간: 2026. 3. 20.(금)~2026. 5. 13.(금) 23시 59분(KST) (2) 접수방법 - SISFF 한국단편경쟁 : 출품신청서(폼) 작성 후 제출(출품 비용 무료) * 온라인 스크리너가 없을 시, 출품신청서와 함께 작품 파일을 직접 영화제 메일 (sisff.program@gmail.com)으로 제출 가능 - SISFF 국제단편경쟁 : 필름프리웨이에서 출품 비용(€3) 결제 후 제출 4) 유의사항 * 심사용 스크리너는 상영될 최종 상영본과 동일해야 하며, 스크리너와 상영본이 일치하지 않는 경우 작품 선정이 취소될 수도 있습니다. * 모든 스크리너의 온라인 링크는 반드시 비밀번호가 설정된 상태이거나 비공개여야 하며, 외부로 유출되어서는 안 됩니다. 스크리너 링크는 제18회 서울국제노인영화제 기간까지 유효해야 합니다. * 최종 상영본에는 영어 자막이 삽입되어야 합니다. * 출품자는 상영이 결정된 후 이를 철회할 수 없습니다. * 출품용으로 제출한 자료는 반환되지 않습니다. * 서울국제노인영화제의 본선진출작은 상업적 목적을 제외한 교육적 목적(‘찾아가는 서울국제노인영화제’ 外)에서 상영될 수 있으며 이는 출품자와의 최초 협의를 통해 결정합니다. * 서울국제노인영화제 상영 작품에서 활용된 음악 및 영상의 저작권은 출품자가 직접 해결해야 하며, 저작권 관련 문제 발생 시 출품자에게 책임이 있습니다. * 서울국제노인영화제는 출품자와의 협의를 통해 규정에 포함되지 않은 사안을 결정할 권리를 갖습니다."
311331,서울시/시립청소년미디어센터,2026 미디어번역봉사단 모집,,,멘토링/수업 진행 경험,수료증 및 인증서 | 봉사활동시간,"2026 청소년미디어번역봉사단 모집 ○ 기간 및 일정 - 모집기간 : 2026년 4월 14일(화) 17:00까지 - 활동기간 : 2026년 5월 ~ 11월 ○ 지원자격 - 14세 ~ 24세 청소년(2003년생 ~ 2013년생) / 대학교 1년 이상 재학생(멘토) ○ 모집인원 - 번역봉사단 : 15명 - 번역멘토 : 5명 ○ 접수방법 - 홈페이지( www.ssro.net ) → 교육&체험 탭 → 미디어번역봉사단 신청( https://www.ssro.net/edu/edu_view.jsp?kind=edu&subjno=828 ﻿ ) ○ 혜택내역 1)번역봉사단 - 1365 봉사활동 시간 지급 - 활동증명서 발급 - 추후 번역멘토로 지원 가능 2)번역멘토 - 소정의 번역비 지급 ○ 활동내용 1)번역봉사단 - 청소년이 제작한 영화, 다큐 등 콘텐츠 번역활동 - 청소년 기자 영상 기사 번역활동 - 스스로넷 공식 제작지원사업 선정작 번역활동 2)번역멘토 - 번역봉사단 번역본 검수 및 피드백 ○ 문의 star@ssro.net / 070-7165-1025 (화~토 09:00 - 18:00)"
311330,시대에듀,[시대에듀] 콘텐츠 크리에이터 '에듀메이트' 1기 모집,,,파워블로거/SNS | 콘텐츠 기획/제작 경험,사은품 지급 | 수료증 및 인증서,"[시대에듀] 콘텐츠 크리에이터 '에듀메이트' 1기 모집 ■ 참가자격 - 2026년 자격증 시험 합격을 목표로 준비 중이신 분 - 온라인 마케팅 및 SNS 콘텐츠 제작 경험을 쌓고 싶으신 분 - 블로그/SNS 활동에 관심이 많고 개인 채널을 운영 중이신 분 - 시대에듀 강의 및 교재를 직접 체험해보고 싶은 분 ■ 접수기간 및 활동 기간 - 모집기간 : 2026년 3월 30일(월) ~ 2026년 4월 7일(화) - 합격발표 : 2026년 4월 8일(수) - 활동기간 : 2026년 4월 13일(월) ~ 2026년 5월 11일(월) ■ 참가방법 1. 함께 첨부된 링크 접속하여 관심있는 분야 클릭 2. 구글 신청 링크의 신청공지를 읽고 신청서 작성 ★구글폼 신청 바로가기 : https://forms.gle/Qqm3qQGhqM1UqRmX8 (클릭) ■ 활동 혜택 - 시대에듀 원하는 과정 강의 무료 수강 (30일) 제공 - 추가 학습을 위한 인강 할인쿠폰 또는 자료집 제공 - 에듀메이트 1기 활동 수료증 발급(*미션 수료자 전원) - 우수 활동자 대상 추가 혜택 제공 [최우수 서포터즈] 배달의 민족 2만원 기프티권 [우수 서포터즈] 스타벅스 아이스 아메리카노 기프티콘 (*신청 광고에 따라 혜택이 달라질 수 있습니다.) [서브미션] - 시대에듀 활동기간 중 시대에듀 활동 관련 포스팅 1회 (*필수 사항은 아니며, 진행 시 최우수 서포터즈 선정될 확률이 높아집니다) ■ 활동 내용 - 시대에듀 서포터즈 미션 수행 (4주간) - 블로그/SNS를 활용한 콘텐츠 제작 및 홍보 활동 - 미션 완료 시 활동 수료증 발급 (종료후 2주 내로 발송) ※ 전 과정 온라인 비대면으로 진행됩니다. ■작성 팁 - 구글폼을 작성할때 지원동기를 열심히 작성한다면 선정될 확률 UP! - 개인 블로그 중 방문자 수가 높거나 활동이 많은 SNS 계정을 첨부한다면 선정될 확률 UP!"
311329,코스알엑스,[코스알엑스] 26년 3월 (신입 및 경력) 아마존MD,"NEW, EXPERIENCED",,,,"[코스알엑스] 26년 3월 (신입 및 경력) 아마존MD [모집직무] 아마존MD [자격요건] - 아마존 플랫폼 운영 경력 2년 이상 보유자 - 데이터 분석을 기반으로 마켓 성과를 최적화한 경험자 - 비즈니스 수준의 영어 능통자 * 어학 테스트 진행 예정 [우대사항] - 제2외국어 가능자 (영어 외 유럽권 언어 우대) - 글로벌 이커머스 환경에 대한 이해 및 적응력 높은 분 - 화장품, 소비재 카테고리 경험자"
311328,금호종합사회복지관,[금호종합사회복지관] 금호 봉사단 1기 모집,,,리더십 | 휴학 중/시간 투자 가능 | 타 대외활동 경험,수료증 및 인증서 | 봉사활동시간,[ 금호종합사회복지관 ] 금호 봉사단 1 기 모집 ■ 모집 기간 : 정원 모집 까지 상시모집 ■ 지원 자격 : 광주광역시 거주자 누구나 ■ 활동 기간 : '26. 4. ~ 11. ( 총 8 개월 ) ■ 활동 내용 : 1. 광주 지역 ESG 환경 정화 플로깅 활동 및 캠페인 ( 월 1 회 ) 2. 반려동물 인식 캠페인 ( 월 1 회 ) 3. 복지관 세부 사업 기획 및 진행 4. 복지관 홍보 ( 카드뉴스 등 제작 후 SNS 업로드 ) ■ 활동 혜택 : 1. VMS 봉사 실적 등록 2. 6 개월 이상 참여 시 수료증 수여 3. 성실 & 꾸준 참여 시 우수 자원봉사자 수상 ■ 접수 방법 : 기관 연락 (062-376-3017 담당 : 김여정 사회복지사 ) 또는 포스터 내 네이버폼 작성 후 신청
311327,코스알엑스,[코스알엑스] 26년 3월 (신입 및 경력) 일본 마케팅 커뮤니케이션 채용,"NEW, EXPERIENCED",,,,[코스알엑스] 26년 3월 (신입 및 경력) 일본 마케팅 커뮤니케이션 채용 [모집직무] 일본 마케팅 커뮤니케이션 [ 자격요건 ] -유관 경력 0년~4년 보유자 * 신입 지원 가능(정규직 전환형 인턴) - 비즈니스 레벨 이상의 일본어 커뮤니케이션 역량 보유자 * 어학 테스트 진행 예정 - 일본 SNS 및 크리에이터/인플루언서 생태계에 대한 높은 이해 보유자 - 다양한 이해관계자와의 원활한 커뮤니케이션 및 협업 역량 경험자 - 일본 시장 및 소비자 특성에 대한 이해 보유자 [ 우대사항 ] - 일본 뷰티/화장품 브랜드 마케팅 또는 PR 경험 보유자 - 글로벌 브랜드의 일본 시장 진출 또는 현지화 마케팅 경험 보유자 - 데이터 기반 캠페인 성과 분석 및 리포팅 경험 보유자 - 일본 현지 거주 경험 또는 장기 체류 경험 보유자
311326,하이미디어,"요즘 뜨는 직무, 클라우드, AI 개발자 국비지원 교육생 모집",,,,,"모집 대상 취업을 준비 중인 대한민국 국적의 미취업 청년 국내 , 외 대학교 (2,3 년제 포함 ) 졸업 ( 예정 ) 자 ( 전공 무관 ) 국민내일배움카드 발급 가능자 나이 , 성별 , 경력과 무관하게 지원 가능하며 과정 목표와 ai 취업 연계성에 따라 적합한 대상자가 우선 선발됩니다 . 교육일정 및 과정안내 시간 : 960 시간 / 120 일 ( 월 ~ 금 09:30~18:30) 수강료 : 조건 충족 시 훈련비 최대 100% 국비 지원 지원금 : 훈련참여지원수당 지금 혜택 - 일정금액의 지원금 제공 - 현직 엔지니어 멘토링 - 기업취업연계 - 한국클라우드산업협회 회원사 취업 지원 - AI 서비스개발 심화과정 지원 ( 내일배움카드 잔액 0 원 참여가능 ) - 클라우드엔지니어 과정을 수료하고 ai서비스개발과정은 선택가능! 문의 및 상담 Tel: 02-3478-0008 지원 및 과정 홈페이지 : https://knam.kdt-douzone.com/ 참고 ] 과정명 : 더존비즈온 Cloud DX Academy 선도기업 : DOUZONE 운영지원기관 : KSA 한국표준협회 파트너기관 : 하이미디어아카데미 / KACI 한국클라우드산업협회 하이미디어 아카데미는 선도기업의 파트너 기관으로서 훈련생들이 훈련에 필요한 인프라 등을 제공을 하고 있습니다 ."
311325,아이디스,[아이디스] 대전 2026년 생산직 모집 [정규직/병역특례(보충역)],"NEW, EXPERIENCED",,,,"[아이디스] 대전 2026년 생산직 모집 [정규직/병역특례(보충역)] [모집직무] 생산직 [모집일정] 채용 시 마감 [자격요건] ㆍ 신체 건강하고 성실하신 분 ㆍ전기, 전자업종 생산직 근무 경험자 우대 ㆍ보충역 편입 대상 지원 가능 ㆍ공업계열, 상업계열 고등학교 졸업자 우대 ㆍ대전 근무 가능하신 분 ㆍ해외여행에 결격사유가 없는 자"
311324,FTA관세무역연구원,"[국비지원,미국취업연계]FTA기반 관세무역물류 전문가 양성과정 국비연수생 모집!(여름방학 7주과정)",,,,,"🌟국비지원_미국취업 연계과정🌟 FTA기반 관세무역물류 전문가 양성과정 국비연수생 모집! (여름방학 7주과정) 케이팩코리아 X FTA관세무역연구원 물류 전문가 양성과정 Kmove스쿨 참가자를 모집합니다! ✨ K-MOVE 스쿨이란? 한국산업인력공단에서 지원하는 프로그램으로, 전액 국비지원을 받아 직무+어학교육 후 미국 인턴/취업까지 연계되는 과정입니다. 방학동안 FTA관세무역연구원 일타강사님의실무 마스터 과정 현강 듣고 + 미국 취업까지 한번에 준비하세요!😊 ✨ 연수과정 안내 ✔ 과정명 : FTA기반 관세무역물류 전문가 양성과정 ✔ 참가자격 : 대학교 졸업예정자 및 졸업자 *해외취업에 결격사유가 없으신분, 고용보험 미가입자 ✔ 연수기간 : 2026년 7월 1일 ~ 2026년 8월 21일 (7주과정) ✔ 연수장소 : FTA 관세무역연구원 (주소: 서울시 광진구 광나루로 56길 85)/ 오프라인 수업 ✔ 총 교육시간 : 총 150시간 ✅ 국제무역사, 물류관리사, 무역영어, 원산지관리사, 외환전문역 등 무역물류 자격증 취득대비 가능 🧡 K-Move 스쿨 지원자 혜택 🧡 👉 국비지원 무료 수업 (150시간) 이수 후 출국 👉 교육비, 교재비 전액무료! 👉 무역,물류관련 자격증 취득연계 및 응시지원 👉 FTA관세무역연구원 온라인수강할인권 지급(최대 30%) 👉 한국산업인력공단 연수수료증 발급 👉 정부지원 연수숙박비 최대 월 20만원* 👉 해외취업 정착지원금 500만원* 👉 세계한인무역협회 지원금 약 400만원* 👉 미국, 캐나다 인턴/취업 연계 매칭 👉 영문이력서 개별 무료 첨삭 👉 대사관 인터뷰 대비 1:1 원어민 교육 *해당자에 한해 지급 🔊 충원시, 조기마감될수 있습니다. 🔷 온라인설명회신청 바로가기 https://forms.gle/Lsf9Np9hKZiMvwtw6 🔍문의 : 케이팩코리아 02-6954-1373"
311323,하이미디어아카데미,"[재직자&실업자국비지원]AI활용 전산세무/회계1,2급&TAT, FAT자격증 과정",,,,,"모집 대상 - 국민내일배움카드를 발급 받아 직업 훈련에 참여를 희망하는 국민 누구나 모집과정 - 전산세무 1,2 급 / AI 활용 전산세무 1,2 급 - 전산회계 1 급 / AI 활용 전산회계 1 급 - TAT 1,2 급 / AI 활용 TAT1,2 급 - FAT 1 급 / AI 활용 FAT1 급 - 인사급여지급실무과정 / AI 활용한 인사급여지급실무과정 과정의 장점 - 국민내일배움카드로 비용 부담 없이 자격증 및 실무 교육 가능 - AI 활용 학습 : 기존 회계 / 세무 실무를 AI 도구와 결합하여 업무 효율 극대화 - 국비지원 과정 : 재직자 · 실업자 누구나 참여 가능 - 단기간 자격증 취득 가능 : 전산세무 · 회계 1·2 급 + TAT/FAT 자격증 한 번에 취득 - 실무 연계형 커리큘럼 : 회계 · 세무 실무 중심 수업 - 최신 트렌드 반영 : AI 활용 회계 / 세무 자동화 , 실무 보고서 작성 등 최신 실무 반영 - 재직자 , 실업자 모두 가능 : 회계 기초부터 실무까지 , 누구나 참여 가능한 맞춤형 과정 교육문의 - TEL : 02-3478-0008 하이미디어홈페이지 : https://kangnam.himedia.co.kr/"
311320,KCC,[KCC] 본사 건재 기술지원 담당 촉탁 인재 채용,CONTRACT,,,,[KCC] 본사 건재 기술지원 담당 촉탁 인재 채용 [담당업무] - 거래선 가/시공 업체 지도/감리 및 교육 - 창호 제품 품질 및 가시공 기술검토 [자격요건] - 전문대학 졸업자 한정 (학점 평점 3.0 이상 - 4.5 만점 기준) - 건축 계열 전공자 - 기타 해외여행에 결격 사유 없는 자 [우대사항] - 건설현장 유경험자 - 건축 산업기사 이상 자격 보유자 - Auto-Cad 활용 가능한 자 - 국가보훈대상자 : 관련 법령에 의거 우대
311319,문학동네,제10회 엘릭시르 미스터리 대상 공모,,,,기타,"제10회 엘릭시르 미스터리 대상 공모 모집 분야 - 장편, 단편, 비평 3개 부문 (원고 적정 분량은 200자 원고지 기준으로 장편 1000매 내외, 단편 200매 내외입니다.) - 본격 추리, 일상 미스터리, 서스펜스, 스릴러, 하드보일드, 첩보 등 다양한 미스터리 장르 - SF, 판타지, 로맨스 등 다른 장르와의 혼합 장르도 허용하지만 미스터리 장르의 특성이 분명하게 살아 있어야 합니다. 응모 자격 - 기성 및 신인 작가를 막론하고 다른 지면에 발표된 적 없는 작품을 대상으로 심사합니다. - 2인 이상이 공동창작한 작품도 응모 가능합니다. 시상 내역 - 장편: 상금 1천만원 (대상 수상작은 엘릭시르에서 단행본으로 출간하며, 출간 후 판매 부수에 대한 인세가 상금을 상회할 경우 초과분에 대해 인세를 지급합니다.) - 단편: 상금 2백만원 (《미스테리아》에 게재, 이후 당선작 및 최종 후보작 작가들과의 협의를 통해 단행본으로 출간될 수 있습니다.) - 비평: 상금 1백만원 (복수 당선 가능) (《미스테리아》에 게재) 응모 마감 2026년 8월 15일 (마감일에 발송된 메일까지 접수됩니다.) 수상자 발표 문학동네 홈페이지 및 《미스테리아》 66호(2026년 11월 말)에 심사평과 함께 게재 보낼 곳 elixir@munhak.com 유의 사항 - 각 부문 당 3작품까지 응모 가능합니다. - 메일 제목 또는 본문에 반드시 ‘미스터리 대상’ 응모작임을 명시해주십시오. 제출양식이 바르지 않거나 ‘미스터리 대상’ 응모작임을 알아볼 수 없는 경우 심사대상에서 제외될 수 있습니다. - 모든 응모작은 예심과 본심을 거쳐 선정되며, 결과 발표와 함께 당선자에게는 개별적으로 연락을 드립니다. - 타 공모전에 중복 응모하여 중복 당선될 경우, 혹은 응모작이 타인의 권리를 침해했음이 밝혀졌을 경우 당선이 취소되며 상금은 전액 반환해야 합니다. - AI 프로그램을 사용한 작품은 응모하실 수 없으며, 수상 이후 밝혀질 경우 당선이 취소될 수 있습니다. - 본심 심사위원의 판단에 따라 최종 당선작이 없을 수도 있습니다."
311318,해양경찰청,2026년 해양경찰 청년 국민패널 모집,,,기타,사은품 지급 | 수료증 및 인증서,해양경찰청 청년 국민패널 모집 모집기간 2026.3.20.(금) ~ 4.10.(목) 모집대상 해양경찰에 관심 있는 청년이라면 누구나 (만 19세~34세) 활동기간 '26년 4월 모집 시 ~ 12월 31일(1년 단위) 활동내용 · 정책 설문조사 참여 · 기관 내부 우수사례 심사 · 이벤트 및 대외 활동 참여 등 활동지원 · 활동 증명서 발급(신청자 한정) · 우수활동 패널 감사장 및 기념품 수여 · 이벤트 참여 및 기프티콘 제공(조사별 추첨) 문 의 해양경찰청 혁신성과계 032-835-2723 / kcgsurvey@korea.kr
311316,씨엔티테크(주),2026년 경기 레벨업 프로그램,,,콘텐츠 기획/제작 경험,실무 교육 | 전문가/임직원 멘토링,"ㅇ 사업개요 : 경기도 초기 콘텐츠 스타트업을 지원하여 지속가능한 창업생태계를 조성하고자 , 민간 전문 투자사와 펀드를 조성하고 , 기업의 단계별 성장지원을 돕는 프로그램입니다 . ㅇ 지원대상 1. ( 공통 ) 경기도 소재 - 도내 본사 또는 지사 소재 기업 - 협약 1 개월 이내 도내 사업장 이전 예정기업 지원 가능 2. ( 공통 ) 콘텐츠 분야 - 문화산업 , 디지털콘텐츠 , 기술융합콘텐츠 등 3. 지원 분야별 적용 ① 레벨업 시드 - 기업가치 50 억원 이하 , 매출액 20 억원 이하 , 창업 7 년 이내 ② 가상융합 시드 - 가상융합 및 신기술 해당 기업 공고 마감일 기준 법인사업자 - 기업가치 50 억원 이하 , 매출액 20 억원 이하 , 창업 7 년 이내 ③ 가상융합 프리 A - 가상융합 및 신기술 해당 기업 - 공고 마감일 기준 법인사업자 - 시드 투자 경험이 있거나 브릿지 투자유치 희망 기업 또는 기업가치 50 억원 이상 ④ 레벨업 글로벌 - 프리 A 단계 이상 - 글로벌 ( 일본 ) 사업화 및 투자유치 준비 기업 ㅇ 지원내용 1. 모집 분야별 프로그램 - 멘토링 , 교육 , 컨설팅 등 액셀러레이팅 프로그램 - 투자자 대상 IR 피칭 및 네트워킹 , 오픈이노베이션 연계 , 직접투자 , TIPS 추천 등 2. 모집 분야별 공통 프로그램 - 레벨업 피칭데이 ( 레벨업 인베스트 파트너스 기업 피칭 기회 제공 ) - 레벨업 투자라운드 ( 레벨업 인베스트 파트너스 대상 투자 네트워킹 ) - 레벨업 성과발표회 ( 레벨업 인베스트 파트너스 투자 확약 및 세레머니 ) - G-VIP 2 억원 이상 투자 확약 시 지원기업에 1,000 만원 매칭 사업화 지원금 지급 ㅇ 추진절차 : 모집 공고 (4/10 사업설명회 ) → 신청서 접수 → 서류평가 → 피칭데이 → 합격자 발표 → 지원기업 협약 → 프로그램 운영 → 성과공유회 ㅇ 신청방법 1. 구글폼 작성 https://forms.gle/Ssh8MsCKoR2hormm8 2. 사전진단 인증 https://gcon-startup.com/startup/intro/ 3. 이메일 서류 제출 ① 레벨업 시드 levelup.gca1@gmail.com ② 가상융합 시드 levelup.gca2@gmail.com ③ 가상융합 프리 A levelup.gca3@gmail.com ④ 레벨업 글로벌 levelup.gca4@gmail.com ㅇ 신청시 제출서류 : 하기 서류 구비하여 각각 PDF 파일로 제출 1. 지원신청서 - 참가신청서 - 개인정보 수집 · 이용 · 제공 동의서 - 지원기업 참여제한 체크리스트 - ( 해당시 ) 투자 확약서 / 투자 의향서 2. 발표자료 3. 사업자등록증 4. 법인등기부등본 ( 공고일 이후 발급분 , 말소사항 포함 ) 5. 4 대보험 가입자명부 ( 공고일 이후 발급분 ) 6. 사전진단 인증서 7. ( 해당시 ) 경기도 소재 증빙자료 ㅇ 문의처 ① 레벨업 시드 씨엔티테크 성상훈 부팀장 / ac15@cntt.co.kr / 02-3152-6916 ② 가상융합 시드 킹고스프링 황진수 선임 / metyou1223@kingospring.com / 031-5171-5850 ③ 가상융합 프리 A 더넥스트랩 김지수 팀장 / jskim@thenextlab.kr / 02-6954-7590 ④ 레벨업 글로벌 씨엔티테크 성상훈 부팀장 / ac15@cntt.co.kr / 02-3152-6916"
311315,대한해운,[대한해운] 2026년 IR 담당자/자금 담당자 모집,"EXPERIENCED, NEW","자금 | 재무/세무/IR | 경영/사무 | 회계 | 재무 | 세무 | IR | 회계감사 | 예산관리 | 1. 지원동기와 입사 후 회사에서 이루고 싶은 꿈은 무엇인가요? | 2. 지원한 직무를 위해 필요한 역량은 무엇이라고 생각하며, 이 역량을 갖추기 위한 노력이나 자신만의 특별한 경험을 작성해 주세요. | 3. 다른 지원자 대비 본인만의 '차별화된 강점'과 '보완해야 할 약점'에 대해 사례를 들어 구체적으로 기술해 주세요. | [대한해운] 2026년 IR 담당자/자금 담당자 모집 | IR / PR / 공시",,,[대한해운] 2026년 IR 담당자/자금 담당자 모집 [모집분야] - iR 담당자 (경력) - 자금 담당자 (신입/경력) [전형절차] - 서류전형 > 인성검사 > 실무면접 > 심층면접 > 최종합격 [접수기간] - 2026.3.27 ~ 2026.4.2
311314,대한민국시도지사협의회,지방시대 숏폼 영상 공모전,,,,기타 | 상장 수여,"지방시대 숏폼 영상 공모전 참여자격 국내 거주자 내·외국인 누구나(개인 또는 팀*) * 팀은 3명 이내로 구성하여 참가 가능 공모주제 지방시대의 가치, 비전, 필요성, 우수정책 등 - (우수정책) 지방정부 우수정책 소개 ※ 예 : 인천 천원정책, 서울 기후동행카드, 충북 의료비 후불제 등 - (필 요 성) 지방분권, 균형발전, 지방외교가 왜 필요한가 - (가 치) 내가 지방에서 사는 이유, 우리 동네 이래서 좋다 - (비 전) 5극3특, 행정통합 등 새로운 지방시대에 대한 기대 기간 및 일정 - 접수기간 : 2026. 3. 25(수) ~ 5. 13(금) 18시 - 심 사 : 5월 중순 - 공개검증 : 6월초(소통24) - 결과발표 : 6월중(대한민국시도지사협의회 홈페이지) 영상규격 세로형 숏폼 영상(15~90초 내외, 해상도 1080×1920 이상) AI 활용 가능 접수방법 ①개인 유튜브 업로드 ②협의회 홈페이지에서 양식 다운로드 ③네이버폼에 신청서 등 서류 제출 - 제출서류 : 참가신청서, 참가자서약서, 개인정보 수집·이용 동의서 ※ 서식 다운로드 : 협의회 홈페이지(www.gaok.or.kr) > 뉴스/소식 > 공지사항 ※ 네이버폼 신청 : https://naver.me/5WUg8kQd 시상내역 총 11편 (대한민국시도지사협의회장 상장 및 상금 / 총 600만원) - 대 상(1팀) : 200만원 - 최우수상(1팀) : 100만원 - 우 수 상(3팀) : 각 50만원 - 장 려 상(6팀) : 각 25만원 ※ 작품수준 및 참여작품 수에 따라 시상내용은 변동될 수 있음"
311313,국회기후변화포럼,2026 기후변화 장학생 모집(~5/2),,,,"해외연수, 전시기회 | 상장 수여","□ 사업 취지 어려운 환경에서도 기후변화에 대한 관심이 크고 학업의지가 높은 대학생을 대상으로 장학금 지원을 통해 , 미래의 기후변화 전문가로서 성장할 수 있는 기회를 제공 □ 추진 체계 ○ 주최 : 국회기후변화포럼 ○ 후원 : ( 재 ) 문숙과학지원재단 , 한국남동발전 □ 장학생 선발 개요 ○ 선발 인원 : 총 3 명 ( 최대 ) ○ 지원 금액 : 400 만원 (1 인 최대 지급액 ), (50 만원 ×1 개월 , 70 만원 ×5 개월 ) ○ 지원 자격 : ( 가 ~ 마 항목을 모두 충족해야 함 ) 가 . 대한민국 국적자로 국내 소재 대학교의 학부생 * 단 , 2026 년 12 월까지 학기가 남은 자에 한함 나 . 기초생활수급자 또는 법정 차상위계층으로 증빙서류 발급이 가능한 자 * 증빙서류 유형은 별첨자료 참고 다 . 기후위기 대응에 관심이 있는 자 라 . 전체학기 총 학점 평균 3.5 이상 /4.5 만점 또는 3.3 이상 /4.3 만점 * 성적이 없는 1 학년 1 학기 학생의 경우 , 지원 자격에 해당되지 않음 마 . 최종 선발 후 , 국회기후변화포럼이 제공하는 프로그램에 참여할 수 있는 자 * 장학생 의무 사항 참고 ○ 장학금 제공 기간 및 조건 : 2026 년 7 월 ~12 월 (6 개월 ), 장학생 의무 사항 참고 □ 장학생 의무 사항 ○ 국회기후변화포럼 프로그램 참여 ( 가 ~ 다 항목을 모두 충족 ) 가 . 국회기후변화포럼 제 16 기 대학생 기후변화 아카데미 - 장학생 면접 심사 통과 시 , 참여 자격 자동 부여 - 예비 소집 : 2026 년 6 월 말 또는 7 월 초 / 교육 기간 : 2026 년 7 월 초중순 나 . 포럼 주최 기후변화 관련 행사 및 기타 프로그램 참여 활동 ( 서포터즈 등 ) 다 . 유엔기후변화협약 제 31 차 당사국총회 (COP31) 참관단 및 예비 참관단 활동 * - 예비 참관단 활동 기간 : 2026 년 8 월 ~10 월 - 참관단 활동 기간 : 2026 년 11 월 9 일 ~20 일 , 튀르키예 안탈리아 * 단 , 16 기 대학생 기후변화 아카데미의 우수학생으로 선발된 경우에 한함 ※ 모든 사항과 프로그램은 대내외 상황에 따라 변경 또는 취소될 수 있음 □ 장학생 신청 및 선발 절차 ○ 신청 기간 : 2026 년 3 월 26 일 ( 목 ) ~ 5 월 2 일 ( 토 ) ○ 신청 방법 : 포럼 이메일 접수 ○ 제출 서류 : 지원서 , 자기소개서 , 성적증명서 등 ( 별첨자료 참고 ) ○ 선발 절차 가 . 서류심사 : 최종 장학금 수혜자의 3 배수 이내 선발 - 서류심사 결과 통보 : 2026 년 5 월 7 일 ( 목 ) 나 . 면접 심사 : 2026 년 5 월 16 일 ( 토 ), 면접 장소 : 서울 여의도 - 대면 면접시간 개별 통보 - 면접 대상자는 경제상황 증빙서류를 면접 당일 제출 ( 별첨자료 참고 ) 다 . 최종 발표 : 2026 년 5 월 19 일 ( 화 ) ※ 선발 절차 일정은 주최 측의 사정에 따라 변경될 수 있음 □ 접수처 및 문의 ○ 국회기후변화포럼 사무처 대표 이메일 , climateforum@climateforum.or.kr - 문의 : 대표 이메일 ( 답변 : 평일 09:00~18:00), 전화 문의 불가 □ 장학생 자격상실에 관한 유의 사항 가 . 제출 서류에 기재된 사항이 허위 정보로 확인될 경우 나 . 범죄 , 사고 등 사회에 물의를 일으킨 경우 다 . 자퇴 , 퇴학 , 졸업 등으로 학생의 신분을 상실한 경우 라 . 기타 허위 사실 , 부정한 방법에 의해 장학생 선정 또는 장학금 수령 시 * 위 사항 ( 가 ~ 라 ) 에 해당할 경우 , 장학금 일체를 포럼으로 반환하여야 함 마 . 장학생 의무 사항을 충족하지 못하는 경우 □ 서류 제출 및 참고 사항 ○ 모든 신청은 온라인 접수로만 진행됨 ( 우편 접수 불가 ) ○ 제출된 서류는 일체 반환하지 않음 ○ 제출 서류 발급일 준수할 것 ○ 사실 확인을 위해 추가적으로 증빙서류를 요구할 수 있음 ○ 제출 서류 안내 필독 사항 확인 및 준수 ( 별첨자료 참고 )"
311311,피에프씨테크놀로지스,"B2B AI Product Owner(PO, 프로덕트 오너)",EXPERIENCED,,,,"PFC ​Technologies ""EXTRAORDINARY ​FINANCE ​FOR THE ​ORDINARY"" 보통 사람을 위한 ​보통이 ​아닌 금융 ﻿PFCT는 ​한국은 물론, 진출한 ​모든 시장에서 ​불가능하다고 ​여겨졌던 이정표들을 ​달성하고 ​있는 ​독보적인 금융 기술(Lending ​Tech) ​전문성으로 아시아 금융 ​환경을 ​재편하고 ​있어요. • 대한민국 최고의 ​온투금융사 • B2B AI ​솔루션 ​서비스로 9 ​개국에서 사업을 ​영위하고 ​있는 극소수의 AI ​금융 기술 ​회사 • 대형 테크회사보다 높은 공헌 이익률 약 80%, 분기 손익분기점을 달성하며 빠르게 성장 중인 스타트업 창의적인 사업 전략과 혁신적인 기술력으로 '보통 사람을 위한 보통이 아닌 금융'을 구현할, 한국을 넘어 아시아 전역에서 활약하는 사업 활동에 가슴 뛰는 최고의 인재를 기다리고 있어요. 지금, PFCT와 함께해요! 🔥""규제라는 벽을 넘어, AI로 금융의 판을 바꿀 동료를 찾습니다."" 우리는 대한민국 1위 온라인 투자 연계 금융 기업 PFCT에서 출발했어요. 남들이 ""금융권이라서 안 돼"", ""규제 때문에 힘들어""라고 말할 때, 우리는 기술로 돌파구를 찾았고, 스타트업 혹한기(2023~2025)에도 오직 기술력만으로 '팀 흑자'를 달성하며 자생력을 증명했어요. 2026년, 이제 우리는 'AI Agent'와 '글로벌 시장'이라는 더 큰 바다로 나아갈 예정이에요. 세상에 없던 Lending AX를 함께 정의하고 시장의 표준으로 만들어갈 Product Owner를 모시고 있어요. Enterprise Unit은, Enterprise Unit(EU)은 금융회사를 위한 B2B AI 솔루션을 통해, 금융 의사 결정과 운영 방식을 근본적으로 개선하는 조직이에요. AI 기반 리스크 관리 솔루션과 컨설팅을 결합해, 금융사의 신용평가 및 여신 운영 전략이 더 정확하고 효율적으로 작동하도록 지원해요. • 검증된 기술 조직의 Spin-off : 3년 전, PFCT 내 최정예 인력들이 모여 독립 사업 조직(CIC)으로 출범했어요. • 실력으로 증명한 생존과 성장 : 지난 3년간, 우리는 외부 투자 없이 오직 자체 개발한 AI RISK 관리 솔루션의 사업화 성공으로 팀 단위 흑자를 달성했어요. 재무적 안정성과 스타트업의 민첩함을 동시에 갖춘 희소성 있는 조직이에요. • Global & Next AI : 2026년은 도약의 해에요. 해외 사무소 확장을 통해 글로벌 금융 시장을 공략하고, 기존 솔루션을 AI Agent 기반으로 고도화하여 기술 격차를 더욱 벌릴 예정이에요. 관련 링크 • B2B 사업 탄생기: 금융기관의 리스크 관리 파트너 ‘에어팩(AIRPACK)’ • ""AI로 연체율 2% → 1.5%까지 줄였다"" • PFCT ""하루 걸러 바뀌는 대출 시장... AI 신용평가 설루션 '에어팩'이 해결"" [핀테크톡] • ""빚 갚을 수 있는 사람이 '돌려막기' 하더라...AI기술로 바꿀 것"" • 안병규 PFCT AI 총괄이사 “서민 위한 중금리 대출 AI 신용평가로 새 시대 열 것” B2B AI Product Owner (Enterprise Unit)는, 금융회사를 대상으로 하는 B2B AI 솔루션의 기획부터 출시, 사업화까지, 제품 라이프사이클 전 과정을 리딩하고, 제품 방향성, 우선순위, 출시 기준에 대한 의사 결정을 주관해요. Product: 신용 리스크 관리 및 여신 효율화를 위한 AX 솔루션 Scope: 국내외 금융사 대상 On-premise/SaaS 솔루션 기획 및 사업화 🚀 합류하면 이런 일을 해요 • Zero to One 기획 • 시장에 없는 제품을 만들기 위해 가설을 설정하고, MVP를 기획하며, 시장의 피드백을 통해 제품을 완성해 나가요. • 고객 요구 사항의 제품화 • B2B 고객의 복잡한 요구 사항을 명확히 분석하여, 우리 기술로 해결 가능한 Product Roadmap을 수립해요. • Cross-functional 협업 • 뛰어난 엔지니어, 분석가와 밀접하게 소통하며 AI와 신용 리스크 관리 기술을 실제 비즈니스 가치로 전환해요. ""많은 PO 분들이 '성장할 수 있는 환경'과 '안정적인 회사' 사이에서 고민합니다. 저희는 이 두 가지 모순된 가치를 모두 해결했습니다. 이미 흑자를 내는 탄탄한 사업 구조 위에서, AI Agent라는 가장 트렌디한 기술로 글로벌 시장에 도전하는 이 여정에 탑승하세요. 당신의 커리어에서 가장 빛나는 순간을 함께 만들고 싶습니다."" • 업계 최고 수준의 동료: 1위 DNA를 가진 뛰어난 개발자, 분석가들이 당신의 든든한 러닝 메이트 • Impact Career: 금융권 Business Model의 핵심인 여신 및 리스크 관리 영역의 새로운 기준을 제시하고, 내 손으로 만든 제품으로 변화 시키는 짜릿한 경험 • Global Opportunity: 한국을 넘어 글로벌 시장에서 본인의 커리어를 확장할 수 있는 실질적인 기회를 제공 🎯 저희는 이런 분을 찾고 있어요 • Problem Solver: B2B 고객과 직접 소통하며 모호한 요구 사항 속에서 핵심 문제를 정의하고 해결책을 도출하는 데 두려움이 없는 분 • Tech-Savvy: 데이터 분석 및 AI 기술에 대한 이해도가 높거나 관련 전공을 이수하여, 개발팀과 '기술 언어'로 소통이 가능한 분 • Growth Mindset: 정해진 스펙대로 만드는 것이 아니라, 가설 검증과 실패를 통해 배우고 성장하며 '성공하는 제품'을 만들어 본 경험(또는 강렬한 의지)이 있는 분 ✨ 이런 경험을 가진 분이면 더 좋아요 • B2B AI Experience: B2B 환경에서 AI 기반의 Product을 기획/개발하고 사업화 해본 경험이 있는 분 • Global Capability: 비즈니스 레벨의 외국어 구사 능력(영어, 인도네시아어, 베트남어 등)을 갖춘 분 • Domain Expertise: 금융권 실무(데이터 분석, IT 기획, 대출 심사 프로세스, 리스크 관리 등)를 경험했거나, 신용평가 모델(CSS) 개발에 대한 이해도가 있는 분 • Winning Experience: 팀 단위 프로젝트를 주도하여 가시적인 성과를 내본 경험이 있는 분 합류 여정에 대해 알려드려요 채용 프로세스 • 서류 전형 → 1차 인터뷰(Job-Fit) → 2차 인터뷰(Culture Fit) → 3차 인터뷰(Final) → 처우 협의 → 최종 합류 지원 서류 • ​이력서(필수 / 자유 양식) • ​포트폴리오(선택) • ​제출 형식: PDF 파일 권장 안내 사항 • ​ 내부 사정에 따라 채용 일정 또는 절차가 변경될 수 있으며, 변경 시 별도 안내 드릴 예정입니다. • ​ 제출 서류에 허위 사실이 있거나 결격 사유가 확인될 경우, 합격 또는 입사가 취소될 수 있습니다. • ​ 상황에 따라 추가 인터뷰 및 평판 조회 전형이 추가될 수 있습니다. 채용 문의 • ​recruit@pfct.co.kr PFCT에 대해 더 자세히 알고 싶다면, 아래 링크를 방문해보세요! 📍 PFCT 홈페이지 📍 PFCT 공식 블로그 '피플로그' ﻿﻿ 📍 PFCT 링크드인"
311310,금호종합사회복지관,[광주/서구/ 금호종합사회복지관] 2026년 장애가정아동 성장멘토링 대학생 멘토 모집,,,,,"■ 모집 개요 - 금호종합사회복지관 아동 프로그램 '장애가정 아동 성장멘토링'의 멘토를 모집합니다. ■ 모집 기간 공고 개시부터 ~4. 11. ■ 사업 내용 - 멘티(장애가정 아동의 초등학생)와 멘토(광주 소재 대학교 재학생)을 연결하여, 멘티의 양육환경을 지지하고 건강한 성장을 도모하고자 하는 사업입니다. *장애가정 아동이란, 보호자 혹은 형제가 장애인인 가정의 아동을 가리킵니다. ■ 주 활동 내용 1) 멘토 멘티 활동 발대식 2) 1:1 멘토링(학습지원 및 건강지원) 20회 활동 3) 멘토멘티 문화체험 4회 4) 우리두리 캠프 (1박2일) 1회 5) 종결식 ■ 사업 진행 기간 - 4월 ~ 11월 ■ 제출서류 - 멘토 지원 신청서 1부 - 개인정보처리 동의서 ■ 혜택 - 소정의 활동비 지원 - 활동 시간에 대한 봉사시간 인정 - 멘토 활동 수료증 증정 ※ 본 사업은 우정사업본부 및 우체국 공익재단 지원, 한국장애인재활협회와 공동으로 수행하는 사업입니다. ※ 문의 : 금호종합사회복지관 보듬팀 신재욱(062-376-3017 / 010-2632-5117) 아래 링크를 통해 작성해주시면, 개별 연락 및 신청 양식 공유드릴 수 있도록 하겠습니다!! ※ 신청방법 : https://naver.me/GuCiA6z1"
311309,김앤장법률사무소,[김앤장법률사무소] 스탭(신입) 채용,NEW,,,,[김앤장법률사무소] 스탭(신입) 채용 [모집 직무] 스텝 [접수기간] 2026.04.07(화) 23:59 까지 [채용 절차] 서류 - 1차 면접 - 2차 면접 - 채용검진 - 최종합격
311305,넛지헬스케어 주식회사,[캐시워크] 컨텐츠마케팅 채용전환형 인턴,INTERN,,,,"회사정보 회사소개 ㆍ넛지헬스케어는 행동경제학 ​이론을 ​실생활에 ​적용하여 비만, ​당뇨, 고혈압과 같은 만성질환을 ​예방하고 ​관리할 수 ​있도록 돕는 것을 ​목표로 2016년 ​설립되었습니다. ㆍ현재는 ​대한민국 국민 ​3명 ​중 ​1명이 사용하고 있는 ​국민 ​건강앱 [캐시워크] 를 개발한 ​디지털 ​헬스케어 ​스타트업 입니다. 지원해야 하는 ​이유 ㆍ전 세계 2,000만 ​다운로드가 ​넘는 서비스 를 ​직접 기획/개발/운영하는 ​경험을 ​할 수 있습니다. ㆍ2022년 ​기준 약 800억원의 ​매출과 100억원의 영업이익 을 기록한 재무적으로 튼튼한 기업 입니다. ㆍ2023년 한국투자파트너스와 신한금융그룹으로부터 300억원을 투자 받아 글로벌로 급격하게 성장 하고 있습니다. ㆍ미국, 캐나다, 영국, 프랑스, 이탈리아, 스페인에서 200만 다운로드 돌파 ㆍ2022년 강남역 4번출구 바로 앞 에 사옥을 매입하여 쾌적한 근무환경 을 조성했습니다. ㆍ1층에 임직원 용 카페테리아를 운영 중입니다. (전 메뉴 50% 무제한 할인) 관련기사 ㆍ 포브스코리아 2025 소비자 선정 최고의 브랜드 대상 - 캐시워크 ㆍ 캐시워크 이용자들 걸음 수 모으니…""지구-태양 29번 왕복"" ㆍ 넛지헬스케어, 서울시·삼성전자와 통합건강관리 돕는다 ㆍ '국민 만보기' 캐시워크, 북미 1위 찍고 日 간다 ㆍ 넛지헬스케어 ‘캐시워크’, 지난해 1110억 회 실행…헬스케어 플랫폼 1위 ㆍ ‘캐시워크 운영사’ 넛지헬스케어, 2023년 매출 1000억 돌파 모집부문 및 상세내용 팀소개 마케팅팀은 데이터를 기반으로 문제를 정의하고, 실험을 통해 서비스 성장을 만들어가는 조직입니다. 마케팅팀은 컨텐츠마케팅 파트와 그로스마케팅 파트로 구성되어 있으며, 두 파트는 서로 긴밀하게 협력해 성장 구조를 만들어갑니다. 컨텐츠마케팅 파트는 컨텐츠 기획·커뮤니티 운영·SEO·ASO 기반의 전략을 통해 유입을 확대하고 브랜드 메시지를 강화하며, 그로스마케팅 파트는 데이터 기반 실험을 통해 전환·리텐션 등 주요 지표를 개선합니다. [컨텐츠마케팅 파트] 컨텐츠마케팅 파트는 SEO·ASO·커뮤니티 운영을 통해 자연 유입을 만들고 유지하는 조직입니다. 광고에 의존하지 않고, 사용자가 스스로 서비스를 찾고 머무르게 만드는 구조를 설계합니다. 이를 기반으로 유입 → 탐색 → 참여 → 재방문으로 이어지는 흐름을 만들며, 성과가 누적되는 자산형 성장 구조를 구축하는 역할을 합니다. 컨텐츠마케팅 파트는 단기 성과가 아닌, 시간이 지날수록 더 강해지는 장기 성장 엔진을 만들어갑니다. 업무내용 • 컨텐츠 기획 및 커뮤니티 운영 • 서비스 목적과 사용자 니즈 기반의 콘텐츠 기획 • 커뮤니티 게시물·이벤트·프로그램 운영 • 브랜드 톤앤매너에 맞는 메시지 제작 및 캠페인 운영 • 커뮤니티 참여 데이터 기반의 기획 및 개선 • SEO·ASO 전략 운영 • 검색 기반 유입을 위한 키워드 전략 기획 • SEO형 콘텐츠 제작 및 온페이지 개선 • 앱스토어 메타데이터·소재 테스트 및 전환율 개선 • SEO·ASO 관련 데이터 모니터링 및 전략 도출 • 서비스 운영 및 분석 • 서비스 흐름 이해 및 운영 가이드 정리 • GA·Firebase 기반 콘텐츠/커뮤니티 성과 분석 • 전환·참여 데이터를 활용한 콘텐츠 및 서비스 개선 제안 지원자격 • 커뮤니케이션 능력이 뛰어나고 유관부서와 원활하게 협업하실 수 있는 분 • 사용자 관점에서 이벤트·메시지 기획이 가능하신 분 • 책임감 있게 업무를 주도하고, 빠르게 실행하실 수 있는 분 • 수치에 기반하여 논리적으로 문제를 파악하고 해결책을 제시할 수 있는 분 우대사항 • 커뮤니티 운영 또는 콘텐츠 제작 경험이 있으신 분 • 블로그·커뮤니티·SNS 등 다양한 채널을 활발히 이용해보신 분 • SEO/ASO 관련 경험 또는 관심이 있으신 분 • 데이터 분석 툴(GA, Firebase 등) 활용 경험이 있으신 분 • SQL 활용 경험이 있으신 분 근무조건 ㆍ근무일시: 주 5일(월~금) 09:00~18:00 (시차출퇴근제 운영) ㆍ근무형태: 인턴직 - 3개월 후 평가를 통해 정규직 전환 가능 ⇒ 정규직 전환 후 계속 근로가능자 必 : 졸업자 또는 졸업예정자 전형절차 ㆍ서류전형 → 1차 인터뷰 → 처우협의 및 최종합격 ⇒ 전형과정 중 동의를 통해 레퍼런스체크를 진행할 수 있습니다. ﻿** 당사는 서류합격자에 한해 별도 연락드리고 있습니다. ** 복리후생 및 조직문화 ㆍ프리미엄 프라이데이 운영 (매월 마지막 주 금요일 오전 근무만) ㆍ1층 임직원용 카페테리아 운영 (전 메뉴 50% 무제한 할인) ㆍ식대 지급 및 복지포인트 제공 ㆍ스낵바 (음료, 스낵 등이 무한 제공) ㆍ생일 당일 선물 선택 및 오후 반차 제공 ㆍ창립기념일 특별 휴가 제공 (매년 7월 27일) ㆍ자유로운 연차 사용 분위기 ⇒ 미사용 연차는 수당으로 지급 ㆍ강남 유명 피부과 제휴 (모든 시술 50% 할인 혜택 제공) ㆍ자유 복장, 회식 및 야근 없음 ㆍ쾌적한 사무실 환경 (신사옥 이전) ㆍ경조 휴가 및 경조사비 지원 ㆍ 장기근속자 포상 Refresh휴가 지급 (만 3년부터 2년 주기) ㆍ본인 및 배우자 대상 프리미엄 건강검진 운영 입사지원 서류에 허위사실이 발견될 경우, 채용확정 이후라도 채용이 취소될 수 있습니다. 관련 궁금하신 사항은 아래 채용팀으로 문의 바랍니다. 넛지헬스케어 채용팀 💌 recruit@cashwalk.io ㅣ 📞 010-7749-6840"
311304,KCC,[KCC] 서울 반포 시공현장 안전관리자 인재 채용,CONTRACT,,,,"[KCC] 서울 반포 시공현장 안전관리자 인재 채용 [담당 업무] - 100억 이상 현장 선임 안전관리자 - 시공현장 안전관리 업무 - 현장 안전사고 예방 및 사고 발생 시 대응 - 안전작업 계획서, 장비 작업계획서 작성 및 관리 - 위험성평가, 노사협의체 등 완전관련 미팅 참석 - 안전 교육 실시 - 법정 서류 작성 및 관리 - 기타 현장 안전관리 업무 [자격요건] - 학력 및 전공 무관 - 법정 선임 관련 자격 소지자(산업안전/건설안전 산업기사 이상) - 건설현장 안전관리 업무 1년 이상 경력자 - 기타 해외여행에 결격 사유 없는 자 [우대사항] - 아파트 건설현장 안전관리 업무 수행 유경험자 - 국가보훈대상자 : 관련 법령에 의거 우대"
311302,(주)삼구아이앤씨,신세계인터내셔날 패션 마케팅팀 인턴 모집공고,INTERN,,,,"﻿ 신세계인터내셔날 패션 마케팅팀 인턴 모집공고 1. 소속: 패션마케팅팀 2. 담당 브랜드: 보브, 델라라나, 할리데이비슨 컬렉션스 브랜드 등 (* 업무에 따라 변경 가능 ) 3. 채용구분: 체험형인턴 (* 삼구아이앤씨 소속 파견직 사무 보조이며 정규직 전환불가) 4. 채용기간: 채용시점 기준 약 3개월 (* 계약 기간 엄수 / 논의 후 연장 계약 가능) 5. 근무시간: 주 5일 (월-금) / ( 09:00~17:00 , 점심시간 1시간 포함) 6. 근무 위치: 신세계인터내셔날 청담 사옥 11층 (서울시 강남구 도산대로 449) 7. 담당업무 (MARKETING ASSISTANT) - 셀럽·인플루언서 마케팅 및 홍보 제품 관리 지원 - 콘텐츠 제작 및 SNS 운영 보조 - 마케팅 리서치 및 자료 정리 8. 채용절차 구분 내용 세부내용 비고 1차 서류전형 3/27 (금) - 4/3 (금) 이력서 1부, 자기소개서 1부(자유양식) ﻿ 포트폴리오(10MB이내) jy.park@isamkoo.com 제목: 패션 마케팅팀 인턴 / 이름(연락처) 2차 면접 4/6 (월) - 4/8 (수) 서류 전형기간내 접수후 지정일 일괄 대면 면접진행 서류전형 합격자 개별 연락 근무 4/10 (금) - 7/10 (금) (인수인계 기간 포함) 3개월 이상 근무 필수 휴학생 우대 * 면접 및 출근 일자 변동 가능 / 채용 전환이 되지 않는 인턴십입니다. 9. 필요역량 및 우대자격 - 패션 마케팅 전공자 및 패션 분야에 높은 관심과 이해도 보유자 - Photoshop/Illustrator 등 디자인 툴 활용 가능자 - Excel/PowerPoint 등 OA 프로그램 능숙자 - 패션/마케팅 관련 인턴십 및 프로젝트 경험자 - 영어 가능자 10. 급여: 월 1,888,590원 (7H근무, 세전 기준 / 자사 내규에 따름) 11. 복지 : 점심 무료제공 / 4대보험. 연차 / 명절상품권 / 경조비 및 휴가 등 ﻿"
311301,아산나눔재단,[아산나눔재단] 창업을 꿈꾸는 20대라면? ‘아산 두어스’ 2026 배치 모집 (~4/20),,,,,"Where Doers Begin 창업의 길을 결심한 20대의 도전을 돕는 인큐베이팅 프로그램 아산 두어스 (Asan Doers) 배치 모집이 시작되었습니다! 🤗 아이디어를 실제 사업으로 만들고, 글로벌 시장에서 도전하며 성장하는 모든 과정을 함께합니다. 📅 모집 2026. 3. 17(화) – 4. 20(월) 15:00 🙋‍♂️ 모집 대상 글로벌을 목표로, 창업을 시작하려는 *20대 예비 창업가/팀 *만 19세부터 29세까지 지원 가능 🎉아산 두어스 혜택 🌍 처음부터 글로벌 - 해외 진출 지원금 인당 1백만 원 - 고객 인터뷰부터 시장 반응 확인까지 전문가와 함께 💼 아이디어를 진짜 사업으로 - 선배 창업가와 함께 실행 전략 수립 - 현직 투자자와 사업을 점검하며 IR·피칭 완성도 강화 - 1:1 전담 코칭으로 계획→실행→회고 과정을 체계적으로 실천 🗣️ 20대 창업가 커뮤니티 - 20대 동료 창업가와의 밀도있는 커뮤니티 - 피드백을 주고 받으며 함께 성장하는 피어 러닝 문화 🏢 500+ MARU 창업가 커뮤니티 - 500개 이상의 스타트업이 함께하는 MARU 커뮤니티 합류 - 공간·제휴 혜택·멘토링·창업가 네트워크 활용 🎙️정주영 창업경진대회 데모데이로 - 총 7천만 원 상금의 정주영 창업경진대회 데모데이 진출 기회 - 창업태계 핵심 투자자·파트너 대상 IR 및 네트워킹 기회 20대 예비 창업가/팀의 많은 관심과 참여 부탁드립니다!"
311300,멋쟁이사자처럼,[멋쟁이사자처럼] 커뮤니티 매니저 인턴,INTERN,,,,"[멋쟁이사자처럼] 커뮤니티 매니저 인턴 [담당 업무] 1. 커뮤니티 인사이트 수집 및 브릿지 역할 - 멋쟁이사자처럼 대학 커뮤니티의 운영진 · 아기사자 (현 활동 기수 구성원) 등 멋사대학 현장의 목소리 (VOC)를 지속적으로 수집하고, 팀 내 의사결정에 활용할 수 있도록 정리 및 전달해요. - IT / AI에 대한 기본 이해를 바탕으로, 운영진·사내 또는 외부 파트너 간 요구사항을 정교하게 번역하는 브릿지 역할을 수행해요. - 커뮤니티 플랫폼 및 해커톤 관련 리서치, 14기 프로그램 수치·현황 정리 등의 데이터 업무를 담당해요. 2. 커뮤니티 플랫폼 실무 오너십 - 디스코드 내 정기 콘텐츠 제공, 알럼나이 소식 아카이브, 뉴스레터 형식 가공 등 온라인 커뮤니티 활성화 액션 아이템을 기획하고 실행해요. - AXP (사내 개발/프로덕트 조직)과의 협업, 인터뷰 섭외·스케줄링, 설문 설계 · 세팅 · 응답 정리 등 커뮤니티 플랫폼 관련 실무를 오너십을 갖고 진행해요. - 리크루팅 콘텐츠 사례, 연합 행사 · 멋사대학과 연계된 사업 및 프로젝트 관련 정보들의 일정과 결과 데이터를 한데 모아 팀의 의사결정 속도와 정확도를 높이는 실행 허브 역할을 수행해요. 3. 14기 멋사대학 프로그램 기획 참여 - 알럼나이와 활동 기수를 연결하는 온·오프라인 커뮤니티 이벤트를 기획하고 운영해요. (이벤트 기획 및 운영과 관련한 A to Z 경험 가능) - 14기 프로그램 기획 과정에서 다양한 의견을 개진하고, 아이디어를 실제 프로그램으로 구체화하는 데 참여해요. - AI/IT 분야에 관심 있는 대학생들의 경험과 인사이트를 취합·정리하여 기획 방향에 반영해요. [자격요건] - 다양한 IT·AI 커뮤니티에서 활동 경험이 있으신 분을 찾고 있어요. - IT·AI 관련 대회나 해커톤 등의 행사에 여러 번 참여해보신 분과 함께하고 싶어요. - 커뮤니티 활동에 진정성이 있고, 아이디어가 풍부하신 분을 기다리고 있어요 - 온·오프라인에서 원활하게 소통할 수 있는 분이면 좋아요. [우대요건] - 멋쟁이사자처럼 대학의 여정을 함께해본 분이라면 더 반가워요. (14기 활동 기수와 알럼나이 모두 환영해요.) - 온·오프라인 이벤트를 직접 기획하거나 운영하며 사람들을 모으고 연결해본 경험이 있다면 더욱 좋아요."
311299,컬리,[컬리] 고객센터 정산 데이터 분석지원 담당자 (계약직),CONTRACT,고객센터 정산 데이터 분석지원 담당자 | DBA/데이터베이스 | IT/인터넷 | BI 엔지니어 | 데이터 엔지니어 | 파이썬 개발자 | 자유양식 입니다. | [컬리] 고객센터 정산 데이터 분석지원 담당자 (계약직),,,"[컬리] 고객센터 정산 데이터 분석지원 담당자 (계약직) [담당업무] - 고객센터 ​운영비 정산 집행 - 운영 ​DATA분석 ​및 ​정확성 검증 : ​운영 DATA를 ​바탕으로 ​비용 집행의 ​정확성을 검증하고 ​ - 오차 ​없는 도급비 집행을 ​수행 - 예산 예측 ​및 시뮬레이션 : 운영 지표를 토대로 예산 시뮬레이션을 통하여 효율적인 운영 의사결정 진행 - 비즈니스 CX 인사이트 제공 - 인사이트 도출: 정량/정성 VOC 데이터를 수집 및 분석하여 서비스 불편 요소를 정의하고, 인사이트를 제공 - CX 운영 전략 수립 지원 - 시즌별 대응 리딩: 프로모션, 이벤트, 명절 등 물동량이 급증하는 시기에 대비하여 상담 리소스 확보 및 - 선제적 대응 전략 수립을 지원 - 이슈 관리: 플랫폼 내 발생하는 긴급 이슈에 대해 실시간 대응 프로세스 운영을 지원하여 리스크를 최소화 [경험] -고객 서비스 운영/기획 및 컨택센터 운영 경력 합산 1년 이상이신 분 [지식] -식품 및 이커머스 산업에 대한 높은 이해도를 보유하신 분 [역량] - 운영 데이터를 바탕으로 비용 집행의 정확성을 검증하고, 오차 없는 도급비 집행을 수행할 수 있는 분 - 외주사 및 유관 부서와의 원활한 협업 및 이해관계 조정 능력을 갖추신 분"
311297,쿠쿠,쿠쿠 대학생 서포터즈 2기 모집,,,파워블로거/SNS | 취재/인터뷰/기사 경험 | 콘텐츠 기획/제작 경험 | 타 대외활동 경험,활동비 | 수료증 및 인증서,"🙌🏻 쿠쿠와 함께 나만의 취향이 담긴 SNS 콘텐츠를 제작할 ‘ 쿠쿠더쿠 ’ 대학생 서포터즈 2 기 모집 1. 모집 대상 - 국내외 대학 ( 원 ) 재학생 / 휴학생 / 졸업유예생 누구나 2. 모집 인원 - 총 18 명 내외 3. 주요 활동 [ 정기 미션 : 매월 진행되는 기본 미션 ] - 쿠쿠 제품을 주제로 블로그 , 인스타그램 , 유튜브 , 틱톡 등 SNS 콘텐츠 제작 - 발대식 , 오프라인 모임 , 해단식 등 참여 ( 활동 증명서 발급 가능 ) * 모든 채널을 활용하므로 블로그 , 인스타그램 , 유튜브 , 틱톡 계정 생성 및 활용 필수입니다 . [ 추가 활동 : 다양한 실무 기회 제공을 위해 매월 다르게 진행 ] - 홍보 마케팅 아이디어 기획 및 제안 - 오프라인 행사 ( 팝업스토어 , 박람회 등 ) 및 쿠쿠스토어 매장 등 홍보 마케팅 현장 취재 - 사내 뉴스레터 제작 참여 - 현직 실무자 교류 프로그램 ( 강의 또는 멘토링 , 인터뷰 ) * 미션 내용은 내부 사정에 의해 변동될 수 있습니다 . 4. 활동 혜택 - 개인 활동비 월 10 만 원 - 월별 우수 활동자 대상 인센티브 지급 * 최우수 (1 인 ) 20 만 원 / 우수 (2 인 ) 각 15 만 원 / 장려 (2 인 ) 각 10 만 원 * 이외 최다 조회 수 등 다양한 요소를 참작한 인센티브 제공 - 최종 성과 평가 후 장학금 및 상장 지급 * 최우수 팀 (1 팀 ) 200 만 원 / 최우수 (1 인 ) 150 만 원 / 우수 (2 인 ) 100 만 원 / 장려 (2 인 ) 50 만 원 - 공식 임명장 및 활동 수료증 발급 - 미션 수행을 위한 쿠쿠 제품 제공 - 기념 굿즈 제공 5. 일정 - 모집 기간 : 2026 년 3 월 27 일 ( 금 ) ~ 4 월 11 일 ( 토 ) - 서류 발표 : 2026 년 4 월 13 일 ( 월 ) - 면접 일정 : 2026 년 4 월 14 일 ( 화 ), 쿠쿠 서울사무소 - 합격 발표 : 2026 년 4 월 24 일 ( 금 ) 이전 * 서류는 즉시 심사하므로 4/13( 월 ) 에 빠르게 합격 발표 예정입니다 . * 서류 및 면접 전형은 문자로 합격 여부 안내 예정입니다 . * 합격자의 경우 사무국에서 별도 유선 연락 드릴 예정입니다 . - 발대식 : 2026 년 4 월 30 일 ( 목 ), 쿠쿠 강동 사옥 - 활동 기간 : 5 월 초 ~ 8 월 초 ( 총 3 개월 내외 ) - 이외 오프라인 모임 및 해단식은 시험 기간을 피해서 진행 , 추후 공지 * 일정은 내부 사정에 의해 변동될 수 있습니다 . * 오프라인 모임에 대한 참가 증명서는 모두 발급해드립니다 . 6. 지원 방법 - ‘ 지원서 ’ 및 ‘ 대학 ( 원 ) 재학 / 휴학 증명서 ’ 2 건 사무국 이메일로 제출 - 제출처 : cuckoosupporters@postcom.co.kr 7. 우대 사항 - SNS 콘텐츠 제작 경험자 ( 숫자 성과 및 인사이트가 있을 경우 적극 기재 ) - 월 1 회 이상 정기 활동 참여 가능자 - 팀 활동 및 아이디어 기획 역량 우수자 - 쿠쿠 주요 제품과 쿠쿠 서포터즈 1 기 활동에 대해 관심이 많은 지원자 8. 공식 채널 - 블로그 : https://blog.naver.com/cuckoo_official - 유튜브 : https://www.youtube.com/@cuckoo_official - 인스타그램 : https://www.instagram.com/cuckoo_1978 - 뉴스레터 : https://cuckoonewsletter.imweb.me 9. 문의 - 서포터즈 운영 사무국 이메일 : cuckoosupporters@postcom.co.kr - 본 게시물 댓글 * 문의 메일 작성 시 , 제목에 [ 서포터즈 문의 ] 를 반드시 붙여주세요 ."
311296,매스프레소,[매스프레소(콴다)] BD Intern,INTERN,,,,"[매스프레소(콴다)] BD Intern [담당업무] - 국내외 시장 트렌드와 경쟁 환경을 리서치하고, 콴다의 AI·데이터 역량을 활용할 수 있는 신규 사업 기회를 발굴합니다. - B2C/B2B 서비스의 GTM 전략 수립 및 실행을 지원하며, 타겟 시장과 사용자 세그먼트를 분석합니다. - 잠재 파트너·고객과의 초기 접점을 만들고, 사업 가능성을 검증하기 위한 자료를 준비합니다. - 정부지원사업 공고를 모니터링하고, 유망 사업을 선별하여 사업계획서·제안서 작성에 참여합니다. [자격요건] - 비정형적이고 어려운 문제일수록 흥미를 느끼고, 이를 구조화하여 스스로 답을 찾아가는 것을 즐기는 분 - AI 산업 또는 EdTech 서비스에 대한 이해 및 관심이 있으신 분 - 시장·산업 리서치를 체계적으로 수행하고 인사이트를 도출할 수 있는 분 - 논리적이고 설득력 있는 커뮤니케이션이 가능하신 분 - 꼼꼼한 업무 처리 능력과 책임감이 있으신 분 - 업무 생산성 툴 활용 경험을 보유하신 분 (MS Office, Google Workspace, Slack, Notion 등) [우대사항] - Claude Code, OpenClaw 등 AI 에이전트 도구를 활용한 효율화 경험이 있으신 분 - 비즈니스 영어 커뮤니케이션이 가능하신 분 - 스타트업 또는 소규모 팀 근무 경험이 있으신 분 - 사업 계획서, 제안서 등 문서 작업 경험이 있으신 분 [기타 사항] - 전형 절차: 서류 전형 → 면접 전형 → 최종 합격 - 포지션에 따라 과제 전형 혹은 추가 면접이 진행될 수 있습니다. - 제출 서류: 자유 양식의 국문 또는 영문 이력서 (PDF) - 근무 형태: 인턴 (근무기간 3개월) - 근무 지역: 서울시 강남구 테헤란로 218, 에이피타워"
311294,현대중공업터보기계,[현대중공업터보기계] 2026년 2분기 CS부문 신입 채용,NEW,"2026년 2분기 CS부문 | 무역영업/해외영업 | 무역/유통 | 무역일반 | 해외영업 | 1. 본인의 회사 선택 기준은 무엇이며, 왜 현대중공업터보기계가 그 기준에 적합한지를 기술해 주십시오. | 2. 살아오면서 가장 도전적이었던 경험과 이를 통해 무엇을 성취할 수 있었는지 기술해 주십시오. | 3. 지원 직무에 요구되는 역량은 무엇이라고 생각하며, 이를 갖추기 위해 어떠한 노력을 해왔는지 기술해 주십시오. | 4. 단체 생활 속에서 본인이 했던 역할과 좋은 결과를 이뤄낸 경험을 기술해 주십시오. | 5. 본인이 가장 싫어하는 성격 유형을 써 주시고, 그러한 유형의 사람과 함께 일할 때 본인의 어떤 노력이 필요할지 기술해 주십시오. | 6. 국내외 터보기계 관련 이슈 중 중요하다고 생각되는 한가지에 대한 자신의 견해를 기술해 주십시오. | 7. 영업에 지원한 동기는 무엇이며, 해당 직무에서 본인의 전공 또는 경험을 어떻게 적용하고 싶은지 기술해 주십시오. | 8. 입사 후 포부에 대해 기술해 주십시오. | [현대중공업터보기계] 2026년 2분기 CS부문 신입 채용",,,"[현대중공업터보기계] 2026년 2분기 CS부문 신입 채용 [주요업무] ○ 회전기계 (펌프 및 압축기) 부품 해외 영업 (발전 및 담수 플랜트) ○ 신규 해외 영업 대상 개발 ○ 해외 시장 조사 및 영업 정책 수립 ○ 국내외 부품 영업 협력 업체 관리 ○ 해외 에이전트 관리 [지원자격] ○ 대졸 이상 (공학계열) ○ TOEIC 700점, 학점 3.0 이상 ○ 우대사항 - 영어 회화 능통자, MS-OFFICE 활용 우수자 - 회전기계(펌프 및 압축기) 실무경험자 우대 [전형절차] - 서류전형 > 역량검사 > 실무면접 > 임원면접 > 건강검진 > 최종합격"
311293,주식회사유니에스,[하루7H근무/중식제공/남산] 신세계인터내셔날 딥티크 로컬 오퍼레이션 AMD 채용,INTERN,,,,"[하루7H근무/중식제공/남산] 신세계인터내셔날 딥티크 로컬 오퍼레이션 AMD 채용 접수 기간 2026-03-27 ~ 2026-04-01 모집부문 및 상세내용 모집 부문 상세내용 로컬 오퍼레이션 AMD (0명) 담당업무 (수입브랜드 1팀 로컬 오퍼레이션 amd) 딥티크 로컬 오퍼레이션 AMD - 로컬 오퍼레이션 AMD - 딥티크 매출 처리 및 영업업무 보조 - 발주 및 인보이스 정리(수입 및 입고, 재고관리) - 팀내 공통 사무업무 채용형태 - 인턴/파견계약직 (회사내부사정 및 업무평가에 따라 최대 2년 근무 가능) - 파트너 우대조건 - 엑셀 기본수식 활용가능 필수, 꼼꼼하고 성실한 성격 보유자, 커뮤니케이션 능통자 - 1년 이상 근무 가능자 (휴학생, 졸업예정자 우대) - 우대사항: 엑셀, SAP 활용 가능자 & 코스메틱 및 향수 고관여자 복리후생 ▶ 중식제공, 명절/생일 선물, 각종경조사 휴가 및 지원금 제공, 연차 외 유급휴가 제공(조건부) 자격요건 학력 학력무관 근무조건 급여 회사 내규에 따름 (연봉 2,400 만원 ~ 경력자 처우 / 하루 7시간 근무 및 중식 제공함을 유의 부탁 드립니다.) 근무지역 서울 중구 장충단로 180 신세계 남산 전형 절차 Step 1 서류전형 Step 2 실무진 면접 Step 2 최종합격 지원 기간 및 방법 접수기간 2026-03-27 ~ 2026-04-01 (개별서류전형 및 면접 진행 / ASAP / 채용시 마감) 접수방법 이메일 지원 (kdm0408@unies.com) / 자유 이력서 양식, 포트폴리오 제출 우대 유의사항 허위 사실이 발견될 경우 채용이 취소될 수 있습니다. 채용 절차 1. 서류전형 ( 서류전형 합격자분들 한하여 연락 드리는 점 유의 부탁 드립니다.) ※필요시 서류접수 전 유선 인터뷰를 진행하고 있는 점 유의 부탁 드립니다. 2. 실무진 면접 3. 최종 합격"
311292,부산광역시중부노인보호전문기관,노인학대예방 표어공모전,,,,상장 수여,"○ 공모명 - 노인학대 예방 및 신고 표어공모전 ○ 공모주제 및 형식 - 노인학대예방 / 노인학대신고를 키워드로 하여 띄어쓰기 제외 20 자 내외 - 표어에 대한 설명 200 자 내 ○ 참가대상 - 전 국민 ○ 참가방법 - 포스터 내 QR 코드 접속하여 네이버폼 작성 - 링크 ( https://naver.me/IFEP3yXY ) 접속하여 네이버폼 작성 ○ 공모일정 - 접수기간 : 2026. 4. 1.( 수 ) ~ 2026. 5. 8.( 금 ) - 심사 : 2026. 5. 11( 월 ) ~ 2026. 5. 22.( 금 ) - 수상자 발표 : 2026. 5. 26.( 화 ) SNS / 홈페이지 게시 / 수상자 개별연락 - 시상식 : 2026. 6. 15( 월 ) 노인학대예방의 날 ○ 시상내역 - 대상 : 상장 및 상품 20 만원 (1 명 ) - 최우수상 : 상장 및 상품 15 만원 (1 명 ) - 우수상 : 상장 및 상품 10 만원 (2 명 ) - 장려상 : 상장 및 상품 5 만원 (6 명 ) ○ 심사방법 - 기관장 및 외부심사위원을 통해 시상작 선정 ○ 심사항목 - 노인학대 예방 및 신고 관련 주제 적합성 , 형식의 적합성 , 창의성 , 전달력 등 ○ 유의사항 - 1 인 최대 2 개에 한하여 응모 가능하며 접수된 작품은 반환하지 않습니다 . - 응모작은 순수 창작물이어야 하며 , 타인 작품의 도용 ‧ 표절 등으로 발생하는 모든 법적 책임은 응모자에게 있습니다 . - 응모작은 타 공모전에 수상한 적이 없어야 하고 수상작은 이후 타 공모전에 출품할 수 없습니다 . - 수상작의 저작권 , 사용권 등 모든 권리는 부산광역시중부노인보호전문기관에 귀속됩니다 . - 수상 후 부정한 방법에 의한 사실이 확인될 경우 , 수상은 취소되며 상금은 환수됩니다 . - 접수된 작품의 심사 과정 및 점수는 공개하지 않습니다 . - 개인정보 수집 이용 동의 및 제 3 자 정보제공에 동의하지 않을 시 공모전에 참여할 수 없습니다 . - 수상 시 시상식 참석을 부탁드립니다 . ○ 문 의 부산광역시중부노인보호전문기관 신희정 ☎ 051-468-8850"
311291,주식회사유니에스,[하루7H근무/중식제공/본사] 신세계인터내셔날 이커머스 입점팀 패션 AMD 채용,INTERN,,,,"[하루7H근무/중식제공/본사] 신세계인터내셔날 이커머스 입점팀 패션 AMD 채용 접수 기간 2026-03-27 ~ 2026-04-01 모집부문 및 상세내용 모집 부문 상세내용 이커머스 AMD (0명) 담당업무 신세계V 입점 패션 브랜드 온라인AMD 온라인 프로모션 및 기획전 업무 보조(세팅, 배너 제작 등) 상품 및 재고, 브랜드, CS 관리 채용형태 - 인턴/파견계약직 (회사내부사정 및 업무평가에 따라 최대 2년 근무 가능) - 파트너 우대조건 온라인몰 근무 경력자 포토샵/피그마 숙련자 우대 엑셀 등 문서작업 능숙자 장기근무 가능자 복리후생 ▶ 중식제공, 명절/생일 선물, 각종경조사 휴가 및 지원금 제공, 연차 외 유급휴가 제공(조건부) 자격요건 학력 학력무관 근무조건 급여 회사 내규에 따름 (연봉 2,357 만원 ~ 경력자 처우 / 하루 7시간 근무 및 중식 제공함을 유의 부탁 드립니다.) 근무지역 서울 강남구 도산대로 449 청담본사 전형 절차 Step 1 서류전형 Step 2 실무진 면접 Step 2 최종합격 지원 기간 및 방법 접수기간 2026-03-27 ~ 2026-04-01 (ASAP / 개별서류전형 및 면접 진행) 접수방법 이메일 지원 (kdm0408@unies.com) / 자유 이력서 양식, 포트폴리오 제출 우대 유의사항 허위 사실이 발견될 경우 채용이 취소될 수 있습니다. 채용 절차 1. 서류전형 ( 서류전형 합격자분들 한하여 연락 드리는 점 유의 부탁 드립니다.) ※필요시 서류접수 전 유선 인터뷰를 진행하고 있는 점 유의 부탁 드립니다. 2. 실무진 면접 3. 최종 합격"
311290,피알앤디컴퍼니,[헤이딜러] 그로스 마케팅 인턴,INTERN,,,,"[지원 관련 안내] • 입사지원 서류에 허위사실이 발견될 경우, 채용확정 이후라도 채용이 취소될 수 있습니다. • 궁금하신 점은 jobs@prnd.co.kr로 편히 문의해주세요."
311289,주식회사유니에스,[하루7H근무/중식제공/남산] 신세계인터내셔날 수입브랜드5팀 뷰티 온라인 AMD 채용,INTERN,,,,"[하루7H근무/중식제공/남산] 신세계인터내셔날 수입브랜드5팀 뷰티 온라인 AMD 채용 접수 기간 2026-03-27 ~ 2026-04-01 모집부문 및 상세내용 모집 부문 상세내용 온라인 AMD (0명) 담당업무 수입화장품 면세 오퍼레이션 업무 - 수입브랜드 판매채널 오퍼레이션(쿠팡, 컬리, 올리브영, 시코르 등) - 뷰티브랜드 MD업무 지원 (온라인몰 영업 보조) - 발주 PO 생성 / 통관 / 입고 / FTA 등 - 운영채널 재고 관리 및 배분 채용형태 - 인턴/파견계약직 (회사내부사정 및 업무평가에 따라 최대 2년 근무 가능) - 파트너 우대조건 유관업무 경험자 엑셀 활용 가능자 (중급 이상) ERP/SAP 관련 경험있는자 온라인 브랜드 운영 경험자 및 콘텐츠 제작 경험자 우대 밝고 커뮤니케이션 원활하고 책임감 있는 분 복리후생 ▶ 중식제공, 명절/생일 선물, 각종경조사 휴가 및 지원금 제공, 연차 외 유급휴가 제공(조건부) 자격요건 학력 학력무관 근무조건 급여 회사 내규에 따름 (연봉 2,400 만원 ~ 경력자 처우 / 하루 7시간 근무 및 중식 제공함을 유의 부탁 드립니다.) 근무지역 서울 중구 장충단로 180 신세계 남산 전형 절차 Step 1 서류전형 Step 2 실무진 면접 Step 2 최종합격 지원 기간 및 방법 접수기간 2026-03-27 ~ 2026-04-01 (ASAP / 개별 서류전형 및 면접 진행) 접수방법 이메일 지원 (kdm0408@unies.com) / 자유 이력서 양식, 포트폴리오 제출 우대 유의사항 허위 사실이 발견될 경우 채용이 취소될 수 있습니다. 채용 절차 1. 서류전형 ( 서류전형 합격자분들 한하여 연락 드리는 점 유의 부탁 드립니다.) ※필요시 서류접수 전 유선 인터뷰를 진행하고 있는 점 유의 부탁 드립니다. 2. 실무진 면접 3. 최종 합격"
311288,방송정보국제교육원,"(멀티미디어)영상제작(기획,촬영,편집,그래픽)_스마트혼합3",,,,,▶ 1 영상 ▶ 2 영상 ▶ 3 영상 ▶ 4 영상
311287,피에프씨테크놀로지스,[피에프씨테크놀로지스] 신규 영업담당자,NEW,신규 영업 | 영업관리/지원/영업기획 | 영업/고객상담 | B2B영업/기술영업 | 일반영업 | 영업관리 | 지원 | 영업기획 | B2B영업 | 기술영업 | 판매/캐셔/매장관리 | 아웃바운드TM | 고객관리/인바운드 | 자유양식 입니다. | [피에프씨테크놀로지스] 신규 영업담당자,,,"[피에프씨테크놀로지스] 신규 영업담당자 [합류하면 이런 일을 해요] - 재고객 발굴 및 유치: 투자 여력이 있는 일반 기업, 투자 동호회, 대부업체 등 다양한 채널을 통해 신규 투자 고객을 발굴하고 플랫폼으로 유치해요. - 네트워크 확장: 은행 PB 등 금융 전문가와 협업하며 고액 자산가를 포함한 잠재 투자자 네트워크를 넓혀가요. - 투자 컨설팅: 플랫폼의 강점과 투자 상품을 소개하고, 투자자 성향에 맞춘 투자 솔루션을 제안해요. - 고객 관리: 투자 이후에도 지속적으로 소통하며 관계를 유지하고, 만족도를 높여 추가 투자를 이끌어내요. [저희는 이런 분을 찾고 있어요] - 영업 업무 경험이 있는 분(업계 무관) - 탁월한 커뮤니케이션 능력과 대인 관계 구축 능력이 있는 분 - 적극적이고 도전적인 자세로 목표 달성 의지가 강한 분 - 지방 출장이 가능한 분 [이런 경험을 가진 분이면 더 좋아요] - 법인 또는 기타 투자자 네트워크를 보유한 분 - 금융 상품에 대한 이해도를 보유한 분 - 과거 증권사 또는 PB 쪽에서 영업 및 응대 업무 경험이 있는 분"
311286,피에프씨테크놀로지스,[피에프씨테크놀로지스] 채권관리 혁신 Lead,EXPERIENCED,채권관리 혁신 Lead | 채권/보험/보상/심사 | 전문/특수직 | 대출심사 | 대출상담 | 손해사정 | 보험심사 | 경영분석/컨설턴트 | 증권/투자/펀드/외환 | 설문/통계/리서치 | 헤드헌팅/노무/직업상담 | 외국어/번역/통역 | 법률/특허/상표 | 세무/회계/CPA | 도서관사서 | 사회복지/요양보호/자원봉사 | 자유양식 입니다. | [피에프씨테크놀로지스] 채권관리 혁신 Lead,,,"[피에프씨테크놀로지스] 채권관리 혁신 Lead [담당 업무] - PFCT의 채권관리(사후 관리) 전반의 정책 및 채권종류/단계별 전략을 수립해요. - 현행 채권관리 프로세스와 어드민(시스템)을 진단하고, 업계 최고 수준으로 개선 및 고도화해요. - PFCT의 강점인 AI/자동화 기술을 활용하여, 기존에 없던 효율적이고 혁신적인 추심 시스템을 기획하고 구축해요. - 채권관리팀의 조직을 세팅하고, 구성원의 성장을 이끌며 높은 성과를 달성해요. [자격요건] - 금융권(은행, 캐피탈, 저축은행, 온투업 등) 채권관리/추심 관련 경력을 7년 이상 보유하셨거나, 그에 준하는 역량을 갖추고 있는 분 - 팀을 리드하고 구성원과 적극적으로 소통하며 동반 성장을 이끌어 본 경험이 있는 분 - 기존의 방식이나 과거의 성공 경험에 얽매이지 않고, 새로운 기술(AI 등)과 환경에 유연하게 적응하며 사고하는 분 [채용 프로세스] - 서류 전형 -> 1차 인터뷰(Job-Fit) → 2차 인터뷰(Culture Fit) → 3차 인터뷰(Final) -> 처우 협의 -> 합류"
311285,그린웹서비스,[그린웹서비스] 네이버 검색서비스 운영,"NEW, EXPERIENCED",,,,"[그린웹서비스] 네이버 검색서비스 운영 [ 업무 내용 ] - AI 학습데이터 구축 및 AI 추출 데이터의 품질을 평가 [ 자격 요건 ] - 검색 능력이 우수한 분 - 기본적인 오피스(MS) 사용 가능한 분 - 꼼꼼하고 일관된 판단력을 유지할 수 있는 분 - 문서화된 작업 지침을 정확히 이해하고 적용할 수 있는 분 - 원활한 커뮤니케이션 및 피드백 전달이 가능한 분 - 성실하고 적극적인 마인드를 소유한 분 - 재택근무 가능자 (데스크탑 및 모니터 2대 설치 필요 - 업무기기 제공) [ 우대 조건 ] - 컴퓨터활용능력, MOS 등의 자격증 소지자 - 인터넷 서비스 업종에 대한 경험 보유자 - 즉시 입사 가능자"
311284,충청남도 / (재)충남창조경제혁신센터,제2회 올담 데이터 활용 해커톤 모집,,,,상장 수여,"제2회 올담 데이터 활용 해커톤 모집 ■ 추진목적 - 충청남도 데이터포털 「올담」을 충남도내 청년(대학생) 등에 알리고 포털 내 공공데이터를 활용하여 데이터 기반의 창의적 아이디어 발굴 도모 ■ 공모주제 - 충남 데이터포털 「올담」의 공공데이터를 활용하여 분야의 제약 없이 사회 문제 해결을 위한 구체적인 아이디어 기획 ■ 지원 자격 - 충청남도 소재 대학의 재학생 ※ 개인 또는 팀으로 참가할 수 있으며 팀으로 참가 시 5명 이내로 구성하고 대표자는 1인에 한함 ※ 대표 및 팀원 모두 재학증명서 제출 필수 ■ 모집 기간 - 2026년 3월 23일(월)~5월 22일(금) 18:00까지 ■ 지원 방법 - 충남창조경제혁신센터 통합접수시스템 - 신청 및 양식 링크에서 다운로드 ■ 시상규모 - 대상 : 각1점 / 3,000천원 - 최우수상 : 각2점 / 1,000천원 - 우수상 : 각2점 / 500천원 ■ 문의 사항 - 041-589-7146 - wrbae@ccei.kr"
311283,굿네이버스 경기2사업본부,[굿네이버스 경기2] 마감임박 초단기 프로젝트 GOAL라잡는 사람들 26-4기 모집,,,휴학 중/시간 투자 가능,실무 교육 | 수료증 및 인증서,"프로그램 만족도 96/100에 육박. NGO Traveler에서 리뉴얼된. 26-4기 놓치면, 일상 언밸런스해진다. 초단기 프로젝트 GOAL라잡는 사람들 * 모집 및 활동 일정 1. 모집기간 : 03월 13일 금요일 ~ 03월 29일 일요일 23시 55분까지 2. 최종참가자 발표 : 03월 30일 월요일 * 개별문자연락 확인필수* 3. 활동기간 : 04월 01일 수요일 ~ 05월 24일 일요일 중 총 3회 활동 진행 (개별 실천 활동) *시험기간 3주 가량 쉬어갑니다* * 활동혜택 - 굿네이버스 경기2사업본부에서만 만날 수 있는 ""SDGs 프레임워크 교육자료"" 제공 - 굿네이버스 경기2사업본부 연말 네트워크의 장 초대 - 굿네이버스 경기2사업본부 본부장님 직인 날인 수료증 제공 - SDGs 활동 실천가들에게 제공되는 작은 굿즈 제공 - 굿네이버스 경기2사업본부 인턴십 우대 등등 * 모집 대상 - NGO에 관심있는 누구나 - 대외활동이 처음인 혹은 경험쌓고 싶은 대학생 누구나 - 사회를 바라보는 새로운 관점을 얻고 싶은 일반인 누구나 * 지원방법 ▶ 구글폼 지원서 접속 및 작성 (선착순 70명 마감) GOAL라잡는 사람들 26-4기 – 양식 작성 <<-- 클릭하세요 해당 링크 작동이 안되실 경우, 링크를 복사 + 붙여넣기로 접속 부탁드립니다 :) https://forms.office.com/pages/responsepage.aspx?id=1_FwdgtS9Uew71l75lgdje0FOoKFz7tPjIZ2npcegPhUNzNXTjBQTzJXWldKUUE5RUMwODZGUU1SWC4u&route=shorturl"
311282,SK텔레콤,[SK텔레콤] 단기 사무보조(문서정리) 채용,CONTRACT,,,,"[SK텔레콤] 단기 사무보조(문서정리) 채용 [수행직무] - 디지털 문서 파일 분류 작업 지원 - 파일 유형별 분류 및 정리 - 데이터 입력 [필요 및 우대요건] - 학력 : 무관 - 경력 : 무관 - 컴퓨터 기본 활용 능력 보유자 (엑셀, 파일 관리 등) - 즉시 출근 가능자 [전형절차] - 서류전형 > 최종합격"
311281,부산광역시중부노인보호전문기관,노인학대 예방 및 신고 표어 공모전,,,,상장 수여,"노인학대 예방 및 신고 표어공모전 ■ 공모주제 및 형식 - 노인학대예방 / 노인학대신고를 키워드로 하여 띄어쓰기 제외 20자 내외 - 표어에 대한 설명 200자 내 ■ 참가대상 - 전 국민 ■ 참가방법 - 포스터 내 QR코드 접속하여 네이버폼 작성 - 링크( https://naver.me/IFEP3yXY ) 접속하여 네이버폼 작성 ■ 공모일정 - 접수기간 : 2026. 4. 1.(수) ~ 2026. 5. 8.(금) - 심사 : 2026. 5. 11(월) ~ 2026. 5. 22.(금) - 수상자 발표 : 2026. 5. 26.(화) SNS / 홈페이지 게시 / 수상자 개별연락 - 시상식 : 2026. 6. 15(월) 노인학대예방의 날 ■ 공모전 시상내역 - 대상 : 상장 및 상품 20만원(1명) - 최우수상 : 상장 및 상품 15만원(1명) - 우수상 : 상장 및 상품 10만원(2명) - 장려상 : 상장 및 상품 5만원(6명) ■ 심사방법 - 기관장 및 외부심사위원을 통해 시상작 선정 ■ 심사항목 - 노인학대 예방 및 신고 관련 주제 적합성, 형식의 적합성, 창의성, 전달력 등 ■ 유의사항 - 1인 최대 2개에 한하여 응모 가능하며 접수된 작품은 반환하지 않습니다. - 응모작은 순수 창작물이어야 하며, 타인 작품의 도용‧표절 등으로 발생하는 모든 법적 책임은 응모자에게 있습니다. - 응모작은 타 공모전에 수상한 적이 없어야 하고 수상작은 이후 타 공모전에 출품할 수 없습니다. - 수상작의 저작권, 사용권 등 모든 권리는 부산광역시중부노인보호전문기관에 귀속됩니다. - 수상 후 부정한 방법에 의한 사실이 확인될 경우, 수상은 취소되며 상금은 환수됩니다. - 접수된 작품의 심사 과정 및 점수는 공개하지 않습니다. - 개인정보 수집 이용 동의 및 제3자 정보제공에 동의하지 않을 시 공모전에 참여할 수 없습니다. - 수상 시 시상식 참석을 부탁드립니다. ■ 문 의 - 부산광역시중부노인보호전문기관 신희정 ☎051-468-8850"
311280,(주)삼구아이앤씨,신세계인터내셔날 일라일팀 사무보조 인턴 모집공고,INTERN,,,,"﻿ 신세계인터내셔날 일라일팀 사무보조 인턴 모집공고 1. 소속: 국내패션브랜드 일라일팀 2. 담당 브랜드: 일라일(ILAIL) 3. 채용구분: 삼구아이앤씨 소속 파견계약직 체험형 인턴 4. 채용기간: 채용시점 기준 약 3개월 (* 계약 기간 엄수 / 논의 후 연장 계약 가능) 5. 근무시간: 주 5일 (월-금) / ( 09:00~17:00 , 점심시간 1시간 포함) 6. 근무 위치: 청담스퀘어 빌딩 (서울시 강남구 도산대로 420) 7. 담당업무 : 상품관련 사무보조 - 상품 기획 및 소재 디자인에 수반되는 사무 업무 보조 - 기타 브랜드 운영 오퍼레이션 전반 서포트 8. 채용절차 구분 내용 세부내용 비고 1차 서류전형 ~ ASAP 채용시까지 이력서 1부, 자기소개서 1부(자유양식), claire.kim@sikorea.co.kr 제목: 일라일팀 인턴 (이름. 전화번호) 2차 ASAP 면접 빠른 출근희망 대면 면접 서류전형 합격자 개별 연락 없음 근무 채용시부터 3개월 3개월이상 근무필수 * 면접 및 출근 일자 변동 가능 / 정규직 채용 전환이 되지 않는 인턴십입니다. 9. 우대자격 - 엑셀 / PPT 활용 능력 - 유연하고 감각적인 커뮤니케이션 능력 10. 급여: 월 1,888,590원 ( 세전 , 7H근무 기준 / 자사 내규에 따름 ) 11. 복리후생 : 점심무료제공 / 4대보험 / 연차 / 경조사지원 / 명절상품권 등 ﻿"
311279,SFA,[SFA] 2026년 2차 수시채용_3개 부문 (4월 12일 마감),"EXPERIENCED, NEW",,,,[SFA] 2026년 2차 수시채용_3개 부문 (4월 12일 마감) [모집직무] Digital Twin 솔루션개발 AI 개발자 PM (반도체) [접수기간] 2026.03.24.(화) ~ 2026.04.02.(목)2026.03.24 15시 ~ 2026.04.12 23시
311278,바이오노트,[바이오노트] [정규직/신입-경력] 상품기획팀 기획~교육 담당자 인재채용_3월,"NEW, EXPERIENCED",상품기획팀 기획~교육 담당자 | 교육기획/교재 | 교육 | 상품기획/MD | 무역/유통 | 교육기획 | 교육진행 | 교육프로그램 | 교육행정 | 교재/콘텐츠개발 | 상품기획/개발 | MD | 패션MD | 리테일MD | 식품MD | 1. 지원동기와 입사 후 회사에서 이루고 싶은 꿈은 무엇인가요? | 2. 본인의 사회 활동을 통해 조직 내 갈등 관리 및 갈등을 해결했던 경험에 대해 기술해 주세요. | 3. 다른 지원자 대비 본인만의 '차별화된 강점'과 '보완해야 할 약점'에 대해 사례를 들어 구체적으로 기술해 주세요. | 경력사항과 보유기술에 대해 구체적으로 설명해주세요. | [바이오노트] [정규직/신입-경력] 상품기획팀 기획~교육 담당자 인재채용_3월,,,"[바이오노트] [정규직/신입-경력] 상품기획팀 기획~교육 담당자 인재채용_3월 [주요업무] · 신제품 상품화 업무 (표시자재, 포장사양, 연구소/생산/OMR 등 다양한 부서와 협업) · 제품 런칭 프로세스 관리 및 일정 조율 · 신제품 런칭 과정에서 발생하는 이슈 대응 및 관련 부서 협업 · 연구소, 생산, RA/QA 등 유관부서와 협업하여 제품 출시 관련 업무 전반 관리 · 제품 홍보자료 기획 및 제작 (리플렛, 카탈로그, 홍보영상, 기타 판촉물) · 제품 교육자료 제작 및 내/외부 인원 대상 교육 · Product Manager 업무 수행 (제품 라이프사이클 관리) · 신제품 개발 기획 및 제품 전략 수립 지원 · 시장 및 경쟁사 동향 조사 [지원자격] · 4년제 학사 학위 보유자 · 생명과학, 생명공학 관련 이공계 전공자 · 영어 커뮤니케이션 가능자 (업무 관련 의사소통 및 프레젠테이션 가능 수준) · MS Office (Excel, Word, Power Point) 활용 우수자 · 적극적이고 주도적인 업무 태도를 보유한 분 · 유관부서와 원활한 협업 및 커뮤니케이션이 가능한 분 [우대사항] · 의료기기 상품화 경험 보유 · 동물용 진단장비 관련 마케팅 업무 경험 보유 · ODM 업무 경험 보유 · 대내외 커뮤니케이션 및 프레젠테이션 역량 우수자 · 영문 자료 작성 및 영어발표 경험 보유자 · 시장 및 경쟁사 분석 경험"
311277,대홍기획,대홍기획 퍼포먼스 마케팅 체험형 인턴십 1기 모집,INTERN,,,,"D aehong P erformance A cademy ( DPA ) 1st 대홍기획 퍼포먼스 마케팅 체험형 인턴십 1 기 모집 ! 대홍기획 퍼포먼스 마케팅팀을 소개해요 ! 퍼포먼스 마케팅팀은 매체 운영의 전문성을 바탕으로 개별 캠페인의 성과를 최적화하고 , 광고주의 비즈니스 성장을 돕고 있습니다 . 각 매체별 운영 노하우를 통해 직접 성과에 관여하며 , 이를 통해 매출까지 이어지는 성공 모델을 제시합니다 . [ 주요업무 ] · 매체 운영 : 매일 광고 데이터를 정확하게 취합하여 리포트하고 , 실시간 매체 모니터링 및 입찰 관리를 통해 캠페인이 안정적으로 구동되도록 지원 · 데일리 리포트 : 매일 전날의 매체별 성과 (CPA, ROAS, CPC 등 ) 를 취합하여 일간 리포트 작성 · 데이터 클렌징 : 여러 매체에서 추출한 데이터를 표준 양식에 맞춰 정리하고 , 데이터 누락이나 오차 여부 검수 · 매체 셋팅 보조 : 캠페인 런칭 시 소재 등록 , URL 파라미터 (UTM) 생성 등 운영 행정 업무 수행 · 시장 조사 : 매체사 공지사항 모니터링 및 경쟁사 광고 집행 현황 기초 조사 · 입찰가 관리 : 검색광고 (SA) 및 디스플레이 광고 (DA) 의 실시간 순위 및 성과를 모니터링하며 입찰가 조정 지원 · 광고 소재 검수 : 라이브 중인 광고 소재의 랜딩 페이지 연결 상태 , 오탈자 , 광고 비승인 여부 상시 체크 · 예산 소진 관리 : 캠페인별 일 예산 소진 추이를 확인하여 예산 과지출 또는 미소진 발생 시 즉각 보고 [ 자격요건 ] · 엑셀 활용 능력 우수한 분 (VLOOKUP, 피벗 테이블 등 데이터 가공 필수 ) · 꼼꼼하고 세밀한 성격으로 숫자와 데이터에 대한 거부감이 없는 분 · 퍼포먼스 마케팅 산업에 대한 관심과 학습 의지가 강한 분 [ 우대사항 ] · 통계학 , 경영학 , 광고홍보학 등 관련 전공자 · GA4, GTM 등 분석 툴에 대한 기초 지식을 보유하신 분 · AI 모델을 활용해 업무 효율을 높여본 경험이 있는 분 [ 인턴십을 통한 성장기회 ] · 실무 감각 배양 : 단순 보조를 넘어 실제 수억 ~ 수십억 원대 광고 예산이 움직이는 과정을 직접 목격하고 관리 · 데이터 분석 역량 : Raw 데이터를 유의미한 인사이트 ( 리포트 ) 로 바꾸는 과정을 통해 분석 전문가로 성장 [ 인턴십 유형 및 기간 ] · 유형 : 체험형 인턴 · 기간 : 2026.04.27( 월 ) ~ 2026.10.30( 금 ) / 6 개월 [ 기타사항 ] · 모집기간 : 2026.03.27( 금 ) ~ 2026.04.03( 금 ) 17:00 까지 · 이력서와 포트폴리오 ( 자유 양식 ) 제출 필수 · 접수방법 : 이메일 (recruit@daehong.co.kr)"
311276,시립창동청소년센터,2026년 시립창동청소년센터 오픈런앤런 With 동행멘토단 대학생 멘토 모집,,,휴학 중/시간 투자 가능,활동비,"2026년 시립창동청소년센터 오픈런앤런 With 동행멘토단 대학생 멘토 모집 지원기간 2026.03.26 (목) ~ 2026.04.08 (수) 지원자격 서울 소재 대학교 재학생 및 서울 거주 대학생 15명 (02년생 ~ 07년생) 활동내용 중학생 대상 멘토링 및 대학 탐방, 진로 캠프 운영 시급 1시간 3만원 서류 심사 2026.04.09 (목) ~ 2026.04.10 (금) 면접 일자 2026.04.11 (토)"
311275,쿠쿠전자,쿠쿠 대학생 서포터즈 2기 모집,,,파워블로거/SNS | 콘텐츠 기획/제작 경험,활동비 | 수료증 및 인증서,"🙌🏻 쿠쿠와 함께 나만의 취향이 담긴 SNS 콘텐츠를 제작할 ‘ 쿠쿠더쿠 ’ 대학생 서포터즈 2 기 모집 1. 모집 대상 - 국내외 대학 ( 원 ) 재학생 / 휴학생 / 졸업유예생 누구나 2. 모집 인원 - 총 18 명 내외 3. 주요 활동 [ 정기 미션 : 매월 진행되는 기본 미션 ] - 쿠쿠 제품을 주제로 블로그 , 인스타그램 , 유튜브 , 틱톡 등 SNS 콘텐츠 제작 - 발대식 , 오프라인 모임 , 해단식 등 참여 ( 활동 증명서 발급 가능 ) * 모든 채널을 활용하므로 블로그 , 인스타그램 , 유튜브 , 틱톡 계정 생성 및 활용 필수입니다 . [ 추가 활동 : 다양한 실무 기회 제공을 위해 매월 다르게 진행 ] - 홍보 마케팅 아이디어 기획 및 제안 - 오프라인 행사 ( 팝업스토어 , 박람회 등 ) 및 쿠쿠스토어 매장 등 홍보 마케팅 현장 취재 - 사내 뉴스레터 제작 참여 - 현직 실무자 교류 프로그램 ( 강의 또는 멘토링 , 인터뷰 ) * 미션 내용은 내부 사정에 의해 변동될 수 있습니다 . 4. 활동 혜택 - 개인 활동비 월 10 만 원 - 월별 우수 활동자 대상 인센티브 지급 * 최우수 (1 인 ) 20 만 원 / 우수 (2 인 ) 각 15 만 원 / 장려 (2 인 ) 각 10 만 원 * 이외 최다 조회 수 등 다양한 요소를 참작한 인센티브 제공 - 최종 성과 평가 후 장학금 및 상장 지급 * 최우수 팀 (1 팀 ) 200 만 원 / 최우수 (1 인 ) 150 만 원 / 우수 (2 인 ) 100 만 원 / 장려 (2 인 ) 50 만 원 - 공식 임명장 및 활동 수료증 발급 - 미션 수행을 위한 쿠쿠 제품 제공 - 기념 굿즈 제공 5. 일정 - 모집 기간 : 2026 년 3 월 27 일 ( 금 ) ~ 4 월 11 일 ( 토 ) - 서류 발표 : 2026 년 4 월 13 일 ( 월 ) - 면접 일정 : 2026 년 4 월 14 일 ( 화 ), 쿠쿠 서울사무소 - 합격 발표 : 2026 년 4 월 24 일 ( 금 ) 이전 * 서류는 즉시 심사하므로 4/13( 월 ) 에 빠르게 합격 발표 예정입니다 . * 서류 및 면접 전형은 문자로 합격 여부 안내 예정입니다 . * 합격자의 경우 사무국에서 별도 유선 연락 드릴 예정입니다 . - 발대식 : 2026 년 4 월 30 일 ( 목 ), 쿠쿠 강동 사옥 - 활동 기간 : 5 월 초 ~ 8 월 초 ( 총 3 개월 내외 ) - 이외 오프라인 모임 및 해단식은 시험 기간을 피해서 진행 , 추후 공지 * 일정은 내부 사정에 의해 변동될 수 있습니다 . * 오프라인 모임에 대한 참가 증명서는 모두 발급해드립니다 . 6. 지원 방법 - ‘ 지원서 ’ 및 ‘ 대학 ( 원 ) 재학 / 휴학 증명서 ’ 2 건 사무국 이메일로 제출 - 제출처 : cuckoosupporters@postcom.co.kr 7. 우대 사항 - SNS 콘텐츠 제작 경험자 ( 숫자 성과 및 인사이트가 있을 경우 적극 기재 ) - 월 1 회 이상 정기 활동 참여 가능자 - 팀 활동 및 아이디어 기획 역량 우수자 - 쿠쿠 주요 제품과 쿠쿠 서포터즈 1 기 활동에 대해 관심이 많은 지원자 8. 공식 채널 - 블로그 : https://blog.naver.com/cuckoo_official - 유튜브 : https://www.youtube.com/@cuckoo_official - 인스타그램 : https://www.instagram.com/cuckoo_1978 - 뉴스레터 : https://cuckoonewsletter.imweb.me 9. 문의 - 서포터즈 운영 사무국 이메일 : cuckoosupporters@postcom.co.kr - 본 게시물 댓글 * 문의 메일 작성 시 , 제목에 [ 서포터즈 문의 ] 를 반드시 붙여주세요 ."
311274,무역안보관리원,[무역안보관리원] 2026년도 상반기 신입직원 무기계약직 채용,CONTRACT,"세무, 회계 | 재무/세무/IR | 경영/사무 | 회계 | 재무 | 세무 | IR | 회계감사 | 예산관리 | [조직이해] 무역안보관리원에 지원하게 된 동기와 입사 후 어떤 경험을 통해 어떻게 성장하고 싶은지에 대해 기술해주십시오. (최대 600자 입력가능) | [소통,협력] 조직 및 단체생활 과정에서 내외부 사람들과 자발적으로 협력하여 성과를 도출하기 위해 노력했던 경험에 대해 기술해 주십시오. (최대 600자 입력가능) | [혁신,개방] 조직 및 단체생활 과정에서 기존의 방식에 문제의식을 갖고 새로운 접근을 통해 생산성이나 효과성을 증대시켰던 경험에 대해 기술해 주십시오. (최대 600자 입력가능) | [전문역량] 지원한 직무와 관련하여 본인이 보유하고 있는 역량에 대해 기술하고, 해당 역량을 향상시키기 위해 어떠한 노력을 기울였는지 기술해 주십시오. (최대 600자 입력가능) | [무역안보관리원] 2026년도 상반기 신입직원 무기계약직 채용",,,"[무역안보관리원] 2026년도 상반기 신입직원 무기계약직 채용 [모집부문] - 세무, 회계 [응시 자격] · 연령(만 60세 미만인자), 성별, 경력 등 무관 · 남자의 경우 병역 기피사실이 없는 자 · 고졸인재 [접수기간] - 2026.3.26 ~ 2026.4.10"
311273,서울대학교병원,[분당서울대학교병원] 신입(사무직) 직원 채용공고,INTERN,,,,"[분당서울대학교병원] 신입(사무직) 직원 채용공고 [모집직무] 법학계열 상경계열 [접수기간] 2026.03.24.(화) ~ 2026.04.02.(목) [기타] 일반직인턴 직원은 4개월간의 인턴과정(직무소개서에 명시된 직무관련 지식습득, 경험 및 지원 업무를 수행)을 거치며 직무평가 후 정규직으로 임용함(직무평가 기간은 인턴기간 중 일부로 함) - 정규직 임용기준 : 직무평가결과 80점 이상 - 단, 직무평가결과가 80점 미만일 경우에는 추가 2개월간의 인턴과정을 거쳐 직무평가결과 60점 이상시 정규직으로 임용, 60점 미만의 경우 정규직 임용에서 탈락됨 - 인턴과정은 정규직 전환시 근속기간에 산정됨"
311272,칠보청소년청년센터,칠보청소년청년센터 '청소년 뷰티 연구소' 참가자 모집  2차 홍보,,,파워블로거/SNS | 사진/영상/디자인 툴 | 취재/인터뷰/기사 경험 | 콘텐츠 기획/제작 경험 | 타 대외활동 경험,사은품 지급 | 실무 교육,"● 모집 대상 - 수원시 14세~19세 청소년 ● 활동 내용 - 메이크업 트렌드 알아보고 실습하기 - 숏폼 기획과 컨텐츠 제작 알아보기 - 숏폼 촬영해보기 - 참가자들 중 투표를 통해 영상 선정, 상품 지급! (조명 삼각대, 메이크업 브러쉬, 화장품) ● 모집 기간 - 2026. 03. 17. ~ 2026. 04. 07. ● 활동 기간 - 2026. 04. 11. (토) , 2026. 04. 18. (토) [2회기] ● 운영 일정 - 2026. 04. 11. (토) , 2026. 04. 18. (토) [2회기] ● 진행 장소 - 칠보청소년청년센터 ● 활동 혜택 - 메이크업 도구 지원 - 메이크업 강사 전문 교육 - 숏폼 촬영용 삼각대, 조명 지원 - 인기 영상 투표 후 상품 증정(탁상용 조명 삼각대, 메이크업 브러쉬, 폼클렌징) ● 지원 방법 - 네이버폼 신청서 제출 - https://naver.me/GahcnT4W ● 문의 사항 - 031-278-4832(일, 월 휴무)"
311270,무역안보관리원,[무역안보관리원] 2026년도 상반기 체험형 청년인턴 채용,INTERN,"교육지원 | 교육기획 | 인사/노무/교육 | 경영/사무 | 무역사무/수출입 | 무역/유통 | 재무/세무/IR | 무역사무 | 수출입사무 | 무역영어 | 세관/통관 | 회계 | 재무 | 세무 | IR | 회계감사 | 예산관리 | [조직이해] 무역안보관리원에 지원하게 된 동기와 입사 후 어떤 경험을 통해 어떻게 성장하고 싶은지에 대해 기술해주십시오. (최대 600자 입력가능) | [소통,협력] 조직 및 단체생활 과정에서 내외부 사람들과 자발적으로 협력하여 성과를 도출하기 위해 노력했던 경험에 대해 기술해 주십시오. (최대 600자 입력가능) | [혁신,개방] 조직 및 단체생활 과정에서 기존의 방식에 문제의식을 갖고 새로운 접근을 통해 생산성이나 효과성을 증대시켰던 경험에 대해 기술해 주십시오. (최대 600자 입력가능) | [전문역량] 지원한 직무와 관련하여 본인이 보유하고 있는 역량에 대해 기술하고, 해당 역량을 향상시키기 위해 어떠한 노력을 기울였는지 기술해 주십시오. (최대 600자 입력가능) | [무역안보관리원] 2026년도 상반기 체험형 청년인턴 채용 | 판정지원 | 경영지원",,,"[무역안보관리원] 2026년도 상반기 체험형 청년인턴 채용 [모집부문] - 경영지원 - 판정지원 - 교육지원 [응시 자격] · 학력, 성별, 경력 등 무관 · 남자의 경우 병역필 또는 면제자(병역 기피사실이 없는 자) · 청년고용촉진 특별법에 따른 만 34세 미만인자 · 제대군인지원에 관한 법률 시행령 제19조에 따라 제대군인에 대한 청년 인정 연령을 아래와 같이 연장함 · 군 복무기간 1년 미만 1세, 1년 이상~2년 미만 2세, 2년 이상 3세 · TOEIC, TEPS, TOEFL-IBT, TOEIC Speaking, OPIC 점수 보유자로 TOEIC 환산점수 700점 이상인 자 [전형절차] - 채용공고 및 원서접수 > 서류전형 > 증빙서류 제출 > 면접전형 > 합격"
311269,중부지방해양경찰청,[중부지방해양경찰청] 2026년 청년인턴 채용 재공고,INTERN,,,,"[중부지방해양경찰청] 2026년 청년인턴 채용 재공고 [모집직무] 행정 [접수기간] 2026. 3. 25.(수)~4. 1.(수) [담당업무] 회의, 행사, 기록물 관리, 정책홍보, 통계작성 등 행정 업무지원"
311268,소노인터내셔널,[소노인터내셔널] MICE 영업 신입/경력 채용,"NEW, EXPERIENCED",,,,"[소노인터내셔널] MICE 영업 신입/경력 채용 직무소개 MICE 유치 판촉 - 일반 기업체, 공공기관 세일즈 - 단체 영업, 계약, 현장 답사 진행, 주요 행사 현지 출장 신규 시장 영업 - 신규 거래처, 신규 업종 등 시장 확대 영업 단체 행사 관리 - 단체 객실, 행사 스케줄 관리 - 단체 행사 정산 관리 거래처 관리 - 주요 거래처 방문 판촉 및 관계 유지 연간/분기별 영업전략 수립 - 업종별 트렌드 파악, 행사 정보력 강화, 경쟁사 물량 파악 - 시즌별 영업전략 수립 신규 시장 - 신규 산업군, 마켓의 현장 영업 사업장 전략상품 운영 - 사업장 특성에 맞는 단체상품 운영 및 영업방향 설정 지원자격 전문학사 이상 학력 보유자 우대조건 영어 능력 우수자 기본 OA 활용 능력 우수자 호텔&리조트 산업에 대한 이해도가 높은자 직무 관련 자격증 소지자 및 관련 유경험자 국가유공자 및 보훈대상자 장애인복지법에 의한 '등록 장애인' 전형절차 01 지원서 접수 02 서류전형 03 면접전형(1차 필수 진행, 2차 필요 시 진행) 04 최종합격 근무지 근무지 : 소노타워 주소 : 서울 송파구 법원로 135 (*26년 4월 말, 마곡나루 역 인근 사옥 이전 예정) 기타사항 서류접수는 당사 홈페이지 온라인 접수를 통해 진행됩니다. 이력서 사진은 반드시 증명사진으로 등록해 주시기 바랍니다.(최근 3개월 사진) 수습기간은 신입의 경우 6개월, 경력의 경우 3개월로 두며, 수습 기간 평가를 통해 본채용 여부가 결정됩니다. 입사지원 시 기록된 내용이 허위로 판명될 경우 입사가 취소될 수 있습니다. 복리후생 및 기타사항은 소노업(SONO-UP) 홈페이지에서 확인하시길 바랍니다. 채용 진행과 관련한 기타 문의 사항은 담당자 이메일을 통하여 문의주시기 바랍니다. 담당자 이메일주소 : sono.recruit@daemyungsono.com 채용서류 반환청구 채용절차의 공정화에 관한 법률 제11조 제6항에 의거, 최종합격자를 제외한 구직자를 대상으로 기 제출한 채용서류를 반환 받을 수 있습니다. 당사 채용에 응시한 구직자 중 최종합격이 되지 못한 구직자는 접수종료일 14일 이내 제출한 채용서류의 반환을 청구할 수 있음을 알려드립니다. 다만, 홈페이지 또는 전자우편으로 제출된 경우나 구직자가 당사의 요구 없이 자발적으로 제출한 경우에는 그러하지 아니합니다. 채용서류 반환 청구는 마이페이지-개인정보수정-채용서류 반환신청 메뉴를 통하여 진행해주시기 바랍니다."
311267,한경닷컴,한경닷컴 심화_제약바이오 품질 및 데이터분석 전문가 과정 9기 모집,,,,,"🔥과정 시작 1년 만에 약 200명 수료🔥 한경닷컴IT교육센터에서 '심화_제약바이오 품질 및 데이터분석 전문가 과정'의 2026년 세 번째 기수, 9기 훈련생을 모집합니다 ! 8기에도 많은 분들이 찾아주셔서, 빠르게 9기 오픈합니다!👏 💡우리 과정의 차별점 - 제약바이오 산업의 전반적인 이해부터 GMP 품질실무, HPLC 장비를 활용한 이화학 분석실무 실습, 데이터 분석까지! - 2개월만 투자하면 끝! '31일' 만에 되는 제약바이오 전문가! (실 훈련일수 기준) - 내일배움카드가 사용 가능한 상태라면 누구나 신청 가능! ---------------------------- 1️⃣ 모집 대상 - 2개월 간 집중하여 참여할 수 있는 관련 전공 대학생(재, 휴 무관), 졸업예정자*, 취업준비생* - '심화' 과정임에 따라 관련 전공자, 경력자, 자격증 및 기술 소지자 우대 - 내일배움카드 발급 완료자 우대, 실업자 우대 2️⃣ 교육 일정 - 교육 기간 : 2026.05.07(목) ~ 2026.06.16(화) / 총 31일, 일 8시간 수업 - 교육 방식 : 전체 오프라인 수업 / 교육 장소 : 한경닷컴IT교육센터 교육장 (양평동 위치 ) - 상세 일정 : 링크 참고 ※ 화, 수 휴강 (주말 포함 주 5일 수업 진행 : 목 ~ 월) 3️⃣ 입과 신청 안내 - 전형 안내 : 구글폼 신청 확인 > 비대면 면접(개별 안내) > 합격자 발표 및 이후 절차 안내(개별 안내) ※ 모집 기간 : ~ 4/24(금) 17:00까지 / 정원 합격 완료 시 선착순 조기 마감될 수 있음 4️⃣ 고용24, 내일배움카드 신청 안내 - 본 과정은 고용노동부 K-디지털트레이닝 사업 과정이므로, 내일배움카드 발급 및 고용24 과정 신청 필수 - 기존 KDT 일반 장기 과정 참여 및 수료 여부와 무관하게 참여 가능 - 일반 장기 과정(단기 과정 외 훈련 과정)과 동시 수강 또는 순차 수강 모두 허용 ‼️참여 유의사항 ※ 내일배움카드 내 훈련비 잔액 있어야 참여 가능 (150만원 차감 예정) ※ 기존 KDT 단기 심화 과정 참여 이력 없어야 함 ※ 훈련비 중 일부 자기부담금 발생(30만원) 예정, 최종 합격 시 해당자 관련 안내 예정 ※ 최종 합격하여도 고용24 수강 등록이 완료되지 않을 경우 입과 진행 불가 ---------------------------- ⭐ 과정 참여 시 혜택 - 훈련비의 약 90% 국비지원! (수업비 + 교재비 + 실습비 등) - 훈련장려금 월 최대 200,000원 지원 (실업자 대상, 예외인 경우 해당 조건 충족 시) - HPLC 분석장비, 경피흡수시스템 등 다양한 실무 기기 경험 - 프로젝트 발표회 입상 팀에게 한경닷컴 대표 명의 상장 시상 및 시상금 지급 - 과정 참여 우수자에게 한경닷컴 대표 명의 상장 시상 - 수료생 전원 수료증 지급 - 현직 전문가 특강 및 취업 컨설팅 제공 ✅ 문의처 - 과정 문의 : 010-9464-1786 - 등록 문의 : 02-6340-2460 (유선) / @한경닷컴IT교육센터 (카카오톡 채널) - 이메일 : hkedu1@hankyung.com"
311266,소노인터내셔널,[소노인터내셔널] 마케팅기획 신입/경력 채용,"NEW, EXPERIENCED",,,,"[소노인터내셔널] 마케팅기획 신입/경력 채용 모집 직무 마케팅기획 직무 소개 마케팅 기획 및 운영 - 시즌·프러퍼티별 마케팅 전략 수립 - 홈페이지 Seg. 세일즈 계획 수립 - 영업 활성화 캠페인 기획 및 운영 상품 기획 - 전략 상품·시그니처 아이템 기획 및 운영 실적 분석 및 관리 - 홈페이지 Seg. 및 전략 상품 실적 분석 - 매출 포케스팅 및 성과 관리 CRM 운영 - CRM 전략 수립 - 소노멤버스 운영 및 관리 지원자격 마케팅기획 -학사 이상 학력 보유자 (호텔경영, 관광 관련 전공 우대) -신입(경력 3년 이하) 및 경력직(유관 경력 3년 이상) 우대조건 -호텔&리조트 산업에 대한 이해도가 높은 자 -직무 관련 자격증 소지자 및 관련 유경험자 -기본 OA 활용 능력 우수자 -국가유공자 및 보훈대상자 -장애인복지법에 의한 '등록 장애인' 전형절차 01 지원서 접수 02 서류전형 03 면접전형(1차 기본 진행, 2차 필요 시 진행) 04 최종합격 근무지 근무지 : 본사(소노타워) 주소 : 서울 송파구 법원로 135 (*26년 4월 말, 마곡나루역 인근 사옥 이전 예정) 기타사항 서류접수는 당사 홈페이지 온라인 접수를 통해 진행됩니다. 이력서 사진은 반드시 증명사진으로 등록해 주시기 바랍니다.(최근 3개월 사진) 수습기간은 신입의 경우 6개월, 경력의 경우 3개월로 두며, 수습 기간 평가를 통해 본채용 여부가 결정됩니다. 입사지원 시 기록된 내용이 허위로 판명될 경우 입사가 취소될 수 있습니다. 복리후생 및 기타사항은 소노업(SONO-UP) 홈페이지에서 확인하시길 바랍니다. 채용 진행과 관련한 기타 문의 사항은 담당자 이메일을 통하여 문의주시기 바랍니다. 담당자 이메일주소 : sono.recruit@daemyungsono.com 채용서류 반환청구 채용절차의 공정화에 관한 법률 제11조 제6항에 의거, 최종합격자를 제외한 구직자를 대상으로 기 제출한 채용서류를 반환 받을 수 있습니다. 당사 채용에 응시한 구직자 중 최종합격이 되지 못한 구직자는 접수종료일 14일 이내 제출한 채용서류의 반환을 청구할 수 있음을 알려드립니다. 다만, 홈페이지 또는 전자우편으로 제출된 경우나 구직자가 당사의 요구 없이 자발적으로 제출한 경우에는 그러하지 아니합니다. 채용서류 반환 청구는 마이페이지-개인정보수정-채용서류 반환신청 메뉴를 통하여 진행해주시기 바랍니다."
311265,"충청남도, 대전지방기상청 / (재)충남창조경제혁신센터",제14회 충남 공공데이터·AI 활용 창업 경진대회,,,,상장 수여,제14회 충남 공공데이터·AI 활용 창업 경진대회 ■ 사업목적 - 공공데이터·AI를 활용한 창의적 아이디어 및 신규 비즈니스모델 발굴로 공공데이터 기반 창업 촉진 ■ 사업내용 - 본 창업경진대회 수상작에 한하여 행정안전부 주최「제14회 범정부 공공데이터·AI 활용 창업경진대회」 본선 진출 지원 ■ 공모부문 - 공공데이터·AI기술을 모두 활용한 ①아이디어 기획 ②제품 및 서비스 개발 ■ 참가자격 - 공공데이터와 AI기술을 모두 활용하여 아이디어를 기획하거나 제품·서비스를 개발한 창업 및 예비창업자 ■ 모집 기간 - 2026.03.26.(목) ~ 05.22.(금) 18:00 까지 ■ 지원 방법 - 충남창조경제혁신센터 통합접수시스템 - 신청 및 양식 링크에서 다운로드 ■ 활동 혜택 - 부문별 상위 1개팀 중앙부처 통합본선(행정안전부) 진출권 부여 - 본선 진출권 부여자(팀)에게는 후속지원(멘토링/교육 지원 등) ■ 문의 사항 - 오픈이노베이션창업팀 - 041-589-7146 - wrbae@ccei.kr ■ 공모전 시상 및 후속지원(만원) - 제품 및 서비스 개발 * 대상(1) : 300(500) * 최우수상(1) : 100 * 우수상(1) : 50 - 아이디어 기획 * 대상(1) : 300(500) * 최우수상(1) : 100 * 우수상(1) : 50 - 특별상 * 특별상(1) : 100(상품권) ■ 문의 - (재)충남창조경제혁신센터(오픈이노베이션창업팀) 041-589-7146 / wrbae@ccei.kr - 충청남도 AI데이터정책관(AI데이터기획팀) 041-635-3203 - 대전지방기상청 기후서비스과(기상기후데이터) 042-363-3543 - 한국지능정보사회진흥원(공공데이터 활용 지원(공공데이터포털)) 1566-0025
311264,금화,[금화] 브랜드팀 바잉MD 신입사원 채용,NEW,바잉MD | 상품기획/MD | 무역/유통 | 상품기획/개발 | MD | 패션MD | 리테일MD | 식품MD | 자유양식 입니다. | [금화] 브랜드팀 바잉MD 신입사원 채용,,,[금화] 브랜드팀 바잉MD 신입사원 채용 [주요 업무] - 수입제품 바잉 관리 - 상품기획 및 운영 - 매출 및 수불관리 - 협업 및 커뮤니케이션 [자격 요건] · 글로벌 파트너사 대응을 위한 비즈니스 영어 숙련자 · 데이터 기반 의사결정 지원 및 오피스 활용 능통자 [우대 사항] · 패션 / 슈즈 업종 MD 유경험자 · 해외 브랜드 바잉 실무 경험자
311263,"환경실천연합회, 은평구시설관리공단","하천 수질보호 봉사활동, 깨끗해져라 불광천",,,기타,봉사활동시간,"하천 수질보호 봉사활동, 깨끗해져라 불광천 ● 모집 대상 - 참여를 희망하는 누구나 (개인, 가족 등 개인이나 단체 무관하게 참여 가능) (동아리, 지역아동센터, 학교, 시설 등 단체 가능, 별도 문의) ● 활동 내용 - 수질 및 생태계 모니터링하기 - EM흙공 만들기 & 던지기 - 생태계 교란식물 퇴치하기 ● 활동 기간 - 2026.04.24 14:00~ - 2026.05.29 14:00~ - 2026.06.26 14:00~ - (단체 활동의 경우 별도 일자 조율 가능, 별도 문의) ● 진행 장소 - 은평구 불광천 와산교 하단 ● 활동 혜택 - 봉사활동 시간 4시간 인증 ● 지원 방법 - 개인, 가족 - 1365자원봉사포털을 통한 활동 신청 (포스터 QR) - 기관, 단체 - 유선으로 활동 신청 (02-805-8841) ● 유의 사항 - 우천 시 활동이 취소될 수 있습니다. - 은평구시설관리공단과 함께하는 봉사활동 프로그램입니다. ● 문의 사항 - 사단법인 환경실천연합회 - www.ecolink.or.kr - 02)805-8841 - satin@ecolink.or.kr"
311262,충북경제자유구역청,충북경제자유구역청 제4기 블로그 기자단 모집 안내,,,기타,활동비 | 수료증 및 인증서,"﻿ [충북경제자유구역청] 제4기 블로그 기자단 모집 (~3/31) 충북경제자유구역청(CBFEZ)의 다양한 소식과 오송의 매력을 생생하게 전달할 제4기 블로그 기자단을 모집합니다! 평소 콘텐츠 제작에 자신 있고, 지역 정책 및 현장 취재에 관심 있는 분들의 많은 지원 바랍니다. ● 모집 일정 - 모집 기간 : 2026. 3. 26.(목) ~ 3. 31.(화) - 결과 발표 : 2026. 4. 8.(수) 예정 *충북경자청 SNS 발표 및 개별 연락 ● 모집 대상 (10명 이내) - CBFEZ에 관심이 많은 충북·충남·대전·세종 거주자 (만 19세 이상) - 개인 블로그 및 SNS 계정을 활발히 운영 중인 분 - 현장 취재 및 블로그 콘텐츠 제작 경험이 있는 분 - 주요 정책, 현안, 행사 등 현장 취재가 가능하신 분 ● 활동 기간 - 2026년 4월 ~ 2026년 12월 (약 9개월간) ● 활동 내용 - 블로그 원고 작성 : 매월 1건 이상 (CBFEZ 사업, 오송 정주여건, 문화, 여행 등 현장 취재) - 지정 주제 취재 : 주요 시책 등 특정 주제에 대한 기사 작성 - 소셜 활동 : CBFEZ 공식 SNS 콘텐츠 공유, 좋아요, 댓글 등 소통 참여 ● 활동 혜택 - 원고료 지급 : 건당 8만원 (교통비 미지급) - 기자증 발급 : CBFEZ 블로그 기자단 전용 기자증 - 참여 기회 : 충북경자청 주관 행사, 축제 등 다양한 현장 참여 기회 제공 - 수료증 발급 : 활동 수료 시 공식 수료증 수여 ● 신청 방법 - 충북경제자유구역청 홈페이지 또는 SNS 공지 내 '네이버 폼'을 통해 온라인 접수 - https://naver.me/5wrb5S91 - 포스터 내 QR코드를 스캔하여 바로 지원 가능합니다."
311261,서울시자살예방센터,[올리브영 금액권 이벤트] DM 또는 스토리 인증샷 업로드,,,,기타,"🌸 2026 봄생명사랑캠페인: 우리의 바라봄, 도움이 됩니다. 따스한 봄기운이 완연한 요즘, 여러분의 마음 날씨는 어떠신가요? 🌤️ 나를 돌보고 생명을 존중하는 마음, 딱 5분의 기록으로 직접 실천해 보세요! 🎨 [바라봄 1] 나를 바라봄 (간단 카드 만들기) 나만을 위한 응원 메시지를 담은 카드를 제작하고 공유해 주세요! 🎁 참여 혜택 추첨을 통해 총 500분께 올리브영 5,000원권을 드립니다! 📅 이벤트 기간 2026년 3월 23일(월) ~ 5월 8일(금) 📍 참여 방법 오른쪽 링크 클릭! 👉 <2026 봄생명사랑캠페인> 나를 바라보는 짧은 시간이 우리 모두를 지키는 큰 힘이 됩니다. 💪"
311259,해커스어학원,[해커스어학원] 유튜브 영상 편집자 인턴 채용,INTERN,,,,"[해커스어학원] 유튜브 영상 편집자 인턴 채용 모집직무 유튜브 영상 편집자 (인턴) 담당업무 유튜브 영상 편집 자격사항 1. 학력 : 초대졸이상 (졸업예정자 가능) 2. 영상/디자인 툴(Premiere, After Effect, Photoshop 등)을 중상급 이상의 수준으로 사용 가능한 자 3. 유튜브 영상 편집&썸네일 제작 경험이 있는 자 (※ 포트폴리오 필수 첨부) 4. 어학, 자격증 관련하여 관심이 있고 이해도가 높은자 우대사항 1. 관련학과 전공자 (미디어컨텐츠학과/영상학과 등) 2. 토익, JLPT 등 어학점수 보유자 3. 유튜브 채널 운영 경험 있는 자 전형절차 서류전형 → 면접전형 → 온라인 인/적성 전형 → 신체검사 → 최종합격"
311258,코자,[코자] [MAGAZINE] 매거진 에디터 어시스턴트 (계약직),CONTRACT,매거진 에디터 어시스턴트 | 콘텐츠/사이트운영 | IT/인터넷 | e-러닝운영 | 게시판관리 | 사이트운영 | 쇼핑몰•오픈마켓 | 카페•블로그관리 | 컨텐츠운영 | 컨텐츠제작 | 자유양식 입니다. | [코자] [MAGAZINE] 매거진 에디터 어시스턴트 (계약직),,,"[코자] [MAGAZINE] 매거진 에디터 어시스턴트 (계약직) [담당 업무] - 디지털 매거진 컨텐츠 자료를 수집하고 기획합니다. - SNS 기사를 작성하고 발행합니다. - 컨텐츠 이미지를 편집합니다. - 행사 참여 등 취재 관련 지원 업무를 수행합니다. [지원 자격] - 학력, 경력 무관 (신입 지원 가능) - 포토샵, 일러스트 등 디자인 프로그램(Adobe) 사용이 능숙하신 분 - 패션, 디자인, K-POP, 아이돌 문화에 대해 관심도가 높은 분 [우대 사항] - 아이돌 문화에 대해 이해도가 높고 관련 커뮤니티 경험이 많은 분 - 디지털 매거진에 대한 이해도가 높거나 관련 경력이 있으신 분 - 디자인 프로그램(Adobe)의 기본적인 활용이 가능한 분 - 코스메틱 브랜드와 뷰티 트렌드에 대한 이해도가 높은 분 - 기본적인 영어 커뮤니케이션이 가능한 분"
311256,코자,[코자] [MAGAZINE] 일본 채널 에디터 어시스턴트 (계약직),CONTRACT,일본 채널 에디터 어시스턴트 | 콘텐츠/사이트운영 | IT/인터넷 | e-러닝운영 | 게시판관리 | 사이트운영 | 쇼핑몰•오픈마켓 | 카페•블로그관리 | 컨텐츠운영 | 컨텐츠제작 | 자유양식 입니다. | [코자] [MAGAZINE] 일본 채널 에디터 어시스턴트 (계약직),,,"[코자] [MAGAZINE] 일본 채널 에디터 어시스턴트 (계약직) [담당 업무] - 본지 매거진 콘텐츠를 일본어로 번역, 제작합니다. - 일본 트렌드 기반의 웹매거진 콘텐츠 자료를 수집하고 아이디어를 제안합니다. - SNS 기사를 작성하고 발행합니다. [지원 자격] - 일본어로 웹매거진 콘텐츠를 작성하고 번역하실 수 있는 분 - 포토샵, 일러스트 등 디자인 프로그램(Adobe) 사용이 능숙하신 분 [우대 사항] - 일본 현지 문화에 대한 이해도가 높으신 분 - K-POP 문화에 대해 이해도가 높으신 분 - 패션 혹은 뷰티 트렌드에 대해 이해도가 높으신 분"
311255,한국표준협회,[충청 ICT 이노베이션스퀘어 확산사업]   DataCraft : 데이터분석·시각화 마스터(기초부터 실전까지!),,,,,"🤖2026년 인공지능(AI)·데이터 온라인 교육생 모집 충청 ICT 이노베이션스퀘어에서 AI·데이터 분야 핵심 역량을 실시간 온라인 교육으로 배울 수 있는 인공지능(AI)·데이터 교육생을 모집합니다. ✅ 교육대상 : 충청권 소재 도·시민(거주지, 출신학교(재직생·졸업생), 재직자 등) ※ 충청권 소재 학교 졸업 후 타지역 거주자 및 주민등록상 거주지가 충청권인 사람도 지원 가능 ✅ 교육과정 : DataCraft : 데이터분석·시각화 마스터(기초부터 실전까지!) - 교육기간: 04.13 ~ 05.12 - 교육시간: 월~금 / 14:00~18:00 (총 80시간) / 실시간 온라인(ZOOM) ✅ 신청방법 - 충청 ICT 이노베이션스퀘어 홈페이지 접속→ 디지털 신기술 교육 → 데이터 → 한국표준협회 과정 - 교육과정 바로가기 ▶ DataCraft : 데이터분석·시각화 마스터(기초부터 실전까지!) ✅ 교육혜택 - 교육비 전액 무료 - 수료 시 수료증 발급 - 우수교육생 해외연수 기회 지원 - ICT이노베이션스퀘어 프로그램 우대 (공모전, 멘토링, 취*창업 지원 프로그램 등) - 참고 도서 지급 ✅ 문의처 - 한국표준협회 충북지역본부 (T. 043-216-2452) - 한국표준협회 서울본부 (T. 02-6240-4888)"
311254,현대제철,[현대제철] 총무 계약직 채용(당진),CONTRACT,"총무 계약직 채용(당진) | 자재/재고관리 | 구매/자재/재고 | 무역/유통 | 총무 | 사무/총무/법무 | 경영/사무 | 본인 성격의 장단점을 자신의 성장과정과 경험을 기반으로 서술하여 주십시오. (최소 100자, 최대 600자 입력가능) | 현대자동차그룹 핵심가치(고객 최우선, 도전적 실행, 소통과 협력, 인재존중, 글로벌 지향) 중 본인의 경험을 기반으로 실천사례를 제시하시오. (최소 100자, 최대 600자 입력가능) | 본인이 회사를 선택함에 있어 중요시 여기는 가치와 현대제철이 왜 그 가치와 부합하는지 본인의 의견을 서술하여 주십시오. (최소 100자, 최대 600자 입력가능) | 해당 직무에 지원한 동기와 해당 직무에 본인이 적합한 이유 및 근거를 본인의 경험, 전공 등과 연계하여 서술하여 주십시오. (최소 100자, 최대 600자 입력가능) | [현대제철] 총무 계약직 채용(당진)",,,"[현대제철] 총무 계약직 채용(당진) ■ 수행 업무 · 창고관리 및 기초 영선 업무 · 총무창고 관리 · 재고관리, 고장 및 수리 ■ 자격요건 · 고졸 이상 (전공 무관) · 유관업무 경력자 우대 ■ 전형절차 - 서류전형 > 면접전형/신체검사 > 최종합격"
311253,양정인력개발센터,MICE 컨벤션·관광마케팅·기획 실무 취업준비생 모집!!(스펙+취업용 포트폴리오 제작),,,,,"🎯 MICE 컨벤션·관광마케팅·기획 실무 취업준비생 모집 ● 모집개요 - 취업유망직종 관광MICE 분야로 취업하고 싶으신 분 환영! - 관광마케팅·컨벤션·여행상품 실무 교육 + 취업용 포트폴리오 제작 - 취준생·졸업예정자·졸업자 모두 적극 추천! ● 교육혜택 - 교육비 국비 지원 - 교육수당 매월 최대 80만원 제공 - 실무 스펙+취업용 포트폴리오 완성 - 교재 무상 제공(시중교재,NCS학습모듈) - 취업컨설팅 제공 ● 교육내용 - 국제회의/컨벤션기획 - MICE 운영실무 - 여행상품개발 - 관광관련법규 - 관광마케팅 등 ● 교육대상 - 취업을 희망하는 누구나 - 초보자/비전공자 가능 - 대학생의 경우, 졸업예정자 및 3학년 이상 휴학생 ● 교육일정 - 교육기간 : 4월 16일 개강 ~ 7월23일 - 교육시간 : 평일 09:10~17:40 - 교육장소 : 양정인력개발센터 ● 관광MICE 전문 교육기관 '양정인력개발센터' ✔관광·MICE·컨벤션 분야 특화 교육기관 ✔500명 이상 수료생의 실제 취업률과 취업처로 증명 ✔취업률 100% 연속 달성! 압도적인 취업 성과 ● 신청방법 양정인력개발센터 홈페이지 접수 (클릭) ● 교육문의 - 홈페이지: www.취업교육.com - 전화문의: 051-851-7887 - 위치: 지하철 1호선 양정역 버스정류장 바로 앞"
311252,양정인력개발센터,[자격증대비+실무] 스마트 무역·해양 물류관리 실무자 양성,,,,,"📢 모집개요 취업유망직종으로 취업하고 싶다면 🌟 지금이 기회 ! 국비지원으로 시작하세요 !‘ ’ 실무 + 디지털 신기술 + 취업컨실팅 ' 까지 ! 물류 / 무역분야 취업준비반을 모집합니다 ! 🎁 교육 참여혜택 ✔️ 교육비 국비지원 ✔️ 매월 교육수당 400,000 원 제공 ✔️ 교재 무료 제공 ✔️ 1:1 취업컨설팅 제공 ⭐ 교육대상 ✔️ 취업을 희망하는 구직자 / 취준생 ✔️ 비전공자도 가능 ✔️ 대학생의 경우 3 학년부터 가능 💎 커리큘럼 주요내용 - 트라이포트 물류관리 - 스마트 항만물류 - AI 활용 무역실무 - 스마트 물류 전략 실무 - 해양물류 프로젝트 - 취업지원 서비스 제공 ⚡ 관련 자격증 - 물류관리사 - 스마트해상물류관리사 - ERP 정보관리사 물류 - 국제무역사 - 무역영어 💍 관련 취업분야 - 물류관리 및 구매 / 자재관리 - 포워딩 및 유통관리 - 무역 ( 수출입 ) 사무원 / 해외영업 - 항공 / 해운 / 선박회사 - 항만 / 관세 / 통관업체 - 제조업 등 ✨ 취준반 일정 - 과정명 : 스마트무역 ･ 해양 물류관리 실무자 양성 - 교육기간 : 4 월 17 일 개강 ~ 8 월 25 일 - 교육시간 : 월 ~ 금 09:00~17:30 - 교육신청 : 양정인력개발센터 홈페이지 접수 ( 클릭 ) 📞 교육문의 - 교육신청 : www. 취업교육 .com - 전화문의 : 051-851-7887 - 위치 : 부산진구 중앙대로 900 양정인력개발센터"
311251,한국표준협회,[충청 ICT 이노베이션스퀘어 확산사업]  바이브코딩으로 쉽게 완성하는 나만의 웹서비스,,,,,"🤖2026년 인공지능(AI)·데이터 온라인 교육생 모집 충청 ICT 이노베이션스퀘어에서 AI·데이터 분야 핵심 역량을 실시간 온라인 교육으로 배울 수 있는 인공지능(AI)·데이터 교육생을 모집합니다. ✅ 교육대상 : 충청권 소재 도·시민(거주지, 출신학교(재직생·졸업생), 재직자 등) ※ 충청권 소재 학교 졸업 후 타지역 거주자 및 주민등록상 거주지가 충청권인 사람도 지원 가능 ✅ 교육과정 : 바이브코딩으로 쉽게 완성하는 나만의 웹서비스 - 교육기간: 04.13 ~ 05.19 - 교육시간: 월~금 / 09:00~13:00 (총 100시간) / 실시간 온라인(ZOOM) ✅ 신청방법 - 충청 ICT 이노베이션스퀘어 홈페이지 접속→ 디지털 신기술 교육 → 인공지능 → 한국표준협회 과정 - 교육과정 바로 가기 ▶ 바이브코딩으로 쉽게 완성하는 나만의 웹서비스 ✅ 교육혜택 - 교육비 전액 무료 - 수료 시 수료증 발급 - 우수교육생 해외연수 기회 지원 - ICT이노베이션스퀘어 프로그램 우대 (공모전, 멘토링, 취*창업 지원 프로그램 등) - 참고 도서 지급 ✅ 문의처 - 한국표준협회 충북지역본부 (T. 043-216-2452) - 한국표준협회 서울본부 (T. 02-6240-4888)"
311250,비케이알,[비케이알] 26년 외부 4차 버거킹 운영관리직 채용_신입사원전용,NEW,버거킹 운영관리 | 자재/재고관리 | 구매/자재/재고 | 무역/유통 | 판매/캐셔/매장관리 | 영업/고객상담 | 판매 | 캐셔 | 매장관리 | 1. 본인에 대한 자기소개를 작성해주세요. (최소 500자 - 최대 2000자) | 2. 본인 성격의 특징에 대해 작성해주세요. (최소 500자 - 최대 2000자) | 3. 버거킹에 지원하게된 지원 동기 및 입사 후 포부에 대해 작성해주세요. (최소 500자 - 최대 2000자) | [비케이알] 26년 외부 4차 버거킹 운영관리직 채용_신입사원전용,,,[비케이알] 26년 외부 4차 버거킹 운영관리직 채용_신입사원전용 ■ 모집지역/인원 · 전국 / 00명 · <우대지역> · 수도권(여주 의정부 인천 김포 부평 영등포 부천 남양주 분당 수원 용인(수지) 동탄(화성) 평택) · 강원(동해 춘천 속초 강릉) · 제주(서귀포시) ■ 지원자격 · 나이: 무관 · 학력: 전문 대학교 졸업 이상 · (26년 8월 졸업예정자 포함) · 외식산업에 대한 Vision과 서비스 마인드를 갖춘자 · 모집지역 근무 가능자로 해외여행의 결격사유가 없는 자 · 건강진단결과서 소지자 또는 발급 가능한자 (체중합격 시 미 구비자 자동 불합격) · 남자는 병역 필 또는 면제자 ■ 접수기한 - 2026년 4월 14일 22시까지
311249,뉴로핏,[뉴로핏] 임상통계 담당자 (Biostatistician) (계약직),CONTRACT,임상통계 담당자 (Biostatistician) (계약직) | DBA/데이터베이스 | IT/인터넷 | 설문/통계/리서치 | 전문/특수직 | 바이오/제약/식품 | 연구개발/설계 | BI 엔지니어 | 데이터 엔지니어 | 파이썬 개발자 | 조사분석 | 통계 | 리서치 | 시장조사 | 바이오 | 제약 | 의약품 | 식품가공/개발 | 자유양식 입니다. | [뉴로핏] 임상통계 담당자 (Biostatistician) (계약직),,,"[뉴로핏] 임상통계 담당자 (Biostatistician) (계약직) [함께 할 업무입니다.] - 임상시험 설계 지원 ㆍSample size calculation ㆍStatistical Analysis Plan 작성 ㆍEndpoint 및 분석 방법 검토 - 임상 데이터 분석 - 논문 및 학술 지원 ㆍ통계 방법 작성 ㆍ결과 Table 및 Figure 생성 -기존 데이터 분석 ㆍ사내 축적된 임상 데이터 분석 ㆍ연구 결과의 논문화 지원 [이런 역량을 가진 분을 찾고 있습니다.] - 임상시험 또는 의료데이터 분석 경험 - Statistical Analysis Plan (SAP) 수립 경험 - Sample size calculaton 수행 경험 - R 활용 능력 - 통계 결과 해석 및 보고서 작성 역량 [이런 경험이 있다면 더 좋습니다.] - 석사 학위 소지자 - 의료기기 또는 제약 임상시험 경험 - CRO 근무 경험 - Reader study (MRMC) 분석 경험 - Diagnostic accuracy, ROC analysis 경험 - 논문 게재 경험"
311248,메가존클라우드,[메가존클라우드] 247 서비스(분당),NEW,"247 서비스(분당) | AS/서비스/수리 | 서비스 | 네트워크/서버/보안 | IT/인터넷 | 설치/수리 | AS기사 | 자동차정비 | CIO | 네트워크관리 | 네트워크엔지니어 | 보안 엔지니어 | 보안컨설팅 | 서버 개발자 | 시스템, 네트워크 관리자 | 시스템•네트워크 컨설팅 | 시스템운영 | 시스템프로그래머 | 정보보안 | 자기소개서 필수 질문 Trinity Values 중 최소 한가지 항목을 선택하여 개인의 경험과 함께 구체적으로 기술하시오. Trinity Values https://career.megazone.com 페이지 참고 | [메가존클라우드] 247 서비스(분당)",,,"[메가존클라우드] 247 서비스(분당) [이런 일을 해요] - Cloud, OS/Application, 보안 솔루션에 대한 모니터링을 수행해요. - SIEM 을 통한 실시간 보안 이벤트 모니터링을 수행해요. - 주기적인 점검을 통해 서비스 안정화를 수행해요. - 서비스 및 인프라 관련 장애를 대응해요. [이런 분과 함께하고 싶어요] - Cloud, OS/Application, 보안 솔루션 모니터링 업무에 대한 이해가 있어야 해요. - 보안관제 업무에 대한 이해가 있어야 해요. - 기술 문서 작성 및 원활한 커뮤니케이션 역량이 있어야 해요. [이런 경험이 있으면 더! 좋아요] - SOC 등 Operation Center 업무 경험이 있으면 더 좋아요. - Public Cloud, 보안 관련 자격증이 있으면 더 좋아요. - TCP/IP, DNS, HTTP 프로토콜에 대한 지식이 있으면 더 좋아요. - Linux, Windows OS 관리 지식이 있으면 더 좋아요. - 모니터링 등 오픈소스 솔루션 사용 경험이 있으면 더 좋아요."
311246,한국표준협회,[충청 ICT 이노베이션스퀘어 확산사업] AI 기반 의료 이미지 분석 및 질병 판독 교육생 모집,,,,,"🤖2026년 인공지능(AI)·데이터 온라인 교육생 모집 충청 ICT 이노베이션스퀘어에서 AI·데이터 분야 핵심 역량을 실시간 온라인 교육으로 배울 수 있는 인공지능(AI)·데이터 교육생을 모집합니다. ✅ 교육대상 : 충청권 소재 도·시민(거주지, 출신학교(재직생·졸업생), 재직자 등) ※ 충청권 소재 학교 졸업 후 타지역 거주자 및 주민등록상 거주지가 충청권인 사람도 지원 가능 ✅ 교육과정 : AI 기반 의료 이미지 분석 및 질병 판독 - 교육기간: 04.13 ~ 05.01 - 교육시간: 월~금 / 09:00~13:00 (총 60시간) / 실시간 온라인(ZOOM) ✅ 신청방법 - 충청 ICT 이노베이션스퀘어 홈페이지 접속→ 디지털 신기술 교육 → 인공지능 → 한국표준협회 과정 - 교육과정 바로 가기 ▶ AI 기반 의료 이미지 분석 및 질병 판독 ✅ 교육혜택 - 교육비 전액 무료 - 수료 시 수료증 발급 - 우수교육생 해외연수 기회 지원 - ICT이노베이션스퀘어 프로그램 우대 (공모전, 멘토링, 취*창업 지원 프로그램 등) - 참고 도서 지급 ✅ 문의처 - 한국표준협회 충북지역본부 (T. 043-216-2452) - 한국표준협회 서울본부 (T. 02-6240-4888)"
311245,플리토,[플리토] 데이터 관리 및 프로젝트 운영 지원 인턴 채용,INTERN,데이터 관리 및 프로젝트 운영 지원 | PM | 웹기획/PM/웹마케팅 | IT/인터넷 | 플리토와 함께 하고 싶으신 이유는 무엇인가요? | 해당 직무에 지원하시게된 계기를 작성해 주세요. | 본인의 업무상 강점에 대해 작성해 주세요. | [플리토] 데이터 관리 및 프로젝트 운영 지원 인턴 채용,,,"[플리토] 데이터 관리 및 프로젝트 운영 지원 인턴 채용 [담당업무] - 메인 PM과 협업하여 다양한 프로젝트 관리에 필요한 여러 업무 및 미션을 수행하며, 성공적인 프로젝트 완료를 위한 업무 지원 역할을 담당합니다. 1. 프로젝트 운영 지원 : 고객 요구사항 분석을 통한 프로젝트 전략 수립 지원 : 프로젝트 투입 리소스 소싱 및 커뮤니케이션 등 운영 지원 *작업자 구인(공고게재 - Test의뢰 – 결과안내 - 계약진행), 작업 QC관리(피드백), 정산업무 등 : 데이터 품질 관리 및 최종 검수 : 프로젝트 이슈 관리 - 이슈 대응, 이슈 분석 및 관련 부서와의 협업을 통한 솔루션 도출 2. 데이터* 관리/검수 (*텍스트, 이미지, 음성 등) : 언어, 음성, 이미지 등 다양한 형태의 데이터 품질 관리 및 최종 검수 : 검수 완료 데이터에 대한 피드백 제공 : 데이터 검수 기준 고도화 및 가이드라인 보완을 통한 지속 개선 [자격요건] - AI 학습용 데이터 관리, 검수 프로세스에 대한 이해와 경험이 있으신 분 - Microsoft Excel, 스프레드 시트 등의 문서 활용이 원활하신 분 - 업무 전반을 꼼꼼하게 점검하며 정확도를 높이는 데 강점을 가진 분 - 새로운 과제나 상황에 유연하게 대응할 수 있는 문제 해결 능력을 보유하신 분 - 원활한 커뮤니케이션으로 협업이 가능하신 분 [우대사항] - 인공지능(AI) 관련 프로젝트 경험이 있거나 트렌드에 대한 높은 관심을 보유하신 분 *언어 AI, LLM, 생성형 AI, RLHF 등 - 제2외국어 (영어, 일본어, 중국어, 프랑스어, 스페인어 등) 역량을 보유하신 분 - 개발 및 데이터 분석에 대한 이해도가 있으신 분"
311242,배움,[배움] 경영사무(교육행정) 실전 직무 프로그램_4월 1기 1차_8주,,,,,"[배움] 경영사무(교육행정) 실전 직무 프로그램_4월 1기 1차_8주 [모집대상] 고졸이상, 전공무관, 문서작성능력, OA(엑셀, 한글) ▶우대사항 평생교육사 2급 소지자 및 학점은행제 학습자 [모집기간] ~ 04월 12일까지 [모집공고]"
311241,한국농어촌공사,[한국농어촌공사] 공공행정 역량 향상 일경험 프로그램 4-2,,,,,[한국농어촌공사] 공공행정 역량 향상 일경험 프로그램 4-2 [모집대상] - 컴퓨터 문서 작성(활용포함) 및 고객응대 가능자 [모집기간] ~ 03월 31일까지 [모집공고]
311240,한국농어촌공사,[한국농어촌공사] (경남지역본부) 공공행정,,,,,[한국농어촌공사] (경남지역본부) 공공행정 [모집대상] 고졸 이상 [모집기간] ~ 04월 01일까지 [모집공고]
311238,한국농어촌공사,[한국농어촌공사] (경남지역본부) 공공행정 (국취연계형),,,,,[한국농어촌공사] (경남지역본부) 공공행정 (국취연계형) [모집대상] 고졸 이상 [모집기간] ~ 04월 01일까지 [모집공고]
311237,프로메가코리아,[프로메가코리아] 경영사무(인사관리) 실전 직무 프로그램_4월 1기 1차_20주,,,,,"[프로메가코리아] 경영사무(인사관리) 실전 직무 프로그램_4월 1기 1차_20주 [모집대상] 대졸이상, 인문/상경계열 전공자, AI활용능력, OA(워드, 엑셀, 파워포인트) [모집기간] ~ 04월 12일까지 [모집공고]"
311236,정우정공,[정우정공(주)] 미래내일 일경험 4-7,,,,,"[정우정공(주)] 미래내일 일경험 4-7 [모집대상] 대졸이상(기계설비전공) * 요구역량 : Word, Excel, Power Point, 한글, AUTO CAD, SOLIDWORKS, INVENTOR - 관련 경력자 우대 [모집기간] ~ 03월 30일 오전 9시까지 [모집공고]"
311235,이포넷,[이포넷] 경영사무(앱테스트 보조) 실전 직무 프로그램_4월 1기 1차_10주,,,,,"[이포넷] 경영사무(앱테스트 보조) 실전 직무 프로그램_4월 1기 1차_10주 [모집대상] 대졸이상, 전공무관, OA(워드, 엑셀, 파워포인트, 한글) ▶우대사항 워드, 엑셀, 파워포인트 등 컴퓨터 활용능력 우대 [모집기간] ~ 04월 12일까지 [모집공고]"
311234,이포넷,[이포넷] 경영사무(앱 콘텐츠 관리) 실전 직무 프로그램_4월 1기 2차_10주,,,,,"[이포넷] 경영사무(앱 콘텐츠 관리) 실전 직무 프로그램_4월 1기 2차_10주 [모집대상] 4년제 대졸이상, 전공무관, OA(워드, 엑셀, 파워포인트, 한글) ▶우대사항 워드, 엑셀, 파워포인트 등 컴퓨터활용능력 우대 [모집기간] ~ 04월 12일까지 [모집공고]"
311233,이포넷,[이포넷] 경영사무(마케팅부서 업무지원) 실전 직무 프로그램_4월 1기 1차_10주,,,,,"[이포넷] 경영사무(마케팅부서 업무지원) 실전 직무 프로그램_4월 1기 1차_10주 [모집대상] 4년제 대졸이상, 전공무관, OA(워드, 엑셀, 파워포인트, 한글) ▶우대사항 워드, 엑셀, 파워포인트 등 컴퓨터활용능력 우대 [모집기간] ~ 04월 12일까지 [모집공고]"
311232,시앤피컨설팅,[시앤피컨설팅] 경영사무(일터혁신본부) 실전 직무 프로그램_4월 1기 1차_10주,,,,,"[시앤피컨설팅] 경영사무(일터혁신본부) 실전 직무 프로그램_4월 1기 1차_10주 [모집대상] 4년제 대졸이상, 경영학, 경제학, 심리학, 교육학, 사회학, 법학, 행정 등 전공자, Data Search 및 가공, 정부사업 프로젝트관리, 보고서 작성 및 검토 가능자, OA(엑셀, 파워포인트, 한글) ▶우대사항 • 정부지원사업 프로젝트 참여 경험자 우대 • 정부 및 공공기관 사업 경험자 우대 • 노동부 지원사업 경험자 우대 • 국내·외 컨설팅회사 업무 유경험자 [모집기간] ~ 04월 12일까지 [모집공고]"
311231,시앤피컨설팅,[시앤피컨설팅] 경영사무(공공경영컨설팅본부) 실전 직무 프로그램_4월 1기 1차_10주,,,,,"[시앤피컨설팅] 경영사무(공공경영컨설팅본부) 실전 직무 프로그램_4월 1기 1차_10주 [모집대상] 2년제 대졸이상, 전공무관, OA(엑셀, 파워포인트, 한글) ▶우대사항 해당없음 [모집기간] ~ 04월 12일까지 [모집공고]"
311230,시앤피컨설팅,[시앤피컨설팅] 경영사무(경영컨설팅본부) 실전 직무 프로그램_4월 1기 1차_10주,,,,,"[시앤피컨설팅] 경영사무(경영컨설팅본부) 실전 직무 프로그램_4월 1기 1차_10주 [모집대상] 고졸이상, 전공무관, OA(파워포인트) ▶우대사항 경영학, 심리학 등 관련 전공자 우대 [모집기간] ~ 04월 12일까지 [모집공고]"
311229,성일하이텍(주),[성일하이텍(주)] 미래내일 일경험 4-15,,,,,"[성일하이텍(주)] 미래내일 일경험 4-15 [모집대상] - 요구 및 우대사항 : 화학관련 학과 졸업, 실험 및 분석경험 (일반화학 및 실험), 이화학지식 및 문서작성(excel) [모집기간] ~ 03월 30일까지 [모집공고]"
311228,롯데백화점,[롯데백화점] (전주점) 미래내일 일경험 4-16,,,,,"[롯데백화점] (전주점) 미래내일 일경험 4-16 [모집대상] * 청년 선발 요건: 고졸이상 * 요구자격 : EXCEL, PPT [모집기간] ~ 03월 30일까지 [ 모집공고 ]"
311227,낭만합격,오케이 낭만합격,,,,,"오케이👌🏻, 낭만합격 하루를 살더라도 낭만 있게 보내고 싶지만 쌉P라서 실행이 잘 안되더라구요..ㅎ 그래서 이번 '낭만 합격'을 만들었습니다 <활동내용> 🩷힐링 합격 힐링의 묘미는 무계획이죠 -카페투어 -물멍 -피크닉 외 다수 힐링 될 수 있는건 다해요 🏃‍액티비티 합격 -자전거 -클라이밍 -레저스포츠 등등 아무래도 씐나게 놀려면 땀 좀 흘려야 되지 않겠어요 🧑‍🤝‍🧑친목합격 -소소한 일상을 함께 보낼 친구가 없으면 여기서 만들면 되지 않겠어요 -낭만을 같이 즐길 수 있는 친구를 만들어 보자구요 ☑️지원자격 - 지루한 일상 소확행 해보고 싶은 사람 - 낭만 있는 사람 - 이 글을 보고있는 사람 - 장소는 투표로 조율해서 진행예정 - 비용 발생시 바로바로 n/1 ✨기수별로 운영 예정✨ - 인원 4명 이상 찰시에 모임 운영 시작합니다. ‼️현재 3명의 인원이 모집되었으며, 4월 4일까지 추가 모집을 진행하여 인원이 미달되더라도 모임은 예정대로 운영될 것입니다. 6명까지는 중도 참여가 가능하도록 지속적으로 공고를 게시할 계획입니다.‼️ - 1~2주에 한번 모임 총 6~회(약3개월) - 인원 부족시 이전 기수들 중 1-2명 포함해서 가기도 함. - 기수 2-3개월 운영 뒤 전체 기수 있는 단톡방으로 포함 or 따로 운영 선택 자율 참여 ❌가입제한❌ - 본업이 바빠서 참석이 어려운분들 (스케줄 근무, 야근 많은 분들은 전에 모임 했을 때 날을 잡기가 어렵더라구요🙏) - 철새 사양 - 과도한 이성접근금지 - 타모임 운영진 - 모임 갯수 많은 분(2개이상) “잔잔하고 편한 분위기 좋아하시는 분들과 함께하고 싶어요” “서로 배려하면서 자연스럽게 어울리는 모임이에요” “분위기 잘 맞는 분들 위주로 운영하려고 합니다” 모임 인스타 : romantic.today.3 https://www.instagram.com/romantic.today.3?igsh=bGpxdjhnOGlxbDJ6 (신청링크 들어가면 인스타 링크있음) 신청링크 : https://naver.me/5re6Yycu"
311225,스노우,[스노우] [SNOW] 5월 전분야 체험형 인턴,INTERN,,,,[스노우] [SNOW] 5월 전분야 체험형 인턴 [모집분야] ﻿﻿1. Trend Insight 미국 담당 체험형 인턴 ﻿﻿2. 라이브위키 콘텐츠 마케팅 체험형 인턴 ﻿﻿3. 필터 스토어 기획/운영 체험형 인턴 ﻿﻿4. 편집 콘텐츠 에셋 기획/운영 체험형 인턴 ﻿﻿5. ﻿AI 크리에이티브 콘텐츠 디자인 체험형 인턴 ﻿﻿6. 북미 콘텐츠 마케팅 체험형 인턴 ﻿﻿7. SNOW/B612 이펙트 콘텐츠 기획/운영 체험형 인턴 [모집기간] 03월 26일 ~ 04월 07일 [채용공고]
311224,아트박스,[아트박스] 해외사업부 채용연계형 인턴사원 모집,INTERN,해외사업부 | 생산관리/공정관리/품질관리 | 생산/제조 | 생산관리 | 공정관리 | 품질관리 | 자재관리 | 환경관리 | 자유양식 입니다. | [아트박스] 해외사업부 채용연계형 인턴사원 모집,,,[아트박스] 해외사업부 채용연계형 인턴사원 모집 [담당업무] 해외 생산 거래처 발굴 및 관리 자사 제품 OEM 생산 품질 및 원가 관리 수입 통관 업무 진행 공산품 안전 검사 관련 업무 식품 및 식기 안전 검사 관련 업무 [모집기간] 03월 26일 ~ 04월 13일 [채용공고]
311223,인피니언테크놀로지스코리아,[인피니언테크놀로지스코리아] Internship - Edge AI,INTERN,,,,"[인피니언테크놀로지스코리아] Internship - Edge AI [담당업무] Edge Solution: Support the development and testing of Edge AI reference solutions utilizing PSoC Edge devices Model Deployment and Optimization: Assist in deploying and optimizing machine learning models for embedded environments Sensor Data Collection: Participate in sensor-based data collection, preprocessing, and seamless integration into AI pipelines Proof-of-Concept Demonstrations: Contribute to the creation and validation of proof-of-concept demos such as voice command recognition, anomaly detection, and sensor fusion AIoT Architecture Collaboration: Work closely with engineers to design and build reusable architecture blocks for AIoT systems [모집기간] 03월 26일 ~ 채용시 마감 [채용공고]"
311222,코딩스터디 Loop;,코딩스터디 Loop; 신입부원 모집,,,,,"👨‍💻코딩스터디 Loop; 신입부원 모집 🕵‍♂우리 소모임만의 장점 ✔️비전공자/직장인도 자율 참여 가능 ✔️경험있는 현직자 및 우수 개발자 참여 중 ✔️자유로운 분위기와 존중(꼰대X) ✔️포트폴리오 및 면접 준비도 동시에 가능 🖥 지난 스터디 활동 내용(소개글 참고) 1.스마트캠퍼스 통합관리 시스템 2.AI 면접관 & 모의면접 시스템 3.실시간 택배 경로 최적화 시스템 최적화 4.기타(CS 스터디, 코테 및 알고리즘) 등등 🖥 모임 활동 일정 및 장소 일시:주 1회~2회, 일요일 휴무 장소: 홍대입구역 혹은 학교 주변 카페(조사 예정) 🖥비용 -회비 6개월 마다 2만원(정모 및 유령회원방지) -스터디 룸 1/N 혹은 각자 커피값 ✉️신청 방법 https://forms.gle/K49mBJbWP4Jdz2Um6"
311221,앳홈,[앳홈] 글로벌 콘텐츠 마케터 (정규직 전환형),INTERN,,,,"[앳홈] 글로벌 콘텐츠 마케터 (정규직 전환형) [담당업무] 글로벌 소셜 채널 대상 사진 및 영상 콘텐츠 제작 인게이지먼트, 브랜딩, 퍼포먼스를 고려한 숏폼 영상 촬영 및 편집 (Reels, TikTok 등) 글로벌 뷰티 트렌드 및 플랫폼 포맷에 맞는 콘텐츠 기획 및 제작 필요 시 콘텐츠에 직접 출연하여 온카메라 콘텐츠 참여 콘텐츠 기획 지원, 기획안(브리프)을 비주얼 결과물로 구현 UGC 스타일 콘텐츠 발굴 및 크리에이터형 콘텐츠 제작 지원 콘텐츠 에셋 정리 및 관리 브랜드 소셜 미디어 채널 운영 지원 (댓글, DM 등 커뮤니티 응대 포함) 신제품 런칭 및 캠페인 관련 주요 촬영 지원 [모집기간] 03월 26일 ~ 채용시 마감 [채용공고]"
311220,배드민턴 연합 동아리  < GG >,배드민턴 연합 동아리  < GG > 에서 3기 신입부원을 모집합니다!!,,,,,"🏸배드민턴 연합 동아리 🏸GG🏸에서 3기 신입부원을 모집합니다‼️ 👋배드민턴 동아리 ""굿게임""은 배드민턴을 좋아하고 배드민턴을 통해 서로 알아가며 경험과 추억을 쌓아가는 동아리입니다! 평소 배드민턴에 관심이 있으시거나 처음 치셔도 괜찮습니다! 많은 관심과 지원 바랍니다 😆 ✔️지원방법 https://smore.im/form/yC3mqKWNqt 🏸굿게임에서만 할 수 있는 즐거운 배드민턴 생활 👍 ✔️모임 내 평가전을 통해 배드민턴 종목을 더욱 재미있게 참여하실 수 있도록 할 예정입니다! ✔️배드민턴 외 다양한 운동 + 번개모임을 통해 부원들간의 단합 시간을 열고있습니다! 🏸활동내용 - 매주 금, 토 정기 활동 (but, 변동가능) 금요일 : 구로 누리 배드민턴장 토요일 : 마곡 실내 배드민턴장 *모두 참여해야하는 것은 아니며, 참여 가능한 날짜에 참석 가능. - 동아리 내 간단한 대회 - 동아리 내 평가전을 통해 A,B,C 그룹으로 나누어 평가전을 진행 🏸활동장소 - 신림 실내 체육관 - 신도림 야외 공원장 - 구로누리 실내 체육관 - 마포 레포츠 센터 실내 배드민턴장 - 영등포 다목적 체육관 🏸정기활동 요일 및 시간 - 매주 금요일, 토요일 - 금요일 : 18시 ~ 20시, 20시 ~ 22시 - 토요일 : 16시 ~ 18시 * 일정은 유동적으로 변동 될 수 있습니다. 🏸가입비 및 회비 - 가입비 : 없음 - 회비 : 1만원 * 회비는 셔틀콕 구매 및 일일 입장료, 물 음료 지원 등으로 사용 될 예정입니다 (예/결산 내용은 투명하게 공개할 예정입니다.) 🏸운영주체 💁‍♂️총 5명의 운영진이 함께 하고 있습니다. (경인여대, 한양대, 중앙대, 시립대, 백석예대) 💁‍♀️본 동아리는 대학생에 의해 자치적으로 운영되며 정치/종교/시민단체와 전혀 무관함을 알려드립니다. 🏸모집인원 - 15명 내외(정원 마감시 모집종료) 🏸준비물 - 배드민턴 라켓 - 실내 운동화 or 배드민턴화 * 운영진 정보 - 회장: 중앙대학생 - 부회장: 한양대학생 - 회계: 시립대학생 - 홍보/기획: 백석예대학생 ✔️문의사항 https://open.kakao.com/o/sSN9YW2h"
311219,트립닷컴,"[트립닷컴] Marketing Campaign&Design Intern, KR",INTERN,"Marketing Campaign&Design | 마케팅/PR/분석 | 마케팅/광고/홍보 | 마케팅전략/기획 | 광고기획 | 온라인마케팅 | 시장조사/분석 | 브랜드매니저 | 해외마케팅 | 언론홍보/PR | 설문/리서치 | 자유양식 입니다. | [트립닷컴] Marketing Campaign&Design Intern, KR",,,"[트립닷컴] Marketing Campaign&Design Intern, KR [담당업무] Work closely with internal teams to setup and manage marketing campaigns. Assist onsite marketing channel including page setting & ensure timely launch of all required communications for the campaigns. Carefully prepare the necessary elements for the campaign setup and proofread the content on the landing page. Assist designers in developing promotional page and banner creatives Keep abreast of current trends in marketing and travel campaigns 내부 팀과 긴밀히 협력하여 마케팅 캠페인 설정 및 관리 배너 설정을 포함한 현장 마케팅 채널 지원, 캠페인에 필요한 모든 커뮤니케이션을 적시에 실행할 수 있도록 진행 캠페인 설정에 필요한 요소들을 신중하게 준비하고 랜딩 페이지 관리 프로모션 페이지 및 배너 제작을 위해 디자인 담당자 서포트 마케팅 및 여행 캠페인 관련 최신 트렌드 파악 [모집기간] 03월 26일 ~ 채용시 마감 [채용공고]"
311218,위마케팅,[위마케팅] [체험형인턴] 글로벌 콘텐츠 마케터,INTERN,"글로벌 콘텐츠 마케터 | 마케팅/PR/분석 | 마케팅/광고/홍보 | 마케팅전략/기획 | 광고기획 | 온라인마케팅 | 시장조사/분석 | 브랜드매니저 | 해외마케팅 | 언론홍보/PR | 설문/리서치 | 자신이 어떤 사람인지 소개하고, 위마케팅에 지원한 동기를 기술해 주세요. * Guide : 본인의 가치관, 성향 등을 소개하고, 회사 선택 시 중요하게 고려하는 점을 지원동기에 구체적으로 기술해 주세요. (글자수 : 제한 없음) | 지원한 직무와 관련된 자신의 강점과 해당 직무를 잘 수행하기 위해 쌓아온 경험을 기술해 주세요. * Guide : 지원 직무에 관련된 경험 혹은 직무를 잘 수행하기 위해 학업 또는 학업 외적으로 어떤 준비를 했는지 구체적으로 기술해 주세요. (글자수 : 제한 없음) | [위마케팅] [체험형인턴] 글로벌 콘텐츠 마케터",,,[위마케팅] [체험형인턴] 글로벌 콘텐츠 마케터 [담당업무] • 글로벌 뷰티 콘텐츠를 기획하고 운영합니다. • 틱톡 등 SNS 콘텐츠를 제작하고 인플루언서를 섭외합니다. • 캠페인 후 성과를 정리하고 분석합니다. • 최신 트렌드와 시장 조사를 통해 마케팅 아이디어를 도출합니다. [모집기간] 03월 26일 ~ 04월 16일 (채용시 마감) [채용공고]
311217,한국인터넷진흥원,"[한국인터넷진흥원] 2026년 일반직 채용 공고 - 일반경쟁 및 제한경쟁(고졸, 보훈)",NEW,,,,"[한국인터넷진흥원] 2026년 일반직 채용 공고 - 일반경쟁 및 제한경쟁(고졸, 보훈) [모집분야] 경영/정책 기술 [모집기간] 03월 26일 ~ 04월 09일 [채용공고]"
311216,대학생 빵투어&베이킹 동아리 “쿠키”,대학생 빵투어&베이킹 동아리 “쿠키” 신입부원 모집,,,,,"🍫 대학생 빵투어&베이킹 동아리 “쿠키” 신입부원 모집 🍫 안녕하세요~! “인스타에 올릴 예쁜 디저트 만들어보고 싶어요” ""빵지순례 같이 하고 싶어요!!"" ✨ 우리 동아리가 좋은 이유 ✨ 🍫 봉봉쇼콜라로 입상한 운영진이 있어요 → 템퍼링 어려워하시는 분들께 꿀팁 알려드릴게요! 초보자도 2~3시간 안에 예쁘게 광내는 법 배워요✨ 🥐 호텔 베이커리에서 잠시 일했습니다! → 호텔에서 썼던 레시피 중 쉬운 버전으로 같이 만들어요 부담 없이 따라 할 수 있는 제과류 레시피 위주! 🌷 초보자도 충분히 즐길 수 있어요 → “베이킹 처음이에요” 완전 환영 → 한 번에 2~3시간 정도, 딱 한 가지 메뉴만 집중해서 만들어요 ✨ 활동 내용 ✨ * 월 1회 베이킹 모임 (구청 공유주방 or 베이킹 스튜디오) → 재료비 + 공유주방 비용(장소에 따라 다름) → 한 번 모일 때마다 딱 한 가지 메뉴 완성! * 월 2회 빵투어 모임 → 빵지순례_인스타 맛집 위주로 갑니다 !! 🌀 지원서 : https://smore.im/form/nNFloI4lBO 🌀 활동사진 : https://padlet.com/COOKEY/cookey-cookie-key-9o825v4f5dl0pfuw"
311213,대학생 연합동아리 '에-또(えーと)',대학생 연합동아리 '에-또(えーと)' 신입 모집!,,,,,"🌟 대학생 연합동아리 '에-또(えーと)' 신입 모집! 🌟 일본 드라마, 영화, 만화, 그리고 맛있는 먹거리까지! 가벼운 취미 공유부터 심도 있는 일본어 공부까지 함께해요! 💻 모집 대상 - 일본 먹거리, 드라마, 영화, 만화에 관심 있으신 분! - 일본어 초급 ~ N3 자격증 목표로 일본어를 꾸준히 학습하고자 하는 분. 💻 동아리 멤버 조건 * 서울&근방 지역에서 정기 모임에 참여가 가능한 분. * 적극적인 참여가 가능하신 분. 🗓 주요 활동 계획 1~4주차: 먹거리&영화&만화 즐기며 친해지는 시간 가지기. 5~12주차: 일본어 스터디 (스터디룸 또는 분위기 좋은 카페 등)에서 활동. * 회화 : 유튜브 클립이나 짧은 영상 콘텐츠를 활용하여 일본어 쉐도잉 진행. 💰 회비 규정 - 가입비/연회비 없음 - 카페 이용 시 각자 계산 - 스터디룸 대여 비용 N빵 지원서 > https://smore.im/form/vtMm8QnVl2"
311212,한국보건산업진흥원,[한국보건산업진흥원] 2026년 신규직원(채용형인턴) 채용 공고,INTERN,"사무관리 | 경영/사무 | 기획/전략/경영 | 사무/총무/법무 | 인사/노무/교육 | 경리/회계/결산 | 재무/세무/IR | 사무보조/문서작성 | 지원한 직무와 관련하여 ① 본인이 보유한 전문지식과 핵심 역량을 설명하고, ② 그 역량을 갖추는 과정에서 스스로 목표를 설정하고 실행한 경험을 구체적으로 기술해 주시기 바랍니다. ③ 아울러 해당 경험이 지원한 직무 수행에 어떻게 연결될 수 있는지 본인의 생각을 함께 기술해 주시기 바랍니다. | 진흥원이 수행하는 사업의 ① 공적 역할 및 조직이 추구하는 가치에 대해 본인이 이해하고 있는 바를 작성하고, ② 그 중 본인의 가치관과 가장 잘 부합하는 부분이 무엇인지 기술해 주시기 바랍니다. ③ 아울러 조직의 목표 또는 방향이 본인의 가치관과 충돌했던 경험이 있는 경우 당시 본인의 생각 및 대처 방식을, 그러한 경험이 없는 경우 해당 상황이 발생한다면 어떻게 생각하고 행동할지를 기술해 주시기 바랍니다. | 업무나 조직 생활 중 여러 이해관계가 얽혀 해결이 쉽지 않았던 문제 상황을 경험한 적이 있다면 기술해 주시기 바랍니다. 그 상황에서 문제의 원인을 어떻게 분석하였는지, 구성원들과 어떠한 방식으로 소통하며 해결을 이끌어냈는지 과정과 결과를 구체적으로 기술해 주시기 바랍니다. | 본인이 가진 강점과 지금까지 쌓아온 경험을 진흥원의 조직문화 및 업무 방식에 어떻게 적용할 수 있을지 기술해 주시기 바랍니다. 또한 입사 후 개인의 성장과 조직의 발전이 함께 이루어질 수 있도록 본인은 어떤 방향으로 노력해 나갈 것인지 구체적으로 기술해 주시기 바랍니다. | [한국보건산업진흥원] 2026년 신규직원(채용형인턴) 채용 공고 | 안전관리 | 전기/소방/통신/안전 | 건설 | 시설관리 | 건설안전 | 소방방재 | 통신설비 | 국제의료사업지원 | 의료 | 의사/치과/한의사 | 약사/한약사/약무보조 | 간호사 | 간호조무사 | 의료기사 | 사무/원무/코디 | 수의사/수의간호 | 의료직기타",,,[한국보건산업진흥원] 2026년 신규직원(채용형인턴) 채용 공고 [모집분야] 인사관리 바이오헬스산업정책관리 보건의료R&D사업관리 보건산업진흥지원 국제의료사업지원 안전관리 사무관리 [모집기간] 03월 26일 ~ 04월 08일 [채용공고]
311211,무역안보관리원,[무역안보관리원] 2026년도 상반기 무역안보관리원 신입직원 정규직 채용,NEW,"화학 | 화학/에너지/환경 | 연구개발/설계 | [조직이해] 무역안보관리원에 지원하게 된 동기와 입사 후 어떤 경험을 통해 어떻게 성장하고 싶은지에 대해 기술해 주십시오. (최대 600자 이내) | [소통·협력] 조직 및 단체생활 과정에서 내·외부 사람들과 자발적 협력하여 성과를 도출하기 위해 노력했던 경험에 대해 기술해 주십시오. (최대 600자 이내) | [혁신·개방] 조직 및 단체생활 과정에서 기존의 방식에 문제의식을 갖고 새로운 접근을 통해 생산성이나 효과성을 증대시켰던 경험에 대해 기술해 주십시오. (최대 600자 이내) | [전문역량] 지원한 직무와 관련하여 본인이 보유하고 있는 역량에 대해 기술하고, 해당 역량을 향상시키기 위해 어떠한 노력을 기울였는지 기술해 주십시오. (최대 600자 이내) | [무역안보관리원] 2026년도 상반기 무역안보관리원 신입직원 정규직 채용 | 전자 | 전기/전자/제어 | 기계 | 자동차/조선/기계",,,[무역안보관리원] 2026년도 상반기 무역안보관리원 신입직원 정규직 채용 접수 기간 2026-03-26 ~ 2026-04-10 모집부문 및 상세내용 모집 부문 상세내용 경영 (2명) 채용형태 - 신입 기계 (1명) 채용형태 - 신입 전자 (1명) 채용형태 - 신입 화학 (1명) 채용형태 - 신입 자격요건 학력 학력무관 근무조건 급여 회사 내규에 따름 근무지역 서울 강남구 영동대로 511 무역센터 트레이드타워 16F 무역안보관리원 전형 절차 Step 1 서류전형 Step 2 필기 전형 Step 3 1차 면접 Step 4 2차 면접 Step 4 최종합격 지원 기간 및 방법 접수기간 2026-03-26 ~ 2026-04-10 접수방법 홈페이지 지원 문의 전화번호 15227257 유의사항 허위 사실이 발견될 경우 채용이 취소될 수 있습니다.
311210,무역안보관리원,[무역안보관리원] 2026년도 상반기 무역안보관리원 체험형 청년인턴 채용,INTERN,"교육지원 | 인사/노무/교육 | 경영/사무 | 인사 | 노무 | 채용/면접 | 교육기획 | [조직이해] 무역안보관리원에 지원하게 된 동기와 입사 후 어떤 경험을 통해 어떻게 성장하고 싶은지에 대해 기술해 주십시오. (최대 600자 이내) | [소통·협력] 조직 및 단체생활 과정에서 내·외부 사람들과 자발적 협력하여 성과를 도출하기 위해 노력했던 경험에 대해 기술해 주십시오. (최대 600자 이내) | [혁신·개방] 조직 및 단체생활 과정에서 기존의 방식에 문제의식을 갖고 새로운 접근을 통해 생산성이나 효과성을 증대시켰던 경험에 대해 기술해 주십시오. (최대 600자 이내) | [전문역량] 지원한 직무와 관련하여 본인이 보유하고 있는 역량에 대해 기술하고, 해당 역량을 향상시키기 위해 어떠한 노력을 기울였는지 기술해 주십시오. (최대 600자 이내) | [무역안보관리원] 2026년도 상반기 무역안보관리원 체험형 청년인턴 채용 | 판정지원 | 기획/전략/경영 | 사무/총무/법무 | 경리/회계/결산 | 재무/세무/IR | 사무보조/문서작성 | 경영지원",,,[무역안보관리원] 2026년도 상반기 무역안보관리원 체험형 청년인턴 채용 접수 기간 2026-03-26 ~ 2026-04-10 모집부문 및 상세내용 모집 부문 상세내용 경영지원 (2명) 채용형태 - 인턴 판정지원 (2명) 채용형태 - 인턴 교육지원 (2명) 채용형태 - 인턴 자격요건 학력 학력무관 근무조건 급여 회사 내규에 따름 근무지역 서울 강남구 영동대로 511 무역센터 트레이드타워 16F 무역안보관리원 전형 절차 Step 1 서류전형 Step 2 면접 전형 Step 2 최종합격 지원 기간 및 방법 접수기간 2026-03-26 ~ 2026-04-10 접수방법 홈페이지 지원 문의 전화번호 15227257 유의사항 허위 사실이 발견될 경우 채용이 취소될 수 있습니다.
311209,엑셀 마스터즈: 실무 엑셀 스터디,엑셀 마스터즈: 실무 엑셀 스터디,,,,,"엑셀 초보 셀린이도 OK! 이제는 단축키, 함수, 데이터 정리까지 마스터해보자! -엑셀을 처음부터 배우고 싶은 분 -인턴/과제/직장에서 엑셀 쓸 일이 많은데 막막한 분 -실무형 엑셀 스킬 을 배우고 싶은 취업 준비생 & 사회초년생 -독학은 힘들고, 함께 배우며 성장하고 싶은 분 📋 스터디 커리큘럼 (입문자 버전) 1단계: 엑셀과 친해지기 엑셀 화면 구성 이해 (셀, 행/열, 리본 메뉴 등) 셀 입력 & 편집, 셀 병합, 정렬, 색상 입히기 꼭 알아야 할 기본 단축키 (복사, 붙여넣기, 실행 취소 등) 2단계: 데이터 입력과 정리 자동 채우기로 날짜/숫자 빠르게 입력하기 정렬(오름차순/내림차순)과 필터 사용법 표(테이블)로 깔끔하게 정리하는 실습 3단계: 계산도 할 수 있어요! (기초 함수 배우기) 합계, 평균, 개수 세기: SUM, AVERAGE, COUNT 함수 함수 쓰는 기본 구조 익히기 (=함수이름(범위)) 수식 오류 없이 입력하는 팁! ✨ 처음에는 쉽고 재밌게! ✨ 실무에 꼭 필요한 핵심만 골라서 알려드립니다! 📂 모집 안내 모집 대상 : 엑셀을 잘 모르거나 배우고 싶은 누구나 모집 기간 : 상시모집 중 진행 방식 : 유동적 (월 2~3회 진행 예정) 📌 신청 및 문의 📝 지원방법 : https://forms.gle/4qv1vydtvwUjiScFA"
311208,루이비통코리아,[루이비통코리아] HORIZONS: Retail Management Trainee Program 2026,NEW,Retail Management Trainee | 일반영업 | 영업/고객상담 | 자유양식 입니다. | [루이비통코리아] HORIZONS: Retail Management Trainee Program 2026,,,"[루이비통코리아] HORIZONS: Retail Management Trainee Program 2026 [담당업무] RETAIL HORIZON LOUIS VUITTON North Asia 모든 국가에서 함께 진행하는 본 프로그램은 홍콩, 마카오, 대만 동료들과의 교류 및 교육 프로그램 등을 통해 차별화 된 커리어 성장 기회를 제공합니다. TEAM MANAGER 2년간의 Management Trainee 프로그램을 성공적으로 수료하면, 그 간의 평가 내용에 따라 STORE의 TEAM MANAGER로 승진할 수 있는 기회가 주어집니다. STORE MANAGER Team Manager 로 졸업한 후의 커리어는 개인역량에 따라 루이 비통 내에서 다양하게 모색할 수 있으며, 탁월한 퍼포먼스를 바탕으로 Store Manager로 승진 후에 더 큰 리테일 리더쉽 역할로의 career progression 추천드리고 있습니다. [모집기간] 03월 26일 ~ 04월 30일 [채용공고]"
311206,LT메탈,[LT메탈] 신입/경력사원 수시채용,"EXPERIENCED, NEW","공정기술 Bording Wire) | 생산관리/공정관리/품질관리 | 생산/제조 | 생산관리 | 공정관리 | 품질관리 | 자재관리 | 환경관리 | 생산/제조/설비/조립 | 포장/가공 | 섬유/의류/패션 | Q1. 고객의 요구나 불만을 해결하기 위해, 창의적이거나 특별한 노력을 기울였던 경험 | Q2. 직면했던 가장 어려운 목표와 그 목표를 달성하기 위해 활용한 방안, 전략 등 | Q3. 팀 활동에서 갈등이 발생했던 경험과 갈등 해결 및 팀 목표 달성을 위한 본인의 역할, 기여 등 | Q4. 직무 관련 새로운 기술과 지식을 배우기 위해 했던 구체적인 노력 | [LT메탈] 신입/경력사원 수시채용 | 연구개발 (금식/세라믹) | 연구개발/설계 | 자동차/조선/기계 | 반도체/디스플레이 | 화학/에너지/환경 | 전기/전자/제어 | 기계설계/CAD/CAM | 통신기술/네트워크구축 | 바이오/제약/식품 | 자동차 | 조선 | 기계 | 반도체 | 디스플레이 | 화학 | 에너지 | 환경 | 화장품 | 전기/전기설비 | 전자 | 공정/품질/테스트 | 기계설계 | CAD | CAM | 바이오 | 제약 | 의약품 | 식품가공/개발 | 안전/보건 | 기타",,,"[LT메탈] 신입/경력사원 수시채용 접수 기간 2026-03-26 ~ 2026-04-08 모집부문 및 상세내용 모집 부문 상세내용 사내 변호사 (0명) 담당업무 - 각종 계약서(국문/영문) 작성, 검토 및 협상 지원 - - 사업 운영 전반에 대한 법률 자문 및 법률의견서 작성 - 소송, 중재, 행정쟁송 등 분쟁 대응 및 외부 로펌 관리 - 신규 사업, 투자, M&A, 제휴 관련 법률 리스크 검토 - 사내 컴플라이언스 체계 구축 운영 및 임직원 법무 교육 - 주요 법령·판례 변동 모니터링 채용형태 - 경력 [자격요건] - 대졸(학사) 이상 - 대한민국 또는 미국 변호사 자격 보유자 - 경력 10년 이하 [우대사항] - 로펌 기업자문 또는 기업법무(제조업) 실무 경험 보유자 - 영어 활용 가능자 국내외 영업/마케팅 (Chemical) (0명) 담당업무 - 케미칼 제품 판매 관련 영업/마케팅 활동 전반 - 귀금속 Recycle 관련 영업/마케팅 활동 전반 - 국내외 신규 고객사 개척 영업/마케팅 - 국내외 기존 고객사 관리 채용형태 - 신입 [자격요건] - 대졸(학사) 이상 - 공학/어학/경상계열 관련 전공 - 신입 해외영업 (Material) (0명) 담당업무 - 중국 지역 기존 고객 관리 및 신규 고객 확대 - 아시아, 미주 지역 신규 영업 활동 전반 (역량에 따른 담당 지역 배치 예정) 채용형태 - 신입 [자격요건] - 대졸(학사) 이상 - 전공 무관 - 신입 또는 경력 8년 이하 - 중국어(HSK 6급 이상) 또는 영어(스피킹 IM3 이상) 어학점수 보유자 [우대사항] - 무역 관련 자격증 보유자 - 외국어 활용 가능자(일본어 등) -전력/전기계열 등 유관업계/업종 경력 보유자 안전/보건 (0명) 담당업무 - 전사 보건관리 (MSDS/안전보호구 관련 각종 보건 교육, 근로자 건강검진/상담, 작업환경측정/국소배기장치 관련 공학적 개선 등) - 안전보건경영시스템(ISO 45001) 관리 (안전보건경영시스템 관련 업무, 안전보건(재해율/목표) 지표 관리 등) - 안전보건 교육 및 안전 점검 (정기안전보건교육/채용시 특별 교육, 위험성평가 관리/유해위험 공정 점검, 정기적 안전점검 활동 및 개선 등) - 소방안전관리 및 위험물 관리 (소방시설/소화기 점검, 비상대피 훈련/위험물 보관 관리 등) 채용형태 - 신입 [자격요건] - 대졸(학사) 이상 -안전보건공학/공학계열 관련 전공 - 신입 또는 경력 3년 이하 - 산업안전기사/산업위생관리기사 자격증 보유자 [우대사항] - 소방설비기사/위험물산업기사 자격증 보유자 연구개발 (금식/세라믹) (0명) 담당업무 - 금속/세라믹 소재 공정 기술 개발 - 공정 개선 및 수율 관리 - 제품 불량유형 파악, 원인 도출 및 개선 - 고객사 샘플 제출, 인증 관리를 통한 양산 이관 채용형태 - 신입 [자격요건] - 대졸(학사) 이상 - 금속/세라믹/신소재공학 관련 전공 - 신입 또는 경력 5년 이하 [우대사항] - 담당업무 관련 분야 연구개발 경험 보유자 - 담당업무 관련 분야 산학연 기관 경력 보유자 공정기술 Bording Wire) (0명) 담당업무 - 생산 공정 운영 및 품질 안정성 관리 - 공정 데이터 분석을 통한 생산성·불량 개선 - 생산 설비 점검 및 기술적 트러블 대응 - 신규 공정/신제품 양산 조건 설정 및 최적화 - 작업 표준서 및 공정 문서 관리 채용형태 - 신입 [자격요건] - 대졸(학사) 이상 - 전기/전자/기계/화학/신소재공학 관련 전공 - 신입 또는 경력 4년 이하 [우대사항] - 영어/중국어 가능자 자격요건 학력 대학졸업(4년) 이상(졸업예정자 가능) 근무조건 급여 회사 내규에 따름 근무지역 서울 강서구 마곡중앙8로 20 LT메탈 인천 남동구 남동대로 117 LT메탈 남동공장 인천 서구 가좌동 548-1 LT메탈 주안공장 전형 절차 Step 1 서류전형 Step 2 인적성 검사 Step 3 1차 면접 Step 4 2차 면접 Step 4 최종합격 지원 기간 및 방법 접수기간 2026-03-26 ~ 2026-04-08 접수방법 홈페이지 지원 유의사항 허위 사실이 발견될 경우 채용이 취소될 수 있습니다."
311204,DRB동일,[DRB동일] 2026년 2분기 분야별 신입 및 경력사원 채용,"NEW, EXPERIENCED","비히클실링 설계개발 | 연구개발/설계 | 자동차/조선/기계 | 반도체/디스플레이 | 화학/에너지/환경 | 전기/전자/제어 | 기계설계/CAD/CAM | 통신기술/네트워크구축 | 바이오/제약/식품 | 1. DRB에 대한 이미지와 느낌을 자유롭게 서술하고, 지원동기와 입사 후 포부를 기술해주십시오. | 2. 지원한 직무를 선택한 이유는 무엇이며, 해당 직무를 잘 수행할 수 있는 이유와 근거를 기술해주십시오. | 3. 학업 이외 분야에서 관심과 열정을 가지고 자기주도적으로 계획을 수립하여 추진했던 경험에 대해 기술해주십시오. | 4. 평소 가져온 호기심 또는 독특한 아이디어는 무엇이며, 이를 활용하여 DRB에 어떻게 기여할 수 있을지 기술해주십시오. | 5. 최근 사회이슈 중 가장 중요하다고 생각하는 한 가지를 선택하고 이에 관한 자신의 견해를 기술해주십시오. | [DRB동일] 2026년 2분기 분야별 신입 및 경력사원 채용 | 선행연구 | 자동화 기구 설계 | 자동차 | 조선 | 기계",,,[DRB동일] 2026년 2분기 분야별 신입 및 경력사원 채용 [모집분야] 스타트업 발굴 및 엑셀러레이팅 프로그램 운영 로봇 및 모빌리티 기계 설계 자동화 기구 설계 선행연구 비히클실링 설계개발 [모집기간] 03월 26일 ~ 04월 12일 [채용공고]
311203,용마로지스,"[용마로지스] 용마로지스 2026년 3월, 각 부문별 신입 및 경력 채용","NEW, EXPERIENCED","동광주DC | 배송/택배/운전 | 무역/유통 | 물류 | 배송/운송 | 택배 | 운전 | 용마로지스와 해당 직무에 지원하게 된 동기를 작성해주시기 바랍니다. (최소 400자) | 지원하는 직무를 위해 지금까지 어떠한 경험과 노력을 하셨는지 작성해주시기 바랍니다. (최소 400자) | 본인의 강점과 약점을 기재해 주시기 바랍니다. (최소 400자) | 용마로지스에서 이루고 싶은 목표와 입사 후 포부를 작성해 주시기 바랍니다. (최소 400자) | [용마로지스] 용마로지스 2026년 3월, 각 부문별 신입 및 경력 채용 | 호남영업 | Renal배송",,,"[용마로지스] 용마로지스 2026년 3월, 각 부문별 신입 및 경력 채용 [모집부문] 포워딩 국제운영 CIS(김포) 배차운영 CIS(서울) 고양DC Renal배송 호남영업 동광주DC 보세창고 시설관리 [모집기간] 03월 26일 ~ 04월 05일 [채용공고]"
311202,서울남부교도소,[서울남부교도소] 2026년 1차 서울남부교도소 청년인턴 채용 재공고,INTERN,"행정․법무 | 경영/사무 | 기획/전략/경영 | 사무/총무/법무 | 인사/노무/교육 | 경리/회계/결산 | 재무/세무/IR | 사무보조/문서작성 | ◎ 지원 동기 및 진로 계획 - 해당 기관 및 직무에 지원하게 된 계기 - 향후 어떤 일을 하고 싶은지, 이 인턴 경험이 진로에 어떻게 도움이 되는지 서술 | ◎ 직무 관련 전문성 획득을 위한 활동 내용 - 지원한 분야 직무를 수행하는 데 필요한 지식이나 능력을 갖추기 위해 어떤 활동 및 노력을 해왔는지 구체적으로 서술 - 출신학교, 자격증, 시험(어학 등)성적 등은 언급하지 말고 행동과 경험 중심으로 작성 | ◎ 문제 해결 경험 - 일상생활, 학교, 아르바이트, 동아리 등 다양한 상황에서 문제를 인식하고 해결했던 경험 서술 - 어떤 방식으로 해결했는지와 그 결과가 어땠는지 중심으로 서술 | ◎ 소통 및 협업 능력 - 타인과 협력하여 성과를 낸 경험 서술 | ◎ 기대하는 점 및 각오 - 인턴십을 통해 배우고 싶은 점과 어떤 자세로 임할 것인지 서술 | [서울남부교도소] 2026년 1차 서울남부교도소 청년인턴 채용 재공고",,,[서울남부교도소] 2026년 1차 서울남부교도소 청년인턴 채용 재공고 [담당업무] 총무과 업무보조 [모집기간] 04월 02일 ~ 04월 06일 [채용공고]
311201,필름클럽,<필름클럽> 연합 영화감상 동아리원 상시모집,,,,,"🎬<필름클럽> 연합 영화감상 동아리원 상시모집‼️ 스쳐 지나갈 순간을 조용히 붙잡아 주는 필름. 그런 순간들을 함께 바라보고 각자의 언어로 천천히 이야기합니다. 한 컷의 여운, 한 장면의 온기, 영화가 남긴 마음의 흔적들. 빠르게 지나쳐 가는 순간들을 가만히 들여다보고 싶어하는, 아날로그적인 사람들의 모임, [필름 클럽]입니다. 🎥활동내용 1️⃣ 월 2회 정기 영화 관람 모임 (월 1회 필참) -서울 내 다양한 영화관을 방문하여 장르 구분 없이 폭넓은 영화들을 관람합니다. -영화 선정은 사전 투표를 통해 이루어지며, 참여 인원이 일정 기준 이상 모일 경우 영화관 또는 별도 공간을 대여해 단체 관람을 진행합니다. -관람 후에는 각자의 해석과 감상, 인상 깊었던 장면이나 메시지 등을 자유롭게 나누는 시간을 갖습니다. 2️⃣ 번개 모임, 친목 모임 & MT (필참 X) -매주 자유롭게 열리는 번개 모임은 운영진뿐 아니라 모든 부원이 직접 투표를 개설할 수 있습니다. -영화와 직접적 관련이 없는 활동도 환영하며, 부원들과 함께 맛집 투어, LP바 방문, 보드게임, 야외 활동 등 다양한 교류를 즐길 수 있습니다. 3️⃣ 무비 스팟 투어 -영화 속에 등장한 상징적 장소, 촬영지, 혹은 인상 깊은 공간을 실제로 방문하는 활동입니다. -사전 조사를 통해 해당 장소의 영화적 배경, 촬영 비하인드, 작품 속 의미 등을 함께 공유하며, 현장에서 직접 그 분위기와 감성을 체험합니다. *경우에 따라 포토워크(사진 촬영), 주변 카페/식당 탐방 등과 연계해 작은 테마 여행 느낌의 활동으로 확장될 수 있습니다. 🎥운영규칙 -동아리 가입비: 10,000원 -가입비는 최종 동아리 합격 후 입금하시면 됩니다. *본 동아리는 수도권 대학생들이 모여 자체적으로 운영하고 있으며, 어떠한 종교/정치/시민단체와 무관합니다. 포교, 다단계 등 동아리와 맞지 않는 행동이 발각될 시 즉시 퇴출 조치합니다. 🎥모집정보 -모집인원: 15명 -모집기간: 상시모집 *서류 합격자에 한해 개별 안내 예정입니다 -지원링크: https://forms.gle/6YJ8oh6KCvQZtVnc9 👉문의: https://open.kakao.com/o/s4y53D2h ⏬지난 기수 활동내용⏬ https://vagabond-wolfsbane-d64.notion.site/Film-Club-28e26bae3a7b80c8a891d74ccb71619d?source=copy_link [FAQ] Q. 영화에 대해서 잘 몰라도 괜찮나요? A. 당연히 괜찮습니다! 그저 영화에 관심있고 좋아한다면 지원 가능합니다. Q. 영화 비용은 어떻게 부담하나요? A. 영화 티켓은 각자 예매합니다. 각종 할인쿠폰, 포인트 편하게 사용할 수 있겠죠😉 Q. 가입비는 보통 어떻게 쓰이나요? A. 가입비는 스터디룸, 영화관 등 장소 대관 비용을 사용됩니다. 모든 지출 내역은 투명하게 공개됩니다. -그 외 문의사항은 오픈채팅으로 문의 주세요😄"
311199,대한DNC,2026 춘천관광 SNS공모전,,,,기타,"함께 가고 싶은 도시, Romantic 춘천 2026 춘천관광 SNS 공모전 (인스타그램, 유튜브, 블로그) 1. 공모주제 : 춘천의 모든 관광명소와 여행 2. 공모 및 접수기간 : 2026. 3. 24. ~ 11. 20. 3. 응모자격 : 전 국민 누구나 4. 공모내용 (1회차 - 3,4,5월 / 2회차 - 6,7,8월 / 3회차 - 9,10,11월) - 주제 : 춘천관광의 모든 것(자연, 여행, 축제, 음식 등) - 분야 : 3개 SNS 매체(유튜브, 인스타그램, 블로그) - 출품 : 1인당 총 2개 응모 가능 5. 응모방법 : 이메일 접수(skcoek02@naver.com) 6. 제출서류 : 해당 URL(이메일 제목 - [2026 춘천시 SNS 공모전_성함]) 7. 주의사항 - 업로드 시 필수 해시태그 #춘천관광, #춘천여행, #춘천SNS공모전 - “전체 공개, 댓글·공감 허용, 검색 허용” 할 수 있도록 공개 설정. - 모든 응모작은 2026.3.24.(접수 시작일)부터 2026.11.20.(접수 마감일)까지 본인이 직접 촬영, 작성, 제작한 본인의 순수창작물이어야 함.(초상권, 저작권, 지적재산권 등 법적 분쟁이 발생할 경우 민‧형사상 모든 책임은 응모자에게 있으며 주최측은 어떠한 법적인 책임을 지지 않음. 분쟁 발생 등으로 응모작의 이용이 어려워지는 경우, 선정 이후라도 선정을 취소하고 원고료를 환수) - 타 공모전 등에 제출한 작품은 참여 불가. - 심사과정 및 심사점수는 공개하지 않으며, 심사결과에 이의를 제기할 수 없음.(공모 취지에 적합하지 않은 광고성, 상업성 글은 심사 대상에서 제외됨) - 선정된 작품은 춘천시가 공동으로 사용권을 행사하여, 춘천시 홍보자료로 활용될 수 있음.(필요에 따라 수정 또는 변형하여 사용할 수 있음.) - 원고료는 소득세(8%) 및 지방소득세(0.8%) 공제 후 지급 ​ [상세 공모일정 1차/2차/3차] 🗓️1차 접수기간 2026. 3. 24 ~ 2026. 5. 20 🗓️심사발표 2026. 5. 30 예정 🗓️2차 접수기간 2026. 6. 1 ~ 2026. 8. 20 🗓️심사발표 2026. 8. 30 예정 🗓️3차 접수기간 2026. 9. 1 ~ 2026. 11. 20 🗓️심사발표 2026. 11. 30 예정 상금(각 회차당) 최우수상 : 50만원 / 우수상 : 30만원 / 장려상 10만원(5팀) 문의 : skcoek02@naver.com #공모전 #춘천여행 #춘천관광 #춘천여행SNS공모전 #춘천관광공모전 #춘천시 #춘천시청 #2026춘천여행SNS공모전 #춘천시영상공모전 #춘천시SNS공모전 #춘천소개 #춘천영상"
311198,바이트랩,[뷰티] 브랜드 콘텐츠 디자이너 (신입),NEW,,,,"🆙 바이트랩을 소개해요 바이트랩은 2020년 창업 이후 많은 도전과 시행착오를 겪으며, 연 평균 2배 이상의 성장을 만들어왔으며, 현재는 글로벌 K-뷰티 Top 10 브랜드로 도약 시키는 도전에 몰입하고 있습니다. 신규 런칭한 스킨케어 브랜드(색동서울)과 간편한 헤어습관을 돕는 헤어케어 브랜드(릴리이브), 현대인의 건강용품 브랜드(바르너), 반려동물 브랜드(보호리) 를 운영하며 고객에게 ‘진짜’ 필요한 상품을 제공하며 폭발적인 성장을 만들어내고 있습니다. 또한, 팀 바이트랩은 유니콘 스타트업, AI tech 스타트업, 전략 컨설팅펌, 대기업, 미디어 커머스 등 다양한 분야에서 성과를 낸 탑 탤런트가 모여 밀도 높은 조직 성장을 하고 있습니다. 2026년까지 매출 1000억 달성을 목표로 동료들과 몰입하여 문제를 해결해나갈 여러분의 많은 지원을 기다립니다. ✅ 바이트랩이 일하는 방법 : 조용훈 대표 인터뷰 바로가기 ✅ 바이트랩 업무환경 : 바이트랩 복지제도 바로가기 🙌🏻 우리 본부를 소개합니다 📈 뷰티사업본부 뷰티사업본부는 데이터를 기반으로 뷰티 브랜드의 성장을 전방위로 설계하고 실행하는 조직입니다. 단순히 매출이나 효율을 넘어서, 브랜드가 고객과 어떻게 관계를 맺고 신뢰를 쌓아갈 수 있을지 고민하고 실행하는 조직이에요! 현재는 브랜드별 마케팅팀(릴리이브, 색동서울)과 그로스팀으로 구성되어 있고, 각 팀은 브랜드를 중심으로 밀도 있는 협업을 통해 과제를 정의하고 효과적으로 해결하고 있습니다. 문제를 정의하고 해결하는 데 흥미를 느낀다면, 그리고 몰입도 높은 환경을 통해 성장하고 싶다면, 주저하지 말고 국내 뷰티사업본부에 문을 두드려 주세요 👉 일하는 방식을 체험할 수 있어요 뷰티사업본부장 인터뷰 바로가기 👉 담당하게 될 브랜드에요 👩🏻 간편한 헤어습관의 시작 < 릴리이브 > 두피 진정과 모발 손상 케어에 특화된 릴리이브( Lilyeve )는 임상으로 검증된 효과와 저자극 포뮬러를 바탕으로 올리브영 헤어케어 1위 를 수상한 대표 헤어케어 브랜드입니다. 국내를 넘어 글로벌 시장까지 빠르게 확장하며, 바이트랩을 대표하는 토털 헤어케어 브랜드 로 자리잡았습니다. 💄 한국의 미학을 담은 K뷰티 솔루션 < 색동서울 > 색동서울(Saekdong Seoul)은 한국 전통의 자연 원료와 현대 피부과학을 결합해 특별한 스킨케어 솔루션을 선사하는 브랜드입니다. 독자 성분 ‘Pumpkintinol’을 바탕으로 글로벌 시장에서 빠르게 성장하고 있으며, 0 to 1의 도전과 성장을 함께할 분 을 기다립니다. 👤채용 포지션을 소개해요 📌저희와 함께 하시게 될 일들이에요 브랜드 운영 전반적인 비주얼 디자인 시각물 제작 신제품 상세페이지 디자인 및 유지보수 상세페이지 내 사진 촬영 기획 및 보정 프로모션 페이지 디자인 😀이런 분을 모시고 싶어요 디자인 관련 전공자 또는 이에 준하는 역량 보유자 포트폴리오 제출 필수 figma, Adobe Creative(Photoshop, Illustrator, InDesign 등) 실무 활용 능력을 갖추신 분 적극적이고 주도적인 업무 태도 및 피드백을 적극 수용할 수 있는 분 뷰티 브랜드 콘텐츠 디자인이나 프로모션 디자인에 대하여 평소에 관심이 많으신 분 🎆이런 분이면 더 좋아요 Adobe After Effects, Premiere 툴을 다룰 수 있는 분 3D 그래픽 작업 능력을 보유하신 분 AI를 활용한 디자인 경험이 있는 분 디자인 아웃풋을 논리적으로 표현·설득할 수 있는 분 📩 바이트랩 합류 여정 안내드려요 📄 서류전형 ▶️ 👤인터뷰(1차/2차) ▶️ ⭐ 처우 협의 ▶️ 🎉 최종 합격 및 입사 아래 지원하기 버튼을 통해 이력서 및 포트폴리오를 제출해 주세요. 포지션에 따라 전형 (커피챗, 과제 등)이 다르게 운영될 수 있어요. 입사 후 3개월의 수습기간이 적용돼요. (수습기간 중 급여 100% 지급) 🏢 근무하시게 될 곳이에요 근무 장소 : 서울특별시 강남구 테헤란로 108길 25, 3~4층 (대치동, 대동빌딩) 🫶바이트랩 지원자분들에게 🫶 HR매니저 한마디 😊 : '성장' 에 대한 기대가 있는 분이 오시면 제일 좋다고 생각합니다! 바이트랩 팀은 업무를 진행함에 있어 자율성이 높아 주도적인 성장이 가능한 곳이라고 생각해요. 도전의 근거가 충분하다면 도전할 수 있게 해주고, 배우는게 확실하다면 실패를 해도 괜찮다고 격려를 할 줄 아는 문화가 잘 구축되어 있어요. 회사와 구성원 모두 지속 가능한 성장을 이뤄나가고 있어 합류하신다면 함께 일하는 즐거움이 무엇인지 몸소 느끼실 수 있을 것 같습니다 :)"
311197,송파구청소년상담복지센터,[송파구청소년상담복지센터] 대학생 서포터즈 1기 모집,,,멘토링/수업 진행 경험 | 콘텐츠 기획/제작 경험,수료증 및 인증서 | 봉사활동시간,"📢 2026년 송파구청소년상담복지센터 대학생 서포터즈 「고솜메이트 1기」 지원 안내 송파구청소년상담복지센터 대학생 서포터즈 고솜메이트 1기 모집에 관심 가져주셔서 감사합니다. ‘고솜메이트’는 센터의 다양한 활동을 알리고, 청소년의 정서적 안정과 성장을 지원하는 대학생 서포터즈입니다. 아래 내용을 확인하신 후 지원서를 작성해주시기 바랍니다. 📅 모집일정 모집기간: 2026년 4월 20일(월)까지 활동기간: 2026년 5월 ~ 2026년 12월 발대식: 2026년 5월 7일(오후 예정/변경가능) ※ 발대식 참여 필수 👥 모집대상 청소년센터 활동 경험이 있거나 청소년 상담 및 관련 홍보활동에 관심 있는 👉 대학(원)생 📝 지원방법 구글 링크(QR코드)를 통한 지원서 작성 👉 https://forms.gle/CmGgsnhEDsFzjKcA8 링크 접속 후 신청서 작성 및 제출 🎯 주요활동 콘텐츠 제작 청소년기의 다양한 특성을 알리기 위한 카드뉴스, 숏폼 영상 등 제작 지역 청소년 아웃리치 활동 청소년 축제 부스 운영 및 현장 참여 월별 정기모임 콘텐츠 기획 및 회의 활동 계획 논의 🎁 활동혜택 1365 봉사활동 확인서 발급 심리검사 무료 지원 (성격, 진로, 정서) 센터 위촉장 및 수료증 발급 우수 서포터즈 선정 📞 문의사항 전화: 02-2147-5337 / 02-407-7179 이메일: sp1388@daum.net 주소: 서울 송파구 중대로4길 4, 송파구청소년상담복지센터 3층"
311196,날애 모멘텀,제 3회 ㈜NovaLoop배 게임 아이디어 공모전,,,,입사시 가산점 | 기타,"제 3회 ㈜NovaLoop배 게임 아이디어 공모전 ● 공모 일정 - 개인지원 기간 : 2026년 3월 23일(월) ～ 4월 20일(월) - 개인지원 시상자 발표 : 2026.4.27(월) 15:00 - 단체지원 기간 : 2026년 3월 23일(월) ～ 4월 20일(월) - 단체지원 시상자 발표 : 2026.4.27(월) 15:00 *시상자에게는 개별적으로 연락이 갈 예정입니다. ● 주최사 - 창의적 모바일 게임 스타트업 '㈜NovaLoop' ● 응모 자격 - 대학생 및 휴학생 (졸업 유예자 포함) ● 공모 주제 - 장르별로 참신한 모바일 게임 ‘아이디어’를 기획하여 10Kb 내외(약 1000자 내외)로 작성. ● 접수 방법 - 아이디어를 작성하여 하단에 기입한 양식에 맞추어 NovaLoop 구글폼으로 접수 - txt, hwp, word 파일을 사용하여 작성 필수 https://forms.gle/7CSaroYvVNEDzDvg8 ※ 응답 양식 - 첨부파일 제목 : [공모전 지원] 이름_장르_작품 제목 ※ 실제 수상시, 게임 제작 지원을 위한 팀빌딩이 제공될 수 있어 팀빌딩가능장소(구 또는 동) 필수 기재 부탁드립니다. ● 시상내용 ◎ 개인지원 - 최우수상(1명) : 삼성전자 갤럭시 버즈2 Pro 및 베타테스터 추첨권 - 우수상(2명) : 스타벅스 금액권 5만원 및 베타테스터 추첨권 - 장려상(n명) : 스타벅스 기프티콘, 베타테스터 추첨권, 협력업체 체험권 중 택1 ◎ 단체지원 - 최우수상(1팀) : 스타벅스 금액권 10만원 및 베타테스터 추첨권 - 우수상(2팀) : 스타벅스 금액권 5만원 및 베타테스터 추첨권 - 장려상(n팀) : 스타벅스 기프티콘, 베타테스터 추첨권, 협력업체 체험권 중 택1 ● 평가기준 ① 독창성 및 참신함 - 장르내 기존 게임 및 타 아이디어 대비 독창성과 새로움이 있는가 (20%) ② 완성도 - 아이디어에 개연성이 있고 짜임새가 있어 완성도가 있는가 (20%) ③ 실현 가능성 - 아이디어가 실제 구체화되어 상용화될 가능성이 있는가 (30%) ④ 교훈성 - 게임에서 전달되는 메세지가 의미있고 사용자에게 와닿을 수 있는가 (30%) ● 유의사항 ◎ 응모작에 대한 권리 및 책임 - 공모전에 수상한 작품에 대한 일체의 권리(부가판권 포함)는 주최사인 ㈜NovaLoop에 귀속됩니다. - 수상작은 2차 저작물로 가공 및 수정, 보완될 수 있습니다. - 응모 시 유의사항 아래의 경우에 해당하는 경우 수상이 취소되며 상품 및 추첨권을 회수합니다. ① 기존 게임 기획안 및 타 제출자의 기획안의 표절작으로 드러날 경우 ② 사회적 물의를 일으키거나 선동목적으로 제작되는 경우 ③ 상기 두가지 사항 외의 문제가 일어나게 될 경우 ● 문의사항 자세한 문의사항은 ㈜NovaLoop E-mail( novaloop.info@gmail.com )로 부탁드리겠습니다."
311195,위마케팅,[팀모먼트] Global MD (경력),EXPERIENCED,,,,"비나우 자회사 ​'팀모먼트'를 ​소개합니다. 팀모먼트(TEAM ​MOMENT)는 글로벌 ​No.1 뷰티 기업 비나우의 ​자회사로, 주도적인 ​조직 문화를 ​바탕으로 지속적이고 견고한 ​성장을 추구하는 ​뷰티 ​기업입니다. 고객의 모든 ​순간에 ​함께하는 ​브랜드를 통해 일상 속에 ​자연스럽게 ​스며드는 경험을 만들어가고자 ​합니다. 팀모먼트의 ​선케어 ​브랜드 'Tage' Tage는 피부에 ​꼭 필요한 ​기준만을 ​남긴 Skin-First ​선케어 브랜드입니다. 한국의 ​피부 ​환경과 매일 반복되는 ​햇빛 노출에 ​주목하여, 일상에서 확실하게 작동하는 자외선 보호에 집중합니다. 이러한 기준은 기획부터 개발, 생산까지 전 과정을 한국에서 완성하는 브랜드 철학으로 이어집니다. Tage는 매일의 피부가 안심하고 선택할 수 있는, 선케어의 새로운 기준을 제안합니다. Tage 공식몰 성장하는 브랜드의 모든 것을 가장 가까이에서 경험하며, 우리만의 성공 방정식을 함께 만들어 나갈 팀모먼트의 초기 멤버를 기다립니다. 담당하시게 될 업무를 소개합니다. 1. 신규 브랜드 판매채널 진출 전략 수립 - 채널별 경쟁사 현황 분석, 인사이트 도출 및 전략 수립 - 글로벌(북미/동남아 등) 온라인 플랫폼 진출 및 프로모션 전략 수립 2. 판매채널 운영 - 상품 리스팅 및 월별 채널 정산 - 판매 시나리오에 따른 재고 예측(FCST) 및 GWP, 기획 세트 개발 - 채널 운영 관리 일일 이슈 대응 및 실시간 판매 모니터링 - 채널운영 파트너사와의 커뮤니케이션 이런 분을 찾고 있습니다. • 3년 이상~5년 미만의 경력을 보유하신 분 • 비즈니스 이상의 영어 회화 및 작문이 가능하신 분 • 온라인 플랫폼 및 광고 매체 운영 경험이 있으신 분 이런 분이면 더욱 좋습니다. • 화장품 해외 시장에 대한 이해도가 높으신 분 • 해외 거주 경험이 있고, 해당 국가 문화에 대한 이해도가 높으신 분 • 빠르게 변화하는 환경 속에서 유연하게 대응하며 적극적으로 실행하시는 분 팀모먼트는 성과에 따라 합리적이고 투명한 보상을 제공합니다. • 연봉: 회사 내규에 따름 (최종합격 시 별도 협의) • 성과에 따른 인센티브 지급 ※ 팀모먼트는 비나우와 별도 법인으로 운영되며, 연봉 등 보상 체계 또한 상이한 점 참고 부탁드립니다. 팀모먼트는 구성원의 몰입과 성장을 위한 환경을 지원합니다. • 근무시간: 오전 9시~오후 6시 • 근무장소: 서울시 강남구 강남대로 382, 메리츠타워 17층 필수 제출 서류 안내드립니다. • 이력서 (국문/필수) • 포트폴리오 (선택) 📍이력서 필수 기입 사항 • 상반신 사진 / 생년월일 / 학력정보 (고교정보 포함) / 편입여부 / 어학성적 (기간만료 무관) 📍필수 자기소개서 문항 ① 자신이 어떤 사람인지 소개하고, 팀모먼트에 지원한 동기를 기술해 주세요. (* Guide : 본인의 가치관, 성향 등을 소개하고, 회사 선택 시 중요하게 고려하는 점을 구체적으로 기술해 주세요.) ② 지원한 직무와 관련된 자신의 강점과 해당 직무를 잘 수행하기 위해 쌓아온 경험을 기술해 주세요. (* Guide : 지원 직무에 관련된 경험 혹은 직무를 잘 수행하기 위해 학업 또는 학업 외적으로 어떤 준비를 했는지 구체적으로 기술해 주세요.) 합류 여정을 안내드립니다. 서류 전형 > 역량 검사 > 인터뷰 (1차 실무진 / 2차 임원) > 처우 협의 > 입사일 조율 및 입사 • 채용 프로세스는 상황에 따라 일부 전형이 추가 혹은 생략될 수 있습니다. • 입사 후 2개월의 수습 계약직 기간이 적용되며, 급여는 100% 지급됩니다. • 인턴/신입의 경우 합격일로부터 2주 이내로, 경력직의 경우 합격일로부터 1달 이내로 입사를 요청 드리고 있습니다. 복리후생을 소개합니다. • 점심 식대 및 넉넉한 점심 시간 : 하루 13,000원의 점심 식대를 제공하며, 여유 있게 70분간 식사 시간을 보장합니다. • 조식/간식 제공 : 바쁜 하루를 든든하게 시작할 수 있도록 다양한 조식과 간식을 제공합니다. • 사내 라운지 운영 : 사내 라운지에서 편하게 쉴 수 있는 환경을 제공합니다. • 팀 운영비 지원 : 인당 매월 10만 원의 팀 운영비를 지원합니다. • 야근 지원 : 야근 시엔 택시비와 야근 식대를 지원합니다. • 자사 제품 할인 : 자사 제품을 50% 할인해 드립니다. • 생일 반차 및 선물 제공 : 생일 당일 반차와 함께 소정의 선물을 드립니다. • 기념일 선물 : 명절 등 다양한 기념일에 맞춰 선물을 제공합니다. • 경조사 지원 : 경조사 발생 시 경조 휴가와 경조금을 지원합니다. • 건강검진 지원 : 2년에 한 번 정기 건강검진을 지원합니다. • 근속 기념 선물 제공 : 3년 이상 재직 시 100만원 상당의 감사 선물을 드립니다. • 장기 근속 휴가 지원 : 오랜 기간 함께한 분들께 재충전의 기회를 드리고자 휴가를 제공합니다. 참고사항 • 서류 전형의 결과는 합/불 여부와 관계없이 2주 이내 기재해 주신 이메일로 개별 안내 드립니다."
311194,위마케팅,[팀모먼트] Global B2B Sales (경력),EXPERIENCED,,,,"비나우 자회사 ​'팀모먼트'를 ​소개합니다. 팀모먼트(TEAM ​MOMENT)는 글로벌 ​No.1 뷰티 기업 비나우의 ​자회사로, 주도적인 ​조직 문화를 ​바탕으로 지속적이고 견고한 ​성장을 추구하는 ​뷰티 ​기업입니다. 고객의 모든 ​순간에 ​함께하는 ​브랜드를 통해 일상 속에 ​자연스럽게 ​스며드는 경험을 만들어가고자 ​합니다. 팀모먼트의 ​선케어 ​브랜드 'Tage' Tage는 피부에 ​꼭 필요한 ​기준만을 ​남긴 Skin-First ​선케어 브랜드입니다. 한국의 ​피부 ​환경과 매일 반복되는 ​햇빛 노출에 ​주목하여, 일상에서 확실하게 작동하는 자외선 보호에 집중합니다. 이러한 기준은 기획부터 개발, 생산까지 전 과정을 한국에서 완성하는 브랜드 철학으로 이어집니다. Tage는 매일의 피부가 안심하고 선택할 수 있는, 선케어의 새로운 기준을 제안합니다. Tage 공식몰 성장하는 브랜드의 모든 것을 가장 가까이에서 경험하며, 우리만의 성공 방정식을 함께 만들어 나갈 팀모먼트의 초기 멤버를 기다립니다. 담당하시게 될 업무를 소개합니다. 1. 신규 브랜드 글로벌 영업 전략 수립 및 거래처 관리 - 글로벌 B2B 신규 거래처 발굴 및 커뮤니케이션 - 글로벌 해외 영업 전략 수립 및 매출 관리 2. 시장 분석 및 운영 관리 - 글로벌 뷰티 트렌드 파악, 경쟁사 모니터링, 전략 수립 - 제품 배송, 출고, 정산 관련 제반 업무 이런 분을 찾고 있습니다. • 2년 이상~5년 미만의 경력을 보유하신 분 • 글로벌 뷰티 시장에 대한 이해도 및 관심도가 높으신 분 이런 분이면 더욱 좋습니다. • 소통하는 것에 주저하지 않으며, 상황에 맞는 톤앤 매너로 커뮤니케이션이 원활하신 분 • 적극적인 성향으로 해외 영업 직무로 커리어 시작 혹은 성장하고 싶으신 분 • 목표 중심적으로 업무를 추진하며 결과 도출에 집중하시는 분 팀모먼트는 성과에 따라 합리적이고 투명한 보상을 제공합니다. • 연봉: 회사 내규에 따름 (최종합격 시 별도 협의) • 성과에 따른 인센티브 지급 ※ 팀모먼트는 비나우와 별도 법인으로 운영되며, 연봉 등 보상 체계 또한 상이한 점 참고 부탁드립니다. 팀모먼트는 구성원의 몰입과 성장을 위한 환경을 지원합니다. • 근무시간: 오전 9시~오후 6시 • 근무장소: 서울시 강남구 강남대로 382, 메리츠타워 17층 필수 제출 서류 안내드립니다. • 이력서 (국문/필수) • 포트폴리오 (선택) 📍이력서 필수 기입 사항 • 상반신 사진 / 생년월일 / 학력정보 (고교정보 포함) / 편입여부 / 어학성적 (기간만료 무관) 📍필수 자기소개서 문항 ① 자신이 어떤 사람인지 소개하고, 팀모먼트에 지원한 동기를 기술해 주세요. (* Guide : 본인의 가치관, 성향 등을 소개하고, 회사 선택 시 중요하게 고려하는 점을 구체적으로 기술해 주세요.) ② 지원한 직무와 관련된 자신의 강점과 해당 직무를 잘 수행하기 위해 쌓아온 경험을 기술해 주세요. (* Guide : 지원 직무에 관련된 경험 혹은 직무를 잘 수행하기 위해 학업 또는 학업 외적으로 어떤 준비를 했는지 구체적으로 기술해 주세요.) 합류 여정을 안내드립니다. 서류 전형 > 역량 검사 > 인터뷰 (1차 실무진 / 2차 임원) > 처우 협의 > 입사일 조율 및 입사 • 채용 프로세스는 상황에 따라 일부 전형이 추가 혹은 생략될 수 있습니다. • 입사 후 2개월의 수습 계약직 기간이 적용되며, 급여는 100% 지급됩니다. • 인턴/신입의 경우 합격일로부터 2주 이내로, 경력직의 경우 합격일로부터 1달 이내로 입사를 요청 드리고 있습니다. 복리후생을 소개합니다. • 점심 식대 및 넉넉한 점심 시간 : 하루 13,000원의 점심 식대를 제공하며, 여유 있게 70분간 식사 시간을 보장합니다. • 조식/간식 제공 : 바쁜 하루를 든든하게 시작할 수 있도록 다양한 조식과 간식을 제공합니다. • 사내 라운지 운영 : 사내 라운지에서 편하게 쉴 수 있는 환경을 제공합니다. • 팀 운영비 지원 : 인당 매월 10만 원의 팀 운영비를 지원합니다. • 야근 지원 : 야근 시엔 택시비와 야근 식대를 지원합니다. • 자사 제품 할인 : 자사 제품을 50% 할인해 드립니다. • 생일 반차 및 선물 제공 : 생일 당일 반차와 함께 소정의 선물을 드립니다. • 기념일 선물 : 명절 등 다양한 기념일에 맞춰 선물을 제공합니다. • 경조사 지원 : 경조사 발생 시 경조 휴가와 경조금을 지원합니다. • 건강검진 지원 : 2년에 한 번 정기 건강검진을 지원합니다. • 근속 기념 선물 제공 : 3년 이상 재직 시 100만원 상당의 감사 선물을 드립니다. • 장기 근속 휴가 지원 : 오랜 기간 함께한 분들께 재충전의 기회를 드리고자 휴가를 제공합니다. 참고사항 • 서류 전형의 결과는 합/불 여부와 관계없이 2주 이내 기재해 주신 이메일로 개별 안내 드립니다."
311192,위마케팅,[신입/경력] 글로벌 이커머스 전략 MD,NEW,,,,"비나우 자회사 ​'위마케팅'을 ​소개합니다. | ​ 글로벌 No.1 ​뷰티 브랜드의 성공 방정식을 ​함께 ​만듭니다. ‘위마케팅’은 글로벌 ​No.1 뷰티 기업 ​비나우의 공식 ​온라인 ​마케팅 자회사로, 넘버즈인, ​퓌 ​등 ​비나우 핵심 브랜드의 ​온라인 ​마케팅을 담당합니다. 마케팅 기획부터 ​콘텐츠 ​제작, ​퍼포먼스 운영까지 브랜드의 ​성장을 끝까지 ​책임지는 ​조직입니다. 우리는 단순히 ​콘텐츠를 만드는 ​팀이 ​아닙니다. 브랜드의 방향성과 시장의 ​흐름을 잇는 ​연결고리이자, 브랜드가 사랑받는 이유를 ‘성과’로 증명해내는 마케팅 파트너입니다. 위마케팅에 합류하시는 여러분들은 매해 가파르게 성장하며 브랜드 가치를 높여가고 있는 비나우의 대표 브랜드, '넘버즈인'과 '퓌'의 마케팅적 성과를 주도적으로 만들어 나가실 수 있습니다. 또한, 비나우의 지속적인 성장과 신규 브랜드 확장에 힘입어, 다양한 뷰티 브랜드들의 성장을 리딩하며 매력적인 커리어를 키워 가실 수 있으리라 자부합니다. 성장하는 브랜드의 모든 것을 가장 가까이에서 경험하며, 우리만의 성공 방정식을 함께 만들어 나갈 위마케팅의 핵심 초기 멤버를 기다립니다. 담당하시게 될 업무를 소개합니다. • 광고 매체(Meta, TikTok 등)의 콘텐츠 기획 및 퍼포먼스 관리/운영 • 온라인 콘텐츠 및 캠페인 기획을 위한 시장 트렌드, 경쟁사 사례, 글로벌 레퍼런스 조사 • 광고 콘텐츠 및 캠페인 성과 분석 • 신규 마케팅 기회 탐색 및 제안 ※ 상기 업무 외에도 다양한 마케팅 기획/운영 업무를 함께하게 됩니다. 이런 분을 찾고 있습니다. • 3 년 이상~7년 미만의 경력을 보유하신 분 • 영어로 업무 커뮤니케이션이 가능하신 분 • 글로벌 뷰티 시장 트렌드에 대한 이해도가 높으신 분 • 글로벌 마케팅/광고/콘텐츠에 대한 관심과 이해가 있으신 분 • 최종합격 후 신입의 경우 2주 이내, 경력직 1개월 이내 입사 가능하신 분 이런 분이면 더욱 좋습니다. • 해외 거주 경험이 있거나, 해외에서 학위를 취득하신 분 • 마케팅 대행사 경력을 보유하신 분 • 뷰티 브랜드 마케팅 경력을 보유하신 분 • 최근 뷰티 트렌드 분석을 바탕으로 본인만의 콘텐츠 계정을 운영해 본 경험이 있으신 분 • 짧은 동영상 콘텐츠나 이미지 편집 경험이 있으신 분 위마케팅은 성과에 따라 합리적이고 투명한 보상을 제공합니다. • 연봉: 회사 내규에 따름 (최종합격 시 별도 협의) • 성과에 따른 인센티브 지급 ※ 위마케팅은 비나우와 별도 법인으로 운영되며, 연봉 등 보상 체계 또한 상이한 점 참고 부탁드립니다. 위마케팅은 구성원의 몰입과 성장을 위한 환경을 지원합니다. • 근무시간: 오전 9시~오후 6시 • 근무장소: 서울시 강남구 강남대로 382, 메리츠타워 17층 필수 제출 서류 안내드립니다. • 이력서 + 위마케팅 자기소개서 (국문/통합 파일로 제출) • 포트폴리오 (선택) 📍이력서 필수 기입 사항 • 상반신 사진 / 생년월일 / 학력정보 (고교정보 포함) / 편입여부 / 어학성적 (기간만료 무관) 📍 필수 자기소개서 문항 ① 자신이 어떤 사람인지 소개하고, 위마케팅에 지원한 동기를 기술해 주세요. * Guide : 본인의 가치관, 성향 등을 소개하고, 회사 선택 시 중요하게 고려하는 점을 지원동기에 구체적으로 기술해 주세요. ② 지원한 직무와 관련된 자신의 강점과 해당 직무를 잘 수행하기 위해 쌓아온 경험을 기술해 주세요. * Guide : 지원 직무에 관련된 경험 혹은 직무를 잘 수행하기 위해 학업 또는 학업 외적으로 어떤 준비를 했는지 구체적으로 기술해 주세요. 합류 여정을 안내드립니다. 서류 전형 > 역량 검사 > 1차 면접 > 2차 면접 > 처우 협의 > 입사일 조율 및 입사 • 채용 프로세스는 상황에 따라 일부 전형이 추가 혹은 생략될 수 있습니다. • 입사 후 2개월의 수습 계약직 기간이 적용되며, 급여는 100% 지급됩니다. • 2개월의 수습 종료 후, 정규직 전환과 함께 리더 직책이 부여될 예정입니다. • 인턴/신입의 경우 합격일로부터 2주 이내로, 경력직의 경우 합격일로부터 1달 이내로 입사를 요청 드리고 있습니다. 복리후생을 소개합니다. • 점심 식대 및 넉넉한 점심 시간 : 하루 13,000원의 점심 식대를 제공하며, 여유 있게 70분간 식사 시간을 보장합니다. • 조식 & 간식 제공 : 매일 아침 매주 조식과 간식을 제공합니다. • 사내 라운지 운영 : 사내 라운지에서 편하게 쉴 수 있는 환경을 제공합니다. • 입사 축하 선물 : 입사 시엔 웰컴키트와 화장품 선물을 제공합니다. • 자사 제품 할인 : 비나우 자사 제품을 50% 할인해 드립니다. • 기념일 선물 : 더욱 특별한 기념일이 될 수 있도록 선물을 제공합니다. • 생일 반차 : 생일에는 반차를 사용하여 특별한 하루를 보낼 수 있습니다. • 팀 운영비 지원 : 인당 매월 10만 원의 팀 운영비를 지원합니다. • 자유로운 휴가 사용 : 연차와 반차를 눈치 보지 않고 자유롭게 사용할 수 있습니다. • 야근 지원 : 야근 시엔 택시비와 야근 식대를 지원합니다. • 경조사 지원 : 경조사 발생 시 경조 휴가와 경조금을 지원합니다. • 건강검진 지원 : 2년에 한 번 정기 건강검진을 지원합니다. 참고사항 • 서류 전형의 결과는 합/불 여부와 관계없이 2주 이내 기재해 주신 이메일로 개별 안내 드립니다."
311189,위마케팅,[넘버즈인/퓌] 글로벌 콘텐츠 마케터 (리드),EXPERIENCED,,,,"비나우 자회사 ​'위마케팅'을 ​소개합니다. | ​ 글로벌 No.1 ​뷰티 브랜드의 성공 방정식을 ​함께 ​만듭니다. ‘위마케팅’은 글로벌 ​No.1 뷰티 기업 ​비나우의 공식 ​온라인 ​마케팅 자회사로, 넘버즈인, ​퓌 ​등 ​비나우 핵심 브랜드의 ​온라인 ​마케팅을 담당합니다. 마케팅 기획부터 ​콘텐츠 ​제작, ​퍼포먼스 운영까지 브랜드의 ​성장을 끝까지 ​책임지는 ​조직입니다. 우리는 단순히 ​콘텐츠를 만드는 ​팀이 ​아닙니다. 브랜드의 방향성과 시장의 ​흐름을 잇는 ​연결고리이자, 브랜드가 사랑받는 이유를 ‘성과’로 증명해내는 마케팅 파트너입니다. 위마케팅에 합류하시는 여러분들은 매해 가파르게 성장하며 브랜드 가치를 높여가고 있는 비나우의 대표 브랜드, '넘버즈인'과 '퓌'의 마케팅적 성과를 주도적으로 만들어 나가실 수 있습니다. 또한, 비나우의 지속적인 성장과 신규 브랜드 확장에 힘입어, 다양한 뷰티 브랜드들의 성장을 리딩하며 매력적인 커리어를 키워 가실 수 있으리라 자부합니다. 성장하는 브랜드의 모든 것을 가장 가까이에서 경험하며, 우리만의 성공 방정식을 함께 만들어 나갈 위마케팅의 핵심 초기 멤버를 기다립니다. 담당하시게 될 업무를 소개합니다. • 광고 매체(Meta, TikTok 등)의 콘텐츠 기획 및 퍼포먼스 관리/운영 • 온라인 콘텐츠 및 캠페인 기획을 위한 시장 트렌드, 경쟁사 사례, 글로벌 레퍼런스 조사 • 광고 콘텐츠 및 캠페인 성과 분석 • 신규 마케팅 기회 탐색 및 제안 ※ 상기 업무 외에도 다양한 마케팅 기획/운영 업무를 함께하게 됩니다. 이런 분을 찾고 있습니다. • 3 년 이상~7년 미만의 경력을 보유하신 분 • 영어로 업무 커뮤니케이션이 가능하신 분 • 글로벌 뷰티 시장 트렌드에 대한 이해도가 높으신 분 • 글로벌 마케팅/광고/콘텐츠에 대한 관심과 이해가 있으신 분 • 최종합격 후 신입의 경우 2주 이내, 경력직 1개월 이내 입사 가능하신 분 이런 분이면 더욱 좋습니다. • 해외 거주 경험이 있거나, 해외에서 학위를 취득하신 분 • 마케팅 대행사 경력을 보유하신 분 • 뷰티 브랜드 마케팅 경력을 보유하신 분 • 최근 뷰티 트렌드 분석을 바탕으로 본인만의 콘텐츠 계정을 운영해 본 경험이 있으신 분 • 짧은 동영상 콘텐츠나 이미지 편집 경험이 있으신 분 위마케팅은 성과에 따라 합리적이고 투명한 보상을 제공합니다. • 연봉: 회사 내규에 따름 (최종합격 시 별도 협의) • 성과에 따른 인센티브 지급 ※ 위마케팅은 비나우와 별도 법인으로 운영되며, 연봉 등 보상 체계 또한 상이한 점 참고 부탁드립니다. 위마케팅은 구성원의 몰입과 성장을 위한 환경을 지원합니다. • 근무시간: 오전 9시~오후 6시 • 근무장소: 서울시 강남구 강남대로 382, 메리츠타워 17층 필수 제출 서류 안내드립니다. • 이력서 + 위마케팅 자기소개서 (국문/통합 파일로 제출) • 포트폴리오 (선택) 📍이력서 필수 기입 사항 • 상반신 사진 / 생년월일 / 학력정보 (고교정보 포함) / 편입여부 / 어학성적 (기간만료 무관) 📍 필수 자기소개서 문항 ① 자신이 어떤 사람인지 소개하고, 위마케팅에 지원한 동기를 기술해 주세요. * Guide : 본인의 가치관, 성향 등을 소개하고, 회사 선택 시 중요하게 고려하는 점을 지원동기에 구체적으로 기술해 주세요. ② 지원한 직무와 관련된 자신의 강점과 해당 직무를 잘 수행하기 위해 쌓아온 경험을 기술해 주세요. * Guide : 지원 직무에 관련된 경험 혹은 직무를 잘 수행하기 위해 학업 또는 학업 외적으로 어떤 준비를 했는지 구체적으로 기술해 주세요. 합류 여정을 안내드립니다. 서류 전형 > 역량 검사 > 1차 면접 > 2차 면접 > 처우 협의 > 입사일 조율 및 입사 • 채용 프로세스는 상황에 따라 일부 전형이 추가 혹은 생략될 수 있습니다. • 입사 후 2개월의 수습 계약직 기간이 적용되며, 급여는 100% 지급됩니다. • 2개월의 수습 종료 후, 정규직 전환과 함께 리더 직책이 부여될 예정입니다. • 인턴/신입의 경우 합격일로부터 2주 이내로, 경력직의 경우 합격일로부터 1달 이내로 입사를 요청 드리고 있습니다. 복리후생을 소개합니다. • 점심 식대 및 넉넉한 점심 시간 : 하루 13,000원의 점심 식대를 제공하며, 여유 있게 70분간 식사 시간을 보장합니다. • 조식 & 간식 제공 : 매일 아침 매주 조식과 간식을 제공합니다. • 사내 라운지 운영 : 사내 라운지에서 편하게 쉴 수 있는 환경을 제공합니다. • 입사 축하 선물 : 입사 시엔 웰컴키트와 화장품 선물을 제공합니다. • 자사 제품 할인 : 비나우 자사 제품을 50% 할인해 드립니다. • 기념일 선물 : 더욱 특별한 기념일이 될 수 있도록 선물을 제공합니다. • 생일 반차 : 생일에는 반차를 사용하여 특별한 하루를 보낼 수 있습니다. • 팀 운영비 지원 : 인당 매월 10만 원의 팀 운영비를 지원합니다. • 자유로운 휴가 사용 : 연차와 반차를 눈치 보지 않고 자유롭게 사용할 수 있습니다. • 야근 지원 : 야근 시엔 택시비와 야근 식대를 지원합니다. • 경조사 지원 : 경조사 발생 시 경조 휴가와 경조금을 지원합니다. • 건강검진 지원 : 2년에 한 번 정기 건강검진을 지원합니다. 참고사항 • 서류 전형의 결과는 합/불 여부와 관계없이 2주 이내 기재해 주신 이메일로 개별 안내 드립니다."
311188,위마케팅,[넘버즈인/퓌] 글로벌 콘텐츠 마케터 (신입/경력),NEW,,,,"비나우 자회사 ​'위마케팅'을 ​소개합니다. | ​ 글로벌 No.1 ​뷰티 브랜드의 성공 방정식을 ​함께 ​만듭니다. ‘위마케팅’은 글로벌 ​No.1 뷰티 기업 ​비나우의 공식 ​온라인 ​마케팅 자회사로, 넘버즈인, ​퓌 ​등 ​비나우 핵심 브랜드의 ​온라인 ​마케팅을 담당합니다. 마케팅 기획부터 ​콘텐츠 ​제작, ​퍼포먼스 운영까지 브랜드의 ​성장을 끝까지 ​책임지는 ​조직입니다. 우리는 단순히 ​콘텐츠를 만드는 ​팀이 ​아닙니다. 브랜드의 방향성과 시장의 ​흐름을 잇는 ​연결고리이자, 브랜드가 사랑받는 이유를 ‘성과’로 증명해내는 마케팅 파트너입니다. 위마케팅에 합류하시는 여러분들은 매해 가파르게 성장하며 브랜드 가치를 높여가고 있는 비나우의 대표 브랜드, '넘버즈인'과 '퓌'의 마케팅적 성과를 주도적으로 만들어 나가실 수 있습니다. 또한, 비나우의 지속적인 성장과 신규 브랜드 확장에 힘입어, 다양한 뷰티 브랜드들의 성장을 리딩하며 매력적인 커리어를 키워 가실 수 있으리라 자부합니다. 성장하는 브랜드의 모든 것을 가장 가까이에서 경험하며, 우리만의 성공 방정식을 함께 만들어 나갈 위마케팅의 핵심 초기 멤버를 기다립니다. 담당하시게 될 업무를 소개합니다. • 광고 매체(Meta, TikTok 등)의 콘텐츠 기획 및 퍼포먼스 관리/운영 • 온라인 콘텐츠 및 캠페인 기획을 위한 시장 트렌드, 경쟁사 사례, 글로벌 레퍼런스 조사 • 광고 콘텐츠 및 캠페인 성과 분석 • 신규 마케팅 기회 탐색 및 제안 ※ 초기 팀원으로서 상기 업무 외에도 다양한 마케팅 기획/운영 업무를 함께하게 됩니다. 이런 분을 찾고 있습니다. • 3년 이하의 경력을 보유하신 분(신입 지원 가능) • 영어로 업무 커뮤니케이션이 가능하신 분 • 글로벌 뷰티 시장 트렌드에 대한 이해도가 높으신 분 • 글로벌 마케팅/광고/콘텐츠에 대한 관심과 이해가 있으신 분 • 최종합격 후 신입의 경우 2주 이내, 경력직 1개월 이내 입사 가능하신 분 이런 분이면 더욱 좋습니다. • 해외 거주 경험이 있거나, 해외에서 학위를 취득하신 분 • 마케팅 대행사 경력을 보유하신 분 • 최근 뷰티 트렌드 분석을 바탕으로 본인만의 콘텐츠 계정을 운영해 본 경험이 있으신 분 • 짧은 동영상 콘텐츠나 이미지 편집 경험이 있으신 분 위마케팅은 성과에 따라 합리적이고 투명한 보상을 제공합니다. • 연봉: 회사 내규에 따름 (최종합격 시 별도 협의) • 성과에 따른 인센티브 지급 ※ 위마케팅은 비나우와 별도 법인으로 운영되며, 연봉 등 보상 체계 또한 상이한 점 참고 부탁드립니다. 위마케팅은 구성원의 몰입과 성장을 위한 환경을 지원합니다. • 근무시간: 오전 9시~오후 6시 • 근무장소: 서울시 강남구 강남대로 382, 메리츠타워 17층 필수 제출 서류 안내드립니다. • 이력서 (국문/필수) • 포트폴리오 (선택) 📍이력서 필수 기입 사항 • 상반신 사진 / 생년월일 / 학력정보 (고교정보 포함) / 편입여부 / 어학성적 (기간만료 무관) 📍 필수 자기소개서 문항 ① 자신이 어떤 사람인지 소개하고, 위마케팅에 지원한 동기를 기술해 주세요. * Guide : 본인의 가치관, 성향 등을 소개하고, 회사 선택 시 중요하게 고려하는 점을 구체적으로 기술해 주세요. ② 지원한 직무와 관련된 자신의 강점과 해당 직무를 잘 수행하기 위해 쌓아온 경험을 기술해 주세요. * Guide : 지원 직무에 관련된 경험 혹은 직무를 잘 수행하기 위해 학업 또는 학업 외적으로 어떤 준비를 했는지 구체적으로 기술해 주세요. 합류 여정을 안내드립니다. 서류 전형 > 역량 검사 > 면접 전형 > 처우 협의 > 입사일 조율 및 입사 • 채용 프로세스는 상황에 따라 일부 전형이 추가 혹은 생략될 수 있습니다. • 입사 후 2개월의 수습 계약직 기간이 적용되며, 급여는 100% 지급됩니다. • 인턴/신입의 경우 합격일로부터 2주 이내로, 경력직의 경우 합격일로부터 1달 이내로 입사를 요청 드리고 있습니다. 복리후생을 소개합니다. • 점심 식대 및 넉넉한 점심 시간 : 하루 13,000원의 점심 식대를 제공하며, 여유 있게 70분간 식사 시간을 보장합니다. • 조식 & 간식 제공 : 매일 아침 매주 조식과 간식을 제공합니다. • 사내 라운지 운영 : 사내 라운지에서 편하게 쉴 수 있는 환경을 제공합니다. • 입사 축하 선물 : 입사 시엔 웰컴키트와 화장품 선물을 제공합니다. • 자사 제품 할인 : 비나우 자사 제품을 50% 할인해 드립니다. • 기념일 선물 : 더욱 특별한 기념일이 될 수 있도록 선물을 제공합니다. • 생일 반차 : 생일에는 반차를 사용하여 특별한 하루를 보낼 수 있습니다. • 팀 운영비 지원 : 인당 매월 10만 원의 팀 운영비를 지원합니다. • 자유로운 휴가 사용 : 연차와 반차를 눈치 보지 않고 자유롭게 사용할 수 있습니다. • 야근 지원 : 야근 시엔 택시비와 야근 식대를 지원합니다. • 경조사 지원 : 경조사 발생 시 경조 휴가와 경조금을 지원합니다. • 건강검진 지원 : 2년에 한 번 정기 건강검진을 지원합니다. 참고사항 • 서류 전형의 결과는 합/불 여부와 관계없이 2주 이내 기재해 주신 이메일로 개별 안내 드립니다."
311187,위마케팅,[넘버즈인/퓌] 글로벌 콘텐츠 마케터 (체험형 인턴),INTERN,,,,"비나우 자회사 ​'위마케팅'을 ​소개합니다. | ​ 글로벌 No.1 ​뷰티 브랜드의 성공 방정식을 ​함께 ​만듭니다. ‘위마케팅’은 글로벌 ​No.1 뷰티 기업 ​비나우의 공식 ​온라인 ​마케팅 자회사로, 넘버즈인, ​퓌 ​등 ​비나우 핵심 브랜드의 ​온라인 ​마케팅을 담당합니다. 마케팅 기획부터 ​콘텐츠 ​제작, ​퍼포먼스 운영까지 브랜드의 ​성장을 끝까지 ​책임지는 ​조직입니다. 우리는 단순히 ​콘텐츠를 만드는 ​팀이 ​아닙니다. 브랜드의 방향성과 시장의 ​흐름을 잇는 ​연결고리이자, 브랜드가 사랑받는 이유를 ‘성과’로 증명해내는 마케팅 파트너입니다. 위마케팅에 합류하시는 여러분들은 매해 가파르게 성장하며 브랜드 가치를 높여가고 있는 비나우의 대표 브랜드, '넘버즈인'과 '퓌'의 마케팅적 성과를 주도적으로 만들어 나가실 수 있습니다. 또한, 비나우의 지속적인 성장과 신규 브랜드 확장에 힘입어, 다양한 뷰티 브랜드들의 성장을 리딩하며 매력적인 커리어를 키워 가실 수 있으리라 자부합니다. 성장하는 브랜드의 모든 것을 가장 가까이에서 경험하며, 우리만의 성공 방정식을 함께 만들어 나갈 위마케팅의 핵심 초기 멤버를 기다립니다. 담당하시게 될 업무를 소개합니다. • 글로벌 뷰티 콘텐츠를 기획하고 운영합니다. • 틱톡 등 SNS 콘텐츠를 제작하고 인플루언서를 섭외합니다. • 캠페인 후 성과를 정리하고 분석합니다. • 최신 트렌드와 시장 조사를 통해 마케팅 아이디어를 도출합니다. 이런 분을 찾고 있습니다. • K-뷰티와 글로벌 틱톡(숏폼) 콘텐츠에 관심이 많은 분 • 꼼꼼하고 책임감 있게 일을 정리하는 걸 좋아하는 분 • 6개월 동안 인턴 근무가 가능한 분 • 바로 입사가 가능하신 분 이런 분이면 더욱 좋습니다. • 뷰티·스킨케어에 관심이 많은 분 • 마케팅이나 콘텐츠 기획 관련 경험이 있는 분 • 빠르게 변하는 트렌드에 유연하게 대응할 수 있는 분 • 영어로 간단한 이메일 및 커뮤니케이션이 가능하신 분 • 해외 거주 또는 글로벌 환경에서 일한 경험이 있는 분 계약기간 및 처우 안내드립니다. • 계약기간: 6개월 ( 3개월 기준 평가 후 3개월 연장 ) • 근무시간: 오전 9시~오후 6시 • 근무장소: 서울시 강남구 강남대로 382, 메리츠타워 17층 ※ 위마케팅은 비나우와 별도 법인으로 운영되며, 연봉 등 보상 체계 또한 상이한 점 참고 부탁드립니다. 필수 제출 서류 안내드립니다. • 이력서 (국문/필수) • 포트폴리오 (선택) 📍이력서 필수 기입 사항 • 상반신 사진 / 생년월일 / 학력정보 (고교정보 포함) / 편입여부 / 어학성적 (기간만료 무관) 📍필수 자기소개서 문항 ① 자신이 어떤 사람인지 소개하고, 위마케팅에 지원한 동기를 기술해 주세요. (* Guide : 본인의 가치관, 성향 등을 소개하고, 회사 선택 시 중요하게 고려하는 점을 구체적으로 기술해 주세요.) ② 지원한 직무와 관련된 자신의 강점과 해당 직무를 잘 수행하기 위해 쌓아온 경험을 기술해 주세요. (* Guide : 지원 직무에 관련된 경험 혹은 직무를 잘 수행하기 위해 학업 또는 학업 외적으로 어떤 준비를 했는지 구체적으로 기술해 주세요.) 합류 여정을 안내드립니다. 서류 전형 > 역량 검사 > 면접 전형 > 입사일 조율 및 입사 • 채용 프로세스는 상황에 따라 일부 전형이 추가 혹은 생략될 수 있습니다. • 인턴/신입의 경우 합격일로부터 2주 이내로 입사를 요청 드리고 있습니다. 복리후생을 소개합니다. • 점심 식대 및 넉넉한 점심 시간 : 하루 13,000원의 점심 식대를 제공하며, 여유 있게 70분간 식사 시간을 보장합니다. • 조식 & 간식 제공 : 매일 아침 매주 조식과 간식을 제공합니다. • 사내 라운지 운영 : 사내 라운지에서 편하게 쉴 수 있는 환경을 제공합니다. • 입사 축하 선물 : 입사 시엔 웰컴키트와 화장품 선물을 제공합니다. • 자사 제품 할인 : 비나우 자사 제품을 50% 할인해 드립니다. • 기념일 선물 : 더욱 특별한 기념일이 될 수 있도록 선물을 제공합니다. • 생일 반차 : 생일에는 반차를 사용하여 특별한 하루를 보낼 수 있습니다. • 팀 운영비 지원 : 인당 매월 10만 원의 팀 운영비를 지원합니다. • 자유로운 휴가 사용 : 연차와 반차를 눈치 보지 않고 자유롭게 사용할 수 있습니다. • 야근 지원 : 야근 시엔 택시비와 야근 식대를 지원합니다. • 경조사 지원 : 경조사 발생 시 경조 휴가와 경조금을 지원합니다. • 건강검진 지원 : 2년에 한 번 정기 건강검진을 지원합니다. 참고사항 • 서류 전형의 결과는 합/불 여부와 관계없이 2주 이내 기재해 주신 이메일로 개별 안내 드립니다."
311185,주식회사 데이원컴퍼니,[무료 LIVE] AI·로보틱스 취업 특강 (with 현직 로봇 엔지니어),,,,,"AI·로보틱스 취업하고 싶은데 막막한 취준생 주목!!!🚨😭 ""대부분의 취준생이 기술 나열만 하며 기업이 원하는 로봇 프로젝트의 핵심을 놓치고 있어요. 서류 합격하는 포트폴리오 전략, 여기서 전부 알려드릴게요."" - 로보틱스/자율주행 현직자 멘토님🤖👨‍🏫 ⭐[무료] 로보틱스 포트폴리오 현직자 특강⭐ ⏰LIVE 일시: 4/3(금) 오후 7시 (*신청 기간: 특강 시작 1시간 전까지) 👩‍🏫연사: Robby 멘토 - 글로벌 자동차 기업 자율주행 엔지니어 - 로보틱스 엔지니어 및 테크 리드 출신 📢 참가비 무료, 누구나 신청 가능! (실시간 LIVE 특강) AI/로보틱스 취업에 관심 있다면, 누구나 무료로 들어보세요! 👉 선착순 마감되기 전 빠르게 신청ㄱㄱ ▶ https://bit.ly/3PwBw3U"
311184,배움이로,[배움이로] 사무 / 마케팅 / 신입 채용,NEW,,,,"[배움이로] 사무 / 마케팅 / 신입 채용 접수 기간 2026-03-26 ~ 상시모집 모집부문 및 상세내용 사무 마케팅 및 학생유치(00명) 채용 형태 - 신입 - 팀원,사원 담당업무 - 온라인마케팅 - 학생관리 - 문서작업 자격요건 학력 학력무관 근무조건 급여 면접 후 급여 결정 근무시간 주 5일(월~금) 10:00 ~ 19:00 근무지역 서울 동대문구 왕산로 117 9층 전형 절차 Step1 서류전형 Step2 면접평가 Step2 최종합격 지원 기간 및 방법 접수기간 2026-03-26 ~ 상시모집 접수방법 링커리어 간편지원 유의사항 허위 사실이 발견될 경우 채용이 취소될 수 있습니다."
311183,아산나눔재단,[아산나눔재단] 아산 유니버시티 2026 배치 모집 (기후테크 초기 스타트업 육성),,,,,"실험실에서 비즈니스로, 과학자에서 기업가로👨‍🔬 아산 유니버시티(Asan UniverCT)의 2026 배치팀을 모집합니다! 아산 유니버시티 2026 배치 모집은 초기 기후테크 창업팀이 연구 성과를 실제 비즈니스로 연결할 수 있도록 지원하는 액셀러레이팅 프로그램으로 운영됩니다. 선발팀은 시제품 제작 및 초기 해외 시장 검증을 위한 총 1천만 원의 지원금과 IR 피칭 컨설팅, 기후테크 커뮤니티 프로그램 등 약 7개월간 기술 사업화와 글로벌 진출을 지원하는 다양한 혜택을 제공받습니다. 글로벌 기후테크 액셀러레이터 뉴 에너지 넥서스(New Energy Nexus) 협력 전문가 1:1 멘토링과 함께 우수팀에게는 세계 최대 규모의 기후 행사 '뉴욕 기후주간(Climate Week NYC)' 참가 및 피칭 기회도 주어집니다. 또한 별도 심사를 통해 선발된 팀에게는 총상금 1.2억 원 규모의 정주영 창업경진대회에 진출할 수 있는 기회까지 갖게 됩니다. 📅모집기간 2026. 3. 10(화) – 4. 9(목) 🙋‍♂️모집대상 (*두 가지 항목에 모두 해당) 기후테크 분야의 국내 법인(개인사업자 포함) 또는 대표가 대한민국 국적자인 해외 법인 대표자가 국내외 대학(원)의 재·휴학생이거나 2021년 이후 졸업생 🎉지원내용 1️⃣총 1천만 원의 시제품 제작 및 해외 진출 지원금, IR 피칭 컨설팅 2️⃣글로벌 기후테크 전문가 1:1 멘토링, Climate Week NYC 참가 및 피칭 기회 3️⃣기후테크 창업 밋업, 1박 2일 캠프 및 네트워킹 4️⃣500+ MARU 창업가 커뮤니티 (공간 · 성장 · 커뮤니티 · 투자 · 홍보 지원) 5️⃣총상금 1.2억 원의 정주영 창업경진대회 데모데이 진출 기회 👉지원하기 https://bit.ly/4lR7SCD 👀문의 아산 유니버시티 모집 홈페이지 하단 채널톡 글로벌 기후테크 시장을 목표로 하는 스타트업이라면, 아산 유니버시티에 지원하세요!"
311182,아카이브유,[ARCHIVE:U] 대학 연합 전시 아카이빙 동아리 3기 모집,,,,,"[ARCHIVE:U] 대학 연합 전시 아카이빙 동아리 3기 모집 “기록하는 순간, 취향이 된다.” 안녕하세요, 전시를 보고 각자의 시선으로 기록하고 공유하는 아카이빙 동아리 ARCHIVE:U 입니다. 문화생활도 즐기고 훗날 쓰일 나의 포트폴리오도 감각적으로 채우고 싶은 분들 모두 환영합니다! 🌐 어떤 활동을 하나요? -전시 / 팝업 / 문화공간 탐방 -관람 후 아카이브 로그 작성 -개인 콘텐츠 제작 (포스터, 카드뉴스, 릴스 등) 🌐 1-2기 탐방 리스트 -성수동 디올 메종 “디올과 한옥의 만남” -DDP 디자인·미디어아트 전시 -리움미술관 기획 전시 -그라운드시소 immersive 전시 🌐 이런 분들을 모집해요 -문화생활을 좋아하지만 혼자 가기 싫은 사람 -기록하는 습관을 만들고 싶은 사람 -나만의 포트폴리오를 제작하고 싶은 사람 ▪️ 모집 일정 안내 -모집 기간 : 2026.03.25 (수) - 04.06 (월) -면접 일정 : 1차 지원서 확인 후 개별 안내 -활동 기간 : 2026.04 - 2026.07 (이후 자율 참여) -지원 방법 : https://forms.gle/15yMWQzBsskL1aXy8 -문의 : 2기 회장 서수민 010-8655-2070 ▪️ ARCHIVE:U 공식 페이지 https://archiveu.carrd.co"
311181,스터닝,[자연드림] 조합원 스토리 공모전,,,,기타,"자연드림, 왜 생활치유 플랫폼일까요? 식약동원의 경험,당신의 이야기를 들려주세요! “우리는 믿습니다.” 좋은 식품의 진정한 가치는 나의 몸을 돌보고, 이웃의 삶을 살피며, 우리가 살아갈 환경까지 더 건강하게 만드는 ‘치유’에 있다는 것을. 자연드림은 좋은 식품을 만드는 방식부터 다르게 고민해 왔습니다. 환경을 생각한 종이팩 기픈물, 토양과 생명을 살리는 농법을 위한 이온미네랄처럼 사람과 자연이 함께 건강해지는 방법을 선택해 왔습니다. 그 변화는 이제 우리의 식탁과 일상 속에서 ‘기분 좋은 변화’로 이어지고 있습니다. 당신의 식탁에서 일어난 ‘유기농 그 이상의 변화’를 들려주세요. 총 2,157명에게 총 1억 5천만원 상당의 리워드를 드립니다. ■ 참가자격 - 만 19세 이상(성인) 대한민국 국적 소유자 - 자연드림에 관심있는 누구나! (응모를 위한 회원 가입 필요) *동점 발생 시 조합원 가산점 부여(심사일 기준) ■ 이벤트 기간 [A] 조합원 스토리 부문 : 2026년 2월 17일(화) ~ 4월 30일(목) 18:00 까지 (기간연장) [B] 콘텐츠 크리에이터 부문 : 2026년 4월 1일(수) ~ 4월 30일(목) 18:00 까지 [C] 리서치(분석)&연구 부문 : ~ 2026년 5월 15일(금) 18:00 까지 (* 마감일에는 접수 신청 폭주로 인해 서버 접속이 어려울 수 있습니다.) - 심사 기간(본선) : 2026년 5월 7일(목)~ 5월 15일(금) 23:59 까지 - 최종 결과 발표 : 2026년 6월 (예정) ※ 더 자세한 사항은 콘테스트 참여하기를 통하여 공모 페이지에서 확인해 주세요!"
311180,동대문문화재단,2026 동대문청년문화방송국 1기 모집,,,파워블로거/SNS | 콘텐츠 기획/제작 경험,활동비 | 전문가/임직원 멘토링,"2026 동대문청년문화방송국 1기 모집 1. 모집대상: 미디어 제작에 관심 있는 서울 소재 청년(15명) ※ 만 19~34세 이하 청년들 대상, 서울 거주/재직/재학 중인 자 ※ 가점부여: 동대문구 거주자, 동대문구 소재 대학생(재학·휴학·졸업) , 청년 등 2. 신청기간: 2026. 3.26.(목) ~ 4.17.(금) 3. 최종발표: 2026. 4.23.(목) 4. 활동혜택: 활동비 지급, 활동 우수상 및 수료증 수여 5. 활동내용 - 개별 영상 콘텐츠 제작 - 총 7회 오프라인 워크숍 진행 - 전문가 멘토링 강의(5회) - 개별 미디어 공모전 출품 지원 6. 활동기간: 2026. 4.30.(목) ~ 7.16.(월) 7. 신청방법: 센터 누리집 공지사항 참조 문의: 사업 담당자 02-2247-4012"
311178,주식회사 지넥스,『태화강생태관 사계절 생태체험교실』 4월 운영 안내 [식물의 구조],,,,,"『태화강생태관 사계절 생태체험교실』 4월 운영 안내 [식물의 구조] 강좌명 : 식물의 구조 ● 참여 대상 - 유아 및 가족 (6 세 이상 ), 초등학생 ● 프로그램 내용 - 식물의 구조 이해 - 현미경을 활용한 식물 관찰 - 꽃잎 책갈피 만들기 ● 진행 일시 - 1 주차 : 2026. 04. 04.( 토 ) - 2 주차 : 2026. 04. 11.( 토 ) - 3 주차 : 2026. 04. 18.( 토 ) - 4 주차 : 2026. 04. 25.( 토 ) 운영시간 : 10:00 ~ 12:00 ● 회차 안내 - 1 주차 ㆍ 일시 : 04 월 04 일 ( 토 ), 10:00 ~ 12:00 ㆍ 대상 : 유아 및 가족 (6 세 이상 ) ㆍ 인원 : 30 명 ㆍ 접수마감 : 2026 년 04 월 03 일 18 시 - 2 주차 ㆍ 일시 : 04 월 11 일 ( 토 ), 10:00 ~ 12:00 ㆍ 대상 : 초등학생 ㆍ 인원 : 30 명 ㆍ 접수마감 : 2026 년 04 월 10 일 18 시 - 3 주차 ㆍ 일시 : 04 월 18 일 ( 토 ), 10:00 ~ 12:00 ㆍ 대상 : 유아 및 가족 (6 세 이상 ) ㆍ 인원 : 30 명 ㆍ 접수마감 : 2026 년 04 월 17 일 18 시 - 4 주차 ㆍ 일시 : 04 월 25 일 ( 토 ), 10:00 ~ 12:00 ㆍ 대상 : 초등학생 ㆍ 인원 : 30 명 ㆍ 접수마감 : 2026 년 04 월 24 일 18 시 ● 진행 장소 - 태화강생태관 2 층 체험실 ● 신청 기간 - 2026.03.25 00:00 ~ 2026.04.24 18:00 ( 토 , 일요일 , 공휴일에도 접수 가능 ) ● 신청 방법 - 태화강 생태관 홈페이지 온라인 접수 ( https://taehwaeco.ulju.ulsan.kr/experience_04.jsp?lec_type=four_season) ● 문의 사항 - 전화 : 070-4012-4874"
311177,(주)멀티캠퍼스,퍼포먼스 마케팅과 데이터 분석 부트캠프(AI 활용) 5월 개강,,,,,"📢 멀티캠퍼스 '퍼포먼스 마케팅과 데이터 분석 부트캠프 (AI 활용)' 5 월 과정 수강생 모집 퍼포먼스 마케팅과 데이터 기반 분석 역량으로 기업이 선호하는 융합 스킬 인재로 거듭날 수 있어요! 👩‍🎓 이런 분들은 꼭! 신청하세요 - IT 직무 취준 시작이 막막하고 두려운 사람 - 비전공자에서 IT 전문가로 거듭나고싶은 사람 - 현직 멘토의 이력서·포트폴리오·자소서 피드백이 필요한 사람 - 이론을 넘어 '진짜 실무'를 배우고 싶은 사람 ✍️ 이런 내용들을 배워요 - 오늘 배워 내일 쓸 수 있는 퍼포먼스 마케팅 개론 - AI를 활용한 광고 플랫폼 이해와 데이터 분석 스킬 - 데이터 기반 광고 캠페인 설계 및 성과 분석 - 광고비 지원으로 실제 광고 집행 및 운영 🎁 수강생 한정 혜택이 있어요 - 매월 훈련장려금 20만 원+ 특별훈련수당 10만 원 지급! - 학습 기간 동안 장비 무상 지원 - 현업 전문가의 밀착 멘토링 - 인턴X취업 합격할 때까지 이력서 무한 매칭 ⏰ 교육 일정은 어떻게 되나요? - 2026/05/11 ~ 2026/09/25 👨‍👩‍👧 신청 조건이 있나요? - 국민내일배움카드 발급이 가능하고, 09시~18시 수업 참여가 가능하신 분 - 졸업 후 미취업자 - 대학 졸업예정자 - 대학 재학생 : 졸업까지의 수업연한이 2년 이내의 휴학생 ☎️ 궁금한 게 있어요 - 1544-9001 - 카카오톡 '멀티캠퍼스 IT취업교육' 👉 더 자세한 내용은 홈페이지에서 확인 가능합니다. ( 여기 클릭! )"
311176,연수문화원,[연수문화원] 2026년 전통성년식 참가자 모집,,,,,"2026년 성년의 날 기념 연수문화원 「전통 성년식」 참가자 모집 ""당신의 스무살, 그냥 지나갈 건가요?"" 지금이 아니면 없는 당신의 성년식, 여러분의 성년의 날이 오래오래 간직될 수 있도록 연수문화원에서 ‘전통성년식’을 개최하오니, 많은 관심과 신청 부탁드립니다. [참여특전] ▶ 문화상품권 지급(20,000원) ▶ 전통문화행사 참여 봉사활동 시간 4시간 부여(1365 회원가입 필수) ▶ 성년식 전통 의상 무료 대여 ▶ 인생샷 공유 [행사일정] ▶ 행사당일 : 2026. 5. 16.(토) 11:00 ▶ 행사장소 : 청학문화센터 1층 청학아트홀(연수구 비류대로 299) [모집일정] ▶ 모집대상 : 17세~20세 남자 3명, 여자 3명(인천광역시 연수구 거주자 우선) ▶ 모집기간 : 2026. 3. 18.(수) ~ 정원 충족 시 마감(상시모집) ▶ 참가비용 : 무료 ▶신청방법 : 방문 / 전화 / 구글폼 제출 1. 방문 : 연수구 비류대로 299 2층 연수문화원 사무국 2. 전화 : 032-821-6229 연수문화원 3. 구글폼 바로가기 : https://forms.gle/Q8NuW7FTmerw1jPx5 ▶ 문 의 처 : 연수문화원 032-821-6229 ※ 선정자에 한하여 개별 연락 드립니다."
311175,홍천군,2026년 홍천군 유튜브 크리에이터 모집,,,콘텐츠 기획/제작 경험 | 기타,활동비,"﻿ 2026년 홍천군 유튜브 크리에이터 모집 응모자격 유튜브 채널을 보유한 대한민국 누구나 출연 및 영상 기획·편집이 가능한 자 모집인원 10명 - 최소 점수 미달 등 적합자가 없는 경우 모집인원 조정 가능 - 선발 후 활동 불가 사유 발생 또는 활동 미흡 시 해촉 후 예비합격자 순으로 대체 선발 모집기간 2026. 3. 23.(월) ~ 4. 3.(금) 18:00까지 신청방법 이메일(lmy1203@korea.kr)접수 *접수 후 회신 메일 확인 -제출서류: ①제작영상(1편), ②신청서 1부, ③개인정보 수집 및 활용 동의서 1부 활동기간 2026. 4. 20. ~ 12. 20. 활동내용 - 분야의 제한 없이 홍천군 관련 자유 주제 - 정보전달, 영상스케치를 벗어나 스토리텔링이 가미된 다양한 형식으로 제작 - 영상 제출 시 본편(5분 내외), 썸네일, 클린본 등을 제출 - 제작 영상 홍보 및 홍천군 유튜브 채널 홍보 활동혜택 제작비 지원 - 영상제작: 개인별 연 8편(롱폼4, 숏폼4) - 롱폼 콘텐츠 1편 및 해당 롱폼 콘텐츠를 편집한 숏폼 콘텐츠 1편을 제출하면 총 원고료 500,000원 지급(개인별 연 최대 2,000,000원 지급) - 롱폼 콘텐츠(주 콘텐츠를 담은 영상)가 없는 숏폼 콘텐츠는 원고료 지급 불가 - 영상 촬영을 위해 군 관련 부서의 협조가 필요할 시 지원방안 적극 모색 문 의 홍천군청 뉴미디어팀 033-430-2616"
311174,서대문구,2026 신촌글로벌대학문화축제 대학생 중앙기획단 모집,,,기타,활동비 | 수료증 및 인증서,﻿ 2026 신촌글로벌대학문화축제 대학생 중앙기획단 모집 공고 ■ 대학생 중앙기획단 모집 및 운영개요 ○ 모집기간 : 2026. 3. 16.(월) ~ 4. 10.(금) ○ 모집인원 : 30명 내외(예정) ○ 모집대상 : 본 축제 및 축제분야에 관심·경험 및 전문성 있는 대학생 ○ 활동기간 : 2026. 4. ~ 축제 종료시까지 ○ 모집방법 : 신청서[붙임파일2] 작성 후 이메일(jengjeng2@sdm.go.kr) 제출
311173,양천어르신종합복지관,[양천어르신종합복지관]경로당 세대통합 기억톡톡(Talk Talk) 서포터즈,,,기타,수료증 및 인증서 | 봉사활동시간,"﻿ [양천어르신종합복지관]경로당 세대통합 기억톡톡(Talk Talk) 서포터즈 따뜻한 재능 나눔으로 어르신의 일상에 온기를 전해주세요 복지관에서는 경로당 어르신들을 위한 세대통합 기억톡톡 서포터즈를 모집합니다. - 활동기간 (날짜 협의 가능) 2026년 3월~8월(총 10회기/ ot, 봉사[회기 당 2시간, 격주 진행], 치매 교육, 평가회 등) *요일 및 시간은 추후 공지 - 활동장소 양천구 내 경로당 - 활동내용 어르신을 대상으로 치매예방 소근육 프로그램 계획 및 경로당 방문을 통한 진행 - 모집대상 치매예방 봉사를 희망하는 누구나 - 활동혜택 봉사시간 수여 및 서포터즈 활동 수료증 제공 - 문의·신청(구글폼, 전화, 이메일) (양천어르신종합복지관 / 박진원 사회복지사 / 02-2649-8813, jwpark@ycnoin.org) https://docs.google.com/forms/d/e/1FAIpQLScUWR4UMMXdm5FwaAbgqUfI6ApCCyzmBlLB_QN4ypA29X2ORw/viewform?usp=publish-editor 작은 재능 나눔이 큰 행복이 됩니다! 많은 관심과 참여 부탁드립니다!"
311172,앰코테크놀로지코리아,"[앰코테크놀로지코리아] [신입] 제조직(Operator) 정규직 모집 (인천 송도, 부평)",NEW,,,,"﻿ [앰코테크놀로지코리아] [신입] 제조직(Operator) 정규직 모집 (인천 송도, 부평) 신입 모집 마감일 2026.04.02 오후 11:59 모집부문 제조직 (Operator)"
311170,한국장애인개발원,2026년도 AI를 활용한 장애인식개선 동화 공모전,,,,기타 | 상장 수여,"2026년도 AI를 활용한 장애인식개선 동화 공모전 주제 유아(3~5세)의 눈높이에서 장애(인)에 대한 인식을 자연스럽게 개선할 수 있는 내용 공모분야 동화책(전자책 형태의 PDF 파일 제출) 세부 내용 및 규격 - (형식) 전자책 형태의 PDF 파일 1부 - (규격) 190 × 260 mm - (분량) 20~28쪽 - (기타) 상업적 이용 가능한 무료 폰트 사용 참가자격 장애 공감을 실천하는 국민 누구나(개인 또는 팀, 중복 지원 불가) ※ 작가 자격 제한 없음, 전문 업체 및 동일인(팀) 중복 지원 금지 접수기간 2026. 4. 20.(월) ~ 4. 30.(목) 17:00까지 ※ 기한 내 도착분만 인정 ※ 공고기간: 2026. 3. 20.(금) ~ 4. 30.(목) 방법 이메일 접수(able-edu7@naver.com) ※ 메일제목: [제목_지원자명(팀명)] 2026년도 AI를 활용한 장애인식개선 동화 공모전 제출서류 ① 공모작품(전자책 형태의 PDF 파일 1부) ② 참가신청서(신청자 인적 사항, 작품 제목 및 작품 요약, AI 활용 정보 등) ③ 개인정보 수집 및 이용에 관한 동의서 ④ 저작권 안내 및 동의서 시상규모 12점(1,010만원, 상금은 제세공과금을 제외한 금액으로 지급) - 대상 : 1명, 300만원 - 최우수상 : 1명, 200만원 - 우수상 : 3명, 100만원 - 장려상 : 7명, 30만원 문 의 한국장애인개발원 대외협력부 장애인식개선팀( 02-3433-4515)"
311169,한국투자증권,[한국투자증권] FY2026 상반기 PB (신입사원 5급) 공개채용,NEW,,,,﻿ [한국투자증권] FY2026 상반기 PB (신입사원 5급) 공개채용 모집기간 03.26 ~ 04.09 17:00 모집분야 PB (Private Banker)
311168,삼화콘덴서공업,[삼화콘덴서공업] FC 제조 오퍼레이터 채용의 건,NEW,FC 제조 오퍼레이터 | 생산관리 | 생산관리/공정관리/품질관리 | 생산/제조 | 제조/가공 | 생산/제조/설비/조립 | 생산 | 본인의 성장과정과 경험을 통하여 본인을 소개해주시기 바랍니다. | 본인이 삼화콘덴서에 꼭 입사해야 하는 이유와 입사 후 이루고 싶은 목표에 대하여 자세히 기술해 주시기 바랍니다. | [삼화콘덴서공업] FC 제조 오퍼레이터 채용의 건,,,"[삼화콘덴서공업] FC 제조 오퍼레이터 채용의 건 [담당 업무 및 근무조건] ㆍ고압 필름커패시터(FC) 제조 오퍼레이터 ㆍ3조 3교대(07-15, 15-23, 23-07) ㆍ정기상여 및 성과상여 지급 [필요역량 및 우대사항] ㆍ고등학교 졸업 이상(필수) ㆍ방진복 착용 가능자(우대) ㆍ장기근무 가능자(우대) ㆍ국가유공자 및 보훈대상자(우대) [전형절차] - (1) 입사지원서 검토 → (2) 실무진면접 → (3) 채용 전 건강검진 → (4) 최종합격"
311167,상상인증권,[상상인증권] 리서치센터 인턴 수시 채용,INTERN,,,,"[상상인증권] 리서치센터 인턴 수시 채용 접수기간 : 2026년 3월 19일(목) ~ 2026년 3월 29일(일) ■ 담당 분야 업무 - 투자전략팀 내 경제, 주식, 채권, 외환, 원자재, 크립토, 부동산 등 애널리스트 업무 보조 - 리서치센터 공통 업무 - 대내외 행사 및 미팅 등 지원 - 기타 필요 업무 지원 ■ 우대사항 - 매크로 분석 및 자산전략 등 투자전략팀 업무 수행이 가능한 자 - 상경계열 전공자 - 경제 및 금융 등 관련 전공 석사 학위 취득 및 취득예정자 - MS Office 등 컴퓨터 활용능력 우수자 - 리서치센터 RA 및 인턴 업무 경력 보유자 - 금융투자분석사 등 금융관련 자격증 소지자"
311166,한국디지털문인협회,제2회 숏폼에세이상 공모,,,,기타,"제2회 숏폼에세이상 공모 ● 공모 주제 및 장르 - 주제 : 자유 주제 • 시대의 공감, 디지털 라이프, 소소한 일상의 발견, 감명 깊은 여행 • 현재 우리 사회의 화제나 이슈에 대한 통찰 등 - 장르 : 산문 형식이되 숏폼에세이의 특징을 반영한 창작품 • 짧지만 철학적 사유가 담긴 통찰 • 기존 수필의 틀에서 벗어난 관점이나 독특한 발상 • 디카 에세이, 이모티콘, 신조어 등 디지털 문화 코드 활용 가능 ● 응모 안내 - 응모 자격 : 제한 없음 - 응모 방법 : 1인 3편 이내 - 원고 분량 : 1편당 원고지 5매 이내 (1,000자 이내) - 제출 형식 : 한글(hwp) 또는 워드(doc) 파일 - 제출 방법 : 이메일 접수 (digitalwriters@naver.com) - 필수 기재 사항 • 파일명 : 숏폼에세이-성명 (반드시 본명 사용) • 앞표지 : 제목, 이름, 연락처, 이메일, 주소 기재 ● 공모 일정 - 접수 기간 : 2026.04.01 ~ 04.30 - 결과 발표 : 2026.05.20 (홈페이지 공지 및 개별 통보) - 시상식 : 2026.06.12 (장소 추후 공지) ● 시상 내역 - 대상 (1명) : 상금 100만원 - 최우수상 (2명) : 각 상금 50만원 ※ 수상작은 향후 협회 공동문집에 수록 예정 ● 유의 사항 - 표절 또는 타 공모전 수상작은 당선이 취소되며 응모작은 반환하지 않음 - 문의처 : digitalwriters@naver.com"
311165,부광약품,[부광약품] 2026 충청지역 의원 영업 부문 채용,"NEW, EXPERIENCED","충청지역 의원 영업 | 고객관리 | 고객관리/인바운드 | 영업/고객상담 | 영업기획 | 영업관리/지원/영업기획 | 영업관리 | B2B영업 | B2B영업/기술영업 | 지원하는 직무에 지원자 본인이 적합하다고 판단할 수 있는 근거를 경험을 바탕으로 서술해주세요. (최소 400자, 최대 600자 입력가능) | 공동의 목표를 달성하기 위해 팀워크를 발휘해 본 경험을 알려주세요. (최소 400자, 최대 600자 입력가능) | 입사 후 지원자 본인이 어떠한 역량과 포부로 업무에 임할 것인지 알려주세요. (최소 400자, 최대 600자 입력가능) | [부광약품] 2026 충청지역 의원 영업 부문 채용",,,[부광약품] 2026 충청지역 의원 영업 부문 채용 [주요 ​업무] - 대전/충청 지역 의원영업 ​업무 ​수행 - 고객 ​관리 및 관계 ​구축 - 제품 정보 ​전달 - 판매 ​전략 실행 - 클레임 ​및 문제 ​해결 [필수 ​및 우대사항] - 학사 이상 - 운전면허 ​소지자 우대 [채용 ​절차] - 서류전형 → 면접전형 (1차/2차) → 처우협의 → 최종합격
311164,연세IT미래교육원,[연세IT미래교육원] AI X 언리얼 3D게임 디자이너 양성,,,,,"﻿ 정원 한정 마감 전 상담 상담신청하기 Click! 👉당신의 감각에 AI를 더하다 👉게임 그래픽을 넘어, 영화 같은 시네마틱 영상의 주인공이 되다 👉그릴 줄 아는 디자이너에서, '씬(Scene)'을 지배하는 비주얼 디렉터로 이런 분들께 추천해요 🙋‍♀️ ✔️ 시네마틱제작에 관심 있는 비전공자 ✔️ 영상 편집/제작 경험이 있는 전공자 및 구직자 ✔️ 디자인 툴은 다루지만 '게임 실무'가 낯선 전공자 ✔️ 포트폴리오가 필요한 취업 준비생 ✔️ AI 도구를 빌려 빠르게 결과물을 뽑아보고 싶은 학습자 ✔️내일배움카드 발급이 가능하신 분(대학생 조건부 가능) ✔️오프라인 교육에 성실한 참여가 가능하신 분 📌연세IT미래교육원의 차별점 ! 1. 경기남부지역 수원 유일한 언리얼엔진 전문 교육과정 2. '게임 프로그래밍' 과정과 연계 수강 가능한 프로그램 운영 3. AI를 활용하여 보다 쉽고 빠르게 고효율 디자인 가능 4. 프로젝트 중심 교육으로 고퀄리티 포트폴리오 제작 가능 5. 고용노동부 선정 '우수훈련기관'으로 오랫동안 다양한 분야의 과정 운영 노하우 보유 📝 커리큘럼 1. 3D 및 AI 기초 학습: 나만의 게임 세계를 만드는 시작점! AI 툴과 최신 디자인 기술도 함께 익힐 수 있어요. 2. AI기반 아트 제작: 디자인 경험이 없더라도 걱정 마세요! AI와 함께 캐릭터 및 배경 컨셉을 생성하고 보정할 수 있어요. 3. 3D 모델링 및 텍스처링 심화: 3D 디자인을 직접 구현하는 실전 실무 기술을 익히는 단계! 4. 리깅 및 애니메이션: Mixamo와 Blender를 활용하여 캐릭터 리깅과 기본애니메이션을 제작할 수 있어요. 5. 언리얼 엔진 환경 구축 및 상호작용: 언리얼 엔진으로 기본 상호작용 및 시네마틱 영상 제작을 해요. 6. 후반 작업 및 관리: 다빈치 리졸브를 활용하여 영상편집 이후 노션을 이용해 프로젝트 관리. 7. PROJECT: AI기반 3D 시네마틱 영상 및 게임 환경을 제작. 🎮 AI 활용 언리얼(Unreal) 3D게임그래픽(실감형콘텐츠) 디자인 👉 교육기간: 약 6개월(1일 8교시) 👉 교육장소: 연세IT미래교육원 장안문캠퍼스 👉 모집기간 : ~2026년 4월 8일(정원마감시 조기 종료) 👉 교육비용: 💥 8,760,960 원 → 국비지원 90% 이상( 월7만원 이하 )💥 👉 교육수당: 매월 최대 800,000원 지급 (국민취업지원제도+훈련수당) (본 수당은 출석률에 따라 차등 지급되며, 훈련 단위기간 80% 미만 출석 시, 훈련수당 지급대상에서 제외됩니다.) 🎁 수강혜택: 전과목 교재 증정, 1:1 맞춤형 취업 지원, 수료 후 최대 6개월 취업 관리 정원 한정 마감 전 상담 상담신청하기 Click! 준비된 IT 미래 인재를 양성하는 연세IT미래교육원에서 게임시네마틱 디자이너 로 성장해보세요! 📞 문의전화: 031-256-2662 (연세IT미래교육원 장안문캠퍼스) 🌏 홈페이지: https://www.ysedu.or.kr/p/?j=288 #게임그래픽 #게임그래픽디자인 #게임그래픽디자이너 #언리얼 #2D원화 #3D모델링 #게임UI #게임포트폴리오 #게임애니메이션 #게임배경 #게임이펙트 #3D애니메이션 #게임그래픽국비지원 #IT국비지원 #내일배움카드 #국비지원컴퓨터학원 #수원컴퓨터학원 #게임그래픽국비지원 #국비교육 #연세IT미래교육원 #취업준비 #게임아카데미 #게임디자인 #게임원화 #게임학원 #시네마틱 #블렌더 #3D게임"
311163,한국카본,[한국카본] [신입/경력] 지게차 운전,"NEW, EXPERIENCED",,,,[한국카본] [신입/경력] 지게차 운전 [담당업무] - 지게차 운전 및 물류 이송 - 자재 적치 및 정리 - 재고 관리 및 현장 관리 [지원자격] - 학력 고졸 이상 - 전공 무관 - 경력 무관 [필수자격] - 지게차운전기능사 보유자 (건설기계조종면허 보유자) [근무정보] - 임금 회사 내규 - 정규근무시간 주간근무 - 고용형태 정규직 (수습 3개월) - 근무지 한국카본 2공장 (경남 밀양)
311162,방송미디어통신위원회,2026년 크리에이터 글로벌 파트너십 구축 지원 사업 참가팀 모집 공고,,,,"해외연수, 전시기회 | 기타","2026년 크리에이터 글로벌 파트너십 구축 지원 사업 참가팀 모집 공고 ● 참가 자격 - 글로벌 비즈니스 확장을 희망하는 국내 크리에이터 10팀 - 대표 채널 1년 이내 업로드 영상 수 10개 이상 - 온라인 비디오 공유 플랫폼 내 채널 구독자·팔로워 수 50만 명 이상 (신청일 기준) ※ 구독자·팔로워 수는 단일 채널을 기준으로 평가함 (플랫폼 종류 무관) ※ 거주지·나이·소속 등에 제한 없으나, 사회적 문제를 야기할 수 있는 콘텐츠는 지원 제한 ● 공모 주제 - 세계 최대 규모의 라이선싱 엑스포 참가 및 글로벌 브랜드와의 비즈 매칭 지원 - 글로벌 협업 브랜드 분야 - 뷰티, 키즈/캐릭터, 엔터, 푸드, 교육, 패션, 테크, 스포츠, 관광/여행 기타 등등 ● 공모 일정 - 접수기간 : 2026. 3. 24 (화) ~ 4. 13 (월) - 평가기간 : 2026. 4. 16 (목), 10:00 ~ 18:00 (예정) - 평가장소 : 마곡 크리에이터미디어콤플렉스 3층 회의실 ● 접수 방법 - 운영 사무국 kcg@adoba.net로 이메일 접수 ● 심사 기준 - 신청서 서면평가 및 사업 참여계획 발표를 기반으로 대면평가 진행 - 평가 항목 : 콘텐츠 경쟁력 · 글로벌 협업 가능성 · 참가자 전문성 ● 문의 사항 - 02-6952-0409, kcg@adoba.net"
311160,골든래빗,"[무료 온라인 스터디 모집][ITQ(한글, 파워포인트, 엑셀) 2기] 5/9 시험 대비 4주 완성반",,,기타,사은품 지급 | 실무 교육,"○ 모집개요 ""ITQ, 그거 초등학생도 따는 쉬운 시험 아냐?"" 라고 생각하다가 막상 기출문제 펴보고 한숨 쉬고 계신 분? ‍️‍️ 맞습니다. ITQ는 머리가 좋고 나쁘고의 문제가 아닙니다. 오직 '엉덩이'와 '손가락(타자 속도)', 그리고 '반복 연습'으로 승부 보는 시험입니다. ""내일 해야지"", ""시험 전날 기출 몇 개 돌리면 되겠지"" 하다가, 시험장 가서 60분 타임오버로 멘붕 오기 딱 좋죠. [아래한글] 오타 잡고, 들여쓰기 맞추고, 표 만들다 보면 60분 순삭 ️ [엑셀] IF, VLOOKUP 함수 쓰다가 괄호 하나 잘못 닫아서 #N/A 에러창과 눈싸움 [파워포인트] 문제에 나온 저 요상한 도형 찾느라 모니터 뚫어져라 시력 검사하는 기분 혼자 하면 한없이 미루게 되고 지루한 이 자격증 공부... 저희 스터디에서 '강제성'을 부여해 드립니다. 복잡한 이론 공부? 안 합니다. 타이머 딱 60분 켜놓고, 기계처럼 기출문제 풀어내서 'A등급' 커트라인만 여유롭게 넘기는 게 우리 목표입니다! 스터디 목표: 하루 1~2시간 꾸준한 투자로 all A 단기 합격! 이런 분이라면 꼭 오세요! - 엑셀의 '엑'자, 함수의 '함'자만 봐도 뇌 정지 오는 컴알못/쌩초보 - 혼자서는 도저히 기출문제 1회분 진도가 안 나가는 의지박약형 ️ - 초보자 시선에서 막히는 기능(도형 찾기, 차트 등)을 쉽게 알려줄 동료가 필요한 분 - 응시료 6만 원(3과목 기준), 아까운 내 돈 치킨 3마리 값 날리기 싫은 분 ○ 기간 및 일정 - 모집 기간: ~ 4/12(일) - 스터디 기간: 4/13(월) ~ 5/8(금) ○ 지원자격 - <2026 빠르게 따는 ITQ> 도서 구매자 ○ 모집인원 - 제한 없음 ○ 활동내용 - 매일 정해진 분량(커리큘럼 참고) 학습 후 인증글 작성(학습한 사진 첨부 必) 예시) 제목: [ITQ] 온라인스터디 1일차 인증 총 26일차까지 작성(꼭 당일에 작성하지 않더라도 마지막 일차날까지 1~26일차를 모두 작성하시면 됩니다.) - 시험 전날 '합격 PDF' 받고 시험장에서 마무리 확인 후 합격하기 ○ 접수방법 - 구글폼 바로가기 ○ 혜택내역 - 도서 따라 하기 및 집중 트레이닝 강의 - 실전 대비를 위한 저자의 기출 및 모의고사 해설 강의 - 카톡방 운영을 통한 저자 Q&A 상시 답변 + 매일 진도 알림 - 엑셀 집중 트레이닝 함수 실습 문제 제공 - (성실 참여자) 시험장에서 마무리를 위한 '합격 요점 PDF' 제공 ○ 유의사항 - 꼭 참여하실 수 있는 분만 지원 바랍니다."
311159,에스케이플라즈마,[SK플라즈마] 안동공장 혈액제제 정제 및 공정관리 신입(전환형 인턴) 모집,INTERN,,,,"[SK플라즈마] 안동공장 혈액제제 정제 및 공정관리 신입(전환형 인턴) 모집 [모집직무] 제조 [담당업무] 혈액제제 단백질 정제 및 공정 관리 생산장비 관리 SOP 및 GMP 문서 업무 [자격요건] 학력: 학사 이상 (졸업 예정자 및 취업계 사용 가능자 지원 가능) 전공: 생명공학,화학공학,화학,생물,미생물계열 등 관련학과 경력: 무관 [우대사항] GMP 생산 경험자"
311156,BGF에코머티리얼즈,[BGF에코머티리얼즈] 화성생산팀 생산직 채용 (화성),NEW,"화성생산팀 생산직 | 화물/중장비 | 무역/유통 | 포장/가공 | 생산/제조 | 제조/가공 | 포장 | 1. 지원동기와 입사 후 회사에서 이루고 싶은 꿈은 무엇인가요? | 2. 지원한 직무를 위해 필요한 역량은 무엇이라고 생각하며, 이 역량을 갖추기 위한 노력이나 자신만의 특별한 경험을 작성해 주세요. | 3. 다른 지원자 대비 본인만의 '차별화된 강점'과 '보완해야 할 약점'에 대해 사례를 들어 구체적으로 기술해 주세요. | [BGF에코머티리얼즈] 화성생산팀 생산직 채용 (화성)",,,"[BGF에코머티리얼즈] 화성생산팀 생산직 채용 (화성) ■ 담당업무 · 플라스틱 압출, 배합 등 ■ 근무시간 · 2조2교대(주/야), 주 5일 ■ 지원자격 · 학력: 고등학교 또는 전문대학(2,3년제) 졸업자 · 경력: 무관 ■ 우대 사항 · 플라스틱 압출/배합 경력자 · 지게차 운전기능사"
311155,(사) 점프,[SBS 희망TV X 사단법인 점프] 청산 희망업 프로젝트 청년 봉사단 모집 (~4/5 (일)까지),,,멘토링/수업 진행 경험 | 휴학 중/시간 투자 가능 | 기타,활동비 | 전문가/임직원 멘토링,"1. 사업 개요 1) 사업명: 청산 희망업 프로젝트 2) 주관기관 : SBS희망내일위원회, 사단법인 점프 3) 사업 목적 : 지역은 인구 감소와 고령화로 인해 돌봄 및 교육 영역에서 인적 자원이 부족한 상황입니다. 본 사업은 청년이 일정 기간 인구소멸 지역인 옥천군 청산면에 거주하며 지역 주민과 아동·청소년을 위한 봉사활동을 수행해 사회문제를 해결하는 것은 목적으로 합니다. ※ 청산 희망업 프로젝트 봉사단원으로 선발되실 경우 참여자의 주요 활동은 SBS 희망TV, 희망TV SBS 세상에서 가장 아름다운 여행 등 관련 연구와 홍보 목적으로 사용됩니다. 4) 사업 기간: 2026년 4월 ~ 2026년 12월 (9개월) 5) 활동 지역: 충청북도 옥천군 청산면 일대 2. 주요 활동 1) 마을 주민 및 어르신 봉사 ▶️ 경로당 생활 지원 – 밑반찬 배달, 건강 프로그램 등 ▶️ 마을 심부름센터 – 장보기, 구매 대행, 체육센터/병원 이동지원 등 ▶️ 마을 행사 지원 및 참여 ▶️ 농사 및 공동체 활동 지원 ▶️ 주민 인터뷰 및 기록 프로젝트 ▶️ 그 외 주민 요청 기반 생활 봉사 2) 미래세대 교육 봉사 활동 ▶️ 청산지역아동센터 및 청산 초중고등학교 연계 활동 ▶️ 방과후 학습 지도 ▶️ 방과후 정서 및 진로 멘토링 ▶️ 예체능 활동 (특기자) ▶️ 아동 및 청소년 귀가 지원 ▶️ 진로진학 박람회 지원 등 3. 모집 개요 1) 모집 대상 ✅ 만 19세 이상 만 39세 이하 ✅ 활동기간 내 전일제 활동 가능자 ✅ 공동체 활동에 관심 있는 자 2) 모집 인원: 청년 봉사단 ○명 3) 우대 사항 ✅ 운전 가능자 ✅ 예체능 관련 전공자 ✅ 지역사회 및 봉사활동 경험자 ✅ 충북 옥천 및 인근 지역 거주자 4) 지원 제한 ※ 다음에 해당하는 경우 참여가 제한될 수 있음 ✅ 아동청소년 관련 범죄 경력자 ✅ 봉사활동 수행이 어려운 자 ✅ 기타 사업 취지에 부합하지 않는 경우 4. 지원 내용 1) 재정지원 ✅ 활동 지원금: 월 150만원 ✅ 정착 지원금: 45만원 (1회) 2) 비재정지원 ✅ 숙소 연계: 청산면 내 단독주택, 원룸 연계 (월세 참가자 자부담) ✅ 차량 지원: 봉사단 활동용 공동 차량과 유류비 제공 ✅ 보험: 단체 상해보험 가입 3) 역량 강화 프로그램 ✅ 점프 사회인 멘토단 멘토링 ✅ SBS PD/작가 멘토링 ✅ 온오프라인 교육 및 멘토링 프로그램 4) 해외 탐방: 참여자 전원 활동 종료 후 일본 지역활성화 사례 탐방 5) 커리어 지원 ✅ 점프 채용 지원 시 서류 면제 ✅ YBM 온라인 어학 강의 무료제공 ✅ 취업준비 시 무이자 대출 (취업 후 상환조건) 5. 신청 방법 1) 신청 기간: 2026년 3월 18일(수) ~ 2026년 4월 5일(일) 2) 신청 방법: 온라인 지원서 제출 (※ 지원 링크: https://ko.surveymonkey.com/r/hopeup ) 6. 선발 일정 구분 일정 모집 기간 2026년 3월18일(수) ~ 4월5일(일) 온라인 설명회 (완료) 1차: 3/23(월) 오후 7시 2차: 3/30(월) 오후 7시 서류 합격 발표 4월6일(월) 개별통지 1차 면접* 4월9일(목) @SBS 목동사옥 2차 면접 및 OT** 4월11일(토)~12일(일) 1박 2일 @청산면 일대 최종 발표 4월13일(월) 활동 시작 2026년4월 중 *1차면접: 지역 거주자 및 현직자 등 필요시 온라인 및 야간 면접 가능 ** 2차면접: 1박2일 진행되며 현장 필수참석 ※ 온라인 설명회 참여를 희망하시는 분들은 아래 링크를 통해 신청해 주시기 바랍니다. ▶ 온라인 설명회 참여신청 링크: https://bit.ly/hopeup_introduction 7. 유의사항 ✅ 상기 전형 일정은 주최 측 사정에 따라 일부 변경될 수 있으며, 변경 시 사전에 개별 고지 또는 공지사항을 통해 안내해 드립니다. ✅ 청산 희망업 프로젝트 봉사단원으로 선발되실 경우 참여자의 주요 활동은 SBS 희망TV, 희망TV SBS 세상에서 가장 아름다운 여행 등 관련 연구와 홍보 목적으로 사용됩니다. ✅ 모든 지원자는 공고문의 모집 세부 사항 및 활동 조건을 반드시 확인해야 하며, 미숙지로 인해 발생하는 불이익은 지원자 본인에게 책임이 있습니다. ✅ 접수 기간 종료 후 제출된 신청서 및 서류는 수정이나 보완이 일체 불가합니다. ✅ 신청서 및 증빙 서류의 내용이 허위로 판명될 경우, 선발이 확정된 이후라도 봉사단원 자격이 즉시 취소되며 지급된 비용은 전액 환수될 수 있습니다 8. 문의 사단법인 점프(JUMP) 이메일: info@jumpsp.org | 전화: 02-2088-6366"
311154,한국직업능력교육원,"국내 유일 MCU(STM32, ESP32) 임베디드&펌웨어 학원 국비지원 부트캠프_로봇팔/자율주행차/스마트팜&팩토리 포트폴리오",,,,,"기숙사 신청으로 국민취업지원제도 1유형을 만들어, 사라진 전액 100% 국비지원 받고, 훈련장려금 20만원+국취제 1유형 60만원 = 매달 800,000원 지원 받으며 임베디드 취업교육 받아보세요. ﻿ 모집개요 교육기간 2026.04.06(월)~2026.10.30(금) (6개월) ::개강일정은 변동 될 수 있으며, 3개월 주기로 상시 개강하니 예약도 가능합니다. 교육시간 월-금 09:00~17:40 훈련수당 국취제도 연계 시 최대 70만원 지원 지원자격 취업/이직 희망자, 학력, 경력이 전혀 없더라도 누구나 참여 가능 취업분야 IOT 개발자 / 임베디드&펌웨어 전문가 / 스마트팜 창업 신청절차 신청폼 작성 > 인터뷰 > 최종합격 교육장소 안산(4호선 중앙역 도보 5분)::기숙사 보유 안산 한국직업능력교육원 AI사물인터넷 MCU기반(STM32, ESP32) 임베디드 펌웨어 전문가 양성 요즘 취업 시장에서 자주 듣는 말이 있습니다. “이론만 아는 개발자는 많다. 그런데 하드웨어까지 이해하는 개발자는 없다 .” 그 차이를 만드는 직무가 바로 임베디드 펌웨어 개발자 입니다. 임베디드와 펌웨어, 쉽게 설명하면? ✔ 임베디드(Embedded)란, 냉장고, 세탁기, 스마트워치, 공장 자동화 장비, 무인 키오스크처럼 제품 안에 숨어서 기능을 제어하는 작은 컴퓨터 를 말합니다. ✔ 펌웨어(Firmware)는, 그 임베디드 기기를 움직이게 하는 두뇌 역할의 소프트웨어 입니다. 버튼을 누르면 화면이 켜지고, 센서가 값을 읽어오고, 네트워크로 데이터를 보내는 모든 동작이 펌웨어 코드로 만들어집니다. 즉, 임베디드/펌웨어 개발자는 “사람 눈에는 보이지 않지만, 세상의 모든 스마트 기기를 실제로 움직이게 하는 개발자” 라고 보면 됩니다. 이 과정이 특별한 이유 – MCU 실무 중심 이 교육은 STM32, ESP32 MCU 기반 실습 으로 진행됩니다. 스마트워치처럼 동작하는 IoT 기기 만들기 센서 값 수집 → 서버 전송 → 앱에서 확인 실시간 객체 추적, 얼굴 인식, 영상 처리 프로젝트 수행 단순한 코딩 수업이 아니라, 보드에 직접 코드를 올리고, 실제로 동작하는 결과를 눈으로 확인하는 실무형 교육 입니다. 비전공자도 가능한 이유 “전기·전자 ·IT 전공이 아니어도 가능할까요?” 이 과정의 실제 수료생 상위권 학생분들의 다수가 비전공자 출신 입니다. C언어 기초부터 차근차근 Python을 활용한 AI 프로그래밍 OpenCV 영상 처리, 객체 인식 실습 리눅스, MySQL, 네트워크까지 체계적으로 구성 언어 → 실습 → 프로젝트까지 이어지는 구조라 컴퓨터 처음 만져본 분도 따라갈 수 있게 설계된 커리큘럼 입니다. 전국 어디서든 참여 가능한 기숙사 운영 안산 캠퍼스에서 운영되지만, 1인 1실 원룸형 기숙사 제공 으로 제주, 강원, 부산 어디서든 부담 없이 참여할 수 있습니다. 거리나 거주지에 대한 걱정 없이 오직 공부에만 집중할 수 있는 환경 이 만들어집니다. 상담신청 및 등록문의 https://naver.me/FG794pnA 실습 프로젝트 예시 얼굴 인식 시스템 구축 실시간 객체 추적 프로그램 이미지 필터링·변환 프로그램 개발 IoT 센서 데이터 수집 및 서버 연동 이 모든 프로젝트가 취업 포트폴리오 로 활용됩니다. 임베디드 개발자의 현실적인 취업 경쟁력 MCU 기술 보유자와 미보유자의 연봉 차이는 평균 500만 원 이상. 기업에서는 “임베디드 보드를 만져본 사람” 을 가장 먼저 찾습니다. 스마트팩토리, 스마트홈, 자율주행, 국방·방산, 산업자동화까지 취업 분야가 끊임없이 확장되는 직무 입니다. 안산 한국직업능력교육원을 추천하는 이유 30년 경력 프로그래밍 강사 & 전자공학 박사 직강 언어·실습·실전 프로젝트까지 균형 잡힌 교육 개별 상담, 취업 코칭, 수료 후 사후관리까지 전담 지원 국내외 6,000여 개 기업과 연계 된 취업 네트워크 운영 지금이 기회입니다 임베디드와 펌웨어는 AI 시대에 절대 사라지지 않는 기술 직무 입니다. 비전공자도, 고졸도, 지역 상관없이 안산 한국직업능력교육원의 [AI사물인터넷 MCU기반 임베디드 펌웨어 전문가 과정]으로 당신만의 확실한 취업 무기 를 만들어 보세요. 상담신청 및 등록문의 https://naver.me/FG794pnA"
311153,메가존클라우드,[메가존클라우드] [신입/경력] 데이터 사이언티스트 채용 (RapidMiner 기반 머신러닝 모델링),"NEW, EXPERIENCED",,,,"[메가존 클라우드 ] [신입/경력] 데이터 사이언티스트 채용 (RapidMiner 기반 머신러닝 모델링) [담당업무] * RapidMiner Studio를 활용한 엔드투엔드(End-to-End) 데이터 분석 프로세스 설계 * 비즈니스 지표 예측 및 이상 탐지(Anomaly Detection) 모델 개발 및 최적화 가능 [지원자격] * 통계학, 컴퓨터공학, 산업공학 등 관련 학위 소지자 * 머신러닝 알고리즘(회귀, 분류, 군집화 등)에 대한 깊은 이해 보유자 [우대사항] * SPoC및 Pre-Sales 경험자 * RapidMiner의 오퍼레이터(Operators) 및 프로세스 최적화 숙련자 * 제조, 금융 등 특정 도메인 데이터 분석 프로젝트 경험자"
311152,메디쿼터스,[메디쿼터스] [헬스: 락티브(LACTIV)] 패키지 디자이너,CONTRACT,패키지 디자이너 | 광고/시각디자인 | 디자인 | 제품/산업디자인 | 시각디자인 | 광고디자인 | 디지털디자인 | 영상디자인 | 포스터디자인 | 제품디자인 | 산업디자인 | 패키지디자인 | 포장디자인 | 가구디자인 | 자유양식 입니다. | [메디쿼터스] [헬스: 락티브(LACTIV)] 패키지 디자이너,,,"[메디쿼터스] [헬스: 락티브(LACTIV)] 패키지 디자이너 [담당 업무] - 건강기능식품 브랜드 패키지디자인 및 기타 브랜드 디자인 (락티브, 바이탈헬스, 데이랩 등) - 패키지 표기사항 수정 및 리뉴얼, 광고심의서 제작 - 지류 인쇄물 제작/광고물 배너, POP 등 리플릿 기타 지류 관련 업무 - 부자재 업체 관리 및 인쇄감리 - 패키지 제작물에 대한 품질 관리 및 자재 스펙&단가 관리&지기구조 변경 등 [자격 요건] - 건강기능식품 패키지 디자인 경력자 - 포토샵, 일러스트 등 디자인툴 관련능숙자 - 패키지, 지기구조에 대한 이해도가 높으신 분 - 인쇄 제작물에 대한 경험이 있으신 분 - 해외여행에 결격사유가 없는 분 - 남성의 경우 병역 의무를 마치거나 면제된 분 [우대 사항] - 건강기능식품 패키지 디자인 경력자 - 포토샵, 일러스트 등 디자인툴 관련 능숙자 - 패키지 지기구조에 대한이해도가 높으신 분 - 신규 디자인은 주니어급이어도 업체간 커뮤니케이션 이해도가 높으신 분"
311151,한국정보교육원,"비전공자/고졸 IT개발취업, 의지만 있다면 누구나 IT취업 도전 [최근 취업률93.3%]",,,,,"﻿ 웹 개발자 전망과 신입 취업 준비 방법은? “AI가 다 해준다는데, 이제 웹 개발자는 끝난 거 아니에요?” 요즘 상담을 하다 보면 가장 많이 듣는 질문 중 하나입니다. 실제로 AI, 클라우드, 데이터 직무가 각광받으면서 웹 개발자라는 직무가 상대적으로 덜 주목받는 것처럼 보이기도 합니다. 하지만 현업 채용 시장을 조금만 들여다보면 이야기는 전혀 다릅니다. 기업의 서비스는 여전히 웹 기반 으로 운영되고 있고, AI 역시 웹 서비스 안에서 구현되고 배포됩니다. 다시 말해, AI와 클라우드를 다룰 수 있는 웹 개발자 는 오히려 이전보다 더 명확한 수요 를 갖는 직무가 되고 있습니다. 문제는 “웹 개발자”라는 이름만으로는 부족하다는 점입니다. 이제 기업이 원하는 신입은 단순히 화면을 만들 수 있는 사람이 아니라, 생성형 AI를 활용해 기능을 구현하고, 클라우드 환경에서 서비스까지 배포할 수 있는 인재 입니다. 그렇다면 신입 웹 개발자는 어떻게 준비해야 할까? 비전공자나 입문자 입장에서 가장 어려운 부분은 방향 설정입니다. 독학으로 HTML이나 JavaScript를 조금 공부해도, “이게 취업으로 이어질 수 있을까?” 라는 불안이 계속 따라옵니다. 실제 신입 채용에서 기업이 보는 기준은 명확합니다. 웹 서비스의 전체 구조를 이해하고 있는지 프론트엔드와 백엔드를 연결해 본 경험이 있는지 AI API를 활용한 기능 구현 경험이 있는지 클라우드 환경에서 배포와 운영을 해봤는지 이런 요소들은 단편적인 공부로는 채우기 어렵습니다. 그래서 최근에는 국비지원 풀스택 개발자 과정 을 통해 처음부터 체계적으로 준비 하는 경우가 많아졌습니다. 생성형 AI + 풀스택 + 클라우드, 왜 함께 배워야 할까? 요즘 기업 서비스는 단순한 웹페이지가 아닙니다. 챗봇, 추천 시스템, 자동화 기능처럼 생성형 AI가 포함된 웹 서비스 가 기본이 되고 있습니다. 여기에 그치지 않고, 완성된 서비스를 클라우드 환경에 배포하고 운영할 수 있는 능력 까지 요구됩니다. 한국정보교육원의 풀스택 개발자 국비지원 과정은 이 흐름을 그대로 반영합니다. Java 기반의 백엔드, HTML·CSS·JavaScript·React를 활용한 프론트엔드, 그리고 Docker·Cloud를 활용한 배포 환경까지 단계적으로 학습합니다. 여기에 생성형 AI(LLM API, RAG 구조)를 웹 서비스에 직접 연동해보는 프로젝트까지 포함되어 있어, “AI를 이해하는 웹 개발자”가 아니라 AI를 실제로 쓰는 개발자 를 목표 로 합니다. ​ ﻿ 상담신청 및 등록문의 https://naver.me/x9BbSuAp 한국정보교육원이 주목받는 이유, BHA란? 이 지점에서 많은 분들이 궁금해합니다. “국비지원 학원은 다 비슷한 거 아닌가요?” 여기서 중요한 기준이 바로 BHA(Best HRD Academy) 입니다. BHA는 단순히 오래된 기관에 주어지는 인증이 아닙니다. 취업률, 교육 품질, 훈련생 만족도, 커리큘럼의 산업 적합성, 취업 지원 체계 등을 종합적으로 평가 해 부여되는 고용노동부 최상위 직업훈련 인증입니다. 한국정보교육원은 이 BHA 인증을 5년 연속 유지 해온 부트캠프이며, BHA를 한번 받는데도 전국 3,500여 개 국비교육기관 중에서도 IT분야로는 단 3곳만 해당됩니다. 여기에 더해 K-디지털트레이닝 우수성과기관 으로도 선정되며, 단기 성과가 아닌 지속적인 교육·취업 성과 를 인정받고 있습니다. 한국정보교육원을 선택해야하는 이유 1. 고용노동부 최상위 BHA인증 직업훈련기관 2. KDT우수성과기관 선정 3. 5년 연속 우수훈련기관/BHA 선정 4. 직업능력심사평가원에서 장관상 수여 5. 950+ 취업처 보유 선배 수료자 간담회, 생각보다 큰 차이를 만든다 이 과정의 또 하나의 특징은 취업에 성공한 선배 수료자들과의 정기 간담회 입니다. 여기서는 교과서적인 이야기보다 훨씬 현실적인 조언이 오갑니다. 한국정보교육원에서 어떤 것을 배웠으며, 취업지원 및 취업연계에 어떤 도움을 받았는지 비전공자로 시작했을 때 가장 힘들었던 구간 실제 기업 면접에서 받았던 질문 수업 중 어떤 부분이 현업에서 도움이 되었는지 첫 회사에서 맡게 된 업무와 적응 과정 이런 이야기를 직접 들으면, 막연했던 “개발자 취업” 이 구체적인 경로로 바뀌기 시작합니다. 단순히 공부를 잘하는 것이 아니라, 어떻게 준비해야 취업으로 연결되는지 를 체감 하게 되는 순간입니다. ​ ﻿ 상담신청 및 등록문의 https://naver.me/x9BbSuAp 웹 개발자 전망, 결국 선택의 문제다 웹 개발자라는 직무 자체가 사라지는 일은 없습니다. 다만, 어떤 역량을 갖춘 웹 개발자인가 에 따라 기회는 크게 달라집니다. 생성형 AI를 활용할 줄 알고, 클라우드 배포까지 경험한 신입이라면 이야기는 완전히 달라집니다. 국비지원이라는 제도를 제대로 활용해, 방향이 분명한 커리큘럼과 검증된 교육기관에서 준비하는 것. 그것이 지금 시점에서 가장 현실적인 선택 일 수 있습니다. 조금이라도 궁금하다면, 상담을 통해 본인에게 맞는 과정인지 확인 해보는 것부터 시작해보셔도 좋겠습니다. 결정을 미루는 동안에도, 채용 시장은 계속 움직이고 있으니까요. ​ ﻿ 상담신청 및 등록문의 https://naver.me/x9BbSuAp ​ ﻿ 상담신청 및 등록문의 https://naver.me/x9BbSuAp ﻿"
311150,한국핀테크지원센터,은행/금융IT 핀테크 100% 연계 기업 인턴십 기회 [핀테크 풀스택개발] 온/오프라인 혼합 부트캠프,,,,,"﻿ 금융IT 핀테크 100% 연계 기업 인턴십 기회 [핀테크 풀스택개발] 온/오프라인 혼합 부트캠프 핀테크 개발자에게는 핀테크 도메인 맞춤 역량이 중요합니다. IT 대기업 전문가의 노하우로 '탄탄한 개발 기본기'를 다지고, 핀테크 기업 연계 프로젝트로 '현업 도메인 지식'까지 확실하게 갖추세요. ✨ 핀테크 취업 경쟁력을 완성하는 핵심 포인트 📌 국내 대표 핀테크 기업과 함께하는 실무 중심 커리큘럼 📌 핀테크 기업과 함께하는 기업 연계 프로젝트 📌 매월 진행하는 핀테크 현직자 멘토링 📌 전문 상담사의 1:1 맞춤형 취업 컨설팅 수업 상세 수업 방식 : 실시간 온라인 & 오프라인 교육 이론수업 - 실시간 비대면 강의 프로젝트 - 매칭된 기업 현장에서 실무 역량강화 기간 및 일정 모집 기간 : 26. 03. 11(수) - 26. 04. 19(일) 교육 기간 : 26. 04. 28(화) - 26. 11. 02(월) 약 6개월 / 약 3달 주기로 개강 예정_다음 기수 예약 가 지원 자격 (필수) 국민내일배움카드를 보유하고 있거나 발급 가능한 분 훈련과정에 적극 참여할 수 있는 높은 학습 의지를 가진 분 상담 및 등록 신청 https://naver.me/GuCiwquT 상담 및 등록 신청 https://naver.me/GuCiwquT"
311149,광주시문화재단,제24회 퇴촌토마토축제 표어(슬로건) 공모전,,,,기타,"제24회 퇴촌토마토축제 표어(슬로건) 공모전 ✔️공모내용 제24회 퇴촌토마토축제의 주제를 표현할수 있는 표어 문구 ✔️ 공모기간 2026. 3. 23.(월) ~ 4. 1.(수) ✔️ 참가대상 누구나 참여 가능(1인당 1개) ✔️ 접수방법 양식 작성 후 이메일 접수 gccf_fe@naver.com ※ 재단 시스템상 Gmail은 스팸처리되오니, 가급적 다른 사이트 메일을 이용하시기 바랍니다. ✔️ 제출서식 퇴촌토마토축제 표어[슬로건] 공모 제출서류 및 개인정보 제공 및 확인동의서 ✔️ 당첨자 발표 2026. 4월중 개별통지 (당첨자 발표 기간은 변동될 수 있음) ✔️ 시 상 - 1등 대 상(1명) 모바일 상품권 30만원 - 2등 최우수상(1명) 모바일 상품권 10만원 - 3등 우 수 상(2명) 모바일 상품권 5만원 ✔️ 유의사항 - 1인 1건 제출 가능 - 1인 중복수상 불가 - 타 공모전 수상작 또는 표절 작품은 심사 제외 - 수상작의 저작재산권은 광주시문화재단에 귀속 - 동일/유사 작품 접수 시 먼저 접수된 작품 인정 - 공모작은 반환하지 않음 ✔️ 문 의 광주시문화재단 풀뿌리문화2팀 031-789-5748"
311148,goorm,은행IT 개발자 금융IT 핀테크 인턴십 프로젝트 국비지원 온/오프 [핀테크 서비스 기획자] 부트캠프,,,,,"은행IT 개발자 금융IT 인턴 프로젝트 국비지원 온/오프 [핀테크 서비스 기획자] 부트캠프 핀테크 개발자에게는 핀테크 도메인 맞춤 역량이 중요합니다. IT 대기업 전문가의 노하우로 '탄탄한 개발 기본기'를 다지고, 핀테크 기업 연계 프로젝트로 '현업 도메인 지식'까지 확실하게 갖추세요. ✨ 핀테크 취업 경쟁력을 완성하는 핵심 포인트 📌 국내 대표 핀테크 기업과 함께하는 실무 중심 커리큘럼 📌 핀테크 기업과 함께하는 기업 연계 프로젝트 📌 매월 진행하는 핀테크 현직자 멘토링 📌 전문 상담사의 1:1 맞춤형 취업 컨설팅 수업 상세 수업 방식 : 실시간 온라인 & 오프라인 교육 이론수업 - 실시간 비대면 강의 프로젝트 - 매칭된 기업 현장에서 실무 역량강화 기간 및 일정 모집 기간 : 26. 03. 11(수) - 26. 04. 19(일) 교육 기간 : 26. 04. 28(화) - 26. 11. 02(월) 약 6개월 / 약 3달 주기로 개강 예정_다음 기수 예약 가능 지원 자격 (필수) 국민내일배움카드를 보유하고 있거나 발급 가능한 분 훈련과정에 적극 참여할 수 있는 높은 학습 의지를 가진 분 상담 및 등록 신청 문의 https://naver.me/GuCiwquT 상담 및 등록 신청 문의 https://naver.me/GuCiwquT"
311147,LG생활건강,[LG생활건강] 전략담당 경력사원 채용,EXPERIENCED,전략지원 | 기획/전략/경영 | 경영/사무 | 사업기획 | 서비스기획/운영 | 신규사업/BD | 임원 (CEO/COO) | 전략기획 | 콘텐츠기획/운영 | M&A/타당성분석/사업제휴 | 당사 및 해당 직무에 지원하는 동기에 대해 기술해주시기 바랍니다. | [LG생활건강] 전략담당 경력사원 채용 | Market Intelligence | 설문/통계/리서치 | 전문/특수직 | 조사분석 | 통계 | 리서치 | 시장조사 | 사업개발,,,"[LG생활건강] 전략담당 경력사원 채용 [모집분야] - 전략기획 - 사업개발 - Market Intelligence - 전략지원 [지원자격] ▪ 학사 이상 학위 소지자 ▪ 해외여행에 결격사유가 없으며, 남성의 경우 병역 필 혹은 면제자 [전형절차] - 서류검토 > 1차 면접전형 > 인성검사 > 2차 면접전형 > 처우제한 & 채용검진"
311146,원주시,인구의 날 기념 '이야기가 있는 가족사진 공모전',,,,기타,"인구의 날 기념 '이야기가 있는 가족사진 공모전' ✔️공모기간 2026. 3. 19.(목)∼2026. 4. 17.(금) ✔️ 공모대상 공모에 관심 있는 대한민국 국민 누구나 ✔️ 공모내용 행복한 가족의 모습이 담긴 사진과 그날의 이야기 ✔️ 제출서류 - 사진 파일(JPG, JPEG) 1점 - (붙임1) 참가신청서 1부 - (붙임2) 개인정보 수집･이용 동의서 1부 *원주시 홈페이지 공고 내 붙임자료 참고 ✔️ 제출방법 이메일 제출( jara9204@korea.kr ) - 제출파일명: 이야기가 있는 가족사진 공모전 신청서(이름) - 제출기한: 공모 마감일인 2026년 4월 17일 18시 정각 ✔️ 심사절차 1차 심사(담당부서) 후 2차 심사 진행(인구정책위원회) ✔️ 심사기준 주제 부합도 30점, 창의성 30점, 공감도 20점, 완성도 20점 ✔️ 결과발표 2026. 6월 말 예정 ※ 심사일정에 따라 변동 가능 - 원주시 홈페이지 공고 게시 및 선정자 개별 통보 ✔️ 시상내역 최 우 수 : 1명, 50만 원 우 수 : 1명, 30만 원 장 려 : 2명, 각 10만 원 ✔️ 문 의 원주시 기획과 인구정책TF팀[ 033-737-2174, 2149]"
311145,kt cloud,KT클라우드 직접 설계한 커리큘럼으로 직접 주관하는 '클라우드 인프라' [실시간 온라인] 실무 국비교육,,,,,"모집 과정 웹 개발: 풀스택, 프론트엔드, 백엔드 인프라/혁신 기술: 생성형 AI, 사이버 보안, 클라우드 인프라 , 클라우드 네이티브 프로덕트 전문가: 프로덕트 디자인, 프로덕트 매니지먼트 본 글은 9종의 직무 중 [클라우드 인프라] 직무에 대한 글입니다. 다른 직무를 희망하시는 분은 문의로 남겨주시면 상담 해드리겠습니다. ﻿ 본 과정은 고용노동부가 주최하고 디지털선도기업인 kt Cloud TECH UP 에서 주관하는 K-디지털 트레이닝의 디지털선도기업아카데미 사업 으로 지원됩니다. 본 과정은 클라우드의 확장성과 안정성을 구축하는 인프라 전문가 과정이며 고용노동부에서 국비지원하는 취업교육 프로그램입니다. #클라우드운영 #IaC #비용최적화 #운영자동화 서울에만 집중 되어있는 대규모 대기업 국비지원 부트캠프에 참여하고 싶었지만 현실적인 거리, 경제적으로 참여하지 못한 분들은 집중해주세요! 전국 어디서나, 집에 PC나 테블릿이 오래되서 걱정되셔도 문제 없습니다. 참여자 전원에게 학습용 노트북 무상 대여 ! ﻿ 모집개요 모집과정 클라우드 인프라 전문가 과정 교육비용 19,166,400원 자비부담금 60만원 18,566,400원 국비지원 교육일정 26.05.12 (화) - 26.12.08 (화) 교육시간 월~금 09:00~18:00 ( 비대면실시간강의) 수업방식 100% 온라인 - 비대면 실시간 수업방식 지원자격 ✔️초보자, 비전공자, 전공자 ✔️클라우드 분야 취업 희망자 신청기간 선착순마감(선발합격 기준) 과정소개 📌 안정적인 환경을 설계하고 확장 가능한 기반을 만드는 길 {국내 최고 수준의 클라우드 인프라}를 만든 기술 노하우를 미래 클라우드 인프라 전문가에게 전수합니다. 📌 국내 최대 민간 GPU 클라우드 인프라 운영 경험 kt cloud는 국내 최대 규모의 민간 GPU 클라우드 인프라를 통해 대규모 연산과 안정적인 서비스 운영 노하우를 축적했습니다. 이 경험을 바탕으로 kt cloud와 AWS 환경을 모두 활용한 멀티 클라우드 운영 및 자동화 기술을 실무 중심으로 교육합니다. 📌 이런 분께 추천합니다 대기업 kt cloud 온라인 부트캠프에 참여하여 취업까지 성공하실 분 서울에만 밀집해 있는 대기업 부트캠프에 참여할 거리가 안되셨던 분 클라우드 인프라 및 시스템 엔지니어 지망생 인프라 자동화(IaC) 역량을 쌓고 싶은 개발자 하이브리드/멀티 클라우드 환경에 관심 있는 IT 전문가 참여희망 및 진로상담 https://naver.me/GkUU8Q64 ﻿ 상담 및 신청 문의 https://naver.me/GkUU8Q64 ﻿ 상담 및 신청 문의 https://naver.me/GkUU8Q64"
311144,한국직업능력교육원,기숙사有) DB보안 [비전공자/고졸] 국비지원 교육과정 AI활용으로 정보보안 취업,,,,,"기숙사 신청으로 국민취업지원제도 1유형을 만들어, 사라진 전액 100% 국비지원 받고, 훈련장려금 20만원+국취제 1유형 60만원 = 매달 800,000원(+자부담금 면제) 지원 받으며 임베디드 취업교육 받아보세요. 모집개요 교육기간 2026.04.13(월)~2026.11.02(월) (6개월) [다음기수 2~3달 주기로 상시 개강(예약가능)] 교육시간 월-금 09:00~17:40 훈련수당 국취제도 연계 시 최대 80만원 지원 지원자격 취업/이직 희망자, 학력, 경력이 전혀 없더라도 누구나 참여 가능 취업분야 DB전문가, DB보안, 정보보안엔지니어, 사이버보안전문가, 정보보안관제, 서버보안, 서버엔지니어, 네트워크엔지니어 신청절차 신청폼 작성 > 인터뷰 > 최종합격 ㅡㅡㅡㅡㅡㅡㅡㅡㅡㅡㅡㅡㅡㅡㅡㅡㅡㅡㅡㅡㅡㅡㅡㅡㅡㅡㅡㅡㅡㅡㅡㅡㅡㅡㅡㅡㅡㅡㅡㅡㅡㅡㅡㅡㅡㅡㅡㅡㅡㅡㅡㅡㅡㅡㅡㅡㅡㅡㅡㅡㅡ “비전공자라서 IT는 어렵다.” 많은 분들이 이렇게 생각합니다. 하지만 요즘 취업시장은 전공보다 실무역량 을 먼저 봅니다. 특히 사이버보안 분야는 인력 부족이 심각해, 기초부터 차근차근 준비한 비전공자도 충분히 진입할 수 있는 대표적인 직무입니다. [기숙사 보유] 경기 안산에 위치한 한국직업능력교육원 은 이러한 흐름에 맞춰, AI를 활용한 웹접근제어 기반 사이버보안 국비지원 교육과정 을 운영하고 있습니다. 이 과정은 단순 이론 위주의 보안 수업이 아니라, AI와 결합된 최신 보안 트렌드를 현업 중심 으로 익히는 실무형 부트캠프입니다. 왜 사이버보안에 AI가 필수가 되었을까? 과거 보안은 방화벽, 서버 관리 정도로 끝났습니다. 하지만 이제는 수십만 건의 로그와 트래픽을 사람이 일일이 분석하는 시대가 아닙니다. 최근 보안 솔루션들은 AI 기반으로 웹 접근 패턴을 분석하고, 비정상 트래픽이나 공격 징후를 자동으로 탐지·차단합니다. 정부 역시 디지털 전환 정책 에 맞춰 사이버보안 인력 양성 예산을 지속 확대 하고 있으며, 금융·공공·제조·플랫폼 기업 모두 보안 인재 확보에 사활을 걸고 있습니다. 지금 이 분야를 준비하면, 취업시장에서 경쟁자가 아닌 희소 인재 로 평가 받을 수 있습니다. 비전공자도 가능한 커리큘럼 이 과정의 가장 큰 장점은 대학교 1학년 수준의 기초부터 시작 한다는 점입니다. OSI 7계층, 네트워크 구조 이해 리눅스 기반 서버 구축 및 DB 구조 학습 C언어 기반 시스템 프로그래밍 Python 기반 AI 데이터 분석 AI 웹 로그 분석 및 접근제어 모델 설계 6개월 교육과정 중 시작은 완전 기초에서 시작해서 후반부에는 AI 머신러닝 기반 보안 프로젝트 를 통해, 웹접근제어 보안 솔루션 포트폴리오 를 완성 합니다. 실무 전문가 강사진 이 과정은 현업에서 직접 보안 솔루션을 개발하고 운영해온 10년 이상 실무 경력의 보안 전문가 강사진 이 전담합니다. 해외 IT기업 및 대기업 프로젝트 경험 을 가진 강사진이 실제 현장에서 사용하는 방식 그대로 수업을 진행하기 때문에, 수강생들은 단순 코딩이 아닌 현업 감각을 체득 할 수 있습니다. 취업까지 이어지는 체계적인 지원 한국직업능력교육원은 단순 교육기관이 아닙니다. 개별 상담을 통한 진로 설계 이력서·자소서 클리닉 모의면접 및 직무 맞춤 코칭 수료 후 6개월간 사후관리 국내외 6,000여 개 기업과 취업연계 를 통해 실제 채용으로 이어질 수 있도록 끝까지 지원합니다. 원거리 수강생을 위한 1인 1실 기숙사 운영 안산 외 지역 수강생도 걱정할 필요 없습니다. 교육원 인근에 1인 1실 원룸형 기숙사를 운영 하여, 제주도·지방 수강생들도 생활 부담 없이 학습에만 집중 할 수 있습니다. 숙소·주방·욕실까지 완비된 환경이라 장기 과정도 안정적으로 수료할 수 있습니다. 신청시 장점 프라이빗한 1인 1실 (1인실/2인실/4인실 운영) 숙소 비용 절감 훈련생만 이용하는곳으로 안전보장 기숙사 신청으로 국민취업지원제도 1유형을 만들어, 사라진 전액 100% 국비지원 받고, 훈련장려금 20만원+국취제 1유형 60만원 = 매달 800,000원(+자부담금 면제) 지원 받으며 임베디드 취업교육 받아보세요. 수료 후 진출 분야와 연봉 AI 보안 솔루션 개발자 Python 기반 보안 분석가 웹·DB 보안 엔지니어 서버·네트워크 보안 담당자 서버 엔지니어 네트워크 전문가 시스템 엔지니어 사이버보안관제 비전공자·신입 기준 평균 연봉 3,800만 원 이상 , IT 경력자의 경우 4,200만 원 이상 수준의 취업 사례가 이어지고 있습니다. 사이버보안은 더 이상 선택이 아닙니다. AI를 활용한 IT보안 전문가 취업 교육 , 지금 경기 안산 한국직업능력교육원에서 시작해보세요. ▼ ▼ ▼ ▼ ▼ 빠른 상담신청 ▼ ▼ ▼ ▼ ▼ https://naver.me/FG794pnA ▼ ▼ ▼ ▼ ▼ 빠른 상담신청 ▼ ▼ ▼ ▼ ▼ https://naver.me/FG794pnA"
311143,에스케이키파운드리,[SK키파운드리] TCAD 석사 신입 엔지니어 채용,NEW,,,,[SK키파운드리] TCAD 석사 신입 엔지니어 채용 [담당 업무] TCAD 환경 Setup 및 Calibration 업무 반도체 공정/소자 개발에 필요한 TCAD 기술 지원 이런 분과 함께 하고 싶습니다. [지원자격] 석사 학위 보유자 TCAD 활용 반도체 소자/공정 개발 경험 보유 석사 신입 지원자의 경우 포트폴리오 제출 필수 이런 경험이 있다면 더 환영합니다. [우대사항] 관련 프로세스 또는 업무 경험 보유자 어학 능력 우수자 (영어) 이러한 여정으로 진행됩니다. [전형절차] 서류전형 <필기전형(SKCT)< 면접전형 < 채용검진 < 최종합격
311142,Adobe 디자인툴 3대장 스터디,[Adobe 디자인툴 3대장] 일러스트레이터(Illustrator) 포토샵(Photoshop) 인디자인(InDesign) 스터디,,,,,"⚔️Adobe 디자인툴 3대장 스터디 🧊⚡️🔥 디자인의 균형을 지켜라 🧊'이미지의 아오키지' Photoshop 사진 보정부터 합성까지, 냉정한 감각으로 이미지를 재창조한다. ⚡️'벡터의 키자루' Illustrator 로고, 아이콘, 브랜딩 그래픽… 그의 펜툴은 언제나 빠르고 정확하다. 🔥'레이아웃의 아카이누' InDesign 페이지 하나하나에 생명을 불어넣는다. 잡지, 브로슈어, 포트폴리오까지 나의 업무역량을 레벨업 해줄 프로그렘 스터디를 진행합니다! ⚔️ 스터디 내용 - 실무형 과제 및 포트폴리오 제작 - 기본구조 및 레이어의 이해 →툴/스킬 습득 →적용하기 순으로 스터디 진행 - 매주 월수(오프라인) 토(온라인) 스터디 진행 *지원 현황에 따라 요일 및 시간 변동 가능성 有 🌊 모집 안내 - 전공/비전공 무관, 초보도 환영 - 준비물: 노트북, Adobe 프로그램 필수 - 포교활동/이성목적 금지 ⚔️지원서 : https://naver.me/5Otifk6Q"
311140,조달청,2026 공공조달데이터·AI 활용 창업경진대회,,,,기타,"2026 공공조달데이터·AI 활용 창업경진대회 📌접수일정 2026. 3. 20.(금) ~ 2026. 6.19.(금) 📌 참가부문 1. 아이디어 기획 2. 제품 및 서비스 개발 📌 참가자격 대한민국 국민 누구나 (개인 또는 4인 이하 팀) *참가자격 박탈 및 수상 불인정 사항 (수상 후에도 취소 가능) 1) 상용화되어 있는 과제를 결과물로 출품한 경우 2) 참가자 인적사항이 허위로 작성된 경우 3) 타 대회 수상작을 중복 출품하거나 내용이 유사한 경우 4) 「특허법」,「실용신안법」, 「저작권법」,「디자인보호법」, 「부정경쟁방지 및 영업비밀 보호에 관한 법률」에 위반한 아이디어 📌 신청방법 신청서류* 작성 후 이메일 접수 ( ad2424@korea.kr ) ​ 📌 대회일정 서류평가 (7월3일) 발표평가 및 시상(7월중) → 행정안전부 본선대회(9월~11월) 📌 시상내역 부문별 1팀(총 2팀)은 별도 조건 충족시 행정안전부 주최 본선진출권 부여 및 진출 대비 컨설팅 제공 - 대상 : 아이디어 기획 1팀, 80만원(본선 진출) / 제품 및 서비스 개발 1팀, 120만원(본선 진출) - 최우수상 : 아이디어 기획 1팀, 40만원 / 제품 및 서비스 개발 1팀, 60만원 - 최수상 : 아이디어 기획 2팀, 각 20만원 / 제품 및 서비스 개발 2팀, 각 30만원 📌 문 의 조달청 조달데이터관리팀 Tel. (042) 724-6340"
311138,IT국비취업교육센터,국내 유일 클라우드 BHA부트캠프 [AWS/KT/NHN] 모두 실습 클라우드엔지니어 취업학원,,,,,"한국정보교육원은 AWS·KT·NHN 국내외 대표 클라우드 기업의 인프라 환경 을 기반으로 한 실무 중심 교육기관 으로, 수많은 수료생을 IT 전문 엔지니어로 배출해왔습니다. 단순한 이론 강의가 아닌 실제 기업 환경과 동일한 인프라를 구축·운영해보며, 서버·네트워크·클라우드 시스템 전반의 실무를 직접 다루는 과정 으로 구성되어 있습니다. 이 교육의 가장 큰 차별점은, 한국정보교육원이 BHA(베스트훈련기관, Best HRD Academy) 인증을 받은 국내 유일의 클라우드 분야 교육기관 이라는 점입니다. 그중 IT분야는 단 3곳뿐이며, 그중 하나가 바로 한국정보교육원입니다. ※BHA는 고용노동부가 전국 5,000여 개 국비교육기관 중 취업률, 교육의 질, 강사진, 시설, 수료생 후기 등을 종합 평가해 IT분야로는 단 3곳만 선정하는 국가 최고 등급 인증 마크 입니다. 또한 한국정보교육원은 5년 연속 우수훈련기관 으로 선정되었으며, K-Digital Training(KDT) 우수성과기관 으로도 공식 인증받았습니다. 이러한 수상과 인증은 단순한 교육기관이 아닌, 취업성과와 실무역량을 모두 검증받은 국가대표 수준의 IT훈련기관 임을 증명합니다. 한국정보교육원의 클라우드 인프라 과정은 비전공자도 대학교 1학년 수준의 기초부터 배우며, 6개월 안에 AWS·KT·NHN 환경의 인프라 엔지니어, 서버운영자, 네트워크 관리자, 클라우드 아키텍트 로 취업할 수 있도록 설계되어 있습니다. 교육 중 실습 장비와 전용 클라우드 계정이 제공되며, 수료 후에는 950개 이상 협약 기업 의 취업연계 지원이 이루어집니다. 국내 클라우드 엔지니어 양성의 중심, BHA 인증기관 한국정보교육원 에서 누구나 가능했던 IT 커리어의 시작을 직접 경험해보세요. 25.01 수료생 취업률 94.7%, 25.07 수료생 취업률 100% 등을 기록하였습니다. 카운팅에 제외된 한명도 공기업 취업을 희망하여 '취업을 유예'한 것이므로 실질적 취업률 100%를 달성했다고 봐도 되는 성과였습니다. 상담신청 https://naver.me/x9BbSuAp ※고용24 홈페이지 발췌 상담신청 https://naver.me/x9BbSuAp"
311137,KT그룹희망나눔재단,KT 대학생 IT서포터즈 KIT 4기 모집,,,파워블로거/SNS | 멘토링/수업 진행 경험 | 콘텐츠 기획/제작 경험 | 컴퓨터 활용능력 | 리더십 | 휴학 중/시간 투자 가능 | 타 대외활동 경험 | 행사 기획 경험,활동비 | 전문가/임직원 멘토링,"■ KT 대학생 IT 서포터즈 KIT 란 ? KT 대학생 IT 서포터즈 KIT 는 KT 의 ‘K’ 와 ‘IT’ 를 결합한 이름으로 , 도서산간 지역 중학교를 방문해 교육 봉사 활동을 하는 대학생 봉사단입니다 . AI 윤리 교육을 진행하며 학습 동기 부여와 진로 멘토링을 제공하고 , 활동 과정에서 KT 임직원 및 전문가 교육과 피드백을 통해 디지털 교육 봉사 경험과 실무 역량을 함께 쌓을 수 있습니다 . KIT 활동 구경하기 ■ 모집기간 2026 년 3 월 30 일 ~ 2026 년 4 월 22 일 ■ 모집대상 수도권 지역 소재 대학교 재학생 (2~3 학년 ) 및 휴학생 ■ 모집분야 * 공통활동 * - 도서산간 지역 중학교 대상 찾아가는 AI 윤리 교육 봉사 활동 진행 - 중학생 대상 학습동기 부여 및 고민 해소를 위한 그룹 멘토링 ① 기획 부문 - AI 도구를 활용한 AI 윤리 교육 커리큘럼 개발 - 우대사항 : IT 관련 학과 전공자 , 교육 봉사 유경험자 ② 홍보 부문 - AI 윤리 커리큘럼 교안 기획 및 제작 - KIT 활동 홍보 콘텐츠 기획 및 제작 - 우대사항 : 전공무관 교육 봉사 유경험자 , 콘텐츠 제작 ( 이미지 , 영상 편집 등 ) 역량 보유자 ※ 본 활동을 위한 전문가 /KT 임직원 교육 및 피드백 제공 예정 ■ 활동혜택 - 활동비 지급 ( 인당 60 만원 ) - 우수 팀 자기계발비 지원 ( 인당 40 만원 ) - 봉사시간 인정 - 웰컴키트 제공 - 수료증 발급 - 우수 단원 시상 ■ 선발 및 주요일정 서류 합격자 발표 : 4 월 24 일 온라인 면접 : 4 월 29 일 ~ 4 월 30 일 최종 합격자 발표 : 5 월 6 일 발대식 : 5 월 15 일 ( 필수참석 ) 사전교육 : 5 월 22 일 , 27 일 , 29 일 ( 필수 참석 ) ※ 일정은 운영 상황에 따라 변경될 수 있습니다 ■ 활동기간 2026 년 5 월 ~ 2026 년 9 월 ※ 활동기간 중 타 대외활동 중복 참여 불가 ■ 지원방법 공식 홈페이지를 통한 신청서 접수 지원 링크 : https://www.withdigital.co.kr/kit02.html ■ 문의처 kit@seedcoop.org"
311135,대동도어,[대동도어] 선행연구기획팀 [신입/경력] 채용,"NEW, EXPERIENCED",,,,[대동도어] 선행연구기획팀 [신입/경력] 채용 [모집직무] 전자제어 시스템개발 전자제어 S/W개발 [전형절차] 서류전형 -> 1차 면접 -> 인성 검사 -> 2차 면접 -> 최종합격
311134,에이션패션,[Ation Crew] 에이션 브랜드 서포터즈 모집,,,파워블로거/SNS | 콘텐츠 기획/제작 경험,활동비 | 사은품 지급,"[Ation Crew] 서포터즈 1기 모집 에이션 브랜드와 스타일링부터 라이프 스타일까지, 함께 만들어 나갈 공식 크리에이터를 모집합니다. 🗓️ 모집 일정 - 지원서 접수 : 26.03.25(수) - 26.04.12(일) - 활동 기간 : - 26.08.31(월) * 약 4개월간 * 선정자에 한하여 개별적으로 연락드립니다. 🎨 활동 브랜드 폴햄 ㅣ 폴햄키즈 ㅣ 프로젝트엠 ㅣ 프로젝트 키즈 ㅣ 알래스카 👨‍👩‍👧‍👦 모집 크루 - 총 80팀 🌟 활동 혜택 - 월별 아이템 및 활동비 지급 - 에이션 브랜드 이벤트 참여 기회 제공 - 시즌 종료 후 우수 활동자 Best 3 포상 📸 활동 내용 - 개인 SNS 내 콘텐츠 업로드 월 2회 (필수) - 자유 아이디어의 콘텐츠 개발 (선택) 💌 지원 방법 - 브랜드 공식 인스타그램 프로필 링크 확인"
311133,주식회사 킥더허들,[단기/아르바이트/인턴] 퍼포먼스 마케팅 채용(창원),INTERN,,,,[단기/아르바이트/인턴] 퍼포먼스 마케팅 채용(창원) 모집부문 및 상세내용 마케팅(0명) 채용 형태 - 단기/아르바이트/인턴 [주요 업무] . SNS 채널 기획 . 채널 모니터링 . 브랜드 마케팅 기획 [ 자격요건] . 경력 무관(신입 지원 가능) . 학력무관 자격요건 학력 학력무관 근무조건 급여 월급 216만원 근무시간 주 5일(월~금) 09:00 ~ 18:00 근무지역 경남 창원시 의창구 용동로57번길 18 801호 전형 절차 Step1 서류전형 Step2 면접 진행(1차~2차) Step2 최종합격 지원 기간 및 방법 접수기간 2026-03-26 ~ 상시모집 접수방법 링커리어 간편지원 유의사항 허위 사실이 발견될 경우 채용이 취소될 수 있습니다.
311132,SK실트론,[SK실트론] IT인프라/서비스 직무 수시 채용,NEW,,,,[SK실트론] IT인프라/서비스 직무 수시 채용 [모집직무] T인프라/서비스 [전형절차] 서류전형 → 필기(SKCT)→ 면접전형 → 평판조회(경력직 限) → 채용검진 [담당 업무 및 역할] IT인프라 + MES 시스템 전산실 운영 및 IT자산 관리 IT 인프라 기획 및 업무 프로젝트 지원 IT 정보보안 업무(예방/조치) MES (제조 운영 시스템) 시스템 운영 IT서비스(MES기준정보) 생산(제조)관리시스템 기준정보 구축 및 유지보수 스마트팩토리 구축 및 MES 시스템 운영 설비 인프라 자동화 시스템 개발 지원 FAB 제조 라인의 작업자 및 엔지니어 업무 자동화 환경 구축 MES 시스템 표준 개발 Architecture 수립 제조 물류자동화 시스템 개발 지원
311131,가축위생방역지원본부,2026년 가축위생방역지원본부 서포터즈 모집공고,,,기타,수료증 및 인증서,"2026년 가축위생방역지원본부 서포터즈 모집공고 ● 참가 자격 - 가축질병, 방역 등에 관심이 많은 대학(원)생과 일반인 ● 공모 주제 - 가축위생방역지원본부 홍보 콘텐츠 확산을 위한 SNS 활동 ● 공모 일정 - 접수기간 2026. 03. 26(목) ~ 04.06(월) ● 접수 방법 - 신청서(네이버폼) 작성 후 제출 ● 심사 기준 1) 온 국민이 공감할 수 있는 소통형 콘텐츠 제작이 가능한지 2) 월 1건 이상의 블로그 포스팅, 영상 제작 과업을 성실히 수행하는지 3) 오픈채팅 및 카페 등을 통한 실시간 피드백 및 아이디어 공유에 적극적인지 ● 유의 사항 - 사실에 기반된 정보를 바탕으로 제작해야 하며 기관 정책 및 사업 등과 다른 내용이 포함되지 않도록 주의할 것 - 타인의 콘텐츠, 이미지, 영상 등 사용 할 경우(저작권 준수하지 않은) 기관 이미지 훼손성이 있으므로 사용하지 않을 것 - 콘텐츠는 자신이 직접 촬영해야 할 것 - SNS 업로드 된 콘텐츠는 기관의 요청사항이 아닌 이상 삭제 금지 - 게시물 작성 시 해시태그 및 고정 키워드 삽입할 것 #가축위생방역지원본부 #가축방역서포터즈 #가축방역 #가축위생방역 #가축위생방역지원 ● 문의 사항 - help@moment-lab.kr"
311129,(사)한국정보방송통신대연합,[ICT콤플렉스][지역 우수기업 X 개발자 네트워킹] #1. 지역 기업 모집,,,기타,행사 참여,"[지역 우수기업 X 개발자 네트워킹] 네 트워킹에 참여할 지역 우수기업을 모집합니다! 지역 우수기업과 개발자가 가까이 만나 자유롭게 교류하고, 채용 기회까지 연결될 수 있도록 마련된 네트워킹이니 적극 활용 바랍니다. ※신청 가능 기업 유형(3가지) ① 본사 소재지 및 근무지가 모두 수도권 외 지역인 기업 ② 본사 소재지는 수도권이나 근무지가 수도권 외 지역인 기업 ③ 본사 소재지는 수도권 외 지역이나 근무지가 수도권인 기업 ■ 행사 개요 - 행사명 : 지역 우수기업 × 개발자 네트워킹 - 일시 : 2026.5.7.(목) 13:00 ~ 17:00 - 장소 : 수도권 ICT콤플렉스(마포 공덕) *장소 변경 가능 ■ 모집 대상 - ICT 분야 개발 직무 구인 수요가 있는 지역 우수 기업 (수도권 제외) ※ 네트워킹 참여 선정 기업에겐 소정의 참가비 지급 ■ 신청 방법 - 신청 기간 : 2026.3.23.(월) ~ 4.14.(화) - 제출 서류 : 첨부파일 참조 ※파일명 예시: 26년 지역 우수기업 네트워킹 참여신청서(기업) _ICT콤플렉스 - 제출처 : ictcoc@kfict.or.kr ※ 신청 기업 대상으로 네트워킹 참여 기업 선정 후 별도 안내 예정 ※ 네트워킹 참여 기업 미선정 시 취업연계프로그램 통한 인재매칭 지원 예정 ■ 향후 일정 ■ 주요 프로그램 - 기업 소개 + Q&A 세션 : 기업 문화, 채용 요강 등 발표 - 네트워킹 : 사전 매칭을 통한 그룹별 교류 - 사후 지원 : 면접 매칭, 멘토링 연계 ■ 문의 - 수도권 ICT콤플렉스 (02-6953-0535~6, ictcoc@kfict.or.kr)"
311128,(주)모먼트랩,2026년 가축위생방역지원본부 서포터즈 모집공고,,,,,"● 지원자격 - 가축질병, 방역 등에 관심이 많은 대학(원)생과 일반인 ● 공모주제 - 가축위생방역지원본부 홍보 콘텐츠 확산을 위한 SNS 활동 ● 공모일정 - 접수기간 2026. 03. 26(목) ~ 04.06(월) ● 접수방법 - 신청서(네이버폼) 작성 후 제출 ● 심사기준 1) 온 국민이 공감할 수 있는 소통형 콘텐츠 제작이 가능한지 2) 월 1건 이상의 블로그 포스팅, 영상 제작 과업을 성실히 수행하는지 3) 오픈채팅 및 카페 등을 통한 실시간 피드백 및 아이디어 공유에 적극적인지 ● 유의사항 - 제출서류 미비 시 접수 불가, 제출된 서류는 일체 반환되지 않습니다. - 사실에 기반된 정보를 바탕으로 제작해야 하며 기관 정책 및 사업 등과 다른 내용이 포함되지 않도록 주의할 것 - 타인의 콘텐츠, 이미지, 영상 등 사용 할 경우(저작권 준수하지 않은) 기관 이미지 훼손성이 있으므로 사용하지 않을 것 ● 문의사항 help@moment-lab.kr"
311124,고위드,[고위드] [FUEL] 법인카드 운영 인턴 (3개월/전환형),INTERN,법인카드 운영 인턴 | 콘텐츠/사이트운영 | IT/인터넷 | e-러닝운영 | 게시판관리 | 사이트운영 | 쇼핑몰•오픈마켓 | 카페•블로그관리 | 컨텐츠운영 | 컨텐츠제작 | 지원 동기를 적어주세요. | [고위드] [FUEL] 법인카드 운영 인턴 (3개월/전환형),,,"[고위드] [FUEL] 법인카드 운영 인턴 (3개월/전환형) [주요 업무] - FUEL 서비스를 사용하는 고객의 사용 현황과 운영 데이터를 기반으로, 서비스 운영 전반을 지원합니다. - 법인 고객 대상 컨택, 컨디션 체크, 고객 니즈에 따른 한도 상향•하향 운영 등 - 유선·메일 등 인바운드 채널을 통한 고객 문의를 응대하며, 카드 이용 중 발생하는 운영 이슈를 대응하고 반복되는 이슈를 정리합니다. - 고객별 사용 패턴을 파악하며, 한도 관리·정산·청구 등 서비스 이용 과정에서 필요한 운영 업무를 수행합니다. - 카드사·PG사 등 외부 데이터와 내부 운영 데이터를 확인하며, 데이터 정합성을 점검하고 오류를 관리합니다. - 재무팀, 운영팀 등 다양한 이해관계자와 협업하여 서비스가 안정적으로 운영될 수 있도록 지원하고, 운영 개선 및 제품화를 위한 아이디어를 제안합니다. [자격 요건] - Excel, Google Spreadsheet 등 문서 및 스프레드시트 툴을 활용할 수 있는 분 - 꼼꼼하고 정확하게 업무를 처리하며, 작은 오류도 놓치지 않는 분 - 주도적으로 업무를 파악하고 문제 해결 방안을 찾아 실행할 수 있는 분 - 다양한 이해관계자와의 원활한 커뮤니케이션 및 협업이 가능한 분 - 데이터와 숫자를 확인하는 업무에 거부감이 없고, 운영 안정성과 효율화를 높이는 데 관심이 있는 분 [우대 사항] - 기초적인 재무 지식이 있거나, 재무·금융 도메인에 관심이 있는 분 - 정산, 청구, 인보이스, 세금계산서 등 정산 관련 업무를 경험해본 분 - 금융, 핀테크, B2B 서비스 등 관련 도메인을 접해본 경험이 있는 분 - 반복적인 운영 업무 속에서 기준을 만들고 정리하는 데 흥미를 느끼는 분"
311123,주식회사 데이원컴퍼니,[무료 LIVE] 2026 상반기 IT 취업 · 이직 온라인 박람회,,,,,"🤖2026 상반기 IT 취업 · 이직 온라인 박람회 (LIVE)🤖 상반기 IT 채용 몰리는 지금, 붙는 사람 vs 떨어지는 사람 차이는 단 하나. “실제 IT 합격 전략을 알고 지원했는가” 그래서, 단 하루만! 🚨 합격자들만 아는 “IT 합격 치트키” 공개합니다. 🚨 (이미 신청 폭주 중..) ✔️3월 31일 화요일 저녁 7시, 어디서도 못 듣는 IT 합격 전략이 궁금하다면🔎 5초컷 신청 👉 https://bit.ly/3PyJMQT ✍️구글/아마존 출신 컨설턴트가 알려주는 서류 하나로 합격까지 가는 “서류 작성법” 📊네카라쿠배 IT 기업 합격 데이터 기반 2026 상반기 IT 취업 · 이직 전략 총정리 “합격자 스펙+자소서+경력 기술서+포폴” 📝극소수만 아는 IT 기업 개발/데이터 직군 “무조건 알아야 하는 면접 필승 전략” 🎁신청만 해도 “네이버 취업 완벽 대비서”를 드리니까 놓치지 말고 받아가세요🎁 👇딱 3개월 안에 합격 약속 드립니다.👇 🗓️3/31 (화) 오후 7시 💻온라인 LIVE / 집에서 편하게 시청 ⏳신청 마감 : 특강 시작 전까지!! 지금 신청 👉 https://bit.ly/3PyJMQT"
311122,한국오츠카제약,[한국오츠카제약] [정규직/신입] 대전/충청 병원영업(MR) 채용,"NEW, EXPERIENCED",,,,[한국오츠카제약] [정규직/신입] 대전/충청 병원영업(MR) 채용 [모집직무] 영업팀 [업무내용] ㆍ거래처 및 고객 관리 ㆍ자사제품 정보 전달 ㆍ개인목표 관리 ㆍ대전/충청 지역 내 거래처 담당 [지원자격] ㆍ전공 무관 ㆍ졸업자 및 졸업예정자(즉시 출근 가능자) ㆍ유관경력(MR) 1년 미만
311121,(사)어린이어깨동무,어린이어깨동무 단기 활동가 채용(행사 운영 지원 및 해외 커뮤니케이션),CONTRACT,,,,어린이어깨동무 단기 활동가 채용(행사 운영 지원 및 해외 커뮤니케이션) 접수 기간 2026-03-26 ~ 2026-04-07 모집부문 및 상세내용 모집부문 채용구분 담당업무 우대조건 행사 운영 지원 및 해외 커뮤니케이션 (0명) 계약직(3개월) 팀원 담당업무 1) 행사 운영 지원 (○명) - 드로잉 호프 전시 및 행사 준비·운영 보조 - 자료조사 및 콘텐츠 제작 지원 - 기타 시민참여 및 평화교육 프로그램 업무 보조 2) 해외 커뮤니케이션 (○명) - 드로잉 호프 전시 및 행사 준비·운영 보조 - 해외 초청 및 참여 단체와의 커뮤니케이션 - 전시 관련 자료(그림 등) 번역 및 정리 - 기타 시민참여 및 평화교육 프로그램 업무 보조 ※ 영어로 의사소통이 가능하신 분 (필수) ■ 자격요건 - 어린이어깨동무의 활동과 가치에 공감하시는 분 - 원활한 커뮤니케이션 능력을 갖추신 분 - 기본적인 문서 작업(오피스 등)이 가능하신 분 - (우대)시민단체 활동 경험이 있으신 분 자격요건 학력 학력무관 근무조건 급여 시급 12121원 ~ 12121원 근무시간 면접 후 결정 근무지역 서울 종로구 성균관로10길 5 3층 전형 절차 Step 1 서류전형 Step 2 면접전형 Step 2 최종합격 지원 기간 및 방법 접수기간 2026-03-26 ~ 2026-04-07 접수방법 홈페이지 지원 복리후생 수평적 호칭사용 유의사항 허위 사실이 발견될 경우 채용이 취소될 수 있습니다.
311120,제천시,2026 제천시 규제개혁 아이디어 공모,,,,상장 수여,"2026 제천시 규제개혁 아이디어 공모 접수기간 2026.3.16.(월) ~ 4.14.(화) 응모대상 제천 시민 및 관내 기업체 공모분야 불합리한 규제 개선방안(법령, 제도, 규정 등) - 단순 건의·진정 등 민원성, 세금 감면, 보조금 지급 관련 건의, 타기관 제안 채택 사항 제외 공모방법 공모 담당자 이메일 또는 등기우편 접수 ・이메일: tenzin@korea.kr ・우편: (우)27188 제천시 내토로 295 (천남동), 제천시청 감사법무담당관 의회법무팀 발표 2026년 5월 예정 시상 10건 선정(건당 10만원) 문 의 제천시 감사법무담당관 의회법무팀 043-641-5083"
311119,우아한형제들,[우아한형제들] [신규 영업_충청] 배달의민족 신규 입점 영업 담당자,CONTRACT,,,,[우아한형제들] [신규 영업_충청] 배달의민족 신규 입점 영업 담당자 [업무내용] - 배달의민족의 광고 상품에 대한 신규유치 영업활동 - 기존 업주에 대한 업셀링 및 관리 업무를 통한 리텐션 증대활동 - 스테디/트렌디 가게의 발굴 및 파이프라인 관리를 통한 영업활동 [지원자격] - 긍정적인 마음과 자세를 갖춘 분 - 원활한 커뮤니케이션 역량을 가진 분 - 목표지향적이고 적극적인 자세를 가진 분 - 논리적 사고를 바탕으로 상대방을 설득하는 역량을 갖춘 분 - 문제인식과 해결방안을 찾기 위한 능동적인 자세를 갖춘 분 [우대사항] - 오피스 활용능력을 보유한 분 - 1년 이상의 영업 경력이 있는 분 - 배달시장 및 E-커머스 시장에 대한 이해가 있는 분 - 데이터를 기반으로 영업 전략에 대한 수립이 가능한 분
311118,국토교통부,국토교통부 캐릭터 아이디어 공모전,,,,상장 수여,"국토교통부 캐릭터 아이디어 공모전 공모주제 국토교통부를 떠올릴 때 연상되는 이미지와 역할을 반영한 캐릭터 아이디어 및 콘셉트 제안 ※ 서술형 중심의 기획안 및 시각적 자료(스케치 등) 포함 - 캐릭터 명칭, 콘셉트, 설정, 정책 연계성 중심 아이디어 제안 참가대상 국토교통부에 관심 있는 대한민국 국민 누구나 (개인 또는 팀 단위 참여 가능) 접수기간 2026년 3월 9일(월) ~ 4월 6일(월) 응모방법 ① 홈페이지에서 공모양식 다운로드 ② 공모각서(붙임1), 작품설명서(붙임2), 출품작 작성 ③ 작성 완료된 서류 및 출품작을 외부 클라우드(구글 드라이브 등)에 업로드 ④ 공유 가능한 링크(URL)생성, 이메일(molitcontest@muna.kr)로 제출 출품규격 - 기본 1종 (응용형은 자율) - A3크기 이미지 (JPG, NG, PDF) 파일, 해상도 300dpi 이상, 2GB 이내 ※ 당선작은 추후 원본 파일 (AI, PSD,EPS 등) 제출 공모결과 2026. 4. 10. (금) 14:00 ※ 세부 일정은 변경 될 수 있음 시상내용 - 대상 : 아이패드(ipad)PRO 11 256GB (1명) - 장려상 : 신세계 상품권 10만원권 (4명) - 특별상 : 배달의민족 3만원권 (5명) ※ 상금에 대한 제세공과금은 수상자 본인 부담."
311117,비락,[비락] 진천공장 생산팀 신입사원 모집,NEW,,,,"[비락] 진천공장 생산팀 신입사원 모집 [모집직무] 생산직 [주요업무] - 생산 - 생산, 사무관리 [자격요견] - 경력무관 - 고등학교 졸업 이상 [우대사항] - 야간근무 가능자 - 2교대 근무 가능자 [ 근무조건] - 고용형태 : 정규직(수습 3개월) - 급여 : 연봉 4,500만원 - 근무지 : 충북 진천군 진천읍 송두리 1-1 - 근무요일/시간 : 주 5일(월~금) 08:00~17:00 [복지 및 혜택] - 교육/생활 : 우수사원시상식, 구내식당(사원식당), 점심식사 제공, 저녁식사 제공, 사내동호회 운영, 음료제공(차,커피) - 리프레시 : 연차, 여름휴가, 경조휴가제, 창립일휴무, 근로자의날 휴무, 휴가비지원 - 급여제도 : 장기근속자 포상, 우수사원포상, 퇴직금, 야근수당, 휴일(특근)수당, 연차수당, 장기근속수당, 가족수당, 4대 보험 - 지원금/보험 : 건강검진, 각종 경조사 지원, 자녀학자금 - 출퇴근 : 기숙사 운영, 통근버스 운행 - 선물 : 창립일선물지급 - 근무 환경 : 휴게실, 회의실, 유니폼지급 [채용절차] - 접수기간 : 2026-03-20 15시 ~ 2026-04-02 24시 - 제출서류 : 자유양식 이력서 - 접수방법 : 홈페이지 지원 - 전형절차 : 서류전형 → 1차면접 → 최종합격 [유의사항] - 입사지원 서류에 허위사실이 발견될 경우, 채용확정 이후라도 채용이 취소될 수 있습니다. - 모집분야별로 마감일이 상이할 수 있으니 유의하시길 바랍니다."
311115,신세계,[신세계] 축산소분직 신입 채용 (사우스시티),INTERN,,,,"[신세계] 축산소분직 신입 채용 (사우스시티) [업무 세부 내용] · 축산코너 상품화 작업 및 판매/진열 [지원 자격] · 학력무관 · 2026년 4월 입사 가능한 자 · 병역필 또는 면제자, 해외 여행 결격사유가 없는 자 · 우대사항: 고객응대 경력, 관련업종 유경험자 [전형절차] - 지원서 접수 > 서류전형 > 면접전형 (1차) > 건강검진 > 인턴십 > 최종면접 > 최종입사"
311112,한국신용정보원,[한국신용정보원] 2026년도 직원 채용,NEW,,,,"[한국신용정보원] 2026년도 직원 채용 [모집직무] IT운영 [모집일정] 2026.03.26(목) ~ 2026.04.06(월) [우대사항] - IT 시스템 운영 및 인프라 관리 경력 또는 DBA 업무 경력 1년 이상 - IT 인프라 관련 자격증(정보처리 기사, 리눅스마스터 1급, RHCE, CCNP, VCP) 또는 데이터베이스 관련 자격증 소지자(SQLP, OCP)"
311111,레벨스,[레벨스] 3D 애니메이터(인턴),INTERN,3D 애니메이터(인턴) | 그래픽디자인/CG | 디자인 | 그래픽디자인 | 3D | CG | 자유양식 입니다. | [레벨스] 3D 애니메이터(인턴),,,"[레벨스] 3D 애니메이터(인턴) [주요업무] - 캐릭터 ​키프레임 ​애니메이션 제작 - 모션캡처 데이터 ​클린업 ​및 ​키프레임 애니메이션과의 혼합·후처리 [기술스택] - 필수 ​: Maya - 우대 ​: ​Unreal Engine ​5, MotionBuilder, ​MetaHuman, ​Perforce, Git [자격요건] - Maya 활용 ​3D 캐릭터 ​애니메이션 경험을 보유하신 분 - 캐릭터 동작의 무게감·타이밍에 대한 기본적인 이해도가 높으신 분 - 주도적으로 업무를 파악하고 실행할 수 있는 자기관리 능력이 있으신 분 [우대사항] - MotionBuilder를 활용한 모션캡처 데이터 처리 경험 - UE5 Control Rig, IK Retargeter 활용 경험 - Perforce 또는 Git 버전 관리 경험 [채용 절차] - 서류 검토 → 사전과제 → 실무진면접 → 임원면접 → 처우협의 → 입사"
311105,카카오,[카카오] 카카오톡 예약하기 서비스 마케팅 운영_어시스턴트,INTERN,카카오톡 예약하기 서비스 마케팅 운영_어시스턴트 | 마케팅/PR/분석 | 마케팅/광고/홍보 | 마케팅전략/기획 | 광고기획 | 온라인마케팅 | 시장조사/분석 | 브랜드매니저 | 해외마케팅 | 언론홍보/PR | 설문/리서치 | 자유양식 입니다. | [카카오] 카카오톡 예약하기 서비스 마케팅 운영_어시스턴트,,,"[카카오] 카카오톡 예약하기 서비스 마케팅 운영_어시스턴트 ◆ 업무내용 - 카카오톡 예약하기 이용자/파트너 대상 마케팅 기획 및 운영 - 공식 채널/파트너 채널 메시지, 소식 등 관리/운영 - 예약하기 홈 / 기획전 운영 - 예약하기 광고 운영 - 기획전, 프로모션 등 소재 제작 관련 업무 - 마케팅 효과/효율 측정 ◆ 지원자격 - 일러스트, 포토샵, 피그마 툴을 능숙하게 다루시는 분 - 주어진 일에 책임감이 강하고 주도적이며, 논리적인 사고력이 있으신 분 - 커뮤니케이션 역량에 강점이 있고 꼼꼼하게 업무를 처리하시는 분 - 3개월 이상 근무 가능하신 분 ◆ 우대사항 - 디자인 전공자"
311103,주식회사 코드잇 ,[코드잇 스프린트] AI 엔지니어 부트캠프 모집,,,,,"[코드잇 스프린트] AI 엔지니어 부트캠프 모집 중 IT 업계 최고 수요로 사업의 혁신을 이끌며, 취업 한파 속에도 공고 수가 꾸준히 증가하는 AI 채용 시장! 2025년 온라인 부트캠프 1위 취업률을 달성한 코드잇 스프린트에서 AI 기본기부터 개발 전 과정 모두 학습하고 인턴십 기회까지 받아가요. [인턴십 100% 보장] AI 엔지니어 부트캠프 바로가기 ➡️ https://code.it/2uTvZW4 🔍 왜 코드잇 스프린트를 선택해야 할까요? 빠르게 변화하는 AI 산업 속 핵심을 놓치지 않고, 다양한 AI 분야를 깊게 학습해요! 견고한 AI 기본기 : 학위나 경험이 없어도 괜찮아요. 데이터 분석부터 AI 활용을 위한 기본기까지 학습을 충분히 제공해요. 자연어처리와 컴퓨터 비전을 모두 다뤄보며 시장 수요가 높은 분야도 빠짐없이 학습해요. 채용 공고 기반 커리큘럼 : 요즘 AI 채용에서 필요한 것은 무엇일지 고민하지 않으셔도 돼요! 모델 학습과 최적화, 컴퓨터 비전, 자연어 처리까지 현업 실무에 필요한 역량을 가득 담았어요. 개발부터 배포까지 : 신입이 가장 채우기 어려운 배포 경험! 코드잇 스프린트에서는 Dockerhub, Google Cloud 등을 통해 배포까지 경험하고, 모델 서빙, 성능 모니터링까지 경험해볼 수 있어요. 1:1 취업 밀착 지원 : 수료생 누구나 취업할 때까지 밀착 지원해드려요. 현직자의 1:1 이력서 피드백부터 기술 모의 면접까지 완벽한 커리어 코칭으로 원하는 기업에 갈 수 있도록 도와드려요. 📚 AI 엔지니어 과정, 이런 분들에게 추천해요! LLM, 컴퓨터 비전 등 AI 엔지니어로 성장하고 싶은 분 AI 역량으로 개발자 커리어 확장을 원하는 분 AI 기술로 비즈니스 문제를 해결하고 싶은 분 미래를 위해 데이터 및 AI 학습에 투자하고 싶은 분 🚀 AI 엔지니어, 지금 모집 중이에요! ☑️ 기간 및 일정 모집 기간 : 선착순 마감 교육 기간 : 2026-04-16 ~ 2026-11-13 ☑️ 지원자격 국민내일배움카드 발급 가능하신 분 누구나 ☑️ 접수방법 https://code.it/2uTvZW4 → [장학금 받고 수강하기] → 지원서 기입 후 제출 ☑️ 선발 절차 간편지원 → 인터뷰 → 합격 발표 ☑️ 커리큘럼 프리코스 1~5주 차: 파이썬 데이터 분석 기초와 머신러닝 6~11주 차: 딥러닝 기초와 컴퓨터 비전 12~14주 차: 초급 팀 프로젝트 15~19주 차: 자연어 처리와 대규모 언어모델 20~22주 차: 중급 팀 프로젝트 23~27주 차: 추론 최적화와 모델 배포 28~31주 차: 고급 팀 프로젝트 ☑️ 문의 스프린트 홈페이지 하단 실시간 채널톡 (🔗 바로가기 )"
311102,EY한영,[EY한영] Talent 채용팀 인턴 (Sourcer) 채용,INTERN,,,,"[EY한영] Talent 채용팀 인턴 (Sourcer) 채용 [모집직무] Talent 채용팀 [담당업무] - 후보자 소싱 및 커뮤니케이션 - 신규입사자 서류관리 지원 - 인터뷰 일정 조율 및 운영 지원 [지원자격 및 우대사항] - 즉시 입사가능하며, 인턴 기간 동안 Full time 근무 가능한 자 - 채용 업무에 관심이 많은 자 - Sourcing 업무 경험자 우대 - 유연한 커뮤니케이션 역량 보유자 - HR 유관 업무 경험자 우대 - Excel 활용 능통자 우대 [전형절차] - 1차 서류 심사 - 2차 실무/임원 면접 *서류전형 합격자에 한하여 개별적으로 면접 일정 안내 [모집기간] - 2026년 03월 29일까지"
311101,미래에셋자산운용,[미래에셋자산운용] 인프라투자부문 인프라투자본부 신입(정규직 전환형 인턴사원) 채용,INTERN,,,,"[미래에셋자산운용] 인프라투자부문 인프라투자본부 신입(정규직 전환형 인턴사원) 채용 [담당할 업무] · 국내외 인프라 펀드 운용 및 신규 펀드 설정 지원 - 국내 인프라(민간투자사업, 신재생 등) 또는 해외 인프라(직접투자, 재간접 블라인드 펀드) 투자 및 운용 업무 - 투자자산 실적 관리 및 일반 운용 업무(운용지시, 운용보고서 작성 등) - 투자 제안서 작성 지원 - 투자자 및 GP 커뮤니케이션 [꼭 필요해요] · 학사 학위 또는 동등한 수준 이상의 학위 보유자(예정자) [이런 역량이 있다면 더욱 좋아요] · 금융권 인턴 경력 선호 · 공인회계사, CFA, AICPA, 투자자산운용사 등 금융 관련 자격 보유자 선호 · 영어 및 외국어 능력 보유자 선호 [채용 절차] - 서류접수 → 1차면접(실무면접) → 역량검사 및 2차면접(HR면접) → 3차면접 → 사전고용심사 및 채용검진 → 최종 합격"
311097,제11회 세계과학문화포럼 운영사무국,[제11회 세계과학문화포럼] AI 로고송 챌린지,,,,,"AI 로고송 챌린지 AI로 세계과학문화포럼의 로고송을 만들어주세요! 지역,나이,성별 등 제한 없이 누구나 참여 가능합니다. 주제 제11회 세계과학문화포럼의 로고송 (하단의 첫번째 포스터를 참고해주세요.) 일정 및 참가자격 가. 제출기간: 2026.3.19.(수) ~ 4.10.(금) 나. 결과발표: 2026.4.18.(토) 다. 참가자격: 전국민 누구나 작품규격 및 필수사항 가. 1분 이내 나. AI 작곡프로그램 필수 사용 (SUNO, MUSIA.AI, SOUNDRAW, AMPER MUSIC, AIVA 등) 다. MP3 음원 제작 후 구글폼 통하여 온라인 제출 라. 온라인 접수 링크: https://docs.google.com/forms/d/e/1FAIpQLSf-nuZ2gHE83pWnGWganQJrCOHsuyIgXgZZRYunXa7rwjTJag/viewform?pli=1 *상단의 포스터 우측 '온라인접수하기'를 클릭하면 구글폼으로 바로 연결됩니다.* 상품 가. 대상: 30만원 상당 백화점 상품권 나. 특별상: 15만원 상당 백화점 상품권 다. 장려상: 5만원 상당 백화점 상품권"
311096,에프에스티,[에프에스티] [경영지원그룹 총무팀] 기업문화 복리후생,"NEW, EXPERIENCED",,,,"[에프에스티] [경영지원그룹 총무팀] 기업문화 복리후생 [담당 업무] - 임원 비서업무 수행 - 기업문화 관리 (사보, 사내이벤트, 사내도서관 등) - 복리후생 업무 (경조사, 법인콘도, 동호회, 우리사주 등) - 해외출장 관리 및 일반 총무업무 [지원 자격] - 학사 이상 (전공 무관) - 자격 : 운전면허 자격 (필수) - 경력 : 신입 및 경력 8년 이하 (사원 ~ 대리) [우대 사항] - 경력 : 중소/중견社 총무/사무업무 경험자, 임원 비서업무 수행 경험자 - 지식 : 엑셀 및 파워포인트 등 OA 업무 숙련자 - 기타 : 원활한 대인관계 및 커뮤니케이션 가능자 - 외국어 숙련자 - 즉시 출근 가능자 - 인근 거주자"
311095,엠비씨 (MBC) 아카데미 컴퓨터교육센터 부산서면점,문과생도 자율주행 AI의 눈(Eye)을 만든다고? 기초부터 시작하는 실무 프로젝트 부트캠프 (부산),,,,,"[부산] 문과생도 자율주행 AI의 눈(Eye)을 만든다고? 기초부터 시작하는 실무 프로젝트 부트캠프 안녕하세요! 테슬라의 자율주행 자동차, 무인 점포의 똑똑한 도난 방지 CCTV, 스마트폰의 얼굴 인식... 이 모든 것에 쓰이는 AI 기술이 바로 사람의 눈처럼 사물을 알아보는 'YOLO(객체 탐지)' 입니다. ""비전공자인 내가 저런 엄청난 걸 어떻게 만들어?"" 걱정하지 마세요! 알파벳 알면 시작할 수 있는 파이썬(Python) 기초부터, 현업 개발자가 조별 1:1 멘토링으로 여러분의 멱살을 잡고 실무 프로젝트까지 끌어올려 드립니다. 🚀 [코딩 노베도 안심! 압도적 혜택] ✅ 내일배움카드 잔액 0원이어도 100% 전액 무료! (비용 걱정 끝) ✅ 전문 개발자 밀착 멘토링: 현업 일잘러 선배들의 1:1 피드백 ✅ 단기 속성 K-디지털 트레이닝: 짧고 굵게, 실무에 당장 쓰이는 기술만 학습 ✅ 수업 놓칠까 봐 걱정 NO! 📺 복습용 온라인 동영상 강의 6개월 무료 제공 📺 🗺️ [초보 맞춤형 커리큘럼: AI 한 걸음씩 친해지기] 1단계 (AI 기초 체력 다지기): 완전 기초 파이썬(Python) 문법 및 데이터 시각화 배우기 2단계 (AI 뇌 구조 이해하기): 머신러닝과 딥러닝(인공신경망)의 기본 원리 뽀개기 3단계 (AI에게 눈 달아주기): 사물을 인식하는 'YOLO' 기술 이론 및 원리 학습 4단계 (AI 훈련시키기): 직접 데이터를 넣고 인공지능 모델 똑똑하게 학습시켜 보기 5단계 (실전 팀 프로젝트!): 제조업 공장의 불량품을 자동으로 쏙쏙 찾아내는 'AI 비전검사 프로그램' 직접 완성하기! 🛠️ [이런 툴(Tool)을 배웁니다] 💻 기초 언어: Python (초보자가 가장 배우기 쉬운 언어) 🧠 AI 프레임워크: TensorFlow, Keras, PyTorch 👁️ 핵심 기술: YOLO (실시간 사물 인식 알고리즘) 🎯 [이런 분들 당장 탑승하세요] ""비전공자지만 가장 뜨고 있는 AI/데이터 분야로 취업하고 싶은 분"" ""이전에 국비지원 교육을 들었지만, 포트폴리오가 아쉬워 심화 프로젝트가 필요한 분"" 👉 [초보자도 가능한 AI YOLO 프로젝트 1분 만에 신청하기 (클릭)] ( https://forms.gle/C8WYc6mVKvCwcxj79 ) 📍 교육장소: 부산시 부산진구 신천대로 50번길 79, 5층 (오프라인 대면) 📞 문의전화: 051-711-0907 #AI부트캠프 #YOLO #비전공자코딩 #문과생개발자 #자율주행 #파이썬기초 #K디지털트레이닝 #국비무료 #부산IT학원 #취업준비 #포트폴리오 #실무멘토링"
311094,에프에스티,[에프에스티] [경영지원그룹 EHS팀] 안전관리자,"NEW, EXPERIENCED",,,,"[에프에스티] [경영지원그룹 EHS팀] 안전관리자 [담당 업무] - 동탄사업장 보건관리자 선임 (법정 선임) - 산업안전보건교육 이행 - 유해인자에 대한 작업환경 측정 및 개선 - 특수/배치전/일반 건강검진 프로세스 운영 - 화학물질 취급조사 및 관리 (MSDS) - 근골격계 유해인자 조사 등 법규 이행사항 실시 [지원 자격] - 전문학사 이상 - 전공 : (산업)보건학, (산업)위생학, 안전공학, 환경공학 - 자격 : 산업위생기사, 대기환경기사, 인간공학기사, 간호사면허 중 1개 이상 보유 - 경력 : 2년 이상 (우대) [우대 사항] - 즉시 출근 가능자 - 운전 가능자 - 차량 소지자 - 인근 거주자"
311093,삼성생명금융서비스,삼성생명금융서비스 인턴십 1기 모집,INTERN,,,,"✔ “금융권 가고 싶은데 뭐부터 해야 할지 모르겠다” ✔ “스펙 말고 ‘경험’ 만들고 싶다” ✔ “영업, 마케팅, 자산관리 직접 해보고 싶다” • 금융 기초 + 실무 교육 • 실제 현업 부서 OJT 경험 • 선배랑 1:1 멘토링 (현실 조언 가능) • 성과 좋으면 관리자 전환 기회까지 📍 위치 강남역 인근 삼성생명금융서비스 👥 대상 대학생 4학년 / 졸업 예정자 📝 지원 홈페이지 온라인 지원 https://forms.gle/N1aacZXC6VE1ARYp7 ⏳ 선착순 / 조기 마감 가능"
311092,호텔롯데,[호텔롯데] 롯데시티호텔 대전 L-Crew(체험형 인턴) 채용 (4월),INTERN,객실담당 | 고객관리 | 고객관리/인바운드 | 영업/고객상담 | 사무보조/문서작성 | 경영/사무 | 안내/리셉션 | 사무/총무/법무 | 사무보조 | OA/문서작성 | 홈페이지관리 | 자신의 성장배경 및 지원동기에 대해 서술해 주세요 | 사회활동 경험과 특기(어학등)에 대하여 서술해 주세요 | 롯데호텔의 호텔리어가 되기위해 특별히 준비한 것이나 호텔리어로서 앞으로의 포부를 서술해 주세요. | [호텔롯데] 롯데시티호텔 대전 L-Crew(체험형 인턴) 채용 (4월),,,[호텔롯데] 롯데시티호텔 대전 L-Crew(체험형 인턴) 채용 (4월) ■ 주요 업무 1) 고객 응대 및 객실 배정 2) 객실 요금 정산 3) VOC 관리 ■ 우대 사항 1) 외국어 우수자 2) 관련 경력 보유자 3) Opera 활용 가능자 ■ 전형 단계 1) 입사지원 > 서류전형 > 면접전형 > LIST 검사 > 신체검사 > 최종합격
311091,한국수목장문화진흥재단,「숲에서 다시 만나다」국립수목장림 홍보영상 공모전 개최,,,,,"안녕하세요? 한국수목장문화진흥재단입니다. 한국수목장문화진흥재단에서는 수목장림에 대한 국민 인식을 제고하고, 자연친회적인 장례문화 확산을 위하여「 숲에서 다시 만나다」 국립수목장림 홍보 영상 공모전을 다음과 같이 개최합니다. 남 다른 눈썰미와 관심 있는 분들의 많은 참여 부탁드립니다! ■ 공모전 개 요 ○ 사 업 명 : 「 숲에서 다시 만나다 」 국립 수목장림 홍보영상 공모전 ○ 목 적 : 공모전을 통한 국립 수목장림에 대한 국민 인식 제고 ○ 공고기간 : ’26. 03. 25. ⁓ 05. 15. ○ 접수기간 : ’26. 04. 06. ⁓ 05. 15. ○ 참가대상 : 대한민국 국민 누구나 ( 개인 또는 팀 ) ○ 접수방법 : 영상 파일을 신청서와 함께 이메일 제출 ○ 공모내용 : 국립수목장림의 가치와 추모문화를 담은 홍보영상 제작 ○ 공모주제 : “ 떠난 게 아니라 , 숲으로 다시 만났습니다 .” - 국립 수목장림이 생명과 기억이 이 어지는 공간임을 담은 이야기 - 국립 수목장림을 통해 이별의 슬픔을 회복하는 과정 - 국립 수목장림이 가진 친환경 · 공익적 가치를 나타내는 콘텐츠 ○ 수상발표 : '26. 06. 08. 15:00 (예정) ○ 문의전화 : 042-719-4304 ※ 참가 신청서 및 개인정보 수집 및 이용 동의서는 한국수목장문화진흥재단 홈페이지에서 다운로드 하실 수 있습니다. ( https://www.wbf.or.kr/woodland/contents.do?proc_type=view&a_num=65936140&b_num=11395 ) a"
311089,호텔롯데,[호텔롯데] 롯데호텔 부산 L-CREW(체험형 인턴) 채용(4월),INTERN,조리팀 | 외식/식음료 | 서비스 | 매니저/매장관리 | 배달 | 요리/영양/제과제빵/바리스타 | 여행/항공/숙박/레저 | 웨딩/행사/이벤트 | 뷰티/미용/애완 | AS/서비스/수리 | 시설/보안/경비/안전 | 주차/세차/주유 | 청소/가사/육아 | 자신의 성장배경 및 지원동기에 대해 서술하시오. | 사회활동 경험과 특기(어학등)에 대하여 서술하시오. | 롯데호텔의 호텔리어가 되기 위해 특별히 준비한 것이나 호텔리어로서 앞으로의 포부를 서술해 주시오. | [호텔롯데] 롯데호텔 부산 L-CREW(체험형 인턴) 채용(4월) | 객실팀 | 고객관리 | 고객관리/인바운드 | 영업/고객상담 | 안내/리셉션 | 사무/총무/법무 | 경영/사무 | 인바운드 | 총무 | 문서관리 | 인허가업무 | 비서 | 법무 | 비품/시설관리 | 특허/저작권업무 | 일반영업 | B2B영업/기술영업 | 영업관리/지원/영업기획 | 판매/캐셔/매장관리 | 아웃바운드TM | 기획/전략/경영 | 인사/노무/교육 | 경리/회계/결산 | 재무/세무/IR | 사무보조/문서작성,,,[호텔롯데] 롯데호텔 부산 L-CREW(체험형 인턴) 채용(4월) [모집부문] - 객실팀 - 조리팀 [전형단계] - 입사지원 > 서류전형 > LIST 검사 > 면접전형 > 신체검사 > 최종합격 [우대사항] - 국가보훈대상자 및 장애인은 관련법 및 내부 규정에 의거하여 우대 - 관련 업무 경력 보유자 우대 - 외국어 가능자 우대 [근무조건 및 대우] - 주 5일 근무 및 4대 보험 적용 - 급여 조건에 관해서는 당사 사규에 따름 - 명절 격려금 지급 - 롯데 계열사 임직원 할인 우대 적용
311088,(주)모먼트랩,2026년 가축위생방역지원본부 서포터즈 모집공고,,,,,"2026년 가축위생방역지원본부 서포터즈 모집공고 ● 지원자격 - 가축질병, 방역 등에 관심이 많은 대학(원)생과 일반인 ● 공모주제 - 가축위생방역지원본부 홍보 콘텐츠 확산을 위한 SNS 활동 ● 공모일정 - 접수기간 2026. 03. 26(목) ~ 04.06(월) ● 접수방법 - 신청서(네이버폼) 작성 후 제출 ● 심사기준 1) 온 국민이 공감할 수 있는 소통형 콘텐츠 제작이 가능한지 2) 월 1건 이상의 블로그 포스팅, 영상 제작 과업을 성실히 수행하는지 3) 오픈채팅 및 카페 등을 통한 실시간 피드백 및 아이디어 공유에 적극적인지 ● 유의사항 - 제출서류 미비 시 접수 불가, 제출된 서류는 일체 반환되지 않습니다. - 사실에 기반된 정보를 바탕으로 제작해야 하며 기관 정책 및 사업 등과 다른 내용이 포함되지 않도록 주의할 것 - 타인의 콘텐츠, 이미지, 영상 등 사용 할 경우(저작권 준수하지 않은) 기관 이미지 훼손성이 있으므로 사용하지 않을 것 ● 문의사항 help@moment-lab.kr"
311085,카카오모빌리티,내부감사(IT) 담당자,EXPERIENCED,,,,"내부감사(IT) 담당자 접수 기간 2026-03-26 ~ 상시모집 모집부문 및 상세내용 내부감사(IT) 담당자(0명) 채용 형태 - 경력 [담당업무] - 감사 ​업무와 관련된 ​주요 데이터와 지표 분석 및 처리, 데이터 기반 의사결정 기여 - 내부감사 및 경영진단을 통한 개선 사항 도출 및 사후관리 업무 - 감사 업무와 관련된 IT 내부통제 환경 점검 - 정보보안 및 정보보호 체계에 대한 모니터링 등 [지원자격] - IT 인프라, 보안 시스템, DB, OS에 대해 높은 이해도를 보유하신 분 - IT 및 감사업무(내부감사, 경영진단, 제보 조사 등) 관련하여 최소 5년 이상 경험을 보유하신 분 - 엄격한 윤리관, 전문가적 성실성, 타인에 대한 이해와 공감 능력을 보유하신 분 [우대사항] - CISA, CISSP, CIA 등 감사 관련 또는 IT 관련 자격 보유자 - IT 및 감사업무 분야 관련 업무 경험자 - 감사 관련 컨설팅 업무 수행 경험을 보유하신 분 자격요건 학력 학력무관 근무조건 급여 회사 내규에 따름 근무지역 경기 성남시 분당구 판교역로 152 카카오모빌리티 전형 절차 Step1 서류전형 Step2 1차 인터뷰 Step3 2차 인터뷰 Step3 최종합격 지원 기간 및 방법 접수기간 2026-03-26 ~ 상시모집 접수방법 홈페이지 지원 유의사항 허위 사실이 발견될 경우 채용이 취소될 수 있습니다."
311084,더존비즈온/하이미디어,[더존비즈온] 클라우드 부트캠프 과정 / 현직자 멘토링 + 현직자 특강,,,,,🎁교육 혜택 😊 Benefit 1. 더존 ICT 그룹 채용 우대 😊 Benefit 2. 더존비즈온 클라우드 솔루션 및 인프라 실습 자원 제공 😊 Benefit 3. 더존비즈온 현직 엔지니어 멘토링 😊 Benefit 4. AWS Associate 레벨 자격증 시험 지원 😊 Benefit 5. 한국 클라우드 산업협회 회원사 대상 취업지원 프로그램 😊 Benefit 6. 최적의 학습 환경 제공 ----------- 💻 교육 신청 👉 https://start.kdt-douzone.com/
311083,IBM/RedHat/하이미디어,[IBM x RedHat] AI 서비스 풀스택 개발 현직자 특강 + 멘토링,,,,,🎁교육 혜택 😊 Benefit 1. IBM & Red Hat 현직자와 함께하는 기술 멘토링 😊 Benefit 2. IBM & Red Hat Partner 기업 취업 지원 😊 Benefit 3. IBM & Red Hat 솔루션 자원 활용 😊 Benefit 4. IBM & Red Hat 현직자 직강 😊 Benefit 5. 취업 성공을 위한 컨설팅 프로그램 운영 😊 Benefit 6. 최적의 학습 환경 제공 --------- 💻 교육 신청 👉 https://start.hi-kdt.com/
311082,메디쿼터스,[메디쿼터스] [아이웨어:더블러버스] 운영 Staff (계약직),CONTRACT,[아이웨어:더블러버스] 운영 Staff | 콘텐츠/사이트운영 | IT/인터넷 | 고객관리/인바운드 | 영업/고객상담 | e-러닝운영 | 게시판관리 | 사이트운영 | 쇼핑몰•오픈마켓 | 카페•블로그관리 | 컨텐츠운영 | 컨텐츠제작 | 고객관리 | 인바운드 | 자유양식 입니다. | [메디쿼터스] [아이웨어:더블러버스] 운영 Staff (계약직),,,"[메디쿼터스] [아이웨어:더블러버스] 운영 Staff (계약직) [담당 업무] - 계약 관련 서포트 및 필요 서류 작업 (계약서/등기 등) - 신제품/리오더 등 생산 진행 시 필요 서류 작업 (견적서/계약서 등) - 매출, 판매량 및 각 매장 별 재고현황 데일리 체크 - 정산 및 회계 등 사업부 내 ERP 관련 업무 전반 수행 - 불량/반품 등 CS관리 및 유관부서 소통 [자격 요건] - 학력/경력: 무관 (신입 가능) - 엑셀을 포함한 오피스 프로그램 활용이 능숙하신 분 - 책임감과 집요함을 보유하신 분 - 해외여행에 결격사유가 없는 분 - 남성의 경우 병역 의무를 마치거나 면제된 분 [우대 사항] - 인턴 경험이 있으신 분 (단기 무관) - 패션과 아이웨어를 좋아하시는 분"
311081,데브캣,[데브캣] [마비노기 모바일] 클래스 기획자,NEW,"[마비노기 모바일] 클래스 기획자 | 게임기획 | 게임 | IT/인터넷 | 자유롭게 본인을 소개해 주시고 지원하신 분야에 적합하다고 생각하는 이유를 말씀해 주세요. | 플레이한 게임 중 ""인생 게임""이라 생각되는 게임 하나를 고르고, 그렇게 생각하는 이유가 무엇인지, 해당 게임을 플레이하며 겪은 가장 인상적인 경험은 무엇인지 설명해 주세요. | 현재까지 기획하거나 제작한 작업물 중 가장 만족스러운 것 하나에 대해 간단하게 설명해 주세요. | [데브캣] [마비노기 모바일] 클래스 기획자",,,[데브캣] [마비노기 모바일] 클래스 기획자 [주요 업무] - 마비노기 모바일의 전투 직업 기획 - 마비노기 모바일의 전투 시스템 기획 [지원 자격] - 콘텐츠 의도에 맞는 시스템 디자인을 할 수 있는 분 - 플레이어 역할을 고려하여 협동 PvE 컨텐츠를 제작해보신 분 - 기획 내용과 의도를 논리적으로 표현할 수 있는 분 - 다양한 직군 간에 원활한 커뮤니케이션 역량이 있는 분 [우대 사항] - 라이브 서비스 경험이 있는 분 - 전투 시스템 및 콘텐츠를 기획한 경험이 있는 분 - 모바일 / PC MMORPG를 오래 플레이한 경험이 있는 분 - 다양한 문화 콘텐츠를 접해보신 분 - Unity3D 엔진 활용이 익숙한 분
311079,데브캣,[데브캣] [마비노기 모바일] 게임 프레임워크 프로그래머,NEW,[마비노기 모바일] 게임 프레임워크 프로그래머 | 게임개발 | 게임 | IT/인터넷 | 자유롭게 본인을 소개해 주시고 지원하신 분야에 적합하다고 생각하는 이유를 말씀해 주세요. | [데브캣] [마비노기 모바일] 게임 프레임워크 프로그래머,,,"[데브캣] [마비노기 모바일] 게임 프레임워크 프로그래머 [주요 업무] - 마비노기 모바일의 게임 기반 시스템 코드를 작성하고 유지보수합니다. - 시스템 개선 및 자동화를 통해 예측할 수 있는 작업 환경을 만들고 유지보수합니다. - 성능, 안정성, 작업 편의성에서의 기술적인 문제를 분석하고 비효율적인 부분을 개선합니다. [지원 자격] - 컴퓨터공학 전공 또는 그에 상응하는 개발 지식과 경험을 보유하신 분 - 게임 클라이언트와 서버 구조, 그리고 네트워크 동기화에 대한 이해가 있는 분 - 복잡한 기술적 문제를 분석하고 창의적인 해결 방안을 도출할 수 있는 분 - 요구사항을 파악하고 이를 글로 명확하게 정리하여 개발에 반영할 수 있는 분 - 기술적 문제 해결을 위한 건설적인 논의를 즐기시는 분 - 본인이 이해한 바를 잘 설명할 수 있고, 이해하지 못한 것에 대해서는 적절하게 질문할 수 있는 커뮤니케이션 스킬을 가지신 분 * 지원 시 [기타사항] 상단에 안내된 참고사항을 꼭 살펴봐주시기 바랍니다. [우대 사항] - 마비노기 모바일을 즐겁게 플레이하고 있는 분 - 프로젝트의 주요 엔지니어링 문제를 주도적으로 해결한 경험이 있는 분 - 설계 리뷰, 코드 리뷰, 테스트 작성, 자동화를 통해 예측할 수 있는 개발을 지향하시는 분 - 주어진 요구사항이 나온 배경 및 의도를 이해하고, 그에 맞춰 비용이나 효과 면에서 더 나은 해결책을 제안할 수 있는 분 - 낯선 플랫폼이나 환경에 대한 두려움이 없고, 새롭게 알게 된 내용을 공유해 조직 전체의 발전에 긍정적인 영향을 미칠 수 있는 분 - CI/CD와 같은 DevOps 관련 개발 및 관리 경험이 있으신 분 - 프로파일링을 통해 최적화 문제를 해결해 본 경험이 있으신 분 - 안드로이드, iOS 유니티 네이티브 플러그인 개발 경험이 있으신 분"
311076,디알비인터내셔널주식회사,"우주러버들의 우주파티, 유리스나잇코리아 2026 Yuri's Night Korea! 강연, 토크콘서트, 전시·체험, 네트워킹까지!",,,기타,행사 참여,"⭐유리스나잇코리아 2026 Yuri's Night Korea - Moon Walk⭐ 인류 최초의 우주비행을 기념하는 글로벌 파티 유리스나잇(Yuri's Night) 이 올해도 열립니다. 인류의 달 귀환 프로젝트 '아르테미스'와 함께하는 가장 힙한 우주 캠핑 파티 Yuri's Night Korea 2026 강연, 토크콘서트, 전시, 체험, 그리고 네트워킹 파티 까지, 하루종일 우주를 보고, 듣고, 맛보고, 이야기할 수 있는 우주 테마의 올데이 페스티벌 🎉 -------------------------------------------------------- 📅 행사 안내 - 주제 : Artemis - 일시 : 2026. 4. 11.(토) 13:00~21:00 - 장소 : 캠퍼스디 서울(서울 영등포구 양평동5가 양평로21길 20) - 프로그램 ① DayLight(13~18시): Back to the Moon (전시, 강연, 토크, 체험 등) ② MoonLight(19~21): Dancing in the MoonLight (네트워킹 파티, 관측 등) - 참가비 • 무료 : 전시·체험 • 유료 : 강연·토크 프로그램 참여(1인 20,000원 / 굿즈 포함) • 별도 결제 : 일부 체험 프로그램 현장 결제 - 신청 방법 • 유료 프로그램 참여 희망자만 사전 신청 • 신청 링크: https://forms.gle/nR3imZWcYpvHzUqA7 ※전시·무료 체험만 참여할 경우 별도 신청 없이 현장 등록 가능 - 후원 : DRB스페이스챌린지, 무인탐사연구소, 과학카페 쿠아 등 - 문의 : • yurisnightkorea2011@gmail.com • http://www.yurisnightkorea.net/ ------------- 🎙 <프로그램 상세> 🌞 Daylight Session – Back to the Moon 13:00~18:00 강연, 토크, 전시·체험 중심의 메인 프로그램 운영 ① 강연 & 토크 프로그램(유료) 🔹 메인 오프닝 강연(13:00~14:00) • 왜 우리는 지금 다시 달로 가는가? - 곽재식 작가 Apollo & Artemis, 왜 우리는 지금 다시 달로 가는지에 대한 인사이트 제공 🔹 미들 세션(14:00~17:00) [아르테미스 미션] • 다누리 미션 프로젝트, 오늘도 달로 출근합니다 - 정민섭 박사 (한국천문연구원) • Moon Village, 달 기지 건설 - 정준수 박사 (한국건설기술연구원) • K-라드큐브 프로젝트 - (한국천문연구원) [우주 × 라이프스타일 (먹고사니즘)] • 우주 식량 with KoSBA - 조태진 교수 (고려대학교) • 우주 공간 디자인 with KAIST - 박현준 교수, 강은주 연구원 (KAIST) • 우주에서의 삶 with KoSBA - 김규성 교수 (인하대학교병원) [우주 × 비즈니스] • 전쟁과 우주산업 - 박시수 대표 (스페이스레이더) • 우주광물, Next Gold?! - 김경자 센터장 (KIGAM) [우주 × 예술] • [토크X체험] 달, 항아리를 만나다 (김효지 작가) • [토크X체험] 우주 식량 품평회 (구디 프로젝트) 🔹 메인 클로징 강연 : 비하인드 아르테미스 + 패널 토크 • 아르테미스 이후의 세계 ‣ 아르테미스 프로젝트가 일상화된 이후의 삶·사회·세계에 대한 인사이트 제공 ② 전시 및 체험 프로그램 (무료/일부 유료) 13:00~17:00 상시 운영 • 천문·우주 관련 기관/기업/단체의 전시·체험·홍보 부스 약 20개 • 주요 체험 콘텐츠 - 아르테미스 브릭 미션 체험 - 우주 음식 체험-우주 인증 식품 시식회 등 🌙 After Party Session – Dancing in the Moonlight 18:00~21:00 더 자유롭고 가까운 우주 네트워킹 파티 • 캠프파이어 X 프리 토크: 캠프파이어존에서의 그룹별 스몰토크 • 천체 관측 X 프리 토크: 옥상 천체 관측 + 자유 네트워킹 • 토크X감상: SF 문학·영화·문화예술을 함께 이야기하는 시간 🏅 이벤트 : 스페이스 챌린지 미션 수행 시 한정 뱃지 + 패치 증정! 모두 도전해보세요. ------------- - 문의 및 정보 📧 이메일 : yurisnightkorea2011@gmail.com 🌐 공식 홈페이지 : www.yurisnightkorea.net"
311075,데브캣,[데브캣] [마비노기 모바일] 연구 개발 프로그래머,NEW,[마비노기 모바일] 연구 개발 프로그래머 | 게임개발 | 게임 | IT/인터넷 | 자유롭게 본인을 소개해 주시고 지원하신 분야에 적합하다고 생각하는 이유를 말씀해 주세요. | [데브캣] [마비노기 모바일] 연구 개발 프로그래머,,,"[데브캣] [마비노기 모바일] 연구 개발 프로그래머 [주요 업무] - 마비노기 모바일의 코드를 작성하고 유지보수합니다. - 게임 라이브 서비스 중 발생하는 이슈에 대응해 서비스 안정성을 유지합니다. - 신기술을 탐색하고 적용합니다. - 과정을 문서화하고 공유하여 협업합니다. [지원 자격] - 컴퓨터공학 전공자 또는 관련 분야 전공하신 분 - C#과 유니티에 대한 기초 지식이 있는 분. - 복잡한 기술적 문제를 분석하고 창의적인 해결 방안을 도출할 수 있는 분. - 기술적 내용을 명확하게 설명하고, 필요한 부분은 적극적으로 질문할 수 있는 분. - 요구사항을 파악하고 이를 글로 명확하게 정리하여 개발에 반영할 수 있는 분. [우대 사항] - 마비노기 모바일을 즐겁게 플레이하고 있는 분. - C# 언어와 Unity 엔진에 대한 3년 이상의 실무 경력자. - 프로젝트의 주요 엔지니어링 문제를 주도적으로 해결한 경험이 있는 분. - 게임 개발과 프로그래밍 관련 지식을 익히고 스킬을 향상시키는 것을 즐기시는 분. - 신기술 적용이나 기술 연구 개발 경력이 있는 분."
311072,러닝스푼즈,[인턴십 연계] 2026 서울형 청년인턴 직무캠프 : AI 경영사무 인턴십 과정,,,,,"[지원자격] 주민등록등본상 서울시에 거주하는 만 18세~34세 청년 (접수마감일 '26.4.7. 기준) ※ 외국인 신청 가능, 자세한 요건은 사전 신청 이후 안내 예정 [우대사항] 인턴십 종료 이후 취업 의지가 강하신 분 [모집개요] 모집정원 : 95명 모집기한 : ~ 26.04.07(화) 18:00 면접일정 : 4월 3주차 (개별 선택 후 안내 예정) 기업매칭 : 사전직무 교육 후 기업 매칭 및 인터뷰 진행 (4.22 ~ 5.20) [과정개요] 교육일정 : 2026.04.22 (수) ~ 2026.05.20 (수) 인턴일정 : 2026.05. ~ 2026.09. (4개월 간 진행) 사후관리 : 2026.10. ~ 2026.12. (정규직 전환 및 취업 지원) 커리큘럼 : 경영사무 직군 맞춤형 AI·바이브 코딩 실무 ※ 자세한 과정은 접수 페이지 참고 [수강혜택] 수강료 0원 (전액 무료) 월 인턴 참여비 최대 250만 원 제공 중견/대기업 등 4개월 인턴십 연계 매칭 1:1 서류/면접 컨설팅 등 맞춤 사후 관리 지원 [신청방법] 아래 링크 접속 후 페이지 내 '상담 신청하기' 폼 작성 및 접수 링크 : https://learningspoons.com/premium/career-ai-intern [문의] 러닝스푼즈 비즈니스교육팀 Phone : 070-5015-0131 E-mail : business@learningspoons.com"
311071,벤처기업협회,[마감임박] 서울시 매력일자리 콘텐츠 마케터 양성과정,,,기타,활동비 | 인턴쉽 기회,"📌 모집 대상 - 서울시 거주 만 18세 ~ 39세 미취업 청년 *공고일 기준 (3/31(화)) 주민등록등본 상 서울 거주 인원 *공고일 기준 (3/31(화)) 고용보험 가입되어 있지 않은 인원 📌 교육 안내 1) 교육일정 - 2026.04.15.(수) ~ 2026.06.17.(수) (2개월) - 평일 10:00 ~ 18:00 (1일 7H) 2) 교육장소 - 서울 중구 장충단로 247 스페이스쉐어 중부센터 9층 교육장 3) 교육과정 [이론 및 실습] - AI 발전에 따른 마케터의 업무 변화 및 최신 디지털 마케팅 트렌드 - 생성형 AI 툴을 활용한 콘텐츠 기획 및 제작 (나노바나나, 피그마AI, 포토샵, 뱁믹스 등) - 광고 운영 실습 및 성과 분석 (META, 인스타그램, 네이버검색광고, 카카오모먼트 등) [실무 프로젝트] - 실전 채용기업 PBL 프로젝트 - 결과물 기반 포트폴리오 맞춤형 컨설팅 지도 [취업지원 및 인턴십] - 채용기업 설명회 및 인턴십 매칭데이 - 취업역량강화, 예비 신입사원 공통 소양교육 - 최종 프로젝트, 포트폴리오 제작 및 멘토링 🎈 참여혜택 - 수료 후 서울시 내 기업 3개월 인턴십 연계 - 인턴 기간 중 월 253만원 급여 지급 - 교육 80% 수료 시 1일 25,000원 교육비 일괄 지원 (최대 100만원 지급) - 노트북 무상 렌탈 및 실습비 전액 무료 지원 - 전원 포트폴리오 첨삭 및 제작 지원 - 인턴십 종료 후 정규직 전환 지원 💡 지원방법 ▶ 아래 두 단계를 모두 진행해주셔야 정상적으로 신청이 완료됩니다. 1️⃣ 온라인 구글폼 접수 신청 링크: https://forms.gle/2KCg3Hm5uZEPWck2A *접수 시 작성하신 이메일로 즉시 신청서 양식 발송 2️⃣ 신청서 작성 후 kova19951202@gmail.com로 메일 제출 📌 신청기간 - 신청기간: ~ 26.03.31.(화) 23시 59분까지 ☎️ 문의처 (사)벤처기업협회 운영사무국 (T) 02-6235-5180,5077 (M) kova19951202@gmail.com"
311070,데브캣,[데브캣] [마비노기 모바일] 시스템/UX 기획자,NEW,"시스템/UX 기획자 | 웹기획/PM/웹마케팅 | IT/인터넷 | PM | UI기획 | 개발 매니저 | 로그분석 | 모바일기획 | 사용자평가 | 쇼핑몰기획 | 스토리보드 | 웹서비스기획 | 제안•컨설팅 | 컨텐츠기획 | 마비노기 모바일을 플레이하며 특히 인상적이었다고 느낀 UI 요소와, 그렇게 느낀 배경을 알려주세요. | 마비노기 모바일을 플레이하며 개선이 필요하다고 느낀 UX 지점이 있다면, 그 이유와 함께 설명해 주세요 | 최근 경험한 불편한 게임 UI/UX 경험 한 가지를 선택해, 문제를 어떻게 정의하고 개선할지 설명해 주세요. | [데브캣] [마비노기 모바일] 시스템/UX 기획자",,,"[데브캣] [마비노기 모바일] 시스템/UX 기획자 [주요 업무] - 시스템 기획: 마비노기 모바일의 게임 방향성에 어울리는 다양한 시스템을 디자인합니다. - UX 설계: 마비노기 모바일 전반의 UX를 설계하고 공통 UI/UX 가이드라인을 디자인합니다. - 인터랙션 디자인: 플레이어 간 또는 다양한 대상과 사물 간의 상호작용이 매끄럽게 이뤄지도록 인터랙션 방법을 정의하고 디자인합니다. - UI 디자인: 필요한 정보를 적절히 제공하고 쾌적한 플레이가 이뤄질 수 있도록 유저 인터페이스를 디자인합니다. - 데이터 설계: 각 시스템에 어울리도록 데이터 구조를 설계하고 관리합니다. [지원 자격] - 게임 시스템 기획 또는 UX 기획 5년 이상 경력이 있는 분 - 서비스와 사용자에 대한 높은 이해가 있는 분 - 분석적 사고와 논리적인 문서 작성 능력이 있는 분 - 긍정적 마인드와 원활한 커뮤니케이션 능력이 있는 분 - 능동적, 자기주도적인 업무 진행 능력이 있는 분 - 함께 일하는 동료에 대한 존중과 배려가 있는 분 * 직무역량 관련 포트폴리오 제출은 필수입니다. [우대 사항] - 마비노기 모바일 플레이 경험이 많고 이해도가 높은 분 - 모바일 프로젝트 출시/라이브 경험이 있는 분 - 직접 기획하여 실제 론칭/서비스된 UX설계 관련 포트폴리오를 제출할 수 있는 분"
311068,서울청소년센터,[시립서울청소년센터-천사들의합창] 연합 합창 봉사 동아리 31기 단원 대모집,,,,,"📍연합 합창 봉사 동아리 👼천사들의 합창👼 ‼️31기 단원 대모집‼️ 보람과 재미, 화합과 친목을 모두 선사하는 매력 끝판왕 동아리! 👼🏻천사들의 합창👼🏻에서 31기 단원들을 새롭게 모집합니다!! 1. 합창봉사공연을 통해 지역사회와 이웃들에게 사랑과 감동을 전할 수 있는 기회! 2. 합창을 통해 최고로 즐겁게 노래할 수 있는 기회! 3. 여름과 겨울에 있는 정기공연을 통해 잊을 수 없는 추억과 설렘을 만들 수 있는 기회! 4. 다양한 친목활동을 통해 새로운 사람들과 만날 수 있는 기회! 📍모집 기간 - 지원서 접수: 2026.04.30(금) 오후 8시까지 👀 - 면접: 토요일 대면 또는 비대면(ZOOM)면접 (대상자 사전 안내예정) 📍지원 자격 ✅️전공, 성별, 나이 상관없이 노래, 합창에 관심을 갖고 열정적으로 임하 실 수 있는 분 ✅️수도권에서 활동 가능하신 분 ✅️봉사공연, 정기공연에 참여 가능하신 분 ✅️정기연습에 꾸준히 참여하실 수 있는 분 📍지원 방법 - 프로필 링크에 있는 구글 폼 작성 후 제출 https://forms.gle/qXi8Z5UdsXUCM3jb8 📍활동 시간 - 언제? 매주 토요일 오후 1시 (2~3시간) - 어디서? 시립서울청소년센터 (을지로3가역_2호선, 3호선) 📍부국 설명 1. 대외국🌍 : 대외 업무를 담당하는 부국! 주로 공연 봉사 장소 및 정기 공연 장소 섭외와 사전 답사, 일정 조율 등의 업무를 진행합니다. 2. 홍보국🎨 : 천사들의 합창 공식 SNS 계정 관리로 홍보를 담당하는 부국! 홍보에 사용되는 영상이나 포스터, 공연 티켓과 팜플렛 등의 디자인 업무를 겸하고 있습니다. 3. 교류국🙌 : 동아리 부원 간의 친목 콘텐츠를 기획하고 진행하는 부국! 마니또 게임, MT, 레크레이션 등을 기획 및 진행함으로써 화기애애한 동아리의 분위기를 형성합니다. 📍천사들의 합창에 대해 더 알고싶다면? 🔸유튜브: www.youtube.com/channel/UC0GlH64CbRQnHT-LKdDpefA 🔸네이버카페: cafe.naver.com/1000hap 🔸인스타그램: 1000hap_official 📌Q&A Q1. 악보를 잘 읽지 못하는데, 동아리에 잘 적응할 수 있을까요? A1. 합창을 열심히 하려는 의지만 있다면 충분히 잘 적응할 수 있습니다! 또한 대부분의 단원들이 비전공자로 이루어져 있으니, 합창을 어렵게 생각하지 마시고 편하게 지원해주세요. Q2. 구체적으로 어떻게 운영되는 동아리인가요? A2. 저희는 일주일에 한 번씩 시립서울청소년센터에 모여서 2~3시간동안 연습을 진행하며, 연습한 곡들을 바탕으로 봉사공연과 정기공연을 준비합니다. Q3. 천사들의 합창의 운영주체는 누구인가요? A3. ’단원들‘에 의해 자치적으로 운영되며, 정치, 종교, 시민단체와 전혀 관련이 없습니다. 본 동아리는 반기 마다 단장, 부단장, 총무를 선출하여 동아리를 운영하고 있고, 국장 3명을 추가 선출하여 부국을 관리하고 있습니다. Q4. 회비가 있나요? A4. 네! 매달 회비를 받고 있습니다. 회비는 단원들의 복지, 지휘자-반주자의 임금, 공연장 대관비에 쓰입니다. 회비 사용 내역은 단원들에게 투명하게 공개됩니다. (동아리 운영 상황에 따라 소폭 인상 가능성 있습니다.) Q5. 천사..? 기독교, 천주교 동아리인가요? A5. 저희 동아리는 그 어떤 종교도 표방하지 않습니다. 📍문의사항 단장 전민제 010-6360-5591 부단장 이규빈 010-3310-4460 카카오톡 플러스친구: 천사들의 합창 ❤️많은 관심과 지원 부탁드립니다❤️"
311066,데브캣,[데브캣] [마비노기 모바일] UI 디자이너,NEW,UI 디자이너 | UI•UX 디자인 | HTML/퍼블리싱/UI개발 | IT/인터넷 | 자유롭게 본인을 소개해 주시고 지원하신 분야에 적합하다고 생각하는 이유를 말씀해 주세요. | [데브캣] [마비노기 모바일] UI 디자이너,,,"[데브캣] [마비노기 모바일] UI 디자이너 [주요 업무] - 마비노기 모바일 게임 UI 그래픽 디자인 - 마비노기 모바일의 디자인 시스템 제작 [지원 자격] - UI 디자인 툴 (Sketch/Figma/Photoshop/Illustrator 등)을 사용할 수 있는 분 - MMORPG와 모바일 플랫폼 UI/UX에 대한 이해가 있는 분 - 긍정적이고 풍부한 에너지를 보유하신 분 [우대 사항] - 라이브 서비스, 글로벌 서비스 경험이 있는 분 - 유니티 엔진에서의 GUI 구현 이해도가 높은 분 - 정지된 화면만이 아닌 인터랙션과 모션을 염두한 화면 설계가 가능한 분 - 일관성과 확장성을 고려한 시스템 설계 능력을 갖춘 분 - Sketch/Figma/Protopie/Framer 등 UI 전문 그래픽 툴과 프로토타이핑 툴 사용이 가능한 분 - 마비노기 또는 다른 MMORPG를 오래 플레이 한 분 - 하나 이상의 모바일 게임을 꾸준히 플레이하고 있는 분 - 본인만의 취미 장르에 조예가 깊은 분 - 유연한 사고와 원만한 커뮤니케이션이 가능한 분"
311065,데브캣,[데브캣] [마비노기 모바일] 게임플레이 프로그래머,NEW,[마비노기 모바일] 게임플레이 프로그래머 | 게임개발 | 게임 | IT/인터넷 | 자유롭게 본인을 소개해 주시고 지원하신 분야에 적합하다고 생각하는 이유를 말씀해 주세요. | [데브캣] [마비노기 모바일] 게임플레이 프로그래머,,,"[데브캣] [마비노기 모바일] 게임플레이 프로그래머 [주요 업무] - 마비노기 모바일의 게임로직/툴/UI 코드를 작성하고 유지보수합니다. - 작업 명세서(게임디자이너가 작성한 기획서나 다른 프로그래머가 작성한 사양서 등)를 읽고 설계 & 구현합니다. - 작업 명세서에서 빠져 있거나 잘못된 부분을 찾아내고, 토론을 거쳐 개선합니다. - 동료들이 게임을 만드는 일을 효율적으로 할 수 있도록 작업 환경을 만들고 개선합니다. - 게임 라이브 서비스 중 발생하는 이슈에 대응해 서비스 안정성을 유지합니다. [지원 자격] - C# 언어에 대한 숙련된 활용 능력을 갖춘 분 - 게임 클라이언트와 서버 구조, 그리고 네트워크 동기화에 대한 이해가 있는 분 - 컴퓨터공학 전공 또는 그에 상응하는 개발 지식과 경험을 보유하신 분 - 본인이 이해한 바를 잘 설명할 수 있고 이해하지 못한 것에 대해서는 적절하게 질문할 수 있는 커뮤니케이션 스킬을 가지신 분 - 요구사항을 정확히 파악하고 이를 글로 명확하게 정리하여 개발에 반영할 수 있는 분 - 코드로 구현된 게임 규칙이 실제 게임플레이로 어떻게 체험 될지 구체적으로 상상할 수 있는 분 * 지원 시 [기타사항] 상단에 안내된 참고사항을 꼭 살펴봐주시기 바랍니다. [우대 사항] - 마비노기 모바일을 즐겁게 플레이하고 있는 분 - 신규 게임 상용화 경험 또는 게임 라이브 개발 경험을 보유하신 분 - 모르는 것을 배우는 데 적극적이고, 배운 내용을 정리하고 공유해서 조직 전체의 발전에 긍정적인 영향을 미칠 수 있는 분 - 게임로직을 개발하는 과정에서 동료들과 커뮤니케이션을 원활하게 진행할 수 있을 정도로 MMORPG를 이해하고 있는 분 - Unity 엔진에 대한 깊은 이해를 갖춘 분 - MOD를 개발하여 실제 유저 대상으로 배포·운영한 경험이 있는 분 - Lua, Python 등 스크립트 언어를 게임 개발에 사용한 경험이 있는 분"
311064,사단법인 유쾌한반란,[2026 카카오뱅크 스칼라십] 나의 세계를 넓혀갈 장학생을 모집합니다!,,,기타,활동비,🎓 [2026 카카오뱅크 스칼라십 ] 나의 세계를 넓혀갈 장학생을 모집합니다 ! 카카오뱅크 스칼라십은 대학생들이 경제적 여건에 구애받지 않고 학업과 성장을 이어갈 수 있는 환경을 지원합니다 . — 💬 이런 분들을 찾습니다 ▪ 생활비 부담으로 학업에 집중하기 어려운 청년 ▪ 경제적 여건으로 진로 탐색이나 자기계발의 기회를 미뤄온 청년 ▪ 일상의 변화와 새로운 경험을 통해 성장의 계기를 만들고 싶은 청년 💡 지원 내용 ▪ 학업 지속 장학금 : 학기별 150 만원 × 2 회 ( 총 300 만원 ) ▪ 성실 참여 인센티브 : 새로운 경험하기 미션 7 회 완료 시 50 만원 추가 지급 * 생활비 및 자기계발 등 자율적으로 사용 가능합니다 . 👀 지원 자격 ※ 아래 3 가지 요건을 모두 충족해야 합니다 . ▪ 2026 학년도 1·2 학기 연속 재학 예정인 4 년제 대학생 ▪ 재학생 (2~6 학기 ) 또는 졸업예정자 ( 최종학년 ) ▪ 한국장학재단 학자금 지원구간 5 구간 이하 또는 기준 중위소득 100% 이하 📆 모집 기간 ▪ 2026.3.26( 목 ) ~ 4.19( 일 ) 📍 지원 방법 ▪ 유쾌한반란 홈페이지 (queran.or.kr) → 카카오뱅크 스칼라십 → 모집공고 → 접수하기 📞 문의 ▪ 02-6959-8649 ▪ 또는 유쾌한반란 홈페이지 ' 질문하기 '
311062,한국교육학술정보원,[모집] 2026년 RISS 서포터즈 ‘PLAY RISS 8기’ 모집,,,파워블로거/SNS | 콘텐츠 기획/제작 경험,활동비 | 수료증 및 인증서,"[ 모집 ] 2026 년 RISS 서포터즈 ‘PLAY RISS 8 기 ’ 모집 안녕하세요 . 한국교육학술정보원입니다 . 학술연구정보서비스 (RISS) 를 효과적으로 홍보하고 다양한 활용 사례를 발굴하기 위해 「 2026 PLAY RISS 서포터즈 」 를 다음과 같이 모집하오니 많은 관심과 참여 바랍니다 . 1. 모집 개요 ◦ 모집 대상 : 국내 대학 ( 원 ) 재학생 ※ 활동 기간 내 학생 신분 유지 필수 ( 휴학생 가능 ) ※ 2026 년 8 월 졸업 예정자 지원 불가 ◦ 모집 인원 : 9 명 ◦ 활동 기간 : 2026 년 5 월 ~ 11 월 2. 주요 활동 ◦ RISS 서비스 홍보 콘텐츠 제작 ( 카드뉴스 , 영상 등 ) ◦ RISS 서비스 홍보를 위한 굿즈 제작 ◦ RISS 활용 사례 발굴 및 서비스 개선 아이디어 제안 3. 활동 혜택 ◦ 서포터즈 활동 지원 ◦ 서포터즈 수료증 발급 ◦ 우수 서포터즈 선정 ◦ 제작 콘텐츠 RISS 공식 채널 게재 ◦ 홍보 콘텐츠 제작 역량 강화를 위한 교육 제공 4. 지원 방법 ◦ 지원서 작성 및 제출 ( 지정 양식 , 붙임파일 참조 ) ◦ 제출처 : tjswn8788@keris.or.kr( 메일 제출 ) ※ 포트폴리오 제출 가능 (PDF 1 개 파일 형태 ) ※ 영상 콘텐츠 별도 제출 가능 ( 최대 2 개 ) 5. 선발 일정 ◦ 모집 기간 : 3 월 20 일 ~ 4 월 2 일 ◦ 합격자 발표 : 4 월 24 일 ( 금 ) 18:00 ◦ RISS 홈페이지 (riss.kr) 공지사항을 안내 및 선발 서포터즈 개별 연락 ※ 상기 일정은 내부 사정에 따라 변경될 수 있음 ※ 발대식 참석 필수 (5 월 7 일 ( 목 ) 11:00 ~ 16:00 예정 ) 📞 문의 : 한국교육학술정보원 김선주 연구원 (053-714-0931 / tjswn8788@keris.or.kr) 자세한 내용 및 지원서 양식은 붙임 파일을 참고해주시기 바랍니다 . 감사합니다 ."
311061,(주)마중물알앤이,[부산 남구] 실제 기업 연계 기획 역량강화 프로그램,,,콘텐츠 기획/제작 경험 | 기타,전문가/임직원 멘토링 | 수료증 및 인증서,"기획 직무 실무자 양성 과정이란 ? - 지역 기업의 실무 문제를 해결하기 위한 전략 아이디어를 제안하는 프로그램 - 담당 기업 실무진과 기획 전문 멘토들과의 협업을 기반으로 , 실무에 가까운 경험을 해볼 수 있는 기회 [ 모집 일정 ] - 참여자 모집 : 3/23( 월 ) ~ 3/31( 화 ) - 합격자 발표 : 4/1( 수 ) - 활동 기간 : 4/2( 목 ) ~ 5/14( 목 ) * 매주 목요일 17~20 시 정규미팅 진행 ( 장소 : 남구청년창조발전소 ) [ 모집 대상 ] - 남구 거주 ( 또는 활동 ) 미취업 청년 28 명 내외 * ( 필수 ) 주민등록상 남구 거주 또는 남구 대학 재학 / 졸업 [ 지원 방법 ] - 온라인 구글폼 작성 https://forms.gle/eu7VtKqGjWA5WG8F9 [ 참여 혜택 ] - 실제 기업 및 전문가와 함께하는 기획 실무 경험 - 프로그램 수료증 제공 ( 남구청 발급 , 수료기준 충족시 ) - 우수 활동 팀 시상 ( 상장 / 상금 , 남구청 ) - 우수 활동자 채용 연계 ( 일부 참여기업 ) [ 문의처 ] - 카카오톡 오픈채팅 ‘ 기획 직무 실무자 양성과정 ’ 문의 https://open.kakao.com/o/see1cPei - 또는 ㈜ 마중물알앤이 김상원 팀장 (051-518-1559) - 더욱 자세한 내용은 블로그 확인 https://blog.naver.com/mjm_chungjingi/224226435913"
311059,연세IT미래교육원,"AI 활용 실무 프로젝트 기반 풀스택(프론트엔드, 백엔드) 개발자 양성",,,,,"홈페이지에서 자세히 보기 📊 기업과 함께하는 풀스택 개발자 양성과정 AI시대, AI를 활용하여 경력같은 신입, 실무에 바로 투입 가능한 인재! AI 거품? NO! 지금 놓치면 늦는다!! 기업에서 실제로 활용하고 있는 프로젝트 로 현장감 있는 경험! 💻커리큘럼 1. 프론트엔드 기초 2. 프론트엔드 프레임워크 및 라이브러리 3. 백엔드 기초 및 프레임워크 4. 데이터베이스 5. 웹서버 및 배포 6. 버전관리 시스템 PROJ 01 > 입직자 맞춤 프로젝트 : 공공API 활용사이트 구축 PROJ 02 > 클라우드 연동 PMS(예약 및 관리) 솔루션 구축 👀 과정개요 👉 교육기간: 2026.04.22.~2026.11.11 👉 교육장소: 연세IT미래교육원 장안문캠퍼스 👉 교육비용: 본인 부담금 400,000원, 이후 나머지는 모두 국비지원! 👉 교육수당: 매월 최대 800,000원 지급 (국민취업지원제도 1유형 + 훈련수당) (본 수당은 출석률에 따라 차등 지급되며, 훈련 단위기간 80% 미만 출석 시, 훈련수당 지급대상에서 제외됩니다.) 👉 수강혜택: 전과목 교재 증정, 1:1 맞춤형 취업 지원, 수료 후 최대 6개월 취업 관리 ✋ 모집대상 - 만 15세 이상으로 직장인이 아니며 취업을 희망하시는 분 - 내일배움카드 발급이 가능하신 분 - 풀스택 개발자로 취업을 희망하시는 분 - 오프라인 교육에 성실한 참여가 가능하신 분 ＊ 대학 졸업 예정자 및 재학생도 참여 가능합니다. (졸업까지 남은 수업 연한이 2년 이내일 경우) IT 취업 맛집! 연세IT미래교육원에서 2026년 풀스택 개발자로 성장해보세요! 📞 문의전화: 031-256-2662 (연세IT미래교육원 장안문캠퍼스) 🌏 홈페이지: https://ysedu.or.kr/p/?j=277 #자바 #파이썬 #딥러닝 #R프로그래밍 #개발자부트캠프 #웹개발취업캠프 #AI부트캠프 #국비지원 #코딩부트캠프 #국비지원컴퓨터학원 #코딩국비지원 #소프트웨어 #IT국비지원 #프로그래밍 #IT학원 #취업정보 #내일배움카드 #풀스택 #프론트엔드 #백엔드 #클라우드 #데이터베이스 #수원웹개발학원 #수원백엔드학원 #수원개발자학원 #수원국비지원학원 #수원국비지원"
311058,주식회사 매드업,LEVER Xpert 영상 콘텐츠 제작 인턴 (체험형) 채용,INTERN,LEVER Xpert 영상 콘텐츠 제작 인턴 (체험형) | 온라인마케팅 | 마케팅/PR/분석 | 마케팅/광고/홍보 | 영상디자인 | 광고/시각디자인 | 디자인 | 광고디자인 | LEVER Xpert 영상 콘텐츠 제작 인턴에 지원한 동기와 본인이 해당 직무에 적합한 이유를 작성해주세요. | LEVER Xpert 영상 콘텐츠 제작 인턴 (체험형) 채용,,,"CSM팀 CSM(Customer Success ​Management)팀은 ​솔루션 ​사업 부문 ​사업개발실 산하 조직으로, ​매드업의 ​마케팅 자동화 ​솔루션인 LEVER Xpert(레버-엑스퍼트)의 ​고객사들의 성공을 ​견인하는 ​팀입니다. 디지털 마케팅에 ​대한 ​지식을 ​갖춘 솔루션의 전문가들로 ​구성되어 ​있으며, 신규 고객사들을 ​위한 ​온보딩부터 ​고객사들의 목표 달성, ​리텐션에 이르기까지 ​전 ​과정에 함께하며 ​매드업과 고객사의 ​비즈니스 ​동반 성장을 이끌어 ​갑니다. > LEVER ​Xpert(레버-엑스퍼트) 더 알아보기 포지션 소개 주요 업무 - 퍼포먼스 마케팅 산업 트렌드 및 지식 스터디에 기반한 영상 콘텐츠 제작 - 퍼포먼스 마케팅 솔루션 레버 엑스퍼트 (LEVER Xpert) 고객 유입 증대를 위한 영상 콘텐츠 기획 및 제작 (2분 전후 혹은 1분 이하) - 퍼포먼스 마케터를 타겟으로 한 레버 엑스퍼트 홈페이지 및 블로그 콘텐츠 제작 자격 요건 - 영상 콘텐츠 기획 및 제작 능력을 보유하신 분 (툴 무관) - 최소 3개월 이상 풀타임 근무가 가능한 분 - IT 솔루션에 대한 관심도가 있으신 분 우대 사항 - 포토샵, 프리미어 프로 등 Adobe 제작 툴 활용 능력이 높으신 분 근무 조건 - 기간: 3개월 (기간 내 평가에 따라 계약 연장 검토 예정) - 급여: 월 240만원 (세전) 채용 절차 - 서류 전형 > 실무진 인터뷰 > 채용 확정 매드업에 대해 더 알아보기 - 매드업 채용 페이지 - 매드업 인스타그램"
311056,케이씨텍,[케이씨텍] 반도체 소재 생산직(신입/안성) / 연구 생산직 모집(신입/동탄),NEW,,,,[케이씨텍] 반도체 소재 생산직(신입/안성) / 연구 생산직 모집(신입/동탄) [모집직무] 반도체 소재 생산직 연구 생산직 [모집기간] 2026.04.01 (수)까지 [전형절차] 서류전형 > 온라인 인적성검사 > 통합면접&채용검진 > 최종합격
311055,바이오노트,[바이오노트] 항원개발팀 단백질 개발 연구원 채용,"NEW, EXPERIENCED",,,,"[바이오노트] 항원개발팀 단백질 개발 연구원 채용 [모집 직무] 진단용 재조합 항원 단백질 개발 연구원 (정규직) [지원자격] 석사 이상 생명공학, 분자 생물학, 단백질 공학 등 관련 전공자 재조합 단백질 발현 및 정제 경험자 단백질 구조 기반 엔지니어링 경험자 LC, SEC, SDS-PAGE, Western blot 등 단백질 분석 실무 경험자"
311054,현대자동차,[현대자동차] [계약직] 행정지원 (장애인 제한경쟁),CONTRACT,행정지원 | 사무보조/문서작성 | 경영/사무 | 사무/총무/법무 | 사무보조 | OA/문서작성 | 홈페이지관리 | 총무 | 문서관리 | 인허가업무 | 비서 | 법무 | 비품/시설관리 | 특허/저작권업무 | 안내/리셉션 | 현대자동차와 해당 직무 분야에 지원하게 된 동기가 무엇인가요. | 해당 직무에 본인이 적합하다고 판단할 수 있는 이유와 근거/사례를 제시해 주세요. | [현대자동차] [계약직] 행정지원 (장애인 제한경쟁),,,"[현대자동차] [계약직] 행정지원 (장애인 제한경쟁) [직무상세] - 행정지원, 근태 관리, 전표 처리 등 부서 업무를 지원합니다. ■ 행정지원 ㅤ· 경조사, 출장 신청 등 업무 지원 ㅤ· 문서 작업 및 문서 관리 ■ 근태 관리 ㅤ· 부서 근태 입력/관리 ■ 전표 처리 ㅤ· 부서 비용 처리(부서운영비/회의비/교통비 등) [지원자격] · 고등학교 졸업 이상의 학력을 보유하신 분 · '장애인 복지법' 상 등록장애인(복지카드소지자) 또는 '국가유공자 등 예우 및 지원 등에 관한 법' 상 상이등급 기준에 해당하는 분(1~7급) · 해외여행에 결격사유가 없는 분(남성의 경우, 회사가 지정한 입사일까지 병역을 마쳤거나 면제되신 분) · 하기 근무조건에 따라 근무가 가능하신 분 - 근무시간 : 일 8시간(08:00~17:00), 주 5일(월~금) 근무 - 셔틀버스, 기숙사 제공 (*주소지 및 기혼 여부에 따라 제공 가능여부 상이) [전형단계] 1. 지원서 접수(홈페이지)/추천서 제출(이메일) 2. 서류전형 3. 종합면접/인성검사 4. 채용검진 5. 입사"
311053,삼강문학회,삼강문학지 제6호 원고 모집,,,,기타,"삼강문학지 제6호 원고 모집 원고모집 기간 2026년 1월 20일 ~ 3월 30일 자정까지 1) 삼강문학 본상은 이번 제6호 제출작품으로 선정함 2) 시 부문은 3월 13일 시 낭송회 작품을 포함해도 됨 장르 1) 운문분야 : 시, 시조, 동시 (각 3편) 2) 산문분야 : 소설, 희곡, 시나리오, 동화, 평론, 수필 (1편) 제출방법 작품과 함께 집필자 사진, 프로필(약력) 5행 내외를 카톡 등으로 제출 (주소, 연락처, 우편번호) 꼭 기록하여 첨부 바람. 접수방법 이메일 son9465@naver.com (손정원 사무국장: 010-9465-0648) 또는 다음카페 https://cafe.daum.net/gang 혜택 1) 삼강문학회 정회원으로 활동할 기회를 제공함 2) 문학인의 지평을 넓힐 수 있도록 지원함 3) 한국문인협회 및 한국저작권협회에 가입을 지원함 심사기준 1) 분야 제한 없이 우수한 작품을 선정한다. 2) 문학인을 발굴하기 위하여 인원 제한을 두지 않는다. 문 의 김용길 사무총장 : 010-3789-8480"
311052,서울과학기술대학교,2026년 서울과학기술대학교 전국 고교생 문예백일장,,,,상장 수여,"2026년 서울과학기술대학교 전국 고교생 문예백일장 참가 자격 - 현재 고등학교에 재학 중인 고등학생, 또는 동 연령대(2008년 이후 출생자)의 청소년 - 예선 접수일 마감일<2026. 4.20.(월)> 현재 검정고시 미합격자 * 검정고시 합격자는 고교 졸업자로 간주하여 참가 불가함 응모 분야 - 운문(시): 3편 - 산문(소설, 희곡): 1편 - 200자 원고지 60매 분량(약A4용지 8장 내외) [작품은 컴퓨터로 작성하여 A4용지 단면 출력물로 응모(원고지 분량은 한글 프로그램에서 파일> 문서정보> 문서통계 탭에서 확인)] 예선 접수 2026년 4월 16일(목) ~ 4월 20일(월)까지, 우체국 소인까지 유효 응모 방법 및 유의 사항 - 소속 학교장의 참가 추천서와 작품 표지(양식은 서울과학기술대학교 문예창작학과 홈페이지 및 엽서시에서 다운)작성 후 필수 제출 - 응모작품은 반환하지 않으며, 타 대회 수상작은 응모 불가함 - 작품은 참가인의 순수 창작품이어야 하며 타인의 작품을 표절하거나 타 대회 중복 투고작으로 확인될 때 무효로 처리함 - 작품은 컴퓨터(한글파일)로 작성하여 A4용지 단면 출력물로 응모(원고지 분량은 한글 프로그램에서 파일> 문서정보> 문서통계 탭에서 확인) *원고지 형식 사용 금지 - 수상작의 판권은 서울과학기술대학교에 있음 보낼 곳 - 서울시 노원구 공릉로 232 서울과학기술대학교 상상관 616호 문예창작학과 사무실 (우) 01811 - 우편 접수만 가능(방문 접수, E-mail, Fax 불가) 예선 발표 6월 2일(화), 17:00 이후, 서울과학기술대학교 문예창작학과 홈페이지에 공지 본선 백일장 개최 - 예선 합격자로 본인이 지원한 분야로만 참가 - 일시: 6월 13일(토) 14:00~17:00, (예정) - 장소: 서울과학기술대학교 상상관 내 지정장소(자세한 사항은 추후 홈페이지 공지) - 본선 수상자 발표: 7월 10일(금), 17:00 이후, 서울과학기술대학교 문예창작학과 홈페이지에 공지 - 상세 일정은 학내 사정으로 변동될 수 있고, 홈페이지 공지 예정 시상 내용 - 장원 : 2명(분야별 1명), 각 50만원 - 차상 : 4명(분야별 1명), 각 30만원 - 차하 : 6명(분야별 1명), 각 10만원 *학교 예산사정에 따라 상금 지급액이 변경될 수 있음. **상금은 원천징수 원칙에 따라 세금을 공제하고 지급 예정임. (25만 원 초과 시 4.4%) 수상자 장학금 특전 서울과학기술대학교 「박기태 장학금 운영기준」 제4조(선발 대상 및 자격)에 따라 장학금 지급 - 선발대상 및 자격: 본 백일장 수상자(장원,차상) 중 본 대학 문예창작학과에 입학한 신입생 - 지급금액: 수업료 전액 1년간 문 의 문예창작학과 사무실 : 02-970-6292, 6291"
311051,사단법인한국국제봉사기구,2026 성동구 성수관광안내소 KVO 통역자원봉사자 모집,,,사진/영상/디자인 툴 | 콘텐츠 기획/제작 경험 | 외국어,봉사활동시간,"2026 성동구 성수관광안내소 KVO 통역자원봉사자 모집 한국국제봉사기구 (KVO) 에서는 성동구 성수관광안내소를 거점으로 관광객이 많이 찾고 있는 성 수 핫플레이스 지역에서 내 · 외국인을 대상으로 통역 및 관광안내 활동을 지원할 움직이는 관광 안내 통역자원봉사자를 다음과 같이 모집하오니 , 관광안내와 봉사활동에 관심이 있고 성실하게 활동을 해 주실 분들의 많은 참여를 바랍니다 . < 모집개요 > ❍ 모집기간 : 2026. 3. 24( 화 ) ~ 4. 8( 수 ) ❍ 모집인원 : 00 명 ❍ 자격요건 : 외국어 회화 가능자 ( 영어 , 일어 , 중국어 등 ) 만 19 세 ~50 세 , 성별 , 학력 무관 월 4 회 이상 , 6 개월 이상 활동 가능자 ❍ 활동내용 : 성수동 주요 관광지역에서 통역 및 관광 안내 활동 ❍ 활동시간 : 주 1 회 2 시간 이상 오전 :11 시 ~13 시 또는 오후 :14 시 ~16 시 ❍ 봉사인증 : 봉사활동실적인증 (VMS 사회복지자원봉사인증관리 ) ❍ 활동기간 : 2025 년 4 월 18 일 ( 토 )~ 10 월 31 일 ( 토 ) (* 오리엔테이션 4 월 18 일 ( 토 ) 13~16 시 전체 필수 교육 참석 ) ❍ 신청방법 : 포스터 QR 접속 또는 KVO 홈페이지 - 공지사항 -‘KVO 통역봉사단 모집 ’ 클릭 다운받아 작성한 후 성수관광안내소 이메일로 제출 ( 이메일 주소 : seongsuinfo.kvo@daum.net ) ❍ 면접공지 : 2026. 4. 10.( 금 ) 개별공지 ❍ 면접심사 : 2026. 4. 11( 토 ) 10:00~13:00 전화 또는 대면 면접 ❍ 합격발표 : 2026. 4. 14.( 화 ) / 개별공지 ❍ 문 의 처 : Tel. 02-466-2286, 성동구 성수관광안내소"
311050,볼보그룹코리아,[볼보그룹코리아] 서비스직원 채용 (경기센터지사),NEW,,,,[볼보그룹코리아] 서비스직원 채용 (경기센터지사) [접수기간] 2026.03.26 ~ 2026.04.07 [전형절차] 서류전형 > 인적성 검사 > 면접전형 > 건강검진 > 최종합격 [근무조건] 정규직 근무시간 : 8:30 ~ 17:30
311048,행정중심복합도시건설청,"행복도시 20년, 탄소중립·친환경 우수 정책과 시민참여 공모",,,,상장 수여,"행복도시 20년, 탄소중립·친환경 우수 정책과 시민참여 공모 행복도시 20년, 탄소중립·친환경 우수 정책과 시민참여 공모 2040 행복도시 탄소중립 히어로를 찾아라! ○ 공모개요 - 지난 20년간 행복도시에서 추진한 탄소중립·친환경 우수 정책·시민참여활동 등을 청소년 시각에서 바라보고, 시민참여 방안 발굴 등을 위해 아이디어를 여러분의 뜻을 모아 발굴하고자 하오니, 여러분만의 시각과 제안을 들려주세요! 많은 관심과 참여 부탁드립니다. ○ 공모주제 - 지난 20년간 행복도시에서 추진한 탄소중립·친환경 우수 정책, 사업, 시민 참여활동 등 주요 성과를 자유로운 형식으로 표현 ○ 기간 및 일정 - 접수 기간 : 2026.3.23.(월) ~ 04.06.(월) 16:00까지 - 수상작 발표 : 2026년 04월 말(예정) ※ 홈페이지 게시 및 개별통보 ○ 지원자격 - 세종시 소재 중·고등학교 재학생 및 동일 연령 청소년 - 개인 또는 공동 응모 가능 ※ 중복접수 불가 ○ 접수방법 - QR코드 스캔 후 온라인 접수 - (바로가기) ○ 제출내용 - 아이디어를 가장 잘 표현할 수 있는 형태의 작품 및 기획의도와 목적, 향후 활용 등을 포함한 설명글 - (제출형태) 영상, 사진, 그림, 신문, 잡지 등 스토리텔링이 가능한 모든 형태 - 첨부된 신청서식(참여자격 확인 동의서)과 제출할 작품 등을 포함한 압축파일 제출 ○ 시상내역 - 최우수(1작) : 상금 80만원, 행복청장상 - 우수(2작) : 상금 50만원, 행복청장상 - 장려(3작) : 상금 30만원, 행복청장상 ※ 수상자는 향후 주최기관이 운영하는 워크숍('26.05월 중)을 개최할 경우, 필히 참석하여야 하며, 대외홍보 등에 적극 협조해야 함 ※ 제세공과금 본인 부담 ○ 유의사항 - 응모작은 타 공모전에 출품·수상·계약 등이 되지 않은 본인의 순수 창작물이어야 하며, 저작권, 초상권, 지식재산권(음원, 영상, 이미지, 서체 등) 등의 분쟁에 따른 모든 법적 책임은 응모자에게 있음 - 응모자는 응모와 동시에 수상작의 비영리 목적 활용 및 후속 프로그램 운영 시 사진·영상 촬영 등에 동의한 것으로 간주함 - 주최자는 저작권에 대하여 저작권법에 따라 별도 협의하며, 당해 공모와 관련하여 전시, 홍보 등의 이용 목적으로 사용되는 경우 응모자의 동의서 제출로 가능함 - 심사결과가 공모취지 및 목적에 부합하지 않거나 작품 수준이 현저하게 떨어진다고 판단되는 경우 심사위원회의 의결에 따라 수상작 수가 조정되거나, 선정되지 아니할 수 있음 - 수상작 선정 이후에도 수상자와 수상작에 대해 결격 사유가 확인될 경우, 사안에 따라 심사위원회 검토 및 주최자의 판단으로 수상을 취소하고 상금을 환수 조치함 - 이외 공고문에 명시되어 있지 않은 사항은 관련 법규 및 내규·지침에 따름 ○ 문의 - 행정중심복합도시건설청 ☎ 044-200-3248 - 공모 관련 자세한 내용 등은 행정중심복합도시건설청 참조 (바로가기)"
311047,SK플라즈마,[SK플라즈마] Global PJT 담당 QC 경력사원 채용,EXPERIENCED,"Global PFT 담당 QC | 품질관리 | 생산관리/공정관리/품질관리 | 생산/제조 | 화학 | 화학/에너지/환경 | 연구개발/설계 | 문서관리 | 사무/총무/법무 | 경영/사무 | 지원동기 및 이직사유 | 경력사항 상세 | 성장과정 및 성격상 장, 단점 | 입사 후 계획 및 포부 | [SK플라즈마] Global PJT 담당 QC 경력사원 채용",,,"[SK플라즈마] Global PJT 담당 QC 경력사원 채용 [직무] - 시험법 이전 업무 - 제품에 대한 시험법 이전 - 시험법 밸리데이션 문서 작성 - 교육, 훈련 Supervising, ER/PV지원 - QC시험실 셋팅 - 이화학, 생화학, 무균시험 - 원자재, 제품의 이화학시험(HPLC,GC,AAS 등), 생화학시험(ELISA등), 무균시험 - 분석기기 적격성평가 및 관리 - 안정성 시험 수행 [필수사항] - 학력 - 학사 이상 - 전공 - 화학, 화학공학, 생명과학, 제약 등 관련학과 - 경력 - 5년 이상 - 튀르키예 파견 업무 가능자 [우대사항] - QC 시험실 셋팅 유경험자 - 관련업무 유경험자 - 영어 우수자"
311046,국립해양생물자원관,AI 해양 동화책 공모전,,,,상장 수여,"AI 해양 동화책 공모전 ● 참가 자격 - 해양생물과 AI 서비스 활용에 관심있는 국민 누구나 ㅇ 학생부: 초·중·고 학생 및 동 연령대 청소년 ※ 참가자(학생) 인적사항 기입, 보호자 인적사항 별도 작성 ㅇ 일반부 : 대학교(원) 재학생 및 일반인 (2007년생부터) ※ 개인으로만 참여(팀으로 1작품 제작 불가) ※ 2007년생 미만이나 대학(원) 재학 중인 경우 ‘일반’에 해당되므로, ‘일반’으로 지원 ※ 만 14세 미만의 경우 법정대리인의 동의 필요(개인정보보호법 제22조2 제1항) ㅇ 단체 접수 가능 _ 학교/학원 등 기관에서 10명 이상 제출 시 일괄 접수 - 접수하기 – 단체 선택 후 접수 - 접수 시 보호자 대표(선생님 등) 인적사항 기입 - 공모요강 하단 단체접수 양식 작성 및 제출 - 작품 파일 및 참가자별 프롬프트는 압축하여 ZIP파일로 제출 ● 공모 주제 - 해양생물 및 바다를 소재로 한 초등학생 대상 창작 동화 ● 공모 일정 - 작품접수 : 2026년 3월 25일(수) ~ 4월 29일(수) - 온라인클래스 인증 기간 : 2026년 4월 1일(수) ~ 4월 29일(수) - 공개검증 : 2026년 5월 11일(월) ~ 5월 21일(목) ※ 수상작의 1.5배수 대상 공모전 홈페이지를 통해 공개검증 진행 - 결과발표 : 2026년 5월 22일(금) - 시 상 식 : 2026년 5월 30일(토) * 장소 : 국립해양생물자원관(충남 서천군 장항읍 장산로 101번길 75) ※ 상기 일정은 변경될 수 있으며, 공모전 홈페이지 내 공지사항을 통해 안내"
311045,대전광역시 동구청,대전 동구 대학생 서포터즈 DG 프렌즈 4기 모집,,,파워블로거/SNS,활동비 | 수료증 및 인증서,대전 동구 대학생 서포터즈 DG 프렌즈 4기 모집 ● 모집 대상 - 대전광역시에 거주하는 대학생 누구나 📌 휴학생 지원 가능 📌 2026년 졸업 예정자 지원 불가 ● 활동 내용 - 미션을 통한 콘텐츠 제작 - 대전광역시 동구 관련 콘텐츠 제작 및 행사 취재 - 발/해단식 등 서포터즈 관련 행사 참석 ● 모집 기간 - 2026년 3월 25일(수) ~ 4월 17일(금) ● 활동 기간 - 2026년 5월 ~ 11월 ● 운영 일정 - 발대식 진행 > 서포터즈 활동 > 해단식 진행 > 종료 ● 활동 혜택 - 소정의 활동비 지급 및 위촉장 수여 - 최우수서포터 선정 - 전문가 특강 ● 지원 방법 - 네이버 폼 접속 > https://buly.kr/8enCcKs ● 문의 사항 - dlwngkr7074@d-planner.com
311044,두산로보틱스,[두산로보틱스] 기술직 신입 정규직 채용,NEW,,,,"[두산로보틱스] 기술직 신입 정규직 채용 모집분야 협동로봇 생산(기계·조립) 수행업무/전공/자격요건 [수행업무] - 협동로봇의 각 축을 담당하는 로봇 모듈을 조립해요. - 완성된 모듈로 협동로봇 제품을 조립 및 생산해요. - 로봇 검증을 위한 시운전 및 캘리브레이션 공정을 수행해요. - 현장 개선점 발굴 및 개선과제를 수행해 생산수율을 향상시켜요. [자격요건] - 전문대졸 이상 학위소지자 [우대사항] - 기계/자동차/조선공학 등 관련된 전공을 학습하신 분 - 정밀기계조립 경험이 있으신 분 - 수행직무와 관련이 있는 경력을 보유하신 분 - 전기, 기계 등 관련 자격증을 보유하신 분 지역 수원 자격요건 - 전문학사 이상 학위 소지자 - 남자의 경우 병역 이행을 완료하였거나 면제된 자 - 해외여행 또는 해외 근무에 결격사유가 없는 자 - 국가공무원법상 채용결격사유에 해당하지 않는 자 전형절차 서류전형 → DCAT(온라인 인성검사) → 1차 면접 → 경영진 면접"
311043,초록우산 경기1지역본부,2026 기아 AutoLand 화성 서포터즈 모집,,,취재/인터뷰/기사 경험 | 콘텐츠 기획/제작 경험 | 리더십,활동비 | 봉사활동시간,"🌱 2026 기아챌린지 ECO프로젝트 서포터즈 모집 환경을 사랑하는 대학생 여러분을 기다립니다! 🌍 💚 기아챌린지 ECO프로젝트란? 기아 AutoLand 화성의 후원으로 실시되는 **'기아 챌린지 ECO 프로젝트'**는 기아 임직원과 함께 지역 내 아동 및 시민들에게 환경에 대한 소중한 마음과 보전의식을 널리 알리고 아름다운 지역사회를 함께 만들어가는 뜻깊은 환경 보호 사업입니다. 환경 보호에 진심이며 지역사회에 긍정적인 변화를 이끌어갈 열정적인 대학생 여러분의 참여를 기다립니다. 📋 모집 개요 📅 신청기간 2026년 3월 26일(목) ~ 4월 16일(목) 👥 모집대상 화성 및 수원지역에서 활동 가능한 대학교 재(휴)학생 (개별접수) ⏰ 활동기간 2026년 5월 ~ 12월 (총 8개월) 📍 활동장소 기아 AutoLand 화성 초록우산 경기1지역본부 경기도 화성시 및 수원시 일대 🎯 주요 활동내용 📝 환경 콘텐츠 기획 및 제작 환경 문제와 보호에 관한 유익한 기사를 직접 작성하여 시민들의 환경 인식 개선에 기여합니다. 🌿 지역 기반 환경 프로젝트 화성시와 수원시 일대에서 다양한 환경 보전 프로젝트를 직접 기획하고 실행합니다. 👶 지역아동센터 환경 교육 지역 내 아동들을 대상으로 쉽고 재미있는 환경 교육 프로그램을 진행하여 미래 세대의 환경 감수성을 키웁니다. 🤝 정기 모임 및 네트워킹 조별 및 전체 단체 모임을 월 1회 정기적으로 진행하여 활동 내역을 공유하고 서포터즈 간 교류를 다집니다. ✅ 수료조건 월 정기모임 6회 이상 참여 (필수) 발대식 및 수료식 필수 참석 서포터즈 과제 제출 완료 📝 지원방법 1단계: 신청서 다운로드 📥 네이버 카페 접속 공지사항 확인▶ https://cafe.naver.com/kiaeco 2단계: 서류 준비 📋 신청서 작성 및 재학(휴학)증명서 첨부 3단계: 이메일 제출 📧 chajeeyong@chorogusan.or.kr (초록우산 경기1지역본부 차지용 담당자) 🎁 혜택 및 특전 💰 소정의 장학금 지급 성실한 활동 참여자에게 장학금을 지원합니다. ⭐ 봉사활동 실적 인정 VMS 연계를 통한 공식적인 봉사활동 실적 인정 🎁 ECO 서포터즈 기념품 제공 특별한 기념품으로 소중한 추억을 선사합니다. 📚 전문 환경 교육 참여 기회 환경보호 관련 전문 교육 프로그램 참여 기회 제공 📞 문의사항 초록우산 경기1지역본부 차지용 대리 ☎️ 전화: 070-8820-0644 📧 이메일: chajeeyong@chorogusan.or.kr 🌍 환경을 생각하는 마음을 행동으로 옮기고 싶은 열정적인 대학생 여러분의 많은 지원을 기다립니다! 🌿 함께 만들어가는 지속 가능한 미래, 여러분과 함께 시작하겠습니다."
311042,SK플라즈마,[SK플라즈마] Global PJT 담당 생산 DP 부문 경력사원 채용,EXPERIENCED,"생산 DP | 바이오/제약/식품 | 연구개발/설계 | 생산관리/공정관리/품질관리 | 생산/제조 | 생산/제조/설비/조립 | 바이오 | 제약 | 의약품 | 식품가공/개발 | 생산관리 | 공정관리 | 품질관리 | 자재관리 | 환경관리 | 생산 | 제조/가공 | 포장 | 조립 | 검사/검품 | 지원동기 및 이직사유 | 경력사항 상세 | 성장과정 및 성격상 장, 단점 | 입사 후 계획 및 포부 | [SK플라즈마] Global PJT 담당 생산 DP 부문 경력사원 채용",,,"[SK플라즈마] Global PJT 담당 생산 DP 부문 경력사원 채용 [직무] - 생산(DP) - 바이오의약품 (혈액제) 생산 ; 무균충전, 이물검사, 포장공정 - 생산장비 셋팅 및 적격성평가 수행 - 제품표준서, 제조기록서, SOP 등 GMP문서 준비 - 교육, 훈련 Supervising, ER/PV수행 [필수사항] - 학력 - 학사 이상 - 전공 - 생물,미생물,생명과학,화학공학,화학 등 관련학과 - 경력 - 5년 이상 - 튀르키예 파견 업무 가능자 [우대사항] - 신공장 장비/공정셋팅 유경험자 - 관련업무 유경험자 - 영어 우수자"
311041,삼익THK,[삼익THK] 자금 부문 채용전환형 인턴,INTERN,,,,[삼익THK] 자금 부문 채용전환형 인턴 모집분야 자금 담당 채용전환형 인턴 (신입) 제출기간 2026.03.25(수) ~ 04.12 (일) 담당업무 - 매입 채무 지급 - 법인카드 관리 - 퇴직연금 운용 및 지급 관리 - 자금 관련 자료 정리 및 관리 필수 자격 요건 - 학사 (4년제) 이상 - 상경계열 전공자 - MS Office 활용 능력 우수자
311040,(주)한국국제전시,[K-핸드메이드페어 부산 2026] 온라인 서포터즈 '제8기 깔쌈핸드단' 모집,,,파워블로거/SNS | 휴학 중/시간 투자 가능,행사 참여 | 수료증 및 인증서,"핫한 K-핸드메이드페어도 보고 혜택도 받을 깔쌈핸드단 구함!😍 [K-핸드메이드페어 부산 2026] ✨제8기 깔쌈핸드단 모집 (~4/3(금)까지)✨ 온라인 마케팅 경험도 쌓고, K-핸페 부산도 구경하고, 기프티콘까지 받는 일석삼조의 기회! 'K-핸드메이드페어 부산 2026'의 온라인 서포터즈로 활동하실 '제8기 깔쌈핸드단'을 모집합니다! 🎁활동 혜택🎁 1. 'K-핸드메이드페어 부산 2026' 전일(3일) 무료 입장 2. 3만 원 상당의 기프티콘 증정 3. 깔쌈핸드단 활동 수료증 발급 ✔️모집 기간 : 3/25(수) ~ 4/3(금) ✔️합격자 발표 : 4/6(월) / * 홈페이지 공지사항 발표(16시) 및 개별 연락 예정 ✔️활동 기간 : 4/6(월)~5월 17일(일) / 6주간 ✔️모집 인원 및 지원 자격 : 00명 / 개별 SNS 채널 보유 및 온라인 홍보에 자신있는 누구나! ✔️활동 내용 : 매주 미션을 통한 온라인 홍보 활동 ✔️활동 채널 : (필수) 인스타그램, 네이버 블로그 / (택1) 스레드, 유튜브, X(트위터) ▼제8기 깔쌈핸드단 지원 바로가기▼ https://naver.me/Fto9lWRJ ⠂⠄⠄⠂⠁⠁⠂⠄⠄⠂⠁⠁⠂⠄⠄⠂ ⠂⠄⠄⠂☆ [ K-핸드메이드페어 부산 2026 ] 📅 일시 : 2026년 7월 24일(금)-26일(일) 📍 장소 : 부산 벡스코 제2전시장 4홀 [ 문의 ] 📞 02-761-2587/2528 💌 info@k-handmade.com 💻 busanhandmadefair.com * 상기 내용은 주최 측 사정에 의해 일부 변경될 수 있습니다. * 자세한 사항은 홈페이지를 참고해 주시기 바랍니다."
311039,SK플라즈마,[SK플라즈마] Global PJT 담당 생산 DS 부문 경력사원 채용,EXPERIENCED,"생산 DS 부문 | 의약품 | 바이오/제약/식품 | 연구개발/설계 | 생산관리/공정관리/품질관리 | 생산/제조 | 생산/제조/설비/조립 | 생산관리 | 공정관리 | 품질관리 | 자재관리 | 환경관리 | 생산 | 제조/가공 | 포장 | 조립 | 검사/검품 | 지원동기 및 이직사유 | 경력사항 상세 | 성장과정 및 성격상 장, 단점 | 입사 후 계획 및 포부 | [SK플라즈마] Global PJT 담당 생산 DS 부문 경력사원 채용",,,"[SK플라즈마] Global PJT 담당 생산 DS 부문 경력사원 채용 [직무] - 생산(DS) - 바이오의약품 (혈액제) 생산 ; 혈장분획, 정제공정 - 생산장비 셋팅 및 적격성평가 수행 - 제품표준서, 제조기록서, SOP 등 GMP문서 준비 - 교육, 훈련 Supervising , ER/PV수행 [필수사항] - 학력 - 학사 이상 - 전공 - 생물,미생물,생명과학,화학공학,화학 등 관련학과 - 경력 - 5년 이상 - 튀르키예 파견 업무 가능자 [우대사항] - 신공장 장비/공정셋팅 유경험자 - 관련업무 유경험자 - QMS구축 등 관련 업무 경험자"
311037,삼익THK,[삼익THK] 직교 로봇 정밀 스테이지 설계 채용전환형 인턴,INTERN,,,,[삼익THK] 직교 로봇 정밀 스테이지 설계 채용전환형 인턴 모집분야 직교로봇/정밀스테이지 설계 채용전환형 인턴 (신입) 제출 기간 2026.03.25 (수) ~ 04.12 (일) 담당 업무 - 직교 좌표 로봇 및 정밀스테이지 설계 - 제품 도면 작성 및 견적 대응 - 고객 요구사항 분석 및 기술 지원 - 외주업체 관리 및 설계 협업 필수 자격 요건 - 학사 (4년제) 이상 - 기계공학 관련 전공자 - 2D 또는 3D CAD 활용 가능자 - 운전 가능자 선호 자격 요건 - 일본어 소통 가능자 - 자동화 장비 또는 기계 설계 경험자 - 리니어 모션 시스템 관련 지식 보유자
311036,연세IT미래교육원,노코드 AI서비스 개발자,,,,,"홈페이지에서 자세히 보기 ﻿ 📊 지금, 나만의 AI 서비스를 만드는 가장 쉬운 방법 FlutterFlow · Flowise · Supabase · Dart · Figma 누구나 직접 만들 수 있는 실전 기반 AI 서비스 개발 과정 → 352시간 집중 교육으로 ‘AI 서비스 빌더’ 로 성장하기 💻 커리큘럼 1. 드래그 앤 드롭으로 만드는 UI 구조 2. 데이터와 연결하는 '동적 서비스' 만들기 3. 외부 API 연동(실시간 앱 개발) 4. LLM 구조·프롬프트 엔지니어링 - OpenAI 챗봇 구현 5. RAG 기반 검색형 AI 서비스 개발 6. Custom Code - 노코드 이상의 확장성 7. 실전 팀 프로젝트 → 배포 - 아이디어 선정, WBS 작성, Figma 흐름도 - AI 기능 포함 앱 개발 → QA → 디자인 개선 - 구글 플레이 출시 - 포트폴리오 / 이력서 첨삭 / 최종 프로젝트 발표회 👀 과정개요 ✔️ 교육기간: 2026.05.07.~2026.07.09 ✔️ 교육장소: 연세IT미래교육원 장안문캠퍼스 ✔️ 교육비용: 💥 3,029,310원 → 본인부담 30만원💥 ✔️ 교육수당: 매월 최대 90만원 지급 (국민취업지원제도 1유형+훈련수당) (본 수당은 출석률에 따라 차등 지급되며, 훈련 단위기간 80% 미만 출석 시, 훈련수당 지급대상에서 제외됩니다.) ✔️ 수강혜택: 전과목 교재 증정, 1:1 맞춤형 취업 지원, 수료 후 최대 6개월 취업 관리 ✔️ 모집대상: - 만 15세 이상으로 직장인이 아니며 취업을 희망하시는 분 - 내일배움카드 발급이 가능하신 분 - AI 앱 개발자로 취업을 희망하시는 분 - 오프라인 교육에 성실한 참여가 가능하신 분 ＊ 대학 졸업 예정자 및 재학생도 참여 가능합니다. (졸업까지 남은 수업 연한이 2년 이내일 경우) IT 취업 맛집! 연세IT미래교육원에서 2026년 AI 앱 개발자로 성장해보세요! 📞 문의전화: 031-256-2662 (연세IT미래교육원 장안문캠퍼스) 🌏 홈페이지: https://ysedu.or.kr/p/?j=295 #AI #앱개발 #플러터 #다트 #플로우와이즈 #피그마 #자바 #파이썬 #딥러닝 #R프로그래밍 #개발자부트캠프 #웹개발취업캠프 #AI부트캠프 #국비지원 #코딩부트캠프 #국비지원컴퓨터학원 #코딩국비지원 #소프트웨어 #IT국비지원 #프로그래밍 #IT학원 #취업정보 #내일배움카드 #풀스택 #프론트엔드 #백엔드 #클라우드 #데이터베이스 #수원웹개발학원 #수원백엔드학원 #수원개발자학원 #수원국비지원학원 #수원국비지원"
311035,SK플라즈마,[SK플라즈마] Global PJT 담당 기술지원 경력사원 채용,EXPERIENCED,"Global PJT 담당 기술지원 | CAD | 기계설계/CAD/CAM | 연구개발/설계 | 기계 | 자동차/조선/기계 | 지원동기 및 이직사유 | 경력사항 상세 | 성장과정 및 성격상 장, 단점 | 입사 후 계획 및 포부 | [SK플라즈마] Global PJT 담당 기술지원 경력사원 채용",,,"[SK플라즈마] Global PJT 담당 기술지원 경력사원 채용 [직무] - 기술지원 - 튀르키예 신축공장 Utility 장비셋업 / URS 검토.작성 / 밸리데이션 지원업무 - GMP 문서작성 / GMP도면 작성.관리 - Black Utility장비 유지.관리 - 교육, 훈련 Supervising [필수사항] - 학력 - 학사 이상 - 전공 - 기계공학, 시스템공학, 전기/전자공학 등 관련학과 - 경력 - 5년 이상 - 튀르키예 파견 업무 가능자 [우대사항] - 국내.외 신축 제약공장 Utility 셋팅 유경험자 - 해외업무 유경험자 - CAD, 전공관련 기술자격증 소지자 - 영어 우수자 (written & verbal)"
311034,(주)인코스파트너스,[인코스파트너스] 디엑스이(DXE) 디지털광고 모니터링 사무보조 모집,NEW,,,,"[인코스파트너스] 디엑스이(DXE) 디지털광고 모니터링 사무보조 모집 접수 기간 2026-03-26 ~ 2026-03-31 모집부문 및 상세내용 마케팅(0명) 채용 형태 - 신입 - 팀원,사원 담당업무 ㅁ 담당업무 - 디지털 마케팅 사무보조 업무 - 광고 모니터링 및 심의 업무 보조 - 기타 마케팅 관련 사무업무 ㅁ 자격요건 - 디지털마케팅 관련 전공 및 경험자 우대조건 ㅁ 우대사항 - 엑셀 등 OA사용 우수자 우대 - 유관업무 경험자 우대 자격요건 학력 학력무관 근무조건 급여 회사 내규에 따름 근무시간 주 5일(월~금) 09:30 ~ 18:30 근무지역 서울 중구 쌍림동 292 씨제이제일제당센터 지원 기간 및 방법 접수기간 2026-03-26 ~ 2026-03-31 접수방법 이메일 지원 복리후생 4대보험 유의사항 허위 사실이 발견될 경우 채용이 취소될 수 있습니다."
311033,SK플라즈마,[SK플라즈마] Global PJT 담당 QA 경력사원 채용,EXPERIENCED,"Global PJT 담당 | 화학 | 화학/에너지/환경 | 연구개발/설계 | 품질관리 | 생산관리/공정관리/품질관리 | 생산/제조 | 문서관리 | 사무/총무/법무 | 경영/사무 | 지원동기 및 이직사유 | 경력사항 상세 | 성장과정 및 성격상 장, 단점 | 입사 후 계획 및 포부 | [SK플라즈마] Global PJT 담당 QA 경력사원 채용",,,"[SK플라즈마] Global PJT 담당 QA 경력사원 채용 [직무] - 제품 기술이전 업무 - 기술이전 자료 준비/이전 - 제품표준서, 제조기록서 등 준비 - 허가자료 준비 - 교육, 훈련 Supervising, ER/PV관리 - QMS 시스템 구축 및 운영 업무 - 변경/일탈/CAPA 관리 - Contamination control strategy 수행 [필수사항] - 학력 - 학사 이상 - 전공 - 생물,미생물,생명과학,화학공학,화학 등 관련학과 - 경력 - 5년 이상 - 튀르키예 파견 업무 가능자 [우대사항] - EU-GMP 유경험자 - 기술이전 유경험자 - QMS구축 등 관련 업무 경험자 - 영어 우수자"
311032,(주)케이에이디,㈜케이에이디 감염병대응기술연구소 연구원 채용공고,EXPERIENCED,,,,"㈜케이에이디 감염병대응기술연구소 연구원 채용공고 접수 기간 2026-03-26 ~ 2026-04-30 모집부문 및 상세내용 R&D 연구원/정규직 (0명) 1. 회사 소개 ㈜ 케이에이디는 하수 기반 감염병 감시와 AI 기반 질병 예측 기술을 통해 공중보건 · 환경 · 도시 데이터를 연결하는 차세대 디지털 헬스케어 기업입니다 . 국가하수감시체계 (KOWAS) 운영 지원과 환경 , 보건 분야에서 다양한 연구 · 사업 수행 경험을 바탕으로 , 감염병 조기경보와 도시 건강 모니터링이 가능한 데이터 기반 플랫폼을 개발하고 있습니다 . 기업부설연구소인 ‘ 감염병 대응 기술 연구소 ’ 는 환경 시료 분석과 분자 생물학 연구에 특화된 연구 환경을 갖추고 있으며 , Orbitrap Exploris 120 LC-MS/MS, Flow Cytometer, Droplet Digital PCR, QuantStudio 12K Flex PCR, QuantStudio 5 Real-Time PCR 등 최신 분석 장비를 활용해 정밀한 분석과 기술 고도화를 수행하고 있습니다 . 이를 통해 감염병 대응 , 환경 모니터링 , 도시 건강 관리 분야의 혁신적 솔루션을 실현해 나가고 있습니다 . 회사 블로그 : https://blog.naver.com/kactiondecade 2. 모집 분야 박사급 연구원 (0 명 ) 3. 담당 업무 · LC-MS/MS 기반 미량오염물질 ( 항생제 , 의약물질 등 ) 및 데이터 해석 · 연구과제 기획 및 수행 ( 정부 R&D, 국제 협력 등 ) 4. 지원 자격 · 환경공학 , 보건학 , 화학 / 화학공학 , 약학 , 데이터사이언스 등 관련 분야 박사학위 보유자 · 환경 시료 내 미량오염물질 분석 연구 경험 보유자 · 연구과제 수행 및 논문 · 보고서 작성 경험 5. 우대 사항 · LC-MS/MS 기반 미량오염물질 분석 경험자 · AI/ 통계 기반 데이터 모델링 경험자 · 국가 연구과제 수행 경험자 · 영어 커뮤니케이션 및 국제 협력 경험자 6. 근무 조건 · 근무 형태 : 정규직 · 근무지 : 세종특별자치시 조치원읍 세종로 2511, 고려대학교 세종캠퍼스 산학협력관 512 호 · 급여 : 5,000-7,000 만 원 ( 경력 및 역량에 따라 조정 ) · 복지 : - 4 대 보험 , 퇴직금 , 연차휴가 , 육아휴직 - 점심 식대 지원 - 성과 기반 인센티브 - 국내 · 외 학회 및 연구 활동 지원 7. 지원 방법 · 제출 서류 : - 이력서 ( 해당 시 , 연구 실적 목록 ( 논문 , 프로젝트 등 ) 포함 ) - 자기소개서 ( 자유 양식 ) - 접수 방법 : 링커리어 간편지원 - 접수 마감 : 2026.04.30 8. 유의 사항 허위 사실이 발견될 경우 채용이 취소될 수 있습니다."
311031,피에프씨테크놀로지스,Marketing Lead(마케팅 리드),EXPERIENCED,,,,"PFC ​Technologies ""EXTRAORDINARY ​FINANCE ​FOR THE ​ORDINARY"" 보통 사람을 위한 ​보통이 ​아닌 금융 ﻿PFCT는 ​한국은 물론, 진출한 ​모든 시장에서 ​불가능하다고 ​여겨졌던 이정표들을 ​달성하고 ​있는 ​독보적인 금융 기술(Lending ​Tech) ​전문성으로 아시아 금융 ​환경을 ​재편하고 ​있어요. • 대한민국 최고의 ​온투금융사 • B2B AI ​솔루션 ​서비스로 9 ​개국에서 사업을 ​영위하고 ​있는 극소수의 AI ​금융 기술 ​회사 • 대형 테크회사보다 높은 공헌 이익률 약 80%, 분기 손익분기점을 달성하며 빠르게 성장 중인 스타트업 창의적인 사업 전략과 혁신적인 기술력으로 '보통 사람을 위한 보통이 아닌 금융'을 구현할, 한국을 넘어 아시아 전역에서 활약하는 사업 활동에 가슴 뛰는 최고의 인재를 기다리고 있어요. 지금, PFCT와 함께해요! "" 마케팅으로 비즈니스 성장을 주도해 보신 분을 찾습니다. "" PFCT의 마케팅 리드는 퍼포먼스, CRM, 브랜드를 아우르는 마케팅 전략을 설계하고, 제품·사업 부문과 함께 핵심 성장 과제를 직접 추진하는 역할입니다. 채널 단위의 최적화를 넘어, 고객 여정 전반을 설계하고 서비스와 브랜드의 성장을 실제 비즈니스 성과로 함께 만들어갈 분을 찾고 있습니다. PFCT & Marketing Team은, PFCT는 기술과 데이터로 금융의 문턱을 낮추고, 더 많은 사람들의 일상에 의미 있는 변화를 만드는 핀테크 기업입니다. 마케팅팀은 이 변화를 고객에게 닿게 만드는 조직입니다. 투자와 대출을 고려하는 모든 고객이 '크플'을 가장 먼저 떠올리게 하고, 온투 서비스 Top of Mind 브랜드로 자리매김하는 것이 우리팀의 미션입니다. PFCT의 마케팅은 유입이 아니라, '성장'을 만드는 일입니다. 저희의 다음 성장을 함께 만들고 싶다면 지원해주세요! Marketing Lead(마케팅 리드)는, 🚀 합류하면 이런 일을 해요 • PFCT의 전사 마케팅 전략을 수립하고, KPI·예산·실행 계획 전반을 총괄해요 • 퍼포먼스, 콘텐츠, CRM 등 마케팅 전 영역을 통합적으로 운영하며, 마케팅 효율과 성장 구조를 함께 고도화해요 • 고객 여정 전반의 병목을 파악하고, 유입·전환·유지 지표 개선을 위한 과제를 실행해요 • 유료 매체 의존도를 낮추기 위한 오가닉 유입 방안을 기획하고 실행해요 • 제품/사업 조직과 협업하고, 마케팅 각 기능의 실행을 조율해 서비스 개선과 성과 창출로 연결해요 🎯 저희는 이런 분을 찾고 있어요 • 7년 이상 15년 이하의 마케팅 경력과 2년 이상의 팀 매니징 경험, 또는 이에 준하는 경험이 있는 분 • 퍼포먼스, 콘텐츠, CRM 등 다양한 영역에 대한 이해와 운영 경험이 있는 분 • 마케팅 KPI, 예산, 실행 계획을 수립하고 운영해본 경험이 있는 분 • 데이터와 고객 인사이트를 바탕으로 문제를 정의하고 실행으로 구체화해본 경험이 있는 분 • 제품 및 사업 조직과 협업하며 마케팅 성과를 만들어본 경험이 있는 분 ✨ 이런 경험을 가진 분이면 더 좋아요 • 핀테크/금융 도메인에 대한 깊은 관심과 이해도가 있는 분 • B2C 서비스 또는 플랫폼 비즈니스에서 마케팅 전략을 운영하며 성과를 만들어본 경험이 있는 분 • 오가닉 성장 구조 설계 또는 유료 매체 효율 개선 경험이 있는 분 • 제품/서비스 개선, UI/UX 전환율 개선 등 퍼널 전반의 성과 향상 경험이 있는 분 💟 이런 면에서 특별한 포지션이예요 • 서비스와 브랜드의 성장을 함께 고민하는 통합 마케팅 역할을 경험할 수 있습니다. • 제품, 사업, 개발 조직과 긴밀히 협업을 통해 마케팅 서비스 개선과 비즈니스 성과에 연결하는 경험을 할 수 있습니다. 합류 여정에 대해 알려드려요 채용 프로세스 • 서류 전형 → 1차 인터뷰(Job-Fit) → 2차 인터뷰(Culture Fit) → 3차 인터뷰(Final) → 처우 협의 → 최종 합류 지원 서류 • 이력서(필수/자유 양식) • 포트폴리오(선택) • 제출 형식: PDF 파일 권장 안내 사항 • 내부 사정에 따라 채용 일정 또는 절차가 변경될 수 있으며, 변경 시 별도 안내 드릴 예정입니다. • 제출 서류에 허위 사실이 있거나 결격 사유가 확인될 경우, 합격 또는 입사가 취소될 수 있습니다. • Lead 포지션은, 처우 협의 단계에서 평판 조회 전형이 함께 진행됩니다. 채용 문의 • recruit@pfct.co.kr PFCT에 대해 더 자세히 알고 싶다면, 아래 링크를 방문해보세요! 📍 PFCT 홈페이지 📍 PFCT 공식 블로그 '피플로그' ﻿﻿ 📍 PFCT 링크드인"
311030,바인드,[인턴] AMD,INTERN,,,,"35+ 남성들의 라이프스타일을 바꾸는 팀 바인드에서 꼼꼼한 운영으로 성장을 가속시켜줄 AMD 를 찾고 있습니다. | 바인드의 성장 바인드의 시작은 거창한 계획이 아니라 하나의 의문에서 출발했습니다. ""왜 경제적 여유와 시간적 여유를 동시에 가진 35+ 남성들을 위한 모바일 서비스 영역은 비어 있을까?"" 시장에는 오랫동안 이런 가정이 있었습니다. ""35+ 남성은 모바일 서비스에 익숙하지 않고, 소비에도 소극적일거야."" 하지만 우리는 데이터를 통해 그 가정이 잘못되었다는 것을 발견했습니다. 그리고 그 확신을 35+ 남성 패션 플랫폼 athler로 증명하기 시작했습니다. 바인드는 연간 거래액 240배 성장, MAU 303만 돌파, 100억 규모 Series B 투자 유치까지 빠르게 만들어 왔습니다. 이제는 더 큰 성장을 위해, 빠르게 실험하고 결과로 증명하는 동료를 찾고 있습니다. | 일하는 방식 바인드는 하드워킹 하는 팀입니다. 이는 단순히 오래 일하는 것이 아니라, 높은 기준을 스스로 세우고 빠르게 실행하며 끝까지 결과를 만드는 태도를 의미합니다. 우리는 ""충분히 괜찮은 수준""에서 멈추지 않습니다. 여러번 수정하더라도 기준을 낮추지 않습니다. 또한 문제가 발생하면 개인의 탓으로 돌리지 않고, 구조와 방식에서 답을 찾습니다. 우리는 의사결정 권한을 명확히 열어두고, 실행에 필요한 도구와 자율성을 제공합니다. 피드백은 빠르게 주고받고, 기준은 명확하게 공유합니다. 또한 성과는 개인의 노력이 아닌, 팀이 함께 만든 결과라고 믿습니다. | 동료의 한 마디 이 포지션은 단순 운영이 아니라, 비즈니스를 가까이에서 배우는 역할이에요. 기획전 관리부터 브랜드 입점, MD 서포트까지 경험하며 자연스럽게 MD로 성장할 수 있어요. 책임감을 가지고 팀과 함께 움직일 수 있는 분과 함께 성장하고 싶어요! - Ian(이안) / AMD - | 주요업무 - 남성 패션 트렌드 리서치 및 브랜드 소싱을 위한 시장 조사 - 기획전 ·프로모션의 상품 등록, 쿠폰 발급, 페이지 세팅 등의 운영 실무 - 일간 ·주간 판매 데이터 추출 및 기본 지표 모니터링 - 플랫폼 내 상품 정보 검수, 이미지 등록, 콘텐츠 노출 세팅 - 신규 브랜드 직입점 프로세스 안내 및 제휴 관련 기초 서류 관리 | 자격요건 - 패션 이커머스 플랫폼 또는 패션 유통 관련 실무 경험 보유하신 분 - Excel ·Google Sheets 실무 활용 가능하신 분 - 상품 데이터 ·운영 실무를 꼼꼼하고 정확하게 처리하실 수 있으신 분 - 피드백을 빠르게 흡수하고 팀 업무에 능동적으로 기여하는 태도를 보유하신 분 - 남성 패션과 이커머스 플랫폼에 관심을 가지고 계신 분 | 우대사항 - 패션 플랫폼 운영 실무 경험이 있으신 분 - 판매 데이터 기반 기초 분석 및 리포팅 경험이 있으신 분 - 업무 우선순위 판단 및 체계적인 실무 정리 능력을 보유하신 분 | 성장 커리어 - 바인드의 AMD는 단순 운영을 수행하는 역할이 아니라, Brand Owner(MD)로 성장하기 위한 가장 빠른 러닝 포지션입니다 - 이커머스 운영 전반을 경험하며 상품 ·브랜드 ·판매 구조를 입체적으로 이해합니다. - 판매 데이터를 기반으로 ""왜 팔리는지""를 분석하고, MD의 의사결정 방식을 학습합니다. - 성장 속도에 따라 일부 카테고리 또는 브랜드를 직접 담당하며, 기획과 실행을 주도할 수 있습니다. | 합류여정 - 서류전형 → 직무인터뷰 → 컬쳐인터뷰 → 레퍼런스체크 → 처우협의 → 최종합격 - 채용 프로세스는 위와 같이 진행되며, 상황에 따라 변동되는 경우 개별적으로 안내드립니다. | 지원방법 - 지원서류 : 이력서 또는 경력기술서(필수), 포트폴리오(선택) - 문의 : people@bindcorporation.com | 근무조건 - 고용형태 : 6개월 인턴 (성과 및 조직 상황에 따라 정규직 전환 제안 ) - 근무시간 : 시차출퇴근제 (오전 8시 ~ 10시 사이 출근 / 오후 5시 ~ 오후 7시 사이 퇴근) - 근무장소 : 서울특별시 강남구 선정로652(근광빌딩) 3층"
311029,에스엘,[에스엘] 2026년 상반기 사무지원직 수시채용 (전동화사업부 품질팀),CONTRACT,,,,[에스엘] 2026년 상반기 사무지원직 수시채용 (전동화사업부 품질팀) [모집부문] - 전동화사업부 사무지원 [공통 자격요건] - 2년제 전문학사 이상 학위 소지자 - 남성의 경우 병역 의무를 마친 자 혹은 면제된 자 - 해외여행에 결격사유가 없는 자 [공통 우대사항] - 영어 및 외국어 능력 우수자 - 지원 분야 관련 자격증 소지자 <국가유공자 등 예우 및 지원에 관한 법률>에 의한 취업지원 대상자 <장애인 고용촉진 및 직업재활법>에 의한 장애인
311026,리히스토리,역사 동아리 [ 리:히스토리  Re:History ],,,,,"[ 리:히스토리 Re:History ] 역사를 다시 생각해보는 동아리 리:히스토리는 🌱 사료 기반 스터디 🍀 내 관점으로 재해석 🌳 현대로 확장해보는 토론 🍎 결과물과 체험이 있는 동아리입니다. (너무 부담스럽지도 너무 가볍지도 않은 동아리를 지향합니다😉) Q. 혹쉬! 사학과 아니고, 역사 하나도 몰라도 되나요? A. 완전 가능입니다🙂 📚 어떻게 활동하나요? 하나의 주제를 2개월 동안 다룹니다. 사료 확인 → 해석 → 토론 → 정리 → 결과물 제작 → 견학 (주제 예시) 어린 왕은 왜 항상 위험해지는가? 세종의 업적은 왜 특별한가? 이순신의 인간적 면모와 리더십의 현대적 의미 📖 진행 방식 (오프라인 모임은 격주 1회 진행) (1~2주차) 사료 기반 스터디 조선왕조실록, 인물 기록, 사건 자료, 현대의 해석 등을 직접 읽고 사실과 해석을 구분하며 공부합니다. (3주차) 토론 주제 선정 및 토론 진행 토론 주제 예시 : 이순신의 리더십이 지금까지 회자되는 이유는 무엇인가, 우리가 배워야 하고 현대 조직에 적용하면 좋을 이순신의 리더십 (4~5주차) 토론, 발표 내용으로 간단 보고서 작성 (6~7주차) 카드 뉴스 콘텐츠 제작 & 인스타 업로드 (8주차) 견학 활동 & 간단 회고록 작성 🌱지식을 쌓는 데서 끝이 아니라 결과물을 남기는 활동을 지향합니다🍎 - 스터디, 토론 - 인스타 카드뉴스 콘텐츠 - 견학 활동 사진 🛎 운영 방식 - 상시 모집 - 구글폼 지원 → 면접 → 합격여부 안내 - 격주 1회 오프라인 모임, 2개월 단위 프로젝트 진행 - 필수 최소 활동기간 2개월 - 활동 지역 : 서울 내 조율 📪지원 방법: https://forms.gle/EKa7GGYVoybi9k2k9 💌문의처 : https://open.kakao.com/o/sgCIE4mi 📝노션 : https://calico-moth-948.notion.site/Re-History-297c1b38e36e821887c681e0e0962502?source=copy_link ※특정 사회 단체, 정치, 종교 단체와 무관하게 운영되는 동아리입니다."
311025,국가보훈부,[국가보훈부] 국민 참여 호국보훈의 달 아이디어 공모,,,,상장 수여,"● 공모주제 국민이 함께 만드는 호국보훈의 달 기획 아이디어 ① 호국보훈의 달 캠페인 영상 스토리보드(시놉시스) ② 호국보훈의 달을 알릴 수 있는 다양한 아이디어 * 행사, 캠페인, 콘텐츠, 참여 프로그램 등 ● 참여대상 국민 누구나(개인 또는 단체) ● 시상내역 ○ 총 18점 시상·총상금 400만원 ① 호국보훈의 달 캠페인 영상 스토리보드(시놉시스) - 최우수상(1명/팀) 100만원 - 우수상(2명/팀) 50만원 ② 호국보훈의 달을 알릴 수 있는 다양한 아이디어 - 최우수상(5명/팀) 각 20만원 - 우수상(10명/팀) 각 10만원 * 응모한 작품이 일정 수준에 미달하거나 표절 등 부정행위가 밝혀질 경우 당선작 전부 또는 일부를 선정·시상하지 않음 * 적격자가 없을 시 시상 규모는 변경될 수 있음 ● 참여방법 라우드소싱 콘테스트 페이지를 통한 구글폼 제출 * 라우드소싱 내 공모전 페이지 접속 → 공모전 안내 확인→ 구글폼을 통한 참가신청서 및 작품 제출 ● 접수기간 2026. 3. 23.(월) ~ 2026. 4. 10.(금) ● 심사 및 결과발표 ○ 심사절차 : 1차심사(서면 평가) → 2차 심사(국민참여 투표 및 전문가 심사) * 국민참여 점수와 전문가 심사 점수를 합산하여 최종 선정 ○ 심사기준 : 주제 적합성, 창의성, 활용 가능성, 완성도, 독창성 등을 종합적으로 고려하여 심사 ○ 결과발표 : 2026. 5월 중(홈페이지 게시 및 개별 통보) ● 출품 규격 ○ 출품수량 : 제한없음 * 동일인이 다수 작품을 제출할 수 있으나, 수상은 최고득점 1작품으로 제한 ○ 응모양식 : 별도 서식에 작성하여 제출 * 첨부 공고문 붙임 서식 참고 ○ 제출내용 : 스토리 보드 또는 아이디어 제안서 1부 * 접수 시 개인정보 수집·이용 동의 및 저작권 활용 동의 필수 ● 문의 국민 참여 호국보훈의 달 아이디어 공모전 운영 사무국 - 문 의 처 : 070-4060-4046(운영시간: 평일 10:00-17:00) - 이 메 일 : gongmo@stunning.kr ● 유의사항 <시놉시스 및 스토리보드 부문> 가. 출품 관련 ○ 타인의 아이디어를 표절·도용하거나 허위 또는 부정한 방법으로 작성·제출한 사실이 확인될 경우 수상이 취소될 수 있으며, 이 경우 상금은 환수됨 ○ 출품작과 관련하여 저작권, 명예훼손 등 법적 분쟁이 발생할 경우 모든 책임은 응모자에게 있음 나. 저작권 관련 ○ 출품작의 저작권(저작인격권 및 저작재산권)은 원칙적으로 응모자에게 있음 ○ 다만 수상작에 한하여 국가보훈부는 해당 작품을 활용할 수 있으며, 복제·배포·전시·공중송신 및 2차적 저작물 작성 등의 방식으로 활용할 수 있음 ○ 활용 과정에서 필요한 경우 작품의 편집·수정 등이 이루어질 수 있음 다. 접수 및 시상 관련 ○ 유사한 스토리보드가 다수 제출되었을 경우 활용도 및 완성도 등을 고려하여 수상작을 결정함 ○ 동일 작품 또는 유사 작품이 타 공모전에 입상된 경우 수상이 취소될 수 있으며, 상금은 환수될 수 있음 ○ 참가신청서 내용이 사실과 다를 경우 발생하는 모든 책임은 응모자에게 있음 ○ 참가신청서는 접수 마감 이후 수정 또는 보완할 수 없음 ○ 상금 수상에 따른 제세공과금은 수상자가 부담함 ○ 당선작은 국가보훈부 정책 및 행사, 홍보 콘텐츠 제작 등에 활용될 수 있으나, 내부 사정에 따라 활용되지 않을 수 있음 ○ 공모 일정 및 내용은 주최 측 사정에 따라 변경될 수 있으며 변경 시 공모전 홈페이지를 통해 공지함 ○ 공동으로 응모한 작품이 수상할 경우 상금은 대표 응모자에게 지급되며, 상금 분배 등과 관련된 사항은 응모자 간 협의에 따라 결정하며, 이에 따른 분쟁에 대하여 주최 측은 관여하지 않음 ○ 표절, 도용 등 부정행위 여부에 대한 판단은 관련 법령 및 일반적인 저작권 기준 등에 따라 주최 측이 결정함 ○ 수상 이후라도 표절·도용 등 부정행위가 확인될 경우 수상이 취소될 수 있으며, 이 경우 상장 및 상금은 환수됨 라. AI 활용 관련 ○ AI를 활용하여 아이디어를 도출하거나 결과물(영상 스토리보드, 이미지 등)을 생성한 경우, 구글폼에 아래 정보를 반드시 포함 - 사용 프로그램 명(예시 : ChatGPT-4, Midjourney 등) - 주요 프롬프트(Prompt) : AI에게 입력한 주요 명령어 또는 핵심 질문 내용 - 활용 범위: 예시-캠페인 슬로건 초안 작성, 스토리보드 삽입 이미지 생성, 아이디어 브레인스토밍 등 - 사용 히스토리 : 아이디어가 발전된 과정이나 AI 결과물을 어떻게 수정·보완했는지에 대한 간략한 설명 ○ AI가 생성한 결과물이 타인의 저작권을 침해하지 않도록 제안자가 최종 확인해야 하며, 저작권 분쟁 발생 시 책임은 제안자에게 있음 ○ AI 결과물을 그대로 제출하기보다는, 본인의 기획 의도에 맞게 재구성하고 발전시킨 '나만의 아이디어'가 포함되어야 함(심사 시 독창성 비중 고려) 마. 기타사항 ○ 공모전 운영 및 통계 분석을 위해 참가자를 대상으로 설문조사를 실시할 수 있음 ○ 수상자 성명 및 수상 작품 내용은 언론 및 홈페이지 등을 통해 공개될 수 있음 <아이디어 부문> 가. 출품 관련 ○ 아이디어는 제안자가 직접 착상한 것에 한하여 제출 ○ 타인의 아이디어를 표절·도용하거나 허위 또는 부정한 방법으로 작성·제출한 사실이 확인될 경우 수상이 취소될 수 있으며, 이 경우 상금은 환수됨 ○ 아이디어가 타인의 지식재산권과 관련이 있을 경우 해당 아이디어와 관련한 저작권, 명예훼손 등 법적 분쟁이의 모든 책임은 응모자에게 있음 ○ 단순 민원 제기, 비판 또는 불만의 표현, 이미 정책 또는 사업으로 추진 중인 내용은 심사 대상에서 제외될 수 있음 나. 저작권 관련 ○ 출품작의 저작권(저작인격권 및 저작재산권)은 원칙적으로 응모자에게 있음 ○ 제3자의 저작물을 이용하여 제출한 신청서는 저작재산권을 양도받거나 이용허락을 받음으로써 향후 국가보훈부에서 해당 저작물을 이용함에 있어 법적 또는 기술적 문제가 발생하지 않도록 하여야 함 ○ 다만 수상된 아이디어는 실제 사업 추진 과정에서 활용될 수 있으며, 필요한 경우 아이디의 ·수정 등이 이루어질 수 있음 다. 접수 및 시상 관련 ○ 유사한 아이디어가 다수 제출되었을 경우 실현가능성, 제안완성도 등을 고려하여 수상작이 결정될 수 있음 ○ 동일 작품 또는 유사 작품이 타 공모전에 입상된 경우 수상이 취소될 수 있으며, 상금은 환수될 수 있음 ○ 참가신청서 내용이 사실과 다를 경우 발생하는 모든 책임은 응모자에게 있음 ○ 참가신청서는 접수 마감 이후 수정 또는 보완할 수 없음 ○ 상금 수상에 따른 제세공과금은 수상자가 부담함 ○ 당선작은 국가보훈부 정책 및 행사, 홍보 콘텐츠 제작 등에 활용될 수 있으나, 내부 사정에 따라 활용되지 않을 수 있음 ○ 공모 일정 및 내용은 주최 측 사정에 따라 변경될 수 있으며 변경 시 공모전 홈페이지를 통해 공지함 ○ 공동으로 응모한 작품이 수상할 경우 상금은 대표 응모자에게 지급되며, 상금 분배 등과 관련된 사항은 응모자 간 협의에 따라 결정하며, 이에 따른 분쟁에 대하여 주최 측은 관여하지 않음 ○ 표절, 도용 등 부정행위 여부에 대한 판단은 관련 법령 및 일반적인 저작권 기준 등에 따라 주최 측이 결정함 ○ 수상 이후라도 표절·도용 등 부정행위가 확인될 경우 수상이 취소될 수 있으며, 이 경우 상장 및 상금은 환수됨 라. AI 활용 관련 ○ AI를 활용하여 아이디어를 도출하거나 실행 예상 결과물(호국보훈의 달 홍보 코텐츠 초안, 캠페인 등)을 생성한 경우, 구글폼에 아래 정보를 반드시 포함 - 사용 프로그램 명(예시 : ChatGPT-4, Midjourney 등) - 주요 프롬프트(Prompt) : AI에게 입력한 주요 명령어 또는 핵심 질문 내용 - 활용 범위: 예시- 호국보훈의 달 홍보 콘텐츠 초안, 캠페인 등 - 사용 히스토리 : 아이디어가 발전된 과정이나 AI 결과물을 어떻게 수정·보완했는지에 대한 간략한 설명 ○ AI가 생성한 결과물이 타인의 저작권을 침해하지 않도록 제안자가 최종 확인해야 하며, 저작권 분쟁 발생 시 책임은 제안자에게 있음 ○ AI 결과물을 그대로 제출하기보다는, 본인의 기획 의도에 맞게 재구성하고 발전시킨 '나만의 아이디어'가 포함되어야 함(심사 시 독창성 비중 고려) 마. 기타사항 ○ 공모전 운영 및 통계 분석을 위해 참가자를 대상으로 설문조사를 실시할 수 있음 ○ 수상자 성명 및 수상 작품 내용은 언론 및 홈페이지 등을 통해 공개될 수 있음"
311023,HD현대건설기계,[HD현대건설기계] 선적업무관리 기간제 채용(울산),CONTRACT,"선적업무관리 기간제 (울산) | 문서관리 | 사무/총무/법무 | 경영/사무 | 구매/자재/재고 | 무역/유통 | 구매관리 | 자재/재고관리 | 본인이 어떤 사람인지 설명해주세요.(최대 500자) (최대 500자 입력가능) | 주요 경력 및 활동 사항에 대해 설명해주세요.(최대 1,000자) (최대 1,000자 입력가능) | HD건설기계에 지원하시게 된 동기와 입사 후 어떻게 업무를 하시고 싶으신 지 설명해주세요.(최대 1,000자) (최대 1,000자 입력가능) | [HD현대건설기계] 선적업무관리 기간제 채용(울산)",,,"[HD현대건설기계] 선적업무관리 기간제 채용(울산) [주요업무] · 외자업체 신규발주서 발행 및 후속작업 · 선적모드확인 및 수입운송 의뢰 · 선적서류 (BL, Invoice, Packing List) 등록 · LC 신용장 개설 및 연장신청 관련 문서 작업 · 부적합 자재 후속 조치 (보험 및 자재대 문서 작업) [자격요건] · 전문학사 이상 (전공 무관) · MS Office 사용 가능자 (Excel, PPT 등) · SAP 사용 경험자 및 관련 자격증 소지자 우대 · 무역/구매 관련 경력 보유자 우대 · 비즈니스 영어 (이메일 교신 가능), 및 제2외국어 가능자 우대 [전형절차] - 서류전형 > 실무면접 > 채용검진 > 최종합격"
311022,메인비즈협회,[8주 인턴/ 최대 300만원 지급] 실무 경험하고 지원금 받는 '정부 인턴십' 참여자 모집 (경영사무/ 광고마케팅/ IT),,,,,"모집부문 및 상세내용 [8주 인턴/ 최대 300만원 지급] 실무 경험하고 지원금 받는 '정부 인턴십' 참여자 모집(IT/ 경영사무/ 광고마케팅) (000명) [모집 직무] IT/ 경영사무/ 광고마케팅 자격요건 학력 학력무관 상세 내용 급여 시급 15000원 (4주 단위로 지급, 월 최대 150만원) *출석률에 따라 차등 지급 근무시간 1일 5시간/ 주 25시간 근무지역 전국 * 모집 사이트 내 신청 → 면접 진행(서류합격자 대상) → 최종 선발 → 선수교육(6시간) 온라인 수료 → 사전직무교육 (15시간, 2일) 오프라인 수료 → 일경험 진행 지원 기간 및 방법 접수기간 2026-03-26 ~ 상시모집 접수방법 홈페이지 지원 대학생 대외활동 공모전 채용 사이트 링커리어 https://linkareer.com/"
311020,올리브인터내셔널,[인재전략본부] 채용 운영 및 소싱 인턴,INTERN,,,,"[인재전략본부] 채용 운영 및 소싱 인턴 접수 기간 2026-03-26 ~ 채용 시 마감 모집부문 및 상세내용 [인재전략본부] 채용 운영 및 소싱 인턴(2명) 채용 형태 - 인턴 6개월 담당업무 ✨ [인재전략본부] 소개 ""올리브인터내셔널과 올리버의 성장을 함께 만드는 파트너"" 인재전략본부는 단순한 채용 운영을 넘어, 올리브인터내셔널이 다음 단계로 나아가기 위해 꼭 필요한 사람을 찾고 연결하는 일을 합니다. 밀크터치·성분에디터·마미케어의 글로벌 확장 속도에 맞춰, 빠르게 움직이고 실제로 결과를 만드는 팀을 지향합니다. 자유롭게 의견을 나누되 서로를 배려하는 문화, 어려운 상황에서도 ""어떻게든 해내는"" 실행력 — 채용팀은 그 중심에 있습니다. 올리브인터내셔널의 폭발적인 성장을 사람을 통해 이루고 싶다면, 지금 합류하세요. 🎯 인재전략본부 목표 올리브인터내셔널의 성장 속도에 맞는 인재를 적시에 영입합니다. 채용은 단순한 인력 충원이 아닌, 조직의 방향을 함께 설계하는 일임을 잊지 않습니다. 후보자 한 명 한 명이 우리 회사를 진심으로 선택할 수 있도록, 채용 경험 전체를 정성껏 설계합니다. 💡 해당 포지션을 추천하는 이유 채용의 처음부터 끝까지, 실제로 손에 잡히는 일을 경험할 수 있습니다. 후보자 소싱, 서류 검토, 인터뷰 코디네이션 등 채용 전 과정에 직접 참여합니다. 글로벌 K-뷰티 브랜드의 채용을 직접 경험하며, 마케팅, 영업, 글로벌, 지원 직군을 폭 넓게 이해하는 채용 전문가로 성장할 수 있습니다. ChatGPT·Gemini·Claude·Perplexity 등 AI 툴을 실무에 적극 활용하는 환경에서, 채용의 미래를 함께 만들어갈 수 있습니다. 6개월 실무 중심의 인턴 과정 후, 업무 성과, 회사의 필요 그리고 문화적인 적합도를 고려하여 정규직 전환 가능성이 있습니다. 👩‍💻합류 후 담당하실 업무예요 1. 채용 운영 전반 리멤버·잡코리아 등 주요 채용 채널에서 후보자를 서치하고, 소싱 메시지를 직접 작성·발송합니다. 인바운드 지원자의 이력서를 검토하고, 전화 사전 스크리닝 및 면접 일정을 조율합니다. 후보자와의 커뮤니케이션 전반을 담당하며, 압도적인 채용 경험을 만들어갑니다. 2.채용 데이터 & 현황 관리 채용 현황 대시보드를 주/월 단위로 업데이트하고, 후보자 파이프라인 진행 상황을 정리합니다. 포지션 별 전환율 · 채용 소요일 등 기초 지표를 관리하며 데이터 감각을 기르게 됩니다. 3.AI 활용 소싱 및 업무 효율화 ChatGPT·Gemini·Claude·Perplexity 등 AI 툴을 활용해 소싱 메시지 초안을 작성하고, 후보자 리서치 및 JD 초안 작업에 적극 활용합니다. 끊임없이 업무를 고도화 하고, 더 나은 방식으로 개선할 아이디어를 적극적으로 제안합니다. 우대조건 💚이런 분과 함께 성장하고 싶어요 Skillset - 학사 졸업 이상 (졸업 예정자 지원 가능) - ChatGPT·Gemini·Claude·Perplexity 등 다양한 AI 툴을 실무에 활용한 경험이 있거나, 적극적으로 활용할 의지가 있는 분 (사전 과제시 활용 가능) - 신입 환영 / 채용 관련 인턴·아르바이트 경험 보유자 우대 - 스타트업 또는 빠른 속도의 조직 환경 경험 보유자 우대 -엑셀·노션·슬랙 등 업무 협업 툴을 자연스럽게 다루는 분 - 영어로 된 이력서나 자료를 읽고 이해할 수 있는 분 Mindset - 어제와 다른 방식으로 일해야 할 때, 불편함보다 호기심을 먼저 느끼는 분 - 명확한 가이드가 없어도 스스로 판단하고 움직일 수 있는 분 — 스타트업에서는 ""어디까지가 제 일인가요?""보다 ""제가 해볼게요""가 더 잘 맞습니다. - 빠른 속도 속에서도 꼼꼼함을 잃지 않는 분 — 채용은 결국 사람을 다루는 일이라 디테일이 중요합니다. - ""이 업무를 AI 활용하면, 더 빠르고 정확하게 할 수 없을까?""를 먼저 생각하는 분 - '나'보다 '우리'를 먼저 생각하고, 동료와 팀이 잘 되면 함께 기뻐할 수 있는 분 - 무엇보다, 사람을 향한 호기심과 관심이 많은 분이면 좋겠습니다. 자격요건 학력 대학졸업(4년) 이상(졸업예정자 가능) 근무조건 급여 면접 후 급여 결정, 회사 내규에 따름 근무시간 주 5일(월~금) 10:00 ~ 19:00 근무지역 서울 서초구 서초대로 398 14층 올리브인터내셔널 전형 절차 Step1 서류전형 Step2 사전 과제 Step3 대면 인터뷰 Step3 최종합격 지원 기간 및 방법 접수기간 2026-03-26 ~ 채용 시 마감 접수방법 홈페이지 지원 복리후생 생일선물/상품권, 명절선물/귀향비, 수평적 호칭사용, 인재육성 중시, 자유복장, 점심식사 제공 유의사항 허위 사실이 발견될 경우 채용이 취소될 수 있습니다."
311019,주식회사 썬더소프트코리아,[Thundersoft Korea] 통신 Protocol 검증 및 분석 연구원 채용,NEW,,,,"담당업무 및 자격요건 통신 Protocol 검증 및 분석 [ 이런 일을 해요 ] - 모델별 2G/3G/LTE/NSA/SA/DSDS Protocol Daily Regression 진행 - Fail 이 발생할 경우, CL search 진행하여 Code Sync 수행 - Anritsu, Keysight, R&S 장비로 Protocol 테스트 후 issue Debugging - 프로젝트 진행상황과 이슈사항을 고객사와 공유 [ 이런 분을 찾고 있어요 ] - 신입/2년 이하의 유관업무 경 험이 있으신 분 - 시험 업무 절차서 및 관련 품질 문 서에 따른 업무 수행이 가능하신 분 - 3GPP 시험 규격에 요구되는 시험항목에 대한 기술사항 검토가 가능하신 분 - 국내외 핸드폰 기술 기준 및 시험 방법 이해가 있으신 분 [ 이런 분이라면 더 좋아요 ] - 무선통신 Protocol / RF 검증업무에 이력이 있는 자 - Chipset 개발 및 검증경험이 있는 자 [ 근무지 ] - 경기도 화성시 (동탄) ※ 대면 면접 시 소정의 상품 을 지급하니 많은 지원 바랍니다 😊"
311018,부산국제광고제 조직위원회,2026 뉴스타즈 경진대회 (New Stars MAD Competition 2026) 참가자 모집,,,,기타 | 상장 수여,"| 2026 뉴스타즈 경진대회 (New Stars MAD Competition 2026) 참가자 모집 | 뉴스타즈 (NewStars) 는 MAD STARS 본선 기간 중 개최되는 글로벌 크리에이티브 경연 프로그램으로 전 세계 5 년 차 이하의 마케팅·광고인들이 실무 경험을 바탕으로 아이디어를 확장하고 캠페인 실행 역량을 선보이는 무대입니다 . ● 행사 개요 - 행사 명칭 : 2026 뉴스타즈 경진대회 (New Stars MAD Competition 2026) - 행사 기간 : 2026. 8. 25. ( 화 ) - 8. 28.( 금 ) ※ 세부 일정은 홈페이지 참고 - 행사 장소 : 시그니엘 부산 및 해운대 일원 - 참가비 : 참가 인원 1 인당 150 만원 ( 송금 수수료 본인 부담 ) ※ 참가비는 본선 진출자에 한해 부과 ● 진행 절차 예선 참가 (2026. 4. 1. ~ 6. 4.) >> 합격 팀 발표 (2026. 6. 12.) >> 본선 참가 (2026. 8. 25 ~ 8. 28.) >> 수상작 발표 (2026. 8. 28.) ● 예선 참가 안내 1) 모집 기간 - 접수기간 : 2026. 4. 1. ( 수 ) - 6. 4.( 목 ) - 합격자 발표 : 2026. 6. 12. ( 금 ) MAD STARS 홈페이지 ※ 상기 일정은 변동 가능성이 있음 2) 모집 대상 - 개인 또는 2 인 이하의 팀 - 국내 · 외 5 년 차 이하 ( 업계 최초 근무 시작일 기준으로 ) 마케팅 , 광고 , 디지털 영상 , 애드테크 , 홍보 등 관련 직종 전문 종사자 3) 참가방법 - MAD STARS 홈페이지 ( www.madstars.org ) 신청 접수 4) 제출사항 ① 참가 신청서 : 홈페이지 내 작성 ( 반드시 영어 로 작성 ) ※ 선발기준 : 참가신청서 내용 충실도 및 업계 경력 등 평가 ● 본선 참가 안내 ※ 본선 참가팀에게만 한함 1) 참가비 - 1 인당 150 만원 ( 송금 수수료 본인 부담 ) ※ 참가비 납부는 본선 진출 팀에 한하여 별도 공지 ※ 개인 사유에 의한 참가비 환불 불가 2) 제공사항 - MAD STARS 2026 참관권 - 5 박 6 일 숙박 ( 항공 , 식사 및 교통비는 일체 본인 부담 ) - 뉴스타즈 네트워킹 파티 - 트로피 ( 동상 이상 수상자 , 팀별 1 개 ), 상장 ( 동상 이상 수상자 ) - MAD STARS 2027 참관권 ( 금상 수상자 ) 3) 시상 - 금상 | 은상 | 동상 | 크리스탈 ※ 심사 결과에 따라 시상내역은 변경될 수 있음 ● 문의사항 - MAD STARS 홈페이지 > 뉴스타즈 > FAQ - Tel: 051-623-5539 | E-mail: info@madstars.org"
311017,오오티비 주식회사,[LG 프라엘] 써마샷 얼티밋 서포터즈 2기 모집,,,파워블로거/SNS | 콘텐츠 기획/제작 경험,사은품 지급 | 수료증 및 인증서,"✨LG 프라엘 ‘써마샷 얼티밋' #서포터즈 2기 모집✨ 2mm 정밀타겟으로 효과적인 중안부 케어가 가능한 #중안부타이트닝 디바이스가 선사하는 탄력 효과! LG 프라엘 써마샷 얼티밋을 사용해보고 생생한 후기를 전할 인스타그램, 블로그 서포터즈를 모집합니다! 지금 바로 신청하고, 놀라운 효과를 체험해보세요❗️ ✔️모집 대상 - 탄력, 중안부 케어에 관심 있는 누구나 - 인스타그램, 혹은 블로그를 활발히 운영 중인 분 - 간단한 영상을 포함한 SNS 콘텐츠 제작이 가능하신 분 * 뷰티 디바이스 특성 상 임산부는 참여가 불가하며, 피부 변화 소개를 위해 얼굴 공개가 필수로 필요합니다 ✔️신청 방법 아래 링크를 클릭, 모집 폼 작성 후 제출하면 완료 👉🏻 https://lghnh.catchsecu.com/project/896117cbe38f182/form ✔️일정 및 안내사항 - 모집 인원 : 15명 - 모집 기간 : 3월 26일(목) ~ 4월 3일(금) - 선정자 발표 : 4월 8일(수) (*선정자 대상 개별 연락) - 온라인 발대식 : 4 월 14 일 ( 화 )"
311016,한국거래소,[한국거래소] 부산지역 대학생 파생상품 스터디그룹 『2026년 KRX 퓨처스타』 모집,,,기타,활동비 | 전문가/임직원 멘토링,"2026년 KRX 퓨처스타를 모집합니다! 아래의 내용을 참고하여 많은 지원 부탁드립니다. 🌟모집대상: 부산시 소재 대학교 학생 3~4인으로 구성된 팀 ​ 🌟모집규모: 총 10팀 (약 40명) 내외 (팀 단위 지원) ​ 🌟모집기간: 4월 1일(수) ~ 4월 12일(일)까지 ​ 🌟활동기간: 5월 18일(월) ~ 10월 30일(금) ​ 🌟활동내용: 매월 파생상품을 주제로 한 스터디 게시물 월 2건 게시 외 추가활동 ​ 🌟활동지원: 활동비(매월 20만원 수준) 및 우수활동자 포상금 지급 ​ 🌟활동혜택: 최종 수상팀 상금* 수여, 현직자 멘토링, 전문가 특강, 자본시장 행사 참여 등 ※ 이사장상 5백만원, 부산시장상 3백만원, 파생본부장상 2백만원 ​ 🌟제출서류: 팀별 포트폴리오, 팀 인적사항, 개인정보 동의서 및 서약서, 기타 첨부서류 등 붙임 상세안내 파일 참조 ​ 🌟지원방법: d-study@krx.co.kr로 이메일 제출 ​ 🌟 자세한 내용은 아래 카페 및 카카오톡 링크 참조 (※ 참여코드: futures) https://open.kakao.com/o/g6dRz89e https://naver.me/5FDrtM1u"
311015,주식회사 어치브모먼트,데이터 분석 직무 경험 | 비즈니스 문제 해결 데이터 분석 공모전,,,,기타 | 상장 수여,"데이터 분석 직무 경험 | 비즈니스 문제 해결 데이터 분석 공모전 데이터를 읽고 의사결정을 설계해보세요. [Data Analytics & Business Insight Challenge] 데이터 분석에 관심은 있는데, 직접 문제를 정의하고 해결해본 경험은 없었다면? 데이터는 봤지만 어떤 인사이트를 도출해야 할지, 분석은 했지만 의사결정으로 어떻게 연결해야 할지 막막했다면 이번 공모전이 좋은 시작이 될 수 있습니다. 데이터 직무 입문자를 위한 실무 프로젝트로, 과제 가이드가 제공되어 처음 참여하는 분들도 차근차근 따라올 수 있습니다. 데이터 탐색부터 문제 정의, 인사이트 도출, 의사결정 제안까지 10일 동안 데이터 분석 직무의 실무 과정을 경험해보세요! 👉 공모전 종료 후 데이터 직무 지원용 포트폴리오 결과물 확보 👉 전원 참가 인증서 + 수상팀 대상 상장 및 과제 해설집 제공 자세히보기 ▶ https://krll.me/zNZtsV 🔥주제 가상의 디지털 서비스 기업 NextWave의 데이터 분석가가 되어 핵심 비즈니스 문제를 정의하고 데이터 기반 해결 전략을 설계해보세요! 🤔 무엇을 하게 되나요? 데이터 구조와 주요 지표를 분석해요 핵심 문제를 정의하고 원인을 구조적으로 파악해요 데이터 기반 인사이트를 도출해요 의사결정 및 실행 전략을 제안해요 🙋모집 대상 개인 또는 팀(최대 5인) 📅진행 일정 모집 마감: 2026년 4월 12일(일) 온라인 킥오프: 2026년 4월 13일(월) 21시 수행 기간: 2026년 4월 14일(화) ~ 2026년 4월 23일(목) 결과 발표: 2026년 5월 06일(수) 예정 🏅참가 혜택 참가자 전원 공모전 인증서 발급 수상팀 대상 상장 + 과제 해설집 제공 📢문의 인스타그램 @blaybus_ 카카오톡채널 https://pf.kakao.com/_BFxgNG 📌 데이터 분석 경험이 있다면? 단순 분석을 넘어 문제 정의 · 의사결정 · 전략 설계까지 다루는 2단계 Data Strategy 공모전이 공개 예정입니다."
311013,삼익THK,[삼익THK] 기술영업 부문 (채용전환형 인턴),INTERN,기술영업 | B2B영업/기술영업 | 영업/고객상담 | B2B영업 | 1. 성장과정 및 성격의 장단점(사건 및 인물 중심으로 작성) (최소 500자 - 최대 700자) | 2. 학교생활 및 사회생활 중 다른 사람과 협력했던 경험에 대하여 구체적으로 기술 (최소 500자 - 최대 700자) | 3. 최근 5년이내 어려운 상황이나 갈등 상황에 부딪혔을 때 해결했던 경험 기술 (최소 500자 - 최대 700자) | 4. 지원분야(직무)에 대한 자신의 강점 및 보완점 (최소 500자 - 최대 700자) | 5. 지원동기 및 입사후 포부 (최소 500자 - 최대 700자) | [삼익THK] 기술영업 부문 (채용전환형 인턴),,,[삼익THK] 기술영업 부문 (채용전환형 인턴) [이런 업무를 해요] · 반도체 · FPD 자동화 설비 대상 기술영업 · 고객 요구사항 분석 및 제안 · 견적 작성 · 프로젝트 수주 및 일정 관리 · 국내 · 외 고객 대응 및 신규 고객 발굴 · 시장 동향 파악 및 기존 거래처 관리 [필수 자격 요건] · 학사(4년제) 이상 · 기계 · 전자 · 자동화 관련 전공자 · 해외 출장 및 근무 가능자 · 운전 가능자 (1종 보통) [선호 자격 요건] · 외국어(영어 · 일본어 · 중국어) 가능자 · 로봇 및 자동화 설비 관련 지식 보유자 · 기구 및 메커니즘 관련 지식 보유자 · 문서 작성 및 데이터 정리 능력 우수자
311010,국립중앙도서관,[국립중앙도서관/무료교육] AI 아트 클래스: 글로 그리는 나만의 그림(기본) 교육생 모집,,,,,"이번 교육은 텍스트 한 줄로 이미지를 만들어내는 생성형 AI의 원리를 이해하고, 내가 원하는 스타일과 구도, 분위기를 스스로 설계하는 방법을 실습 중심으로 배우는 수업입니다. 이미지가 만들어지는 구조를 이해하고, 스타일과 색감, 조명과 배경을 조정하며 결과물을 완성해 보는 과정을 통해 ‘그림을 소비하는 사람’이 아닌, 이미지를 설계하는 사람으로 한 단계 성장해 보세요!✨ [교육 개요] - 교육 일시: 2026. 4. 21.(화), 4. 23.(목), 4. 28.(화), 14:00~17:00(총 3차시 / 9시간) - 교육 장소: 국립중앙도서관 디지털도서관 대회의실(B3) - 교육 강사: 김재연(한국AI영상제작협회 이사) - 교 육 비: 무료 - 지원 사항: 교안 제공 및 노트북 대여 [모집 안내] - 모집 대상: 16세 이상 도서관 이용자 - 모집 정원: 30명(선발형) - 모집 기간: 2026. 3. 16.(월)~4. 5.(일) - 선발 방법: 신청서 심사 후 합격자만 개별 통보 - 결과 발표: 2026. 4. 10.(금) 10:00 [교육 내용] 1차시: 4. 21.(화) 14:00~17:00 내용: 텍스트 기반 이미지 생성 구조 이해 2차시: 4. 23.(목) 14:00~17:00 내용: 이미지 생성 도구 이해와 스타일·시각 요소 적용 3차시: 4. 28.(화) 14:00~17:00 내용: 레이아웃과 스토리 설계를 통한 이미지 편집 흐름 활용 ※ 내용은 추진 중 변경될 수 있습니다. ▶ 늦기전에 신청하기 ◀ https://tinyurl.com/uetanpdd [유의 사항] - 해당 프로그램은 모든 교육 일정에 필수 참석이 가능하신 분만 지원해 주시기를 바랍니다. - 교육 신청 후 사전 고지 없이 불참할 경우, 향후 프로그램 선발에서 제외될 수 있습니다. ※ 교육 첫날 무단결석 시 해당 교육은 수강 포기로 처리됩니다. [교육 문의] - 교육 운영 담당자: 02-589-2023, nl@ablearn.kr"
311009,미래융합교육원,로보테크 AI 자율주행 로봇 개발자 과정,,,,,"🤖 [미래융합교육원] 로보테크 AI 자율주행 로봇 개발자 과정 모집 (트위니 실무 프로젝트 연계) ""스마트 물류부터 자율주행 서비스 로봇까지!"" 국내 선도 로봇기업 '트위니(Twinny)'와 함께 현장이 원하는 진짜 자율주행 로봇 개발자로 성장할 수 있는 [융합_로보테크 AI 자율주행 로봇 개발자 과정]에 지금 바로 지원하세요! 📌 [교육 개요] 모집 대상: 국민내일배움카드 발급 가능자 (로봇공학/AI/SW 개발 관심자) 교육 기간: 2026. 05. 12 ~ 2026. 11. 19 (약 6개월) 교육 시간: 월~금, 09:10 ~ 18:00 교육 장소: 미래융합교육원 (대전 서구 둔산동) 🎁 [압도적인 수강 혜택] 수강료 최대 100% 국비 지원! (97~100% 지원, 내일배움카드 유형에 따라 0~60만 원 자비부담금 발생 가능 ) 훈련 장려금 지급 : 매월 최대 40만 원 지원 (출석률 충족 시) 타지역 거주자 숙소 지원 : 대전 외 지역 거주자를 위한 원룸 형태 숙소 연계 (최소 금액) 취업 밀착 지원 : 이력서/포트폴리오 컨설팅 및 수료 시 트위니 등 협력기업 채용 연계 우선 검토 비전공자 맞춤 지원 : 사전 무료 온라인 강좌 및 학습 가이드 제공 📚 [실무 중심 커리큘럼] 단순 이론이 아닌, 로봇이 스스로 이동하는 데 필요한 핵심 기술을 배웁니다. 프로그래밍 핵심 : Python, C++ 필수 언어 학습 로봇 운영체제 : ROS2 & Gazebo 시뮬레이션을 활용한 자율주행 로봇 설계 센서 및 자율주행 : LiDAR, 카메라, IMU 센서 데이터 처리, SLAM, 장애물 회피 및 경로 계획 구현 🚀 [트위니(Twinny) 연계 실전 프로젝트] 로봇 AI 기업 현업 멘토팀과 함께 실제 산업의 문제를 해결하는 팀 프로젝트(PBL)를 진행합니다. AMR 로봇 물류 자동화 프로젝트 자율주행 로봇 안전성 강화 프로젝트 물류 로봇 경로 최적화 및 사람 추종 로봇 인식 프로젝트 📝 [지원 방법 및 문의] 상세 공고 및 지원 : https://mcea.co.kr/128 전화 문의: 042-471-9222 (미래융합교육원) 카카오톡 상담 : https://pf.kakao.com/_csYdG/chat"
311008,CJ올리브네트웍스,[CJ올리브네트웍스] [신입] 방송 송출 서비스 운영 및 시스템 관리(교대근무),NEW,"방송 송출 서비스 운영 및 시스템 관리(교대근무) | 콘텐츠/사이트운영 | IT/인터넷 | ERP/시스템개발/설계 | e-러닝운영 | 게시판관리 | 사이트운영 | 쇼핑몰•오픈마켓 | 카페•블로그관리 | 컨텐츠운영 | 컨텐츠제작 | CTO | DevOps / 시스템 관리자 | 시스템엔지니어(SE) | 임베디드 개발자 | 블록체인 플랫폼 엔지니어 | 하드웨어 엔지니어 | 해당 포지션과 회사에 지원하게 된 동기(이직 사유 포함)는 무엇인가요? | 기타 (자기소개, 향후계획 등) | [CJ올리브네트웍스] [신입] 방송 송출 서비스 운영 및 시스템 관리(교대근무)",,,"[CJ올리브네트웍스] [신입] 방송 송출 서비스 운영 및 시스템 관리(교대근무) [담당 업무] 1. 방송 송출 운영 2. 방송 송출 시스템 관리 3. 송출 신호 관제 및 생방송 지원 4. 장애 대응 [학력] - 전문학사 졸 이상 [전공] - IT, 정보통신, 방송통신 [업무 경험] - 방송송출 및 중앙관제 시스템 운영 - 방송 시스템 구축 및 설계, 네트워크, IT 서비스 운영 - 상황관제 및 분석, 대응 관련 업무 [자격 사항] - 정보통신, 방송통신, 무선설비, 네트워크 관련 [어학] - OPIC IH 이상"
311007,대웅제약,[대웅제약] 나보타 포장담당 신입 채용 (~04/12),NEW,,,,"[대웅제약] 나보타 포장담당 신입 채용 (~04/12) [담당 업무] 1. 무균제제 바이알 자동 포장 공정라인 operation 2. unloading 공정 라인 operation 3. GMP 문서 제/개정(eQMS, EDMS, 포장지시 및 기록서, SOP) [지원자격] 1. 초대졸 [우대사항] 1. 제약 GMP 경험이 있으신 분 2. 제약 및 기계 관련 학과 졸업자 3. 글로벌 inspection(cGMP, EU GMP 등) 대응 경험이 있으신 분 4. GMP 관련 자격증 및 관련 교육을 이수하신 분 5. 제약 자동포장설비 운영 및 유지보수 가능하신 분 (카토너, 자동이물검사기, 일련번호시스템 등) 6. 영어, 인도네시아어 능통하신 분"
311006,미래융합교육원,건양대학교병원 바이오 메디컬 인공지능,,,,,"📢 K-디지털 트레이닝 2024 하반기 신기술 ‘바이오헬스’ 분야 대전 유일 과정 바이오헬스 AI 전문가로 미래를 선점하세요! (22명만 선발합니다.) 신청-서류전형-방문(인터뷰 및 인적성 검사)-선발 🔬 건양대학교병원 바이오메디컬 AI 교육과정 참가자 모집 교육기간: 2026년 05월 12일 ~ 2026년 11월 19일 교육시간 : 09:10~18:00, 월~금 (1,026시간) 🔸 주요 기술 습득 💻 의료데이터로 AI 기반 의료 솔루션 개발 🚀 의료 데이터 전처리, 분석, 딥러닝 모델 학습 및 튜닝 🌱 CDSS(임상의사결정 지원 시스템) 통합 및 웹·모바일 응용 구현 🔸 교육장점 1. 취업 경쟁력 강화 바이오헬스와 인공지능 분야는 빠르게 성장하는 산업으로, 이 교육과정을 통해 최신 기술과 실무 능력을 습득할 수 있어 취업 시 유리한 포지션을 차지할 수 있습니다. 관련 기업과의 취업 연계를 통해 의료 인공지능 연구원, 데이터 분석가, 의료 기기 엔지니어 등 취업 분야에서 입사 기회를 높일 수 있습니다. 2. 프로젝트 기회 제공 (2개월) 이 과정은 실무 중심으로 구성되어 있어 실제 업무에 바로 적용 가능한 기술과 노하우를 학습할 수 있습니다. 임상의사결정지원시스템(CDSS) 개발 프로젝트를 통해 팀 프로젝트 경험과 실무 능력을 배양할 수 있으며, 이를 이력서에 구체적인 성과로 기재할 수 있습니다. 3. 의료 인공지능에 대한 심화 학습 Python, SQL 기반의 데이터 분석부터 딥러닝 모델 학습, CDSS 시스템 구축까지 바이오메디컬 AI의 핵심을 깊이 있게 학습합니다. 특히, 의료 데이터 전처리와 분석에 특화된 학습 과정을 통해 일반적인 데이터 분석과 차별화된 전문성을 확보할 수 있습니다. 4. 의료 데이터 관리와 보안에 대한 이해 의료 데이터는 일반 데이터와 달리 보안과 윤리적 책임이 중요한데, 이 과정에서 K-MIMIC 데이터와 IRB/DRB 절차 등을 통해 의료 데이터를 안전하고 윤리적으로 다루는 방법을 익힐 수 있습니다. 5. 현장실습 기회 제공 건양대학교 데이터 안심존에서의 현장 실습을 통해 의료 데이터 실무 환경을 경험하며 현장에서 필요한 기술을 익힐 수 있습니다. 실무 환경 적응 능력을 기를 수 있어 입사 후에도 신속하게 적응할 수 있는 역량을 갖추게 됩니다. 💡 수강혜택 💻 우수 훈련생에게 취업 연계 및 서류 전형 면제 기회 🌱 협력병원 및 바이오헬스 기업 네트워크 지원 🚀 수강료 97% 지원 🌱 참여수당 등 : 월 최대 40만원 혜택 가능, 타지역 참여학생 숙소비용 일부지원 👥 모집대상 - 대학교 4학년 (졸업예정자, 졸업자 등) - 국민내일배움카드 발급 가능자 (2년이내 졸업가능자, 구직자 등) - 취업 분야 : 인공지능 연구원, 데이터 분석가, 의료 기기 엔지니어, 임상 연구원, 응용 SW 개발자, 기계학습 엔지니어, 의료 프레임워크 개발자 📞 문의 및 상담 교육장소: 대전시 서구 계룡로 491번길 86 (둔산동 시청네거리) 미래융합교육원 교육운영부 (042-471-9222) 카카오톡 상담 문의 가능 https://pf.kakao.com/_csYdG/chat 신청링크 : https://forms.gle/ifzrP74wDWcRTqVF8 ※ 해당과정은 대면(오프라인) 강좌 입니다."
311005,한화큐셀,[미국인턴] 미국 한화 큐셀 조지아 생산부서,INTERN,,,,[미국인턴] 미국 한화 큐셀 조지아 생산부서 접수 기간 2026-03-26 ~ 2026-04-03 모집부문 및 상세내용 모집부문 채용구분 담당업무 우대조건 미국 Production Technical 인턴 (00명) 인턴(12개월) 팀원 담당업무 Production Technical 인턴 채용형태 - 인턴 12개월 - 팀원 우대조건 관련전공자로 재학생 및 졸업생(6월 출국가능자) 영어회화 가능자(공인영어성적 필수 아님) 관련전공자로 재학생 및 졸업생(6월 출국가능자) 영어회화 가능자(공인영어성적 필수 아님) 자격요건 학력 대학 재학생(4년) 및 졸업생(졸업예정자 가능) 근무조건 급여 회사 내규에 따름 근무시간 면접 후 결정 근무지역 미국 조지아 전형 절차 Step 1 서류전형 Step 2 면접 Step 2 최종합격 지원 기간 및 방법 접수기간 2026-03-26 ~ 2026-04-03 접수방법 링커리어 간편지원(홈페이지 www.romancekorea.co.kr 이메일 지원) 문의 전화번호 01022227156 이메일 romance_yh@naver.com 유의사항 허위 사실이 발견될 경우 채용이 취소될 수 있습니다.
311004,유한킴벌리,[유한킴벌리] 고객사업부문 영업 신입 및 경력 채용,"NEW, EXPERIENCED",,,,"[유한킴벌리] 고객사업부문 영업 신입 및 경력 채용 [주요업무] · 고객사와의 커뮤니케이션을 통한 비즈니스 파트너십 구축 · 고객 비즈니스 모델 기반의 맞춤형 전략 수립 및 실행 · 시장 트렌드 및 Shopper Data 분석을 통한 인사이트 확보 · 신규 성장 기회 발굴 및 전략적 제안 · 매입/재고/채권 관리 등 기본 영업 오퍼레이션 수행 · 내부 유관 부서와 협업하며 통합적 실행력 확보 [자격요건 (필수)] · 학사 이상 · 명확한 의사소통 및 문서 작성 능력 · 논리적 사고 및 문제 해결 역량 · 기본 OA 활용 능력 (Excel, PPT 등) [우대사항] · 유사 카테고리에서의 인턴 또는 실무 경험 · 매출 데이터 분석 또는 리포팅 경험 · 데이터 분석·디지털 툴 또는 AI Tool 활용 경험 및 학습 의지 · 영어 기반 Global Communication 가능자 · 국가보훈대상자 (증빙 제출 시)"
311003,화성시환경재단,2026 화성에서 ON : 감축탄소 아이디어 경진대회,,,,실제상용화 | 상장 수여,"○ 공모개요 - 탄소중립 실현과 기후변화 대응을 위한 창의적인 사업 아이디어 발굴을 위함 ○ 공모주제 - 생활실천 : 일상생활 속 탄소중립 실천 촉진 사업 아이디어 (탄소중립 실천 프로그램·챌린지 등) - 환경자원·시설 연계 프로그램 아이디어(생태체험, 환경교육, 행사 · 홍보 콘텐츠 등) - 친환경 인프라 : 친환경 인프라 운영 · 개선 아이디어(나눔장터, 다회용기 지원, 공공시설 에너지 절감 등) - 기후위기 대응 : 기후위기 대응 및 환경적응 · 복원 사업 아이디어(폭염· 홍수 대응, 생태보전· 복원, 물환경 개선 등) - 기타 : 기타 탄소중립 실현을 위한 사업 아이디어 ○ 기간 및 일정 - 응모기간 : 2026. 3. 30.(금) 09:00 ~ 5. 10.(일) 18:00 - 심사기간 : 2026. 5. 11.(월) ~ 5. 22.(금) - 결과발표 : 2026. 5. 26.(화) 화성시환경재단 홈페이지 공고 및 개별 통보 - 시상식 : 2026. 6. 13.(토) 봉담 삼봉근린공원 예정(수상자는 시상식 참석 필수) ○ 지원자격 - 환경에 관심 있는 전국 누구나 ※ 개인 또는 팀(3인 이하) 단위 접수 ○ 접수방법 - 이메일 : hsef2025@naver.com - 등기우편 : 경기도 화성시 동탄구 남여울1길 26-2, 1층 감축탄소 경진대회 운영사무국 ○ 출품규격 - 제안서는 최대 5장 이내로 제출, 자유서식 ○ 제출서류 - 경진대회 참가 신청서 / 개인정보 수집·이용 동의서 / 경진대회 참가 서약서 1부 / 아이디어 제안서 1부 ○ 심사기준 - 심사위원단이 작품의 독창성·실현가능성·적합성 등을 종합적으로 평가하여 수상작 선정 - 카피킬러 표절 검증(표절률 20%이하 통과) ○ 시상내역 - 대상 1명(팀) 100만원, 최우수상 2명(팀) 50만원, 우수상 3명(팀) 30만원, 장려상 4명(팀) 10만원 / 총상금 330만원 ○ 유의사항 - 시상식 : 2026. 6. 13.(토) 봉담 삼봉근린공원 예정(수상자는 시상식 참석 필수) ○ 문의 - ☏ 031-372-0825"
311001,매그나칩반도체,[매그나칩반도체] Super Junction MOSFET 개발 Engineer 신입/경력사원 채용,"NEW, EXPERIENCED","Super Junction MOSFET 개발 Engineer | 전기/전자/제어 | 연구개발/설계 | 전기/전기설비 | 전자 | 공정/품질/테스트 | · 성장과정 및 학교생활 | · 성격의 장/단점 | · 지원동기 및 향후 포부 | · 경력기술서(선택사항) *신입지원자의 경우 학부시절 연구 내용이나 수학한 내용을 기재합니다. *경력지원자의 경우 근무 또는 개발 내용을 작성하며, 경력기술서 PDF 파일 첨부 시 작성하지 않아도 무관합니다. | [매그나칩반도체] Super Junction MOSFET 개발 Engineer 신입/경력사원 채용",,,"[매그나칩반도체] Super Junction MOSFET 개발 Engineer 신입/경력사원 채용 [주요업무] · Super Junction MOSFET 설계 (TCAD, Layout) · MOSFET 제품의 전기적 특성 평가 및 분석 · MOSFET Datasheet 작성 · 불량분석 [자격요건] · 학사 이상 학위 소지자 (관련학과) · (우대) 동일 직군 경력자 [전형절차] - 서류전형 > 1차 면접 > 2차 면접 > 채용검진 > 최종 합격"
311000,인하대학교 미래인재개발원,게임개발·게임기획·3D모델링 직군 취업 교육생 모집(2026 KDT 국비교육),,,,,"꾸준한 수강 만족도가 증명하는 프리미엄 퀄리티의 국비 교육, 우수훈련기관 인하대학교의 2026 K-디지털 트레이닝 게임 과정을 소개합니다. 🌸 1년에 단 1번 🌸 , 봄에만 모집하는 교육 기회를 만나보세요. 💙인하대학교 게임과정은 가족/지인 간에 기수 선후배인 수료생이 많다는 사실, 알고 계신가요? 꾸준히 누적된 높은 수강 만족도와 입학 추천이 증명하듯, 현업 트렌드를 반영한 수준 높은 실무 교육을 제공합니다. 💙 모집분야 : 직군별 세분화된 전문 커리큘럼 10개월간의 깊이있는 교육으로 초보자도 취업 포트폴리오 수준으로 인도합니다. - 📝 게임 기획 : 내 아이디어를 기획서와 실제 게임 시스템으로 구체화하는 실무 교육 - 💻 게임 클라이언트 개발 : 25년까지 NC현직에 있었던 강사님께 배우는, 탄탄한 게임 프로그래밍 실무 - 🎨 3D 모델러 : 캐릭터/배경, 캐주얼풍/실사풍 내가 원하는 방향으로 배우는 맞춤 실무 교육 💙 국비 지원 수강료 (자부담금 최대 50만 원) 국비 교육은 허술하다는 편견은 인하대학교의 게임 교육에는 해당되지 않습니다. 저렴한 수강료로 누리는 프리미엄 커리큘럼, 수강 후기가 증명합니다. ""이런 기관이 있다는 게 국비 교육에 있어 큰 희망이라는 생각이 들었습니다"" ─ 2024년 입학, 2025년 4월 수료한 수료생의 후기 발췌 ─ 🎮 넥슨, NC, 넷마블 등 메이저 게임사부터 알짜배기 중견 게임사까지! 막연했던 게임업계 입사의 꿈, 검증된 길잡이가 있는 인하대학교 미래인재개발원에서 본격적으로 실현해 보세요. ■ 교육 기간 : 2026.05.13 ~ 2026.04.16 (주 5일 09:00~18:00 전일제 수업) ▣ 신청 마감 : 2026.04.16 (마감일 이후 지원가능 여부는 전화/채팅 문의) ■ 교육 장소 : 송도 테크노파크역 인근, 인하대학교 항공우주융합캠퍼스 산학협력관 (대면 수업) ■ 지원 자격 - 국민내일배움카드 사용 요건을 충족하는 미 취업자 - 고등학교 졸업자 / 2-3년제 및 4년제 대학교 졸업자 / 졸업 예정자 재학생 : 3학년 이상이며 수료요건(전체 훈련일수의 80% 출석) 충족이 가능한 자 휴학생 : 훈련과정 수료 후 복학이 예정된 자 ■ 교육비 : 자부담 50만원 (국민내일배움카드 발급 필수) ■ 훈련수당 : 훈련 참여시, 매월 출석률 80% 이상 훈련생에게 훈련 장려금 지급 ■ 교육혜택 - 게임사 KOG의 출시작 <Return Alive>와 함께 진행하는 프로젝트 학습 - 부산 G-STAR 게임 행사 참관 지원 - 쾌적한 학습환경 제공 : 개인 고정 좌석제, 교재 무료 지원, 사물함 무료 대여 - 각종 취업 지원 : 자기소개서 첨삭 및 모의면접, 기업 요청시 인재 추천 및 기타 등등의 각종 교육 지원 교육 과정에 대해 궁금하시다면 홈페이지와 블로그를 참고해 주세요. 채팅을 통한 자세한 문의도 가능합니다. 💙 교육 상세보기 : https://inhagame.qshop.ai/VBj6s 💙 * 각 과정의 상세 커리큘럼은 해당 페이지에서 과정명을 클릭하시면 확인 가능합니다. * 홈페이지의 교육접수 메뉴에서 지원서 접수가 가능합니다. ■ 블로그 : https://blog.naver.com/inhagame ■ 카카오톡 채팅 문의 : http://pf.kakao.com/_NVebs"
310998,마이다스아이티,"[마이다스그룹] 건축, 토목 SW 영업 담당자 채용(부산지사)","NEW, EXPERIENCED",,,,"[마이다스그룹] 건축, 토목 SW 영업 담당자 채용(부산지사) [주요 업무] · 영남 · 호남 · 제주지역 건설 엔지니어 대상 영업 · 엔지니어들과의 커뮤니케이션을 통해 엔지니어링 솔루션을 소개하고 제안합니다. · 소프트웨어 마케팅 · 시장의 니즈, 경쟁사 정보 등을 분석하여 마케팅 전략을 수립합니다. · 세미나/웨비나/기술 교육 기획 및 운영 · 시장 및 고객의 니즈에 맞는 기술 세미나 · 교육을 기획하고 실행합니다. [인재상] · 고객과의 원활한 커뮤니케이션을 통한 맞춤형 영업을 진행할 수 있는 분 · 영업 및 사업전략 수립을 위한 분석적 사고를 갖추신 분 · 적극적인 자세로 기술을 배우고 고객에게 전달할 수 있는 분 (전공무관) [자격 요건] · 마이다스아이티 부산지사 근무가 가능하신 분 · 2026년 4월~5월 내 입사가 가능하신 분 · 전공 무관(인문/상경 등 비전공자 지원가능)"
310997,(주)프롬바이오코스메틱,[하이클] 화장품 스킨케어 뷰티 서포터즈 '하이클럽' 2기 모집,,,파워블로거/SNS,사은품 지급,"💖하이클 서포터즈 하이클럽 2기 모집💖 2026년도에도 하이클과 함께할 서포터즈 ✨하이클럽 2기✨를 모집합니다. 하이클과 피부 변화를 직접 경험하고, 콘텐츠를 함께 만들어갈 분들의 많은 참여 부탁드립니다! [모집상세] ✔️모집 기간 : 26년 3월 27일 ~ 4월 5일 ✔️모집 인원 : 인스타그램 40명 ✔️선정 발표 : 26년 4월 8일 (*개별 문자 안내) ✔️활동 기간 : 26년 4월 ~ 9월 (총 6개월) ✔️모집 대상 : 대학생, 유학생, 직장인 등 성별 무관 누구나 지원 가능! [지원조건] ✔️ 월 1회 미션 성실하게 참여 가능한 분 ✔️ 인스타그램을 활발히 운영 중인 분 ✔️ 뷰티 콘텐츠 제작에 관심 많으신 분 [활동 내용 & 혜택] 📍활동 내용 : 매월 1회 콘텐츠 제작 및 업로드 미션! 🎁활동 혜택 : 매월 하이클 미션 제품 제공 ✔️ 월별 우수 활동자 3인 상금 (5만원) 지급 ✔️ 전체 기간 최우수 활동자 3인 상금 (20만원) 지급 ✔️ 공식 서포터즈 수료증 발급 [지원 방법] ✔️하이클 공식 인스타그램 팔로우 & 네이버폼 작성 후 제출 ♥ 하이클 팔로우하기 : https://www.instagram.com/hycl_official/ ★★바로 지원하기 : https://naver.me/x1uRKRAu 서포터즈 모집 피드 댓글에 @친구 태그하면 당첨 확률 UP! *활동하지 않는 계정은 선정에서 제외됩니다. 하이클럽에게만 주어지는 특별한 기회! 지금 바로 참여해주세요🤍"
310996,종이숲,[독립출판사] 종이숲 서포터즈 모집,,,파워블로거/SNS | 사진/영상/디자인 툴 | 콘텐츠 기획/제작 경험,활동비 | 수료증 및 인증서,"[독립출판사] 종이숲 서포터즈 모집 책으로 일상을 채우는, 종이숲입니다. 책을 읽고, 기록하고, 나누는 경험을 함께할 종이숲 홍보 서포터즈 를 모집합니다. 📌 모집안내 1) 모집 기간: 2026.03.26(목) ~ 04.24(금) 23:59 2) 모집 인원: 0명 3) 모집 대상: • 국내 대학 재학생 및 휴학생 • 독서 및 콘텐츠 제작(글, SNS 등)에 관심 있는 분 • 월 12회 온/오프라인 활동 참여 가능하신 분 • 발대식 및 주요 일정 참석 가능하신 분 • 책임감 있게 활동에 참여하실 수 있는 분 📌 선발 및 발대식 안내 ﻿﻿• 홈페이지 게시 및 개별 연락 ﻿﻿• 최종 발표 : 4월 27일(월) ﻿﻿• 발대식 : 5월 2주차 예정 * 참석 필수 (발대식 진행 일정 및 시간은 추후 별도 공지 예정입니다.) 📌 활동안내 1) 활동기간 : 5월 ~ 12월 2) 활동내용 : • 독서 기반 콘텐츠 기획 및 제작 • SNS 홍보 콘텐츠 업로드 • 북 프로젝트 및 행사 참여 📌 활동혜택 • 위촉장 발급 • 웰컴 북키트 제공 • 활동비 및 우수자 인센티브 • 포트폴리오 활용 가능 📌 지원방법 : https://naver.me/x3cyJjTx 📌 문의사항 : paper1forest@gmail.com 독립출판사 종이숲 https://paperforest.netlify.app/ ㅡ 인스타: @jongiforest_"
310995,한미그룹,[한미그룹] 2026년 3월 계약직 상시채용 [PV 사무행정],CONTRACT,"PV 사무행정 | 설문/통계/리서치 | 전문/특수직 | 사무/총무/법무 | 경영/사무 | 사무보조/문서작성 | 조사분석 | 통계 | 리서치 | 시장조사 | 총무 | 문서관리 | 인허가업무 | 비서 | 법무 | 비품/시설관리 | 특허/저작권업무 | 안내/리셉션 | 사무보조 | OA/문서작성 | 홈페이지관리 | · 한미그룹에 지원하게 된 계기와, 여러 기업 중 한미그룹을 선택한 이유를 구체적으로 작성해 주십시오. (최소 500자, 최대 800자 입력가능) | · 지원하신 직무에 관심을 갖게 된 계기와 지금까지 해당 직무 수행을 위해 준비해온 경험 및 역량을 구체적으로 설명해 주십시오. (최소 700자, 최대 1,000자 입력가능) | · 한미그룹의 10가지 인재상에 비추어, 본인이 어떻게 부합하는지 경험을 바탕으로 작성해 주십시오. (최소 500자, 최대 800자 입력가능) | · 본인이 지원한 한미그룹의 사업영역(제약, 바이오, 식품, 화장품, IT 등)에 대한 최근 트렌드나 이슈를 선정하여 자신의 견해를 작성해주십시오. (최소 700자, 최대 1,000자 입력가능) | · 경력기술서 [경력사원에 한하여 작성하며, 직무영역, 활동/경험/업무수행내용, 역할 및 성과 등에 관해서 작성해주시기 바랍니다] | [한미그룹] 2026년 3월 계약직 상시채용 [PV 사무행정]",,,"[한미그룹] 2026년 3월 계약직 상시채용 [PV 사무행정] [직무내용] · 안전성 정보 데이터베이스 입력 업무 · 의약품안전관리원의 부작용 자료 관리 · 부작용 사례 분석 · 사무보조 및 부서 예산관리 [자격요건] · 학사 이상 학력 소지자 (전공무관) [우대사항] · 컴퓨터공학, 데이터베이스, 생물학 관련 전공자 · SAP 사용 경험자 · MS Office 활용 능력 우수자"
310994,한국리서치,[한국리서치] 밸류조사본부 인턴 연구원 채용,INTERN,"마케팅조사 연구지원직 | 설문/통계/리서치 | 전문/특수직 | 조사분석 | 통계 | 리서치 | 시장조사 | · 한국리서치 및 해당 직무에 관심을 가지게 된 계기와 지원 이유를 구체적으로 작성해주세요. | · 대학/대학원 생활 동안 깊이 있게 공부한 전공 분야나 의미 있었던 전공 외 활동을 소개하고, 관련하여 직무 수행 시 어떻게 기여할 수 있을지 기술해주세요. | · 다른 사람과 함께 목표를 이루는 과정에서 스스로 중요하게 생각했던 태도나 기준을 말해주세요. | · 한국리서치에 입사하게 된다면, 어떤 목표를 가지고 성장하고 싶은지 작성해주세요. | [한국리서치] 밸류조사본부 인턴 연구원 채용",,,"[한국리서치] 밸류조사본부 인턴 연구원 채용 [​업무 내용] · 국내외 마케팅 리서치 프로젝트 관련 업무 전반 지원 · 보고서 키인/2차 자료 수집 등 문서 작업 보조 · 온라인 설문 테스트 업무 · 갱서베이 및 기타 실사 업무 지원 [자격 요건] · 국내외 4년제 대학 졸업(예정)자 (휴학생 지원 가능하나, 최소 3개월 이상 근무 가능자에 한함) · OA 활용능력(엑셀, 워드, PPT, 한글) 중급 이상인 자 · 적극적인 자세, 꼼꼼한 태도를 가진 자 · 해외 출장에 결격 사유가 없는 자 [우대사항] · 영어 커뮤니케이션 가능자 · 즉시 근무 가능자"
310993,국립농업박물관,[국립농업박물관] 2026년 제2차 직원 채용 공고,CONTRACT,"교류협력 | 마케팅/PR/분석 | 마케팅/광고/홍보 | 마케팅전략/기획 | 광고기획 | 온라인마케팅 | 시장조사/분석 | 브랜드매니저 | 해외마케팅 | 언론홍보/PR | 설문/리서치 | · 1. 본인이 보유한 경력(경험) 및 실적, 핵심성과 등에 대해서 작성해주시기 바랍니다. (800자 이내) | · 2. 긴밀한 의사소통과 협력을 통해 주어진 업무나 과제를 슬기롭게 해결한 경험에 대해 작성해주세요. (600자 이내) | · 3. 성실함과 책임감을 바탕으로 업무를 수행한 경험에 대해 작성해주세요. (600자 이내) | [국립농업박물관] 2026년 제2차 직원 채용 공고 | 조경 | 토목/조경/도시/측량 | 건설 | 토목 | 도시계획/교통 | 측량/계측 | 안전 | 시설/보안/경비/안전 | 서비스 | 전기/소방/통신/안전 | 보안 | 경호/경비 | 시설관리 | 건설안전 | 소방방재 | 통신설비",,,[국립농업박물관] 2026년 제2차 직원 채용 공고 [모집분야] - 안전 1명 - 조경 1명 - 교류협력 1명 [접수일정] - 2026.3.25 ~ 2026.4.1 [전형절차] - 서류전형 > 면접전형 > 합격
310992,크림(KREAM),[크림(KREAM)] 오프라인 AMD 체험형 인턴 모집,INTERN,"오프라인 AMD | 상품기획/MD | 무역/유통 | 상품기획/개발 | MD | 패션MD | 리테일MD | 식품MD | [필수] 지원 동기가 무엇인지, 입사 후 기여할 수 있는 부분에 대해 구체적으로 작성해 주세요. | [필수] 지원 직무와 관련된 자신의 대표적인 프로젝트 한 가지를 적어 주시되, 어떠한 고민을 가지고 어떻게 결과물을 만들어 냈는지, 기여도는 어떠했는지 구체적으로 설명해 주세요. | [필수] (자유양식) 이력서 및 자기소개서를 첨부해주세요. / 연락처, 이메일 등은 포함할 수 없습니다. | [선택] (자유양식) 포트폴리오가 있다면 첨부해주세요. / 연락처, 이메일 등은 포함할 수 없습니다. | [크림(KREAM)] 오프라인 AMD 체험형 인턴 모집",,,"[크림(KREAM)] 오프라인 AMD 체험형 인턴 모집 [담당 업무] - 온·오프라인 채널 운영 및 상품 관리 지원 - 플랫폼 데일리 모니터링 및 보관 판매 운영 지원 - 오프라인 스토어 및 팝업 이벤트 현장 운영 지원 - 마케팅·영업용 콘텐츠 리소스 취합 및 관리 [필요 역량] ﻿- 계약기간 (약 3개월) 동안 Full-Time 근무 가능하신 분 - 채용 전형 절차 별 일정에 참여 가능하신 분 [입과 예정일 : 2026년 4월 20일] - MS Office(PPT, Excel) 활용 역량 - 편집샵 비즈니스에 대한 높은 이해도 - 마켓 트렌드에 관한 데이터 분석 역량 - 팝업 스토어 셋팅 및 오프라인 행사 현장에서의 유연한 대응 능력 [우대 사항] - 외국어(e.g 영어, 일어, 프랑스어, 이태리어) 커뮤니케이션 역량이 있으신 분 - 상품 기획 및 바잉 유관 경험이 있으신 분 - KREAM에 대한 관심이 많으신 분"
310989,전북연구원,[전북연구원] 공공행정 역량 향상 일경험 프로그램 4-2,,,,,[전북연구원] 공공행정 역량 향상 일경험 프로그램 4-2 [모집대상] ▶ 기본 요건 - 문서 작성 관련 지식 및 기술 필요 ▶ 우대 사항 - 일부 부서별 우대 전공 분야(첨부 운영계획서 확인) [모집기간] ~ 03월 31일까지 [모집공고]
310988,경남은행,[경남은행] 경영·사무,,,,,"[경남은행] 경영·사무 [모집대상] - 고졸이상 ▶ 우대사항 - 워드, 엑셀 가능하신분 [모집기간] ~ 04월 05일까지 [모집공고]"
310987,한화솔루션,[한화솔루션] 경영사무분야 청년 일경험 프로그램 1기,,,,,[한화솔루션] 경영사무분야 청년 일경험 프로그램 1기 [모집대상] 고졸 이상 [모집기간] ~ 03월 29일까지 [모집공고]
310986,카고콜,[카고콜] (경영사무) 인턴형일경험프로그램_2차,,,,,[카고콜] (경영사무) 인턴형일경험프로그램_2차 [모집대상] 고졸 이상 OA 사용 가능자 운전면허 소지자 [ 모집기간 ] ~ 03월 29일까지 [모집공고]
310985,전북문화관광재단,[전북문화관광재단] 공공행정 역량 향상 일경험 프로그램 4-2,,,,,"[전북문화관광재단] 공공행정 역량 향상 일경험 프로그램 4-2 [모집대상] - 문화예술 계열 전공자, 인문, 경상 계열 전공자 - 컴퓨터활용능력, 사무자동화 등 - (기획정책팀, 창작지원팀) 동영상 제작 및 편집 가능자 [모집기간] ~ 03월 31일까지 [모집공고]"
310983,전북여성가족재단,[전북여성가족재단] 미래내일 일경험 4-13 (사회참여형),,,,,"[전북여성가족재단] 미래내일 일경험 4-13 (사회참여형) [모집대상] * 청년 선발 요건: 고졸이상, 사회참여형 * 특화구분: 사회참여형 (지원요건: 3개월 이상 미취업 및 교육, 훈련 없는 상태 등 , 자세한 사항 담당자 전화 문의) [모집기간] ~ 03월 30일까지 [모집공고]"
310982,산소리숲마을,[산소리숲마을] 미래내일 일경험 4-8 (사회참여형),,,,,"[산소리숲마을] 미래내일 일경험 4-8 (사회참여형) [모집대상] * 청년 선발 요건 : 고졸이상, 사회참여형 * 특화구분: 사회참여형 (지원요건: 3개월 이상 미취업 및 교육, 훈련 없는 상태 등 , 자세한 사항 담당자 전화 문의) [모집기간] ~ 03월 30일까지 [모집공고]"
310981,휴먼제이앤씨,[(주)휴먼제이앤씨] 미래내일 일경험 4-1 (사회참여형),,,,,"[(주)휴먼제이앤씨] 미래내일 일경험 4-1 (사회참여형) [모집대상] * 청년 선발 요건: 대졸이상, 사회참여형 - 상담심리, 사회복지 등 관련 전공자 또는 관련 분야에 관심과 이해도가 있는 자 우대 - 청년 구직자 대상 프로그램 기획 및 운영 보조에 관심이 있으며, 적극적인 참여 태도와 책임감을 바탕으로 성실하게 활동 가능한 자 우대 * 특화구분: 사회참여형 (지원요건: 3개월 이상 미취업 및 교육, 훈련 없는 상태 등 , 자세한 사항 담당자 전화 문의) [ 모집기간 ] ~ 03월 30일까지 [모집공고]"
310980,휴먼제이앤씨,[(주)휴먼제이앤씨] 군산지사 미래내일 일경험 4-2 (사회참여형),,,,,"[(주)휴먼제이앤씨] 군산지사 미래내일 일경험 4-2 (사회참여형) [모집대상] * 청년 선발 요건: 고졸이상, 사회참여형 - 우대사항: 행정업무 및 문서 작성 가능자, 원활한 커뮤니케이션 능력 보유자, 미리캔버스 등 간단한 디자인 툴 활용 가능자 * 특화구분: 사회참여형 (지원요건: 3개월 이상 미취업 및 교육, 훈련 없는 상태 등 , 자세한 사항 담당자 전화 문의) [모집기간] ~ 03월 30일까지 [모집공고]"
310979,포스코인터내셔널,[포스코인터내셔널] 2026년 일경험 인턴형 1차,,,,,[포스코인터내셔널] 2026년 일경험 인턴형 1차 [모집대상] 대졸 이상 OA 활용 [모집기간] ~ 03월 27일까지 [모집공고]
310978,코우치코리아,[코우치코리아] 2026년 일경험 인턴형 1차,,,,,[코우치코리아] 2026년 일경험 인턴형 1차 [모집대상] 대졸 이상 적극적이고 성실한 태도 소유자 [모집기간] ~ 03월 27일까지 [모집공고]
310977,이스트소프트,[이스트소프트] 영문 퀄리티 검토 및 AI 기반 번역 검증 자동화,,,,,"[이스트소프트] 영문 퀄리티 검토 및 AI 기반 번역 검증 자동화 [모집대상] 전공: 영어영문학과 및 관련 전공 지식: 영문 번역 경험 우대사항 데이터 관리 경험(엑셀 등) 공인 영어 어학 성적(OPIC IH 이상, TOEIC 800점 이상) [모집기간] ~ 03월 29일까지 [모집공고]"
310976,서울특별시,AI를 활용한 R&D기획 분야 인턴-정규직 전환 연계 프로그램,,,,,"■ 인턴 정규직 연계 프로그램 본 과정은 4차 산업혁명 시대에는, 기업이 자체 연구개발과정 및 기획과정에 대해 학습하고, 대학, 공공연구기관, 타 기업이 개발한 기술을 구입하여 제품화 시기를 단축하는 개방형 기술혁신에 대해 학습하며, 기업은 물론 대학, 공공연구기관, 금융기관 등에서 기술경영 및 R&D기획 전문인력 수요에 따른 R&D기획 및 특화산업 교육 및 취업연계 과정(약 80개 이상의 협약 기관)입니다. ■ 참가자격 - 서울시민이며 만18 세~만39세 - 대학생의 경우 졸업예정자 - 4대보험 가입자 신청 불가 - 사업자등록증 소지자 신청 불가 ■ 접수기간 ~26.04.14 까지 ■ 주요내용 협회 교육 수료 후 약 80개의 협약기관과 매칭을 통해 인턴 지원 및 정규직 연계 ** 청년취업사관학교, 삼성청년SWAI아카데미 수료생의 경우 가점 부여 및 채용을 위한 직무면제 후 인턴십 바로 운영 가능 ■ 교육내용 교육일정 '26.05.06(수) ~ `26.06.25(목) 9:00~17:00, 멘토링 17:00~18:00(일부운영) 교육과정(265시간) (R&D기획) 지식재산권, R&D기획, 기술경영, 사업화, 보고서 작성 84시간 (데이터분석) 인공지능의기초, 데이터분석, 웹프로그래밍, 웹크롤링, 머신러닝/딥러닝 161시간 (멘토링) 이력서작성, 모의면접, 포트폴리오 작성 20시간 ■ 신청방법 -링크이동 후 정보 작성 https://docs.google.com/forms/d/e/1FAIpQLSf2jFnUKmlBLye1d0zA5QO7Zqe7BHwYNDQxT0XOykyVMT8ghA/viewform?usp=dialog - 협회홈페이지 이동 후 1. 서울형 매력일자리 사업 참여 신청서, 2. 개인정보 수집이용제공에 대한 동의서, 3. 자기소개서, 4.(사업자등록자의 경우)사업자등록증 관련 사실 확인서 작성 - 주민등록등본(최근 3개월 이내) ■ 지원사항 - 훈련수당 : 87.5만원(2.5만원/일 X 교육수강 35일) - 인턴십 : 759만원(253만원/월 X 3개월) - 정규직 취업연계, 업계 선배와의 네트워킹 및 각종 관련자격 취득교육 등 ■ 협약기업 LIST https://docs.google.com/spreadsheets/d/16LffmODL3tTAz32A8r8cDruk6Jsu36F7/edit?usp=sharing&ouid=109954401655195063516&rtpof=true&sd=true ■ 문 의 yes@kabit.or.kr"
310975,고용노동부,[K-디지털트레이닝 국비지원] 비전공자도 가능한 실무로 배우는 생성형AI&클라우드 서비스 개발자 양성과정,,,,,"■ 실무로 배우는 생성형AI & 클라우드 서비스 개발 전문가 과정(GPT & LLM 활용) with 바이브코딩 국비지원으로 듣는 이 과정, 이렇게 들으면 ‘취업 속도’가 달라집니다 6개월이라는 시간은 길지 않습니다. 하지만 제대로 활용하면, 비전공자도 개발자로 커리어 전환이 가능한 시간입니다. 처음부터 끝까지 도움 드리는 한국소프트웨어인재개발원에서 상담부터 권유드립니다! ■ 교육일정 - 과정명 : 실무로 배우는 생성형AI & 클라우드 서비스 개발 전문가 과정(GPT & LLM 활용) with 바이브코딩 - 교육 기간 : 2026.04.07.~2026.10.16. (6개월 취업연계과정) - 교육 시간 : 월~금 / 오전9:30~오후6:30 (130일 /총 1040시간) - 교육비 : 국비지원 (총 비용9,872,720원 -> 일부 소액 자부담) ■ 교육생 혜택 교육 수강료 국비지원 / 훈련장려금 매월 지급 개인 사물함 제공 / 교재비 무료 비전공자도 걱정없는 선행학습 및 학습 지원 취업특강/이력서클리닉/채용기업 설명회 한국생산성본부 AI-POT 자격 취득 지원 IT매칭데이(현장면접) 및 다양한 취업 지원 자율학습 장소 제공 및 수료식 축하선물 지급 ■ 신청 자격 및 특전 안내 - IT분야 취업 희망자/ 6개월 취업연계과정 오프라인 교육 가능하신 분. - 국민내일배움카드 발급자 또는 발급가능한 대한민국 국민 누구나 가능~! - 전공자 / 비전공자 / 졸업생 / 졸업예정자 모두 가능~! ■ 특전 - 훈련장려금 매월 지급 (30만원) (국민취업제지원제도 참가 1유형- 60만원 추가) 월 최대 90만원 - SW전문기업의 현업 CEO, CTO 멘토링 지원/ 프로젝트 멘토링 - 프로젝트 우수 시상 (상장 / 상품) - 취업 추천 채용 ■ 교육기대효과 실무 프로젝트를 통한 포트폴리오 완성 AI·클라우드·DevOps까지 아우르는 풀스택 역량 확보 기업 협업 프로젝트와 모의면접을 통한 취업스킬 쌓기 및 취업연계 제공 최신 기술을 활용한 즉시 투입 가능한 실무형 개발자로 성장 ■ 문 의 T.02-2025-8523 /홈페이지 : https://www.ikosmo.co.kr (한국소프트웨어인재개발원) (빠른상담신청이나 1:1문의 남겨주시면 연락드립니다)"
310974,이스트소프트,[이스트소프트] [IT] 개발자 릴레이션(DevRel),,,,,"[이스트소프트] [IT] 개발자 릴레이션(DevRel) [모집대상] -정보통신(IT)유관 전공 지식/기술 -AI, API 활용 경험 -Python, JavaScript, Swift 언어 중 하나 이상을 활용해서 서비스를 구현한 경험 기타사항 -기술 커뮤니케이션 능력(복잡한 기술 개념을 문서화 하는 역량) -Git, Notion 등 사용 경험이 있으신 분 [모집기간] ~ 03월 27일까지 [모집공고]"
310973,양정인력개발센터,관광MICE 컨벤션기획실무 취업준비생 모집!(스펙+취업용 포트폴리오 제작),,,,,"■ 모집개요 MICE 컨벤션 실무 취업 준비생을 모집합니다! 본 과정은기업 현장에서 바로 활용 가능한 실무 중심 커리큘럼으로 구성된3개월 집중 취업 대비 직업훈련과정입니다. ■ 교육개요 - 국제회의·전시기획(PCO/PEO) - 마이스/컨벤션 전문기업 - 여행사, 항공·호텔 등 관광분야 - 문화공연기획/광고·홍보기획사 등 ■ 교육 참여혜택 - 교육비 국비지원 - 매월 교육수당 최대 800,000원 제공(유형별 상이) - 교재 무료 제공 - 취업용️포트폴리오 완성 - 1:1취업컨설팅 제공 ■ 실무중심 커리큘럼 - 국제회의·전시기획 - 컨벤션 기획 및 운영 - 관광상품개발 - MICE기획실무 -관광마케팅 전략 - 관광법규 및 관광학개론 - 취업용 포트폴리오 제작 ■ 압도적인 취업성과! - 25.06.25 수료반 100% 취업 - 24.08.19 수료반 100% 취업 - 24.06.27 수료반 100%취업 500명 이상 수료생의 취업처가 증명합니다! ■ 교육대상 - 취업을 희망하는 구직자/취준생 - 비전공자도 가능 - 대학생의 경우 3학년부터 가능 ■ 교육신청 양정인력개발센터 홈페이지 접수 www.취업교육.com ■ 교육문의 - 전화문의 : 051-851-7887 - 위치 : 부산진구 중앙대로 900 양정인력개발센터 ■ 문 의 051-851-7887"
310972,㈜전인교육센터,자기계발 명상캠프,,,,,"■ 주말 자기계발 명상캠프 72기 모집 ️진짜 나를 찾고 싶은 20대를 위한 주말｜자기계발 명상캠프 ️ 우리는 늘 더 잘하기 위해 살아왔지만 정작 ‘나는 어떤 사람인지’ 생각해본 적은 많지 않습니다. 이 캠프에서는 비교와 기준을 내려놓고 오직 ‘나’에게 집중할 수 있습니다! 세상의 기준에 맞추느라 잊고 있었던 ‘나’ 이제, 주말 캠프에서 다시 만날 시간 <자기계발 주말 명상캠프> ■ 이런 분들께 추천합니다 남들과 비교하며 지친 20대 내가 뭘 좋아하는지 모르겠는 20대 진짜 나다운 방향을 찾고 싶은 20대 인생의 터닝포인트가 필요한 20대 ■ 참가 대상 전국의 20대 ■ 접수 기간 2026. 03. 18 (수) ~ 04. 03 (금) ■ 활동 내용 - 생각버리기 명상 체험 - 자기이해 로드맵 워크숍 - 자기계발 전문가의 1:1 코칭 - 생각을 바꾸는 상위 1% 명사 특강 - 평생교육원 수료증 수여 ■ 문 의 010-9092-9892"
310971,전주영상위원회,[2026 전주영상위원회 전주영화학교] 수강생 모집,,,,,"■ 모집명 [2026 전주영상위원회 전주영화학교] 수강생 모집 ■ 모집분야 전주영화학교 영화 연출 교육 수강생 ■ 모집인원 7명 내외 ■ 지원 조건 1) 필수/공통사항 · 만 18세 이상 39세 이하 2) 선택사항 다음 중 1가지 이상을 충족하여야 함 · 주민등록상 전북특별자치도 거주자 · 전북특별자치도 소재 영화·영상학과 졸업 예정자 · 전북특별자치도 내 영화 관련 단체 등 활동 영화인 ※ 공고일로부터 2년 이내의 지역 활동 증빙 서류 제출 ■ 지원내용 - 교육지원금 : 지급조건 충족 시 수강생 전원 지급 / 월/200만 원, 총 600만 원 ※ 월별 교육일 중 90% 이상 출석 - 기획·개발비 : 심사를 통해 3편 선정 / 3인/700만 원, 총 2,100만 원 ※ 추후 심사를 통해 지원 편수 및 금액이 변동될 수 있음 ■ 모집 일정 - 1차 서류 접수 : 2026. 3. 16.(월) ~ 4. 3.(금) 17:00까지 * 입학지원서, 작품활동경력서, 포트폴리오 소개서, 자기소개서, 장편 극영화 시놉시스, 개인정보 수집 및 활용 동의서, 성범죄·성희롱 사실 확인서 - 1차 합격자 발표 : 2026. 4. 7.(화) 예정 (개별 통보) - 2차 면접 : 2026. 4. 8.(수) ~ 4. 10.(금) 예정 - 최종 합격자 발표 : 2026. 4. 13.(월) 예정 (홈페이지 공지 및 개별 통보) ■ 접수방법 전주영상위원회 전주영화학교팀 jeonjufc@jjfc.or.kr 이메일 접수 ※ <입학지원서>, <개인정보 수집 및 활용 동의서> 서명 필수 ※ 각 내용을 작성하여 하나의 파일로 제출 (파일명 ‘전주영화학교_지원자 성명’) ※ 별도 첨부 포트폴리오 등은 식별 가능한 제목을 기재하여 개별 파일 및 압축 폴더로 첨부 ■ 제출서류 ① [2026 전주영화학교] 입학지원서 ② 작품활동경력서 ③ 포트폴리오 소개서 제출 · 제출 포트폴리오 작품별 소개서 작성(온라인 링크 기재/최대 3개 작품 제출 가능) ④ 자기소개서 ⑤ 장편 극영화 시놉시스 · 로그라인/기획의도/시놉시스 포함 필수 ⑥ 개인정보 수집 및 활용 동의서 ⑦ 성범죄‧성희롱 사실 확인서 ■ 교육일정 가. 오리엔테이션 : 2026년 4월 중순 진행 (예정) 나. 연출교육 : 2026년 5월~8월/일정에 따라 주 3일 (월-금) 다. 장편 극영화 시나리오 기획·개발 멘토링 : 2026년 6월~10월 수강생 별 7회 내외 라. 분야별 주제 특강 : 2026년 6월~10월 중 총 5강 내외 ※ 모든 수강생은 오리엔테이션 및 전체 교육 일정에 필수로 참여하여야 함 ※ 상기 일정은 추후 사정에 따라 변경될 수 있음 마. 기획·개발작 선정 심사 : 2026년 11월 중 바. 수료식 : 2026년 12월 중 ■ 문 의 전주영상위원회 영화학교팀 063-286-0422"
310970,교육부,2026 홍성뉴스 크리에이터 모집(1기) 모집,,,타 대외활동 경험,실무 교육 | 전문가/임직원 멘토링,"■ 모집명 2026 홍성뉴스 크리에이터 모집(1기) ■ 모집일정 ~ 26.03.27 (금)까지 ■ 합격자 발표 26.3.31(화) 개별통보 ■ 모집대상 및 인원 - 홍성군민 (신중년, 주부, 청년, 일반인, 결혼이민자 등) - 청소년(초·중·고교 학생) 대학생(유학생 포함) - 전문 기자(의학·과학·법학 등 전문가) - 홍성군민이면 누구나 지원 가능 ■ 교육기간 2026년 4월 4일(토) 오전9시~ 12월 ■ 인원 15명 내외 ■ 수강료 무료 ■ 활동내용 - 수료 후 전문가와 콘텐츠 제작 (~12월) - LG헬로비전 뉴스 전국방송 - 홍성신문 엘리베이터 미디어보드(TV) 방송 - 유튜브·네이버 송출 ■ 활동장소 청운대학교 BMEC 1층 ■ 문 의 청운대학교 라이즈사업단, 홍성DX미디어 TEL)041-630-3383"
310969,대구광역시 남구청,[대구] 2026 '우리들의 행복한 마을 만들기' 참여자 모집,,,타 대외활동 경험,실무 교육 | 봉사활동시간,"■ 대외활동명 ' 우리들의 행복한 마을 만들기' 참여자 모집 ■ 참가자격 대구 남구 지역주민 누구나(대학생, 취업준비생, 직장인 모두 환영 ) ■ 접수기간 2026. 3. 24.(화) ~ 4.2.(목) *참여자 추가 접수 중인 기간으로, 4/3일부터 진행될 예정입니다. ■ 활동내용 퍼실리테이션 기반 주민교육 (총 5회) - 4/9, 4/23, 5/7, 5/21, 6/4 (목) 14:00~16:00 주민 모임 (총 5회) - 1회기: 4/3(금) 10:00 주민 활동 (마을 변화 실천, 2회) 활동 성과 공유 및 최종 평가회 (1회) ■ 활동혜택 퍼실리테이션 전문 교육 무료 제공 회의·활동비 전액 지원 (강사비, 다과비) 주민활동 참여시 자원봉사 시간 인증 ⏱ ■ 문 의 053-476-7700 (ngwc108@daum.net)"
310968,(사)김해남영 정신 문화연구원,제8회 남명 전국 학생백일장 공모,,,,상장 수여,"■ 공모명 제8회 남명 전국 학생백일장 공모 ■ 참가자격 전국 및 관내 초·중·고교 재학생 누구나 ■ 참가부문 운문(시, 시조), 산문 ■ 참가시제 초등부: 화분·병원 / 중·고등부: 남명 조식·반려동물 (1인1편. 제목은 제시한 시제가 아니라도 됨) ■ 접수방법 단체 및 개인 e-메일 접수(우편접수 불가) e-메일namm114@naver.com (글자크기11포인트) ■ 접수기간 2026년 5월1일부터 9월 30일 PM18:00 ※필수기재사항: 응모자 이름, 응모자 사진, 연락처, 지역명(시,군), 학교명, 학년, 반) ■ 시상내용 김해시장상, 교육청장상, 국회의원상, 김해시의회의장상, 김해문화원장상, •사)남명문화정신연구원이사장상, 김해일보상 등 ■ 결과발표 김해일보 지면 또는 개별(학교)통보/ 상장배부 : 해당학교 우송함교부 ■ 시상부문 참가 부문별 장원 차상 차하 참방 각 부문별 상금이 없는 장려상 등 선정합니다. 작품은 참가자의 순수 창작작품이어야 합니다. 다른 대회 등 투고한 수상작이거나 타인의 작품을 도용, 표절한 사실이 확인 되면 수상 후에도 절차에 따라 취소됩니다. ※ 입상자 전원 상품권 지급 (전체 대상 ₩100,000/장원 ₩50,000/차상 ₩30,000 / 차하₩20,000/참방 ₩10,000) ■ 문 의 담당자 010-3112-0068"
310967,한국정보기술진흥원,제1회 실감형콘텐츠(AR/VR) 민간기능경기대회,,,,상장 수여,"■ 대회명 제1회 실감형콘텐츠(AR/VR) 민간기능경기대회 ■ 참가자격 실감형콘텐츠 제작에 관심이 있는 만 15세 이상의 대한민국 국민 (예선일 기준) (2011년 5월 4일 포함 이전 출생자) ■ 접수기간 2026년 4월 6일 (월) ~ 4월 26일 (일) (접수비: 50,000원) ■ 예선 대회일시 5월 4일 (월) 10:00 ~ 10:30 ― 개회식 및 오리엔테이션 10:30 ~ 11:00 ― 1교시 입실 및 본인확인 11:00 ~ 13:00 ― 1교시 필기시험 13:00 ~ 13:30 ― 점심시간 13:30 ~ 14:00 ― 2교시 입실 및 본인확인 14:00 ~ 18:00 ― 2교시 게임 기획서 작성 ■ 결과 발표: 5월 15일 (금) 18시, 한국정보기술진흥원 홈페이지 ■ 본선 대회일시 5월 21일 (목) 08:30 ~ 09:00 ― 입실 및 본인확인 09:00 ~ 18:00 ― 기획서 기반 콘텐츠 개발 ■ 결과 발표: 5월 22일 (금) 16시 ■ 대회장소 온라인 ■ 경기과제의 출제 내용 및 채점 기준 예선 1교시 ― 필기 시험 (120분) 1과목. 가상현실 콘텐츠 개발 (NCS 기반) (20문항) 2과목. 증강현실 콘텐츠 개발 (NCS 기반) (20문항) 3과목. Unity 엔진의 이해 (10문항) 4과목. C# 스크립팅 기초 (10문항) 예선 2교시 ― 기획서 작성 (240분) 주어진 산업적 주제(예: 제조 공정 안전 교육 VR)에 대해 메커니즘 설계, 레벨 디자인, UI/UX 시나리오를 포함한 전문 기획안 작성 본선 ― 실무 구현 (540분) 1. 예선에서 작성한 기획서를 바탕으로 Unity 엔진을 활용하여 실제 구동 가능한 VR 콘텐츠를 제작 2. 경기 당일 제시되는 3~5가지의 핵심 기능(예: 특정 상호작용 구현, 데이터 시각화 등)을 반드시 포함 ■ 시상 지방대회 (예선) ― 지역별 시상 대상 (1명) 한국정보기술진흥원장상 + 전국대회 출전권 금상 (1명) 한국정보기술진흥원장상 + 전국대회 출전권 은상 (2명) 한국정보기술진흥원 기능경기운영위원회 위원장상 + 전국대회 출전권 동상 (3명) 한국정보기술진흥원 기능경기운영위원회 위원장상 장려상 (00명) 한국정보기술진흥원 기능경기운영위원회 위원장상 ■ 전국대회 (본선) 대상 (1명) 고용노동부 장관상 금상 (1명) 국제기능올림픽대회 한국위원회 회장상 은상 (2명) 한국정보기술진흥원장상 동상 (3명) 한국정보기술진흥원장상 장려상 (00명) 한국정보기술진흥원장상 ■ 문 의 한국정보기술진흥원 기능경기운영위원회 meister@kitpa.org"
310966,서울상공회의소,[서울상공회의소] (경영사무) 2026년 일경험 인턴형 1차,,,,,"[서울상공회의소] (경영사무) 2026년 일경험 인턴형 1차 [모집대상] 고졸 이상 - 외국어 우수자 우대 - (대외홍보) 디자인, 영상제작 등 유경험자 - 대한상의 자격증 보유자 우대 [모집기간] ~ 03월 27일까지 [모집공고]"
310965,서울시청 물순환안전국 치수안전과,2026년 서울특별시 수해예방 콘텐츠공모전,,,,기타 | 상장 수여,"■ 공모전명 2026년 서울특별시 수해예방 콘텐츠공모전 서울시는 극한호우의 피해 예방을 위해 ‘2026년 서울특별시 수해 예방 콘텐츠 공모전’을 실시하고자 합니다. 기후변화에 따른 수해 예방을 위한 다양한 안전대책 아이디어를 제안해 주시고 관련 캐릭터를 만들어 주세요. 시민 여러분들의 많은 참여 바랍니다. ■ 참가자격 전국민 누구나 ■ 접수기간 2026. 3. 19.(목) ~ 2026. 4. 19.(일) ■ 공모 분야 수해예방 관련 1) 캐릭터 or 2)아이디어 ■ 공모 주제 ※ 캐릭터 분야 ▶ 풍수해의 위험성을 알리고 시민들의 대응 의지를 깨우는 친근한 캐릭터 ▶ 풍수해로부터 시민을 보호하고 안전 행동요령을 알려줄 든든한 캐릭터 ※ 아이디어 제안 분야 ▶ 집중호우 발생 시 피해 예방 및 대응, 시민행동요령에 관한 아이디어 ▶ 서울시 수해 예방 관련 정책 아이디어(침수예·경보제, 동행파트너, 10cm 빗물담기 등 참고) ■ 시상내역 대상(1) 100만원 상당 상품권 우수상(2) 각 50만원 상당 상품권 장려상(4) 각 20만원 상당 상품권 ■ 신청방법 이메일 접수(floodcontrol3894@gmail.com) '내 손안에 서울' (mediahub.seoul.go.kr) 공모전 페이지에서 신청서 다운로드 후 담당자 메일로 접수 (우편, 방문접수 불가) ■ 문 의 서울특별시 치수안전과 (02-2133-3894)"
310964,고용노동부,워라밸+4.5 프로젝트 「워라밸 삼행시」,,,,기타,"■ 공모명 워라밸+4.5 프로젝트 「워라밸 삼행시」 ■ 워라밸+4.5 프로젝트란? 임금 감소 없이 실노동시간을 단축 운영하는 기업을 지원하여 주 4.5일제가 자발적으로 추진, 확산되기 위한 제도입니다! 일은 더 효율적으로, 삶은 더 여유롭게 만드는 워라밸+4.5 프로젝트의 가치를 여러분의 언어로 표현해주세요! ■ 참여 방법 1. ‘워라밸’로 삼행시 작성 2. 네이버폼으로 제출하면 참여 완료! ■ 참여 혜택 우수 참여자 10명 : 네이버페이 포인트 2만원권 랜덤 추첨 100명 : 스타벅스 아메리카노 + 탕종 파마산 치즈 베이글 ※ 우수작은 창의성·공감성·메시지 전달력을 기준으로 선정됩니다. ■ 이벤트 일정 참여 기간: 2026.03.25.(수) ~ 04.03.(금) 당첨자 발표: 2026.04.10.(금)"
310963,배방월천도서관,배방월천도서관 '티키타카크루 2기' 크루원 모집,,,타 대외활동 경험,봉사활동시간,"■ 모집명 배방월천도서관 '티키타카크루 2기' 크루원 모집 ■ 모집대상 아산시 거주 청소년 13세~18세 ■ 모집기간 2026.03.10 ~ 2026.03.28 18:00 ■ 지원방법 지원신청서와 질문지를 내려받아 작성한뒤, (안내데스크에서도 받을 수 있어요) 1. 이메일(lyr0326@korea.kr)로 보내거나 2. 월천도서관에 방문하여 직원에게 제출해주세요~ ■ 활동기간 2026년 4월 ~ 12월 ■ 활동내용 1. 북큐레이션: 다른친구들에게 우리들의 관심사, 사회 이슈 등을 소개해 보자 2. 프로그램기획: 다양한 직업과 진로를 탐험할 수 있는 프로그램을 함께 기획해 보자 3. 홍보 및 운영: 티키타카ZONE을 잘 모르는 친구들에게 소개하고, 우리들의 공간 규칙은 우리들이 정해보자 ■ 활동혜택 - 자원봉사시간 - 프로그램 우선 참여권 - 활동꾸러미 제공 ■ 문 의 041-530-6388"
310962,이데일리,이데일리 넥스트테크포럼 서포터즈 모집,,,파워블로거/SNS | 콘텐츠 기획/제작 경험,사은품 지급 | 수료증 및 인증서,"이데일리 넥스트테크포럼 서포터즈 모집 AI가 생각을 넘어 산업을 움직이는 시대, 반도체·자율주행·로보틱스 등 피지컬 AI의 현재와 미래를 국내외 최고 전문가들과 함께 확인하세요. ■ 행사 개요 - 행사명 : 이데일리 넥스트테크포럼 - 주제 : 생각을 넘어, 산업을 움직이는 AI - 일시 : 2026년 4월 29일(수) - 장소 : 여의도 FKI타워 그랜드볼룸(*전경련) - 홈페이지 및 프로그램: https://nextech.edaily.co.kr/ ■ 참가 및 응모 대상 - 관련 분야에 관심 있는 누구나 참여 ■ 모집 인원 - 30명 내외 ■ 활동 내용 1. 이데일리 넥스트테크포럼 참가 *참여 필수 2. 행사 홍보(개인 SNS 및 채널 업로드) ■ 활동 혜택 - 서포터즈 활동 수료증 발급 - 약 2만원 상당의 소정의 선물 제공 - 우수서포터즈 2인 선정 갤럭시 버즈 FE 증정 ■ 운영 일정 - 접수기간 : 3월 25일(수) ~ 4월 13일(월) - 결과발표 : 4월 15일(수) / 대상자 개별 연락 예정 ■ 접수 방법 - 구글폼 제출(https://forms.gle/uyKn49WKWan6xg1y5) ■ 문 의 - 넥스트테크포럼 사무국 : 02-3772-0332 이메일 : forum@edaily.co.kr"
310961,(주)에치와이,hy프레딧 엠버서더 1기 Frendy 모집,,,콘텐츠 기획/제작 경험,활동비,"■ 모집명 hy프레딧 앰버서더 모집 ■ 모집기간 3/9(월) ~ 3/27(금) ■ 모집인원 50명 ■ 발표 3/31(화) hy프레딧 및 개별 안내 ■ 모집대상 - hy프레딧의 정기구독을 이용 중이거나 멤버십에 가입한 분 - 본인 소유의 SNS 계정이 있는 분 (블로그, 인스타그램, 유튜브, 쓰레드 등) ■ 활동기간 4/1(수) ~ 6/30(화), 3개월 ■ 활동내용 - hy프레딧의 제품과 서비스를 알리는 SNS 콘텐츠 제작 - 친구초대 특별 혜택을 활용한 신규회원 모집 - hy프레딧 쇼핑에 대한 의견 제시 ■ 활동혜택 - hy 대표제품 무료쿠폰 PKG 제공 - 구매지원 적립금 2만원 지급 - hy 프레딧 구매금액 10% 적립 - FRENDY 전용 친구초대 - 리뷰 희망 제품 무료교환쿠폰 최소 1회 지급 - 깜짝 진행되는 FRENDY 전용 특별 이벤트와 혜택 ■ 문 의 1577-3651 (hy 고객센터)"
310960,제주공익활동지원센터,2026년 제주공익활동지원센터 기자단 모집,,,콘텐츠 기획/제작 경험 | 타 대외활동 경험,활동비,"■ 모집명 2026년 제주공익활동지원센터 기자단 모집 ■ 모집기간 '26.3.13.금. ~ 3.27.금. ■ 모집인원 공익활동 홍보에 관심있는 제주도민 8명 이내 ■ 활동기간 2026.4월 ~ 2026.11월 ■ 활동내용 오리엔테이션(필수참석), 워크샵 3회, 공익활동가 발굴·인터뷰, 지역 내 공익활동 현장 기획취재 ■ 결과발표 ’26.4.2.(목) ■ 지원방법 QR코드(https://forms.gle/KbYN3WjFxrckpB1u9) 링크 > 구글 폼 입력 ■ 오리엔테이션(필수) ‘26.4.8.수. 10:00~12:00 ■ 문 의 064.759.8884"
310959,농림축산식품부,2026년 동물복지 정책참여단 모집,,,타 대외활동 경험,사은품 지급,"■모집명 2026년 동물복지 정책참여단 모집 ■모집기간 2026년 3월 13일 ~ 3월 29일 ■모집대상 만 20세 이상 누구나 ■주요활동 일상생활에서 필요사항 제안, 동물보호의 날 행사 아이디어 제시 등 다양한 활동 참여 ■참여혜택 소정의 상품권 지급 ■신청방법 QR코드 클릭 ■문 의 02-3456-1846 (응대 가능시간 평일 09시~18시)"
310958,풀무원,스테이 풀무원 참가자 모집,,,타 대외활동 경험,행사 참여,"■ 모집명 스테이 풀무원 참가자 모집 ■ 일시 5월 8일(금) ~ 5월 9일(토), 1박 2일 ■ 장소 풀무원아카데미 (충북 괴산) ■ 신청대상 - (필수) 만 19세 이상 성인만 참여 가능 (엄마와 딸 모두 해당) *2007년생 포함 이전 출생자부터 신청 가능합니다. - 어버이날 모녀가 함께 하루 동안 소중한 추억을 쌓고 싶은 분 - 평소 풀무원 브랜드 제품을 애용하거나 식물성 지향 식단, 지속가능한 식생활에 관심 있는 분 ■ 모집인원 만 19세 이상 성인 '엄마와 딸' 20팀(40명) ■ 신청기간 3월 16일(월) ~ 4월 5일(일) ■ 당첨자발표 4월 13일(월) *당첨자 개별 안내 ■ 신청방법 1. 프로필 링크 ’스테이풀무원 신청‘ 클릭 2. 신청서 작성 및 제출 *만 19세 이상 성인만 참여 가능합니다. (2007년생 포함 이전 출생자) @pulmuone 팔로우 & 게시물 좋아요 시 당첨 확률 up! ■프로그램 - 지속가능한 내일이 담긴 바른먹거리 식사 - 엄마와 딸이 직접 만들어 더 특별한 두부 만들기 - 일상의 소음을 내려 놓는 싱잉볼 명상 - 어버이날의 추억을 담은 스냅 촬영 - 포근한 불빛 아래, 진심을 담은 이야기 : 봄밤의 캠프파이어 ■ 문 의 staypulmuone.ask@prain.com"
310957,윌라,[윌라] 대학생 서포터즈 윌프렌즈 3기 모집,,,파워블로거/SNS | 사진/영상/디자인 툴 | 콘텐츠 기획/제작 경험,활동비 | 수료증 및 인증서,"[윌라] 대학생 서포터즈 윌프렌즈 3기 모집 ■ 모집 대상 - 독서, 마케팅에 관심이 많은 대학생 - 개인 SNS 채널 활동이 활발한 대학생 - 수도권 소재 재학생 및 휴학생 ■ 우대 사항 - 영상, 카드뉴스, 밈 등 요즘 트렌드 콘텐츠에 관심 많은 분 - Photoshop, Canva, Premiere, CapCut 등 디자인/영상 툴을 조금이라도 다뤄본 분 - SNS 콘텐츠 제작 경험 있거나, 계정을 적극적으로 운영해본 분 - 함께하는 활동에 책임감 있고 성실하게 참여할 수 있는 분 ■ 모집 일정 - 접수 기간 : 3/25(수) ~ 4/07(화) - 모집 인원: 20명 - 합격자 발표 : 4/10(금) - 활동 기간 : 2026년 4월 ~ 2026년 7월 (3개월) - 발대식 : 4/16(목) 오후 2시 *촬영 포함 3시간 소요 예정 *윌라 스튜디오(강남역 위치)에서 진행 예정 ■ 활동 내용 - 개인 및 팀 과제 수행 - 윌라를 홍보할 수 있는 SNS 콘텐츠 제작 - 윌라 브랜드 마케팅 및 오프라인 행사 참여 - 발대식·해단식, 정기 모임 참여 ■ 대외활동 혜택 - 소정의 활동비 제공 - 우수 활동자 & 최종 우수팀 시상 - 참여자 전원 수료증 지급 - 윌라 웰컴 굿즈(자체 제작 티셔츠 포함) 제공 - 단체 이미지 촬영 제휴 ■ 지원 방법 - 구글폼을 통해 지원해 주세요 - https://forms.gle/QgB16J53Gxup6CiSA"
310956,사)한국의길과문화,2026 경기둘레길 예비 자원활동가 모집,,,타 대외활동 경험,활동비 | 수료증 및 인증서,"2026 경기둘레길 예비 자원활동가 모집 안녕하세요? 경기도의 외곽을 따라 걷는 걷기여행길, 경기둘레길과 함께할 2026년 자원활동가를 아래와 같이 모집합니다. 걷기를 좋아하고, 길을 사랑하며, 안전하고 쾌적한 길 환경을 함께 만들어갈 분들의 많은 참여를 바랍니다. ■ 모집인원 - 1치 예비선발 : 22팀 - 2차 최종선발 : 17팀 ※ 1차 선발팀 중 사전교육 이수자를 대상으로 최종 선발 예정 ■ 일정 - 1차모집 : 3/25(수)~4/5(일) - 1차발표 : 4/8(수) - 사전교육(필수) : 4/18(토) 10-17시 예정 *화성서해마루 유스호스텔 - 최종선발 : 4/22(수) - 발대식(필수) : 4/25(토) 13-17시 예정 *경기상상캠퍼스 ※ 사전교육 및 발대식 불참 시 선발이 취소될 수 있습니다. ※ 일정은 상황에 따라 변경될 수 있습니다. ■ 지원자격 - 경기둘레길에 대한 관심과 애정, 지역 봉사의지가 있으신 분 - 담당코스(약 3~4개) 정기 3회 활동이 가능하신 분 - 사전교육 이수 가능자 ■ 우대사항 - 경기둘레길 해당(인근) 지역 거주자 - 경기둘레길 완보 경험자 -걷기여행길 자원활동 및 관련 경험자 ■ 활동내용 - 경기둘레길 정기 현장점검(팀 당 3~4코스) - 경기둘레길 안내사인(리본/스티커) 유지·보수 - 경기둘레길 담당코스 홍보 활동(SNS 게시 등) - 자연재해, 노면훼손, 시설물 파손 등 이용불편 신고 - 활동결과 보고서 작성 및 제출 ■ 지원사항 - 경기둘레길 자원활동가 임명장(경기관광공사 교부) - 정기활동시 소정의 활동경비 지원 - 활동물품 지원 및 정기활동 기간 여행자보험 가입 ■ 필수 안내사항 - 본 활동은 1차 선발된 22팀을 대상으로 사전교육을 진행하며, 교육 이수 후 최종 선발 심사를 통해 최종 17팀만 자원활동가로 확정됩니다. 따라서 사전교육을 이수하더라도 최종 선발 과정에서 탈락할 수 있습니다. - 선발희망자는 ① 사전교육(04.18(토)) / ② 발대식(04.25(토)) 두 행사 모두 참석해야 합니다. - 또한 본 프로그램은 2인 1팀으로 운영되므로, 팀원 전원이 두 일정에 모두 참석해야 합니다. - 두 일정 중 하나라도 불참할 경우, 선발이 취소됩니다. ■ 지원방법 및 문의 - 온라인 신청 : https://forms.gle/CrXY2Kf6ZRFoAtHo6 - 문의 : 경기둘레길 안내사무국 031-259-4715 ※ 상기 내용은 추후 상황에 따라 변동될 수 있습니다."
310953,잡앤피플연구소,[잡앤피플연구소] 채용컨설팅팀 PM 경력 및 신입지원 채용,"NEW, EXPERIENCED","채용컨설팅팀 PM | PM | 웹기획/PM/웹마케팅 | IT/인터넷 | UI기획 | 개발 매니저 | 로그분석 | 모바일기획 | 사용자평가 | 쇼핑몰기획 | 스토리보드 | 웹서비스기획 | 제안•컨설팅 | 컨텐츠기획 | 웹개발 | 응용프로그램개발 | ERP/시스템개발/설계 | 네트워크/서버/보안 | DBA/데이터베이스 | 콘텐츠/사이트운영 | HTML/퍼블리싱/UI개발 | QA | 게임 | 지원분야에 대해 알고 있는 내용과 우리 연구소에 입사를 결심한 계기는 무엇인지 작성해주시기 바랍니다. | 본인이 가지고 있는 경험/경력, 지식, 기술, 태도 등을 어떻게 활용하여 우리 연구소의 성과에 기여할 수 있을지에 대해 작성해주시기 바랍니다. | 본인이 사용할 수 있는 개발툴 또는 OA 프로그램 활용능력 정도를 간단히 설명해주시기 바랍니다. | [잡앤피플연구소] 채용컨설팅팀 PM 경력 및 신입지원 채용",,,"[잡앤피플연구소] 채용컨설팅팀 PM 경력 및 신입지원 채용 [담당업무] - 채용계획 검토 및 공고문 검수 - 프로젝트 참여인력 섭외/운영 및 관리 - 시험장, 면접장 대관 및 과업진행 기획업무 지원 - 고객사 제안자료 및 각종 필요문서 작성 - 프로젝트 행정업무(견적, 계약 등) 기타 연구소 사업성과 성장을 위한 업무 추진 및 지원 [모집기간] 03월 25일 ~ 04월 24일 [채용공고]"
310952,(사) 서울시관광협회,[(사) 서울시관광협회] 2026 서울 매력일자리 관광분야 인턴십 참여자 모집공고,INTERN,관광분야 | 경영/사무 | 기획/전략/경영 | 사무/총무/법무 | 인사/노무/교육 | 경리/회계/결산 | 재무/세무/IR | 사무보조/문서작성 | 자기소개 [장점] [단점] [가치관 등] | 경력소개 | 지원동기 | 전망 및 포부 | [(사) 서울시관광협회] 2026 서울 매력일자리 관광분야 인턴십 참여자 모집공고,,,"[(사) 서울시관광협회] 2026 서울 매력일자리 관광분야 인턴십 참여자 모집공고 [담당업무] 관광 업종별 사업 기획 및 수행, 홍보 마케팅 등 주요업무 -관광관련 협단체, 여행사, MICE 등 서울시 내 관광업체(단체)에 배치 -근무내용과 매치계획은 참여단체와 참여자 간 의사반영 과정에서 일부 변경 될 수 있음 [ 모집기간 ] 03월 19일 ~ 04월 05일 [채용공고]"
310951,한국베링거인겔하임,[한국베링거인겔하임] HR intern (3 months),INTERN,HR intern | 인사/노무/교육 | 경영/사무 | 인사 | 노무 | 채용/면접 | 교육기획 | 자유양식 입니다. | [한국베링거인겔하임] HR intern (3 months),,,[한국베링거인겔하임] HR intern (3 months) 접수 기간 2026-03-25 ~ 2026-04-05 모집부문 및 상세내용 모집 부문 상세내용 HR intern (0명) 담당업무 • Support monthly Compensation & Benefit operation • Support benefit related payments and cost center allocation • Support monthly routine payroll backup and compensation such as tuition/english learning etc. 채용형태 - 인턴 3개월 직무관련 • Bachelor’s degree (졸업 예정자 가능) • Good communication skills • MS Office Skills (Excellence in Excel) 자격요건 학력 대학졸업(4년) 이상 근무조건 급여 회사 내규에 따름 근무지역 서울 중구 통일로 10 연세재단 세브란스 16층 지원 기간 및 방법 접수기간 2026-03-25 ~ 2026-04-05 접수방법 이메일 지원 *메일 제목: 성명_HR Intern 문의 이메일 HRrecruitingkorea.KR@boehringer-ingelheim.com 유의사항 허위 사실이 발견될 경우 채용이 취소될 수 있습니다.
