userId,experienceId,resume_infoId,resume_writingId,workspaceId,workspaceName,companyName,companyPosition,companyDivision,season,linkedExperienceIds,questionNum,draftNum,draftName,question,draftContent,education,university,major,interestedIndustries_1,interestedIndustries_2,interestedIndustries_3,interestedJobs_1,interestedJobs_2,interestedJobs_3,categoryName,Title,Situation,Task,Action,Reason,Result,ability_count,ability_0_keyword,ability_0_name,ability_0_definition,ability_0_reason,ability_1_keyword,ability_1_name,ability_1_definition,ability_1_reason,ability_2_keyword,ability_2_name,ability_2_definition,ability_2_reason
P0001,P0001_01,P0001_CO01_Q01_D01,P0001_CO01_Q01_D01,P0001_CO01,삼성전자_하반기,삼성전자,반도체 공정기술 엔지니어,DS부문 메모리사업부,2025.9.14,"P0001_01,P0001_02",1,1,버전 1,삼성전자를 지원한 이유와 입사 후 회사에서 이루고 싶은 꿈을 기술하십시오.,"[데이터로 공정의 한계를 넘는 초격차 엔지니어]

세계 최고의 반도체 기술력을 보유한 삼성전자에서 소재의 국산화와 공정 최적화를 통해 글로벌 기술 리더십을 공고히 하고자 지원했습니다. 저는 한국과학기술원 신소재공학 석사 과정 중, 나노 입자 제어 기술을 통해 소재의 물성을 극대화하는 연구를 수행하며 엔지니어로서의 기초를 다졌습니다. 특히 차세대 전도성 복합소재 개발 프로젝트에서 탄소나노튜브의 뭉침 현상을 해결하기 위해 실험 계획법(DOE)을 도입, 변수 간 상관관계를 데이터화하여 분석했습니다. 이를 통해 입자 분산성을 20% 개선하고 전도도 목표치를 18% 초과 달성하는 성과를 거두었습니다. 이러한 데이터 기반의 분석적 사고는 미세 공정의 한계에 도전하는 삼성전자의 공정기술 직무에서 핵심적인 역량이 될 것입니다.

입사 후에는 품질관리 인턴 당시 구축했던 자동화 시스템 경험을 바탕으로, 생산 라인의 실시간 데이터를 분석하여 수율을 극대화하는 스마트 팩토리 고도화에 기여하고 싶습니다. 당시 수기 기록의 비효율을 해결하기 위해 VBA 기반 자동화 툴을 제작하여 데이터 정리 시간을 75% 단축했던 경험이 있습니다. 이러한 현장 중심의 문제 해결 능력을 발휘하여, 삼성전자가 차세대 반도체 시장에서 압도적인 수율과 품질 경쟁력을 유지할 수 있도록 기여하는 공정 전문가로 성장하겠습니다.",master_graduate,한국과학기술원,신소재공학,semiconductor,chemical_material,automotive,rnd,manufacturing,quality,프로젝트,나노 복합소재 분산성 20% 향상 및 공정 최적화,· 석사 학위 과정 중 차세대 전도성 복합소재 개발을 위해 탄소나노튜브와 고분자 기재의 혼합 공정을 연구했습니다. · 초기 실험에서 나노 입자의 뭉침 현상으로 인해 목표로 했던 전기 전도도 수치에 도달하지 못하는 기술적 난관에 봉착했습니다.,"· 소재 내 입자 분산성을 개선하여 전도도 편차를 5% 이내로 줄이고, 전체 전도도를 기존 대비 15% 이상 향상시키는 것을 목표로 설정했습니다.",· 먼저 기존 공정의 변수를 전수 조사하여 입자 크기와 교반 속도 간의 상관관계를 데이터화했습니다. · 이후 표면 개질 기술을 도입하여 입자 간 응집력을 낮추는 화학적 처리를 병행했습니다. · 또한 초음파 분산 시간을 단계별로 세분화하여 최적의 에너지가 투입되는 지점을 찾아냈습니다. · 마지막으로 실험 계획법(DOE)을 활용해 최소한의 실험으로 유의미한 공정 윈도우를 확보했습니다.,· 단순 반복 실험보다 변수 간 상호작용을 분석하는 것이 근본적인 원인 해결에 효과적이라고 판단했습니다. · 화학적 개질과 물리적 분산을 병행하는 것이 소재의 물성을 손상시키지 않으면서 효율을 극대화할 수 있는 방법이었기 때문입니다.,"· 최종적으로 입자 분산성을 20% 개선하였으며, 전도도 목표치를 18% 초과 달성하여 관련 논문을 국내 학술지에 게재했습니다.",3,정보수집·분석 역량,데이터 기반 분석력,· 방대한 데이터 속에서 유의미한 패턴을 찾아내고 이를 의사결정에 활용하는 능력입니다.,· 공정 변수들을 전수 조사하고 상관관계를 데이터화하여 문제의 핵심 원인을 파악하는 과정에서 분석 역량을 발휘했습니다.,문제해결 능력,기술적 난제 해결력,· 직면한 문제의 원인을 논리적으로 분석하고 창의적인 대안을 제시하여 해결하는 능력입니다.,· 입자 뭉침이라는 기술적 한계를 극복하기 위해 화학적 개질과 물리적 공정 개선을 병행하여 목표 수치를 달성했습니다.,실행력·업무처리 능력,목표 달성 추진력,· 설정한 목표를 완수하기 위해 필요한 자원을 조직하고 끝까지 밀고 나가는 능력입니다.,· 실험 계획법을 도입해 효율적인 프로세스를 구축하고 정해진 기한 내에 최적의 공정 조건을 찾아내 성과를 냈습니다.
P0001,P0001_02,P0001_CO01_Q01_D01,P0001_CO01_Q01_D01,P0001_CO01,삼성전자_하반기,삼성전자,반도체 공정기술 엔지니어,DS부문 메모리사업부,2025.9.14,"P0001_01,P0001_02",1,1,버전 1,삼성전자를 지원한 이유와 입사 후 회사에서 이루고 싶은 꿈을 기술하십시오.,"[데이터로 공정의 한계를 넘는 초격차 엔지니어]

세계 최고의 반도체 기술력을 보유한 삼성전자에서 소재의 국산화와 공정 최적화를 통해 글로벌 기술 리더십을 공고히 하고자 지원했습니다. 저는 한국과학기술원 신소재공학 석사 과정 중, 나노 입자 제어 기술을 통해 소재의 물성을 극대화하는 연구를 수행하며 엔지니어로서의 기초를 다졌습니다. 특히 차세대 전도성 복합소재 개발 프로젝트에서 탄소나노튜브의 뭉침 현상을 해결하기 위해 실험 계획법(DOE)을 도입, 변수 간 상관관계를 데이터화하여 분석했습니다. 이를 통해 입자 분산성을 20% 개선하고 전도도 목표치를 18% 초과 달성하는 성과를 거두었습니다. 이러한 데이터 기반의 분석적 사고는 미세 공정의 한계에 도전하는 삼성전자의 공정기술 직무에서 핵심적인 역량이 될 것입니다.

입사 후에는 품질관리 인턴 당시 구축했던 자동화 시스템 경험을 바탕으로, 생산 라인의 실시간 데이터를 분석하여 수율을 극대화하는 스마트 팩토리 고도화에 기여하고 싶습니다. 당시 수기 기록의 비효율을 해결하기 위해 VBA 기반 자동화 툴을 제작하여 데이터 정리 시간을 75% 단축했던 경험이 있습니다. 이러한 현장 중심의 문제 해결 능력을 발휘하여, 삼성전자가 차세대 반도체 시장에서 압도적인 수율과 품질 경쟁력을 유지할 수 있도록 기여하는 공정 전문가로 성장하겠습니다.",master_graduate,한국과학기술원,신소재공학,semiconductor,chemical_material,automotive,rnd,manufacturing,quality,인턴,반도체 소재 기업 품질관리 공정 데이터 자동화,· 소재 전문 기업의 품질관리 부서에서 3개월간 인턴으로 근무하며 생산 라인의 불량률 데이터를 관리했습니다. · 당시 수기로 작성되던 검사 기록으로 인해 데이터 누락이 빈번했고 실시간 불량 원인 파악이 늦어지는 문제가 있었습니다.,"· 일일 데이터 입력 시간을 50% 단축하고, 불량 유형별 자동 분류 시스템을 구축하여 보고 체계를 효율화하는 과제를 맡았습니다.",· 먼저 현장 작업자들의 기록 방식을 관찰하고 불편 사항을 수렴하여 입력 양식을 표준화했습니다. · 이후 엑셀 매크로와 VBA를 활용하여 검사 장비의 출력값이 자동으로 시트에 기록되는 툴을 제작했습니다. · 또한 대시보드를 시각화하여 주요 불량 발생 시 즉각 알람이 울리도록 설정했습니다.,"· 수기 입력의 휴먼 에러를 줄이기 위해서는 자동화가 필수적이며, 현장 작업자의 편의성이 보장되어야 시스템이 정착될 수 있다고 판단했습니다.","· 데이터 정리 시간이 기존 2시간에서 30분으로 단축되었으며, 불량 원인 분석 속도가 3배 빨라져 공정 수율 개선에 기여했습니다.",3,디지털·기술 활용 역량,업무 자동화 기술,· 디지털 도구와 기술을 활용하여 업무의 효율성을 높이고 프로세스를 개선하는 능력입니다.,· VBA와 엑셀 매크로를 활용해 수기 기록 방식을 자동화 시스템으로 전환함으로써 공정 관리 효율을 극대화했습니다.,전략·기획 역량,프로세스 최적화 기획,· 목표 달성을 위해 전체적인 흐름을 설계하고 자원을 효율적으로 배분하는 능력입니다.,· 현장의 목소리를 반영하여 표준 양식을 설계하고 단계별 자동화 계획을 수립하여 시스템 정착을 유도했습니다.,커뮤니케이션 역량,현장 소통 및 조율,· 다양한 이해관계자와 원활하게 소통하며 의견을 조율하고 정보를 명확히 전달하는 능력입니다.,· 현장 작업자들과의 인터뷰를 통해 기존 방식의 문제점을 파악하고 새로운 시스템 도입에 대한 거부감을 최소화했습니다.
P0001,P0001_03,P0001_CO01_Q02_D01,P0001_CO01_Q02_D01,P0001_CO01,삼성전자_하반기,삼성전자,반도체 공정기술 엔지니어,DS부문 메모리사업부,2025.9.14,"P0001_03,P0001_01",2,1,버전 1,팀워크를 발휘하여 공동의 목표를 달성한 경험과 그 과정에서 본인의 역할을 기술하십시오.,"[소통과 전문성의 시너지로 일궈낸 혁신 아이디어]

에너지 소재 혁신 아이디어 공모전에서 팀장으로서 서로 다른 배경을 가진 팀원들을 이끌고 은상을 수상하며 협업의 가치를 배웠습니다. 당시 팀원들 간의 전공 지식 차이로 인해 차세대 이차전지 전구체 제조 공정의 구체화 과정에서 의견 충돌이 발생했습니다. 저는 팀장으로서 갈등을 해결하기 위해 각 팀원의 강점을 면밀히 파악하여 역할을 재분배했습니다. 이론적 배경이 강한 팀원에게는 자료 조사를, 툴 활용 능력이 좋은 팀원에게는 시뮬레이션을 맡겨 업무 효율을 높였습니다.

또한, 매주 2회 정기 회의를 통해 기술적 오류를 상호 검토하는 문화를 정착시켰고, 부족한 전문성을 보완하기 위해 지도 교수님을 직접 찾아가 자문을 구하는 등 적극적인 실행력을 보였습니다. 특히 비전공자도 이해하기 쉬운 시각적 자료를 활용해 발표 논리를 보강한 결과, 50여 개 팀 중 최종 2위라는 성과를 거둘 수 있었습니다. 이 과정에서 나노 복합소재 연구 당시 겪었던 기술적 난제 해결 경험을 공유하며 팀원들의 동기부여를 이끌어내기도 했습니다. 삼성전자에서도 유관 부서와의 긴밀한 협력을 통해 복잡한 공정 문제를 해결하는 소통하는 엔지니어가 되겠습니다.",master_graduate,한국과학기술원,신소재공학,semiconductor,chemical_material,automotive,rnd,manufacturing,quality,대외활동,에너지 소재 혁신 아이디어 공모전 은상 수상,· 전국 대학생 에너지 소재 아이디어 공모전에 팀장으로 참여하여 차세대 이차전지용 전구체 제조 공정 제안을 준비했습니다. · 팀원들 간의 전공 지식 차이로 인해 아이디어 구체화 과정에서 의견 충돌이 발생했습니다.,· 4주라는 짧은 기간 내에 기술적 타당성을 검증한 제안서를 완성하고 최종 발표에서 우수한 성적을 거두는 것이 목표였습니다.,"· 먼저 각 팀원의 강점에 맞춰 자료 조사, 시뮬레이션, 보고서 작성으로 역할을 세분화했습니다. · 이후 매주 2회 정기 회의를 통해 각자의 진행 상황을 공유하고 기술적 오류를 상호 검토했습니다. · 또한 관련 분야 교수님을 찾아가 자문을 구함으로써 제안서의 전문성을 높였습니다. · 마지막으로 발표 자료에 시각적 자료를 풍부하게 활용하여 비전공자도 이해하기 쉬운 논리를 구축했습니다.","· 팀원들의 역량을 극대화하기 위해서는 명확한 역할 분담이 필요했으며, 외부 전문가의 피드백이 아이디어의 현실성을 높이는 핵심이라고 생각했습니다.",· 독창성과 기술적 타당성을 인정받아 50여 개 팀 중 최종 2위인 은상을 수상하는 쾌거를 이루었습니다.,3,리더십·팔로워십,팀 성과 관리 리더십,· 공동의 목표 달성을 위해 팀원들의 역량을 결집시키고 갈등을 조정하며 방향을 제시하는 능력입니다.,· 팀장으로서 팀원들의 강점을 파악해 역할을 배분하고 갈등을 조율하여 정해진 기한 내에 결과물을 도출했습니다.,창의·혁신 역량,아이디어 발굴 및 구체화,· 기존의 틀에서 벗어나 새로운 관점에서 문제를 바라보고 실현 가능한 대안을 제시하는 능력입니다.,· 기존 전구체 공정의 불순물 문제를 해결하기 위한 새로운 필터링 구조를 제안하여 기술적 차별성을 확보했습니다.,협업·팀워크,시너지 창출 협업,· 팀원들과 신뢰를 바탕으로 협력하여 개인의 역량 이상의 성과를 만들어내는 능력입니다.,· 서로 다른 배경을 가진 팀원들의 의견을 통합하고 상호 검토 과정을 통해 제안서의 완성도를 높였습니다.
P0001,P0001_01,P0001_CO01_Q02_D01,P0001_CO01_Q02_D01,P0001_CO01,삼성전자_하반기,삼성전자,반도체 공정기술 엔지니어,DS부문 메모리사업부,2025.9.14,"P0001_03,P0001_01",2,1,버전 1,팀워크를 발휘하여 공동의 목표를 달성한 경험과 그 과정에서 본인의 역할을 기술하십시오.,"[소통과 전문성의 시너지로 일궈낸 혁신 아이디어]

에너지 소재 혁신 아이디어 공모전에서 팀장으로서 서로 다른 배경을 가진 팀원들을 이끌고 은상을 수상하며 협업의 가치를 배웠습니다. 당시 팀원들 간의 전공 지식 차이로 인해 차세대 이차전지 전구체 제조 공정의 구체화 과정에서 의견 충돌이 발생했습니다. 저는 팀장으로서 갈등을 해결하기 위해 각 팀원의 강점을 면밀히 파악하여 역할을 재분배했습니다. 이론적 배경이 강한 팀원에게는 자료 조사를, 툴 활용 능력이 좋은 팀원에게는 시뮬레이션을 맡겨 업무 효율을 높였습니다.

또한, 매주 2회 정기 회의를 통해 기술적 오류를 상호 검토하는 문화를 정착시켰고, 부족한 전문성을 보완하기 위해 지도 교수님을 직접 찾아가 자문을 구하는 등 적극적인 실행력을 보였습니다. 특히 비전공자도 이해하기 쉬운 시각적 자료를 활용해 발표 논리를 보강한 결과, 50여 개 팀 중 최종 2위라는 성과를 거둘 수 있었습니다. 이 과정에서 나노 복합소재 연구 당시 겪었던 기술적 난제 해결 경험을 공유하며 팀원들의 동기부여를 이끌어내기도 했습니다. 삼성전자에서도 유관 부서와의 긴밀한 협력을 통해 복잡한 공정 문제를 해결하는 소통하는 엔지니어가 되겠습니다.",master_graduate,한국과학기술원,신소재공학,semiconductor,chemical_material,automotive,rnd,manufacturing,quality,프로젝트,나노 복합소재 분산성 20% 향상 및 공정 최적화,· 석사 학위 과정 중 차세대 전도성 복합소재 개발을 위해 탄소나노튜브와 고분자 기재의 혼합 공정을 연구했습니다. · 초기 실험에서 나노 입자의 뭉침 현상으로 인해 목표로 했던 전기 전도도 수치에 도달하지 못하는 기술적 난관에 봉착했습니다.,"· 소재 내 입자 분산성을 개선하여 전도도 편차를 5% 이내로 줄이고, 전체 전도도를 기존 대비 15% 이상 향상시키는 것을 목표로 설정했습니다.",· 먼저 기존 공정의 변수를 전수 조사하여 입자 크기와 교반 속도 간의 상관관계를 데이터화했습니다. · 이후 표면 개질 기술을 도입하여 입자 간 응집력을 낮추는 화학적 처리를 병행했습니다. · 또한 초음파 분산 시간을 단계별로 세분화하여 최적의 에너지가 투입되는 지점을 찾아냈습니다. · 마지막으로 실험 계획법(DOE)을 활용해 최소한의 실험으로 유의미한 공정 윈도우를 확보했습니다.,· 단순 반복 실험보다 변수 간 상호작용을 분석하는 것이 근본적인 원인 해결에 효과적이라고 판단했습니다. · 화학적 개질과 물리적 분산을 병행하는 것이 소재의 물성을 손상시키지 않으면서 효율을 극대화할 수 있는 방법이었기 때문입니다.,"· 최종적으로 입자 분산성을 20% 개선하였으며, 전도도 목표치를 18% 초과 달성하여 관련 논문을 국내 학술지에 게재했습니다.",3,정보수집·분석 역량,데이터 기반 분석력,· 방대한 데이터 속에서 유의미한 패턴을 찾아내고 이를 의사결정에 활용하는 능력입니다.,· 공정 변수들을 전수 조사하고 상관관계를 데이터화하여 문제의 핵심 원인을 파악하는 과정에서 분석 역량을 발휘했습니다.,문제해결 능력,기술적 난제 해결력,· 직면한 문제의 원인을 논리적으로 분석하고 창의적인 대안을 제시하여 해결하는 능력입니다.,· 입자 뭉침이라는 기술적 한계를 극복하기 위해 화학적 개질과 물리적 공정 개선을 병행하여 목표 수치를 달성했습니다.,실행력·업무처리 능력,목표 달성 추진력,· 설정한 목표를 완수하기 위해 필요한 자원을 조직하고 끝까지 밀고 나가는 능력입니다.,· 실험 계획법을 도입해 효율적인 프로세스를 구축하고 정해진 기한 내에 최적의 공정 조건을 찾아내 성과를 냈습니다.
P0001,P0001_01,P0001_CO02_Q01_D01,P0001_CO02_Q01_D01,P0001_CO02,LG화학_공채,LG화학,R&D 소재개발,첨단소재사업본부,2025.10.5,"P0001_01,P0001_02",1,1,버전 1,지원 직무와 관련된 본인의 역량을 구체적인 사례를 들어 기술해주십시오.,"[나노 입자 제어 및 공정 최적화 역량]

신소재공학 석사 과정을 통해 확보한 '나노 입자 분산 제어 기술'과 '실험 계획법(DOE) 기반 공정 최적화 역량'은 LG화학의 첨단소재 개발을 가속화할 핵심 자산입니다. 석사 학위 과정 중 탄소나노튜브 복합소재의 전도도 향상을 위해 표면 개질 기술과 초음파 분산 공정을 병행 연구했습니다. 입자 간 응집력을 낮추기 위한 화학적 처리와 물리적 에너 투입 지점을 정밀하게 설계한 결과, 분산성을 20% 향상시키며 관련 논문을 학술지에 게재하는 성과를 냈습니다. 이는 소재의 근본적인 특성을 이해하고 이를 제어할 수 있는 기술적 전문성을 증명합니다.

또한, 반도체 소재 기업 인턴 시절 경험한 품질 데이터 자동화 역량은 연구 개발 단계에서의 데이터 신뢰성을 높이는 데 기여할 것입니다. 당시 엑셀 VBA를 활용해 검사 장비의 출력값을 자동 기록하는 시스템을 구축하여 불량 원인 분석 속도를 3배 향상시킨 경험이 있습니다. LG화학에서도 실험 데이터의 체계적인 관리와 분석을 통해 시행착오를 줄이고, 고부가가치 소재의 국산화 및 상용화 시점을 앞당기는 엔지니어가 되겠습니다.",master_graduate,한국과학기술원,신소재공학,semiconductor,chemical_material,automotive,rnd,manufacturing,quality,프로젝트,나노 복합소재 분산성 20% 향상 및 공정 최적화,· 석사 학위 과정 중 차세대 전도성 복합소재 개발을 위해 탄소나노튜브와 고분자 기재의 혼합 공정을 연구했습니다. · 초기 실험에서 나노 입자의 뭉침 현상으로 인해 목표로 했던 전기 전도도 수치에 도달하지 못하는 기술적 난관에 봉착했습니다.,"· 소재 내 입자 분산성을 개선하여 전도도 편차를 5% 이내로 줄이고, 전체 전도도를 기존 대비 15% 이상 향상시키는 것을 목표로 설정했습니다.",· 먼저 기존 공정의 변수를 전수 조사하여 입자 크기와 교반 속도 간의 상관관계를 데이터화했습니다. · 이후 표면 개질 기술을 도입하여 입자 간 응집력을 낮추는 화학적 처리를 병행했습니다. · 또한 초음파 분산 시간을 단계별로 세분화하여 최적의 에너지가 투입되는 지점을 찾아냈습니다. · 마지막으로 실험 계획법(DOE)을 활용해 최소한의 실험으로 유의미한 공정 윈도우를 확보했습니다.,· 단순 반복 실험보다 변수 간 상호작용을 분석하는 것이 근본적인 원인 해결에 효과적이라고 판단했습니다. · 화학적 개질과 물리적 분산을 병행하는 것이 소재의 물성을 손상시키지 않으면서 효율을 극대화할 수 있는 방법이었기 때문입니다.,"· 최종적으로 입자 분산성을 20% 개선하였으며, 전도도 목표치를 18% 초과 달성하여 관련 논문을 국내 학술지에 게재했습니다.",3,정보수집·분석 역량,데이터 기반 분석력,· 방대한 데이터 속에서 유의미한 패턴을 찾아내고 이를 의사결정에 활용하는 능력입니다.,· 공정 변수들을 전수 조사하고 상관관계를 데이터화하여 문제의 핵심 원인을 파악하는 과정에서 분석 역량을 발휘했습니다.,문제해결 능력,기술적 난제 해결력,· 직면한 문제의 원인을 논리적으로 분석하고 창의적인 대안을 제시하여 해결하는 능력입니다.,· 입자 뭉침이라는 기술적 한계를 극복하기 위해 화학적 개질과 물리적 공정 개선을 병행하여 목표 수치를 달성했습니다.,실행력·업무처리 능력,목표 달성 추진력,· 설정한 목표를 완수하기 위해 필요한 자원을 조직하고 끝까지 밀고 나가는 능력입니다.,· 실험 계획법을 도입해 효율적인 프로세스를 구축하고 정해진 기한 내에 최적의 공정 조건을 찾아내 성과를 냈습니다.
P0001,P0001_02,P0001_CO02_Q01_D01,P0001_CO02_Q01_D01,P0001_CO02,LG화학_공채,LG화학,R&D 소재개발,첨단소재사업본부,2025.10.5,"P0001_01,P0001_02",1,1,버전 1,지원 직무와 관련된 본인의 역량을 구체적인 사례를 들어 기술해주십시오.,"[나노 입자 제어 및 공정 최적화 역량]

신소재공학 석사 과정을 통해 확보한 '나노 입자 분산 제어 기술'과 '실험 계획법(DOE) 기반 공정 최적화 역량'은 LG화학의 첨단소재 개발을 가속화할 핵심 자산입니다. 석사 학위 과정 중 탄소나노튜브 복합소재의 전도도 향상을 위해 표면 개질 기술과 초음파 분산 공정을 병행 연구했습니다. 입자 간 응집력을 낮추기 위한 화학적 처리와 물리적 에너 투입 지점을 정밀하게 설계한 결과, 분산성을 20% 향상시키며 관련 논문을 학술지에 게재하는 성과를 냈습니다. 이는 소재의 근본적인 특성을 이해하고 이를 제어할 수 있는 기술적 전문성을 증명합니다.

또한, 반도체 소재 기업 인턴 시절 경험한 품질 데이터 자동화 역량은 연구 개발 단계에서의 데이터 신뢰성을 높이는 데 기여할 것입니다. 당시 엑셀 VBA를 활용해 검사 장비의 출력값을 자동 기록하는 시스템을 구축하여 불량 원인 분석 속도를 3배 향상시킨 경험이 있습니다. LG화학에서도 실험 데이터의 체계적인 관리와 분석을 통해 시행착오를 줄이고, 고부가가치 소재의 국산화 및 상용화 시점을 앞당기는 엔지니어가 되겠습니다.",master_graduate,한국과학기술원,신소재공학,semiconductor,chemical_material,automotive,rnd,manufacturing,quality,인턴,반도체 소재 기업 품질관리 공정 데이터 자동화,· 소재 전문 기업의 품질관리 부서에서 3개월간 인턴으로 근무하며 생산 라인의 불량률 데이터를 관리했습니다. · 당시 수기로 작성되던 검사 기록으로 인해 데이터 누락이 빈번했고 실시간 불량 원인 파악이 늦어지는 문제가 있었습니다.,"· 일일 데이터 입력 시간을 50% 단축하고, 불량 유형별 자동 분류 시스템을 구축하여 보고 체계를 효율화하는 과제를 맡았습니다.",· 먼저 현장 작업자들의 기록 방식을 관찰하고 불편 사항을 수렴하여 입력 양식을 표준화했습니다. · 이후 엑셀 매크로와 VBA를 활용하여 검사 장비의 출력값이 자동으로 시트에 기록되는 툴을 제작했습니다. · 또한 대시보드를 시각화하여 주요 불량 발생 시 즉각 알람이 울리도록 설정했습니다.,"· 수기 입력의 휴먼 에러를 줄이기 위해서는 자동화가 필수적이며, 현장 작업자의 편의성이 보장되어야 시스템이 정착될 수 있다고 판단했습니다.","· 데이터 정리 시간이 기존 2시간에서 30분으로 단축되었으며, 불량 원인 분석 속도가 3배 빨라져 공정 수율 개선에 기여했습니다.",3,디지털·기술 활용 역량,업무 자동화 기술,· 디지털 도구와 기술을 활용하여 업무의 효율성을 높이고 프로세스를 개선하는 능력입니다.,· VBA와 엑셀 매크로를 활용해 수기 기록 방식을 자동화 시스템으로 전환함으로써 공정 관리 효율을 극대화했습니다.,전략·기획 역량,프로세스 최적화 기획,· 목표 달성을 위해 전체적인 흐름을 설계하고 자원을 효율적으로 배분하는 능력입니다.,· 현장의 목소리를 반영하여 표준 양식을 설계하고 단계별 자동화 계획을 수립하여 시스템 정착을 유도했습니다.,커뮤니케이션 역량,현장 소통 및 조율,· 다양한 이해관계자와 원활하게 소통하며 의견을 조율하고 정보를 명확히 전달하는 능력입니다.,· 현장 작업자들과의 인터뷰를 통해 기존 방식의 문제점을 파악하고 새로운 시스템 도입에 대한 거부감을 최소화했습니다.
P0001,P0001_02,P0001_CO02_Q02_D01,P0001_CO02_Q02_D01,P0001_CO02,LG화학_공채,LG화학,R&D 소재개발,첨단소재사업본부,2025.10.5,"P0001_02,P0001_03",2,1,버전 1,기존의 방식에 의문을 제기하고 새로운 시각에서 문제를 해결했던 경험을 기술하십시오.,"[관행을 깬 자동화 시스템 도입으로 공정 효율을 높이다]

품질관리 부서 인턴 당시, 10년 넘게 유지되어 온 수기 기록 방식의 비효율성을 개선하기 위해 데이터 자동화 시스템을 제안하고 구축한 경험이 있습니다. 당시 현장에서는 검사 결과를 종이에 기록한 뒤 다시 엑셀에 입력하는 방식으로 인해 데이터 누락과 휴먼 에러가 빈번했습니다. 저는 이를 해결하기 위해 현장 작업자들의 동선을 관찰하고 불편 사항을 수렴하여 입력 양식을 표준화하는 작업부터 시작했습니다.

이후 엑셀 매크로를 활용해 장비 데이터가 실시간으로 연동되는 대시보드를 제작했습니다. 초기에는 새로운 방식에 어색해하던 작업자들도 있었으나, 일일 데이터 입력 시간이 2시간에서 30분으로 단축되는 것을 직접 체감하며 시스템은 성공적으로 정착되었습니다. 이 경험은 에너지 소재 공모전 당시 팀원들과의 의견 차이를 조율하며 외부 전문가의 자문을 받아 제안서의 타당성을 높였던 리더십 경험과 더불어, 저에게 '변화를 두려워하지 않는 도전 정신'을 심어주었습니다. LG화학의 끊임없는 혁신 과정에서도 기존 방식에 안주하지 않고 최적의 솔루션을 찾아내는 엔지니어가 되겠습니다.",master_graduate,한국과학기술원,신소재공학,semiconductor,chemical_material,automotive,rnd,manufacturing,quality,인턴,반도체 소재 기업 품질관리 공정 데이터 자동화,· 소재 전문 기업의 품질관리 부서에서 3개월간 인턴으로 근무하며 생산 라인의 불량률 데이터를 관리했습니다. · 당시 수기로 작성되던 검사 기록으로 인해 데이터 누락이 빈번했고 실시간 불량 원인 파악이 늦어지는 문제가 있었습니다.,"· 일일 데이터 입력 시간을 50% 단축하고, 불량 유형별 자동 분류 시스템을 구축하여 보고 체계를 효율화하는 과제를 맡았습니다.",· 먼저 현장 작업자들의 기록 방식을 관찰하고 불편 사항을 수렴하여 입력 양식을 표준화했습니다. · 이후 엑셀 매크로와 VBA를 활용하여 검사 장비의 출력값이 자동으로 시트에 기록되는 툴을 제작했습니다. · 또한 대시보드를 시각화하여 주요 불량 발생 시 즉각 알람이 울리도록 설정했습니다.,"· 수기 입력의 휴먼 에러를 줄이기 위해서는 자동화가 필수적이며, 현장 작업자의 편의성이 보장되어야 시스템이 정착될 수 있다고 판단했습니다.","· 데이터 정리 시간이 기존 2시간에서 30분으로 단축되었으며, 불량 원인 분석 속도가 3배 빨라져 공정 수율 개선에 기여했습니다.",3,디지털·기술 활용 역량,업무 자동화 기술,· 디지털 도구와 기술을 활용하여 업무의 효율성을 높이고 프로세스를 개선하는 능력입니다.,· VBA와 엑셀 매크로를 활용해 수기 기록 방식을 자동화 시스템으로 전환함으로써 공정 관리 효율을 극대화했습니다.,전략·기획 역량,프로세스 최적화 기획,· 목표 달성을 위해 전체적인 흐름을 설계하고 자원을 효율적으로 배분하는 능력입니다.,· 현장의 목소리를 반영하여 표준 양식을 설계하고 단계별 자동화 계획을 수립하여 시스템 정착을 유도했습니다.,커뮤니케이션 역량,현장 소통 및 조율,· 다양한 이해관계자와 원활하게 소통하며 의견을 조율하고 정보를 명확히 전달하는 능력입니다.,· 현장 작업자들과의 인터뷰를 통해 기존 방식의 문제점을 파악하고 새로운 시스템 도입에 대한 거부감을 최소화했습니다.
P0001,P0001_03,P0001_CO02_Q02_D01,P0001_CO02_Q02_D01,P0001_CO02,LG화학_공채,LG화학,R&D 소재개발,첨단소재사업본부,2025.10.5,"P0001_02,P0001_03",2,1,버전 1,기존의 방식에 의문을 제기하고 새로운 시각에서 문제를 해결했던 경험을 기술하십시오.,"[관행을 깬 자동화 시스템 도입으로 공정 효율을 높이다]

품질관리 부서 인턴 당시, 10년 넘게 유지되어 온 수기 기록 방식의 비효율성을 개선하기 위해 데이터 자동화 시스템을 제안하고 구축한 경험이 있습니다. 당시 현장에서는 검사 결과를 종이에 기록한 뒤 다시 엑셀에 입력하는 방식으로 인해 데이터 누락과 휴먼 에러가 빈번했습니다. 저는 이를 해결하기 위해 현장 작업자들의 동선을 관찰하고 불편 사항을 수렴하여 입력 양식을 표준화하는 작업부터 시작했습니다.

이후 엑셀 매크로를 활용해 장비 데이터가 실시간으로 연동되는 대시보드를 제작했습니다. 초기에는 새로운 방식에 어색해하던 작업자들도 있었으나, 일일 데이터 입력 시간이 2시간에서 30분으로 단축되는 것을 직접 체감하며 시스템은 성공적으로 정착되었습니다. 이 경험은 에너지 소재 공모전 당시 팀원들과의 의견 차이를 조율하며 외부 전문가의 자문을 받아 제안서의 타당성을 높였던 리더십 경험과 더불어, 저에게 '변화를 두려워하지 않는 도전 정신'을 심어주었습니다. LG화학의 끊임없는 혁신 과정에서도 기존 방식에 안주하지 않고 최적의 솔루션을 찾아내는 엔지니어가 되겠습니다.",master_graduate,한국과학기술원,신소재공학,semiconductor,chemical_material,automotive,rnd,manufacturing,quality,대외활동,에너지 소재 혁신 아이디어 공모전 은상 수상,· 전국 대학생 에너지 소재 아이디어 공모전에 팀장으로 참여하여 차세대 이차전지용 전구체 제조 공정 제안을 준비했습니다. · 팀원들 간의 전공 지식 차이로 인해 아이디어 구체화 과정에서 의견 충돌이 발생했습니다.,· 4주라는 짧은 기간 내에 기술적 타당성을 검증한 제안서를 완성하고 최종 발표에서 우수한 성적을 거두는 것이 목표였습니다.,"· 먼저 각 팀원의 강점에 맞춰 자료 조사, 시뮬레이션, 보고서 작성으로 역할을 세분화했습니다. · 이후 매주 2회 정기 회의를 통해 각자의 진행 상황을 공유하고 기술적 오류를 상호 검토했습니다. · 또한 관련 분야 교수님을 찾아가 자문을 구함으로써 제안서의 전문성을 높였습니다. · 마지막으로 발표 자료에 시각적 자료를 풍부하게 활용하여 비전공자도 이해하기 쉬운 논리를 구축했습니다.","· 팀원들의 역량을 극대화하기 위해서는 명확한 역할 분담이 필요했으며, 외부 전문가의 피드백이 아이디어의 현실성을 높이는 핵심이라고 생각했습니다.",· 독창성과 기술적 타당성을 인정받아 50여 개 팀 중 최종 2위인 은상을 수상하는 쾌거를 이루었습니다.,3,리더십·팔로워십,팀 성과 관리 리더십,· 공동의 목표 달성을 위해 팀원들의 역량을 결집시키고 갈등을 조정하며 방향을 제시하는 능력입니다.,· 팀장으로서 팀원들의 강점을 파악해 역할을 배분하고 갈등을 조율하여 정해진 기한 내에 결과물을 도출했습니다.,창의·혁신 역량,아이디어 발굴 및 구체화,· 기존의 틀에서 벗어나 새로운 관점에서 문제를 바라보고 실현 가능한 대안을 제시하는 능력입니다.,· 기존 전구체 공정의 불순물 문제를 해결하기 위한 새로운 필터링 구조를 제안하여 기술적 차별성을 확보했습니다.,협업·팀워크,시너지 창출 협업,· 팀원들과 신뢰를 바탕으로 협력하여 개인의 역량 이상의 성과를 만들어내는 능력입니다.,· 서로 다른 배경을 가진 팀원들의 의견을 통합하고 상호 검토 과정을 통해 제안서의 완성도를 높였습니다.
P0001,P0001_01,P0001_CO03_Q01_D01,P0001_CO03_Q01_D01,P0001_CO03,현대자동차_하반기,현대자동차,생산기술(소재),기초소재연구센터,2025.9.28,"P0001_01,P0001_02",1,1,버전 1,본인이 지원한 직무에 적합하다고 판단하는 근거를 기술하십시오.,"[현장 중심의 분석력과 기술적 전문성을 갖춘 소재 엔지니어]

현대자동차의 기초소재연구 직무는 차량 경량화와 전동화 소재의 신뢰성을 확보하는 핵심 부서입니다. 저는 석사 과정 중 나노 복합소재의 분산성 최적화 연구를 통해 소재의 물성을 극대화하는 실무적 해결 능력을 길렀습니다. 특히 실험 계획법(DOE)을 활용해 최소한의 실험으로 최적의 공정 윈도우를 확보했던 경험은, 수많은 변수가 존재하는 자동차 소재 생산 공정에서 효율적인 의사결정을 내리는 데 큰 도움이 될 것입니다.

또한, 소재 기업 인턴 기간 동안 품질관리 프로세스를 자동화하며 생산 현장의 메커니즘을 익혔습니다. 수기 기록의 오류를 잡기 위해 VBA 기반 자동 분류 시스템을 도입하여 불량 원인 파악 속도를 3배 높였던 성과는, 현대자동차의 무결점 품질 경영에 기여할 수 있는 저의 강점입니다. 에너지 소재 공모전에서 은상을 수상하며 증명한 창의적 문제 해결 능력과 팀워크 역량을 더해, 미래 모빌리티 소재 시장을 선도하는 현대자동차의 기술 경쟁력을 뒷받침하겠습니다.",master_graduate,한국과학기술원,신소재공학,semiconductor,chemical_material,automotive,rnd,manufacturing,quality,프로젝트,나노 복합소재 분산성 20% 향상 및 공정 최적화,· 석사 학위 과정 중 차세대 전도성 복합소재 개발을 위해 탄소나노튜브와 고분자 기재의 혼합 공정을 연구했습니다. · 초기 실험에서 나노 입자의 뭉침 현상으로 인해 목표로 했던 전기 전도도 수치에 도달하지 못하는 기술적 난관에 봉착했습니다.,"· 소재 내 입자 분산성을 개선하여 전도도 편차를 5% 이내로 줄이고, 전체 전도도를 기존 대비 15% 이상 향상시키는 것을 목표로 설정했습니다.",· 먼저 기존 공정의 변수를 전수 조사하여 입자 크기와 교반 속도 간의 상관관계를 데이터화했습니다. · 이후 표면 개질 기술을 도입하여 입자 간 응집력을 낮추는 화학적 처리를 병행했습니다. · 또한 초음파 분산 시간을 단계별로 세분화하여 최적의 에너지가 투입되는 지점을 찾아냈습니다. · 마지막으로 실험 계획법(DOE)을 활용해 최소한의 실험으로 유의미한 공정 윈도우를 확보했습니다.,· 단순 반복 실험보다 변수 간 상호작용을 분석하는 것이 근본적인 원인 해결에 효과적이라고 판단했습니다. · 화학적 개질과 물리적 분산을 병행하는 것이 소재의 물성을 손상시키지 않으면서 효율을 극대화할 수 있는 방법이었기 때문입니다.,"· 최종적으로 입자 분산성을 20% 개선하였으며, 전도도 목표치를 18% 초과 달성하여 관련 논문을 국내 학술지에 게재했습니다.",3,정보수집·분석 역량,데이터 기반 분석력,· 방대한 데이터 속에서 유의미한 패턴을 찾아내고 이를 의사결정에 활용하는 능력입니다.,· 공정 변수들을 전수 조사하고 상관관계를 데이터화하여 문제의 핵심 원인을 파악하는 과정에서 분석 역량을 발휘했습니다.,문제해결 능력,기술적 난제 해결력,· 직면한 문제의 원인을 논리적으로 분석하고 창의적인 대안을 제시하여 해결하는 능력입니다.,· 입자 뭉침이라는 기술적 한계를 극복하기 위해 화학적 개질과 물리적 공정 개선을 병행하여 목표 수치를 달성했습니다.,실행력·업무처리 능력,목표 달성 추진력,· 설정한 목표를 완수하기 위해 필요한 자원을 조직하고 끝까지 밀고 나가는 능력입니다.,· 실험 계획법을 도입해 효율적인 프로세스를 구축하고 정해진 기한 내에 최적의 공정 조건을 찾아내 성과를 냈습니다.
P0001,P0001_02,P0001_CO03_Q01_D01,P0001_CO03_Q01_D01,P0001_CO03,현대자동차_하반기,현대자동차,생산기술(소재),기초소재연구센터,2025.9.28,"P0001_01,P0001_02",1,1,버전 1,본인이 지원한 직무에 적합하다고 판단하는 근거를 기술하십시오.,"[현장 중심의 분석력과 기술적 전문성을 갖춘 소재 엔지니어]

현대자동차의 기초소재연구 직무는 차량 경량화와 전동화 소재의 신뢰성을 확보하는 핵심 부서입니다. 저는 석사 과정 중 나노 복합소재의 분산성 최적화 연구를 통해 소재의 물성을 극대화하는 실무적 해결 능력을 길렀습니다. 특히 실험 계획법(DOE)을 활용해 최소한의 실험으로 최적의 공정 윈도우를 확보했던 경험은, 수많은 변수가 존재하는 자동차 소재 생산 공정에서 효율적인 의사결정을 내리는 데 큰 도움이 될 것입니다.

또한, 소재 기업 인턴 기간 동안 품질관리 프로세스를 자동화하며 생산 현장의 메커니즘을 익혔습니다. 수기 기록의 오류를 잡기 위해 VBA 기반 자동 분류 시스템을 도입하여 불량 원인 파악 속도를 3배 높였던 성과는, 현대자동차의 무결점 품질 경영에 기여할 수 있는 저의 강점입니다. 에너지 소재 공모전에서 은상을 수상하며 증명한 창의적 문제 해결 능력과 팀워크 역량을 더해, 미래 모빌리티 소재 시장을 선도하는 현대자동차의 기술 경쟁력을 뒷받침하겠습니다.",master_graduate,한국과학기술원,신소재공학,semiconductor,chemical_material,automotive,rnd,manufacturing,quality,인턴,반도체 소재 기업 품질관리 공정 데이터 자동화,· 소재 전문 기업의 품질관리 부서에서 3개월간 인턴으로 근무하며 생산 라인의 불량률 데이터를 관리했습니다. · 당시 수기로 작성되던 검사 기록으로 인해 데이터 누락이 빈번했고 실시간 불량 원인 파악이 늦어지는 문제가 있었습니다.,"· 일일 데이터 입력 시간을 50% 단축하고, 불량 유형별 자동 분류 시스템을 구축하여 보고 체계를 효율화하는 과제를 맡았습니다.",· 먼저 현장 작업자들의 기록 방식을 관찰하고 불편 사항을 수렴하여 입력 양식을 표준화했습니다. · 이후 엑셀 매크로와 VBA를 활용하여 검사 장비의 출력값이 자동으로 시트에 기록되는 툴을 제작했습니다. · 또한 대시보드를 시각화하여 주요 불량 발생 시 즉각 알람이 울리도록 설정했습니다.,"· 수기 입력의 휴먼 에러를 줄이기 위해서는 자동화가 필수적이며, 현장 작업자의 편의성이 보장되어야 시스템이 정착될 수 있다고 판단했습니다.","· 데이터 정리 시간이 기존 2시간에서 30분으로 단축되었으며, 불량 원인 분석 속도가 3배 빨라져 공정 수율 개선에 기여했습니다.",3,디지털·기술 활용 역량,업무 자동화 기술,· 디지털 도구와 기술을 활용하여 업무의 효율성을 높이고 프로세스를 개선하는 능력입니다.,· VBA와 엑셀 매크로를 활용해 수기 기록 방식을 자동화 시스템으로 전환함으로써 공정 관리 효율을 극대화했습니다.,전략·기획 역량,프로세스 최적화 기획,· 목표 달성을 위해 전체적인 흐름을 설계하고 자원을 효율적으로 배분하는 능력입니다.,· 현장의 목소리를 반영하여 표준 양식을 설계하고 단계별 자동화 계획을 수립하여 시스템 정착을 유도했습니다.,커뮤니케이션 역량,현장 소통 및 조율,· 다양한 이해관계자와 원활하게 소통하며 의견을 조율하고 정보를 명확히 전달하는 능력입니다.,· 현장 작업자들과의 인터뷰를 통해 기존 방식의 문제점을 파악하고 새로운 시스템 도입에 대한 거부감을 최소화했습니다.
P0001,P0001_01,P0001_CO03_Q02_D01,P0001_CO03_Q02_D01,P0001_CO03,현대자동차_하반기,현대자동차,생산기술(소재),기초소재연구센터,2025.9.28,"P0001_01,P0001_03",2,1,버전 1,어려운 상황을 극복하기 위해 노력했던 경험과 그 결과를 통해 얻은 교훈을 기술하십시오.,"[한계를 돌파하는 끈기와 데이터 기반의 사고]

석사 학위 연구 당시, 탄소나노튜브의 응집 현상으로 인해 목표로 했던 전기 전도도 수치에 도달하지 못하는 기술적 난관에 부딪혔습니다. 수차례의 반복 실험에도 진전이 없자, 저는 단순 반복보다는 근본적인 원인 분석이 필요하다고 판단했습니다. 먼저 기존 공정의 모든 변수를 전수 조사하여 데이터화했고, 입자 크기와 교반 속도 간의 상관관계를 분석했습니다. 이 과정에서 물리적 분산만으로는 한계가 있음을 깨닫고, 화학적 표면 개질 기술을 새롭게 도입하는 과감한 시도를 했습니다.

이러한 도전적인 시도와 단계별 초음파 분산 최적화를 통해 결국 분산성을 20% 개선하며 목표를 달성할 수 있었습니다. 이 경험은 공모전 준비 당시 팀원 간의 지식 격차로 인한 갈등 상황에서도, 각자의 강점을 데이터화하여 역할을 분담함으로써 위기를 극복했던 밑거름이 되었습니다. '안 된다'는 부정적인 생각보다 '왜 안 되는가'에 대한 데이터 기반의 질문이 정답을 찾는 열쇠임을 배웠습니다. 현대자동차에서도 예상치 못한 공정 변수가 발생했을 때, 끈기 있는 분석과 도전적인 실행력으로 문제를 해결하겠습니다.",master_graduate,한국과학기술원,신소재공학,semiconductor,chemical_material,automotive,rnd,manufacturing,quality,프로젝트,나노 복합소재 분산성 20% 향상 및 공정 최적화,· 석사 학위 과정 중 차세대 전도성 복합소재 개발을 위해 탄소나노튜브와 고분자 기재의 혼합 공정을 연구했습니다. · 초기 실험에서 나노 입자의 뭉침 현상으로 인해 목표로 했던 전기 전도도 수치에 도달하지 못하는 기술적 난관에 봉착했습니다.,"· 소재 내 입자 분산성을 개선하여 전도도 편차를 5% 이내로 줄이고, 전체 전도도를 기존 대비 15% 이상 향상시키는 것을 목표로 설정했습니다.",· 먼저 기존 공정의 변수를 전수 조사하여 입자 크기와 교반 속도 간의 상관관계를 데이터화했습니다. · 이후 표면 개질 기술을 도입하여 입자 간 응집력을 낮추는 화학적 처리를 병행했습니다. · 또한 초음파 분산 시간을 단계별로 세분화하여 최적의 에너지가 투입되는 지점을 찾아냈습니다. · 마지막으로 실험 계획법(DOE)을 활용해 최소한의 실험으로 유의미한 공정 윈도우를 확보했습니다.,· 단순 반복 실험보다 변수 간 상호작용을 분석하는 것이 근본적인 원인 해결에 효과적이라고 판단했습니다. · 화학적 개질과 물리적 분산을 병행하는 것이 소재의 물성을 손상시키지 않으면서 효율을 극대화할 수 있는 방법이었기 때문입니다.,"· 최종적으로 입자 분산성을 20% 개선하였으며, 전도도 목표치를 18% 초과 달성하여 관련 논문을 국내 학술지에 게재했습니다.",3,정보수집·분석 역량,데이터 기반 분석력,· 방대한 데이터 속에서 유의미한 패턴을 찾아내고 이를 의사결정에 활용하는 능력입니다.,· 공정 변수들을 전수 조사하고 상관관계를 데이터화하여 문제의 핵심 원인을 파악하는 과정에서 분석 역량을 발휘했습니다.,문제해결 능력,기술적 난제 해결력,· 직면한 문제의 원인을 논리적으로 분석하고 창의적인 대안을 제시하여 해결하는 능력입니다.,· 입자 뭉침이라는 기술적 한계를 극복하기 위해 화학적 개질과 물리적 공정 개선을 병행하여 목표 수치를 달성했습니다.,실행력·업무처리 능력,목표 달성 추진력,· 설정한 목표를 완수하기 위해 필요한 자원을 조직하고 끝까지 밀고 나가는 능력입니다.,· 실험 계획법을 도입해 효율적인 프로세스를 구축하고 정해진 기한 내에 최적의 공정 조건을 찾아내 성과를 냈습니다.
P0001,P0001_03,P0001_CO03_Q02_D01,P0001_CO03_Q02_D01,P0001_CO03,현대자동차_하반기,현대자동차,생산기술(소재),기초소재연구센터,2025.9.28,"P0001_01,P0001_03",2,1,버전 1,어려운 상황을 극복하기 위해 노력했던 경험과 그 결과를 통해 얻은 교훈을 기술하십시오.,"[한계를 돌파하는 끈기와 데이터 기반의 사고]

석사 학위 연구 당시, 탄소나노튜브의 응집 현상으로 인해 목표로 했던 전기 전도도 수치에 도달하지 못하는 기술적 난관에 부딪혔습니다. 수차례의 반복 실험에도 진전이 없자, 저는 단순 반복보다는 근본적인 원인 분석이 필요하다고 판단했습니다. 먼저 기존 공정의 모든 변수를 전수 조사하여 데이터화했고, 입자 크기와 교반 속도 간의 상관관계를 분석했습니다. 이 과정에서 물리적 분산만으로는 한계가 있음을 깨닫고, 화학적 표면 개질 기술을 새롭게 도입하는 과감한 시도를 했습니다.

이러한 도전적인 시도와 단계별 초음파 분산 최적화를 통해 결국 분산성을 20% 개선하며 목표를 달성할 수 있었습니다. 이 경험은 공모전 준비 당시 팀원 간의 지식 격차로 인한 갈등 상황에서도, 각자의 강점을 데이터화하여 역할을 분담함으로써 위기를 극복했던 밑거름이 되었습니다. '안 된다'는 부정적인 생각보다 '왜 안 되는가'에 대한 데이터 기반의 질문이 정답을 찾는 열쇠임을 배웠습니다. 현대자동차에서도 예상치 못한 공정 변수가 발생했을 때, 끈기 있는 분석과 도전적인 실행력으로 문제를 해결하겠습니다.",master_graduate,한국과학기술원,신소재공학,semiconductor,chemical_material,automotive,rnd,manufacturing,quality,대외활동,에너지 소재 혁신 아이디어 공모전 은상 수상,· 전국 대학생 에너지 소재 아이디어 공모전에 팀장으로 참여하여 차세대 이차전지용 전구체 제조 공정 제안을 준비했습니다. · 팀원들 간의 전공 지식 차이로 인해 아이디어 구체화 과정에서 의견 충돌이 발생했습니다.,· 4주라는 짧은 기간 내에 기술적 타당성을 검증한 제안서를 완성하고 최종 발표에서 우수한 성적을 거두는 것이 목표였습니다.,"· 먼저 각 팀원의 강점에 맞춰 자료 조사, 시뮬레이션, 보고서 작성으로 역할을 세분화했습니다. · 이후 매주 2회 정기 회의를 통해 각자의 진행 상황을 공유하고 기술적 오류를 상호 검토했습니다. · 또한 관련 분야 교수님을 찾아가 자문을 구함으로써 제안서의 전문성을 높였습니다. · 마지막으로 발표 자료에 시각적 자료를 풍부하게 활용하여 비전공자도 이해하기 쉬운 논리를 구축했습니다.","· 팀원들의 역량을 극대화하기 위해서는 명확한 역할 분담이 필요했으며, 외부 전문가의 피드백이 아이디어의 현실성을 높이는 핵심이라고 생각했습니다.",· 독창성과 기술적 타당성을 인정받아 50여 개 팀 중 최종 2위인 은상을 수상하는 쾌거를 이루었습니다.,3,리더십·팔로워십,팀 성과 관리 리더십,· 공동의 목표 달성을 위해 팀원들의 역량을 결집시키고 갈등을 조정하며 방향을 제시하는 능력입니다.,· 팀장으로서 팀원들의 강점을 파악해 역할을 배분하고 갈등을 조율하여 정해진 기한 내에 결과물을 도출했습니다.,창의·혁신 역량,아이디어 발굴 및 구체화,· 기존의 틀에서 벗어나 새로운 관점에서 문제를 바라보고 실현 가능한 대안을 제시하는 능력입니다.,· 기존 전구체 공정의 불순물 문제를 해결하기 위한 새로운 필터링 구조를 제안하여 기술적 차별성을 확보했습니다.,협업·팀워크,시너지 창출 협업,· 팀원들과 신뢰를 바탕으로 협력하여 개인의 역량 이상의 성과를 만들어내는 능력입니다.,· 서로 다른 배경을 가진 팀원들의 의견을 통합하고 상호 검토 과정을 통해 제안서의 완성도를 높였습니다.
P0002,P0002_02,P0002_CO01_Q01_D01,P0002_CO01_Q01_D01,P0002_CO01,CJ대한통운_상반기,CJ대한통운,물류운영,CL사업부문,2025.3.25,"P0002_02,P0002_01",1,1,버전 1,"지원하신 직무를 수행함에 있어 본인만의 차별화된 역량은 무엇이며, 이를 활용하여 성과를 창출했던 경험을 기술해 주십시오.","현장의 데이터 불일치를 해결하고 프로세스를 효율화하는 '실행력'이 저의 가장 큰 강점입니다. 물류 기업 운영지원팀 인턴 당시, 수기 작성 위주의 재고 관리로 인해 발생하는 10%의 데이터 불일치율을 2.5%까지 낮춘 경험이 있습니다. 당시 현장에서는 피크 타임 시 입력 누락이 잦아 오배송 문제가 빈번했습니다. 저는 최근 3개월간의 오배송 사례를 전수 조사하여 오류가 잦은 품목을 선별했고, 이를 바탕으로 엑셀 기반의 자동 재고 관리 템플릿을 제작했습니다. 또한, 작업 동선에 맞춘 체크리스트를 부착하고 현장 작업자들에게 바코드 스캔의 중요성을 교육하여 시스템이 현장에 안착하도록 도왔습니다. 그 결과 입출고 처리 속도가 15% 향상되는 성과를 거두었습니다. 

이러한 데이터 기반의 문제 해결 역량은 조직 내 신뢰 구축으로도 이어졌습니다. 교내 테니스 동아리 회계 담당자로서 불투명한 자금 집행 문제를 해결하기 위해 1년 치 영수증을 디지털 데이터로 변환하고, 오차 범위를 0.5% 이내로 줄이는 정밀 정산을 수행했습니다. 매달 지출 내역을 시각화하여 공유함으로써 회원 만족도를 80% 이상 높였습니다. CJ대한통운에서도 현장의 작은 데이터 하나 놓치지 않는 꼼꼼함과 효율적인 프로세스 구축 능력을 바탕으로 물류 운영의 최적화를 실현하겠습니다.",bachelor_graduate,중앙대학교,경영학,logistics_transport,construction_real_estate,retail_distribution,management_support,logistics_scm,cs_cx,인턴,물류 센터 재고 관리 효율 15% 개선,· 중소 물류 기업의 운영지원팀 인턴으로 근무하며 입출고 데이터와 실제 재고가 일치하지 않아 발생하는 오배송 문제를 목격했습니다. · 수기 작성 위주의 재고 관리 방식으로 인해 피크 타임 시 데이터 입력 오류가 빈번하게 발생하고 있었습니다.,"· 재고 데이터 불일치율을 기존 10%에서 3% 미만으로 낮추고, 입출고 확인 시간을 단축하는 과제를 맡았습니다.","· 먼저 최근 3개월간의 오배송 사례를 분석하여 가장 오류가 잦은 품목군을 선별했습니다. · 이후 기존의 수기 장부를 대체할 수 있는 엑셀 기반의 자동 재고 관리 템플릿을 제작하여 현장에 배포했습니다. · 또한 현장 작업자들을 대상으로 바코드 스캔 절차의 중요성을 교육하고, 작업 동선에 맞춘 체크리스트를 부착했습니다.","· 현장의 업무 과중이 오류의 주원인이었으므로, 작업자의 편의성을 높이면서도 정확도를 담보할 수 있는 디지털 도구 도입이 필수적이라 판단했습니다. · 데이터의 정확성은 결국 현장의 실행력에서 나오기 때문에 교육과 동선 개선을 병행했습니다.","· 인턴 기간 종료 시점에 재고 불일치율이 2.5%로 감소했으며, 일일 평균 입출고 처리 속도가 15% 향상되는 성과를 거두었습니다.",3,실행력·업무처리 능력,프로세스 효율화 역량,· 주어진 목표를 달성하기 위해 업무 절차를 개선하고 자원을 효율적으로 배분하여 성과를 내는 능력입니다.,· 엑셀 템플릿 제작과 현장 동선 개선을 통해 실제 물류 운영의 효율성을 가시적으로 높이는 실행력을 보여주었습니다.,디지털·기술 활용 역량,오피스 툴 활용 및 자동화,· 디지털 도구와 소프트웨어를 활용하여 업무의 정확도와 속도를 높이는 능력입니다.,· 수기 업무를 엑셀 자동화 서식으로 전환하여 데이터 입력 오류를 원천적으로 방지하고 관리 편의성을 극대화했습니다.,고객·서비스 지향,내부 고객 만족 및 품질 관리,· 서비스 대상자의 요구를 파악하여 최적의 가치를 제공하고 서비스의 질을 지속적으로 개선하는 능력입니다.,"· 오배송 감소를 통해 최종 고객의 만족도를 높이는 동시에, 현장 작업자라는 내부 고객의 업무 편의성을 고려한 개선안을 도출했습니다."
P0002,P0002_01,P0002_CO01_Q01_D01,P0002_CO01_Q01_D01,P0002_CO01,CJ대한통운_상반기,CJ대한통운,물류운영,CL사업부문,2025.3.25,"P0002_02,P0002_01",1,1,버전 1,"지원하신 직무를 수행함에 있어 본인만의 차별화된 역량은 무엇이며, 이를 활용하여 성과를 창출했던 경험을 기술해 주십시오.","현장의 데이터 불일치를 해결하고 프로세스를 효율화하는 '실행력'이 저의 가장 큰 강점입니다. 물류 기업 운영지원팀 인턴 당시, 수기 작성 위주의 재고 관리로 인해 발생하는 10%의 데이터 불일치율을 2.5%까지 낮춘 경험이 있습니다. 당시 현장에서는 피크 타임 시 입력 누락이 잦아 오배송 문제가 빈번했습니다. 저는 최근 3개월간의 오배송 사례를 전수 조사하여 오류가 잦은 품목을 선별했고, 이를 바탕으로 엑셀 기반의 자동 재고 관리 템플릿을 제작했습니다. 또한, 작업 동선에 맞춘 체크리스트를 부착하고 현장 작업자들에게 바코드 스캔의 중요성을 교육하여 시스템이 현장에 안착하도록 도왔습니다. 그 결과 입출고 처리 속도가 15% 향상되는 성과를 거두었습니다. 

이러한 데이터 기반의 문제 해결 역량은 조직 내 신뢰 구축으로도 이어졌습니다. 교내 테니스 동아리 회계 담당자로서 불투명한 자금 집행 문제를 해결하기 위해 1년 치 영수증을 디지털 데이터로 변환하고, 오차 범위를 0.5% 이내로 줄이는 정밀 정산을 수행했습니다. 매달 지출 내역을 시각화하여 공유함으로써 회원 만족도를 80% 이상 높였습니다. CJ대한통운에서도 현장의 작은 데이터 하나 놓치지 않는 꼼꼼함과 효율적인 프로세스 구축 능력을 바탕으로 물류 운영의 최적화를 실현하겠습니다.",bachelor_graduate,중앙대학교,경영학,logistics_transport,construction_real_estate,retail_distribution,management_support,logistics_scm,cs_cx,교내동아리,회계 투명성 강화를 통한 동아리 신뢰 회복,· 교내 테니스 동아리의 회계 담당자로서 활동하며 이전 운영진의 불투명한 자금 집행으로 인해 회원들 사이에 불신이 팽배한 상황을 마주했습니다. · 특히 정기 대회 이후 잔금 처리 과정에서 영수증 누락이 발생하여 회원들의 불만이 고조되었습니다.,"· 1개월 이내에 지난 1년간의 모든 지출 내역을 전수 조사하고, 누구나 납득할 수 있는 투명한 정산 체계를 구축하는 것을 목표로 설정했습니다.",· 먼저 흩어져 있던 과거 1년 치의 종이 영수증과 카드 결제 내역을 모두 수집하여 디지털 데이터로 변환했습니다. · 이후 지출 목적별로 카테고리를 분류하고 장부와 실제 잔액의 오차 범위를 0.5% 이내로 줄이는 대조 작업을 수행했습니다. · 또한 매달 정기적으로 지출 내역을 시각화한 보고서를 동아리 단체 대화방에 공유하여 누구나 상시 열람할 수 있도록 조치했습니다. · 마지막으로 향후 재발 방지를 위해 법인카드 사용 원칙과 영수증 즉시 업로드 시스템을 도입했습니다.,· 감정적인 대응보다는 객관적인 수치와 증빙 자료를 제시하는 것이 무너진 신뢰를 회복하는 가장 빠른 길이라고 판단했습니다. · 정보의 비대칭성을 해소해야만 조직 내 불필요한 갈등을 원천적으로 차단할 수 있다고 믿었기 때문입니다.,"· 회계 투명성에 대한 만족도가 이전 대비 80% 이상 향상되었으며, 차기 운영진 선출 시 해당 정산 시스템이 공식 매뉴얼로 채택되었습니다.",3,정보수집·분석 역량,데이터 분석 및 검증 능력,"· 방대한 자료 중에서 필요한 정보를 선별하고, 데이터 간의 연관성을 파악하여 정확한 결론을 도출하는 능력입니다.",· 1년 치의 방대한 영수증과 결제 내역을 전수 조사하여 장부와의 오차를 찾아내고 이를 체계적으로 정리하는 과정에서 분석 역량을 발휘했습니다.,문제해결 능력,원인 분석 및 대안 실행력,· 문제의 근본 원인을 파악하고 이를 해결하기 위한 최적의 방안을 수립하여 실행에 옮기는 능력입니다.,· 단순 해명이 아닌 디지털 정산 시스템 도입이라는 근본적인 해결책을 제시함으로써 동아리 내 불신 문제를 종결지었습니다.,커뮤니케이션 역량,투명한 정보 공유 및 소통,"· 이해관계자들에게 정보를 명확하게 전달하고, 상호 이해를 바탕으로 원활한 소통을 이끌어내는 능력입니다.",· 복잡한 회계 내역을 시각화된 보고서 형태로 가공하여 회원들에게 공유함으로써 소통의 효율성을 높이고 신뢰를 쌓았습니다.
P0002,P0002_03,P0002_CO01_Q02_D01,P0002_CO01_Q02_D01,P0002_CO01,CJ대한통운_상반기,CJ대한통운,물류운영,CL사업부문,2025.3.25,"P0002_03,P0002_02",2,1,버전 1,변화하는 환경에 대응하여 기존의 방식에서 벗어나 창의적으로 문제를 해결했던 경험에 대해 구체적으로 기술해 주십시오.,"건설사 서포터즈 활동 당시, 강압적인 규제 대신 '게임화(Gamification)' 요소를 도입하여 근로자들의 자발적인 안전 의식 변화를 이끌어낸 경험이 있습니다. 당시 건설 현장의 안전모 착용률이 낮아 사고 위험이 컸으나, 기존의 주입식 교육은 실효성이 없었습니다. 저는 현장 근로자 인터뷰를 통해 착용의 불편함과 심리적 거부감을 파악했고, 이를 해결하기 위해 '안전모 인증샷 챌린지'를 기획했습니다. 

단순히 지시하는 것이 아니라, 안전모를 착용한 사진을 공유하면 현장에서 즉시 사용할 수 있는 간식 쿠폰을 지급하는 보상 체계를 설계했습니다. 또한, 동료들과 함께 즐길 수 있는 분위기를 조성하여 참여율을 높였습니다. 그 결과 안전모 미착용 적발 건수가 전월 대비 60% 감소했으며, 서포터즈 최우수 아이디어상을 수상하는 성과를 거두었습니다. 

이 경험을 통해 현장의 목소리를 반영한 창의적인 대안이 조직의 문화를 바꿀 수 있음을 배웠습니다. 물류 현장에서도 관행적으로 이어져 온 비효율을 찾아내고, 구성원들이 즐겁게 동참할 수 있는 개선안을 제시하여 CJ대한통운의 혁신 성장에 기여하겠습니다.",bachelor_graduate,중앙대학교,경영학,logistics_transport,construction_real_estate,retail_distribution,management_support,logistics_scm,cs_cx,대외활동,건설 현장 안전 캠페인 기획 및 참여율 제고,· 건설사 서포터즈 활동 중 현장 근로자들의 안전 장구 착용률이 낮아 사고 위험이 높다는 문제점을 파악했습니다. · 기존의 안전 교육은 딱딱한 강의 위주로 진행되어 근로자들의 자발적인 참여를 이끌어내지 못하고 있었습니다.,· 근로자들이 즐겁게 참여할 수 있는 캠페인을 기획하여 안전모 착용 준수율을 95% 이상으로 끌어올리는 것을 목표로 했습니다.,· 먼저 현장 근로자들과의 인터뷰를 통해 안전 장구 착용의 불편함과 심리적 장벽을 조사했습니다. · 이후 '안전모 인증샷 챌린지'와 같은 게임화(Gamification) 요소를 도입한 캠페인을 제안하고 실행했습니다. · 또한 우수 참여자에게는 현장에서 즉시 사용할 수 있는 간식 쿠폰을 지급하는 보상 체계를 설계했습니다.,· 강압적인 규제보다는 긍정적인 보상과 재미 요소가 행동 변화를 유도하는 데 더 효과적일 것이라고 판단했습니다. · 현장의 목소리를 직접 듣고 반영해야만 실질적인 참여를 이끌어낼 수 있다고 생각했습니다.,"· 캠페인 실시 후 안전모 미착용 적발 건수가 전월 대비 60% 감소했으며, 서포터즈 활동 중 최우수 아이디어상을 수상했습니다.",3,전략·기획 역량,타겟 맞춤형 캠페인 기획,· 목표 달성을 위해 구체적인 실행 계획을 수립하고 자원을 전략적으로 배치하는 능력입니다.,· 현장 근로자의 특성을 고려하여 게임화 요소와 보상 체계를 결합한 전략적인 캠페인을 기획하고 운영했습니다.,창의·혁신 역량,기존 방식의 개선 및 아이디어 도출,· 고정관념에서 벗어나 새로운 시각으로 문제를 바라보고 창의적인 대안을 제시하는 능력입니다.,· 주입식 안전 교육이라는 기존 틀에서 벗어나 참여형 챌린지라는 새로운 접근 방식을 도입하여 문제를 해결했습니다.,협업·팀워크,유관 부서와의 협력 및 조율,· 공동의 목표를 위해 팀원 및 이해관계자들과 협력하고 갈등을 조정하며 시너지를 내는 능력입니다.,"· 건설 현장 관리자, 서포터즈 팀원들과 협력하여 캠페인 일정을 조율하고 현장 적용 가능성을 검토하며 협업했습니다."
P0002,P0002_02,P0002_CO01_Q02_D01,P0002_CO01_Q02_D01,P0002_CO01,CJ대한통운_상반기,CJ대한통운,물류운영,CL사업부문,2025.3.25,"P0002_03,P0002_02",2,1,버전 1,변화하는 환경에 대응하여 기존의 방식에서 벗어나 창의적으로 문제를 해결했던 경험에 대해 구체적으로 기술해 주십시오.,"건설사 서포터즈 활동 당시, 강압적인 규제 대신 '게임화(Gamification)' 요소를 도입하여 근로자들의 자발적인 안전 의식 변화를 이끌어낸 경험이 있습니다. 당시 건설 현장의 안전모 착용률이 낮아 사고 위험이 컸으나, 기존의 주입식 교육은 실효성이 없었습니다. 저는 현장 근로자 인터뷰를 통해 착용의 불편함과 심리적 거부감을 파악했고, 이를 해결하기 위해 '안전모 인증샷 챌린지'를 기획했습니다. 

단순히 지시하는 것이 아니라, 안전모를 착용한 사진을 공유하면 현장에서 즉시 사용할 수 있는 간식 쿠폰을 지급하는 보상 체계를 설계했습니다. 또한, 동료들과 함께 즐길 수 있는 분위기를 조성하여 참여율을 높였습니다. 그 결과 안전모 미착용 적발 건수가 전월 대비 60% 감소했으며, 서포터즈 최우수 아이디어상을 수상하는 성과를 거두었습니다. 

이 경험을 통해 현장의 목소리를 반영한 창의적인 대안이 조직의 문화를 바꿀 수 있음을 배웠습니다. 물류 현장에서도 관행적으로 이어져 온 비효율을 찾아내고, 구성원들이 즐겁게 동참할 수 있는 개선안을 제시하여 CJ대한통운의 혁신 성장에 기여하겠습니다.",bachelor_graduate,중앙대학교,경영학,logistics_transport,construction_real_estate,retail_distribution,management_support,logistics_scm,cs_cx,인턴,물류 센터 재고 관리 효율 15% 개선,· 중소 물류 기업의 운영지원팀 인턴으로 근무하며 입출고 데이터와 실제 재고가 일치하지 않아 발생하는 오배송 문제를 목격했습니다. · 수기 작성 위주의 재고 관리 방식으로 인해 피크 타임 시 데이터 입력 오류가 빈번하게 발생하고 있었습니다.,"· 재고 데이터 불일치율을 기존 10%에서 3% 미만으로 낮추고, 입출고 확인 시간을 단축하는 과제를 맡았습니다.","· 먼저 최근 3개월간의 오배송 사례를 분석하여 가장 오류가 잦은 품목군을 선별했습니다. · 이후 기존의 수기 장부를 대체할 수 있는 엑셀 기반의 자동 재고 관리 템플릿을 제작하여 현장에 배포했습니다. · 또한 현장 작업자들을 대상으로 바코드 스캔 절차의 중요성을 교육하고, 작업 동선에 맞춘 체크리스트를 부착했습니다.","· 현장의 업무 과중이 오류의 주원인이었으므로, 작업자의 편의성을 높이면서도 정확도를 담보할 수 있는 디지털 도구 도입이 필수적이라 판단했습니다. · 데이터의 정확성은 결국 현장의 실행력에서 나오기 때문에 교육과 동선 개선을 병행했습니다.","· 인턴 기간 종료 시점에 재고 불일치율이 2.5%로 감소했으며, 일일 평균 입출고 처리 속도가 15% 향상되는 성과를 거두었습니다.",3,실행력·업무처리 능력,프로세스 효율화 역량,· 주어진 목표를 달성하기 위해 업무 절차를 개선하고 자원을 효율적으로 배분하여 성과를 내는 능력입니다.,· 엑셀 템플릿 제작과 현장 동선 개선을 통해 실제 물류 운영의 효율성을 가시적으로 높이는 실행력을 보여주었습니다.,디지털·기술 활용 역량,오피스 툴 활용 및 자동화,· 디지털 도구와 소프트웨어를 활용하여 업무의 정확도와 속도를 높이는 능력입니다.,· 수기 업무를 엑셀 자동화 서식으로 전환하여 데이터 입력 오류를 원천적으로 방지하고 관리 편의성을 극대화했습니다.,고객·서비스 지향,내부 고객 만족 및 품질 관리,· 서비스 대상자의 요구를 파악하여 최적의 가치를 제공하고 서비스의 질을 지속적으로 개선하는 능력입니다.,"· 오배송 감소를 통해 최종 고객의 만족도를 높이는 동시에, 현장 작업자라는 내부 고객의 업무 편의성을 고려한 개선안을 도출했습니다."
P0002,P0002_01,P0002_CO02_Q01_D01,P0002_CO02_Q01_D01,P0002_CO02,현대건설_공채,현대건설,경영지원,안전관리기획,2025.4.10,"P0002_01,P0002_03",1,1,버전 1,본인이 소속된 조직에서 구성원 간의 갈등을 중재하거나 신뢰를 회복하기 위해 노력했던 경험을 기술해 주십시오.,"조직의 신뢰는 투명한 정보 공유와 객관적인 근거에서 시작된다고 믿습니다. 교내 테니스 동아리 회계 담당자 시절, 이전 운영진의 불투명한 회계 처리로 인해 회원들 사이의 불신이 극에 달한 상황이었습니다. 저는 1개월 이내에 신뢰를 회복하겠다는 목표를 세우고, 지난 1년간의 종이 영수증과 카드 내역을 전수 조사했습니다. 

모든 내역을 디지털 데이터로 변환하여 지출 목적별로 카테고리화했고, 장부와 잔액의 오차를 0.5% 이내로 정밀하게 맞췄습니다. 단순히 정산에 그치지 않고, 매월 지출 보고서를 시각화하여 단체 대화방에 공유함으로써 누구나 상시 열람할 수 있는 시스템을 구축했습니다. 이러한 노력 끝에 회계 투명성 만족도가 80% 이상 향상되었고, 제가 만든 정산 체계는 동아리의 공식 매뉴얼로 채택되었습니다. 

또한 건설사 서포터즈 활동 중에도 근로자들과의 진솔한 인터뷰를 통해 그들의 고충을 파악하고, 안전 캠페인을 기획하여 현장과의 소통 창구 역할을 수행했습니다. 현대건설에서도 투명한 소통과 철저한 데이터 관리를 통해 부서 간, 그리고 현장과의 신뢰를 공고히 하는 가교 역할을 수행하겠습니다.",bachelor_graduate,중앙대학교,경영학,logistics_transport,construction_real_estate,retail_distribution,management_support,logistics_scm,cs_cx,교내동아리,회계 투명성 강화를 통한 동아리 신뢰 회복,· 교내 테니스 동아리의 회계 담당자로서 활동하며 이전 운영진의 불투명한 자금 집행으로 인해 회원들 사이에 불신이 팽배한 상황을 마주했습니다. · 특히 정기 대회 이후 잔금 처리 과정에서 영수증 누락이 발생하여 회원들의 불만이 고조되었습니다.,"· 1개월 이내에 지난 1년간의 모든 지출 내역을 전수 조사하고, 누구나 납득할 수 있는 투명한 정산 체계를 구축하는 것을 목표로 설정했습니다.",· 먼저 흩어져 있던 과거 1년 치의 종이 영수증과 카드 결제 내역을 모두 수집하여 디지털 데이터로 변환했습니다. · 이후 지출 목적별로 카테고리를 분류하고 장부와 실제 잔액의 오차 범위를 0.5% 이내로 줄이는 대조 작업을 수행했습니다. · 또한 매달 정기적으로 지출 내역을 시각화한 보고서를 동아리 단체 대화방에 공유하여 누구나 상시 열람할 수 있도록 조치했습니다. · 마지막으로 향후 재발 방지를 위해 법인카드 사용 원칙과 영수증 즉시 업로드 시스템을 도입했습니다.,· 감정적인 대응보다는 객관적인 수치와 증빙 자료를 제시하는 것이 무너진 신뢰를 회복하는 가장 빠른 길이라고 판단했습니다. · 정보의 비대칭성을 해소해야만 조직 내 불필요한 갈등을 원천적으로 차단할 수 있다고 믿었기 때문입니다.,"· 회계 투명성에 대한 만족도가 이전 대비 80% 이상 향상되었으며, 차기 운영진 선출 시 해당 정산 시스템이 공식 매뉴얼로 채택되었습니다.",3,정보수집·분석 역량,데이터 분석 및 검증 능력,"· 방대한 자료 중에서 필요한 정보를 선별하고, 데이터 간의 연관성을 파악하여 정확한 결론을 도출하는 능력입니다.",· 1년 치의 방대한 영수증과 결제 내역을 전수 조사하여 장부와의 오차를 찾아내고 이를 체계적으로 정리하는 과정에서 분석 역량을 발휘했습니다.,문제해결 능력,원인 분석 및 대안 실행력,· 문제의 근본 원인을 파악하고 이를 해결하기 위한 최적의 방안을 수립하여 실행에 옮기는 능력입니다.,· 단순 해명이 아닌 디지털 정산 시스템 도입이라는 근본적인 해결책을 제시함으로써 동아리 내 불신 문제를 종결지었습니다.,커뮤니케이션 역량,투명한 정보 공유 및 소통,"· 이해관계자들에게 정보를 명확하게 전달하고, 상호 이해를 바탕으로 원활한 소통을 이끌어내는 능력입니다.",· 복잡한 회계 내역을 시각화된 보고서 형태로 가공하여 회원들에게 공유함으로써 소통의 효율성을 높이고 신뢰를 쌓았습니다.
P0002,P0002_03,P0002_CO02_Q01_D01,P0002_CO02_Q01_D01,P0002_CO02,현대건설_공채,현대건설,경영지원,안전관리기획,2025.4.10,"P0002_01,P0002_03",1,1,버전 1,본인이 소속된 조직에서 구성원 간의 갈등을 중재하거나 신뢰를 회복하기 위해 노력했던 경험을 기술해 주십시오.,"조직의 신뢰는 투명한 정보 공유와 객관적인 근거에서 시작된다고 믿습니다. 교내 테니스 동아리 회계 담당자 시절, 이전 운영진의 불투명한 회계 처리로 인해 회원들 사이의 불신이 극에 달한 상황이었습니다. 저는 1개월 이내에 신뢰를 회복하겠다는 목표를 세우고, 지난 1년간의 종이 영수증과 카드 내역을 전수 조사했습니다. 

모든 내역을 디지털 데이터로 변환하여 지출 목적별로 카테고리화했고, 장부와 잔액의 오차를 0.5% 이내로 정밀하게 맞췄습니다. 단순히 정산에 그치지 않고, 매월 지출 보고서를 시각화하여 단체 대화방에 공유함으로써 누구나 상시 열람할 수 있는 시스템을 구축했습니다. 이러한 노력 끝에 회계 투명성 만족도가 80% 이상 향상되었고, 제가 만든 정산 체계는 동아리의 공식 매뉴얼로 채택되었습니다. 

또한 건설사 서포터즈 활동 중에도 근로자들과의 진솔한 인터뷰를 통해 그들의 고충을 파악하고, 안전 캠페인을 기획하여 현장과의 소통 창구 역할을 수행했습니다. 현대건설에서도 투명한 소통과 철저한 데이터 관리를 통해 부서 간, 그리고 현장과의 신뢰를 공고히 하는 가교 역할을 수행하겠습니다.",bachelor_graduate,중앙대학교,경영학,logistics_transport,construction_real_estate,retail_distribution,management_support,logistics_scm,cs_cx,대외활동,건설 현장 안전 캠페인 기획 및 참여율 제고,· 건설사 서포터즈 활동 중 현장 근로자들의 안전 장구 착용률이 낮아 사고 위험이 높다는 문제점을 파악했습니다. · 기존의 안전 교육은 딱딱한 강의 위주로 진행되어 근로자들의 자발적인 참여를 이끌어내지 못하고 있었습니다.,· 근로자들이 즐겁게 참여할 수 있는 캠페인을 기획하여 안전모 착용 준수율을 95% 이상으로 끌어올리는 것을 목표로 했습니다.,· 먼저 현장 근로자들과의 인터뷰를 통해 안전 장구 착용의 불편함과 심리적 장벽을 조사했습니다. · 이후 '안전모 인증샷 챌린지'와 같은 게임화(Gamification) 요소를 도입한 캠페인을 제안하고 실행했습니다. · 또한 우수 참여자에게는 현장에서 즉시 사용할 수 있는 간식 쿠폰을 지급하는 보상 체계를 설계했습니다.,· 강압적인 규제보다는 긍정적인 보상과 재미 요소가 행동 변화를 유도하는 데 더 효과적일 것이라고 판단했습니다. · 현장의 목소리를 직접 듣고 반영해야만 실질적인 참여를 이끌어낼 수 있다고 생각했습니다.,"· 캠페인 실시 후 안전모 미착용 적발 건수가 전월 대비 60% 감소했으며, 서포터즈 활동 중 최우수 아이디어상을 수상했습니다.",3,전략·기획 역량,타겟 맞춤형 캠페인 기획,· 목표 달성을 위해 구체적인 실행 계획을 수립하고 자원을 전략적으로 배치하는 능력입니다.,· 현장 근로자의 특성을 고려하여 게임화 요소와 보상 체계를 결합한 전략적인 캠페인을 기획하고 운영했습니다.,창의·혁신 역량,기존 방식의 개선 및 아이디어 도출,· 고정관념에서 벗어나 새로운 시각으로 문제를 바라보고 창의적인 대안을 제시하는 능력입니다.,· 주입식 안전 교육이라는 기존 틀에서 벗어나 참여형 챌린지라는 새로운 접근 방식을 도입하여 문제를 해결했습니다.,협업·팀워크,유관 부서와의 협력 및 조율,· 공동의 목표를 위해 팀원 및 이해관계자들과 협력하고 갈등을 조정하며 시너지를 내는 능력입니다.,"· 건설 현장 관리자, 서포터즈 팀원들과 협력하여 캠페인 일정을 조율하고 현장 적용 가능성을 검토하며 협업했습니다."
P0002,P0002_02,P0002_CO02_Q02_D01,P0002_CO02_Q02_D01,P0002_CO02,현대건설_공채,현대건설,경영지원,안전관리기획,2025.4.10,"P0002_02,P0002_03",2,1,버전 1,"지원 직무와 관련하여 본인이 전문성을 갖추기 위해 노력한 과정과, 입사 후 이를 어떻게 발휘할 것인지 기술해 주십시오.","경영지원 직무의 핵심은 자원의 효율적 배분과 리스크 관리라고 생각합니다. 저는 물류 기업 인턴십을 통해 현장 데이터를 분석하고 프로세스를 자동화하는 역량을 쌓았습니다. 당시 엑셀을 활용해 수기 장부를 대체하는 자동 재고 관리 템플릿을 제작하여 재고 불일치율을 10%에서 2.5%로 낮추는 성과를 냈습니다. 이는 데이터의 정확성이 현장의 실행력과 직결된다는 점을 깨닫게 해준 소중한 경험이었습니다. 

또한 건설사 서포터즈로서 현장 안전 캠페인을 기획하며, 단순한 기획에 그치지 않고 보상 체계 설계와 참여 유도 전략을 통해 안전모 미착용 건수를 60% 감소시켰습니다. 이러한 경험은 현대건설의 경영지원 분야에서 현장 중심의 정책을 수립하고 실질적인 변화를 이끌어내는 데 큰 밑거름이 될 것입니다. 입사 후에는 수치화된 데이터를 바탕으로 경영 현황을 분석하고, 현장의 목소리를 반영한 효율적인 지원 체계를 구축하여 현대건설의 글로벌 경쟁력을 뒷받침하겠습니다.",bachelor_graduate,중앙대학교,경영학,logistics_transport,construction_real_estate,retail_distribution,management_support,logistics_scm,cs_cx,인턴,물류 센터 재고 관리 효율 15% 개선,· 중소 물류 기업의 운영지원팀 인턴으로 근무하며 입출고 데이터와 실제 재고가 일치하지 않아 발생하는 오배송 문제를 목격했습니다. · 수기 작성 위주의 재고 관리 방식으로 인해 피크 타임 시 데이터 입력 오류가 빈번하게 발생하고 있었습니다.,"· 재고 데이터 불일치율을 기존 10%에서 3% 미만으로 낮추고, 입출고 확인 시간을 단축하는 과제를 맡았습니다.","· 먼저 최근 3개월간의 오배송 사례를 분석하여 가장 오류가 잦은 품목군을 선별했습니다. · 이후 기존의 수기 장부를 대체할 수 있는 엑셀 기반의 자동 재고 관리 템플릿을 제작하여 현장에 배포했습니다. · 또한 현장 작업자들을 대상으로 바코드 스캔 절차의 중요성을 교육하고, 작업 동선에 맞춘 체크리스트를 부착했습니다.","· 현장의 업무 과중이 오류의 주원인이었으므로, 작업자의 편의성을 높이면서도 정확도를 담보할 수 있는 디지털 도구 도입이 필수적이라 판단했습니다. · 데이터의 정확성은 결국 현장의 실행력에서 나오기 때문에 교육과 동선 개선을 병행했습니다.","· 인턴 기간 종료 시점에 재고 불일치율이 2.5%로 감소했으며, 일일 평균 입출고 처리 속도가 15% 향상되는 성과를 거두었습니다.",3,실행력·업무처리 능력,프로세스 효율화 역량,· 주어진 목표를 달성하기 위해 업무 절차를 개선하고 자원을 효율적으로 배분하여 성과를 내는 능력입니다.,· 엑셀 템플릿 제작과 현장 동선 개선을 통해 실제 물류 운영의 효율성을 가시적으로 높이는 실행력을 보여주었습니다.,디지털·기술 활용 역량,오피스 툴 활용 및 자동화,· 디지털 도구와 소프트웨어를 활용하여 업무의 정확도와 속도를 높이는 능력입니다.,· 수기 업무를 엑셀 자동화 서식으로 전환하여 데이터 입력 오류를 원천적으로 방지하고 관리 편의성을 극대화했습니다.,고객·서비스 지향,내부 고객 만족 및 품질 관리,· 서비스 대상자의 요구를 파악하여 최적의 가치를 제공하고 서비스의 질을 지속적으로 개선하는 능력입니다.,"· 오배송 감소를 통해 최종 고객의 만족도를 높이는 동시에, 현장 작업자라는 내부 고객의 업무 편의성을 고려한 개선안을 도출했습니다."
P0002,P0002_03,P0002_CO02_Q02_D01,P0002_CO02_Q02_D01,P0002_CO02,현대건설_공채,현대건설,경영지원,안전관리기획,2025.4.10,"P0002_02,P0002_03",2,1,버전 1,"지원 직무와 관련하여 본인이 전문성을 갖추기 위해 노력한 과정과, 입사 후 이를 어떻게 발휘할 것인지 기술해 주십시오.","경영지원 직무의 핵심은 자원의 효율적 배분과 리스크 관리라고 생각합니다. 저는 물류 기업 인턴십을 통해 현장 데이터를 분석하고 프로세스를 자동화하는 역량을 쌓았습니다. 당시 엑셀을 활용해 수기 장부를 대체하는 자동 재고 관리 템플릿을 제작하여 재고 불일치율을 10%에서 2.5%로 낮추는 성과를 냈습니다. 이는 데이터의 정확성이 현장의 실행력과 직결된다는 점을 깨닫게 해준 소중한 경험이었습니다. 

또한 건설사 서포터즈로서 현장 안전 캠페인을 기획하며, 단순한 기획에 그치지 않고 보상 체계 설계와 참여 유도 전략을 통해 안전모 미착용 건수를 60% 감소시켰습니다. 이러한 경험은 현대건설의 경영지원 분야에서 현장 중심의 정책을 수립하고 실질적인 변화를 이끌어내는 데 큰 밑거름이 될 것입니다. 입사 후에는 수치화된 데이터를 바탕으로 경영 현황을 분석하고, 현장의 목소리를 반영한 효율적인 지원 체계를 구축하여 현대건설의 글로벌 경쟁력을 뒷받침하겠습니다.",bachelor_graduate,중앙대학교,경영학,logistics_transport,construction_real_estate,retail_distribution,management_support,logistics_scm,cs_cx,대외활동,건설 현장 안전 캠페인 기획 및 참여율 제고,· 건설사 서포터즈 활동 중 현장 근로자들의 안전 장구 착용률이 낮아 사고 위험이 높다는 문제점을 파악했습니다. · 기존의 안전 교육은 딱딱한 강의 위주로 진행되어 근로자들의 자발적인 참여를 이끌어내지 못하고 있었습니다.,· 근로자들이 즐겁게 참여할 수 있는 캠페인을 기획하여 안전모 착용 준수율을 95% 이상으로 끌어올리는 것을 목표로 했습니다.,· 먼저 현장 근로자들과의 인터뷰를 통해 안전 장구 착용의 불편함과 심리적 장벽을 조사했습니다. · 이후 '안전모 인증샷 챌린지'와 같은 게임화(Gamification) 요소를 도입한 캠페인을 제안하고 실행했습니다. · 또한 우수 참여자에게는 현장에서 즉시 사용할 수 있는 간식 쿠폰을 지급하는 보상 체계를 설계했습니다.,· 강압적인 규제보다는 긍정적인 보상과 재미 요소가 행동 변화를 유도하는 데 더 효과적일 것이라고 판단했습니다. · 현장의 목소리를 직접 듣고 반영해야만 실질적인 참여를 이끌어낼 수 있다고 생각했습니다.,"· 캠페인 실시 후 안전모 미착용 적발 건수가 전월 대비 60% 감소했으며, 서포터즈 활동 중 최우수 아이디어상을 수상했습니다.",3,전략·기획 역량,타겟 맞춤형 캠페인 기획,· 목표 달성을 위해 구체적인 실행 계획을 수립하고 자원을 전략적으로 배치하는 능력입니다.,· 현장 근로자의 특성을 고려하여 게임화 요소와 보상 체계를 결합한 전략적인 캠페인을 기획하고 운영했습니다.,창의·혁신 역량,기존 방식의 개선 및 아이디어 도출,· 고정관념에서 벗어나 새로운 시각으로 문제를 바라보고 창의적인 대안을 제시하는 능력입니다.,· 주입식 안전 교육이라는 기존 틀에서 벗어나 참여형 챌린지라는 새로운 접근 방식을 도입하여 문제를 해결했습니다.,협업·팀워크,유관 부서와의 협력 및 조율,· 공동의 목표를 위해 팀원 및 이해관계자들과 협력하고 갈등을 조정하며 시너지를 내는 능력입니다.,"· 건설 현장 관리자, 서포터즈 팀원들과 협력하여 캠페인 일정을 조율하고 현장 적용 가능성을 검토하며 협업했습니다."
P0002,P0002_02,P0002_CO03_Q01_D01,P0002_CO03_Q01_D01,P0002_CO03,BGF리테일_하반기,BGF리테일,영업관리,SC(Store Consultant),2025.5.15,"P0002_02,P0002_01",1,1,버전 1,"BGF리테일에 지원하게 된 동기와, 희망 직무를 수행하기 위해 본인이 준비해온 과정을 기술해 주십시오.","대한민국 유통 산업을 선도하는 BGF리테일에서 데이터 기반의 정교한 관리와 현장 소통을 통해 점주님들의 든든한 파트너가 되고자 지원했습니다. 저는 물류 인턴 당시 재고 관리 효율을 15% 개선하며 유통의 기본인 '정확한 수량 관리'의 중요성을 체감했습니다. 수기 방식의 오류를 줄이기 위해 엑셀 자동화 템플릿을 도입하고 현장 교육을 병행하여 재고 불일치율을 2.5%까지 낮춘 경험은, SC로서 점포의 재고 로스를 줄이고 효율을 높이는 데 직접적인 도움이 될 것입니다. 

또한, 동아리 회계 담당자로서 1년 치 지출 내역을 전수 조사하여 투명한 정산 시스템을 구축한 경험은 점포의 수익과 비용을 객관적으로 분석하고 점주님께 신뢰를 줄 수 있는 기반이 됩니다. 데이터로 증명하고 발로 뛰며 소통하는 역량을 바탕으로, CU 점포의 경쟁력을 극대화하겠습니다.",bachelor_graduate,중앙대학교,경영학,logistics_transport,construction_real_estate,retail_distribution,management_support,logistics_scm,cs_cx,인턴,물류 센터 재고 관리 효율 15% 개선,· 중소 물류 기업의 운영지원팀 인턴으로 근무하며 입출고 데이터와 실제 재고가 일치하지 않아 발생하는 오배송 문제를 목격했습니다. · 수기 작성 위주의 재고 관리 방식으로 인해 피크 타임 시 데이터 입력 오류가 빈번하게 발생하고 있었습니다.,"· 재고 데이터 불일치율을 기존 10%에서 3% 미만으로 낮추고, 입출고 확인 시간을 단축하는 과제를 맡았습니다.","· 먼저 최근 3개월간의 오배송 사례를 분석하여 가장 오류가 잦은 품목군을 선별했습니다. · 이후 기존의 수기 장부를 대체할 수 있는 엑셀 기반의 자동 재고 관리 템플릿을 제작하여 현장에 배포했습니다. · 또한 현장 작업자들을 대상으로 바코드 스캔 절차의 중요성을 교육하고, 작업 동선에 맞춘 체크리스트를 부착했습니다.","· 현장의 업무 과중이 오류의 주원인이었으므로, 작업자의 편의성을 높이면서도 정확도를 담보할 수 있는 디지털 도구 도입이 필수적이라 판단했습니다. · 데이터의 정확성은 결국 현장의 실행력에서 나오기 때문에 교육과 동선 개선을 병행했습니다.","· 인턴 기간 종료 시점에 재고 불일치율이 2.5%로 감소했으며, 일일 평균 입출고 처리 속도가 15% 향상되는 성과를 거두었습니다.",3,실행력·업무처리 능력,프로세스 효율화 역량,· 주어진 목표를 달성하기 위해 업무 절차를 개선하고 자원을 효율적으로 배분하여 성과를 내는 능력입니다.,· 엑셀 템플릿 제작과 현장 동선 개선을 통해 실제 물류 운영의 효율성을 가시적으로 높이는 실행력을 보여주었습니다.,디지털·기술 활용 역량,오피스 툴 활용 및 자동화,· 디지털 도구와 소프트웨어를 활용하여 업무의 정확도와 속도를 높이는 능력입니다.,· 수기 업무를 엑셀 자동화 서식으로 전환하여 데이터 입력 오류를 원천적으로 방지하고 관리 편의성을 극대화했습니다.,고객·서비스 지향,내부 고객 만족 및 품질 관리,· 서비스 대상자의 요구를 파악하여 최적의 가치를 제공하고 서비스의 질을 지속적으로 개선하는 능력입니다.,"· 오배송 감소를 통해 최종 고객의 만족도를 높이는 동시에, 현장 작업자라는 내부 고객의 업무 편의성을 고려한 개선안을 도출했습니다."
P0002,P0002_01,P0002_CO03_Q01_D01,P0002_CO03_Q01_D01,P0002_CO03,BGF리테일_하반기,BGF리테일,영업관리,SC(Store Consultant),2025.5.15,"P0002_02,P0002_01",1,1,버전 1,"BGF리테일에 지원하게 된 동기와, 희망 직무를 수행하기 위해 본인이 준비해온 과정을 기술해 주십시오.","대한민국 유통 산업을 선도하는 BGF리테일에서 데이터 기반의 정교한 관리와 현장 소통을 통해 점주님들의 든든한 파트너가 되고자 지원했습니다. 저는 물류 인턴 당시 재고 관리 효율을 15% 개선하며 유통의 기본인 '정확한 수량 관리'의 중요성을 체감했습니다. 수기 방식의 오류를 줄이기 위해 엑셀 자동화 템플릿을 도입하고 현장 교육을 병행하여 재고 불일치율을 2.5%까지 낮춘 경험은, SC로서 점포의 재고 로스를 줄이고 효율을 높이는 데 직접적인 도움이 될 것입니다. 

또한, 동아리 회계 담당자로서 1년 치 지출 내역을 전수 조사하여 투명한 정산 시스템을 구축한 경험은 점포의 수익과 비용을 객관적으로 분석하고 점주님께 신뢰를 줄 수 있는 기반이 됩니다. 데이터로 증명하고 발로 뛰며 소통하는 역량을 바탕으로, CU 점포의 경쟁력을 극대화하겠습니다.",bachelor_graduate,중앙대학교,경영학,logistics_transport,construction_real_estate,retail_distribution,management_support,logistics_scm,cs_cx,교내동아리,회계 투명성 강화를 통한 동아리 신뢰 회복,· 교내 테니스 동아리의 회계 담당자로서 활동하며 이전 운영진의 불투명한 자금 집행으로 인해 회원들 사이에 불신이 팽배한 상황을 마주했습니다. · 특히 정기 대회 이후 잔금 처리 과정에서 영수증 누락이 발생하여 회원들의 불만이 고조되었습니다.,"· 1개월 이내에 지난 1년간의 모든 지출 내역을 전수 조사하고, 누구나 납득할 수 있는 투명한 정산 체계를 구축하는 것을 목표로 설정했습니다.",· 먼저 흩어져 있던 과거 1년 치의 종이 영수증과 카드 결제 내역을 모두 수집하여 디지털 데이터로 변환했습니다. · 이후 지출 목적별로 카테고리를 분류하고 장부와 실제 잔액의 오차 범위를 0.5% 이내로 줄이는 대조 작업을 수행했습니다. · 또한 매달 정기적으로 지출 내역을 시각화한 보고서를 동아리 단체 대화방에 공유하여 누구나 상시 열람할 수 있도록 조치했습니다. · 마지막으로 향후 재발 방지를 위해 법인카드 사용 원칙과 영수증 즉시 업로드 시스템을 도입했습니다.,· 감정적인 대응보다는 객관적인 수치와 증빙 자료를 제시하는 것이 무너진 신뢰를 회복하는 가장 빠른 길이라고 판단했습니다. · 정보의 비대칭성을 해소해야만 조직 내 불필요한 갈등을 원천적으로 차단할 수 있다고 믿었기 때문입니다.,"· 회계 투명성에 대한 만족도가 이전 대비 80% 이상 향상되었으며, 차기 운영진 선출 시 해당 정산 시스템이 공식 매뉴얼로 채택되었습니다.",3,정보수집·분석 역량,데이터 분석 및 검증 능력,"· 방대한 자료 중에서 필요한 정보를 선별하고, 데이터 간의 연관성을 파악하여 정확한 결론을 도출하는 능력입니다.",· 1년 치의 방대한 영수증과 결제 내역을 전수 조사하여 장부와의 오차를 찾아내고 이를 체계적으로 정리하는 과정에서 분석 역량을 발휘했습니다.,문제해결 능력,원인 분석 및 대안 실행력,· 문제의 근본 원인을 파악하고 이를 해결하기 위한 최적의 방안을 수립하여 실행에 옮기는 능력입니다.,· 단순 해명이 아닌 디지털 정산 시스템 도입이라는 근본적인 해결책을 제시함으로써 동아리 내 불신 문제를 종결지었습니다.,커뮤니케이션 역량,투명한 정보 공유 및 소통,"· 이해관계자들에게 정보를 명확하게 전달하고, 상호 이해를 바탕으로 원활한 소통을 이끌어내는 능력입니다.",· 복잡한 회계 내역을 시각화된 보고서 형태로 가공하여 회원들에게 공유함으로써 소통의 효율성을 높이고 신뢰를 쌓았습니다.
P0002,P0002_03,P0002_CO03_Q02_D01,P0002_CO03_Q02_D01,P0002_CO03,BGF리테일_하반기,BGF리테일,영업관리,SC(Store Consultant),2025.5.15,"P0002_03,P0002_01",2,1,버전 1,공동의 목표를 달성하는 과정에서 발생한 어려움을 극복하기 위해 본인이 기울인 노력과 그 결과를 기술해 주십시오.,"서로 다른 이해관계를 조정하고 자발적인 참여를 이끌어내어 목표를 달성하는 데 강점이 있습니다. 건설사 서포터즈 활동 중 현장 근로자들의 안전 장구 착용률을 높여야 하는 과제가 주어졌습니다. 현장에서는 '불편하다', '바쁘다'는 이유로 안전 수칙 준수가 미흡했습니다. 저는 강요 대신 '재미'와 '보상'이라는 키워드를 선택했습니다. 

근로자 인터뷰를 통해 심리적 장벽을 파악한 후, '안전모 인증샷 챌린지'를 도입했습니다. 우수 참여자에게 간식 쿠폰을 지급하는 이벤트를 통해 현장 분위기를 긍정적으로 전환했습니다. 그 결과 안전모 미착용 적발 건수가 60% 감소하는 실질적인 변화를 만들었습니다. 

이러한 경험은 SC로서 점주님과 본사의 지침 사이에서 접점을 찾고, 점포 운영의 개선안을 설득력 있게 제시하는 데 큰 자산이 될 것입니다. 현장의 작은 목소리에도 귀 기울이며, 점주님들이 즐겁게 점포를 운영할 수 있는 환경을 만드는 SC가 되겠습니다.",bachelor_graduate,중앙대학교,경영학,logistics_transport,construction_real_estate,retail_distribution,management_support,logistics_scm,cs_cx,대외활동,건설 현장 안전 캠페인 기획 및 참여율 제고,· 건설사 서포터즈 활동 중 현장 근로자들의 안전 장구 착용률이 낮아 사고 위험이 높다는 문제점을 파악했습니다. · 기존의 안전 교육은 딱딱한 강의 위주로 진행되어 근로자들의 자발적인 참여를 이끌어내지 못하고 있었습니다.,· 근로자들이 즐겁게 참여할 수 있는 캠페인을 기획하여 안전모 착용 준수율을 95% 이상으로 끌어올리는 것을 목표로 했습니다.,· 먼저 현장 근로자들과의 인터뷰를 통해 안전 장구 착용의 불편함과 심리적 장벽을 조사했습니다. · 이후 '안전모 인증샷 챌린지'와 같은 게임화(Gamification) 요소를 도입한 캠페인을 제안하고 실행했습니다. · 또한 우수 참여자에게는 현장에서 즉시 사용할 수 있는 간식 쿠폰을 지급하는 보상 체계를 설계했습니다.,· 강압적인 규제보다는 긍정적인 보상과 재미 요소가 행동 변화를 유도하는 데 더 효과적일 것이라고 판단했습니다. · 현장의 목소리를 직접 듣고 반영해야만 실질적인 참여를 이끌어낼 수 있다고 생각했습니다.,"· 캠페인 실시 후 안전모 미착용 적발 건수가 전월 대비 60% 감소했으며, 서포터즈 활동 중 최우수 아이디어상을 수상했습니다.",3,전략·기획 역량,타겟 맞춤형 캠페인 기획,· 목표 달성을 위해 구체적인 실행 계획을 수립하고 자원을 전략적으로 배치하는 능력입니다.,· 현장 근로자의 특성을 고려하여 게임화 요소와 보상 체계를 결합한 전략적인 캠페인을 기획하고 운영했습니다.,창의·혁신 역량,기존 방식의 개선 및 아이디어 도출,· 고정관념에서 벗어나 새로운 시각으로 문제를 바라보고 창의적인 대안을 제시하는 능력입니다.,· 주입식 안전 교육이라는 기존 틀에서 벗어나 참여형 챌린지라는 새로운 접근 방식을 도입하여 문제를 해결했습니다.,협업·팀워크,유관 부서와의 협력 및 조율,· 공동의 목표를 위해 팀원 및 이해관계자들과 협력하고 갈등을 조정하며 시너지를 내는 능력입니다.,"· 건설 현장 관리자, 서포터즈 팀원들과 협력하여 캠페인 일정을 조율하고 현장 적용 가능성을 검토하며 협업했습니다."
P0002,P0002_01,P0002_CO03_Q02_D01,P0002_CO03_Q02_D01,P0002_CO03,BGF리테일_하반기,BGF리테일,영업관리,SC(Store Consultant),2025.5.15,"P0002_03,P0002_01",2,1,버전 1,공동의 목표를 달성하는 과정에서 발생한 어려움을 극복하기 위해 본인이 기울인 노력과 그 결과를 기술해 주십시오.,"서로 다른 이해관계를 조정하고 자발적인 참여를 이끌어내어 목표를 달성하는 데 강점이 있습니다. 건설사 서포터즈 활동 중 현장 근로자들의 안전 장구 착용률을 높여야 하는 과제가 주어졌습니다. 현장에서는 '불편하다', '바쁘다'는 이유로 안전 수칙 준수가 미흡했습니다. 저는 강요 대신 '재미'와 '보상'이라는 키워드를 선택했습니다. 

근로자 인터뷰를 통해 심리적 장벽을 파악한 후, '안전모 인증샷 챌린지'를 도입했습니다. 우수 참여자에게 간식 쿠폰을 지급하는 이벤트를 통해 현장 분위기를 긍정적으로 전환했습니다. 그 결과 안전모 미착용 적발 건수가 60% 감소하는 실질적인 변화를 만들었습니다. 

이러한 경험은 SC로서 점주님과 본사의 지침 사이에서 접점을 찾고, 점포 운영의 개선안을 설득력 있게 제시하는 데 큰 자산이 될 것입니다. 현장의 작은 목소리에도 귀 기울이며, 점주님들이 즐겁게 점포를 운영할 수 있는 환경을 만드는 SC가 되겠습니다.",bachelor_graduate,중앙대학교,경영학,logistics_transport,construction_real_estate,retail_distribution,management_support,logistics_scm,cs_cx,교내동아리,회계 투명성 강화를 통한 동아리 신뢰 회복,· 교내 테니스 동아리의 회계 담당자로서 활동하며 이전 운영진의 불투명한 자금 집행으로 인해 회원들 사이에 불신이 팽배한 상황을 마주했습니다. · 특히 정기 대회 이후 잔금 처리 과정에서 영수증 누락이 발생하여 회원들의 불만이 고조되었습니다.,"· 1개월 이내에 지난 1년간의 모든 지출 내역을 전수 조사하고, 누구나 납득할 수 있는 투명한 정산 체계를 구축하는 것을 목표로 설정했습니다.",· 먼저 흩어져 있던 과거 1년 치의 종이 영수증과 카드 결제 내역을 모두 수집하여 디지털 데이터로 변환했습니다. · 이후 지출 목적별로 카테고리를 분류하고 장부와 실제 잔액의 오차 범위를 0.5% 이내로 줄이는 대조 작업을 수행했습니다. · 또한 매달 정기적으로 지출 내역을 시각화한 보고서를 동아리 단체 대화방에 공유하여 누구나 상시 열람할 수 있도록 조치했습니다. · 마지막으로 향후 재발 방지를 위해 법인카드 사용 원칙과 영수증 즉시 업로드 시스템을 도입했습니다.,· 감정적인 대응보다는 객관적인 수치와 증빙 자료를 제시하는 것이 무너진 신뢰를 회복하는 가장 빠른 길이라고 판단했습니다. · 정보의 비대칭성을 해소해야만 조직 내 불필요한 갈등을 원천적으로 차단할 수 있다고 믿었기 때문입니다.,"· 회계 투명성에 대한 만족도가 이전 대비 80% 이상 향상되었으며, 차기 운영진 선출 시 해당 정산 시스템이 공식 매뉴얼로 채택되었습니다.",3,정보수집·분석 역량,데이터 분석 및 검증 능력,"· 방대한 자료 중에서 필요한 정보를 선별하고, 데이터 간의 연관성을 파악하여 정확한 결론을 도출하는 능력입니다.",· 1년 치의 방대한 영수증과 결제 내역을 전수 조사하여 장부와의 오차를 찾아내고 이를 체계적으로 정리하는 과정에서 분석 역량을 발휘했습니다.,문제해결 능력,원인 분석 및 대안 실행력,· 문제의 근본 원인을 파악하고 이를 해결하기 위한 최적의 방안을 수립하여 실행에 옮기는 능력입니다.,· 단순 해명이 아닌 디지털 정산 시스템 도입이라는 근본적인 해결책을 제시함으로써 동아리 내 불신 문제를 종결지었습니다.,커뮤니케이션 역량,투명한 정보 공유 및 소통,"· 이해관계자들에게 정보를 명확하게 전달하고, 상호 이해를 바탕으로 원활한 소통을 이끌어내는 능력입니다.",· 복잡한 회계 내역을 시각화된 보고서 형태로 가공하여 회원들에게 공유함으로써 소통의 효율성을 높이고 신뢰를 쌓았습니다.
P0003,P0003_01,P0003_CO01_Q01_D01,P0003_CO01_Q01_D01,P0003_CO01,CJ대한통운_하반기,CJ대한통운,물류운영 및 SCM,CL사업부,2025.10.15,"P0003_01,P0003_02",1,1,버전 1,"지원 직무와 관련된 본인만의 차별화된 역량은 무엇이며, 이를 발휘하여 성과를 창출했던 경험을 기술해 주십시오.","저의 차별화된 역량은 데이터 분석을 기반으로 현장의 비효율을 포착하고 이를 프로세스 최적화로 연결하는 '실천적 문제해결 능력'입니다. 산업경영공학을 전공하며 복잡한 시스템을 효율화하는 방법론을 익혔고, 이를 이커머스 물류 센터 인턴십을 통해 증명했습니다.

당시 물류 센터는 수작업 위주의 검수 과정으로 인해 피크 타임 시 오배송률이 급증하는 고질적인 문제를 겪고 있었습니다. 저는 단순한 인력 충원보다는 근본적인 시스템 개선이 필요하다고 판단하여, 최근 6개월간의 오배송 데이터를 전수 조사했습니다. 분석 결과, 특정 시간대와 고위험 상품군에서 오류가 집중됨을 확인했습니다. 이후 현장 작업자들과의 심층 인터뷰를 통해 바코드 스캔 과정에서의 중복 인식과 동선 꼬임이 주원인임을 파악했습니다.

이를 해결하기 위해 검수대 배치를 최적화하고, 스캔 성공 시 시각적/청각적 알람이 즉각적으로 발생하는 시스템 도입을 제안했습니다. 2주간의 시범 운영 기간 동안 현장 피드백을 수렴하여 가이드를 지속적으로 수정한 결과, 최종적으로 오배송률을 15% 감소시켰으며 시간당 물동량 처리 효율을 8% 향상하는 성과를 거두었습니다. 이러한 데이터 기반의 분석력과 현장 중심의 실행력을 바탕으로 CJ대한통운의 물류 경쟁력을 극대화하겠습니다.",bachelor_graduate,아주대학교,산업경영공학,it_software,retail_distribution,manufacturing,planning_strategy,logistics_scm,data_ai_ml,인턴,이커머스 물류 센터 프로세스 개선을 통한 오배송률 15% 감소,"· 국내 중견 이커머스 기업의 물류 운영팀에서 3개월간 인턴으로 근무하며 출고 관리 보조 업무를 맡았습니다.
· 당시 수작업 위주의 검수 과정으로 인해 피크 타임 시 오배송 건수가 급증하여 고객 불만이 다수 발생하고 있었습니다.","· 기존의 검수 프로세스를 분석하여 병목 구간을 찾아내고, 오배송률을 기존 대비 10% 이상 낮추는 것을 목표로 삼았습니다.","· 먼저 최근 6개월간의 오배송 데이터를 수집하여 오류가 가장 빈번한 상품군과 시간대를 통계적으로 분석했습니다.
· 이후 현장 작업자 인터뷰를 통해 바코드 스캔 과정에서의 중복 오류와 동선 꼬임 문제를 파악했습니다.
· 또한 분석 결과를 바탕으로 검수대 배치 변경과 스캔 확인 알람 시스템 도입을 제안했습니다.
· 마지막으로 변경된 프로세스를 2주간 시범 운영하며 작업자들의 피드백을 수용해 세부 가이드를 수정했습니다.","· 단순한 인력 충원보다는 데이터에 기반한 근본적인 시스템 개선이 장기적인 비용 절감에 효과적이라고 판단했습니다.
· 현장 실무자의 목소리를 반영해야만 실제 운영 단계에서 새로운 프로세스가 안착할 수 있다고 생각했습니다.","· 최종적으로 오배송률을 15% 감소시켰으며, 작업 효율성 개선으로 시간당 처리 물동량이 8% 증가하는 성과를 거두었습니다.",3,정보수집·분석 역량,데이터 기반 분석력,"· 방대한 자료 속에서 유의미한 정보를 추출하고, 이를 논리적으로 해석하여 문제의 원인을 파악하는 능력입니다.",· 6개월치 물류 데이터를 정량적으로 분석하여 오배송의 핵심 원인이 특정 시간대와 상품군에 집중되어 있음을 밝혀냈습니다.,문제해결 능력,프로세스 최적화 능력,"· 직면한 문제의 원인을 다각도로 분석하고, 실현 가능한 대안을 제시하여 문제를 종결짓는 역량입니다.",· 바코드 스캔 오류라는 구체적인 문제를 해결하기 위해 시스템 알람 도입과 동선 재배치라는 실질적인 솔루션을 도출했습니다.,실행력·업무처리 능력,현장 중심 실행력,· 계획된 목표를 달성하기 위해 필요한 자원을 활용하여 끝까지 업무를 완수하고 성과를 내는 능력입니다.,· 제안에 그치지 않고 시범 운영 기간 동안 현장에서 직접 피드백을 수집하며 프로세스를 완성시키는 집요함을 보였습니다.
P0003,P0003_02,P0003_CO01_Q01_D01,P0003_CO01_Q01_D01,P0003_CO01,CJ대한통운_하반기,CJ대한통운,물류운영 및 SCM,CL사업부,2025.10.15,"P0003_01,P0003_02",1,1,버전 1,"지원 직무와 관련된 본인만의 차별화된 역량은 무엇이며, 이를 발휘하여 성과를 창출했던 경험을 기술해 주십시오.","저의 차별화된 역량은 데이터 분석을 기반으로 현장의 비효율을 포착하고 이를 프로세스 최적화로 연결하는 '실천적 문제해결 능력'입니다. 산업경영공학을 전공하며 복잡한 시스템을 효율화하는 방법론을 익혔고, 이를 이커머스 물류 센터 인턴십을 통해 증명했습니다.

당시 물류 센터는 수작업 위주의 검수 과정으로 인해 피크 타임 시 오배송률이 급증하는 고질적인 문제를 겪고 있었습니다. 저는 단순한 인력 충원보다는 근본적인 시스템 개선이 필요하다고 판단하여, 최근 6개월간의 오배송 데이터를 전수 조사했습니다. 분석 결과, 특정 시간대와 고위험 상품군에서 오류가 집중됨을 확인했습니다. 이후 현장 작업자들과의 심층 인터뷰를 통해 바코드 스캔 과정에서의 중복 인식과 동선 꼬임이 주원인임을 파악했습니다.

이를 해결하기 위해 검수대 배치를 최적화하고, 스캔 성공 시 시각적/청각적 알람이 즉각적으로 발생하는 시스템 도입을 제안했습니다. 2주간의 시범 운영 기간 동안 현장 피드백을 수렴하여 가이드를 지속적으로 수정한 결과, 최종적으로 오배송률을 15% 감소시켰으며 시간당 물동량 처리 효율을 8% 향상하는 성과를 거두었습니다. 이러한 데이터 기반의 분석력과 현장 중심의 실행력을 바탕으로 CJ대한통운의 물류 경쟁력을 극대화하겠습니다.",bachelor_graduate,아주대학교,산업경영공학,it_software,retail_distribution,manufacturing,planning_strategy,logistics_scm,data_ai_ml,프로젝트,공공데이터 활용 카페 창업 입지 분석 모델 개발,"· 데이터 분석 학회에서 4인 1조로 팀을 구성하여 '소상공인 지원을 위한 입지 분석' 프로젝트를 진행했습니다.
· 서울시 내 카페 폐업률이 높아지는 상황에서 예비 창업자들에게 객관적인 지표를 제공해야 하는 과제가 있었습니다.","· 유동인구, 임대료, 주변 경쟁점 정보를 결합하여 매출 예측 및 입지 등급을 산출하는 모델을 구축하고자 했습니다.","· 먼저 공공데이터 포털에서 서울시 생활인구 및 상권 분석 데이터를 수집하고 전처리를 수행했습니다.
· 이후 랜덤포레스트 알고리즘을 활용하여 매출에 영향을 미치는 주요 변수(지하철역 거리, 오피스 밀집도 등)를 추출했습니다.
· 또한 분석 결과를 시각화 도구인 Tableau를 활용해 지도 위에 구현하여 사용자가 직관적으로 이해할 수 있게 만들었습니다.
· 마지막으로 실제 특정 지역의 카페 매출 데이터와 비교 검증하여 모델의 정확도를 85%까지 끌어올렸습니다.","· 단순 통계보다는 머신러닝 기법을 활용하는 것이 복합적인 상권 변수를 반영하기에 더 적합하다고 판단했습니다.
· 비전문가인 창업자들도 쉽게 정보를 활용할 수 있도록 시각화 과정이 필수적이라고 생각했습니다.",· 학회 내 프로젝트 경진대회에서 분석의 논리성과 실용성을 인정받아 최우수상을 수상했습니다.,3,디지털·기술 활용 역량,데이터 분석 도구 활용,· 프로그래밍 언어나 데이터 분석 툴을 활용하여 복잡한 데이터를 처리하고 기술적 솔루션을 구현하는 능력입니다.,· Python과 Tableau를 활용하여 대규모 공공데이터를 정제하고 예측 모델을 시각화하는 기술적 역량을 발휘했습니다.,전략·기획 역량,목표 지향적 기획력,· 비즈니스 목표를 달성하기 위해 필요한 단계를 설정하고 자원을 효율적으로 배분하여 계획을 수립하는 능력입니다.,· 예비 창업자의 니즈를 정확히 타겟팅하여 분석의 범위와 평가지표를 설정하는 기획 단계부터 주도적인 역할을 수행했습니다.,창의·혁신 역량,분석 관점의 참신함,· 기존의 방식에서 벗어나 새로운 시각으로 문제를 바라보고 차별화된 아이디어를 제안하는 역량입니다.,· 단순 인구수 외에 '생활인구 체류 시간'이라는 변수를 새롭게 도입하여 입지 분석의 정교함을 더했습니다.
P0003,P0003_02,P0003_CO01_Q02_D01,P0003_CO01_Q02_D01,P0003_CO01,CJ대한통운_하반기,CJ대한통운,물류운영 및 SCM,CL사업부,2025.10.15,"P0003_02,P0003_01",2,1,버전 1,변화하는 물류 시장 트렌드에 대응하기 위해 본인이 노력했던 사례와 그 결과에 대해 구체적으로 작성해 주십시오.,"급변하는 이커머스 시장에서 물류는 단순 배송을 넘어 데이터 기반의 전략적 거점으로 진화하고 있습니다. 저는 이러한 흐름에 발맞추어 데이터 분석 학회 활동을 통해 상권 및 입지 분석 역량을 길러왔습니다.

'소상공인 지원을 위한 카페 창업 입지 분석' 프로젝트를 진행하며, 서울시 공공데이터를 활용해 매출 예측 모델을 구축했습니다. 생활인구, 임대료, 경쟁점 정보 등 방대한 데이터를 수집하고 전처리하는 과정에서 랜덤포레스트 알고리즘을 적용하여 매출에 영향을 미치는 핵심 변수를 추출했습니다. 특히 분석 결과에 그치지 않고 Tableau를 활용해 시각화함으로써, 비전문가도 직관적으로 이해할 수 있는 대시보드를 제작했습니다.

이 과정에서 실제 특정 지역의 매출 데이터와 비교 검증하며 모델의 정확도를 85%까지 끌어올렸고, 학회 내 경진대회에서 최우수상을 수상했습니다. 이러한 경험은 데이터 분석이 실제 비즈니스 의사결정에 어떻게 기여할 수 있는지를 깨닫게 해주었습니다. CJ대한통운에서도 빅데이터를 활용한 물류 거점 최적화와 수요 예측 모델 고도화에 기여하여, 변화하는 시장에서 선제적인 물류 전략을 수립하는 인재가 되겠습니다.",bachelor_graduate,아주대학교,산업경영공학,it_software,retail_distribution,manufacturing,planning_strategy,logistics_scm,data_ai_ml,프로젝트,공공데이터 활용 카페 창업 입지 분석 모델 개발,"· 데이터 분석 학회에서 4인 1조로 팀을 구성하여 '소상공인 지원을 위한 입지 분석' 프로젝트를 진행했습니다.
· 서울시 내 카페 폐업률이 높아지는 상황에서 예비 창업자들에게 객관적인 지표를 제공해야 하는 과제가 있었습니다.","· 유동인구, 임대료, 주변 경쟁점 정보를 결합하여 매출 예측 및 입지 등급을 산출하는 모델을 구축하고자 했습니다.","· 먼저 공공데이터 포털에서 서울시 생활인구 및 상권 분석 데이터를 수집하고 전처리를 수행했습니다.
· 이후 랜덤포레스트 알고리즘을 활용하여 매출에 영향을 미치는 주요 변수(지하철역 거리, 오피스 밀집도 등)를 추출했습니다.
· 또한 분석 결과를 시각화 도구인 Tableau를 활용해 지도 위에 구현하여 사용자가 직관적으로 이해할 수 있게 만들었습니다.
· 마지막으로 실제 특정 지역의 카페 매출 데이터와 비교 검증하여 모델의 정확도를 85%까지 끌어올렸습니다.","· 단순 통계보다는 머신러닝 기법을 활용하는 것이 복합적인 상권 변수를 반영하기에 더 적합하다고 판단했습니다.
· 비전문가인 창업자들도 쉽게 정보를 활용할 수 있도록 시각화 과정이 필수적이라고 생각했습니다.",· 학회 내 프로젝트 경진대회에서 분석의 논리성과 실용성을 인정받아 최우수상을 수상했습니다.,3,디지털·기술 활용 역량,데이터 분석 도구 활용,· 프로그래밍 언어나 데이터 분석 툴을 활용하여 복잡한 데이터를 처리하고 기술적 솔루션을 구현하는 능력입니다.,· Python과 Tableau를 활용하여 대규모 공공데이터를 정제하고 예측 모델을 시각화하는 기술적 역량을 발휘했습니다.,전략·기획 역량,목표 지향적 기획력,· 비즈니스 목표를 달성하기 위해 필요한 단계를 설정하고 자원을 효율적으로 배분하여 계획을 수립하는 능력입니다.,· 예비 창업자의 니즈를 정확히 타겟팅하여 분석의 범위와 평가지표를 설정하는 기획 단계부터 주도적인 역할을 수행했습니다.,창의·혁신 역량,분석 관점의 참신함,· 기존의 방식에서 벗어나 새로운 시각으로 문제를 바라보고 차별화된 아이디어를 제안하는 역량입니다.,· 단순 인구수 외에 '생활인구 체류 시간'이라는 변수를 새롭게 도입하여 입지 분석의 정교함을 더했습니다.
P0003,P0003_01,P0003_CO01_Q02_D01,P0003_CO01_Q02_D01,P0003_CO01,CJ대한통운_하반기,CJ대한통운,물류운영 및 SCM,CL사업부,2025.10.15,"P0003_02,P0003_01",2,1,버전 1,변화하는 물류 시장 트렌드에 대응하기 위해 본인이 노력했던 사례와 그 결과에 대해 구체적으로 작성해 주십시오.,"급변하는 이커머스 시장에서 물류는 단순 배송을 넘어 데이터 기반의 전략적 거점으로 진화하고 있습니다. 저는 이러한 흐름에 발맞추어 데이터 분석 학회 활동을 통해 상권 및 입지 분석 역량을 길러왔습니다.

'소상공인 지원을 위한 카페 창업 입지 분석' 프로젝트를 진행하며, 서울시 공공데이터를 활용해 매출 예측 모델을 구축했습니다. 생활인구, 임대료, 경쟁점 정보 등 방대한 데이터를 수집하고 전처리하는 과정에서 랜덤포레스트 알고리즘을 적용하여 매출에 영향을 미치는 핵심 변수를 추출했습니다. 특히 분석 결과에 그치지 않고 Tableau를 활용해 시각화함으로써, 비전문가도 직관적으로 이해할 수 있는 대시보드를 제작했습니다.

이 과정에서 실제 특정 지역의 매출 데이터와 비교 검증하며 모델의 정확도를 85%까지 끌어올렸고, 학회 내 경진대회에서 최우수상을 수상했습니다. 이러한 경험은 데이터 분석이 실제 비즈니스 의사결정에 어떻게 기여할 수 있는지를 깨닫게 해주었습니다. CJ대한통운에서도 빅데이터를 활용한 물류 거점 최적화와 수요 예측 모델 고도화에 기여하여, 변화하는 시장에서 선제적인 물류 전략을 수립하는 인재가 되겠습니다.",bachelor_graduate,아주대학교,산업경영공학,it_software,retail_distribution,manufacturing,planning_strategy,logistics_scm,data_ai_ml,인턴,이커머스 물류 센터 프로세스 개선을 통한 오배송률 15% 감소,"· 국내 중견 이커머스 기업의 물류 운영팀에서 3개월간 인턴으로 근무하며 출고 관리 보조 업무를 맡았습니다.
· 당시 수작업 위주의 검수 과정으로 인해 피크 타임 시 오배송 건수가 급증하여 고객 불만이 다수 발생하고 있었습니다.","· 기존의 검수 프로세스를 분석하여 병목 구간을 찾아내고, 오배송률을 기존 대비 10% 이상 낮추는 것을 목표로 삼았습니다.","· 먼저 최근 6개월간의 오배송 데이터를 수집하여 오류가 가장 빈번한 상품군과 시간대를 통계적으로 분석했습니다.
· 이후 현장 작업자 인터뷰를 통해 바코드 스캔 과정에서의 중복 오류와 동선 꼬임 문제를 파악했습니다.
· 또한 분석 결과를 바탕으로 검수대 배치 변경과 스캔 확인 알람 시스템 도입을 제안했습니다.
· 마지막으로 변경된 프로세스를 2주간 시범 운영하며 작업자들의 피드백을 수용해 세부 가이드를 수정했습니다.","· 단순한 인력 충원보다는 데이터에 기반한 근본적인 시스템 개선이 장기적인 비용 절감에 효과적이라고 판단했습니다.
· 현장 실무자의 목소리를 반영해야만 실제 운영 단계에서 새로운 프로세스가 안착할 수 있다고 생각했습니다.","· 최종적으로 오배송률을 15% 감소시켰으며, 작업 효율성 개선으로 시간당 처리 물동량이 8% 증가하는 성과를 거두었습니다.",3,정보수집·분석 역량,데이터 기반 분석력,"· 방대한 자료 속에서 유의미한 정보를 추출하고, 이를 논리적으로 해석하여 문제의 원인을 파악하는 능력입니다.",· 6개월치 물류 데이터를 정량적으로 분석하여 오배송의 핵심 원인이 특정 시간대와 상품군에 집중되어 있음을 밝혀냈습니다.,문제해결 능력,프로세스 최적화 능력,"· 직면한 문제의 원인을 다각도로 분석하고, 실현 가능한 대안을 제시하여 문제를 종결짓는 역량입니다.",· 바코드 스캔 오류라는 구체적인 문제를 해결하기 위해 시스템 알람 도입과 동선 재배치라는 실질적인 솔루션을 도출했습니다.,실행력·업무처리 능력,현장 중심 실행력,· 계획된 목표를 달성하기 위해 필요한 자원을 활용하여 끝까지 업무를 완수하고 성과를 내는 능력입니다.,· 제안에 그치지 않고 시범 운영 기간 동안 현장에서 직접 피드백을 수집하며 프로세스를 완성시키는 집요함을 보였습니다.
P0003,P0003_02,P0003_CO02_Q01_D01,P0003_CO02_Q01_D01,P0003_CO02,쿠팡_공채,쿠팡,Business Analyst,Retail & Strategy,2025.11.2,"P0003_02,P0003_03",1,1,버전 1,데이터를 활용하여 복잡한 문제를 해결하거나 의사결정을 내렸던 경험을 기술해 주십시오.,"데이터 분석 학회에서 진행한 '카페 창업 입지 분석 모델 개발' 프로젝트를 통해 복합적인 변수를 고려한 전략적 의사결정 역량을 쌓았습니다. 당시 서울시 내 카페 폐업률이 증가하는 상황에서 예비 창업자들에게 객관적인 지표를 제공하고자 프로젝트를 기획했습니다.

저는 공공데이터 포털에서 수집한 생활인구와 상권 데이터를 기반으로 머신러닝 기법인 랜덤포레스트를 활용했습니다. 지하철역과의 거리, 오피스 밀집도 등 매출에 유의미한 영향을 미치는 변수들을 정교하게 추출했습니다. 분석 과정에서 단순 통계 수치보다 지리적 요건과 인구 통계적 특성을 결합하는 것이 예측력을 높이는 핵심임을 발견했습니다. 최종적으로 모델의 정확도를 85%까지 확보했으며, 이를 Tableau로 시각화하여 사용자가 지도상에서 입지 등급을 한눈에 확인할 수 있게 구현했습니다.

이 프로젝트는 논리성과 실용성을 인정받아 최우수상을 받는 성과로 이어졌습니다. 쿠팡에서도 고객 데이터와 시장 지표를 정교하게 분석하여, 비즈니스 성장을 견인할 수 있는 데이터 기반의 전략을 도출하겠습니다.",bachelor_graduate,아주대학교,산업경영공학,it_software,retail_distribution,manufacturing,planning_strategy,logistics_scm,data_ai_ml,프로젝트,공공데이터 활용 카페 창업 입지 분석 모델 개발,"· 데이터 분석 학회에서 4인 1조로 팀을 구성하여 '소상공인 지원을 위한 입지 분석' 프로젝트를 진행했습니다.
· 서울시 내 카페 폐업률이 높아지는 상황에서 예비 창업자들에게 객관적인 지표를 제공해야 하는 과제가 있었습니다.","· 유동인구, 임대료, 주변 경쟁점 정보를 결합하여 매출 예측 및 입지 등급을 산출하는 모델을 구축하고자 했습니다.","· 먼저 공공데이터 포털에서 서울시 생활인구 및 상권 분석 데이터를 수집하고 전처리를 수행했습니다.
· 이후 랜덤포레스트 알고리즘을 활용하여 매출에 영향을 미치는 주요 변수(지하철역 거리, 오피스 밀집도 등)를 추출했습니다.
· 또한 분석 결과를 시각화 도구인 Tableau를 활용해 지도 위에 구현하여 사용자가 직관적으로 이해할 수 있게 만들었습니다.
· 마지막으로 실제 특정 지역의 카페 매출 데이터와 비교 검증하여 모델의 정확도를 85%까지 끌어올렸습니다.","· 단순 통계보다는 머신러닝 기법을 활용하는 것이 복합적인 상권 변수를 반영하기에 더 적합하다고 판단했습니다.
· 비전문가인 창업자들도 쉽게 정보를 활용할 수 있도록 시각화 과정이 필수적이라고 생각했습니다.",· 학회 내 프로젝트 경진대회에서 분석의 논리성과 실용성을 인정받아 최우수상을 수상했습니다.,3,디지털·기술 활용 역량,데이터 분석 도구 활용,· 프로그래밍 언어나 데이터 분석 툴을 활용하여 복잡한 데이터를 처리하고 기술적 솔루션을 구현하는 능력입니다.,· Python과 Tableau를 활용하여 대규모 공공데이터를 정제하고 예측 모델을 시각화하는 기술적 역량을 발휘했습니다.,전략·기획 역량,목표 지향적 기획력,· 비즈니스 목표를 달성하기 위해 필요한 단계를 설정하고 자원을 효율적으로 배분하여 계획을 수립하는 능력입니다.,· 예비 창업자의 니즈를 정확히 타겟팅하여 분석의 범위와 평가지표를 설정하는 기획 단계부터 주도적인 역할을 수행했습니다.,창의·혁신 역량,분석 관점의 참신함,· 기존의 방식에서 벗어나 새로운 시각으로 문제를 바라보고 차별화된 아이디어를 제안하는 역량입니다.,· 단순 인구수 외에 '생활인구 체류 시간'이라는 변수를 새롭게 도입하여 입지 분석의 정교함을 더했습니다.
P0003,P0003_03,P0003_CO02_Q01_D01,P0003_CO02_Q01_D01,P0003_CO02,쿠팡_공채,쿠팡,Business Analyst,Retail & Strategy,2025.11.2,"P0003_02,P0003_03",1,1,버전 1,데이터를 활용하여 복잡한 문제를 해결하거나 의사결정을 내렸던 경험을 기술해 주십시오.,"데이터 분석 학회에서 진행한 '카페 창업 입지 분석 모델 개발' 프로젝트를 통해 복합적인 변수를 고려한 전략적 의사결정 역량을 쌓았습니다. 당시 서울시 내 카페 폐업률이 증가하는 상황에서 예비 창업자들에게 객관적인 지표를 제공하고자 프로젝트를 기획했습니다.

저는 공공데이터 포털에서 수집한 생활인구와 상권 데이터를 기반으로 머신러닝 기법인 랜덤포레스트를 활용했습니다. 지하철역과의 거리, 오피스 밀집도 등 매출에 유의미한 영향을 미치는 변수들을 정교하게 추출했습니다. 분석 과정에서 단순 통계 수치보다 지리적 요건과 인구 통계적 특성을 결합하는 것이 예측력을 높이는 핵심임을 발견했습니다. 최종적으로 모델의 정확도를 85%까지 확보했으며, 이를 Tableau로 시각화하여 사용자가 지도상에서 입지 등급을 한눈에 확인할 수 있게 구현했습니다.

이 프로젝트는 논리성과 실용성을 인정받아 최우수상을 받는 성과로 이어졌습니다. 쿠팡에서도 고객 데이터와 시장 지표를 정교하게 분석하여, 비즈니스 성장을 견인할 수 있는 데이터 기반의 전략을 도출하겠습니다.",bachelor_graduate,아주대학교,산업경영공학,it_software,retail_distribution,manufacturing,planning_strategy,logistics_scm,data_ai_ml,대외활동,대학생 마케팅 서포터즈 활동 중 신제품 홍보 영상 조회수 10만 달성,"· IT 기기 제조사의 대학생 서포터즈로 활동하며 Z세대를 타겟으로 한 신규 태블릿 PC 홍보 미션을 수행했습니다.
· 초기 홍보 콘텐츠들이 기존의 정형화된 리뷰 형식이라 타겟층의 반응이 저조한 상황이었습니다.",· 2주 안에 Z세대의 흥미를 유발할 수 있는 숏폼 콘텐츠를 기획하여 조회수 5만 회 이상을 달성하는 것이 목표였습니다.,"· 먼저 팀원들과 함께 최근 유행하는 챌린지 트렌드와 밈(Meme)을 조사하여 콘텐츠 컨셉을 회의했습니다.
· 이후 제품의 성능보다는 '대학생의 일상 속 활용'에 초점을 맞춘 코믹한 상황극 시나리오를 작성했습니다.
· 또한 영상 편집 시 시각적 효과와 빠른 템포의 음악을 활용하여 몰입감을 높였습니다.
· 마지막으로 서포터즈 개인 SNS 채널과 커뮤니티를 활용해 적극적인 확산 활동을 펼쳤습니다.","· 정보 전달 위주의 광고는 Z세대의 거부감을 사기 쉬우므로 '재미'와 '공감' 요소를 최우선으로 고려했습니다.
· 초기 반응이 중요하다고 판단하여 업로드 직후 팀원들과 함께 댓글 소통을 강화하는 전략을 택했습니다.","· 목표치의 2배인 조회수 10만 회를 돌파했으며, 해당 제품의 공식 스토어 유입량이 전주 대비 20% 증가했습니다.",3,커뮤니케이션 역량,타겟 맞춤형 소통,· 대상의 특성을 파악하여 메시지를 효과적으로 전달하고 상호 이해를 도모하는 능력입니다.,· Z세대의 언어와 문화를 분석하여 그들이 선호하는 숏폼 형식으로 제품의 가치를 효과적으로 전달했습니다.,협업·팀워크,팀 시너지 창출,· 공동의 목표를 위해 팀원들과 역할을 분담하고 갈등을 조율하며 협력하는 능력입니다.,"· 기획, 촬영, 편집 등 각자 강점이 있는 분야로 역할을 나누고 서로의 아이디어를 적극 수용하며 완성도를 높였습니다.",고객·서비스 지향,사용자 경험 중심 사고,· 고객의 관점에서 필요와 불편함을 파악하여 최적의 가치를 제공하고자 노력하는 태도입니다.,"· 공급자 중심의 기능 설명이 아닌, 실제 대학생 사용자가 느낄 수 있는 편익을 중심으로 콘텐츠를 구성했습니다."
P0003,P0003_03,P0003_CO02_Q02_D01,P0003_CO02_Q02_D01,P0003_CO02,쿠팡_공채,쿠팡,Business Analyst,Retail & Strategy,2025.11.2,"P0003_03,P0003_01",2,1,버전 1,팀 프로젝트 수행 중 발생한 갈등이나 어려움을 극복하고 목표를 달성했던 경험을 구체적으로 서술해 주십시오.,"IT 기기 제조사의 대학생 서포터즈로 활동하며 Z세대 타겟의 신제품 홍보 미션을 수행할 당시, 기존 방식의 한계를 극복하고 목표의 200%를 달성한 경험이 있습니다. 초기 팀원들 사이에서는 정형화된 리뷰 형식의 콘텐츠를 제작하자는 의견이 지배적이었으나, 저는 타겟층인 Z세대의 반응이 저조할 것을 우려했습니다.

저는 팀원들을 설득하기 위해 최근 유행하는 숏폼 챌린지 트렌드와 밈(Meme) 데이터를 수집하여 제시했습니다. 정보 전달보다는 '재미'와 '공감'이 우선되어야 함을 강조했고, 논의 끝에 대학생의 일상을 코믹하게 그려낸 상황극 시나리오를 채택했습니다. 영상 편집 단계에서도 빠른 템포와 시각 효과를 활용해 몰입감을 높였습니다.

그 결과, 목표였던 조회수 5만 회를 훌쩍 넘긴 10만 회를 기록했으며 공식 스토어 유입량이 20% 증가하는 성과를 거두었습니다. 이 경험을 통해 팀워크에서 데이터에 기반한 설득과 타겟 중심의 사고가 얼마나 중요한지 배웠습니다. 쿠팡의 유연한 조직 문화 속에서도 팀원들과 적극적으로 협력하여 최선의 결과를 만들어내겠습니다.",bachelor_graduate,아주대학교,산업경영공학,it_software,retail_distribution,manufacturing,planning_strategy,logistics_scm,data_ai_ml,대외활동,대학생 마케팅 서포터즈 활동 중 신제품 홍보 영상 조회수 10만 달성,"· IT 기기 제조사의 대학생 서포터즈로 활동하며 Z세대를 타겟으로 한 신규 태블릿 PC 홍보 미션을 수행했습니다.
· 초기 홍보 콘텐츠들이 기존의 정형화된 리뷰 형식이라 타겟층의 반응이 저조한 상황이었습니다.",· 2주 안에 Z세대의 흥미를 유발할 수 있는 숏폼 콘텐츠를 기획하여 조회수 5만 회 이상을 달성하는 것이 목표였습니다.,"· 먼저 팀원들과 함께 최근 유행하는 챌린지 트렌드와 밈(Meme)을 조사하여 콘텐츠 컨셉을 회의했습니다.
· 이후 제품의 성능보다는 '대학생의 일상 속 활용'에 초점을 맞춘 코믹한 상황극 시나리오를 작성했습니다.
· 또한 영상 편집 시 시각적 효과와 빠른 템포의 음악을 활용하여 몰입감을 높였습니다.
· 마지막으로 서포터즈 개인 SNS 채널과 커뮤니티를 활용해 적극적인 확산 활동을 펼쳤습니다.","· 정보 전달 위주의 광고는 Z세대의 거부감을 사기 쉬우므로 '재미'와 '공감' 요소를 최우선으로 고려했습니다.
· 초기 반응이 중요하다고 판단하여 업로드 직후 팀원들과 함께 댓글 소통을 강화하는 전략을 택했습니다.","· 목표치의 2배인 조회수 10만 회를 돌파했으며, 해당 제품의 공식 스토어 유입량이 전주 대비 20% 증가했습니다.",3,커뮤니케이션 역량,타겟 맞춤형 소통,· 대상의 특성을 파악하여 메시지를 효과적으로 전달하고 상호 이해를 도모하는 능력입니다.,· Z세대의 언어와 문화를 분석하여 그들이 선호하는 숏폼 형식으로 제품의 가치를 효과적으로 전달했습니다.,협업·팀워크,팀 시너지 창출,· 공동의 목표를 위해 팀원들과 역할을 분담하고 갈등을 조율하며 협력하는 능력입니다.,"· 기획, 촬영, 편집 등 각자 강점이 있는 분야로 역할을 나누고 서로의 아이디어를 적극 수용하며 완성도를 높였습니다.",고객·서비스 지향,사용자 경험 중심 사고,· 고객의 관점에서 필요와 불편함을 파악하여 최적의 가치를 제공하고자 노력하는 태도입니다.,"· 공급자 중심의 기능 설명이 아닌, 실제 대학생 사용자가 느낄 수 있는 편익을 중심으로 콘텐츠를 구성했습니다."
P0003,P0003_01,P0003_CO02_Q02_D01,P0003_CO02_Q02_D01,P0003_CO02,쿠팡_공채,쿠팡,Business Analyst,Retail & Strategy,2025.11.2,"P0003_03,P0003_01",2,1,버전 1,팀 프로젝트 수행 중 발생한 갈등이나 어려움을 극복하고 목표를 달성했던 경험을 구체적으로 서술해 주십시오.,"IT 기기 제조사의 대학생 서포터즈로 활동하며 Z세대 타겟의 신제품 홍보 미션을 수행할 당시, 기존 방식의 한계를 극복하고 목표의 200%를 달성한 경험이 있습니다. 초기 팀원들 사이에서는 정형화된 리뷰 형식의 콘텐츠를 제작하자는 의견이 지배적이었으나, 저는 타겟층인 Z세대의 반응이 저조할 것을 우려했습니다.

저는 팀원들을 설득하기 위해 최근 유행하는 숏폼 챌린지 트렌드와 밈(Meme) 데이터를 수집하여 제시했습니다. 정보 전달보다는 '재미'와 '공감'이 우선되어야 함을 강조했고, 논의 끝에 대학생의 일상을 코믹하게 그려낸 상황극 시나리오를 채택했습니다. 영상 편집 단계에서도 빠른 템포와 시각 효과를 활용해 몰입감을 높였습니다.

그 결과, 목표였던 조회수 5만 회를 훌쩍 넘긴 10만 회를 기록했으며 공식 스토어 유입량이 20% 증가하는 성과를 거두었습니다. 이 경험을 통해 팀워크에서 데이터에 기반한 설득과 타겟 중심의 사고가 얼마나 중요한지 배웠습니다. 쿠팡의 유연한 조직 문화 속에서도 팀원들과 적극적으로 협력하여 최선의 결과를 만들어내겠습니다.",bachelor_graduate,아주대학교,산업경영공학,it_software,retail_distribution,manufacturing,planning_strategy,logistics_scm,data_ai_ml,인턴,이커머스 물류 센터 프로세스 개선을 통한 오배송률 15% 감소,"· 국내 중견 이커머스 기업의 물류 운영팀에서 3개월간 인턴으로 근무하며 출고 관리 보조 업무를 맡았습니다.
· 당시 수작업 위주의 검수 과정으로 인해 피크 타임 시 오배송 건수가 급증하여 고객 불만이 다수 발생하고 있었습니다.","· 기존의 검수 프로세스를 분석하여 병목 구간을 찾아내고, 오배송률을 기존 대비 10% 이상 낮추는 것을 목표로 삼았습니다.","· 먼저 최근 6개월간의 오배송 데이터를 수집하여 오류가 가장 빈번한 상품군과 시간대를 통계적으로 분석했습니다.
· 이후 현장 작업자 인터뷰를 통해 바코드 스캔 과정에서의 중복 오류와 동선 꼬임 문제를 파악했습니다.
· 또한 분석 결과를 바탕으로 검수대 배치 변경과 스캔 확인 알람 시스템 도입을 제안했습니다.
· 마지막으로 변경된 프로세스를 2주간 시범 운영하며 작업자들의 피드백을 수용해 세부 가이드를 수정했습니다.","· 단순한 인력 충원보다는 데이터에 기반한 근본적인 시스템 개선이 장기적인 비용 절감에 효과적이라고 판단했습니다.
· 현장 실무자의 목소리를 반영해야만 실제 운영 단계에서 새로운 프로세스가 안착할 수 있다고 생각했습니다.","· 최종적으로 오배송률을 15% 감소시켰으며, 작업 효율성 개선으로 시간당 처리 물동량이 8% 증가하는 성과를 거두었습니다.",3,정보수집·분석 역량,데이터 기반 분석력,"· 방대한 자료 속에서 유의미한 정보를 추출하고, 이를 논리적으로 해석하여 문제의 원인을 파악하는 능력입니다.",· 6개월치 물류 데이터를 정량적으로 분석하여 오배송의 핵심 원인이 특정 시간대와 상품군에 집중되어 있음을 밝혀냈습니다.,문제해결 능력,프로세스 최적화 능력,"· 직면한 문제의 원인을 다각도로 분석하고, 실현 가능한 대안을 제시하여 문제를 종결짓는 역량입니다.",· 바코드 스캔 오류라는 구체적인 문제를 해결하기 위해 시스템 알람 도입과 동선 재배치라는 실질적인 솔루션을 도출했습니다.,실행력·업무처리 능력,현장 중심 실행력,· 계획된 목표를 달성하기 위해 필요한 자원을 활용하여 끝까지 업무를 완수하고 성과를 내는 능력입니다.,· 제안에 그치지 않고 시범 운영 기간 동안 현장에서 직접 피드백을 수집하며 프로세스를 완성시키는 집요함을 보였습니다.
P0003,P0003_01,P0003_CO03_Q01_D01,P0003_CO03_Q01_D01,P0003_CO03,삼성전자_하반기,삼성전자,SCM 및 물류관리,DX부문,2025.9.20,"P0003_01,P0003_02",1,1,버전 1,삼성전자를 지원한 이유와 입사 후 회사에서 이루고 싶은 꿈을 기술하십시오.,"글로벌 공급망 관리의 정점에 있는 삼성전자에서 데이터 분석 역량을 발휘하여 초격차 물류 경쟁력을 확보하고자 지원했습니다. 저는 산업경영공학을 전공하며 프로세스 최적화의 중요성을 체득했고, 이커머스 물류 인턴십을 통해 실무적인 문제 해결 능력을 검증했습니다.

인턴 당시 오배송 데이터를 분석하여 프로세스를 재설계함으로써 오배송률을 15% 낮추고 작업 효율을 8% 높인 경험이 있습니다. 이러한 현장 중심의 개선 경험은 삼성전자의 복잡한 글로벌 SCM 체계에서도 빛을 발할 것이라 확신합니다. 입사 후에는 전 세계 거점에서 발생하는 방대한 물류 데이터를 실시간으로 분석하여, 재고 가시성을 확보하고 물류 비용을 최소화하는 최적화 알고리즘을 고도화하고 싶습니다. 이를 통해 삼성전자가 어떠한 대외 변수에도 흔들리지 않는 강건한 공급망을 구축하는 데 기여하는 SCM 전문가로 성장하겠습니다.",bachelor_graduate,아주대학교,산업경영공학,it_software,retail_distribution,manufacturing,planning_strategy,logistics_scm,data_ai_ml,인턴,이커머스 물류 센터 프로세스 개선을 통한 오배송률 15% 감소,"· 국내 중견 이커머스 기업의 물류 운영팀에서 3개월간 인턴으로 근무하며 출고 관리 보조 업무를 맡았습니다.
· 당시 수작업 위주의 검수 과정으로 인해 피크 타임 시 오배송 건수가 급증하여 고객 불만이 다수 발생하고 있었습니다.","· 기존의 검수 프로세스를 분석하여 병목 구간을 찾아내고, 오배송률을 기존 대비 10% 이상 낮추는 것을 목표로 삼았습니다.","· 먼저 최근 6개월간의 오배송 데이터를 수집하여 오류가 가장 빈번한 상품군과 시간대를 통계적으로 분석했습니다.
· 이후 현장 작업자 인터뷰를 통해 바코드 스캔 과정에서의 중복 오류와 동선 꼬임 문제를 파악했습니다.
· 또한 분석 결과를 바탕으로 검수대 배치 변경과 스캔 확인 알람 시스템 도입을 제안했습니다.
· 마지막으로 변경된 프로세스를 2주간 시범 운영하며 작업자들의 피드백을 수용해 세부 가이드를 수정했습니다.","· 단순한 인력 충원보다는 데이터에 기반한 근본적인 시스템 개선이 장기적인 비용 절감에 효과적이라고 판단했습니다.
· 현장 실무자의 목소리를 반영해야만 실제 운영 단계에서 새로운 프로세스가 안착할 수 있다고 생각했습니다.","· 최종적으로 오배송률을 15% 감소시켰으며, 작업 효율성 개선으로 시간당 처리 물동량이 8% 증가하는 성과를 거두었습니다.",3,정보수집·분석 역량,데이터 기반 분석력,"· 방대한 자료 속에서 유의미한 정보를 추출하고, 이를 논리적으로 해석하여 문제의 원인을 파악하는 능력입니다.",· 6개월치 물류 데이터를 정량적으로 분석하여 오배송의 핵심 원인이 특정 시간대와 상품군에 집중되어 있음을 밝혀냈습니다.,문제해결 능력,프로세스 최적화 능력,"· 직면한 문제의 원인을 다각도로 분석하고, 실현 가능한 대안을 제시하여 문제를 종결짓는 역량입니다.",· 바코드 스캔 오류라는 구체적인 문제를 해결하기 위해 시스템 알람 도입과 동선 재배치라는 실질적인 솔루션을 도출했습니다.,실행력·업무처리 능력,현장 중심 실행력,· 계획된 목표를 달성하기 위해 필요한 자원을 활용하여 끝까지 업무를 완수하고 성과를 내는 능력입니다.,· 제안에 그치지 않고 시범 운영 기간 동안 현장에서 직접 피드백을 수집하며 프로세스를 완성시키는 집요함을 보였습니다.
P0003,P0003_02,P0003_CO03_Q01_D01,P0003_CO03_Q01_D01,P0003_CO03,삼성전자_하반기,삼성전자,SCM 및 물류관리,DX부문,2025.9.20,"P0003_01,P0003_02",1,1,버전 1,삼성전자를 지원한 이유와 입사 후 회사에서 이루고 싶은 꿈을 기술하십시오.,"글로벌 공급망 관리의 정점에 있는 삼성전자에서 데이터 분석 역량을 발휘하여 초격차 물류 경쟁력을 확보하고자 지원했습니다. 저는 산업경영공학을 전공하며 프로세스 최적화의 중요성을 체득했고, 이커머스 물류 인턴십을 통해 실무적인 문제 해결 능력을 검증했습니다.

인턴 당시 오배송 데이터를 분석하여 프로세스를 재설계함으로써 오배송률을 15% 낮추고 작업 효율을 8% 높인 경험이 있습니다. 이러한 현장 중심의 개선 경험은 삼성전자의 복잡한 글로벌 SCM 체계에서도 빛을 발할 것이라 확신합니다. 입사 후에는 전 세계 거점에서 발생하는 방대한 물류 데이터를 실시간으로 분석하여, 재고 가시성을 확보하고 물류 비용을 최소화하는 최적화 알고리즘을 고도화하고 싶습니다. 이를 통해 삼성전자가 어떠한 대외 변수에도 흔들리지 않는 강건한 공급망을 구축하는 데 기여하는 SCM 전문가로 성장하겠습니다.",bachelor_graduate,아주대학교,산업경영공학,it_software,retail_distribution,manufacturing,planning_strategy,logistics_scm,data_ai_ml,프로젝트,공공데이터 활용 카페 창업 입지 분석 모델 개발,"· 데이터 분석 학회에서 4인 1조로 팀을 구성하여 '소상공인 지원을 위한 입지 분석' 프로젝트를 진행했습니다.
· 서울시 내 카페 폐업률이 높아지는 상황에서 예비 창업자들에게 객관적인 지표를 제공해야 하는 과제가 있었습니다.","· 유동인구, 임대료, 주변 경쟁점 정보를 결합하여 매출 예측 및 입지 등급을 산출하는 모델을 구축하고자 했습니다.","· 먼저 공공데이터 포털에서 서울시 생활인구 및 상권 분석 데이터를 수집하고 전처리를 수행했습니다.
· 이후 랜덤포레스트 알고리즘을 활용하여 매출에 영향을 미치는 주요 변수(지하철역 거리, 오피스 밀집도 등)를 추출했습니다.
· 또한 분석 결과를 시각화 도구인 Tableau를 활용해 지도 위에 구현하여 사용자가 직관적으로 이해할 수 있게 만들었습니다.
· 마지막으로 실제 특정 지역의 카페 매출 데이터와 비교 검증하여 모델의 정확도를 85%까지 끌어올렸습니다.","· 단순 통계보다는 머신러닝 기법을 활용하는 것이 복합적인 상권 변수를 반영하기에 더 적합하다고 판단했습니다.
· 비전문가인 창업자들도 쉽게 정보를 활용할 수 있도록 시각화 과정이 필수적이라고 생각했습니다.",· 학회 내 프로젝트 경진대회에서 분석의 논리성과 실용성을 인정받아 최우수상을 수상했습니다.,3,디지털·기술 활용 역량,데이터 분석 도구 활용,· 프로그래밍 언어나 데이터 분석 툴을 활용하여 복잡한 데이터를 처리하고 기술적 솔루션을 구현하는 능력입니다.,· Python과 Tableau를 활용하여 대규모 공공데이터를 정제하고 예측 모델을 시각화하는 기술적 역량을 발휘했습니다.,전략·기획 역량,목표 지향적 기획력,· 비즈니스 목표를 달성하기 위해 필요한 단계를 설정하고 자원을 효율적으로 배분하여 계획을 수립하는 능력입니다.,· 예비 창업자의 니즈를 정확히 타겟팅하여 분석의 범위와 평가지표를 설정하는 기획 단계부터 주도적인 역할을 수행했습니다.,창의·혁신 역량,분석 관점의 참신함,· 기존의 방식에서 벗어나 새로운 시각으로 문제를 바라보고 차별화된 아이디어를 제안하는 역량입니다.,· 단순 인구수 외에 '생활인구 체류 시간'이라는 변수를 새롭게 도입하여 입지 분석의 정교함을 더했습니다.
P0003,P0003_02,P0003_CO03_Q02_D01,P0003_CO03_Q02_D01,P0003_CO03,삼성전자_하반기,삼성전자,SCM 및 물류관리,DX부문,2025.9.20,"P0003_02,P0003_03",2,1,버전 1,"본인의 성장과정을 간략히 기술하되 현재의 자신에게 가장 큰 영향을 끼친 사건, 인물 등을 포함하여 기술해 주시기 바랍니다.","저의 성장과정에서 가장 큰 전환점은 데이터 분석 학회에서 진행한 '공공데이터 활용 입지 분석 프로젝트'였습니다. 이전까지는 이론적인 학습에 집중했다면, 이 프로젝트를 통해 데이터가 실제 사회 문제를 해결하는 강력한 도구가 될 수 있음을 깨달았습니다.

4인 1조의 팀장으로서 서울시 상권 데이터를 분석하며, 단순한 수치 나열이 아닌 '사용자 관점의 정보 제공'에 집중했습니다. 랜덤포레스트 모델을 구축하고 Tableau로 시각화하는 과정에서 수많은 시행착오를 겪었지만, 실제 매출 데이터와 대조하며 모델을 정교화하는 과정에서 큰 성취감을 느꼈습니다. 이 경험으로 분석의 논리성과 실용성을 인정받아 최우수상을 수상할 수 있었습니다.

또한, 마케팅 서포터즈 활동을 통해 타겟의 니즈를 파악하고 10만 조회수라는 성과를 낸 경험은 저에게 '고객 중심적 사고'를 심어주었습니다. 이러한 분석적 사고와 고객 중심의 태도는 제가 어떤 업무를 수행하든 데이터 뒤에 숨겨진 본질을 파악하게 하는 원동력이 되었습니다. 삼성전자에서도 이러한 역량을 바탕으로 끊임없이 도전하고 성장하겠습니다.",bachelor_graduate,아주대학교,산업경영공학,it_software,retail_distribution,manufacturing,planning_strategy,logistics_scm,data_ai_ml,프로젝트,공공데이터 활용 카페 창업 입지 분석 모델 개발,"· 데이터 분석 학회에서 4인 1조로 팀을 구성하여 '소상공인 지원을 위한 입지 분석' 프로젝트를 진행했습니다.
· 서울시 내 카페 폐업률이 높아지는 상황에서 예비 창업자들에게 객관적인 지표를 제공해야 하는 과제가 있었습니다.","· 유동인구, 임대료, 주변 경쟁점 정보를 결합하여 매출 예측 및 입지 등급을 산출하는 모델을 구축하고자 했습니다.","· 먼저 공공데이터 포털에서 서울시 생활인구 및 상권 분석 데이터를 수집하고 전처리를 수행했습니다.
· 이후 랜덤포레스트 알고리즘을 활용하여 매출에 영향을 미치는 주요 변수(지하철역 거리, 오피스 밀집도 등)를 추출했습니다.
· 또한 분석 결과를 시각화 도구인 Tableau를 활용해 지도 위에 구현하여 사용자가 직관적으로 이해할 수 있게 만들었습니다.
· 마지막으로 실제 특정 지역의 카페 매출 데이터와 비교 검증하여 모델의 정확도를 85%까지 끌어올렸습니다.","· 단순 통계보다는 머신러닝 기법을 활용하는 것이 복합적인 상권 변수를 반영하기에 더 적합하다고 판단했습니다.
· 비전문가인 창업자들도 쉽게 정보를 활용할 수 있도록 시각화 과정이 필수적이라고 생각했습니다.",· 학회 내 프로젝트 경진대회에서 분석의 논리성과 실용성을 인정받아 최우수상을 수상했습니다.,3,디지털·기술 활용 역량,데이터 분석 도구 활용,· 프로그래밍 언어나 데이터 분석 툴을 활용하여 복잡한 데이터를 처리하고 기술적 솔루션을 구현하는 능력입니다.,· Python과 Tableau를 활용하여 대규모 공공데이터를 정제하고 예측 모델을 시각화하는 기술적 역량을 발휘했습니다.,전략·기획 역량,목표 지향적 기획력,· 비즈니스 목표를 달성하기 위해 필요한 단계를 설정하고 자원을 효율적으로 배분하여 계획을 수립하는 능력입니다.,· 예비 창업자의 니즈를 정확히 타겟팅하여 분석의 범위와 평가지표를 설정하는 기획 단계부터 주도적인 역할을 수행했습니다.,창의·혁신 역량,분석 관점의 참신함,· 기존의 방식에서 벗어나 새로운 시각으로 문제를 바라보고 차별화된 아이디어를 제안하는 역량입니다.,· 단순 인구수 외에 '생활인구 체류 시간'이라는 변수를 새롭게 도입하여 입지 분석의 정교함을 더했습니다.
P0003,P0003_03,P0003_CO03_Q02_D01,P0003_CO03_Q02_D01,P0003_CO03,삼성전자_하반기,삼성전자,SCM 및 물류관리,DX부문,2025.9.20,"P0003_02,P0003_03",2,1,버전 1,"본인의 성장과정을 간략히 기술하되 현재의 자신에게 가장 큰 영향을 끼친 사건, 인물 등을 포함하여 기술해 주시기 바랍니다.","저의 성장과정에서 가장 큰 전환점은 데이터 분석 학회에서 진행한 '공공데이터 활용 입지 분석 프로젝트'였습니다. 이전까지는 이론적인 학습에 집중했다면, 이 프로젝트를 통해 데이터가 실제 사회 문제를 해결하는 강력한 도구가 될 수 있음을 깨달았습니다.

4인 1조의 팀장으로서 서울시 상권 데이터를 분석하며, 단순한 수치 나열이 아닌 '사용자 관점의 정보 제공'에 집중했습니다. 랜덤포레스트 모델을 구축하고 Tableau로 시각화하는 과정에서 수많은 시행착오를 겪었지만, 실제 매출 데이터와 대조하며 모델을 정교화하는 과정에서 큰 성취감을 느꼈습니다. 이 경험으로 분석의 논리성과 실용성을 인정받아 최우수상을 수상할 수 있었습니다.

또한, 마케팅 서포터즈 활동을 통해 타겟의 니즈를 파악하고 10만 조회수라는 성과를 낸 경험은 저에게 '고객 중심적 사고'를 심어주었습니다. 이러한 분석적 사고와 고객 중심의 태도는 제가 어떤 업무를 수행하든 데이터 뒤에 숨겨진 본질을 파악하게 하는 원동력이 되었습니다. 삼성전자에서도 이러한 역량을 바탕으로 끊임없이 도전하고 성장하겠습니다.",bachelor_graduate,아주대학교,산업경영공학,it_software,retail_distribution,manufacturing,planning_strategy,logistics_scm,data_ai_ml,대외활동,대학생 마케팅 서포터즈 활동 중 신제품 홍보 영상 조회수 10만 달성,"· IT 기기 제조사의 대학생 서포터즈로 활동하며 Z세대를 타겟으로 한 신규 태블릿 PC 홍보 미션을 수행했습니다.
· 초기 홍보 콘텐츠들이 기존의 정형화된 리뷰 형식이라 타겟층의 반응이 저조한 상황이었습니다.",· 2주 안에 Z세대의 흥미를 유발할 수 있는 숏폼 콘텐츠를 기획하여 조회수 5만 회 이상을 달성하는 것이 목표였습니다.,"· 먼저 팀원들과 함께 최근 유행하는 챌린지 트렌드와 밈(Meme)을 조사하여 콘텐츠 컨셉을 회의했습니다.
· 이후 제품의 성능보다는 '대학생의 일상 속 활용'에 초점을 맞춘 코믹한 상황극 시나리오를 작성했습니다.
· 또한 영상 편집 시 시각적 효과와 빠른 템포의 음악을 활용하여 몰입감을 높였습니다.
· 마지막으로 서포터즈 개인 SNS 채널과 커뮤니티를 활용해 적극적인 확산 활동을 펼쳤습니다.","· 정보 전달 위주의 광고는 Z세대의 거부감을 사기 쉬우므로 '재미'와 '공감' 요소를 최우선으로 고려했습니다.
· 초기 반응이 중요하다고 판단하여 업로드 직후 팀원들과 함께 댓글 소통을 강화하는 전략을 택했습니다.","· 목표치의 2배인 조회수 10만 회를 돌파했으며, 해당 제품의 공식 스토어 유입량이 전주 대비 20% 증가했습니다.",3,커뮤니케이션 역량,타겟 맞춤형 소통,· 대상의 특성을 파악하여 메시지를 효과적으로 전달하고 상호 이해를 도모하는 능력입니다.,· Z세대의 언어와 문화를 분석하여 그들이 선호하는 숏폼 형식으로 제품의 가치를 효과적으로 전달했습니다.,협업·팀워크,팀 시너지 창출,· 공동의 목표를 위해 팀원들과 역할을 분담하고 갈등을 조율하며 협력하는 능력입니다.,"· 기획, 촬영, 편집 등 각자 강점이 있는 분야로 역할을 나누고 서로의 아이디어를 적극 수용하며 완성도를 높였습니다.",고객·서비스 지향,사용자 경험 중심 사고,· 고객의 관점에서 필요와 불편함을 파악하여 최적의 가치를 제공하고자 노력하는 태도입니다.,"· 공급자 중심의 기능 설명이 아닌, 실제 대학생 사용자가 느낄 수 있는 편익을 중심으로 콘텐츠를 구성했습니다."
P0004,P0004_03,P0004_CO01_Q01_D01,P0004_CO01_Q01_D01,P0004_CO01,무신사_하반기,무신사,서비스 기획(Service PM),프로덕트 본부,2025.10.25,"P0004_03,P0004_01",1,1,버전 1,"지원하신 직무와 관련하여 본인만의 차별화된 역량은 무엇이며, 이를 발휘하여 성과를 창출한 경험을 기술해 주십시오.","저의 차별화된 역량은 데이터 분석을 기반으로 사용자 경험의 문제점을 포착하고, 이를 시각적·구조적 솔루션으로 전환하여 실질적인 비즈니스 성과를 이끌어내는 '데이터 기반의 문제 해결 능력'입니다.

패션 커머스 스타트업 인턴 당시, 모바일 앱 상세 페이지의 높은 이탈률을 해결하기 위해 리뉴얼 프로젝트를 주도했습니다. 단순히 심미적인 디자인에 치중하기보다 구글 애널리틱스를 활용해 사용자 이탈 구간을 정밀 분석했습니다. 그 결과, 텍스트 위주의 복잡한 정보 배치가 가독성을 저해한다는 점을 발견했습니다. 저는 경쟁사 10곳의 레이아웃 분석을 병행하여 사이즈와 소재 정보를 인포그래픽으로 시각화하고, 모바일 최적화 폰트와 여백을 적용한 가이드를 제안했습니다. 개발팀과의 긴밀한 협업 끝에 프로토타입을 구현했고, 최종적으로 페이지 체류 시간 22% 증가와 구매 전환율 3%p 상승이라는 성과를 거두었습니다.

또한, 업사이클링 브랜드 런칭 프로젝트에서는 2030 타겟 고객의 선호도를 온/오프라인 설문조사로 수치화하여 제품 기획에 반영했습니다. 전통 문양을 단순화한 미니멀 디자인의 노리개 키링을 메인 상품으로 확정하고, 고감도 비주얼 콘텐츠로 브랜딩을 강화한 결과 크라우드 펀딩 310% 달성이라는 기록적인 성과를 냈습니다. 이러한 경험을 바탕으로 무신사에서 고객의 니즈를 데이터로 읽어내고, 이를 매력적인 서비스 경험으로 구현하는 PM이 되겠습니다.",bachelor_graduate,홍익대학교,섬유미술패션디자인과,retail_distribution,it_software,media_entertainment,design,service_pm,marketing,인턴,커머스 플랫폼 UI/UX 개선 제안 및 구매전환율 향상,"· 패션 커머스 스타트업의 디자인팀 인턴으로 근무하며 모바일 앱의 상세 페이지 리뉴얼 프로젝트에 참여했습니다.
· 당시 상세 페이지의 정보 가독성이 떨어져 고객들이 상품 정보를 확인하지 않고 이탈하는 비율이 높았습니다.","· 상세 페이지 내 핵심 정보(사이즈, 소재, 리뷰)의 가독성을 높여 페이지 체류 시간을 15% 증대시키는 것이 목표였습니다.","· 먼저 경쟁사 앱 10곳의 상세 페이지 레이아웃을 분석하여 베스트 프랙티스를 도출했습니다.
· 이후 구글 애널리틱스 데이터를 통해 사용자가 가장 오래 머무는 구간과 바로 이탈하는 구간을 특정했습니다.
· 또한 텍스트 위주의 정보를 인포그래픽과 아이콘으로 시각화하여 한눈에 들어오도록 디자인 가이드를 수정했습니다.
· 마지막으로 개발팀과 협업하여 모바일 환경에 최적화된 폰트 크기와 여백을 적용한 프로토타입을 제작했습니다.","· 단순한 심미적 개선보다는 데이터에 기반한 사용자 경험 개선이 실질적인 비즈니스 성과로 이어진다고 판단했습니다.
· 모바일 환경의 특성상 텍스트보다는 직관적인 시각 자료가 정보 전달에 더 효율적이라고 생각했습니다.","· 리뉴얼 적용 후 페이지 체류 시간이 평균 22% 증가했으며, 결과적으로 구매 전환율이 3%p 상승하는 성과를 거뒀습니다.",3,디지털·기술 활용 역량,데이터 기반 디자인,디지털 도구와 데이터를 활용하여 업무의 정확도를 높이고 기술적 솔루션을 적용하는 능력입니다.,"· GA 데이터를 분석하여 사용자 이탈 지점을 파악하고, 이를 디자인 수정의 근거로 활용하여 성과를 입증했습니다.",고객·서비스 지향,사용자 경험(UX) 최적화,사용자의 관점에서 불편함을 찾아내고 이를 개선하여 만족스러운 서비스 경험을 제공하는 능력입니다.,· 고객이 정보를 찾는 과정을 관찰하여 가독성을 저해하는 요소를 제거하고 편의성을 극대화한 UI를 설계했습니다.,커뮤니케이션 역량,부서 간 협업 소통,자신의 아이디어를 명확하게 전달하고 타 부서와의 원활한 협력을 통해 목표를 달성하는 능력입니다.,· 디자인 시안의 구현 가능성을 확인하기 위해 개발팀과 긴밀히 소통하며 기술적 제약 안에서 최선의 결과물을 도출했습니다.
P0004,P0004_01,P0004_CO01_Q01_D01,P0004_CO01_Q01_D01,P0004_CO01,무신사_하반기,무신사,서비스 기획(Service PM),프로덕트 본부,2025.10.25,"P0004_03,P0004_01",1,1,버전 1,"지원하신 직무와 관련하여 본인만의 차별화된 역량은 무엇이며, 이를 발휘하여 성과를 창출한 경험을 기술해 주십시오.","저의 차별화된 역량은 데이터 분석을 기반으로 사용자 경험의 문제점을 포착하고, 이를 시각적·구조적 솔루션으로 전환하여 실질적인 비즈니스 성과를 이끌어내는 '데이터 기반의 문제 해결 능력'입니다.

패션 커머스 스타트업 인턴 당시, 모바일 앱 상세 페이지의 높은 이탈률을 해결하기 위해 리뉴얼 프로젝트를 주도했습니다. 단순히 심미적인 디자인에 치중하기보다 구글 애널리틱스를 활용해 사용자 이탈 구간을 정밀 분석했습니다. 그 결과, 텍스트 위주의 복잡한 정보 배치가 가독성을 저해한다는 점을 발견했습니다. 저는 경쟁사 10곳의 레이아웃 분석을 병행하여 사이즈와 소재 정보를 인포그래픽으로 시각화하고, 모바일 최적화 폰트와 여백을 적용한 가이드를 제안했습니다. 개발팀과의 긴밀한 협업 끝에 프로토타입을 구현했고, 최종적으로 페이지 체류 시간 22% 증가와 구매 전환율 3%p 상승이라는 성과를 거두었습니다.

또한, 업사이클링 브랜드 런칭 프로젝트에서는 2030 타겟 고객의 선호도를 온/오프라인 설문조사로 수치화하여 제품 기획에 반영했습니다. 전통 문양을 단순화한 미니멀 디자인의 노리개 키링을 메인 상품으로 확정하고, 고감도 비주얼 콘텐츠로 브랜딩을 강화한 결과 크라우드 펀딩 310% 달성이라는 기록적인 성과를 냈습니다. 이러한 경험을 바탕으로 무신사에서 고객의 니즈를 데이터로 읽어내고, 이를 매력적인 서비스 경험으로 구현하는 PM이 되겠습니다.",bachelor_graduate,홍익대학교,섬유미술패션디자인과,retail_distribution,it_software,media_entertainment,design,service_pm,marketing,교내동아리,업사이클링 브랜드 런칭 및 펀딩 310% 달성,"· 교내 창업 동아리에서 버려지는 한복 원단을 활용한 현대적 액세서리 브랜드 런칭 프로젝트를 총괄했습니다.
· 초기 시장 반응이 불투명하여 제품의 컨셉 설정과 제작 비용 확보에 큰 어려움을 겪었습니다.",· 크라우드 펀딩 목표액 300만 원 달성과 브랜드 인지도 확산을 위한 SNS 팔로워 500명 확보를 목표로 설정했습니다.,"· 먼저 타겟 고객층인 2030 세대의 선호도를 파악하기 위해 온/오프라인 설문조사를 실시했습니다.
· 이후 조사 결과를 바탕으로 전통 문양을 단순화한 미니멀 디자인의 노리개 키링과 파우치를 메인 상품으로 확정했습니다.
· 또한 제작 공정 효율화를 위해 동대문 원단 시장의 자투리 원단 공급처 3곳과 직접 계약을 체결했습니다.
· 마지막으로 펀딩 페이지에 제작 과정의 스토리를 담은 고감도 비주얼 콘텐츠를 업로드하여 감성적인 접근을 시도했습니다.","· 주관적인 감각에 의존하기보다 실제 타겟의 니즈를 데이터로 확인하여 실패 리스크를 줄이고자 했습니다.
· 한정된 예산 내에서 품질을 유지하기 위해 직접 발로 뛰는 공급망 확보가 필수적이라고 판단했습니다.","· 최종적으로 펀딩 달성률 310%를 기록하며 성공적으로 브랜드를 런칭했고, 전통의 현대화 가능성을 확인했습니다.",3,전략·기획 역량,목표 설정 및 자원 배분,조직의 목표를 달성하기 위해 구체적인 계획을 수립하고 가용 자원을 효율적으로 배치하는 능력입니다.,"· 펀딩 목표 설정부터 원단 공급처 확보, 마케팅 일정 수립까지 프로젝트 전 과정을 체계적으로 기획하여 목표를 초과 달성했습니다.",정보수집·분석 역량,시장 트렌드 분석,다양한 채널을 통해 필요한 정보를 수집하고 이를 분석하여 유의미한 인사이트를 도출하는 능력입니다.,· 설문조사와 시장 조사를 통해 2030 세대의 전통 디자인 선호도를 파악하고 이를 제품 디자인에 즉각 반영했습니다.,실행력·업무처리 능력,목표 달성 집념,정해진 목표를 완수하기 위해 장애물을 극복하고 끝까지 업무를 추진하는 능력입니다.,· 예산 부족 문제를 해결하기 위해 직접 발품을 팔아 원단 공급처를 뚫고 펀딩 콘텐츠를 제작하는 등 강한 추진력을 보여주었습니다.
P0004,P0004_02,P0004_CO01_Q02_D01,P0004_CO01_Q02_D01,P0004_CO01,무신사_하반기,무신사,서비스 기획(Service PM),프로덕트 본부,2025.10.25,"P0004_02,P0004_01",2,1,버전 1,공동의 목표를 달성하는 과정에서 발생한 갈등이나 어려움을 극복하기 위해 노력했던 사례를 구체적으로 기술해 주십시오.,"80명의 학생이 참여하는 대규모 졸업전시회 운영위원회 부위원장으로서, 불투명한 프로세스로 인한 갈등을 해결하고 운영 효율을 극대화한 경험이 있습니다.

당시 전시 도록 및 굿즈 제작 과정에서 업체와의 소통 오류와 불분명한 정산 체계로 인해 학생들의 불만이 고조된 상황이었습니다. 저는 정보의 비대칭성이 갈등의 핵심 원인이라 판단하고, '프로세스의 투명화'를 목표로 삼았습니다. 우선 과거 3개년의 계약 데이터를 분석하여 단가 비교표를 작성하고 신규 업체 5곳의 견적을 추가 확보하여 객관적인 선택 기준을 마련했습니다. 또한, 실시간 공유 문서를 도입하여 디자인 데이터 제출부터 검수 단계까지 전 과정을 공개함으로써 누구나 진행 상황을 확인할 수 있게 했습니다.

업체와의 협상 시에는 인쇄 사양과 마감 기한을 명문화한 체크리스트를 활용해 구두 계약의 위험성을 제거했습니다. 특히 중간 샘플 확인 과정을 의무화하여 대량 생산 전 발생할 수 있는 오류를 사전에 차단했습니다. 이러한 체계적인 접근을 통해 전년 대비 제작 비용을 20% 절감할 수 있었고, 단 한 건의 인쇄 사고 없이 전시를 성공적으로 마무리했습니다. 이 경험을 통해 명확한 기준 설정과 투명한 정보 공유가 팀워크의 근간임을 배웠으며, 무신사에서도 다양한 이해관계자 사이에서 신뢰를 구축하며 목표를 달성하겠습니다.",bachelor_graduate,홍익대학교,섬유미술패션디자인과,retail_distribution,it_software,media_entertainment,design,service_pm,marketing,프로젝트,졸업전시회 운영 프로세스 개선 및 비용 20% 절감,"· 80명의 학생이 참여하는 대규모 졸업전시회에서 운영위원회 부위원장을 맡아 전시 도록 및 굿즈 제작을 총괄했습니다.
· 매년 반복되는 업체와의 소통 오류와 불투명한 정산 체계로 인해 학생들의 불만이 높은 상황이었습니다.","· 제작 공정의 투명성을 확보하고, 단체 발주를 통한 제작 단가 15% 절감 및 불량률 0%를 목표로 삼았습니다.","· 먼저 과거 3개년의 업체 계약 데이터를 분석하여 단가 비교표를 작성하고 신규 업체 5곳의 견적을 추가로 받았습니다.
· 이후 실시간 공유 문서를 도입하여 각 학생의 디자인 데이터 제출 현황과 검수 단계를 투명하게 공개했습니다.
· 또한 업체 미팅 시 체크리스트를 지참하여 인쇄 사양과 마감 기한을 명문화한 계약서를 작성했습니다.
· 마지막으로 중간 샘플 확인 과정을 의무화하여 대량 생산 전 오류를 수정할 수 있는 단계를 추가했습니다.","· 정보의 비대칭성이 갈등의 원인이라고 판단하여 모든 진행 과정을 공유함으로써 신뢰를 회복하고자 했습니다.
· 구두 계약의 위험성을 방지하고 명확한 기준을 세워야만 대규모 인원의 요구사항을 통제할 수 있다고 생각했습니다.","· 단체 협상을 통해 제작 비용을 전년 대비 20% 절감했으며, 단 한 건의 인쇄 사고 없이 전시를 마쳤습니다.",3,협업·팀워크,갈등 조율 및 소통,공동의 목표를 위해 팀원들과 원활하게 소통하고 이해관계자 간의 의견 차이를 조정하는 능력입니다.,· 80명 학생들의 다양한 요구사항과 업체의 제작 여건 사이에서 합의점을 도출하여 원만한 프로젝트 진행을 이끌었습니다.,문제해결 능력,프로세스 최적화,문제의 원인을 정확히 파악하고 이를 해결하기 위한 창의적이고 효율적인 대안을 제시하는 능력입니다.,· 기존의 불투명한 운영 방식을 실시간 공유 시스템으로 전환하여 고질적인 소통 오류 문제를 근본적으로 해결했습니다.,리더십·팔로워십,상황 파악 및 역할 배분,조직의 현황을 빠르게 파악하고 구성원들에게 적절한 역할을 부여하여 시너지를 내는 능력입니다.,"· 운영위원회 인원들에게 업체 컨택, 데이터 검수, 회계 관리 등 전문성에 맞는 역할을 부여하여 업무 효율을 높였습니다."
P0004,P0004_01,P0004_CO01_Q02_D01,P0004_CO01_Q02_D01,P0004_CO01,무신사_하반기,무신사,서비스 기획(Service PM),프로덕트 본부,2025.10.25,"P0004_02,P0004_01",2,1,버전 1,공동의 목표를 달성하는 과정에서 발생한 갈등이나 어려움을 극복하기 위해 노력했던 사례를 구체적으로 기술해 주십시오.,"80명의 학생이 참여하는 대규모 졸업전시회 운영위원회 부위원장으로서, 불투명한 프로세스로 인한 갈등을 해결하고 운영 효율을 극대화한 경험이 있습니다.

당시 전시 도록 및 굿즈 제작 과정에서 업체와의 소통 오류와 불분명한 정산 체계로 인해 학생들의 불만이 고조된 상황이었습니다. 저는 정보의 비대칭성이 갈등의 핵심 원인이라 판단하고, '프로세스의 투명화'를 목표로 삼았습니다. 우선 과거 3개년의 계약 데이터를 분석하여 단가 비교표를 작성하고 신규 업체 5곳의 견적을 추가 확보하여 객관적인 선택 기준을 마련했습니다. 또한, 실시간 공유 문서를 도입하여 디자인 데이터 제출부터 검수 단계까지 전 과정을 공개함으로써 누구나 진행 상황을 확인할 수 있게 했습니다.

업체와의 협상 시에는 인쇄 사양과 마감 기한을 명문화한 체크리스트를 활용해 구두 계약의 위험성을 제거했습니다. 특히 중간 샘플 확인 과정을 의무화하여 대량 생산 전 발생할 수 있는 오류를 사전에 차단했습니다. 이러한 체계적인 접근을 통해 전년 대비 제작 비용을 20% 절감할 수 있었고, 단 한 건의 인쇄 사고 없이 전시를 성공적으로 마무리했습니다. 이 경험을 통해 명확한 기준 설정과 투명한 정보 공유가 팀워크의 근간임을 배웠으며, 무신사에서도 다양한 이해관계자 사이에서 신뢰를 구축하며 목표를 달성하겠습니다.",bachelor_graduate,홍익대학교,섬유미술패션디자인과,retail_distribution,it_software,media_entertainment,design,service_pm,marketing,교내동아리,업사이클링 브랜드 런칭 및 펀딩 310% 달성,"· 교내 창업 동아리에서 버려지는 한복 원단을 활용한 현대적 액세서리 브랜드 런칭 프로젝트를 총괄했습니다.
· 초기 시장 반응이 불투명하여 제품의 컨셉 설정과 제작 비용 확보에 큰 어려움을 겪었습니다.",· 크라우드 펀딩 목표액 300만 원 달성과 브랜드 인지도 확산을 위한 SNS 팔로워 500명 확보를 목표로 설정했습니다.,"· 먼저 타겟 고객층인 2030 세대의 선호도를 파악하기 위해 온/오프라인 설문조사를 실시했습니다.
· 이후 조사 결과를 바탕으로 전통 문양을 단순화한 미니멀 디자인의 노리개 키링과 파우치를 메인 상품으로 확정했습니다.
· 또한 제작 공정 효율화를 위해 동대문 원단 시장의 자투리 원단 공급처 3곳과 직접 계약을 체결했습니다.
· 마지막으로 펀딩 페이지에 제작 과정의 스토리를 담은 고감도 비주얼 콘텐츠를 업로드하여 감성적인 접근을 시도했습니다.","· 주관적인 감각에 의존하기보다 실제 타겟의 니즈를 데이터로 확인하여 실패 리스크를 줄이고자 했습니다.
· 한정된 예산 내에서 품질을 유지하기 위해 직접 발로 뛰는 공급망 확보가 필수적이라고 판단했습니다.","· 최종적으로 펀딩 달성률 310%를 기록하며 성공적으로 브랜드를 런칭했고, 전통의 현대화 가능성을 확인했습니다.",3,전략·기획 역량,목표 설정 및 자원 배분,조직의 목표를 달성하기 위해 구체적인 계획을 수립하고 가용 자원을 효율적으로 배치하는 능력입니다.,"· 펀딩 목표 설정부터 원단 공급처 확보, 마케팅 일정 수립까지 프로젝트 전 과정을 체계적으로 기획하여 목표를 초과 달성했습니다.",정보수집·분석 역량,시장 트렌드 분석,다양한 채널을 통해 필요한 정보를 수집하고 이를 분석하여 유의미한 인사이트를 도출하는 능력입니다.,· 설문조사와 시장 조사를 통해 2030 세대의 전통 디자인 선호도를 파악하고 이를 제품 디자인에 즉각 반영했습니다.,실행력·업무처리 능력,목표 달성 집념,정해진 목표를 완수하기 위해 장애물을 극복하고 끝까지 업무를 추진하는 능력입니다.,· 예산 부족 문제를 해결하기 위해 직접 발품을 팔아 원단 공급처를 뚫고 펀딩 콘텐츠를 제작하는 등 강한 추진력을 보여주었습니다.
P0004,P0004_01,P0004_CO02_Q01_D01,P0004_CO02_Q01_D01,P0004_CO02,CJ ENM_공채,CJ ENM,콘텐츠 마케팅,커머스부문(CJ 온스타일),2025.11.10,"P0004_01,P0004_03",1,1,버전 1,본인이 생각하는 '전통의 현대화' 또는 '브랜드 리뉴얼'에 대한 견해를 본인의 경험과 연결하여 서술해 주십시오.,"제가 생각하는 브랜드 리뉴얼의 핵심은 '본질적인 가치를 유지하되, 타겟의 라이프스타일에 맞게 형식을 재정의하는 것'입니다. 저는 섬유미술패션디자인을 전공하며 전통 공예의 현대적 재해석에 깊은 관심을 가져왔습니다.

교내 창업 동아리에서 버려지는 한복 원단을 활용한 업사이클링 브랜드를 런칭할 당시, 전통 소재가 가진 올드한 이미지를 탈피하는 것이 최대 과제였습니다. 저는 2030 세대의 미니멀한 취향을 반영하기 위해 전통 노리개를 현대적인 키링과 파우치 형태로 재디자인했습니다. 단순히 디자인만 바꾼 것이 아니라, 펀딩 페이지에 제작 과정의 진정성을 담은 고감도 비주얼 콘텐츠를 배치하여 감성적인 스토리텔링을 시도했습니다. 그 결과 목표액의 310%를 달성하며 전통의 현대화가 가진 시장성을 증명했습니다.

이러한 감각은 커머스 플랫폼 인턴 시절 UI/UX 개선 프로젝트에서도 발휘되었습니다. 고객이 상품의 소재와 가치를 직관적으로 느낄 수 있도록 텍스트 중심의 정보를 아이콘과 인포그래픽으로 시각화하여 구매 전환율을 3%p 높였습니다. CJ 온스타일에서도 전통과 트렌드를 잇는 독창적인 콘텐츠 마케팅을 통해 고객에게 차별화된 브랜드 경험을 선사하겠습니다.",bachelor_graduate,홍익대학교,섬유미술패션디자인과,retail_distribution,it_software,media_entertainment,design,service_pm,marketing,교내동아리,업사이클링 브랜드 런칭 및 펀딩 310% 달성,"· 교내 창업 동아리에서 버려지는 한복 원단을 활용한 현대적 액세서리 브랜드 런칭 프로젝트를 총괄했습니다.
· 초기 시장 반응이 불투명하여 제품의 컨셉 설정과 제작 비용 확보에 큰 어려움을 겪었습니다.",· 크라우드 펀딩 목표액 300만 원 달성과 브랜드 인지도 확산을 위한 SNS 팔로워 500명 확보를 목표로 설정했습니다.,"· 먼저 타겟 고객층인 2030 세대의 선호도를 파악하기 위해 온/오프라인 설문조사를 실시했습니다.
· 이후 조사 결과를 바탕으로 전통 문양을 단순화한 미니멀 디자인의 노리개 키링과 파우치를 메인 상품으로 확정했습니다.
· 또한 제작 공정 효율화를 위해 동대문 원단 시장의 자투리 원단 공급처 3곳과 직접 계약을 체결했습니다.
· 마지막으로 펀딩 페이지에 제작 과정의 스토리를 담은 고감도 비주얼 콘텐츠를 업로드하여 감성적인 접근을 시도했습니다.","· 주관적인 감각에 의존하기보다 실제 타겟의 니즈를 데이터로 확인하여 실패 리스크를 줄이고자 했습니다.
· 한정된 예산 내에서 품질을 유지하기 위해 직접 발로 뛰는 공급망 확보가 필수적이라고 판단했습니다.","· 최종적으로 펀딩 달성률 310%를 기록하며 성공적으로 브랜드를 런칭했고, 전통의 현대화 가능성을 확인했습니다.",3,전략·기획 역량,목표 설정 및 자원 배분,조직의 목표를 달성하기 위해 구체적인 계획을 수립하고 가용 자원을 효율적으로 배치하는 능력입니다.,"· 펀딩 목표 설정부터 원단 공급처 확보, 마케팅 일정 수립까지 프로젝트 전 과정을 체계적으로 기획하여 목표를 초과 달성했습니다.",정보수집·분석 역량,시장 트렌드 분석,다양한 채널을 통해 필요한 정보를 수집하고 이를 분석하여 유의미한 인사이트를 도출하는 능력입니다.,· 설문조사와 시장 조사를 통해 2030 세대의 전통 디자인 선호도를 파악하고 이를 제품 디자인에 즉각 반영했습니다.,실행력·업무처리 능력,목표 달성 집념,정해진 목표를 완수하기 위해 장애물을 극복하고 끝까지 업무를 추진하는 능력입니다.,· 예산 부족 문제를 해결하기 위해 직접 발품을 팔아 원단 공급처를 뚫고 펀딩 콘텐츠를 제작하는 등 강한 추진력을 보여주었습니다.
P0004,P0004_03,P0004_CO02_Q01_D01,P0004_CO02_Q01_D01,P0004_CO02,CJ ENM_공채,CJ ENM,콘텐츠 마케팅,커머스부문(CJ 온스타일),2025.11.10,"P0004_01,P0004_03",1,1,버전 1,본인이 생각하는 '전통의 현대화' 또는 '브랜드 리뉴얼'에 대한 견해를 본인의 경험과 연결하여 서술해 주십시오.,"제가 생각하는 브랜드 리뉴얼의 핵심은 '본질적인 가치를 유지하되, 타겟의 라이프스타일에 맞게 형식을 재정의하는 것'입니다. 저는 섬유미술패션디자인을 전공하며 전통 공예의 현대적 재해석에 깊은 관심을 가져왔습니다.

교내 창업 동아리에서 버려지는 한복 원단을 활용한 업사이클링 브랜드를 런칭할 당시, 전통 소재가 가진 올드한 이미지를 탈피하는 것이 최대 과제였습니다. 저는 2030 세대의 미니멀한 취향을 반영하기 위해 전통 노리개를 현대적인 키링과 파우치 형태로 재디자인했습니다. 단순히 디자인만 바꾼 것이 아니라, 펀딩 페이지에 제작 과정의 진정성을 담은 고감도 비주얼 콘텐츠를 배치하여 감성적인 스토리텔링을 시도했습니다. 그 결과 목표액의 310%를 달성하며 전통의 현대화가 가진 시장성을 증명했습니다.

이러한 감각은 커머스 플랫폼 인턴 시절 UI/UX 개선 프로젝트에서도 발휘되었습니다. 고객이 상품의 소재와 가치를 직관적으로 느낄 수 있도록 텍스트 중심의 정보를 아이콘과 인포그래픽으로 시각화하여 구매 전환율을 3%p 높였습니다. CJ 온스타일에서도 전통과 트렌드를 잇는 독창적인 콘텐츠 마케팅을 통해 고객에게 차별화된 브랜드 경험을 선사하겠습니다.",bachelor_graduate,홍익대학교,섬유미술패션디자인과,retail_distribution,it_software,media_entertainment,design,service_pm,marketing,인턴,커머스 플랫폼 UI/UX 개선 제안 및 구매전환율 향상,"· 패션 커머스 스타트업의 디자인팀 인턴으로 근무하며 모바일 앱의 상세 페이지 리뉴얼 프로젝트에 참여했습니다.
· 당시 상세 페이지의 정보 가독성이 떨어져 고객들이 상품 정보를 확인하지 않고 이탈하는 비율이 높았습니다.","· 상세 페이지 내 핵심 정보(사이즈, 소재, 리뷰)의 가독성을 높여 페이지 체류 시간을 15% 증대시키는 것이 목표였습니다.","· 먼저 경쟁사 앱 10곳의 상세 페이지 레이아웃을 분석하여 베스트 프랙티스를 도출했습니다.
· 이후 구글 애널리틱스 데이터를 통해 사용자가 가장 오래 머무는 구간과 바로 이탈하는 구간을 특정했습니다.
· 또한 텍스트 위주의 정보를 인포그래픽과 아이콘으로 시각화하여 한눈에 들어오도록 디자인 가이드를 수정했습니다.
· 마지막으로 개발팀과 협업하여 모바일 환경에 최적화된 폰트 크기와 여백을 적용한 프로토타입을 제작했습니다.","· 단순한 심미적 개선보다는 데이터에 기반한 사용자 경험 개선이 실질적인 비즈니스 성과로 이어진다고 판단했습니다.
· 모바일 환경의 특성상 텍스트보다는 직관적인 시각 자료가 정보 전달에 더 효율적이라고 생각했습니다.","· 리뉴얼 적용 후 페이지 체류 시간이 평균 22% 증가했으며, 결과적으로 구매 전환율이 3%p 상승하는 성과를 거뒀습니다.",3,디지털·기술 활용 역량,데이터 기반 디자인,디지털 도구와 데이터를 활용하여 업무의 정확도를 높이고 기술적 솔루션을 적용하는 능력입니다.,"· GA 데이터를 분석하여 사용자 이탈 지점을 파악하고, 이를 디자인 수정의 근거로 활용하여 성과를 입증했습니다.",고객·서비스 지향,사용자 경험(UX) 최적화,사용자의 관점에서 불편함을 찾아내고 이를 개선하여 만족스러운 서비스 경험을 제공하는 능력입니다.,· 고객이 정보를 찾는 과정을 관찰하여 가독성을 저해하는 요소를 제거하고 편의성을 극대화한 UI를 설계했습니다.,커뮤니케이션 역량,부서 간 협업 소통,자신의 아이디어를 명확하게 전달하고 타 부서와의 원활한 협력을 통해 목표를 달성하는 능력입니다.,· 디자인 시안의 구현 가능성을 확인하기 위해 개발팀과 긴밀히 소통하며 기술적 제약 안에서 최선의 결과물을 도출했습니다.
P0004,P0004_02,P0004_CO02_Q02_D01,P0004_CO02_Q02_D01,P0004_CO02,CJ ENM_공채,CJ ENM,콘텐츠 마케팅,커머스부문(CJ 온스타일),2025.11.10,"P0004_02,P0004_01",2,1,버전 1,한정된 자원과 시간 내에서 문제를 해결하고 성과를 낸 경험에 대해 구체적으로 기술해 주십시오.,"졸업전시회 운영위원회 부위원장으로서 80명 인원의 요구사항을 조율하며 제작 비용 20% 절감과 무결점 전시라는 성과를 거둔 경험이 있습니다.

당시 한정된 예산 내에서 고품질의 도록과 굿즈를 제작해야 하는 상황이었습니다. 저는 비용 효율화를 위해 직접 발로 뛰는 전략을 택했습니다. 기존 업체에만 의존하지 않고 신규 업체 5곳을 발굴하여 견적을 비교 분석했습니다. 단체 발주의 이점을 활용해 업체와 직접 협상에 나섰고, 결과적으로 전년 대비 20%의 비용을 절감하여 학생들의 학생회비 부담을 줄일 수 있었습니다.

또한, 대규모 인원의 디자인 데이터를 관리하는 과정에서 발생할 수 있는 리스크를 줄이기 위해 '표준화된 검수 프로세스'를 구축했습니다. 실시간 공유 문서로 마감 기한을 엄격히 관리하고, 업체 미팅 시 사양을 명문화한 계약서를 작성하여 소통 오류를 원천 차단했습니다. 이러한 철저한 실행력 덕분에 단 한 건의 불량 없이 전시를 마칠 수 있었습니다. CJ ENM에서도 주어진 자원을 전략적으로 배분하고 프로세스를 최적화하여 최선의 결과를 만들어내는 마케터가 되겠습니다.",bachelor_graduate,홍익대학교,섬유미술패션디자인과,retail_distribution,it_software,media_entertainment,design,service_pm,marketing,프로젝트,졸업전시회 운영 프로세스 개선 및 비용 20% 절감,"· 80명의 학생이 참여하는 대규모 졸업전시회에서 운영위원회 부위원장을 맡아 전시 도록 및 굿즈 제작을 총괄했습니다.
· 매년 반복되는 업체와의 소통 오류와 불투명한 정산 체계로 인해 학생들의 불만이 높은 상황이었습니다.","· 제작 공정의 투명성을 확보하고, 단체 발주를 통한 제작 단가 15% 절감 및 불량률 0%를 목표로 삼았습니다.","· 먼저 과거 3개년의 업체 계약 데이터를 분석하여 단가 비교표를 작성하고 신규 업체 5곳의 견적을 추가로 받았습니다.
· 이후 실시간 공유 문서를 도입하여 각 학생의 디자인 데이터 제출 현황과 검수 단계를 투명하게 공개했습니다.
· 또한 업체 미팅 시 체크리스트를 지참하여 인쇄 사양과 마감 기한을 명문화한 계약서를 작성했습니다.
· 마지막으로 중간 샘플 확인 과정을 의무화하여 대량 생산 전 오류를 수정할 수 있는 단계를 추가했습니다.","· 정보의 비대칭성이 갈등의 원인이라고 판단하여 모든 진행 과정을 공유함으로써 신뢰를 회복하고자 했습니다.
· 구두 계약의 위험성을 방지하고 명확한 기준을 세워야만 대규모 인원의 요구사항을 통제할 수 있다고 생각했습니다.","· 단체 협상을 통해 제작 비용을 전년 대비 20% 절감했으며, 단 한 건의 인쇄 사고 없이 전시를 마쳤습니다.",3,협업·팀워크,갈등 조율 및 소통,공동의 목표를 위해 팀원들과 원활하게 소통하고 이해관계자 간의 의견 차이를 조정하는 능력입니다.,· 80명 학생들의 다양한 요구사항과 업체의 제작 여건 사이에서 합의점을 도출하여 원만한 프로젝트 진행을 이끌었습니다.,문제해결 능력,프로세스 최적화,문제의 원인을 정확히 파악하고 이를 해결하기 위한 창의적이고 효율적인 대안을 제시하는 능력입니다.,· 기존의 불투명한 운영 방식을 실시간 공유 시스템으로 전환하여 고질적인 소통 오류 문제를 근본적으로 해결했습니다.,리더십·팔로워십,상황 파악 및 역할 배분,조직의 현황을 빠르게 파악하고 구성원들에게 적절한 역할을 부여하여 시너지를 내는 능력입니다.,"· 운영위원회 인원들에게 업체 컨택, 데이터 검수, 회계 관리 등 전문성에 맞는 역할을 부여하여 업무 효율을 높였습니다."
P0004,P0004_01,P0004_CO02_Q02_D01,P0004_CO02_Q02_D01,P0004_CO02,CJ ENM_공채,CJ ENM,콘텐츠 마케팅,커머스부문(CJ 온스타일),2025.11.10,"P0004_02,P0004_01",2,1,버전 1,한정된 자원과 시간 내에서 문제를 해결하고 성과를 낸 경험에 대해 구체적으로 기술해 주십시오.,"졸업전시회 운영위원회 부위원장으로서 80명 인원의 요구사항을 조율하며 제작 비용 20% 절감과 무결점 전시라는 성과를 거둔 경험이 있습니다.

당시 한정된 예산 내에서 고품질의 도록과 굿즈를 제작해야 하는 상황이었습니다. 저는 비용 효율화를 위해 직접 발로 뛰는 전략을 택했습니다. 기존 업체에만 의존하지 않고 신규 업체 5곳을 발굴하여 견적을 비교 분석했습니다. 단체 발주의 이점을 활용해 업체와 직접 협상에 나섰고, 결과적으로 전년 대비 20%의 비용을 절감하여 학생들의 학생회비 부담을 줄일 수 있었습니다.

또한, 대규모 인원의 디자인 데이터를 관리하는 과정에서 발생할 수 있는 리스크를 줄이기 위해 '표준화된 검수 프로세스'를 구축했습니다. 실시간 공유 문서로 마감 기한을 엄격히 관리하고, 업체 미팅 시 사양을 명문화한 계약서를 작성하여 소통 오류를 원천 차단했습니다. 이러한 철저한 실행력 덕분에 단 한 건의 불량 없이 전시를 마칠 수 있었습니다. CJ ENM에서도 주어진 자원을 전략적으로 배분하고 프로세스를 최적화하여 최선의 결과를 만들어내는 마케터가 되겠습니다.",bachelor_graduate,홍익대학교,섬유미술패션디자인과,retail_distribution,it_software,media_entertainment,design,service_pm,marketing,교내동아리,업사이클링 브랜드 런칭 및 펀딩 310% 달성,"· 교내 창업 동아리에서 버려지는 한복 원단을 활용한 현대적 액세서리 브랜드 런칭 프로젝트를 총괄했습니다.
· 초기 시장 반응이 불투명하여 제품의 컨셉 설정과 제작 비용 확보에 큰 어려움을 겪었습니다.",· 크라우드 펀딩 목표액 300만 원 달성과 브랜드 인지도 확산을 위한 SNS 팔로워 500명 확보를 목표로 설정했습니다.,"· 먼저 타겟 고객층인 2030 세대의 선호도를 파악하기 위해 온/오프라인 설문조사를 실시했습니다.
· 이후 조사 결과를 바탕으로 전통 문양을 단순화한 미니멀 디자인의 노리개 키링과 파우치를 메인 상품으로 확정했습니다.
· 또한 제작 공정 효율화를 위해 동대문 원단 시장의 자투리 원단 공급처 3곳과 직접 계약을 체결했습니다.
· 마지막으로 펀딩 페이지에 제작 과정의 스토리를 담은 고감도 비주얼 콘텐츠를 업로드하여 감성적인 접근을 시도했습니다.","· 주관적인 감각에 의존하기보다 실제 타겟의 니즈를 데이터로 확인하여 실패 리스크를 줄이고자 했습니다.
· 한정된 예산 내에서 품질을 유지하기 위해 직접 발로 뛰는 공급망 확보가 필수적이라고 판단했습니다.","· 최종적으로 펀딩 달성률 310%를 기록하며 성공적으로 브랜드를 런칭했고, 전통의 현대화 가능성을 확인했습니다.",3,전략·기획 역량,목표 설정 및 자원 배분,조직의 목표를 달성하기 위해 구체적인 계획을 수립하고 가용 자원을 효율적으로 배치하는 능력입니다.,"· 펀딩 목표 설정부터 원단 공급처 확보, 마케팅 일정 수립까지 프로젝트 전 과정을 체계적으로 기획하여 목표를 초과 달성했습니다.",정보수집·분석 역량,시장 트렌드 분석,다양한 채널을 통해 필요한 정보를 수집하고 이를 분석하여 유의미한 인사이트를 도출하는 능력입니다.,· 설문조사와 시장 조사를 통해 2030 세대의 전통 디자인 선호도를 파악하고 이를 제품 디자인에 즉각 반영했습니다.,실행력·업무처리 능력,목표 달성 집념,정해진 목표를 완수하기 위해 장애물을 극복하고 끝까지 업무를 추진하는 능력입니다.,· 예산 부족 문제를 해결하기 위해 직접 발품을 팔아 원단 공급처를 뚫고 펀딩 콘텐츠를 제작하는 등 강한 추진력을 보여주었습니다.
P0004,P0004_01,P0004_CO03_Q01_D01,P0004_CO03_Q01_D01,P0004_CO03,아모레퍼시픽_신입,아모레퍼시픽,브랜드 디자인,디자인 센터,2025.11.15,"P0004_01,P0004_03",1,1,버전 1,"아모레퍼시픽의 브랜드 가치를 디자인적으로 어떻게 발전시킬 수 있을지, 본인의 프로젝트 경험을 바탕으로 제안해 주십시오.","아모레퍼시픽이 추구하는 '뉴 뷰티'는 전통의 지혜와 현대적 감각의 조화에서 완성된다고 생각합니다. 저는 홍익대학교에서 섬유미술패션디자인을 전공하며 전통 소재를 현대적 라이프스타일 아이템으로 승화시키는 역량을 쌓아왔습니다.

업사이클링 브랜드 런칭 당시, 한복 원단이라는 전통적 소재를 2030 세대의 취향에 맞게 미니멀한 노리개 키링으로 재해석하여 펀딩 310% 달성이라는 성과를 냈습니다. 이 과정에서 중요한 것은 소재의 본질은 유지하되, 시각적 언어는 철저히 현대적이어야 한다는 점이었습니다. 저는 아모레퍼시픽의 브랜드 디자인에서도 이러한 '절제된 현대미'를 적용하고 싶습니다.

인턴 시절 커머스 플랫폼의 UI/UX를 개선하며 복잡한 정보를 시각적으로 단순화하여 체류 시간을 22% 높였던 경험을 살려, 아모레퍼시픽의 브랜드 스토리 역시 고객이 직관적으로 이해할 수 있는 고감도 비주얼로 구현하겠습니다. 전통의 가치를 현대적인 디자인 문법으로 풀어내어 전 세계 고객에게 아모레퍼시픽만의 독보적인 아름다움을 전달하겠습니다.",bachelor_graduate,홍익대학교,섬유미술패션디자인과,retail_distribution,it_software,media_entertainment,design,service_pm,marketing,교내동아리,업사이클링 브랜드 런칭 및 펀딩 310% 달성,"· 교내 창업 동아리에서 버려지는 한복 원단을 활용한 현대적 액세서리 브랜드 런칭 프로젝트를 총괄했습니다.
· 초기 시장 반응이 불투명하여 제품의 컨셉 설정과 제작 비용 확보에 큰 어려움을 겪었습니다.",· 크라우드 펀딩 목표액 300만 원 달성과 브랜드 인지도 확산을 위한 SNS 팔로워 500명 확보를 목표로 설정했습니다.,"· 먼저 타겟 고객층인 2030 세대의 선호도를 파악하기 위해 온/오프라인 설문조사를 실시했습니다.
· 이후 조사 결과를 바탕으로 전통 문양을 단순화한 미니멀 디자인의 노리개 키링과 파우치를 메인 상품으로 확정했습니다.
· 또한 제작 공정 효율화를 위해 동대문 원단 시장의 자투리 원단 공급처 3곳과 직접 계약을 체결했습니다.
· 마지막으로 펀딩 페이지에 제작 과정의 스토리를 담은 고감도 비주얼 콘텐츠를 업로드하여 감성적인 접근을 시도했습니다.","· 주관적인 감각에 의존하기보다 실제 타겟의 니즈를 데이터로 확인하여 실패 리스크를 줄이고자 했습니다.
· 한정된 예산 내에서 품질을 유지하기 위해 직접 발로 뛰는 공급망 확보가 필수적이라고 판단했습니다.","· 최종적으로 펀딩 달성률 310%를 기록하며 성공적으로 브랜드를 런칭했고, 전통의 현대화 가능성을 확인했습니다.",3,전략·기획 역량,목표 설정 및 자원 배분,조직의 목표를 달성하기 위해 구체적인 계획을 수립하고 가용 자원을 효율적으로 배치하는 능력입니다.,"· 펀딩 목표 설정부터 원단 공급처 확보, 마케팅 일정 수립까지 프로젝트 전 과정을 체계적으로 기획하여 목표를 초과 달성했습니다.",정보수집·분석 역량,시장 트렌드 분석,다양한 채널을 통해 필요한 정보를 수집하고 이를 분석하여 유의미한 인사이트를 도출하는 능력입니다.,· 설문조사와 시장 조사를 통해 2030 세대의 전통 디자인 선호도를 파악하고 이를 제품 디자인에 즉각 반영했습니다.,실행력·업무처리 능력,목표 달성 집념,정해진 목표를 완수하기 위해 장애물을 극복하고 끝까지 업무를 추진하는 능력입니다.,· 예산 부족 문제를 해결하기 위해 직접 발품을 팔아 원단 공급처를 뚫고 펀딩 콘텐츠를 제작하는 등 강한 추진력을 보여주었습니다.
P0004,P0004_03,P0004_CO03_Q01_D01,P0004_CO03_Q01_D01,P0004_CO03,아모레퍼시픽_신입,아모레퍼시픽,브랜드 디자인,디자인 센터,2025.11.15,"P0004_01,P0004_03",1,1,버전 1,"아모레퍼시픽의 브랜드 가치를 디자인적으로 어떻게 발전시킬 수 있을지, 본인의 프로젝트 경험을 바탕으로 제안해 주십시오.","아모레퍼시픽이 추구하는 '뉴 뷰티'는 전통의 지혜와 현대적 감각의 조화에서 완성된다고 생각합니다. 저는 홍익대학교에서 섬유미술패션디자인을 전공하며 전통 소재를 현대적 라이프스타일 아이템으로 승화시키는 역량을 쌓아왔습니다.

업사이클링 브랜드 런칭 당시, 한복 원단이라는 전통적 소재를 2030 세대의 취향에 맞게 미니멀한 노리개 키링으로 재해석하여 펀딩 310% 달성이라는 성과를 냈습니다. 이 과정에서 중요한 것은 소재의 본질은 유지하되, 시각적 언어는 철저히 현대적이어야 한다는 점이었습니다. 저는 아모레퍼시픽의 브랜드 디자인에서도 이러한 '절제된 현대미'를 적용하고 싶습니다.

인턴 시절 커머스 플랫폼의 UI/UX를 개선하며 복잡한 정보를 시각적으로 단순화하여 체류 시간을 22% 높였던 경험을 살려, 아모레퍼시픽의 브랜드 스토리 역시 고객이 직관적으로 이해할 수 있는 고감도 비주얼로 구현하겠습니다. 전통의 가치를 현대적인 디자인 문법으로 풀어내어 전 세계 고객에게 아모레퍼시픽만의 독보적인 아름다움을 전달하겠습니다.",bachelor_graduate,홍익대학교,섬유미술패션디자인과,retail_distribution,it_software,media_entertainment,design,service_pm,marketing,인턴,커머스 플랫폼 UI/UX 개선 제안 및 구매전환율 향상,"· 패션 커머스 스타트업의 디자인팀 인턴으로 근무하며 모바일 앱의 상세 페이지 리뉴얼 프로젝트에 참여했습니다.
· 당시 상세 페이지의 정보 가독성이 떨어져 고객들이 상품 정보를 확인하지 않고 이탈하는 비율이 높았습니다.","· 상세 페이지 내 핵심 정보(사이즈, 소재, 리뷰)의 가독성을 높여 페이지 체류 시간을 15% 증대시키는 것이 목표였습니다.","· 먼저 경쟁사 앱 10곳의 상세 페이지 레이아웃을 분석하여 베스트 프랙티스를 도출했습니다.
· 이후 구글 애널리틱스 데이터를 통해 사용자가 가장 오래 머무는 구간과 바로 이탈하는 구간을 특정했습니다.
· 또한 텍스트 위주의 정보를 인포그래픽과 아이콘으로 시각화하여 한눈에 들어오도록 디자인 가이드를 수정했습니다.
· 마지막으로 개발팀과 협업하여 모바일 환경에 최적화된 폰트 크기와 여백을 적용한 프로토타입을 제작했습니다.","· 단순한 심미적 개선보다는 데이터에 기반한 사용자 경험 개선이 실질적인 비즈니스 성과로 이어진다고 판단했습니다.
· 모바일 환경의 특성상 텍스트보다는 직관적인 시각 자료가 정보 전달에 더 효율적이라고 생각했습니다.","· 리뉴얼 적용 후 페이지 체류 시간이 평균 22% 증가했으며, 결과적으로 구매 전환율이 3%p 상승하는 성과를 거뒀습니다.",3,디지털·기술 활용 역량,데이터 기반 디자인,디지털 도구와 데이터를 활용하여 업무의 정확도를 높이고 기술적 솔루션을 적용하는 능력입니다.,"· GA 데이터를 분석하여 사용자 이탈 지점을 파악하고, 이를 디자인 수정의 근거로 활용하여 성과를 입증했습니다.",고객·서비스 지향,사용자 경험(UX) 최적화,사용자의 관점에서 불편함을 찾아내고 이를 개선하여 만족스러운 서비스 경험을 제공하는 능력입니다.,· 고객이 정보를 찾는 과정을 관찰하여 가독성을 저해하는 요소를 제거하고 편의성을 극대화한 UI를 설계했습니다.,커뮤니케이션 역량,부서 간 협업 소통,자신의 아이디어를 명확하게 전달하고 타 부서와의 원활한 협력을 통해 목표를 달성하는 능력입니다.,· 디자인 시안의 구현 가능성을 확인하기 위해 개발팀과 긴밀히 소통하며 기술적 제약 안에서 최선의 결과물을 도출했습니다.
P0004,P0004_02,P0004_CO03_Q02_D01,P0004_CO03_Q02_D01,P0004_CO03,아모레퍼시픽_신입,아모레퍼시픽,브랜드 디자인,디자인 센터,2025.11.15,"P0004_02,P0004_01",2,1,버전 1,본인이 팀 내에서 주도적으로 변화를 이끌어내어 효율성을 높였던 사례를 기술해 주십시오.,"졸업전시회 운영위원회 부위원장으로서 관행적으로 이어져 오던 불투명한 제작 프로세스를 혁신하여 운영 효율을 획기적으로 개선한 경험이 있습니다.

매년 반복되는 인쇄 사고와 업체와의 소통 부재를 해결하기 위해, 저는 '데이터 기반의 투명한 관리 시스템'을 도입했습니다. 과거 3개년의 발주 데이터를 분석하여 적정 단가를 산출하고, 이를 바탕으로 신규 업체들과의 협상을 주도해 제작 비용을 20% 절감했습니다. 또한, 80명 참가자 개개인의 작업 진행 상황을 실시간으로 추적할 수 있는 공유 시스템을 구축하여 마감 기한 준수율을 높였습니다.

특히 디자인 검수 과정에서 발생할 수 있는 주관적 판단의 오류를 줄이기 위해, 업체와 합의된 체크리스트를 제작하고 중간 샘플 확인 단계를 필수 공정으로 삽입했습니다. 이러한 체계적인 변화는 팀원들 간의 신뢰를 회복시켰을 뿐만 아니라, 결과적으로 단 한 건의 사고 없는 완벽한 전시 운영으로 이어졌습니다. 아모레퍼시픽 디자인 센터에서도 창의적인 아이디어를 실현하기 위한 체계적인 프로세스를 구축하고, 동료들과 긴밀히 협업하여 최상의 디자인 퀄리티를 유지하는 데 기여하겠습니다.",bachelor_graduate,홍익대학교,섬유미술패션디자인과,retail_distribution,it_software,media_entertainment,design,service_pm,marketing,프로젝트,졸업전시회 운영 프로세스 개선 및 비용 20% 절감,"· 80명의 학생이 참여하는 대규모 졸업전시회에서 운영위원회 부위원장을 맡아 전시 도록 및 굿즈 제작을 총괄했습니다.
· 매년 반복되는 업체와의 소통 오류와 불투명한 정산 체계로 인해 학생들의 불만이 높은 상황이었습니다.","· 제작 공정의 투명성을 확보하고, 단체 발주를 통한 제작 단가 15% 절감 및 불량률 0%를 목표로 삼았습니다.","· 먼저 과거 3개년의 업체 계약 데이터를 분석하여 단가 비교표를 작성하고 신규 업체 5곳의 견적을 추가로 받았습니다.
· 이후 실시간 공유 문서를 도입하여 각 학생의 디자인 데이터 제출 현황과 검수 단계를 투명하게 공개했습니다.
· 또한 업체 미팅 시 체크리스트를 지참하여 인쇄 사양과 마감 기한을 명문화한 계약서를 작성했습니다.
· 마지막으로 중간 샘플 확인 과정을 의무화하여 대량 생산 전 오류를 수정할 수 있는 단계를 추가했습니다.","· 정보의 비대칭성이 갈등의 원인이라고 판단하여 모든 진행 과정을 공유함으로써 신뢰를 회복하고자 했습니다.
· 구두 계약의 위험성을 방지하고 명확한 기준을 세워야만 대규모 인원의 요구사항을 통제할 수 있다고 생각했습니다.","· 단체 협상을 통해 제작 비용을 전년 대비 20% 절감했으며, 단 한 건의 인쇄 사고 없이 전시를 마쳤습니다.",3,협업·팀워크,갈등 조율 및 소통,공동의 목표를 위해 팀원들과 원활하게 소통하고 이해관계자 간의 의견 차이를 조정하는 능력입니다.,· 80명 학생들의 다양한 요구사항과 업체의 제작 여건 사이에서 합의점을 도출하여 원만한 프로젝트 진행을 이끌었습니다.,문제해결 능력,프로세스 최적화,문제의 원인을 정확히 파악하고 이를 해결하기 위한 창의적이고 효율적인 대안을 제시하는 능력입니다.,· 기존의 불투명한 운영 방식을 실시간 공유 시스템으로 전환하여 고질적인 소통 오류 문제를 근본적으로 해결했습니다.,리더십·팔로워십,상황 파악 및 역할 배분,조직의 현황을 빠르게 파악하고 구성원들에게 적절한 역할을 부여하여 시너지를 내는 능력입니다.,"· 운영위원회 인원들에게 업체 컨택, 데이터 검수, 회계 관리 등 전문성에 맞는 역할을 부여하여 업무 효율을 높였습니다."
P0004,P0004_01,P0004_CO03_Q02_D01,P0004_CO03_Q02_D01,P0004_CO03,아모레퍼시픽_신입,아모레퍼시픽,브랜드 디자인,디자인 센터,2025.11.15,"P0004_02,P0004_01",2,1,버전 1,본인이 팀 내에서 주도적으로 변화를 이끌어내어 효율성을 높였던 사례를 기술해 주십시오.,"졸업전시회 운영위원회 부위원장으로서 관행적으로 이어져 오던 불투명한 제작 프로세스를 혁신하여 운영 효율을 획기적으로 개선한 경험이 있습니다.

매년 반복되는 인쇄 사고와 업체와의 소통 부재를 해결하기 위해, 저는 '데이터 기반의 투명한 관리 시스템'을 도입했습니다. 과거 3개년의 발주 데이터를 분석하여 적정 단가를 산출하고, 이를 바탕으로 신규 업체들과의 협상을 주도해 제작 비용을 20% 절감했습니다. 또한, 80명 참가자 개개인의 작업 진행 상황을 실시간으로 추적할 수 있는 공유 시스템을 구축하여 마감 기한 준수율을 높였습니다.

특히 디자인 검수 과정에서 발생할 수 있는 주관적 판단의 오류를 줄이기 위해, 업체와 합의된 체크리스트를 제작하고 중간 샘플 확인 단계를 필수 공정으로 삽입했습니다. 이러한 체계적인 변화는 팀원들 간의 신뢰를 회복시켰을 뿐만 아니라, 결과적으로 단 한 건의 사고 없는 완벽한 전시 운영으로 이어졌습니다. 아모레퍼시픽 디자인 센터에서도 창의적인 아이디어를 실현하기 위한 체계적인 프로세스를 구축하고, 동료들과 긴밀히 협업하여 최상의 디자인 퀄리티를 유지하는 데 기여하겠습니다.",bachelor_graduate,홍익대학교,섬유미술패션디자인과,retail_distribution,it_software,media_entertainment,design,service_pm,marketing,교내동아리,업사이클링 브랜드 런칭 및 펀딩 310% 달성,"· 교내 창업 동아리에서 버려지는 한복 원단을 활용한 현대적 액세서리 브랜드 런칭 프로젝트를 총괄했습니다.
· 초기 시장 반응이 불투명하여 제품의 컨셉 설정과 제작 비용 확보에 큰 어려움을 겪었습니다.",· 크라우드 펀딩 목표액 300만 원 달성과 브랜드 인지도 확산을 위한 SNS 팔로워 500명 확보를 목표로 설정했습니다.,"· 먼저 타겟 고객층인 2030 세대의 선호도를 파악하기 위해 온/오프라인 설문조사를 실시했습니다.
· 이후 조사 결과를 바탕으로 전통 문양을 단순화한 미니멀 디자인의 노리개 키링과 파우치를 메인 상품으로 확정했습니다.
· 또한 제작 공정 효율화를 위해 동대문 원단 시장의 자투리 원단 공급처 3곳과 직접 계약을 체결했습니다.
· 마지막으로 펀딩 페이지에 제작 과정의 스토리를 담은 고감도 비주얼 콘텐츠를 업로드하여 감성적인 접근을 시도했습니다.","· 주관적인 감각에 의존하기보다 실제 타겟의 니즈를 데이터로 확인하여 실패 리스크를 줄이고자 했습니다.
· 한정된 예산 내에서 품질을 유지하기 위해 직접 발로 뛰는 공급망 확보가 필수적이라고 판단했습니다.","· 최종적으로 펀딩 달성률 310%를 기록하며 성공적으로 브랜드를 런칭했고, 전통의 현대화 가능성을 확인했습니다.",3,전략·기획 역량,목표 설정 및 자원 배분,조직의 목표를 달성하기 위해 구체적인 계획을 수립하고 가용 자원을 효율적으로 배치하는 능력입니다.,"· 펀딩 목표 설정부터 원단 공급처 확보, 마케팅 일정 수립까지 프로젝트 전 과정을 체계적으로 기획하여 목표를 초과 달성했습니다.",정보수집·분석 역량,시장 트렌드 분석,다양한 채널을 통해 필요한 정보를 수집하고 이를 분석하여 유의미한 인사이트를 도출하는 능력입니다.,· 설문조사와 시장 조사를 통해 2030 세대의 전통 디자인 선호도를 파악하고 이를 제품 디자인에 즉각 반영했습니다.,실행력·업무처리 능력,목표 달성 집념,정해진 목표를 완수하기 위해 장애물을 극복하고 끝까지 업무를 추진하는 능력입니다.,· 예산 부족 문제를 해결하기 위해 직접 발품을 팔아 원단 공급처를 뚫고 펀딩 콘텐츠를 제작하는 등 강한 추진력을 보여주었습니다.
P0006,P0006_01,P0006_CO01_Q01_D01,P0006_CO01_Q01_D01,P0006_CO01,현대자동차_하반기,현대자동차,생산기술,차량생산기술팀,2025.9.15,"P0006_01,P0006_02",1,1,버전 1,"본인이 지원한 직무와 관련된 본인만의 차별화된 역량은 무엇이며, 이를 통해 회사에 기여할 수 있는 바를 기술해 주십시오.","[데이터 기반의 트러블슈팅으로 가동률을 극대화하는 생산기술자]

생산기술 직무의 핵심은 현장의 변수를 제어하여 공정의 안정성을 확보하는 것입니다. 저는 자작 자동차 설계와 인턴십을 통해 '데이터 기반의 문제 해결 역량'과 '현장 최적화 능력'을 길러왔습니다.

첫째, 자작 전기차 동아리 활동 당시 모터 과열로 인한 시스템 셧다운 문제를 해결했습니다. 이론적 수치에만 의존하지 않고, 주행 속도별 공기 흐름 시뮬레이션과 3D 프린팅 시제품을 활용한 실차 테스트를 반복했습니다. 수집된 온도 변화 데이터를 분석하여 공기 흡입 면적을 25% 확장하고 내부 가이드를 추가하는 설계를 확정했습니다. 그 결과, 고속 주행 중에도 모터 온도를 55도 안정권으로 유지하며 내구 레이스를 완주할 수 있었습니다.

둘째, 자동차 부품 공장 인턴 시절, 경험에 의존하던 설비 보전 방식을 데이터 중심 체계로 전환했습니다. 500여 건의 수기 정비 일지를 디지털화하고 고장 원인별 카테고리를 분류했습니다. 여기에 숙련공들의 노하우를 결합한 '1페이지 체크리스트'를 제작하여 현장에 배포했습니다. 이를 통해 돌발 정지 시간을 전년 대비 15% 감소시키는 성과를 거두었습니다.

현대자동차의 생산 라인은 수만 개의 부품이 정교하게 맞물려 돌아가는 곳입니다. 저의 이러한 데이터 분석력과 현장 소통 능력을 바탕으로, 예방 정비 체계를 고도화하고 공정 트러블을 신속히 해결하여 글로벌 최고 수준의 생산 효율을 달성하는 데 기여하겠습니다.",bachelor_graduate,아주대학교,기계공학,automotive,manufacturing,energy,manufacturing,quality,procurement,교내동아리,자작 전기차 모터 과열 방지를 위한 냉각 시스템 설계,· 대학 자작 자동차 동아리에서 전국 대회 출전을 준비하며 전기차 부문의 구동 시스템 설계를 담당했습니다. · 시운전 과정에서 고부하 주행 시 모터와 컨트롤러의 온도가 급격히 상승하여 시스템이 셧다운되는 기술적 난관에 봉착했습니다.,· 주행 중 모터 온도를 60도 이하로 유지할 수 있는 최적의 공랭식 냉각 덕트 구조를 설계하고 제작하는 것을 목표로 삼았습니다.,· 먼저 주행 속도별 공기 흐름을 시뮬레이션하여 열이 정체되는 구간을 파악했습니다. · 이후 3D 프린팅을 활용해 다양한 각도의 덕트 시제품을 제작하고 실차 테스트를 반복하며 온도 변화 데이터를 수집했습니다. · 또한 수집된 데이터를 바탕으로 공기 흡입 면적을 기존 대비 25% 확장하고 내부 가이드를 추가하는 최종 설계를 확정했습니다. · 마지막으로 경량화를 위해 탄소섬유 강화 플라스틱 소재를 적용하여 차량에 장착했습니다.,· 이론적인 수치만으로는 실제 주행 환경의 변수를 모두 통제할 수 없다고 판단하여 데이터 기반의 반복 테스트 방식을 선택했습니다. · 효율적인 냉각뿐만 아니라 차량 전체의 무게 밸런스를 고려해야 했기에 경량 소재 적용을 병행했습니다.,"· 본 대회에서 20분 이상의 고속 주행에도 모터 온도를 55도 안정권으로 유지하며 내구 레이스를 완주했고, 장려상을 수상했습니다.",3,문제해결 능력,기술적 트러블슈팅,발생한 문제의 근본 원인을 분석하고 가용 자원을 활용하여 최적의 해결책을 도출하는 능력입니다.,· 모터 과열이라는 치명적인 결함을 해결하기 위해 시뮬레이션과 실측 데이터를 결합하여 구조적 개선안을 도출했습니다.,정보수집·분석 역량,데이터 기반 분석력,다양한 소스에서 필요한 정보를 수집하고 이를 논리적으로 분석하여 유의미한 결론을 도출하는 역량입니다.,· 시운전 중 발생하는 온도 변화를 정량적으로 기록하고 분석하여 냉각 효율이 가장 높은 설계 지점을 정확히 찾아냈습니다.,실행력·업무처리 능력,목표 달성 집념,설정한 목표를 완수하기 위해 필요한 행동을 즉각적으로 취하고 끝까지 책임지는 능력입니다.,· 대회 직전까지 수차례의 시제품 제작과 테스트를 반복하며 기술적 완성도를 높이기 위해 끝까지 몰입했습니다.
P0006,P0006_02,P0006_CO01_Q01_D01,P0006_CO01_Q01_D01,P0006_CO01,현대자동차_하반기,현대자동차,생산기술,차량생산기술팀,2025.9.15,"P0006_01,P0006_02",1,1,버전 1,"본인이 지원한 직무와 관련된 본인만의 차별화된 역량은 무엇이며, 이를 통해 회사에 기여할 수 있는 바를 기술해 주십시오.","[데이터 기반의 트러블슈팅으로 가동률을 극대화하는 생산기술자]

생산기술 직무의 핵심은 현장의 변수를 제어하여 공정의 안정성을 확보하는 것입니다. 저는 자작 자동차 설계와 인턴십을 통해 '데이터 기반의 문제 해결 역량'과 '현장 최적화 능력'을 길러왔습니다.

첫째, 자작 전기차 동아리 활동 당시 모터 과열로 인한 시스템 셧다운 문제를 해결했습니다. 이론적 수치에만 의존하지 않고, 주행 속도별 공기 흐름 시뮬레이션과 3D 프린팅 시제품을 활용한 실차 테스트를 반복했습니다. 수집된 온도 변화 데이터를 분석하여 공기 흡입 면적을 25% 확장하고 내부 가이드를 추가하는 설계를 확정했습니다. 그 결과, 고속 주행 중에도 모터 온도를 55도 안정권으로 유지하며 내구 레이스를 완주할 수 있었습니다.

둘째, 자동차 부품 공장 인턴 시절, 경험에 의존하던 설비 보전 방식을 데이터 중심 체계로 전환했습니다. 500여 건의 수기 정비 일지를 디지털화하고 고장 원인별 카테고리를 분류했습니다. 여기에 숙련공들의 노하우를 결합한 '1페이지 체크리스트'를 제작하여 현장에 배포했습니다. 이를 통해 돌발 정지 시간을 전년 대비 15% 감소시키는 성과를 거두었습니다.

현대자동차의 생산 라인은 수만 개의 부품이 정교하게 맞물려 돌아가는 곳입니다. 저의 이러한 데이터 분석력과 현장 소통 능력을 바탕으로, 예방 정비 체계를 고도화하고 공정 트러블을 신속히 해결하여 글로벌 최고 수준의 생산 효율을 달성하는 데 기여하겠습니다.",bachelor_graduate,아주대학교,기계공학,automotive,manufacturing,energy,manufacturing,quality,procurement,인턴,자동차 부품 공장 설비 고장 이력 데이터화 및 예방 정비 가이드 수립,· 자동차 조향장치 생산 라인에서 3개월간 인턴으로 근무하며 설비 보전 업무를 보조했습니다. · 당시 현장에서는 설비 고장 발생 시 담당자의 경험에 의존해 수리하다 보니 동일한 고장이 반복되고 수리 시간이 길어지는 문제가 있었습니다.,"· 최근 2년간의 설비 사고 이력을 체계적으로 정리하고, 주요 고장 원인별 표준 대응 매뉴얼을 제작하는 과제를 수행했습니다.",· 먼저 수기로 작성된 과거 정비 일지 500여 건을 엑셀 데이터로 변환하고 고장 부위와 원인별로 카테고리화했습니다. · 이후 현장 숙련공들과의 인터뷰를 통해 텍스트로 표현되지 않은 노하우를 수집하여 매뉴얼에 반영했습니다. · 또한 자주 발생하는 고장 5종에 대해 사진과 도해를 포함한 '1페이지 체크리스트'를 제작하여 설비 옆에 부착했습니다.,"· 파편화된 정보를 구조화해야만 고장의 패턴을 읽을 수 있고, 시각화된 자료가 있어야 현장 작업자들이 즉각적으로 활용할 수 있다고 판단했습니다.",· 인턴 종료 시점에 해당 라인의 돌발 정지 시간이 전년 동기 대비 15% 감소하는 성과를 거두었습니다.,3,전략·기획 역량,프로세스 체계화,업무의 효율성을 높이기 위해 목표를 설정하고 일관된 체계나 절차를 수립하는 역량입니다.,· 경험 중심의 정비 문화를 데이터 중심의 예방 정비 체계로 전환하기 위해 정보 구조화와 매뉴얼화 기획을 주도했습니다.,커뮤니케이션 역량,현장 소통 능력,다양한 이해관계자와 원활하게 정보를 교환하고 협력을 이끌어내는 능력입니다.,· 현장 작업자들의 암묵지를 형식지로 변환하기 위해 적극적인 인터뷰와 관찰을 수행하며 실효성 있는 정보를 확보했습니다.,디지털·기술 활용 역량,데이터 구조화 역량,"디지털 도구를 활용하여 데이터를 수집, 가공하고 업무 효율화에 적용하는 능력입니다.",· 아날로그 형태의 방대한 정비 기록을 디지털 데이터로 전환하고 통계적 접근이 가능하도록 분류 체계를 설계했습니다.
P0006,P0006_03,P0006_CO01_Q02_D01,P0006_CO01_Q02_D01,P0006_CO01,현대자동차_하반기,현대자동차,생산기술,차량생산기술팀,2025.9.15,"P0006_03,P0006_02",2,1,버전 1,기존의 방식에서 벗어나 새로운 시각으로 문제를 해결했던 경험과 그 과정에서 얻은 교훈을 기술해 주십시오.,"[현실적 대안으로 스마트 팩토리의 문턱을 낮추다]

제조 현장의 혁신은 거창한 설비 교체가 아니라, 현장의 제약 조건을 이해하는 것에서 시작된다는 것을 배웠습니다. 제조 혁신 아이디어 경진대회 당시, 중소 부품 제조사의 생산성 저하 문제를 해결하기 위해 '저비용 고효율 스마트 솔루션'을 제안했습니다.

당시 대상 공정은 가공 단계의 병목 현상으로 인해 불량률이 높았으나, 기업의 예산 문제로 대규모 자동화 설비 도입이 불가능한 상황이었습니다. 저는 막대한 비용이 드는 교체 대신, 기존 설비에 ICT 기술을 접목하는 방식을 택했습니다. 저가형 센서와 오픈소스 하드웨어를 활용한 실시간 공정 모니터링 시스템을 설계하고, 머신러닝 기반의 불량 판정 알고리즘을 제안했습니다. 특히 사이클 타임을 정밀하게 측정하여 대기 시간을 줄일 수 있는 구체적인 시뮬레이션 데이터를 제시했습니다.

이 제안은 기술적 실현 가능성과 경제성 측면에서 높은 평가를 받아 우수상을 수상했습니다. 이 과정에서 기술은 현장의 상황과 조화를 이룰 때 비로소 가치를 발휘한다는 점을 깨달았습니다. 현대자동차에서도 현장의 목소리에 귀 기울이며, 최신 기술을 가장 효율적으로 적용할 수 있는 유연한 사고를 갖춘 엔지니어가 되겠습니다.",bachelor_graduate,아주대학교,기계공학,automotive,manufacturing,energy,manufacturing,quality,procurement,공모전,스마트 팩토리 도입을 위한 공정 최적화 아이디어 제안,· 지역 대학 연합으로 개최된 '제조 혁신 아이디어 경진대회'에 참가했습니다. · 중소 규모 부품 제조사의 생산성 저하 문제를 해결하기 위한 스마트 솔루션을 제안해야 했습니다.,· 특정 공정의 병목 현상을 해결하고 불량률을 3% 이하로 낮출 수 있는 현실적인 자동화 방안을 기획했습니다.,· 먼저 대상 공정의 사이클 타임을 측정하여 가공 단계에서의 대기 시간이 가장 길다는 점을 발견했습니다. · 이후 저가형 센서와 오픈소스 하드웨어를 활용한 실시간 공정 모니터링 시스템 구축안을 설계했습니다. · 또한 머신러닝 기반의 불량 판정 알고리즘 도입 시 기대 효과를 수치적으로 시뮬레이션하여 보고서에 포함했습니다.,· 막대한 비용이 드는 대규모 설비 교체보다는 기존 설비에 ICT 기술을 접목하는 방식이 중소기업에 더 현실적인 대안이라고 판단했습니다.,· 기술적 실현 가능성과 경제성 부문에서 높은 점수를 받아 총 20개 팀 중 2위(우수상)를 차지했습니다.,3,창의·혁신 역량,혁신적 대안 제시,기존의 방식에서 벗어나 새로운 관점에서 문제를 바라보고 창의적인 해결책을 찾아내는 능력입니다.,· 고가의 장비 도입 대신 저비용 센서와 데이터 분석을 결합한 효율적인 공정 개선안을 창의적으로 고안했습니다.,학습·성장 역량,자기주도적 기술 습득,새로운 지식이나 기술을 스스로 학습하여 업무에 적용하고 지속적으로 성장하는 능력입니다.,· 비전공 분야였던 머신러닝 알고리즘과 센서 제어 기술을 단기간에 학습하여 프로젝트의 기술적 완성도를 높였습니다.,협업·팀워크,팀 시너지 창출,공동의 목표를 위해 팀원들과 역할을 분담하고 협력하여 최상의 결과를 만들어내는 능력입니다.,· 기계 설계와 IT 기술이 융합된 프로젝트에서 각 팀원의 전공 지식을 조율하며 하나의 통합된 솔루션을 완성했습니다.
P0006,P0006_02,P0006_CO01_Q02_D01,P0006_CO01_Q02_D01,P0006_CO01,현대자동차_하반기,현대자동차,생산기술,차량생산기술팀,2025.9.15,"P0006_03,P0006_02",2,1,버전 1,기존의 방식에서 벗어나 새로운 시각으로 문제를 해결했던 경험과 그 과정에서 얻은 교훈을 기술해 주십시오.,"[현실적 대안으로 스마트 팩토리의 문턱을 낮추다]

제조 현장의 혁신은 거창한 설비 교체가 아니라, 현장의 제약 조건을 이해하는 것에서 시작된다는 것을 배웠습니다. 제조 혁신 아이디어 경진대회 당시, 중소 부품 제조사의 생산성 저하 문제를 해결하기 위해 '저비용 고효율 스마트 솔루션'을 제안했습니다.

당시 대상 공정은 가공 단계의 병목 현상으로 인해 불량률이 높았으나, 기업의 예산 문제로 대규모 자동화 설비 도입이 불가능한 상황이었습니다. 저는 막대한 비용이 드는 교체 대신, 기존 설비에 ICT 기술을 접목하는 방식을 택했습니다. 저가형 센서와 오픈소스 하드웨어를 활용한 실시간 공정 모니터링 시스템을 설계하고, 머신러닝 기반의 불량 판정 알고리즘을 제안했습니다. 특히 사이클 타임을 정밀하게 측정하여 대기 시간을 줄일 수 있는 구체적인 시뮬레이션 데이터를 제시했습니다.

이 제안은 기술적 실현 가능성과 경제성 측면에서 높은 평가를 받아 우수상을 수상했습니다. 이 과정에서 기술은 현장의 상황과 조화를 이룰 때 비로소 가치를 발휘한다는 점을 깨달았습니다. 현대자동차에서도 현장의 목소리에 귀 기울이며, 최신 기술을 가장 효율적으로 적용할 수 있는 유연한 사고를 갖춘 엔지니어가 되겠습니다.",bachelor_graduate,아주대학교,기계공학,automotive,manufacturing,energy,manufacturing,quality,procurement,인턴,자동차 부품 공장 설비 고장 이력 데이터화 및 예방 정비 가이드 수립,· 자동차 조향장치 생산 라인에서 3개월간 인턴으로 근무하며 설비 보전 업무를 보조했습니다. · 당시 현장에서는 설비 고장 발생 시 담당자의 경험에 의존해 수리하다 보니 동일한 고장이 반복되고 수리 시간이 길어지는 문제가 있었습니다.,"· 최근 2년간의 설비 사고 이력을 체계적으로 정리하고, 주요 고장 원인별 표준 대응 매뉴얼을 제작하는 과제를 수행했습니다.",· 먼저 수기로 작성된 과거 정비 일지 500여 건을 엑셀 데이터로 변환하고 고장 부위와 원인별로 카테고리화했습니다. · 이후 현장 숙련공들과의 인터뷰를 통해 텍스트로 표현되지 않은 노하우를 수집하여 매뉴얼에 반영했습니다. · 또한 자주 발생하는 고장 5종에 대해 사진과 도해를 포함한 '1페이지 체크리스트'를 제작하여 설비 옆에 부착했습니다.,"· 파편화된 정보를 구조화해야만 고장의 패턴을 읽을 수 있고, 시각화된 자료가 있어야 현장 작업자들이 즉각적으로 활용할 수 있다고 판단했습니다.",· 인턴 종료 시점에 해당 라인의 돌발 정지 시간이 전년 동기 대비 15% 감소하는 성과를 거두었습니다.,3,전략·기획 역량,프로세스 체계화,업무의 효율성을 높이기 위해 목표를 설정하고 일관된 체계나 절차를 수립하는 역량입니다.,· 경험 중심의 정비 문화를 데이터 중심의 예방 정비 체계로 전환하기 위해 정보 구조화와 매뉴얼화 기획을 주도했습니다.,커뮤니케이션 역량,현장 소통 능력,다양한 이해관계자와 원활하게 정보를 교환하고 협력을 이끌어내는 능력입니다.,· 현장 작업자들의 암묵지를 형식지로 변환하기 위해 적극적인 인터뷰와 관찰을 수행하며 실효성 있는 정보를 확보했습니다.,디지털·기술 활용 역량,데이터 구조화 역량,"디지털 도구를 활용하여 데이터를 수집, 가공하고 업무 효율화에 적용하는 능력입니다.",· 아날로그 형태의 방대한 정비 기록을 디지털 데이터로 전환하고 통계적 접근이 가능하도록 분류 체계를 설계했습니다.
P0006,P0006_01,P0006_CO02_Q01_D01,P0006_CO02_Q01_D01,P0006_CO02,LG에너지솔루션_공채,LG에너지솔루션,품질관리,품질보증팀,2025.10.10,"P0006_01,P0006_02",1,1,버전 1,"품질 관리 직무를 수행함에 있어 가장 중요한 역량은 무엇이라고 생각하며, 본인이 그 역량을 갖추기 위해 노력한 과정을 기술해 주십시오.","[0.1도의 오차도 허용하지 않는 철저한 검증 정신]

배터리 품질 관리에서 가장 중요한 역량은 '데이터에 기반한 철저한 검증 능력'입니다. 저는 자작 전기차 제작 과정에서 냉각 시스템의 신뢰성을 확보하기 위해 수십 차례의 반복 테스트를 수행하며 이 역량을 길렀습니다.

전기차 부문의 구동 시스템 설계를 담당했을 때, 고부하 주행 시 발생하는 모터 과열 문제를 해결해야 했습니다. 단순히 덕트의 크기를 키우는 것에 그치지 않고, 3D 프린팅으로 제작한 다양한 각도의 시제품을 실차에 장착하여 주행 중 온도 데이터를 수집했습니다. 수집된 데이터를 분석하여 열 정체 구간을 정확히 파악했고, 최종적으로 공기 흡입 면적을 25% 확장하는 최적의 설계를 도출했습니다. 이러한 집요한 검증 과정 덕분에 본 대회에서 20분 이상의 내구 레이스를 완벽하게 완주할 수 있었습니다.

또한, 자동차 부품 공장 인턴 시절에는 500여 건의 과거 고장 이력을 데이터화하며 품질 저하의 원인을 구조적으로 분석하는 훈련을 했습니다. 현장 작업자들과 소통하며 수집한 암묵지를 매뉴얼화하여 돌발 정지 시간을 15% 단축했습니다. LG에너지솔루션에서도 이러한 데이터 기반의 분석력과 꼼꼼함을 바탕으로, 고객에게 무결점의 배터리를 공급하는 품질 파수꾼이 되겠습니다.",bachelor_graduate,아주대학교,기계공학,automotive,manufacturing,energy,manufacturing,quality,procurement,교내동아리,자작 전기차 모터 과열 방지를 위한 냉각 시스템 설계,· 대학 자작 자동차 동아리에서 전국 대회 출전을 준비하며 전기차 부문의 구동 시스템 설계를 담당했습니다. · 시운전 과정에서 고부하 주행 시 모터와 컨트롤러의 온도가 급격히 상승하여 시스템이 셧다운되는 기술적 난관에 봉착했습니다.,· 주행 중 모터 온도를 60도 이하로 유지할 수 있는 최적의 공랭식 냉각 덕트 구조를 설계하고 제작하는 것을 목표로 삼았습니다.,· 먼저 주행 속도별 공기 흐름을 시뮬레이션하여 열이 정체되는 구간을 파악했습니다. · 이후 3D 프린팅을 활용해 다양한 각도의 덕트 시제품을 제작하고 실차 테스트를 반복하며 온도 변화 데이터를 수집했습니다. · 또한 수집된 데이터를 바탕으로 공기 흡입 면적을 기존 대비 25% 확장하고 내부 가이드를 추가하는 최종 설계를 확정했습니다. · 마지막으로 경량화를 위해 탄소섬유 강화 플라스틱 소재를 적용하여 차량에 장착했습니다.,· 이론적인 수치만으로는 실제 주행 환경의 변수를 모두 통제할 수 없다고 판단하여 데이터 기반의 반복 테스트 방식을 선택했습니다. · 효율적인 냉각뿐만 아니라 차량 전체의 무게 밸런스를 고려해야 했기에 경량 소재 적용을 병행했습니다.,"· 본 대회에서 20분 이상의 고속 주행에도 모터 온도를 55도 안정권으로 유지하며 내구 레이스를 완주했고, 장려상을 수상했습니다.",3,문제해결 능력,기술적 트러블슈팅,발생한 문제의 근본 원인을 분석하고 가용 자원을 활용하여 최적의 해결책을 도출하는 능력입니다.,· 모터 과열이라는 치명적인 결함을 해결하기 위해 시뮬레이션과 실측 데이터를 결합하여 구조적 개선안을 도출했습니다.,정보수집·분석 역량,데이터 기반 분석력,다양한 소스에서 필요한 정보를 수집하고 이를 논리적으로 분석하여 유의미한 결론을 도출하는 역량입니다.,· 시운전 중 발생하는 온도 변화를 정량적으로 기록하고 분석하여 냉각 효율이 가장 높은 설계 지점을 정확히 찾아냈습니다.,실행력·업무처리 능력,목표 달성 집념,설정한 목표를 완수하기 위해 필요한 행동을 즉각적으로 취하고 끝까지 책임지는 능력입니다.,· 대회 직전까지 수차례의 시제품 제작과 테스트를 반복하며 기술적 완성도를 높이기 위해 끝까지 몰입했습니다.
P0006,P0006_02,P0006_CO02_Q01_D01,P0006_CO02_Q01_D01,P0006_CO02,LG에너지솔루션_공채,LG에너지솔루션,품질관리,품질보증팀,2025.10.10,"P0006_01,P0006_02",1,1,버전 1,"품질 관리 직무를 수행함에 있어 가장 중요한 역량은 무엇이라고 생각하며, 본인이 그 역량을 갖추기 위해 노력한 과정을 기술해 주십시오.","[0.1도의 오차도 허용하지 않는 철저한 검증 정신]

배터리 품질 관리에서 가장 중요한 역량은 '데이터에 기반한 철저한 검증 능력'입니다. 저는 자작 전기차 제작 과정에서 냉각 시스템의 신뢰성을 확보하기 위해 수십 차례의 반복 테스트를 수행하며 이 역량을 길렀습니다.

전기차 부문의 구동 시스템 설계를 담당했을 때, 고부하 주행 시 발생하는 모터 과열 문제를 해결해야 했습니다. 단순히 덕트의 크기를 키우는 것에 그치지 않고, 3D 프린팅으로 제작한 다양한 각도의 시제품을 실차에 장착하여 주행 중 온도 데이터를 수집했습니다. 수집된 데이터를 분석하여 열 정체 구간을 정확히 파악했고, 최종적으로 공기 흡입 면적을 25% 확장하는 최적의 설계를 도출했습니다. 이러한 집요한 검증 과정 덕분에 본 대회에서 20분 이상의 내구 레이스를 완벽하게 완주할 수 있었습니다.

또한, 자동차 부품 공장 인턴 시절에는 500여 건의 과거 고장 이력을 데이터화하며 품질 저하의 원인을 구조적으로 분석하는 훈련을 했습니다. 현장 작업자들과 소통하며 수집한 암묵지를 매뉴얼화하여 돌발 정지 시간을 15% 단축했습니다. LG에너지솔루션에서도 이러한 데이터 기반의 분석력과 꼼꼼함을 바탕으로, 고객에게 무결점의 배터리를 공급하는 품질 파수꾼이 되겠습니다.",bachelor_graduate,아주대학교,기계공학,automotive,manufacturing,energy,manufacturing,quality,procurement,인턴,자동차 부품 공장 설비 고장 이력 데이터화 및 예방 정비 가이드 수립,· 자동차 조향장치 생산 라인에서 3개월간 인턴으로 근무하며 설비 보전 업무를 보조했습니다. · 당시 현장에서는 설비 고장 발생 시 담당자의 경험에 의존해 수리하다 보니 동일한 고장이 반복되고 수리 시간이 길어지는 문제가 있었습니다.,"· 최근 2년간의 설비 사고 이력을 체계적으로 정리하고, 주요 고장 원인별 표준 대응 매뉴얼을 제작하는 과제를 수행했습니다.",· 먼저 수기로 작성된 과거 정비 일지 500여 건을 엑셀 데이터로 변환하고 고장 부위와 원인별로 카테고리화했습니다. · 이후 현장 숙련공들과의 인터뷰를 통해 텍스트로 표현되지 않은 노하우를 수집하여 매뉴얼에 반영했습니다. · 또한 자주 발생하는 고장 5종에 대해 사진과 도해를 포함한 '1페이지 체크리스트'를 제작하여 설비 옆에 부착했습니다.,"· 파편화된 정보를 구조화해야만 고장의 패턴을 읽을 수 있고, 시각화된 자료가 있어야 현장 작업자들이 즉각적으로 활용할 수 있다고 판단했습니다.",· 인턴 종료 시점에 해당 라인의 돌발 정지 시간이 전년 동기 대비 15% 감소하는 성과를 거두었습니다.,3,전략·기획 역량,프로세스 체계화,업무의 효율성을 높이기 위해 목표를 설정하고 일관된 체계나 절차를 수립하는 역량입니다.,· 경험 중심의 정비 문화를 데이터 중심의 예방 정비 체계로 전환하기 위해 정보 구조화와 매뉴얼화 기획을 주도했습니다.,커뮤니케이션 역량,현장 소통 능력,다양한 이해관계자와 원활하게 정보를 교환하고 협력을 이끌어내는 능력입니다.,· 현장 작업자들의 암묵지를 형식지로 변환하기 위해 적극적인 인터뷰와 관찰을 수행하며 실효성 있는 정보를 확보했습니다.,디지털·기술 활용 역량,데이터 구조화 역량,"디지털 도구를 활용하여 데이터를 수집, 가공하고 업무 효율화에 적용하는 능력입니다.",· 아날로그 형태의 방대한 정비 기록을 디지털 데이터로 전환하고 통계적 접근이 가능하도록 분류 체계를 설계했습니다.
P0006,P0006_02,P0006_CO02_Q02_D01,P0006_CO02_Q02_D01,P0006_CO02,LG에너지솔루션_공채,LG에너지솔루션,품질관리,품질보증팀,2025.10.10,"P0006_02,P0006_03",2,1,버전 1,공동의 목표를 달성하기 위해 타인과 협력했던 경험 중 가장 기억에 남는 사례를 기술해 주십시오.,"[현장과의 소통으로 완성한 예방 정비 가이드라인]

협업의 핵심은 서로 다른 관점을 이해하고 하나의 목표로 정렬하는 것입니다. 자동차 부품 공장 인턴 당시, 설비 고장 이력 데이터화 과제를 수행하며 현장 숙련공분들과 협력하여 실질적인 성과를 낸 경험이 있습니다.

처음에는 현장 작업자분들께서 바쁜 업무 중에 인터뷰를 요청하는 저를 번거로워하셨습니다. 저는 단순히 정보를 얻으려 하기보다, 그분들이 겪는 고충을 먼저 듣고 '어떻게 하면 수리가 더 편해질 수 있을지'를 고민했습니다. 수기로 작성된 500여 건의 일지를 분석한 자료를 보여드리며 데이터의 필요성을 설득했고, 점차 마음을 여신 작업자분들로부터 텍스트에 담기지 않은 노하우를 전수받을 수 있었습니다.

이렇게 수집된 현장의 지혜와 저의 데이터 분석 역량을 결합하여 '1페이지 체크리스트'를 제작했습니다. 시각화된 자료는 현장에서 즉각적인 호응을 얻었고, 결과적으로 라인 정지 시간을 15% 줄이는 공동의 성과로 이어졌습니다. 이 경험을 통해 기술적 역량만큼이나 중요한 것이 현장과의 소통임을 깨달았습니다. 부서 간 협업이 필수적인 품질 직무에서, 현장과 유기적으로 소통하며 최상의 시너지를 내겠습니다.",bachelor_graduate,아주대학교,기계공학,automotive,manufacturing,energy,manufacturing,quality,procurement,인턴,자동차 부품 공장 설비 고장 이력 데이터화 및 예방 정비 가이드 수립,· 자동차 조향장치 생산 라인에서 3개월간 인턴으로 근무하며 설비 보전 업무를 보조했습니다. · 당시 현장에서는 설비 고장 발생 시 담당자의 경험에 의존해 수리하다 보니 동일한 고장이 반복되고 수리 시간이 길어지는 문제가 있었습니다.,"· 최근 2년간의 설비 사고 이력을 체계적으로 정리하고, 주요 고장 원인별 표준 대응 매뉴얼을 제작하는 과제를 수행했습니다.",· 먼저 수기로 작성된 과거 정비 일지 500여 건을 엑셀 데이터로 변환하고 고장 부위와 원인별로 카테고리화했습니다. · 이후 현장 숙련공들과의 인터뷰를 통해 텍스트로 표현되지 않은 노하우를 수집하여 매뉴얼에 반영했습니다. · 또한 자주 발생하는 고장 5종에 대해 사진과 도해를 포함한 '1페이지 체크리스트'를 제작하여 설비 옆에 부착했습니다.,"· 파편화된 정보를 구조화해야만 고장의 패턴을 읽을 수 있고, 시각화된 자료가 있어야 현장 작업자들이 즉각적으로 활용할 수 있다고 판단했습니다.",· 인턴 종료 시점에 해당 라인의 돌발 정지 시간이 전년 동기 대비 15% 감소하는 성과를 거두었습니다.,3,전략·기획 역량,프로세스 체계화,업무의 효율성을 높이기 위해 목표를 설정하고 일관된 체계나 절차를 수립하는 역량입니다.,· 경험 중심의 정비 문화를 데이터 중심의 예방 정비 체계로 전환하기 위해 정보 구조화와 매뉴얼화 기획을 주도했습니다.,커뮤니케이션 역량,현장 소통 능력,다양한 이해관계자와 원활하게 정보를 교환하고 협력을 이끌어내는 능력입니다.,· 현장 작업자들의 암묵지를 형식지로 변환하기 위해 적극적인 인터뷰와 관찰을 수행하며 실효성 있는 정보를 확보했습니다.,디지털·기술 활용 역량,데이터 구조화 역량,"디지털 도구를 활용하여 데이터를 수집, 가공하고 업무 효율화에 적용하는 능력입니다.",· 아날로그 형태의 방대한 정비 기록을 디지털 데이터로 전환하고 통계적 접근이 가능하도록 분류 체계를 설계했습니다.
P0006,P0006_03,P0006_CO02_Q02_D01,P0006_CO02_Q02_D01,P0006_CO02,LG에너지솔루션_공채,LG에너지솔루션,품질관리,품질보증팀,2025.10.10,"P0006_02,P0006_03",2,1,버전 1,공동의 목표를 달성하기 위해 타인과 협력했던 경험 중 가장 기억에 남는 사례를 기술해 주십시오.,"[현장과의 소통으로 완성한 예방 정비 가이드라인]

협업의 핵심은 서로 다른 관점을 이해하고 하나의 목표로 정렬하는 것입니다. 자동차 부품 공장 인턴 당시, 설비 고장 이력 데이터화 과제를 수행하며 현장 숙련공분들과 협력하여 실질적인 성과를 낸 경험이 있습니다.

처음에는 현장 작업자분들께서 바쁜 업무 중에 인터뷰를 요청하는 저를 번거로워하셨습니다. 저는 단순히 정보를 얻으려 하기보다, 그분들이 겪는 고충을 먼저 듣고 '어떻게 하면 수리가 더 편해질 수 있을지'를 고민했습니다. 수기로 작성된 500여 건의 일지를 분석한 자료를 보여드리며 데이터의 필요성을 설득했고, 점차 마음을 여신 작업자분들로부터 텍스트에 담기지 않은 노하우를 전수받을 수 있었습니다.

이렇게 수집된 현장의 지혜와 저의 데이터 분석 역량을 결합하여 '1페이지 체크리스트'를 제작했습니다. 시각화된 자료는 현장에서 즉각적인 호응을 얻었고, 결과적으로 라인 정지 시간을 15% 줄이는 공동의 성과로 이어졌습니다. 이 경험을 통해 기술적 역량만큼이나 중요한 것이 현장과의 소통임을 깨달았습니다. 부서 간 협업이 필수적인 품질 직무에서, 현장과 유기적으로 소통하며 최상의 시너지를 내겠습니다.",bachelor_graduate,아주대학교,기계공학,automotive,manufacturing,energy,manufacturing,quality,procurement,공모전,스마트 팩토리 도입을 위한 공정 최적화 아이디어 제안,· 지역 대학 연합으로 개최된 '제조 혁신 아이디어 경진대회'에 참가했습니다. · 중소 규모 부품 제조사의 생산성 저하 문제를 해결하기 위한 스마트 솔루션을 제안해야 했습니다.,· 특정 공정의 병목 현상을 해결하고 불량률을 3% 이하로 낮출 수 있는 현실적인 자동화 방안을 기획했습니다.,· 먼저 대상 공정의 사이클 타임을 측정하여 가공 단계에서의 대기 시간이 가장 길다는 점을 발견했습니다. · 이후 저가형 센서와 오픈소스 하드웨어를 활용한 실시간 공정 모니터링 시스템 구축안을 설계했습니다. · 또한 머신러닝 기반의 불량 판정 알고리즘 도입 시 기대 효과를 수치적으로 시뮬레이션하여 보고서에 포함했습니다.,· 막대한 비용이 드는 대규모 설비 교체보다는 기존 설비에 ICT 기술을 접목하는 방식이 중소기업에 더 현실적인 대안이라고 판단했습니다.,· 기술적 실현 가능성과 경제성 부문에서 높은 점수를 받아 총 20개 팀 중 2위(우수상)를 차지했습니다.,3,창의·혁신 역량,혁신적 대안 제시,기존의 방식에서 벗어나 새로운 관점에서 문제를 바라보고 창의적인 해결책을 찾아내는 능력입니다.,· 고가의 장비 도입 대신 저비용 센서와 데이터 분석을 결합한 효율적인 공정 개선안을 창의적으로 고안했습니다.,학습·성장 역량,자기주도적 기술 습득,새로운 지식이나 기술을 스스로 학습하여 업무에 적용하고 지속적으로 성장하는 능력입니다.,· 비전공 분야였던 머신러닝 알고리즘과 센서 제어 기술을 단기간에 학습하여 프로젝트의 기술적 완성도를 높였습니다.,협업·팀워크,팀 시너지 창출,공동의 목표를 위해 팀원들과 역할을 분담하고 협력하여 최상의 결과를 만들어내는 능력입니다.,· 기계 설계와 IT 기술이 융합된 프로젝트에서 각 팀원의 전공 지식을 조율하며 하나의 통합된 솔루션을 완성했습니다.
P0006,P0006_01,P0006_CO03_Q01_D01,P0006_CO03_Q01_D01,P0006_CO03,현대모비스_하반기,현대모비스,구매,부품구매팀,2025.11.5,"P0006_01,P0006_03",1,1,버전 1,"지원 직무에 필요한 핵심 역량을 정의하고, 본인이 해당 역량을 발휘하여 성과를 냈던 경험을 기술해 주십시오.","[기술적 이해도를 바탕으로 최적의 가치를 창출하는 구매 전문가]

자동차 부품 구매 직무에는 부품의 기능과 제조 공정을 깊이 있게 이해하고, 이를 바탕으로 비용과 품질의 균형을 맞추는 '기술적 통찰력'이 필수적입니다.

저는 자작 자동차 제작 시 냉각 시스템 설계를 담당하며, 성능 향상과 비용 절감을 동시에 달성한 경험이 있습니다. 초기 설계에서는 고가의 냉각 부품 도입을 고려했으나, 예산의 한계를 극복하기 위해 공랭식 덕트 구조 개선이라는 기술적 대안을 선택했습니다. 3D 프린팅 시제품 테스트를 통해 공기 흐름을 최적화함으로써, 추가 비용 없이도 모터 온도를 55도 이하로 유지하는 성과를 거두었습니다. 또한, 경량화를 위해 탄소섬유 강화 플라스틱 소재를 적용하는 과정에서 소재의 특성과 가공 비용을 면밀히 분석하여 최적의 발주 조건을 도출했습니다.

이러한 기술적 분석 역량은 현대모비스에서 협력사의 공정을 이해하고 합리적인 단가를 산출하는 데 큰 자산이 될 것입니다. 부품의 메커니즘을 아는 구매 담당자로서, 단순한 조달을 넘어 전사적 원가 경쟁력을 제고하는 데 기여하겠습니다.",bachelor_graduate,아주대학교,기계공학,automotive,manufacturing,energy,manufacturing,quality,procurement,교내동아리,자작 전기차 모터 과열 방지를 위한 냉각 시스템 설계,· 대학 자작 자동차 동아리에서 전국 대회 출전을 준비하며 전기차 부문의 구동 시스템 설계를 담당했습니다. · 시운전 과정에서 고부하 주행 시 모터와 컨트롤러의 온도가 급격히 상승하여 시스템이 셧다운되는 기술적 난관에 봉착했습니다.,· 주행 중 모터 온도를 60도 이하로 유지할 수 있는 최적의 공랭식 냉각 덕트 구조를 설계하고 제작하는 것을 목표로 삼았습니다.,· 먼저 주행 속도별 공기 흐름을 시뮬레이션하여 열이 정체되는 구간을 파악했습니다. · 이후 3D 프린팅을 활용해 다양한 각도의 덕트 시제품을 제작하고 실차 테스트를 반복하며 온도 변화 데이터를 수집했습니다. · 또한 수집된 데이터를 바탕으로 공기 흡입 면적을 기존 대비 25% 확장하고 내부 가이드를 추가하는 최종 설계를 확정했습니다. · 마지막으로 경량화를 위해 탄소섬유 강화 플라스틱 소재를 적용하여 차량에 장착했습니다.,· 이론적인 수치만으로는 실제 주행 환경의 변수를 모두 통제할 수 없다고 판단하여 데이터 기반의 반복 테스트 방식을 선택했습니다. · 효율적인 냉각뿐만 아니라 차량 전체의 무게 밸런스를 고려해야 했기에 경량 소재 적용을 병행했습니다.,"· 본 대회에서 20분 이상의 고속 주행에도 모터 온도를 55도 안정권으로 유지하며 내구 레이스를 완주했고, 장려상을 수상했습니다.",3,문제해결 능력,기술적 트러블슈팅,발생한 문제의 근본 원인을 분석하고 가용 자원을 활용하여 최적의 해결책을 도출하는 능력입니다.,· 모터 과열이라는 치명적인 결함을 해결하기 위해 시뮬레이션과 실측 데이터를 결합하여 구조적 개선안을 도출했습니다.,정보수집·분석 역량,데이터 기반 분석력,다양한 소스에서 필요한 정보를 수집하고 이를 논리적으로 분석하여 유의미한 결론을 도출하는 역량입니다.,· 시운전 중 발생하는 온도 변화를 정량적으로 기록하고 분석하여 냉각 효율이 가장 높은 설계 지점을 정확히 찾아냈습니다.,실행력·업무처리 능력,목표 달성 집념,설정한 목표를 완수하기 위해 필요한 행동을 즉각적으로 취하고 끝까지 책임지는 능력입니다.,· 대회 직전까지 수차례의 시제품 제작과 테스트를 반복하며 기술적 완성도를 높이기 위해 끝까지 몰입했습니다.
P0006,P0006_03,P0006_CO03_Q01_D01,P0006_CO03_Q01_D01,P0006_CO03,현대모비스_하반기,현대모비스,구매,부품구매팀,2025.11.5,"P0006_01,P0006_03",1,1,버전 1,"지원 직무에 필요한 핵심 역량을 정의하고, 본인이 해당 역량을 발휘하여 성과를 냈던 경험을 기술해 주십시오.","[기술적 이해도를 바탕으로 최적의 가치를 창출하는 구매 전문가]

자동차 부품 구매 직무에는 부품의 기능과 제조 공정을 깊이 있게 이해하고, 이를 바탕으로 비용과 품질의 균형을 맞추는 '기술적 통찰력'이 필수적입니다.

저는 자작 자동차 제작 시 냉각 시스템 설계를 담당하며, 성능 향상과 비용 절감을 동시에 달성한 경험이 있습니다. 초기 설계에서는 고가의 냉각 부품 도입을 고려했으나, 예산의 한계를 극복하기 위해 공랭식 덕트 구조 개선이라는 기술적 대안을 선택했습니다. 3D 프린팅 시제품 테스트를 통해 공기 흐름을 최적화함으로써, 추가 비용 없이도 모터 온도를 55도 이하로 유지하는 성과를 거두었습니다. 또한, 경량화를 위해 탄소섬유 강화 플라스틱 소재를 적용하는 과정에서 소재의 특성과 가공 비용을 면밀히 분석하여 최적의 발주 조건을 도출했습니다.

이러한 기술적 분석 역량은 현대모비스에서 협력사의 공정을 이해하고 합리적인 단가를 산출하는 데 큰 자산이 될 것입니다. 부품의 메커니즘을 아는 구매 담당자로서, 단순한 조달을 넘어 전사적 원가 경쟁력을 제고하는 데 기여하겠습니다.",bachelor_graduate,아주대학교,기계공학,automotive,manufacturing,energy,manufacturing,quality,procurement,공모전,스마트 팩토리 도입을 위한 공정 최적화 아이디어 제안,· 지역 대학 연합으로 개최된 '제조 혁신 아이디어 경진대회'에 참가했습니다. · 중소 규모 부품 제조사의 생산성 저하 문제를 해결하기 위한 스마트 솔루션을 제안해야 했습니다.,· 특정 공정의 병목 현상을 해결하고 불량률을 3% 이하로 낮출 수 있는 현실적인 자동화 방안을 기획했습니다.,· 먼저 대상 공정의 사이클 타임을 측정하여 가공 단계에서의 대기 시간이 가장 길다는 점을 발견했습니다. · 이후 저가형 센서와 오픈소스 하드웨어를 활용한 실시간 공정 모니터링 시스템 구축안을 설계했습니다. · 또한 머신러닝 기반의 불량 판정 알고리즘 도입 시 기대 효과를 수치적으로 시뮬레이션하여 보고서에 포함했습니다.,· 막대한 비용이 드는 대규모 설비 교체보다는 기존 설비에 ICT 기술을 접목하는 방식이 중소기업에 더 현실적인 대안이라고 판단했습니다.,· 기술적 실현 가능성과 경제성 부문에서 높은 점수를 받아 총 20개 팀 중 2위(우수상)를 차지했습니다.,3,창의·혁신 역량,혁신적 대안 제시,기존의 방식에서 벗어나 새로운 관점에서 문제를 바라보고 창의적인 해결책을 찾아내는 능력입니다.,· 고가의 장비 도입 대신 저비용 센서와 데이터 분석을 결합한 효율적인 공정 개선안을 창의적으로 고안했습니다.,학습·성장 역량,자기주도적 기술 습득,새로운 지식이나 기술을 스스로 학습하여 업무에 적용하고 지속적으로 성장하는 능력입니다.,· 비전공 분야였던 머신러닝 알고리즘과 센서 제어 기술을 단기간에 학습하여 프로젝트의 기술적 완성도를 높였습니다.,협업·팀워크,팀 시너지 창출,공동의 목표를 위해 팀원들과 역할을 분담하고 협력하여 최상의 결과를 만들어내는 능력입니다.,· 기계 설계와 IT 기술이 융합된 프로젝트에서 각 팀원의 전공 지식을 조율하며 하나의 통합된 솔루션을 완성했습니다.
P0006,P0006_03,P0006_CO03_Q02_D01,P0006_CO03_Q02_D01,P0006_CO03,현대모비스_하반기,현대모비스,구매,부품구매팀,2025.11.5,"P0006_03,P0006_02",2,1,버전 1,변화하는 산업 환경에 대응하기 위해 본인이 꾸준히 노력하고 있는 점은 무엇입니까?,"[디지털 전환 시대, 스마트 제조 역량을 갖춘 엔지니어]

미래 모빌리티 산업은 단순한 기계 조립을 넘어 소프트웨어와 데이터 중심의 스마트 팩토리로 빠르게 전환되고 있습니다. 저는 이러한 변화에 발맞추어 제조 공정에 ICT 기술을 접목하는 역량을 쌓아왔습니다.

'제조 혁신 아이디어 경진대회' 참가 당시, 중소 제조사의 생산성 문제를 해결하기 위해 저가형 센서와 머신러닝 알고리즘을 활용한 공정 최적화 방안을 기획했습니다. 기존 설비를 교체하지 않고도 실시간 모니터링 시스템을 통해 병목 현상을 해결하고 불량률을 낮추는 방안을 제시하여 우수상을 수상했습니다. 이 과정에서 파이썬 기반의 데이터 분석과 센서 제어 기술을 독학하며 기술적 스펙트럼을 넓혔습니다.

또한, 인턴십 과정에서도 500여 건의 아날로그 데이터를 디지털 자산으로 변환하며 데이터 구조화의 중요성을 체감했습니다. 현대모비스는 현재 전동화와 자율주행 부품으로의 포트폴리오 전환을 가속화하고 있습니다. 저는 이러한 디지털 활용 역량을 바탕으로 구매 공급망의 가시성을 확보하고, 스마트한 구매 프로세스를 구축하는 데 앞장서겠습니다.",bachelor_graduate,아주대학교,기계공학,automotive,manufacturing,energy,manufacturing,quality,procurement,공모전,스마트 팩토리 도입을 위한 공정 최적화 아이디어 제안,· 지역 대학 연합으로 개최된 '제조 혁신 아이디어 경진대회'에 참가했습니다. · 중소 규모 부품 제조사의 생산성 저하 문제를 해결하기 위한 스마트 솔루션을 제안해야 했습니다.,· 특정 공정의 병목 현상을 해결하고 불량률을 3% 이하로 낮출 수 있는 현실적인 자동화 방안을 기획했습니다.,· 먼저 대상 공정의 사이클 타임을 측정하여 가공 단계에서의 대기 시간이 가장 길다는 점을 발견했습니다. · 이후 저가형 센서와 오픈소스 하드웨어를 활용한 실시간 공정 모니터링 시스템 구축안을 설계했습니다. · 또한 머신러닝 기반의 불량 판정 알고리즘 도입 시 기대 효과를 수치적으로 시뮬레이션하여 보고서에 포함했습니다.,· 막대한 비용이 드는 대규모 설비 교체보다는 기존 설비에 ICT 기술을 접목하는 방식이 중소기업에 더 현실적인 대안이라고 판단했습니다.,· 기술적 실현 가능성과 경제성 부문에서 높은 점수를 받아 총 20개 팀 중 2위(우수상)를 차지했습니다.,3,창의·혁신 역량,혁신적 대안 제시,기존의 방식에서 벗어나 새로운 관점에서 문제를 바라보고 창의적인 해결책을 찾아내는 능력입니다.,· 고가의 장비 도입 대신 저비용 센서와 데이터 분석을 결합한 효율적인 공정 개선안을 창의적으로 고안했습니다.,학습·성장 역량,자기주도적 기술 습득,새로운 지식이나 기술을 스스로 학습하여 업무에 적용하고 지속적으로 성장하는 능력입니다.,· 비전공 분야였던 머신러닝 알고리즘과 센서 제어 기술을 단기간에 학습하여 프로젝트의 기술적 완성도를 높였습니다.,협업·팀워크,팀 시너지 창출,공동의 목표를 위해 팀원들과 역할을 분담하고 협력하여 최상의 결과를 만들어내는 능력입니다.,· 기계 설계와 IT 기술이 융합된 프로젝트에서 각 팀원의 전공 지식을 조율하며 하나의 통합된 솔루션을 완성했습니다.
P0006,P0006_02,P0006_CO03_Q02_D01,P0006_CO03_Q02_D01,P0006_CO03,현대모비스_하반기,현대모비스,구매,부품구매팀,2025.11.5,"P0006_03,P0006_02",2,1,버전 1,변화하는 산업 환경에 대응하기 위해 본인이 꾸준히 노력하고 있는 점은 무엇입니까?,"[디지털 전환 시대, 스마트 제조 역량을 갖춘 엔지니어]

미래 모빌리티 산업은 단순한 기계 조립을 넘어 소프트웨어와 데이터 중심의 스마트 팩토리로 빠르게 전환되고 있습니다. 저는 이러한 변화에 발맞추어 제조 공정에 ICT 기술을 접목하는 역량을 쌓아왔습니다.

'제조 혁신 아이디어 경진대회' 참가 당시, 중소 제조사의 생산성 문제를 해결하기 위해 저가형 센서와 머신러닝 알고리즘을 활용한 공정 최적화 방안을 기획했습니다. 기존 설비를 교체하지 않고도 실시간 모니터링 시스템을 통해 병목 현상을 해결하고 불량률을 낮추는 방안을 제시하여 우수상을 수상했습니다. 이 과정에서 파이썬 기반의 데이터 분석과 센서 제어 기술을 독학하며 기술적 스펙트럼을 넓혔습니다.

또한, 인턴십 과정에서도 500여 건의 아날로그 데이터를 디지털 자산으로 변환하며 데이터 구조화의 중요성을 체감했습니다. 현대모비스는 현재 전동화와 자율주행 부품으로의 포트폴리오 전환을 가속화하고 있습니다. 저는 이러한 디지털 활용 역량을 바탕으로 구매 공급망의 가시성을 확보하고, 스마트한 구매 프로세스를 구축하는 데 앞장서겠습니다.",bachelor_graduate,아주대학교,기계공학,automotive,manufacturing,energy,manufacturing,quality,procurement,인턴,자동차 부품 공장 설비 고장 이력 데이터화 및 예방 정비 가이드 수립,· 자동차 조향장치 생산 라인에서 3개월간 인턴으로 근무하며 설비 보전 업무를 보조했습니다. · 당시 현장에서는 설비 고장 발생 시 담당자의 경험에 의존해 수리하다 보니 동일한 고장이 반복되고 수리 시간이 길어지는 문제가 있었습니다.,"· 최근 2년간의 설비 사고 이력을 체계적으로 정리하고, 주요 고장 원인별 표준 대응 매뉴얼을 제작하는 과제를 수행했습니다.",· 먼저 수기로 작성된 과거 정비 일지 500여 건을 엑셀 데이터로 변환하고 고장 부위와 원인별로 카테고리화했습니다. · 이후 현장 숙련공들과의 인터뷰를 통해 텍스트로 표현되지 않은 노하우를 수집하여 매뉴얼에 반영했습니다. · 또한 자주 발생하는 고장 5종에 대해 사진과 도해를 포함한 '1페이지 체크리스트'를 제작하여 설비 옆에 부착했습니다.,"· 파편화된 정보를 구조화해야만 고장의 패턴을 읽을 수 있고, 시각화된 자료가 있어야 현장 작업자들이 즉각적으로 활용할 수 있다고 판단했습니다.",· 인턴 종료 시점에 해당 라인의 돌발 정지 시간이 전년 동기 대비 15% 감소하는 성과를 거두었습니다.,3,전략·기획 역량,프로세스 체계화,업무의 효율성을 높이기 위해 목표를 설정하고 일관된 체계나 절차를 수립하는 역량입니다.,· 경험 중심의 정비 문화를 데이터 중심의 예방 정비 체계로 전환하기 위해 정보 구조화와 매뉴얼화 기획을 주도했습니다.,커뮤니케이션 역량,현장 소통 능력,다양한 이해관계자와 원활하게 정보를 교환하고 협력을 이끌어내는 능력입니다.,· 현장 작업자들의 암묵지를 형식지로 변환하기 위해 적극적인 인터뷰와 관찰을 수행하며 실효성 있는 정보를 확보했습니다.,디지털·기술 활용 역량,데이터 구조화 역량,"디지털 도구를 활용하여 데이터를 수집, 가공하고 업무 효율화에 적용하는 능력입니다.",· 아날로그 형태의 방대한 정비 기록을 디지털 데이터로 전환하고 통계적 접근이 가능하도록 분류 체계를 설계했습니다.
P0007,P0007_03,P0007_CO01_Q01_D01,P0007_CO01_Q01_D01,P0007_CO01,삼성전자_하반기,삼성전자,공정기술,DS부문 메모리사업부,2025.9.15,"P0007_03,P0007_02",1,1,버전 1,삼성전자를 지원한 이유와 입사 후 회사에서 이루고 싶은 꿈을 기술하십시오.,"[데이터로 수율의 한계를 돌파하는 공정 전문가]

초미세 공정의 한계를 극복하며 글로벌 반도체 시장을 선도하는 삼성전자 DS부문은 기계공학적 분석력을 바탕으로 공정 최적화를 실현하고 싶은 저에게 최고의 무대입니다. 저는 이론에 안주하지 않고 실제 현장의 변수를 제어해 본 경험을 통해 실무 역량을 쌓아왔습니다.

학부 시절, 반도체 8대 공정의 메커니즘을 완벽히 이해하기 위해 160시간의 외부 공정 실습 교육에 참여했습니다. 특히 Photo 공정 중 발생한 패턴 불량 문제를 해결하기 위해 노광 시간과 현상액 농도를 정밀하게 조정하며 최적의 조건을 찾아냈습니다. 이 과정에서 공정 변수 간의 상관관계를 데이터 시트로 구조화하여 분석한 결과, 실습 평가 상위 5%라는 성과를 거둘 수 있었습니다. 이러한 정밀한 분석 태도는 삼성전자의 수율 극대화에 기여할 핵심 자산입니다.

입사 후, 저는 설비 데이터와 공정 결과 간의 인과관계를 명확히 규명하는 공정 기술 전문가가 되겠습니다. 캡스톤 디자인 프로젝트 당시 자율주행 RC카의 시스템 최적화를 위해 하드웨어와 소프트웨어의 정합성을 주간 단위로 점검하며 장애물 회피 성공률을 98%까지 끌어올린 경험이 있습니다. 이처럼 이종 기술 간의 융합적 사고와 철저한 검증 프로세스를 바탕으로, 삼성전자의 차세대 반도체 양산 공정에서 발생할 수 있는 변수를 선제적으로 관리하겠습니다. 데이터 기반의 의사결정을 통해 공정 안정화를 달성하고, 삼성전자가 초격차 경쟁력을 유지하는 데 이바지하겠습니다.",bachelor_graduate,아주대학교,기계공학,semiconductor,energy,manufacturing,planning_strategy,quality,engineering_hw,자격증,반도체 공정 실습 교육 이수 및 직무 전문성 강화,"· 반도체 산업으로의 취업을 희망했으나, 학부 수업만으로는 실제 클린룸 공정 장비에 대한 이해도가 부족하다고 느꼈습니다.
· 이론과 실제의 간극을 메우기 위해 외부 전문 교육 기관의 공정 실습 프로그램에 참여했습니다.","· 160시간의 집중 교육을 통해 8대 공정의 메커니즘을 완벽히 이해하고, 실제 웨이퍼 패턴 형성 공정을 성공적으로 수행하는 것이 목표였습니다.","· 먼저 공정 전 이론 교육 내용을 매일 복기하며 공정 변수가 결과에 미치는 영향을 데이터 시트로 정리했습니다.
· 이후 실습 과정에서 발생한 Photo 공정의 불량 원인을 파악하기 위해 노광 시간과 현상액 농도를 정밀하게 조정하며 실험했습니다.
· 또한 실습 조장으로서 조원들의 안전 수칙 준수를 독려하고 장비 사용 순서를 효율적으로 배치하여 실습 시간을 단축했습니다.
· 마지막으로 교육 종료 후 학습한 내용을 바탕으로 '반도체 공정 분석 보고서'를 작성하여 지식을 내재화했습니다.","· 실무 역량은 직접 장비를 다루며 변수를 제어해 보는 과정에서 가장 효과적으로 습득된다고 판단했습니다.
· 철저한 기록과 복습은 단기간의 교육 내용을 장기적인 직무 전문성으로 전환하기 위한 최선의 방법이었습니다.","· 공정 실습 평가에서 상위 5%의 성적을 거두었으며, 반도체 제조 공정에 대한 실전 감각을 확보했습니다.",3,학습·성장 역량,자기주도적 전문성 확보,자신의 부족한 점을 파악하고 이를 보완하기 위해 스스로 학습 계획을 세워 실천하는 능력입니다.,· 전공 지식의 한계를 극복하기 위해 외부 실습 교육에 자발적으로 참여하고 보고서를 작성하며 전문성을 쌓았습니다.,실행력·업무처리 능력,공정 효율화 및 완수,주어진 업무를 정해진 시간 내에 정확하게 처리하고 목표를 달성하기 위해 끈기 있게 실행하는 능력입니다.,· 실습 조장으로서 장비 활용 순서를 최적화하여 제한된 시간 내에 모든 조원이 실습을 마칠 수 있도록 지원했습니다.,창의·혁신 역량,공정 불량 원인 개선,기존의 방식에 의문을 제기하고 새로운 시각이나 접근법을 통해 성과를 개선하는 능력입니다.,· 반복되는 불량 문제를 해결하기 위해 공정 변수를 다각도로 변경하며 최적의 노광 조건을 찾아내어 수율을 개선했습니다.
P0007,P0007_02,P0007_CO01_Q01_D01,P0007_CO01_Q01_D01,P0007_CO01,삼성전자_하반기,삼성전자,공정기술,DS부문 메모리사업부,2025.9.15,"P0007_03,P0007_02",1,1,버전 1,삼성전자를 지원한 이유와 입사 후 회사에서 이루고 싶은 꿈을 기술하십시오.,"[데이터로 수율의 한계를 돌파하는 공정 전문가]

초미세 공정의 한계를 극복하며 글로벌 반도체 시장을 선도하는 삼성전자 DS부문은 기계공학적 분석력을 바탕으로 공정 최적화를 실현하고 싶은 저에게 최고의 무대입니다. 저는 이론에 안주하지 않고 실제 현장의 변수를 제어해 본 경험을 통해 실무 역량을 쌓아왔습니다.

학부 시절, 반도체 8대 공정의 메커니즘을 완벽히 이해하기 위해 160시간의 외부 공정 실습 교육에 참여했습니다. 특히 Photo 공정 중 발생한 패턴 불량 문제를 해결하기 위해 노광 시간과 현상액 농도를 정밀하게 조정하며 최적의 조건을 찾아냈습니다. 이 과정에서 공정 변수 간의 상관관계를 데이터 시트로 구조화하여 분석한 결과, 실습 평가 상위 5%라는 성과를 거둘 수 있었습니다. 이러한 정밀한 분석 태도는 삼성전자의 수율 극대화에 기여할 핵심 자산입니다.

입사 후, 저는 설비 데이터와 공정 결과 간의 인과관계를 명확히 규명하는 공정 기술 전문가가 되겠습니다. 캡스톤 디자인 프로젝트 당시 자율주행 RC카의 시스템 최적화를 위해 하드웨어와 소프트웨어의 정합성을 주간 단위로 점검하며 장애물 회피 성공률을 98%까지 끌어올린 경험이 있습니다. 이처럼 이종 기술 간의 융합적 사고와 철저한 검증 프로세스를 바탕으로, 삼성전자의 차세대 반도체 양산 공정에서 발생할 수 있는 변수를 선제적으로 관리하겠습니다. 데이터 기반의 의사결정을 통해 공정 안정화를 달성하고, 삼성전자가 초격차 경쟁력을 유지하는 데 이바지하겠습니다.",bachelor_graduate,아주대학교,기계공학,semiconductor,energy,manufacturing,planning_strategy,quality,engineering_hw,프로젝트,자율주행 RC카 제어 최적화 및 팀 내 갈등 중재,"· 캡스톤 디자인 프로젝트에서 자율주행 RC카의 하드웨어 설계 및 제어 알고리즘 최적화를 맡았습니다.
· 개발 과정에서 하드웨어 담당과 소프트웨어 담당 팀원 간의 역할 경계가 모호해지며 업무 효율이 저하되는 갈등이 발생했습니다.","· 학기 종료 전까지 장애물 회피 성공률 95% 이상을 달성하고, 팀 내 협력 체계를 재정비해야 했습니다.","· 먼저 각 파트의 업무 범위를 명확히 정의한 'R&R 기술서'를 작성하여 팀원들의 동의를 구했습니다.
· 이후 주간 단위의 통합 테스트 일정을 수립하여 하드웨어와 소프트웨어의 정합성을 주기적으로 점검했습니다.
· 또한 갈등이 깊어진 팀원들 사이에서 중재자 역할을 자처하며 개별 면담을 통해 서로의 고충을 전달하고 화해를 유도했습니다.
· 마지막으로 공용 클라우드를 구축하여 모든 코드와 설계 도면을 실시간으로 공유하는 투명한 협업 환경을 만들었습니다.","· 역할의 모호함이 갈등의 근본 원인이라 판단하여 명확한 기준을 세우는 것이 우선이라고 생각했습니다.
· 기술적 완성도는 팀원 간의 원활한 소통과 정보 공유가 전제될 때 비로소 달성될 수 있다고 믿었습니다.",· 최종 테스트에서 장애물 회피 성공률 98%를 기록하며 학과 내 프로젝트 경진대회에서 은상을 수상했습니다.,3,협업·팀워크,갈등 관리 및 조율,팀원 간의 의견 차이를 조정하고 상호 신뢰를 구축하여 공동의 목표를 달성하도록 돕는 능력입니다.,· 팀 내 R&R을 재정립하고 개인 간의 오해를 풀어내는 중재자 역할을 수행하며 팀의 결속력을 강화했습니다.,문제해결 능력,시스템 최적화,발생한 문제의 원인을 다각도로 분석하고 이를 해결하기 위한 최적의 대안을 찾아 실행하는 능력입니다.,· 하드웨어와 소프트웨어의 충돌 지점을 통합 테스트를 통해 발견하고 제어 알고리즘을 수정하여 목표 성능을 달성했습니다.,커뮤니케이션 역량,이해관계자 소통,자신의 의견을 명확하게 전달하고 타인의 의견을 경청하여 원활한 의사소통 환경을 조성하는 능력입니다.,· 개별 면담과 정기 회의를 통해 팀원들의 고충을 수렴하고 프로젝트 진행 상황을 투명하게 공유하여 소통의 벽을 낮췄습니다.
P0007,P0007_01,P0007_CO01_Q02_D01,P0007_CO01_Q02_D01,P0007_CO01,삼성전자_하반기,삼성전자,공정기술,DS부문 메모리사업부,2025.9.15,"P0007_01,P0007_02",2,1,버전 1,"본인의 성장과정을 간략히 기술하되 현재의 자신에게 가장 큰 영향을 끼친 사건, 인물 등을 포함하여 기술하시기 바랍니다.","[분석적 사고와 협업의 가치를 깨달은 도전의 기록]

저의 성장과정을 관통하는 키워드는 '데이터 기반의 문제 해결'과 '신뢰를 바탕으로 한 협업'입니다. 기계공학을 전공하며 복잡한 시스템을 구조화하는 역량을 길렀고, 이를 실전 경험에 적용하며 성과를 만들어왔습니다.

가장 큰 전환점은 차세대 에너지 저장 장치 시장 분석 공모전이었습니다. 팀장으로서 1.2만 건의 방대한 논문과 특허 데이터를 분석해야 하는 과제에 직면했을 때, 저는 막연한 정성적 분석 대신 텍스트 마이닝 기법을 도입하는 혁신을 시도했습니다. 키워드 간의 상관관계를 시각화하고 기술 상용화 단계를 수치화함으로써 객관적인 기술 로드맵을 도출할 수 있었습니다. 이 과정에서 팀원들과 매일 피드백 세션을 운영하며 집단지성의 힘을 체감했고, 최종적으로 최우수상을 수상하며 데이터 기반 전략 수립의 중요성을 깨달았습니다.

또한, 캡스톤 디자인 프로젝트를 통해 갈등을 성장의 동력으로 바꾸는 소통 능력을 길렀습니다. 하드웨어와 소프트웨어 담당 간의 R&R 모호성으로 갈등이 발생했을 때, 저는 'R&R 기술서'를 직접 작성하여 업무 범위를 명확히 하고 공용 클라우드를 구축해 정보의 투명성을 확보했습니다. 중재자로서 팀원들의 고충을 경청하고 조율한 결과, 프로젝트 경진대회 은상이라는 결실을 맺을 수 있었습니다. 이러한 경험들은 저를 단순히 기술을 아는 엔지니어를 넘어, 데이터로 소통하고 동료와 함께 목표를 달성하는 인재로 성장시켰습니다.",bachelor_graduate,아주대학교,기계공학,semiconductor,energy,manufacturing,planning_strategy,quality,engineering_hw,공모전,1.2만 건 논문 분석을 통한 차세대 배터리 전략 수립,"· 차세대 에너지 저장 장치 시장 분석 공모전에 팀장으로 참여하여 기술 트렌드 분석을 담당했습니다.
· 초기에는 방대한 학술 자료와 기술 용어의 장벽으로 인해 유의미한 전략 도출에 어려움을 겪었습니다.",· 3개월 내에 1.2만 건의 국내외 학술 논문 및 특허 데이터를 분석하여 향후 5년의 기술 로드맵을 제시하는 것이 목표였습니다.,"· 먼저 텍스트 마이닝 기법을 도입하여 핵심 키워드 간의 상관관계를 시각화하고 기술의 흐름을 파악했습니다.
· 이후 분석의 정밀도를 높이기 위해 주요 기술별로 카테고리를 재분류하고 각 기술의 상용화 단계를 수치화했습니다.
· 또한 팀원들과 매일 분석 내용을 공유하며 기술적 타당성을 검토하는 피드백 세션을 운영했습니다.
· 마지막으로 도출된 데이터를 바탕으로 기업이 집중해야 할 3대 핵심 기술 분야를 선정하여 제안서를 완성했습니다.","· 단순한 정성적 분석보다는 데이터에 기반한 정량적 분석이 전략의 객관성을 확보할 수 있다고 판단했습니다.
· 팀원 간의 지속적인 피드백은 기술적 오류를 줄이고 분석의 깊이를 더하기 위한 필수적인 과정이었습니다.","· 분석의 논리성을 인정받아 공모전에서 최우수상을 수상했으며, 데이터 분석 툴 활용 능력을 크게 향상시켰습니다.",3,정보수집·분석 역량,데이터 구조화 및 분석,방대한 자료 속에서 유의미한 정보를 추출하고 이를 체계적으로 분류하여 통찰을 도출하는 능력입니다.,· 1.2만 건의 논문 데이터를 텍스트 마이닝과 카테고리 분류를 통해 전략적 인사이트로 전환하며 분석 역량을 증명했습니다.,전략·기획 역량,기술 로드맵 수립,목표 달성을 위해 현재 상황을 진단하고 단계별 실행 계획 및 우선순위를 설정하는 능력입니다.,· 분석된 기술 트렌드를 바탕으로 기업의 미래 먹거리가 될 3대 핵심 분야를 선정하여 실질적인 전략 방향을 제시했습니다.,디지털·기술 활용 역량,데이터 분석 툴 활용,업무 효율성과 정확도를 높이기 위해 최신 디지털 도구 및 기술을 능숙하게 사용하는 능력입니다.,· 수작업의 한계를 극복하기 위해 텍스트 마이닝 기법을 직접 도입하여 대규모 데이터 처리의 효율성을 극대화했습니다.
P0007,P0007_02,P0007_CO01_Q02_D01,P0007_CO01_Q02_D01,P0007_CO01,삼성전자_하반기,삼성전자,공정기술,DS부문 메모리사업부,2025.9.15,"P0007_01,P0007_02",2,1,버전 1,"본인의 성장과정을 간략히 기술하되 현재의 자신에게 가장 큰 영향을 끼친 사건, 인물 등을 포함하여 기술하시기 바랍니다.","[분석적 사고와 협업의 가치를 깨달은 도전의 기록]

저의 성장과정을 관통하는 키워드는 '데이터 기반의 문제 해결'과 '신뢰를 바탕으로 한 협업'입니다. 기계공학을 전공하며 복잡한 시스템을 구조화하는 역량을 길렀고, 이를 실전 경험에 적용하며 성과를 만들어왔습니다.

가장 큰 전환점은 차세대 에너지 저장 장치 시장 분석 공모전이었습니다. 팀장으로서 1.2만 건의 방대한 논문과 특허 데이터를 분석해야 하는 과제에 직면했을 때, 저는 막연한 정성적 분석 대신 텍스트 마이닝 기법을 도입하는 혁신을 시도했습니다. 키워드 간의 상관관계를 시각화하고 기술 상용화 단계를 수치화함으로써 객관적인 기술 로드맵을 도출할 수 있었습니다. 이 과정에서 팀원들과 매일 피드백 세션을 운영하며 집단지성의 힘을 체감했고, 최종적으로 최우수상을 수상하며 데이터 기반 전략 수립의 중요성을 깨달았습니다.

또한, 캡스톤 디자인 프로젝트를 통해 갈등을 성장의 동력으로 바꾸는 소통 능력을 길렀습니다. 하드웨어와 소프트웨어 담당 간의 R&R 모호성으로 갈등이 발생했을 때, 저는 'R&R 기술서'를 직접 작성하여 업무 범위를 명확히 하고 공용 클라우드를 구축해 정보의 투명성을 확보했습니다. 중재자로서 팀원들의 고충을 경청하고 조율한 결과, 프로젝트 경진대회 은상이라는 결실을 맺을 수 있었습니다. 이러한 경험들은 저를 단순히 기술을 아는 엔지니어를 넘어, 데이터로 소통하고 동료와 함께 목표를 달성하는 인재로 성장시켰습니다.",bachelor_graduate,아주대학교,기계공학,semiconductor,energy,manufacturing,planning_strategy,quality,engineering_hw,프로젝트,자율주행 RC카 제어 최적화 및 팀 내 갈등 중재,"· 캡스톤 디자인 프로젝트에서 자율주행 RC카의 하드웨어 설계 및 제어 알고리즘 최적화를 맡았습니다.
· 개발 과정에서 하드웨어 담당과 소프트웨어 담당 팀원 간의 역할 경계가 모호해지며 업무 효율이 저하되는 갈등이 발생했습니다.","· 학기 종료 전까지 장애물 회피 성공률 95% 이상을 달성하고, 팀 내 협력 체계를 재정비해야 했습니다.","· 먼저 각 파트의 업무 범위를 명확히 정의한 'R&R 기술서'를 작성하여 팀원들의 동의를 구했습니다.
· 이후 주간 단위의 통합 테스트 일정을 수립하여 하드웨어와 소프트웨어의 정합성을 주기적으로 점검했습니다.
· 또한 갈등이 깊어진 팀원들 사이에서 중재자 역할을 자처하며 개별 면담을 통해 서로의 고충을 전달하고 화해를 유도했습니다.
· 마지막으로 공용 클라우드를 구축하여 모든 코드와 설계 도면을 실시간으로 공유하는 투명한 협업 환경을 만들었습니다.","· 역할의 모호함이 갈등의 근본 원인이라 판단하여 명확한 기준을 세우는 것이 우선이라고 생각했습니다.
· 기술적 완성도는 팀원 간의 원활한 소통과 정보 공유가 전제될 때 비로소 달성될 수 있다고 믿었습니다.",· 최종 테스트에서 장애물 회피 성공률 98%를 기록하며 학과 내 프로젝트 경진대회에서 은상을 수상했습니다.,3,협업·팀워크,갈등 관리 및 조율,팀원 간의 의견 차이를 조정하고 상호 신뢰를 구축하여 공동의 목표를 달성하도록 돕는 능력입니다.,· 팀 내 R&R을 재정립하고 개인 간의 오해를 풀어내는 중재자 역할을 수행하며 팀의 결속력을 강화했습니다.,문제해결 능력,시스템 최적화,발생한 문제의 원인을 다각도로 분석하고 이를 해결하기 위한 최적의 대안을 찾아 실행하는 능력입니다.,· 하드웨어와 소프트웨어의 충돌 지점을 통합 테스트를 통해 발견하고 제어 알고리즘을 수정하여 목표 성능을 달성했습니다.,커뮤니케이션 역량,이해관계자 소통,자신의 의견을 명확하게 전달하고 타인의 의견을 경청하여 원활한 의사소통 환경을 조성하는 능력입니다.,· 개별 면담과 정기 회의를 통해 팀원들의 고충을 수렴하고 프로젝트 진행 상황을 투명하게 공유하여 소통의 벽을 낮췄습니다.
P0007,P0007_01,P0007_CO02_Q01_D01,P0007_CO02_Q01_D01,P0007_CO02,LG에너지솔루션_공채,LG에너지솔루션,전략기획,경영전략팀,2025.10.20,"P0007_01,P0007_03",1,1,버전 1,지원 직무와 관련된 본인의 준비 과정과 강점을 구체적인 사례를 바탕으로 기술해 주십시오.,"[1.2만 건의 데이터로 증명한 전략적 통찰력]

LG에너지솔루션의 경영전략 직무는 급변하는 배터리 시장의 기술 트렌드를 정확히 읽고 선제적 대응 방안을 제시해야 합니다. 저는 차세대 에너지 저장 장치 공모전에 참여하여 1.2만 건의 국내외 학술 논문 및 특허 데이터를 분석하며 전략 기획자로서의 역량을 검증받았습니다.

당시 방대한 자료 속에서 유의미한 전략을 도출하기 위해 텍스트 마이닝 기법을 활용했습니다. 기술 키워드 간의 연결 고리를 분석하여 향후 5년의 기술 로드맵을 수립했고, 각 기술의 상용화 가능성을 수치화하여 객관적인 지표를 마련했습니다. 특히 팀원들과의 일일 피드백 세션을 통해 분석의 정밀도를 높인 결과, 기업이 집중해야 할 3대 핵심 기술 분야를 성공적으로 제안하여 최우수상을 수상할 수 있었습니다. 이러한 정량적 분석 능력은 LG에너지솔루션이 글로벌 시장에서 투자 우선순위를 결정하고 미래 성장 동력을 확보하는 데 큰 도움이 될 것입니다.

또한, 반도체 공정 실습을 통해 제조 현장에 대한 이해도를 높였습니다. 160시간 동안 클린룸에서 직접 장비를 다루며 공정 변수가 제품에 미치는 영향을 데이터로 기록하고 분석했습니다. 현장을 모르는 전략은 공허하다는 신념 아래, 제조 공정의 메커니즘을 깊이 있게 학습했습니다. 이러한 현장 중심의 사고와 데이터 분석 역량을 결합하여, LG에너지솔루션의 글로벌 생산 거점별 최적화 전략을 수립하는 데 기여하겠습니다.",bachelor_graduate,아주대학교,기계공학,semiconductor,energy,manufacturing,planning_strategy,quality,engineering_hw,공모전,1.2만 건 논문 분석을 통한 차세대 배터리 전략 수립,"· 차세대 에너지 저장 장치 시장 분석 공모전에 팀장으로 참여하여 기술 트렌드 분석을 담당했습니다.
· 초기에는 방대한 학술 자료와 기술 용어의 장벽으로 인해 유의미한 전략 도출에 어려움을 겪었습니다.",· 3개월 내에 1.2만 건의 국내외 학술 논문 및 특허 데이터를 분석하여 향후 5년의 기술 로드맵을 제시하는 것이 목표였습니다.,"· 먼저 텍스트 마이닝 기법을 도입하여 핵심 키워드 간의 상관관계를 시각화하고 기술의 흐름을 파악했습니다.
· 이후 분석의 정밀도를 높이기 위해 주요 기술별로 카테고리를 재분류하고 각 기술의 상용화 단계를 수치화했습니다.
· 또한 팀원들과 매일 분석 내용을 공유하며 기술적 타당성을 검토하는 피드백 세션을 운영했습니다.
· 마지막으로 도출된 데이터를 바탕으로 기업이 집중해야 할 3대 핵심 기술 분야를 선정하여 제안서를 완성했습니다.","· 단순한 정성적 분석보다는 데이터에 기반한 정량적 분석이 전략의 객관성을 확보할 수 있다고 판단했습니다.
· 팀원 간의 지속적인 피드백은 기술적 오류를 줄이고 분석의 깊이를 더하기 위한 필수적인 과정이었습니다.","· 분석의 논리성을 인정받아 공모전에서 최우수상을 수상했으며, 데이터 분석 툴 활용 능력을 크게 향상시켰습니다.",3,정보수집·분석 역량,데이터 구조화 및 분석,방대한 자료 속에서 유의미한 정보를 추출하고 이를 체계적으로 분류하여 통찰을 도출하는 능력입니다.,· 1.2만 건의 논문 데이터를 텍스트 마이닝과 카테고리 분류를 통해 전략적 인사이트로 전환하며 분석 역량을 증명했습니다.,전략·기획 역량,기술 로드맵 수립,목표 달성을 위해 현재 상황을 진단하고 단계별 실행 계획 및 우선순위를 설정하는 능력입니다.,· 분석된 기술 트렌드를 바탕으로 기업의 미래 먹거리가 될 3대 핵심 분야를 선정하여 실질적인 전략 방향을 제시했습니다.,디지털·기술 활용 역량,데이터 분석 툴 활용,업무 효율성과 정확도를 높이기 위해 최신 디지털 도구 및 기술을 능숙하게 사용하는 능력입니다.,· 수작업의 한계를 극복하기 위해 텍스트 마이닝 기법을 직접 도입하여 대규모 데이터 처리의 효율성을 극대화했습니다.
P0007,P0007_03,P0007_CO02_Q01_D01,P0007_CO02_Q01_D01,P0007_CO02,LG에너지솔루션_공채,LG에너지솔루션,전략기획,경영전략팀,2025.10.20,"P0007_01,P0007_03",1,1,버전 1,지원 직무와 관련된 본인의 준비 과정과 강점을 구체적인 사례를 바탕으로 기술해 주십시오.,"[1.2만 건의 데이터로 증명한 전략적 통찰력]

LG에너지솔루션의 경영전략 직무는 급변하는 배터리 시장의 기술 트렌드를 정확히 읽고 선제적 대응 방안을 제시해야 합니다. 저는 차세대 에너지 저장 장치 공모전에 참여하여 1.2만 건의 국내외 학술 논문 및 특허 데이터를 분석하며 전략 기획자로서의 역량을 검증받았습니다.

당시 방대한 자료 속에서 유의미한 전략을 도출하기 위해 텍스트 마이닝 기법을 활용했습니다. 기술 키워드 간의 연결 고리를 분석하여 향후 5년의 기술 로드맵을 수립했고, 각 기술의 상용화 가능성을 수치화하여 객관적인 지표를 마련했습니다. 특히 팀원들과의 일일 피드백 세션을 통해 분석의 정밀도를 높인 결과, 기업이 집중해야 할 3대 핵심 기술 분야를 성공적으로 제안하여 최우수상을 수상할 수 있었습니다. 이러한 정량적 분석 능력은 LG에너지솔루션이 글로벌 시장에서 투자 우선순위를 결정하고 미래 성장 동력을 확보하는 데 큰 도움이 될 것입니다.

또한, 반도체 공정 실습을 통해 제조 현장에 대한 이해도를 높였습니다. 160시간 동안 클린룸에서 직접 장비를 다루며 공정 변수가 제품에 미치는 영향을 데이터로 기록하고 분석했습니다. 현장을 모르는 전략은 공허하다는 신념 아래, 제조 공정의 메커니즘을 깊이 있게 학습했습니다. 이러한 현장 중심의 사고와 데이터 분석 역량을 결합하여, LG에너지솔루션의 글로벌 생산 거점별 최적화 전략을 수립하는 데 기여하겠습니다.",bachelor_graduate,아주대학교,기계공학,semiconductor,energy,manufacturing,planning_strategy,quality,engineering_hw,자격증,반도체 공정 실습 교육 이수 및 직무 전문성 강화,"· 반도체 산업으로의 취업을 희망했으나, 학부 수업만으로는 실제 클린룸 공정 장비에 대한 이해도가 부족하다고 느꼈습니다.
· 이론과 실제의 간극을 메우기 위해 외부 전문 교육 기관의 공정 실습 프로그램에 참여했습니다.","· 160시간의 집중 교육을 통해 8대 공정의 메커니즘을 완벽히 이해하고, 실제 웨이퍼 패턴 형성 공정을 성공적으로 수행하는 것이 목표였습니다.","· 먼저 공정 전 이론 교육 내용을 매일 복기하며 공정 변수가 결과에 미치는 영향을 데이터 시트로 정리했습니다.
· 이후 실습 과정에서 발생한 Photo 공정의 불량 원인을 파악하기 위해 노광 시간과 현상액 농도를 정밀하게 조정하며 실험했습니다.
· 또한 실습 조장으로서 조원들의 안전 수칙 준수를 독려하고 장비 사용 순서를 효율적으로 배치하여 실습 시간을 단축했습니다.
· 마지막으로 교육 종료 후 학습한 내용을 바탕으로 '반도체 공정 분석 보고서'를 작성하여 지식을 내재화했습니다.","· 실무 역량은 직접 장비를 다루며 변수를 제어해 보는 과정에서 가장 효과적으로 습득된다고 판단했습니다.
· 철저한 기록과 복습은 단기간의 교육 내용을 장기적인 직무 전문성으로 전환하기 위한 최선의 방법이었습니다.","· 공정 실습 평가에서 상위 5%의 성적을 거두었으며, 반도체 제조 공정에 대한 실전 감각을 확보했습니다.",3,학습·성장 역량,자기주도적 전문성 확보,자신의 부족한 점을 파악하고 이를 보완하기 위해 스스로 학습 계획을 세워 실천하는 능력입니다.,· 전공 지식의 한계를 극복하기 위해 외부 실습 교육에 자발적으로 참여하고 보고서를 작성하며 전문성을 쌓았습니다.,실행력·업무처리 능력,공정 효율화 및 완수,주어진 업무를 정해진 시간 내에 정확하게 처리하고 목표를 달성하기 위해 끈기 있게 실행하는 능력입니다.,· 실습 조장으로서 장비 활용 순서를 최적화하여 제한된 시간 내에 모든 조원이 실습을 마칠 수 있도록 지원했습니다.,창의·혁신 역량,공정 불량 원인 개선,기존의 방식에 의문을 제기하고 새로운 시각이나 접근법을 통해 성과를 개선하는 능력입니다.,· 반복되는 불량 문제를 해결하기 위해 공정 변수를 다각도로 변경하며 최적의 노광 조건을 찾아내어 수율을 개선했습니다.
P0007,P0007_02,P0007_CO02_Q02_D01,P0007_CO02_Q02_D01,P0007_CO02,LG에너지솔루션_공채,LG에너지솔루션,전략기획,경영전략팀,2025.10.20,"P0007_02,P0007_01",2,1,버전 1,공동의 목표를 달성하기 위해 타인과 협력했던 경험과 그 과정에서 본인의 역할을 기술하십시오.,"[R&R 명확화와 투명한 공유로 이끌어낸 시너지]

협업의 핵심은 '명확한 기준'과 '투명한 소통'에 있다고 믿습니다. 자율주행 RC카 제어 최적화 프로젝트 당시, 팀 내 하드웨어와 소프트웨어 파트 간의 업무 경계가 모호해지며 발생한 갈등을 해결하고 목표를 달성한 경험이 있습니다.

당시 업무 효율 저하로 인해 장애물 회피 성공률이 정체된 상황이었습니다. 저는 팀 내 중재자를 자처하며 각 파트의 업무 범위를 구체적으로 정의한 'R&R 기술서'를 작성했습니다. 이를 통해 불필요한 오해를 줄이고 각자의 책임 영역을 명확히 했습니다. 또한, 모든 팀원이 실시간으로 코드와 설계 도면을 확인할 수 있도록 공용 클라우드 환경을 구축하여 정보 비대칭을 해소했습니다. 주간 단위의 통합 테스트 일정을 수립하여 하드웨어와 소프트웨어의 정합성을 지속적으로 점검한 결과, 최종 테스트에서 98%의 장애물 회피 성공률을 기록하며 경진대회 은상을 수상했습니다.

이 과정에서 개별 면담을 통해 팀원들의 고충을 경청하고 감정적인 골을 메우는 데 주력했습니다. 이러한 갈등 관리 역량과 체계적인 협업 시스템 구축 경험은 다양한 이해관계자가 얽혀 있는 LG에너지솔루션의 전략 기획 업무에서 부서 간 협력을 이끌어내고 전사적 목표를 달성하는 밑거름이 될 것입니다.",bachelor_graduate,아주대학교,기계공학,semiconductor,energy,manufacturing,planning_strategy,quality,engineering_hw,프로젝트,자율주행 RC카 제어 최적화 및 팀 내 갈등 중재,"· 캡스톤 디자인 프로젝트에서 자율주행 RC카의 하드웨어 설계 및 제어 알고리즘 최적화를 맡았습니다.
· 개발 과정에서 하드웨어 담당과 소프트웨어 담당 팀원 간의 역할 경계가 모호해지며 업무 효율이 저하되는 갈등이 발생했습니다.","· 학기 종료 전까지 장애물 회피 성공률 95% 이상을 달성하고, 팀 내 협력 체계를 재정비해야 했습니다.","· 먼저 각 파트의 업무 범위를 명확히 정의한 'R&R 기술서'를 작성하여 팀원들의 동의를 구했습니다.
· 이후 주간 단위의 통합 테스트 일정을 수립하여 하드웨어와 소프트웨어의 정합성을 주기적으로 점검했습니다.
· 또한 갈등이 깊어진 팀원들 사이에서 중재자 역할을 자처하며 개별 면담을 통해 서로의 고충을 전달하고 화해를 유도했습니다.
· 마지막으로 공용 클라우드를 구축하여 모든 코드와 설계 도면을 실시간으로 공유하는 투명한 협업 환경을 만들었습니다.","· 역할의 모호함이 갈등의 근본 원인이라 판단하여 명확한 기준을 세우는 것이 우선이라고 생각했습니다.
· 기술적 완성도는 팀원 간의 원활한 소통과 정보 공유가 전제될 때 비로소 달성될 수 있다고 믿었습니다.",· 최종 테스트에서 장애물 회피 성공률 98%를 기록하며 학과 내 프로젝트 경진대회에서 은상을 수상했습니다.,3,협업·팀워크,갈등 관리 및 조율,팀원 간의 의견 차이를 조정하고 상호 신뢰를 구축하여 공동의 목표를 달성하도록 돕는 능력입니다.,· 팀 내 R&R을 재정립하고 개인 간의 오해를 풀어내는 중재자 역할을 수행하며 팀의 결속력을 강화했습니다.,문제해결 능력,시스템 최적화,발생한 문제의 원인을 다각도로 분석하고 이를 해결하기 위한 최적의 대안을 찾아 실행하는 능력입니다.,· 하드웨어와 소프트웨어의 충돌 지점을 통합 테스트를 통해 발견하고 제어 알고리즘을 수정하여 목표 성능을 달성했습니다.,커뮤니케이션 역량,이해관계자 소통,자신의 의견을 명확하게 전달하고 타인의 의견을 경청하여 원활한 의사소통 환경을 조성하는 능력입니다.,· 개별 면담과 정기 회의를 통해 팀원들의 고충을 수렴하고 프로젝트 진행 상황을 투명하게 공유하여 소통의 벽을 낮췄습니다.
P0007,P0007_01,P0007_CO02_Q02_D01,P0007_CO02_Q02_D01,P0007_CO02,LG에너지솔루션_공채,LG에너지솔루션,전략기획,경영전략팀,2025.10.20,"P0007_02,P0007_01",2,1,버전 1,공동의 목표를 달성하기 위해 타인과 협력했던 경험과 그 과정에서 본인의 역할을 기술하십시오.,"[R&R 명확화와 투명한 공유로 이끌어낸 시너지]

협업의 핵심은 '명확한 기준'과 '투명한 소통'에 있다고 믿습니다. 자율주행 RC카 제어 최적화 프로젝트 당시, 팀 내 하드웨어와 소프트웨어 파트 간의 업무 경계가 모호해지며 발생한 갈등을 해결하고 목표를 달성한 경험이 있습니다.

당시 업무 효율 저하로 인해 장애물 회피 성공률이 정체된 상황이었습니다. 저는 팀 내 중재자를 자처하며 각 파트의 업무 범위를 구체적으로 정의한 'R&R 기술서'를 작성했습니다. 이를 통해 불필요한 오해를 줄이고 각자의 책임 영역을 명확히 했습니다. 또한, 모든 팀원이 실시간으로 코드와 설계 도면을 확인할 수 있도록 공용 클라우드 환경을 구축하여 정보 비대칭을 해소했습니다. 주간 단위의 통합 테스트 일정을 수립하여 하드웨어와 소프트웨어의 정합성을 지속적으로 점검한 결과, 최종 테스트에서 98%의 장애물 회피 성공률을 기록하며 경진대회 은상을 수상했습니다.

이 과정에서 개별 면담을 통해 팀원들의 고충을 경청하고 감정적인 골을 메우는 데 주력했습니다. 이러한 갈등 관리 역량과 체계적인 협업 시스템 구축 경험은 다양한 이해관계자가 얽혀 있는 LG에너지솔루션의 전략 기획 업무에서 부서 간 협력을 이끌어내고 전사적 목표를 달성하는 밑거름이 될 것입니다.",bachelor_graduate,아주대학교,기계공학,semiconductor,energy,manufacturing,planning_strategy,quality,engineering_hw,공모전,1.2만 건 논문 분석을 통한 차세대 배터리 전략 수립,"· 차세대 에너지 저장 장치 시장 분석 공모전에 팀장으로 참여하여 기술 트렌드 분석을 담당했습니다.
· 초기에는 방대한 학술 자료와 기술 용어의 장벽으로 인해 유의미한 전략 도출에 어려움을 겪었습니다.",· 3개월 내에 1.2만 건의 국내외 학술 논문 및 특허 데이터를 분석하여 향후 5년의 기술 로드맵을 제시하는 것이 목표였습니다.,"· 먼저 텍스트 마이닝 기법을 도입하여 핵심 키워드 간의 상관관계를 시각화하고 기술의 흐름을 파악했습니다.
· 이후 분석의 정밀도를 높이기 위해 주요 기술별로 카테고리를 재분류하고 각 기술의 상용화 단계를 수치화했습니다.
· 또한 팀원들과 매일 분석 내용을 공유하며 기술적 타당성을 검토하는 피드백 세션을 운영했습니다.
· 마지막으로 도출된 데이터를 바탕으로 기업이 집중해야 할 3대 핵심 기술 분야를 선정하여 제안서를 완성했습니다.","· 단순한 정성적 분석보다는 데이터에 기반한 정량적 분석이 전략의 객관성을 확보할 수 있다고 판단했습니다.
· 팀원 간의 지속적인 피드백은 기술적 오류를 줄이고 분석의 깊이를 더하기 위한 필수적인 과정이었습니다.","· 분석의 논리성을 인정받아 공모전에서 최우수상을 수상했으며, 데이터 분석 툴 활용 능력을 크게 향상시켰습니다.",3,정보수집·분석 역량,데이터 구조화 및 분석,방대한 자료 속에서 유의미한 정보를 추출하고 이를 체계적으로 분류하여 통찰을 도출하는 능력입니다.,· 1.2만 건의 논문 데이터를 텍스트 마이닝과 카테고리 분류를 통해 전략적 인사이트로 전환하며 분석 역량을 증명했습니다.,전략·기획 역량,기술 로드맵 수립,목표 달성을 위해 현재 상황을 진단하고 단계별 실행 계획 및 우선순위를 설정하는 능력입니다.,· 분석된 기술 트렌드를 바탕으로 기업의 미래 먹거리가 될 3대 핵심 분야를 선정하여 실질적인 전략 방향을 제시했습니다.,디지털·기술 활용 역량,데이터 분석 툴 활용,업무 효율성과 정확도를 높이기 위해 최신 디지털 도구 및 기술을 능숙하게 사용하는 능력입니다.,· 수작업의 한계를 극복하기 위해 텍스트 마이닝 기법을 직접 도입하여 대규모 데이터 처리의 효율성을 극대화했습니다.
P0007,P0007_03,P0007_CO03_Q01_D01,P0007_CO03_Q01_D01,P0007_CO03,SK하이닉스_하반기,SK하이닉스,양산관리,제조/기술,2025.9.20,"P0007_03,P0007_02",1,1,버전 1,"자신에게 주어졌던 일 중 가장 어려웠던 경험은 무엇이었으며, 어떻게 극복했는지 기술하십시오.","[한계를 넘어서는 집요함으로 달성한 공정 최적화]

반도체 공정 실습 교육 당시, Photo 공정에서 발생하는 원인 불명의 패턴 불량을 해결해야 했던 경험이 가장 도전적이었습니다. 학부에서 배운 이론만으로는 실제 장비에서 발생하는 미세한 변수들을 통제하기 어려웠습니다.

저는 포기하지 않고 160시간의 교육 기간 동안 매일 공정 변수와 결과값의 상관관계를 데이터 시트로 기록했습니다. 특히 불량 원인을 파악하기 위해 노광 시간과 현상액 농도를 0.1단위로 정밀하게 조정하며 수십 차례의 실험을 반복했습니다. 이 과정에서 조장으로서 조원들의 안전 수칙 준수를 독려하고 장비 사용 순서를 효율적으로 배치하여 실습 시간을 단축하는 운영의 묘를 발휘하기도 했습니다. 결과적으로 불량 원인을 규명하여 공정 안정화를 이루어냈고, 실습 평가 상위 5%라는 성적을 거둘 수 있었습니다.

또한, 캡스톤 디자인 프로젝트에서도 자율주행 RC카의 제어 알고리즘 최적화라는 난관에 부딪혔으나, 하드웨어와 소프트웨어의 통합 테스트를 주간 단위로 시행하며 시스템의 정합성을 맞추어 나갔습니다. 이러한 집요한 문제 해결 의지와 데이터 기반의 분석 태도는 SK하이닉스의 양산 현장에서 발생하는 예기치 못한 이슈를 신속하고 정확하게 해결하는 데 큰 힘이 될 것입니다.",bachelor_graduate,아주대학교,기계공학,semiconductor,energy,manufacturing,planning_strategy,quality,engineering_hw,자격증,반도체 공정 실습 교육 이수 및 직무 전문성 강화,"· 반도체 산업으로의 취업을 희망했으나, 학부 수업만으로는 실제 클린룸 공정 장비에 대한 이해도가 부족하다고 느꼈습니다.
· 이론과 실제의 간극을 메우기 위해 외부 전문 교육 기관의 공정 실습 프로그램에 참여했습니다.","· 160시간의 집중 교육을 통해 8대 공정의 메커니즘을 완벽히 이해하고, 실제 웨이퍼 패턴 형성 공정을 성공적으로 수행하는 것이 목표였습니다.","· 먼저 공정 전 이론 교육 내용을 매일 복기하며 공정 변수가 결과에 미치는 영향을 데이터 시트로 정리했습니다.
· 이후 실습 과정에서 발생한 Photo 공정의 불량 원인을 파악하기 위해 노광 시간과 현상액 농도를 정밀하게 조정하며 실험했습니다.
· 또한 실습 조장으로서 조원들의 안전 수칙 준수를 독려하고 장비 사용 순서를 효율적으로 배치하여 실습 시간을 단축했습니다.
· 마지막으로 교육 종료 후 학습한 내용을 바탕으로 '반도체 공정 분석 보고서'를 작성하여 지식을 내재화했습니다.","· 실무 역량은 직접 장비를 다루며 변수를 제어해 보는 과정에서 가장 효과적으로 습득된다고 판단했습니다.
· 철저한 기록과 복습은 단기간의 교육 내용을 장기적인 직무 전문성으로 전환하기 위한 최선의 방법이었습니다.","· 공정 실습 평가에서 상위 5%의 성적을 거두었으며, 반도체 제조 공정에 대한 실전 감각을 확보했습니다.",3,학습·성장 역량,자기주도적 전문성 확보,자신의 부족한 점을 파악하고 이를 보완하기 위해 스스로 학습 계획을 세워 실천하는 능력입니다.,· 전공 지식의 한계를 극복하기 위해 외부 실습 교육에 자발적으로 참여하고 보고서를 작성하며 전문성을 쌓았습니다.,실행력·업무처리 능력,공정 효율화 및 완수,주어진 업무를 정해진 시간 내에 정확하게 처리하고 목표를 달성하기 위해 끈기 있게 실행하는 능력입니다.,· 실습 조장으로서 장비 활용 순서를 최적화하여 제한된 시간 내에 모든 조원이 실습을 마칠 수 있도록 지원했습니다.,창의·혁신 역량,공정 불량 원인 개선,기존의 방식에 의문을 제기하고 새로운 시각이나 접근법을 통해 성과를 개선하는 능력입니다.,· 반복되는 불량 문제를 해결하기 위해 공정 변수를 다각도로 변경하며 최적의 노광 조건을 찾아내어 수율을 개선했습니다.
P0007,P0007_02,P0007_CO03_Q01_D01,P0007_CO03_Q01_D01,P0007_CO03,SK하이닉스_하반기,SK하이닉스,양산관리,제조/기술,2025.9.20,"P0007_03,P0007_02",1,1,버전 1,"자신에게 주어졌던 일 중 가장 어려웠던 경험은 무엇이었으며, 어떻게 극복했는지 기술하십시오.","[한계를 넘어서는 집요함으로 달성한 공정 최적화]

반도체 공정 실습 교육 당시, Photo 공정에서 발생하는 원인 불명의 패턴 불량을 해결해야 했던 경험이 가장 도전적이었습니다. 학부에서 배운 이론만으로는 실제 장비에서 발생하는 미세한 변수들을 통제하기 어려웠습니다.

저는 포기하지 않고 160시간의 교육 기간 동안 매일 공정 변수와 결과값의 상관관계를 데이터 시트로 기록했습니다. 특히 불량 원인을 파악하기 위해 노광 시간과 현상액 농도를 0.1단위로 정밀하게 조정하며 수십 차례의 실험을 반복했습니다. 이 과정에서 조장으로서 조원들의 안전 수칙 준수를 독려하고 장비 사용 순서를 효율적으로 배치하여 실습 시간을 단축하는 운영의 묘를 발휘하기도 했습니다. 결과적으로 불량 원인을 규명하여 공정 안정화를 이루어냈고, 실습 평가 상위 5%라는 성적을 거둘 수 있었습니다.

또한, 캡스톤 디자인 프로젝트에서도 자율주행 RC카의 제어 알고리즘 최적화라는 난관에 부딪혔으나, 하드웨어와 소프트웨어의 통합 테스트를 주간 단위로 시행하며 시스템의 정합성을 맞추어 나갔습니다. 이러한 집요한 문제 해결 의지와 데이터 기반의 분석 태도는 SK하이닉스의 양산 현장에서 발생하는 예기치 못한 이슈를 신속하고 정확하게 해결하는 데 큰 힘이 될 것입니다.",bachelor_graduate,아주대학교,기계공학,semiconductor,energy,manufacturing,planning_strategy,quality,engineering_hw,프로젝트,자율주행 RC카 제어 최적화 및 팀 내 갈등 중재,"· 캡스톤 디자인 프로젝트에서 자율주행 RC카의 하드웨어 설계 및 제어 알고리즘 최적화를 맡았습니다.
· 개발 과정에서 하드웨어 담당과 소프트웨어 담당 팀원 간의 역할 경계가 모호해지며 업무 효율이 저하되는 갈등이 발생했습니다.","· 학기 종료 전까지 장애물 회피 성공률 95% 이상을 달성하고, 팀 내 협력 체계를 재정비해야 했습니다.","· 먼저 각 파트의 업무 범위를 명확히 정의한 'R&R 기술서'를 작성하여 팀원들의 동의를 구했습니다.
· 이후 주간 단위의 통합 테스트 일정을 수립하여 하드웨어와 소프트웨어의 정합성을 주기적으로 점검했습니다.
· 또한 갈등이 깊어진 팀원들 사이에서 중재자 역할을 자처하며 개별 면담을 통해 서로의 고충을 전달하고 화해를 유도했습니다.
· 마지막으로 공용 클라우드를 구축하여 모든 코드와 설계 도면을 실시간으로 공유하는 투명한 협업 환경을 만들었습니다.","· 역할의 모호함이 갈등의 근본 원인이라 판단하여 명확한 기준을 세우는 것이 우선이라고 생각했습니다.
· 기술적 완성도는 팀원 간의 원활한 소통과 정보 공유가 전제될 때 비로소 달성될 수 있다고 믿었습니다.",· 최종 테스트에서 장애물 회피 성공률 98%를 기록하며 학과 내 프로젝트 경진대회에서 은상을 수상했습니다.,3,협업·팀워크,갈등 관리 및 조율,팀원 간의 의견 차이를 조정하고 상호 신뢰를 구축하여 공동의 목표를 달성하도록 돕는 능력입니다.,· 팀 내 R&R을 재정립하고 개인 간의 오해를 풀어내는 중재자 역할을 수행하며 팀의 결속력을 강화했습니다.,문제해결 능력,시스템 최적화,발생한 문제의 원인을 다각도로 분석하고 이를 해결하기 위한 최적의 대안을 찾아 실행하는 능력입니다.,· 하드웨어와 소프트웨어의 충돌 지점을 통합 테스트를 통해 발견하고 제어 알고리즘을 수정하여 목표 성능을 달성했습니다.,커뮤니케이션 역량,이해관계자 소통,자신의 의견을 명확하게 전달하고 타인의 의견을 경청하여 원활한 의사소통 환경을 조성하는 능력입니다.,· 개별 면담과 정기 회의를 통해 팀원들의 고충을 수렴하고 프로젝트 진행 상황을 투명하게 공유하여 소통의 벽을 낮췄습니다.
P0007,P0007_01,P0007_CO03_Q02_D01,P0007_CO03_Q02_D01,P0007_CO03,SK하이닉스_하반기,SK하이닉스,양산관리,제조/기술,2025.9.20,"P0007_01,P0007_03",2,1,버전 1,지원 분야와 관련하여 특정 영역의 전문성을 키우기 위해 노력한 경험을 기술해 주십시오.,"[데이터 분석과 공정 실무를 아우르는 융합형 엔지니어]

SK하이닉스의 양산관리 직무는 방대한 제조 데이터를 분석하여 최적의 생산 효율을 도출하는 능력이 필수적입니다. 저는 이를 위해 데이터 구조화 역량과 반도체 공정 실무 지식을 동시에 쌓아왔습니다.

첫째, 데이터 분석 역량입니다. 에너지 시장 분석 공모전에서 1.2만 건의 논문과 특허 데이터를 텍스트 마이닝 기법으로 분석했습니다. 기술 간 상관관계를 시각화하고 상용화 단계를 수치화하여 기술 로드맵을 수립한 경험은, 양산 현장의 복잡한 데이터를 구조화하여 유의미한 인사이트를 뽑아내는 밑거름이 되었습니다. 당시 도출한 데이터의 논리성을 인정받아 최우수상을 수상하며 전략적 사고력을 검증받았습니다.

둘째, 실전 공정 역량입니다. 이론과 현장의 간극을 줄이기 위해 외부 전문 기관에서 반도체 8대 공정 실습을 이수했습니다. 실제 클린룸에서 웨이퍼 패턴 형성 공정을 수행하며 공정 변수 제어의 중요성을 체득했습니다. 실습 후에는 '반도체 공정 분석 보고서'를 작성하여 학습한 내용을 지식화했습니다.

이러한 저의 노력은 SK하이닉스에서 데이터에 기반하여 공정 불량을 예측하고 생산 수율을 극대화하는 데 기여할 것입니다. 분석적 사고와 실무 지식을 결합하여 SK하이닉스의 제조 경쟁력을 한 단계 높이는 엔지니어가 되겠습니다.",bachelor_graduate,아주대학교,기계공학,semiconductor,energy,manufacturing,planning_strategy,quality,engineering_hw,공모전,1.2만 건 논문 분석을 통한 차세대 배터리 전략 수립,"· 차세대 에너지 저장 장치 시장 분석 공모전에 팀장으로 참여하여 기술 트렌드 분석을 담당했습니다.
· 초기에는 방대한 학술 자료와 기술 용어의 장벽으로 인해 유의미한 전략 도출에 어려움을 겪었습니다.",· 3개월 내에 1.2만 건의 국내외 학술 논문 및 특허 데이터를 분석하여 향후 5년의 기술 로드맵을 제시하는 것이 목표였습니다.,"· 먼저 텍스트 마이닝 기법을 도입하여 핵심 키워드 간의 상관관계를 시각화하고 기술의 흐름을 파악했습니다.
· 이후 분석의 정밀도를 높이기 위해 주요 기술별로 카테고리를 재분류하고 각 기술의 상용화 단계를 수치화했습니다.
· 또한 팀원들과 매일 분석 내용을 공유하며 기술적 타당성을 검토하는 피드백 세션을 운영했습니다.
· 마지막으로 도출된 데이터를 바탕으로 기업이 집중해야 할 3대 핵심 기술 분야를 선정하여 제안서를 완성했습니다.","· 단순한 정성적 분석보다는 데이터에 기반한 정량적 분석이 전략의 객관성을 확보할 수 있다고 판단했습니다.
· 팀원 간의 지속적인 피드백은 기술적 오류를 줄이고 분석의 깊이를 더하기 위한 필수적인 과정이었습니다.","· 분석의 논리성을 인정받아 공모전에서 최우수상을 수상했으며, 데이터 분석 툴 활용 능력을 크게 향상시켰습니다.",3,정보수집·분석 역량,데이터 구조화 및 분석,방대한 자료 속에서 유의미한 정보를 추출하고 이를 체계적으로 분류하여 통찰을 도출하는 능력입니다.,· 1.2만 건의 논문 데이터를 텍스트 마이닝과 카테고리 분류를 통해 전략적 인사이트로 전환하며 분석 역량을 증명했습니다.,전략·기획 역량,기술 로드맵 수립,목표 달성을 위해 현재 상황을 진단하고 단계별 실행 계획 및 우선순위를 설정하는 능력입니다.,· 분석된 기술 트렌드를 바탕으로 기업의 미래 먹거리가 될 3대 핵심 분야를 선정하여 실질적인 전략 방향을 제시했습니다.,디지털·기술 활용 역량,데이터 분석 툴 활용,업무 효율성과 정확도를 높이기 위해 최신 디지털 도구 및 기술을 능숙하게 사용하는 능력입니다.,· 수작업의 한계를 극복하기 위해 텍스트 마이닝 기법을 직접 도입하여 대규모 데이터 처리의 효율성을 극대화했습니다.
P0007,P0007_03,P0007_CO03_Q02_D01,P0007_CO03_Q02_D01,P0007_CO03,SK하이닉스_하반기,SK하이닉스,양산관리,제조/기술,2025.9.20,"P0007_01,P0007_03",2,1,버전 1,지원 분야와 관련하여 특정 영역의 전문성을 키우기 위해 노력한 경험을 기술해 주십시오.,"[데이터 분석과 공정 실무를 아우르는 융합형 엔지니어]

SK하이닉스의 양산관리 직무는 방대한 제조 데이터를 분석하여 최적의 생산 효율을 도출하는 능력이 필수적입니다. 저는 이를 위해 데이터 구조화 역량과 반도체 공정 실무 지식을 동시에 쌓아왔습니다.

첫째, 데이터 분석 역량입니다. 에너지 시장 분석 공모전에서 1.2만 건의 논문과 특허 데이터를 텍스트 마이닝 기법으로 분석했습니다. 기술 간 상관관계를 시각화하고 상용화 단계를 수치화하여 기술 로드맵을 수립한 경험은, 양산 현장의 복잡한 데이터를 구조화하여 유의미한 인사이트를 뽑아내는 밑거름이 되었습니다. 당시 도출한 데이터의 논리성을 인정받아 최우수상을 수상하며 전략적 사고력을 검증받았습니다.

둘째, 실전 공정 역량입니다. 이론과 현장의 간극을 줄이기 위해 외부 전문 기관에서 반도체 8대 공정 실습을 이수했습니다. 실제 클린룸에서 웨이퍼 패턴 형성 공정을 수행하며 공정 변수 제어의 중요성을 체득했습니다. 실습 후에는 '반도체 공정 분석 보고서'를 작성하여 학습한 내용을 지식화했습니다.

이러한 저의 노력은 SK하이닉스에서 데이터에 기반하여 공정 불량을 예측하고 생산 수율을 극대화하는 데 기여할 것입니다. 분석적 사고와 실무 지식을 결합하여 SK하이닉스의 제조 경쟁력을 한 단계 높이는 엔지니어가 되겠습니다.",bachelor_graduate,아주대학교,기계공학,semiconductor,energy,manufacturing,planning_strategy,quality,engineering_hw,자격증,반도체 공정 실습 교육 이수 및 직무 전문성 강화,"· 반도체 산업으로의 취업을 희망했으나, 학부 수업만으로는 실제 클린룸 공정 장비에 대한 이해도가 부족하다고 느꼈습니다.
· 이론과 실제의 간극을 메우기 위해 외부 전문 교육 기관의 공정 실습 프로그램에 참여했습니다.","· 160시간의 집중 교육을 통해 8대 공정의 메커니즘을 완벽히 이해하고, 실제 웨이퍼 패턴 형성 공정을 성공적으로 수행하는 것이 목표였습니다.","· 먼저 공정 전 이론 교육 내용을 매일 복기하며 공정 변수가 결과에 미치는 영향을 데이터 시트로 정리했습니다.
· 이후 실습 과정에서 발생한 Photo 공정의 불량 원인을 파악하기 위해 노광 시간과 현상액 농도를 정밀하게 조정하며 실험했습니다.
· 또한 실습 조장으로서 조원들의 안전 수칙 준수를 독려하고 장비 사용 순서를 효율적으로 배치하여 실습 시간을 단축했습니다.
· 마지막으로 교육 종료 후 학습한 내용을 바탕으로 '반도체 공정 분석 보고서'를 작성하여 지식을 내재화했습니다.","· 실무 역량은 직접 장비를 다루며 변수를 제어해 보는 과정에서 가장 효과적으로 습득된다고 판단했습니다.
· 철저한 기록과 복습은 단기간의 교육 내용을 장기적인 직무 전문성으로 전환하기 위한 최선의 방법이었습니다.","· 공정 실습 평가에서 상위 5%의 성적을 거두었으며, 반도체 제조 공정에 대한 실전 감각을 확보했습니다.",3,학습·성장 역량,자기주도적 전문성 확보,자신의 부족한 점을 파악하고 이를 보완하기 위해 스스로 학습 계획을 세워 실천하는 능력입니다.,· 전공 지식의 한계를 극복하기 위해 외부 실습 교육에 자발적으로 참여하고 보고서를 작성하며 전문성을 쌓았습니다.,실행력·업무처리 능력,공정 효율화 및 완수,주어진 업무를 정해진 시간 내에 정확하게 처리하고 목표를 달성하기 위해 끈기 있게 실행하는 능력입니다.,· 실습 조장으로서 장비 활용 순서를 최적화하여 제한된 시간 내에 모든 조원이 실습을 마칠 수 있도록 지원했습니다.,창의·혁신 역량,공정 불량 원인 개선,기존의 방식에 의문을 제기하고 새로운 시각이나 접근법을 통해 성과를 개선하는 능력입니다.,· 반복되는 불량 문제를 해결하기 위해 공정 변수를 다각도로 변경하며 최적의 노광 조건을 찾아내어 수율을 개선했습니다.
P0008,P0008_02,P0008_CO01_Q01_D01,P0008_CO01_Q01_D01,P0008_CO01,현대글로비스_하반기,현대글로비스,물류 전략 및 SCM,물류사업부,2025.10.15,"P0008_02,P0008_01",1,1,버전 1,"지원하신 직무와 관련하여 본인이 갖춘 핵심 역량은 무엇이며, 이를 발휘하여 성과를 창출한 경험을 기술해 주십시오.","데이터 분석을 통한 프로세스 최적화와 글로벌 시장에 대한 통찰력이 저의 핵심 역량입니다. 현대글로비스의 물류 경쟁력은 복잡한 공급망을 얼마나 효율적으로 구조화하느냐에 달려있다고 생각합니다. 저는 학내 경영과학 소모임에서 라스트마일 배송 효율화를 위한 라우팅 최적화 모델 설계 프로젝트를 주도하며 이를 증명했습니다. 당시 배송 경로 복잡화로 인한 비용 문제를 해결하기 위해 파이썬의 최적화 라이브러리를 활용하여 차량 경로 문제(VRP) 모델을 구축했습니다. 특히 실시간 교통 상황 변수를 가중치로 설정하여 가변적인 최적 경로를 도출하도록 로직을 설계한 결과, 기존 선입선출 방식 대비 이동 거리를 약 18% 단축하는 성과를 거두었습니다. 또한, 글로벌 부품사 인턴 당시 동남아 시장의 소비 트렌드와 경쟁사 정책을 데이터로 시각화하여 프리미엄 보증 서비스 결합이라는 차별화된 영업 전략을 제안한 경험이 있습니다. 이러한 데이터 기반의 문제 해결 능력과 시장 분석력을 바탕으로 현대글로비스의 글로벌 물류 네트워크를 더욱 정교하게 고도화하겠습니다.",bachelor_attending,성균관대학교,경제학,logistics_transport,it_software,manufacturing,planning_strategy,sales,logistics_scm,프로젝트,물류 프로세스 효율화를 위한 라우팅 최적화 모델 설계,"· 학내 경영과학 소모임에서 라스트마일 배송 효율성을 높이기 위한 가상의 물류 최적화 프로젝트를 진행했습니다.
· 배송 경로가 복잡해질수록 유류비와 인건비가 기하급수적으로 증가하는 물류 산업의 고질적인 비용 문제를 해결하고자 했습니다.",· 기존 경로 대비 총 이동 거리를 15% 이상 단축할 수 있는 알고리즘 기반의 배송 라우팅 모델을 설계하는 것이 목표였습니다.,"· 먼저 오픈 소스 지도 API를 활용하여 특정 구역의 배송지 좌표 데이터를 확보했습니다.
· 이후 파이썬(Python)의 최적화 라이브러리를 사용하여 차량 경로 문제(VRP) 모델을 구축했습니다.
· 또한, 실시간 교통 상황 변수를 가중치로 설정하여 시간대별 최적 경로가 가변적으로 도출되도록 로직을 수정했습니다.
· 마지막으로 시뮬레이션을 통해 기존 선입선출 방식의 배송 경로와 최적화 경로의 효율성을 비교 검증했습니다.","· 물류 산업에서 비용 절감의 핵심은 거리 단축뿐만 아니라 시간의 예측 가능성에 있다고 판단하여 실시간 변수를 도입했습니다.
· 이론적인 모델에 그치지 않고 실제 지도 데이터를 대입해봄으로써 실무 적용 가능성을 확인하고자 했습니다.","· 시뮬레이션 결과 기존 경로 대비 이동 거리를 약 18% 단축하는 성과를 거두었으며, 소모임 내 최종 발표에서 최우수상을 수상했습니다.",3,문제해결 능력,논리적 문제 구조화,복잡한 현상의 원인을 파악하고 논리적 사고를 통해 실질적인 해결 대안을 제시하는 능력입니다.,· 물류 비용 증가라는 막연한 문제를 경로 최적화라는 구체적인 과제로 정의하고 알고리즘을 통해 해답을 찾아냈습니다.,실행력·업무처리 능력,목표 달성 집념,설정한 목표를 완수하기 위해 필요한 자원을 동원하고 끝까지 업무를 밀고 나가는 추진력입니다.,· 기술적 한계에 부딪힐 때마다 관련 라이브러리를 독학하며 모델의 완성도를 높여 목표했던 수치 이상의 결과를 냈습니다.,학습·성장 역량,자기주도적 기술 습득,변화하는 환경에 맞춰 필요한 지식과 기술을 스스로 학습하고 이를 실무에 적용하는 능력입니다.,· 비전공자임에도 불구하고 프로젝트 성공을 위해 데이터 분석 언어와 최적화 이론을 스스로 학습하여 결과물에 녹여냈습니다.
P0008,P0008_01,P0008_CO01_Q01_D01,P0008_CO01_Q01_D01,P0008_CO01,현대글로비스_하반기,현대글로비스,물류 전략 및 SCM,물류사업부,2025.10.15,"P0008_02,P0008_01",1,1,버전 1,"지원하신 직무와 관련하여 본인이 갖춘 핵심 역량은 무엇이며, 이를 발휘하여 성과를 창출한 경험을 기술해 주십시오.","데이터 분석을 통한 프로세스 최적화와 글로벌 시장에 대한 통찰력이 저의 핵심 역량입니다. 현대글로비스의 물류 경쟁력은 복잡한 공급망을 얼마나 효율적으로 구조화하느냐에 달려있다고 생각합니다. 저는 학내 경영과학 소모임에서 라스트마일 배송 효율화를 위한 라우팅 최적화 모델 설계 프로젝트를 주도하며 이를 증명했습니다. 당시 배송 경로 복잡화로 인한 비용 문제를 해결하기 위해 파이썬의 최적화 라이브러리를 활용하여 차량 경로 문제(VRP) 모델을 구축했습니다. 특히 실시간 교통 상황 변수를 가중치로 설정하여 가변적인 최적 경로를 도출하도록 로직을 설계한 결과, 기존 선입선출 방식 대비 이동 거리를 약 18% 단축하는 성과를 거두었습니다. 또한, 글로벌 부품사 인턴 당시 동남아 시장의 소비 트렌드와 경쟁사 정책을 데이터로 시각화하여 프리미엄 보증 서비스 결합이라는 차별화된 영업 전략을 제안한 경험이 있습니다. 이러한 데이터 기반의 문제 해결 능력과 시장 분석력을 바탕으로 현대글로비스의 글로벌 물류 네트워크를 더욱 정교하게 고도화하겠습니다.",bachelor_attending,성균관대학교,경제학,logistics_transport,it_software,manufacturing,planning_strategy,sales,logistics_scm,인턴,모빌리티 부품사 마케팅 분석 및 영업 전략 수립,"· 글로벌 자동차 부품 제조사의 마케팅 팀 인턴으로서 동남아시아 신규 시장 진출을 위한 경쟁사 분석 과제를 맡았습니다.
· 당시 현지 저가형 브랜드의 공세로 인해 자사 제품의 시장 점유율이 하락하고 있었으며, 차별화된 영업 포인트 발굴이 시급한 상황이었습니다.",· 향후 2년간의 시장 점유율 5% 반등을 위한 데이터 기반의 타겟 고객 세분화 및 제품 포지셔닝 전략안 작성을 목표로 삼았습니다.,"· 먼저 유로모니터와 현지 통계청 자료를 활용하여 최근 3개년 소비 트렌드 데이터를 수집하고 시각화했습니다.
· 이후 경쟁사 10곳의 가격 정책과 주요 기능을 비교 분석하여 자사 제품이 가진 내구성 우위라는 핵심 가치를 도출했습니다.
· 또한, 생성형 AI 도구를 활용해 현지 고객들의 리뷰 5,000건을 텍스트 마이닝하여 품질 불만 요소를 카테고리화했습니다.
· 마지막으로 분석 결과를 바탕으로 고관여 고객층을 겨냥한 프리미엄 보증 서비스 결합 영업 패키지를 제안했습니다.","· 단순한 가격 경쟁으로는 저가 브랜드와의 승산이 낮다고 판단하여 데이터에 기반한 고부가가치 전략을 선택했습니다.
· 고객의 실제 목소리(VOC)를 분석하는 것이 현지 시장의 페인 포인트를 정확히 짚어낼 수 있는 가장 객관적인 방법이라 믿었기 때문입니다.","· 제안한 전략 중 일부가 실제 하반기 영업 가이드라인에 반영되었으며, 분석 보고서는 팀 내 우수 사례로 선정되었습니다.",3,정보수집·분석 역량,데이터 기반 시장 분석력,방대한 자료 속에서 유의미한 정보를 추출하고 이를 비즈니스 의사결정에 활용 가능한 인사이트로 변환하는 능력입니다.,"· 통계 자료와 텍스트 마이닝 기법을 결합하여 시장의 공백을 찾아내고, 이를 수치화된 보고서로 증명해 보였습니다.",전략·기획 역량,비즈니스 포지셔닝 기획,목표 달성을 위해 자원을 효율적으로 배분하고 경쟁 우위를 점할 수 있는 최적의 방안을 설계하는 능력입니다.,"· 경쟁사 분석을 통해 자사만의 차별화 요소를 발굴하고, 이를 영업 패키지라는 구체적인 전략 상품으로 기획했습니다.",디지털·기술 활용 역량,AI 및 데이터 툴 활용,최신 디지털 도구와 기술을 활용하여 업무의 효율성을 높이고 고도화된 분석 결과를 도출하는 능력입니다.,· 수천 건의 고객 리뷰를 수동으로 분석하는 대신 생성형 AI를 활용하여 분석 시간을 70% 단축하고 정확도를 높였습니다.
P0008,P0008_03,P0008_CO01_Q02_D01,P0008_CO01_Q02_D01,P0008_CO01,현대글로비스_하반기,현대글로비스,물류 전략 및 SCM,물류사업부,2025.10.15,"P0008_03,P0008_02",2,1,버전 1,공동의 목표를 달성하기 위해 타인과 협업했던 경험과 그 과정에서 본인의 역할을 구체적으로 설명해 주십시오.,"다양한 문화적 배경을 가진 팀원들과의 소통을 조율하며 공동의 목표를 달성하는 '글로벌 조율자'로서의 강점이 있습니다. IT 서비스 글로벌 서포터즈 활동 당시, 6개국 대학생 팀원들과 함께 콘텐츠를 제작하며 시차와 문화 차이로 인한 소통 오류를 겪었습니다. 저는 한국팀 팀장으로서 협업 툴인 Notion과 Slack을 선제적으로 도입하여 비동기식 업무 보고 체계를 구축했습니다. 이는 시차에 구애받지 않고 업무 흐름을 파악할 수 있게 하여 정보의 투명성을 높였습니다. 또한, 각 팀원의 강점을 파악해 기획, 디자인, 번역 등으로 역할을 명확히 배분하고, 갈등 발생 시 중재자 역할을 수행하며 심리적 안전감을 조성했습니다. 그 결과, 목표했던 조회수를 120% 초과 달성하며 '베스트 글로벌 팀'으로 선정되었습니다. 이러한 협업 경험은 현대글로비스의 수많은 해외 거점 및 파트너사들과 원활하게 소통하고 협력하는 데 밑거름이 될 것입니다.",bachelor_attending,성균관대학교,경제학,logistics_transport,it_software,manufacturing,planning_strategy,sales,logistics_scm,대외활동,글로벌 서포터즈 활동을 통한 다국적 협업 및 홍보,"· 6개국 대학생들이 참여하는 IT 서비스 글로벌 서포터즈에 선발되어 한국팀 팀장으로 활동했습니다.
· 서로 다른 문화적 배경과 시차로 인해 화상 회의 진행 및 공동 콘텐츠 제작 과정에서 소통의 오류가 잦았습니다.",· 3개월간의 활동 기간 동안 팀 이탈자 없이 글로벌 통합 콘텐츠 12건을 제작하고 누적 조회수 5만 회를 달성하는 것이 목표였습니다.,"· 먼저 각 국가별 팀원들의 강점을 파악하여 기획, 디자인, 번역 등으로 역할을 명확히 배분했습니다.
· 이후 협업 툴인 Notion과 Slack을 도입하여 시차에 구애받지 않는 비동기식 업무 보고 체계를 구축했습니다.
· 또한, 매주 정기 화상 회의 전 안건을 미리 공유하여 회의 시간을 효율적으로 관리하고 갈등 상황 발생 시 중재자 역할을 수행했습니다.
· 마지막으로 현지 트렌드를 반영한 숏폼 영상을 기획하여 각국의 SNS 채널에 동시 배포했습니다.","· 물리적 거리가 먼 팀원들 간의 신뢰를 쌓기 위해서는 투명한 정보 공유와 명확한 역할 정의가 최우선이라고 판단했습니다.
· 일방적인 지시보다는 각자의 문화적 특성을 존중하는 팔로워십 기반의 리더십이 성과 창출에 유리하다고 생각했습니다.","· 최종적으로 목표했던 조회수를 120% 초과 달성했으며, 활동 종료 후 '베스트 글로벌 팀'으로 선정되었습니다.",3,커뮤니케이션 역량,다문화 의사소통 조율,다양한 이해관계자들 사이에서 정보를 명확히 전달하고 원활한 협력을 이끌어내는 소통 능력입니다.,· 언어와 문화가 다른 팀원들 사이에서 비동기식 소통 체계를 제안하여 정보의 왜곡을 방지하고 협업 효율을 높였습니다.,리더십·팔로워십,글로벌 팀 매니지먼트,조직의 목표 달성을 위해 구성원의 역량을 결집시키고 갈등을 조정하며 방향을 제시하는 능력입니다.,· 팀장으로서 각국의 시차와 역량 차이를 고려한 역할 분담을 통해 팀의 결속력을 다지고 성과를 견인했습니다.,글로벌·다문화 역량,글로벌 환경 적응력,다양한 문화적 배경을 가진 사람들과 편견 없이 협력하며 글로벌 비즈니스 환경에서 성과를 내는 능력입니다.,· 해외 팀원들과의 긴밀한 협업을 통해 현지 맞춤형 콘텐츠를 제작하며 글로벌 시장에 대한 감각을 익혔습니다.
P0008,P0008_02,P0008_CO01_Q02_D01,P0008_CO01_Q02_D01,P0008_CO01,현대글로비스_하반기,현대글로비스,물류 전략 및 SCM,물류사업부,2025.10.15,"P0008_03,P0008_02",2,1,버전 1,공동의 목표를 달성하기 위해 타인과 협업했던 경험과 그 과정에서 본인의 역할을 구체적으로 설명해 주십시오.,"다양한 문화적 배경을 가진 팀원들과의 소통을 조율하며 공동의 목표를 달성하는 '글로벌 조율자'로서의 강점이 있습니다. IT 서비스 글로벌 서포터즈 활동 당시, 6개국 대학생 팀원들과 함께 콘텐츠를 제작하며 시차와 문화 차이로 인한 소통 오류를 겪었습니다. 저는 한국팀 팀장으로서 협업 툴인 Notion과 Slack을 선제적으로 도입하여 비동기식 업무 보고 체계를 구축했습니다. 이는 시차에 구애받지 않고 업무 흐름을 파악할 수 있게 하여 정보의 투명성을 높였습니다. 또한, 각 팀원의 강점을 파악해 기획, 디자인, 번역 등으로 역할을 명확히 배분하고, 갈등 발생 시 중재자 역할을 수행하며 심리적 안전감을 조성했습니다. 그 결과, 목표했던 조회수를 120% 초과 달성하며 '베스트 글로벌 팀'으로 선정되었습니다. 이러한 협업 경험은 현대글로비스의 수많은 해외 거점 및 파트너사들과 원활하게 소통하고 협력하는 데 밑거름이 될 것입니다.",bachelor_attending,성균관대학교,경제학,logistics_transport,it_software,manufacturing,planning_strategy,sales,logistics_scm,프로젝트,물류 프로세스 효율화를 위한 라우팅 최적화 모델 설계,"· 학내 경영과학 소모임에서 라스트마일 배송 효율성을 높이기 위한 가상의 물류 최적화 프로젝트를 진행했습니다.
· 배송 경로가 복잡해질수록 유류비와 인건비가 기하급수적으로 증가하는 물류 산업의 고질적인 비용 문제를 해결하고자 했습니다.",· 기존 경로 대비 총 이동 거리를 15% 이상 단축할 수 있는 알고리즘 기반의 배송 라우팅 모델을 설계하는 것이 목표였습니다.,"· 먼저 오픈 소스 지도 API를 활용하여 특정 구역의 배송지 좌표 데이터를 확보했습니다.
· 이후 파이썬(Python)의 최적화 라이브러리를 사용하여 차량 경로 문제(VRP) 모델을 구축했습니다.
· 또한, 실시간 교통 상황 변수를 가중치로 설정하여 시간대별 최적 경로가 가변적으로 도출되도록 로직을 수정했습니다.
· 마지막으로 시뮬레이션을 통해 기존 선입선출 방식의 배송 경로와 최적화 경로의 효율성을 비교 검증했습니다.","· 물류 산업에서 비용 절감의 핵심은 거리 단축뿐만 아니라 시간의 예측 가능성에 있다고 판단하여 실시간 변수를 도입했습니다.
· 이론적인 모델에 그치지 않고 실제 지도 데이터를 대입해봄으로써 실무 적용 가능성을 확인하고자 했습니다.","· 시뮬레이션 결과 기존 경로 대비 이동 거리를 약 18% 단축하는 성과를 거두었으며, 소모임 내 최종 발표에서 최우수상을 수상했습니다.",3,문제해결 능력,논리적 문제 구조화,복잡한 현상의 원인을 파악하고 논리적 사고를 통해 실질적인 해결 대안을 제시하는 능력입니다.,· 물류 비용 증가라는 막연한 문제를 경로 최적화라는 구체적인 과제로 정의하고 알고리즘을 통해 해답을 찾아냈습니다.,실행력·업무처리 능력,목표 달성 집념,설정한 목표를 완수하기 위해 필요한 자원을 동원하고 끝까지 업무를 밀고 나가는 추진력입니다.,· 기술적 한계에 부딪힐 때마다 관련 라이브러리를 독학하며 모델의 완성도를 높여 목표했던 수치 이상의 결과를 냈습니다.,학습·성장 역량,자기주도적 기술 습득,변화하는 환경에 맞춰 필요한 지식과 기술을 스스로 학습하고 이를 실무에 적용하는 능력입니다.,· 비전공자임에도 불구하고 프로젝트 성공을 위해 데이터 분석 언어와 최적화 이론을 스스로 학습하여 결과물에 녹여냈습니다.
P0008,P0008_01,P0008_CO02_Q01_D01,P0008_CO02_Q01_D01,P0008_CO02,삼성전자_공채,삼성전자,국제영업 및 마케팅,DX부문,2025.9.20,"P0008_01,P0008_03",1,1,버전 1,삼성전자를 지원한 이유와 입사 후 회사에서 이루고 싶은 꿈을 기술하십시오.,"데이터를 통해 시장의 페인 포인트를 포착하고, 이를 제품의 가치로 연결하는 전략가가 되고 싶어 지원했습니다. 모빌리티 부품사 인턴 시절, 동남아 시장의 저가 공세 속에서 자사 점유율 하락을 막기 위해 5,000건의 고객 리뷰를 텍스트 마이닝했습니다. 이를 통해 고객들이 단순 가격보다 내구성과 품질 불만에 민감하다는 점을 발견했고, 프리미엄 보증 서비스를 결합한 영업 패키지를 제안하여 실제 가이드라인에 반영되는 성과를 거두었습니다. 삼성전자는 전 세계 고객의 방대한 데이터를 보유한 글로벌 리더입니다. 저는 입사 후 글로벌 서포터즈 활동에서 얻은 다국적 협업 감각과 데이터 분석 역량을 결합하여, 각 지역 특성에 최적화된 마케팅 전략을 수립하고 싶습니다. 특히 신흥 시장에서 삼성전자의 프리미엄 가치를 공고히 하여 시장 점유율 1위를 수성하는 데 기여하겠습니다.",bachelor_attending,성균관대학교,경제학,logistics_transport,it_software,manufacturing,planning_strategy,sales,logistics_scm,인턴,모빌리티 부품사 마케팅 분석 및 영업 전략 수립,"· 글로벌 자동차 부품 제조사의 마케팅 팀 인턴으로서 동남아시아 신규 시장 진출을 위한 경쟁사 분석 과제를 맡았습니다.
· 당시 현지 저가형 브랜드의 공세로 인해 자사 제품의 시장 점유율이 하락하고 있었으며, 차별화된 영업 포인트 발굴이 시급한 상황이었습니다.",· 향후 2년간의 시장 점유율 5% 반등을 위한 데이터 기반의 타겟 고객 세분화 및 제품 포지셔닝 전략안 작성을 목표로 삼았습니다.,"· 먼저 유로모니터와 현지 통계청 자료를 활용하여 최근 3개년 소비 트렌드 데이터를 수집하고 시각화했습니다.
· 이후 경쟁사 10곳의 가격 정책과 주요 기능을 비교 분석하여 자사 제품이 가진 내구성 우위라는 핵심 가치를 도출했습니다.
· 또한, 생성형 AI 도구를 활용해 현지 고객들의 리뷰 5,000건을 텍스트 마이닝하여 품질 불만 요소를 카테고리화했습니다.
· 마지막으로 분석 결과를 바탕으로 고관여 고객층을 겨냥한 프리미엄 보증 서비스 결합 영업 패키지를 제안했습니다.","· 단순한 가격 경쟁으로는 저가 브랜드와의 승산이 낮다고 판단하여 데이터에 기반한 고부가가치 전략을 선택했습니다.
· 고객의 실제 목소리(VOC)를 분석하는 것이 현지 시장의 페인 포인트를 정확히 짚어낼 수 있는 가장 객관적인 방법이라 믿었기 때문입니다.","· 제안한 전략 중 일부가 실제 하반기 영업 가이드라인에 반영되었으며, 분석 보고서는 팀 내 우수 사례로 선정되었습니다.",3,정보수집·분석 역량,데이터 기반 시장 분석력,방대한 자료 속에서 유의미한 정보를 추출하고 이를 비즈니스 의사결정에 활용 가능한 인사이트로 변환하는 능력입니다.,"· 통계 자료와 텍스트 마이닝 기법을 결합하여 시장의 공백을 찾아내고, 이를 수치화된 보고서로 증명해 보였습니다.",전략·기획 역량,비즈니스 포지셔닝 기획,목표 달성을 위해 자원을 효율적으로 배분하고 경쟁 우위를 점할 수 있는 최적의 방안을 설계하는 능력입니다.,"· 경쟁사 분석을 통해 자사만의 차별화 요소를 발굴하고, 이를 영업 패키지라는 구체적인 전략 상품으로 기획했습니다.",디지털·기술 활용 역량,AI 및 데이터 툴 활용,최신 디지털 도구와 기술을 활용하여 업무의 효율성을 높이고 고도화된 분석 결과를 도출하는 능력입니다.,· 수천 건의 고객 리뷰를 수동으로 분석하는 대신 생성형 AI를 활용하여 분석 시간을 70% 단축하고 정확도를 높였습니다.
P0008,P0008_03,P0008_CO02_Q01_D01,P0008_CO02_Q01_D01,P0008_CO02,삼성전자_공채,삼성전자,국제영업 및 마케팅,DX부문,2025.9.20,"P0008_01,P0008_03",1,1,버전 1,삼성전자를 지원한 이유와 입사 후 회사에서 이루고 싶은 꿈을 기술하십시오.,"데이터를 통해 시장의 페인 포인트를 포착하고, 이를 제품의 가치로 연결하는 전략가가 되고 싶어 지원했습니다. 모빌리티 부품사 인턴 시절, 동남아 시장의 저가 공세 속에서 자사 점유율 하락을 막기 위해 5,000건의 고객 리뷰를 텍스트 마이닝했습니다. 이를 통해 고객들이 단순 가격보다 내구성과 품질 불만에 민감하다는 점을 발견했고, 프리미엄 보증 서비스를 결합한 영업 패키지를 제안하여 실제 가이드라인에 반영되는 성과를 거두었습니다. 삼성전자는 전 세계 고객의 방대한 데이터를 보유한 글로벌 리더입니다. 저는 입사 후 글로벌 서포터즈 활동에서 얻은 다국적 협업 감각과 데이터 분석 역량을 결합하여, 각 지역 특성에 최적화된 마케팅 전략을 수립하고 싶습니다. 특히 신흥 시장에서 삼성전자의 프리미엄 가치를 공고히 하여 시장 점유율 1위를 수성하는 데 기여하겠습니다.",bachelor_attending,성균관대학교,경제학,logistics_transport,it_software,manufacturing,planning_strategy,sales,logistics_scm,대외활동,글로벌 서포터즈 활동을 통한 다국적 협업 및 홍보,"· 6개국 대학생들이 참여하는 IT 서비스 글로벌 서포터즈에 선발되어 한국팀 팀장으로 활동했습니다.
· 서로 다른 문화적 배경과 시차로 인해 화상 회의 진행 및 공동 콘텐츠 제작 과정에서 소통의 오류가 잦았습니다.",· 3개월간의 활동 기간 동안 팀 이탈자 없이 글로벌 통합 콘텐츠 12건을 제작하고 누적 조회수 5만 회를 달성하는 것이 목표였습니다.,"· 먼저 각 국가별 팀원들의 강점을 파악하여 기획, 디자인, 번역 등으로 역할을 명확히 배분했습니다.
· 이후 협업 툴인 Notion과 Slack을 도입하여 시차에 구애받지 않는 비동기식 업무 보고 체계를 구축했습니다.
· 또한, 매주 정기 화상 회의 전 안건을 미리 공유하여 회의 시간을 효율적으로 관리하고 갈등 상황 발생 시 중재자 역할을 수행했습니다.
· 마지막으로 현지 트렌드를 반영한 숏폼 영상을 기획하여 각국의 SNS 채널에 동시 배포했습니다.","· 물리적 거리가 먼 팀원들 간의 신뢰를 쌓기 위해서는 투명한 정보 공유와 명확한 역할 정의가 최우선이라고 판단했습니다.
· 일방적인 지시보다는 각자의 문화적 특성을 존중하는 팔로워십 기반의 리더십이 성과 창출에 유리하다고 생각했습니다.","· 최종적으로 목표했던 조회수를 120% 초과 달성했으며, 활동 종료 후 '베스트 글로벌 팀'으로 선정되었습니다.",3,커뮤니케이션 역량,다문화 의사소통 조율,다양한 이해관계자들 사이에서 정보를 명확히 전달하고 원활한 협력을 이끌어내는 소통 능력입니다.,· 언어와 문화가 다른 팀원들 사이에서 비동기식 소통 체계를 제안하여 정보의 왜곡을 방지하고 협업 효율을 높였습니다.,리더십·팔로워십,글로벌 팀 매니지먼트,조직의 목표 달성을 위해 구성원의 역량을 결집시키고 갈등을 조정하며 방향을 제시하는 능력입니다.,· 팀장으로서 각국의 시차와 역량 차이를 고려한 역할 분담을 통해 팀의 결속력을 다지고 성과를 견인했습니다.,글로벌·다문화 역량,글로벌 환경 적응력,다양한 문화적 배경을 가진 사람들과 편견 없이 협력하며 글로벌 비즈니스 환경에서 성과를 내는 능력입니다.,· 해외 팀원들과의 긴밀한 협업을 통해 현지 맞춤형 콘텐츠를 제작하며 글로벌 시장에 대한 감각을 익혔습니다.
P0008,P0008_02,P0008_CO02_Q02_D01,P0008_CO02_Q02_D01,P0008_CO02,삼성전자_공채,삼성전자,국제영업 및 마케팅,DX부문,2025.9.20,"P0008_02,P0008_01",2,1,버전 1,"최근 본인이 경험한 가장 어려운 문제는 무엇이었으며, 이를 어떻게 해결했는지 구체적으로 기술해 주십시오.","물류 최적화 프로젝트 당시, 이론과 실제 데이터 사이의 괴리를 극복하는 과정이 가장 큰 도전이었습니다. 처음 설계한 알고리즘은 정적인 환경에서는 완벽했으나, 실제 도로의 실시간 변수를 반영하지 못해 실효성이 떨어졌습니다. 저는 이를 해결하기 위해 오픈 소스 지도 API를 활용하여 실제 배송지 좌표를 확보하고, 파이썬을 통해 실시간 교통 상황 가중치를 모델에 통합하는 작업을 수행했습니다. 수차례의 시뮬레이션과 로직 수정을 반복한 끝에, 기존 대비 18%의 거리 단축 효과를 증명해냈습니다. 이 과정에서 포기하지 않고 기술적 한계를 극복하려는 집념과 자기주도적인 학습 태도가 문제 해결의 핵심임을 깨달았습니다. 삼성전자에서도 복잡한 비즈니스 환경 속에서 데이터에 기반한 논리적 해답을 찾아내며 성과를 만들어내겠습니다.",bachelor_attending,성균관대학교,경제학,logistics_transport,it_software,manufacturing,planning_strategy,sales,logistics_scm,프로젝트,물류 프로세스 효율화를 위한 라우팅 최적화 모델 설계,"· 학내 경영과학 소모임에서 라스트마일 배송 효율성을 높이기 위한 가상의 물류 최적화 프로젝트를 진행했습니다.
· 배송 경로가 복잡해질수록 유류비와 인건비가 기하급수적으로 증가하는 물류 산업의 고질적인 비용 문제를 해결하고자 했습니다.",· 기존 경로 대비 총 이동 거리를 15% 이상 단축할 수 있는 알고리즘 기반의 배송 라우팅 모델을 설계하는 것이 목표였습니다.,"· 먼저 오픈 소스 지도 API를 활용하여 특정 구역의 배송지 좌표 데이터를 확보했습니다.
· 이후 파이썬(Python)의 최적화 라이브러리를 사용하여 차량 경로 문제(VRP) 모델을 구축했습니다.
· 또한, 실시간 교통 상황 변수를 가중치로 설정하여 시간대별 최적 경로가 가변적으로 도출되도록 로직을 수정했습니다.
· 마지막으로 시뮬레이션을 통해 기존 선입선출 방식의 배송 경로와 최적화 경로의 효율성을 비교 검증했습니다.","· 물류 산업에서 비용 절감의 핵심은 거리 단축뿐만 아니라 시간의 예측 가능성에 있다고 판단하여 실시간 변수를 도입했습니다.
· 이론적인 모델에 그치지 않고 실제 지도 데이터를 대입해봄으로써 실무 적용 가능성을 확인하고자 했습니다.","· 시뮬레이션 결과 기존 경로 대비 이동 거리를 약 18% 단축하는 성과를 거두었으며, 소모임 내 최종 발표에서 최우수상을 수상했습니다.",3,문제해결 능력,논리적 문제 구조화,복잡한 현상의 원인을 파악하고 논리적 사고를 통해 실질적인 해결 대안을 제시하는 능력입니다.,· 물류 비용 증가라는 막연한 문제를 경로 최적화라는 구체적인 과제로 정의하고 알고리즘을 통해 해답을 찾아냈습니다.,실행력·업무처리 능력,목표 달성 집념,설정한 목표를 완수하기 위해 필요한 자원을 동원하고 끝까지 업무를 밀고 나가는 추진력입니다.,· 기술적 한계에 부딪힐 때마다 관련 라이브러리를 독학하며 모델의 완성도를 높여 목표했던 수치 이상의 결과를 냈습니다.,학습·성장 역량,자기주도적 기술 습득,변화하는 환경에 맞춰 필요한 지식과 기술을 스스로 학습하고 이를 실무에 적용하는 능력입니다.,· 비전공자임에도 불구하고 프로젝트 성공을 위해 데이터 분석 언어와 최적화 이론을 스스로 학습하여 결과물에 녹여냈습니다.
P0008,P0008_01,P0008_CO02_Q02_D01,P0008_CO02_Q02_D01,P0008_CO02,삼성전자_공채,삼성전자,국제영업 및 마케팅,DX부문,2025.9.20,"P0008_02,P0008_01",2,1,버전 1,"최근 본인이 경험한 가장 어려운 문제는 무엇이었으며, 이를 어떻게 해결했는지 구체적으로 기술해 주십시오.","물류 최적화 프로젝트 당시, 이론과 실제 데이터 사이의 괴리를 극복하는 과정이 가장 큰 도전이었습니다. 처음 설계한 알고리즘은 정적인 환경에서는 완벽했으나, 실제 도로의 실시간 변수를 반영하지 못해 실효성이 떨어졌습니다. 저는 이를 해결하기 위해 오픈 소스 지도 API를 활용하여 실제 배송지 좌표를 확보하고, 파이썬을 통해 실시간 교통 상황 가중치를 모델에 통합하는 작업을 수행했습니다. 수차례의 시뮬레이션과 로직 수정을 반복한 끝에, 기존 대비 18%의 거리 단축 효과를 증명해냈습니다. 이 과정에서 포기하지 않고 기술적 한계를 극복하려는 집념과 자기주도적인 학습 태도가 문제 해결의 핵심임을 깨달았습니다. 삼성전자에서도 복잡한 비즈니스 환경 속에서 데이터에 기반한 논리적 해답을 찾아내며 성과를 만들어내겠습니다.",bachelor_attending,성균관대학교,경제학,logistics_transport,it_software,manufacturing,planning_strategy,sales,logistics_scm,인턴,모빌리티 부품사 마케팅 분석 및 영업 전략 수립,"· 글로벌 자동차 부품 제조사의 마케팅 팀 인턴으로서 동남아시아 신규 시장 진출을 위한 경쟁사 분석 과제를 맡았습니다.
· 당시 현지 저가형 브랜드의 공세로 인해 자사 제품의 시장 점유율이 하락하고 있었으며, 차별화된 영업 포인트 발굴이 시급한 상황이었습니다.",· 향후 2년간의 시장 점유율 5% 반등을 위한 데이터 기반의 타겟 고객 세분화 및 제품 포지셔닝 전략안 작성을 목표로 삼았습니다.,"· 먼저 유로모니터와 현지 통계청 자료를 활용하여 최근 3개년 소비 트렌드 데이터를 수집하고 시각화했습니다.
· 이후 경쟁사 10곳의 가격 정책과 주요 기능을 비교 분석하여 자사 제품이 가진 내구성 우위라는 핵심 가치를 도출했습니다.
· 또한, 생성형 AI 도구를 활용해 현지 고객들의 리뷰 5,000건을 텍스트 마이닝하여 품질 불만 요소를 카테고리화했습니다.
· 마지막으로 분석 결과를 바탕으로 고관여 고객층을 겨냥한 프리미엄 보증 서비스 결합 영업 패키지를 제안했습니다.","· 단순한 가격 경쟁으로는 저가 브랜드와의 승산이 낮다고 판단하여 데이터에 기반한 고부가가치 전략을 선택했습니다.
· 고객의 실제 목소리(VOC)를 분석하는 것이 현지 시장의 페인 포인트를 정확히 짚어낼 수 있는 가장 객관적인 방법이라 믿었기 때문입니다.","· 제안한 전략 중 일부가 실제 하반기 영업 가이드라인에 반영되었으며, 분석 보고서는 팀 내 우수 사례로 선정되었습니다.",3,정보수집·분석 역량,데이터 기반 시장 분석력,방대한 자료 속에서 유의미한 정보를 추출하고 이를 비즈니스 의사결정에 활용 가능한 인사이트로 변환하는 능력입니다.,"· 통계 자료와 텍스트 마이닝 기법을 결합하여 시장의 공백을 찾아내고, 이를 수치화된 보고서로 증명해 보였습니다.",전략·기획 역량,비즈니스 포지셔닝 기획,목표 달성을 위해 자원을 효율적으로 배분하고 경쟁 우위를 점할 수 있는 최적의 방안을 설계하는 능력입니다.,"· 경쟁사 분석을 통해 자사만의 차별화 요소를 발굴하고, 이를 영업 패키지라는 구체적인 전략 상품으로 기획했습니다.",디지털·기술 활용 역량,AI 및 데이터 툴 활용,최신 디지털 도구와 기술을 활용하여 업무의 효율성을 높이고 고도화된 분석 결과를 도출하는 능력입니다.,· 수천 건의 고객 리뷰를 수동으로 분석하는 대신 생성형 AI를 활용하여 분석 시간을 70% 단축하고 정확도를 높였습니다.
P0008,P0008_02,P0008_CO03_Q01_D01,P0008_CO03_Q01_D01,P0008_CO03,CJ대한통운_신입채용,CJ대한통운,SCM 기획 및 운영,CL사업부문,2025.11.5,"P0008_02,P0008_01",1,1,버전 1,물류 산업의 트렌드 변화에 대응하기 위해 본인이 준비해온 노력과 역량에 대해 기술하십시오.,"디지털 전환이 가속화되는 물류 산업에서 데이터 기반의 의사결정 역량은 필수적입니다. 저는 경제학적 관점에서 시장을 분석하는 능력과 더불어, 이를 실무에 적용할 수 있는 IT 역량을 쌓아왔습니다. 물류 프로세스 효율화 프로젝트를 통해 차량 경로 최적화(VRP) 모델을 직접 설계하며, 단순한 운송을 넘어 '데이터를 통한 비용 절감'의 가치를 경험했습니다. 파이썬을 활용해 실시간 교통 변수를 반영한 경로를 도출하며 18%의 효율 향상을 이끌어낸 경험은 CJ대한통운의 스마트 물류 시스템에 빠르게 적응할 수 있는 기반이 될 것입니다. 또한, 글로벌 부품사 인턴 시절 유로모니터와 현지 통계 데이터를 활용해 시장 점유율 반등 전략을 수립하며, 거시적 지표를 미시적 영업 전략으로 치환하는 훈련을 했습니다. 이러한 분석적 사고를 바탕으로 CJ대한통운의 글로벌 SCM 최적화를 주도하겠습니다.",bachelor_attending,성균관대학교,경제학,logistics_transport,it_software,manufacturing,planning_strategy,sales,logistics_scm,프로젝트,물류 프로세스 효율화를 위한 라우팅 최적화 모델 설계,"· 학내 경영과학 소모임에서 라스트마일 배송 효율성을 높이기 위한 가상의 물류 최적화 프로젝트를 진행했습니다.
· 배송 경로가 복잡해질수록 유류비와 인건비가 기하급수적으로 증가하는 물류 산업의 고질적인 비용 문제를 해결하고자 했습니다.",· 기존 경로 대비 총 이동 거리를 15% 이상 단축할 수 있는 알고리즘 기반의 배송 라우팅 모델을 설계하는 것이 목표였습니다.,"· 먼저 오픈 소스 지도 API를 활용하여 특정 구역의 배송지 좌표 데이터를 확보했습니다.
· 이후 파이썬(Python)의 최적화 라이브러리를 사용하여 차량 경로 문제(VRP) 모델을 구축했습니다.
· 또한, 실시간 교통 상황 변수를 가중치로 설정하여 시간대별 최적 경로가 가변적으로 도출되도록 로직을 수정했습니다.
· 마지막으로 시뮬레이션을 통해 기존 선입선출 방식의 배송 경로와 최적화 경로의 효율성을 비교 검증했습니다.","· 물류 산업에서 비용 절감의 핵심은 거리 단축뿐만 아니라 시간의 예측 가능성에 있다고 판단하여 실시간 변수를 도입했습니다.
· 이론적인 모델에 그치지 않고 실제 지도 데이터를 대입해봄으로써 실무 적용 가능성을 확인하고자 했습니다.","· 시뮬레이션 결과 기존 경로 대비 이동 거리를 약 18% 단축하는 성과를 거두었으며, 소모임 내 최종 발표에서 최우수상을 수상했습니다.",3,문제해결 능력,논리적 문제 구조화,복잡한 현상의 원인을 파악하고 논리적 사고를 통해 실질적인 해결 대안을 제시하는 능력입니다.,· 물류 비용 증가라는 막연한 문제를 경로 최적화라는 구체적인 과제로 정의하고 알고리즘을 통해 해답을 찾아냈습니다.,실행력·업무처리 능력,목표 달성 집념,설정한 목표를 완수하기 위해 필요한 자원을 동원하고 끝까지 업무를 밀고 나가는 추진력입니다.,· 기술적 한계에 부딪힐 때마다 관련 라이브러리를 독학하며 모델의 완성도를 높여 목표했던 수치 이상의 결과를 냈습니다.,학습·성장 역량,자기주도적 기술 습득,변화하는 환경에 맞춰 필요한 지식과 기술을 스스로 학습하고 이를 실무에 적용하는 능력입니다.,· 비전공자임에도 불구하고 프로젝트 성공을 위해 데이터 분석 언어와 최적화 이론을 스스로 학습하여 결과물에 녹여냈습니다.
P0008,P0008_01,P0008_CO03_Q01_D01,P0008_CO03_Q01_D01,P0008_CO03,CJ대한통운_신입채용,CJ대한통운,SCM 기획 및 운영,CL사업부문,2025.11.5,"P0008_02,P0008_01",1,1,버전 1,물류 산업의 트렌드 변화에 대응하기 위해 본인이 준비해온 노력과 역량에 대해 기술하십시오.,"디지털 전환이 가속화되는 물류 산업에서 데이터 기반의 의사결정 역량은 필수적입니다. 저는 경제학적 관점에서 시장을 분석하는 능력과 더불어, 이를 실무에 적용할 수 있는 IT 역량을 쌓아왔습니다. 물류 프로세스 효율화 프로젝트를 통해 차량 경로 최적화(VRP) 모델을 직접 설계하며, 단순한 운송을 넘어 '데이터를 통한 비용 절감'의 가치를 경험했습니다. 파이썬을 활용해 실시간 교통 변수를 반영한 경로를 도출하며 18%의 효율 향상을 이끌어낸 경험은 CJ대한통운의 스마트 물류 시스템에 빠르게 적응할 수 있는 기반이 될 것입니다. 또한, 글로벌 부품사 인턴 시절 유로모니터와 현지 통계 데이터를 활용해 시장 점유율 반등 전략을 수립하며, 거시적 지표를 미시적 영업 전략으로 치환하는 훈련을 했습니다. 이러한 분석적 사고를 바탕으로 CJ대한통운의 글로벌 SCM 최적화를 주도하겠습니다.",bachelor_attending,성균관대학교,경제학,logistics_transport,it_software,manufacturing,planning_strategy,sales,logistics_scm,인턴,모빌리티 부품사 마케팅 분석 및 영업 전략 수립,"· 글로벌 자동차 부품 제조사의 마케팅 팀 인턴으로서 동남아시아 신규 시장 진출을 위한 경쟁사 분석 과제를 맡았습니다.
· 당시 현지 저가형 브랜드의 공세로 인해 자사 제품의 시장 점유율이 하락하고 있었으며, 차별화된 영업 포인트 발굴이 시급한 상황이었습니다.",· 향후 2년간의 시장 점유율 5% 반등을 위한 데이터 기반의 타겟 고객 세분화 및 제품 포지셔닝 전략안 작성을 목표로 삼았습니다.,"· 먼저 유로모니터와 현지 통계청 자료를 활용하여 최근 3개년 소비 트렌드 데이터를 수집하고 시각화했습니다.
· 이후 경쟁사 10곳의 가격 정책과 주요 기능을 비교 분석하여 자사 제품이 가진 내구성 우위라는 핵심 가치를 도출했습니다.
· 또한, 생성형 AI 도구를 활용해 현지 고객들의 리뷰 5,000건을 텍스트 마이닝하여 품질 불만 요소를 카테고리화했습니다.
· 마지막으로 분석 결과를 바탕으로 고관여 고객층을 겨냥한 프리미엄 보증 서비스 결합 영업 패키지를 제안했습니다.","· 단순한 가격 경쟁으로는 저가 브랜드와의 승산이 낮다고 판단하여 데이터에 기반한 고부가가치 전략을 선택했습니다.
· 고객의 실제 목소리(VOC)를 분석하는 것이 현지 시장의 페인 포인트를 정확히 짚어낼 수 있는 가장 객관적인 방법이라 믿었기 때문입니다.","· 제안한 전략 중 일부가 실제 하반기 영업 가이드라인에 반영되었으며, 분석 보고서는 팀 내 우수 사례로 선정되었습니다.",3,정보수집·분석 역량,데이터 기반 시장 분석력,방대한 자료 속에서 유의미한 정보를 추출하고 이를 비즈니스 의사결정에 활용 가능한 인사이트로 변환하는 능력입니다.,"· 통계 자료와 텍스트 마이닝 기법을 결합하여 시장의 공백을 찾아내고, 이를 수치화된 보고서로 증명해 보였습니다.",전략·기획 역량,비즈니스 포지셔닝 기획,목표 달성을 위해 자원을 효율적으로 배분하고 경쟁 우위를 점할 수 있는 최적의 방안을 설계하는 능력입니다.,"· 경쟁사 분석을 통해 자사만의 차별화 요소를 발굴하고, 이를 영업 패키지라는 구체적인 전략 상품으로 기획했습니다.",디지털·기술 활용 역량,AI 및 데이터 툴 활용,최신 디지털 도구와 기술을 활용하여 업무의 효율성을 높이고 고도화된 분석 결과를 도출하는 능력입니다.,· 수천 건의 고객 리뷰를 수동으로 분석하는 대신 생성형 AI를 활용하여 분석 시간을 70% 단축하고 정확도를 높였습니다.
P0008,P0008_03,P0008_CO03_Q02_D01,P0008_CO03_Q02_D01,P0008_CO03,CJ대한통운_신입채용,CJ대한통운,SCM 기획 및 운영,CL사업부문,2025.11.5,"P0008_03,P0008_01",2,1,버전 1,서로 다른 이해관계를 가진 사람들과 협력하여 목표를 달성한 경험을 기술하십시오.,"글로벌 서포터즈 팀장으로서 6개국 팀원들의 서로 다른 업무 방식과 문화적 차이를 극복하고 '베스트 팀'이라는 목표를 달성했습니다. 활동 초기, 소통 방식의 차이로 인해 콘텐츠 제작 일정이 지연되는 문제가 발생했습니다. 저는 각 국가별 팀원들의 강점을 분석하여 기획, 디자인, 번역 등으로 역할을 재배치하고, Notion을 활용해 업무 진행 상황을 실시간으로 공유할 수 있는 환경을 만들었습니다. 특히 갈등이 발생할 때마다 각자의 문화적 배경을 존중하는 팔로워십 기반의 리더십을 발휘하여 의견 차이를 조율했습니다. 그 결과, 숏폼 영상 콘텐츠로 누적 조회수 6만 회 이상을 기록하며 목표를 120% 달성했습니다. 물류 현장은 수많은 이해관계자가 얽혀 있는 곳입니다. 저의 글로벌 소통 역량과 조율 능력을 발휘하여 CJ대한통운의 국내외 파트너사들과 견고한 협력 체계를 구축하겠습니다.",bachelor_attending,성균관대학교,경제학,logistics_transport,it_software,manufacturing,planning_strategy,sales,logistics_scm,대외활동,글로벌 서포터즈 활동을 통한 다국적 협업 및 홍보,"· 6개국 대학생들이 참여하는 IT 서비스 글로벌 서포터즈에 선발되어 한국팀 팀장으로 활동했습니다.
· 서로 다른 문화적 배경과 시차로 인해 화상 회의 진행 및 공동 콘텐츠 제작 과정에서 소통의 오류가 잦았습니다.",· 3개월간의 활동 기간 동안 팀 이탈자 없이 글로벌 통합 콘텐츠 12건을 제작하고 누적 조회수 5만 회를 달성하는 것이 목표였습니다.,"· 먼저 각 국가별 팀원들의 강점을 파악하여 기획, 디자인, 번역 등으로 역할을 명확히 배분했습니다.
· 이후 협업 툴인 Notion과 Slack을 도입하여 시차에 구애받지 않는 비동기식 업무 보고 체계를 구축했습니다.
· 또한, 매주 정기 화상 회의 전 안건을 미리 공유하여 회의 시간을 효율적으로 관리하고 갈등 상황 발생 시 중재자 역할을 수행했습니다.
· 마지막으로 현지 트렌드를 반영한 숏폼 영상을 기획하여 각국의 SNS 채널에 동시 배포했습니다.","· 물리적 거리가 먼 팀원들 간의 신뢰를 쌓기 위해서는 투명한 정보 공유와 명확한 역할 정의가 최우선이라고 판단했습니다.
· 일방적인 지시보다는 각자의 문화적 특성을 존중하는 팔로워십 기반의 리더십이 성과 창출에 유리하다고 생각했습니다.","· 최종적으로 목표했던 조회수를 120% 초과 달성했으며, 활동 종료 후 '베스트 글로벌 팀'으로 선정되었습니다.",3,커뮤니케이션 역량,다문화 의사소통 조율,다양한 이해관계자들 사이에서 정보를 명확히 전달하고 원활한 협력을 이끌어내는 소통 능력입니다.,· 언어와 문화가 다른 팀원들 사이에서 비동기식 소통 체계를 제안하여 정보의 왜곡을 방지하고 협업 효율을 높였습니다.,리더십·팔로워십,글로벌 팀 매니지먼트,조직의 목표 달성을 위해 구성원의 역량을 결집시키고 갈등을 조정하며 방향을 제시하는 능력입니다.,· 팀장으로서 각국의 시차와 역량 차이를 고려한 역할 분담을 통해 팀의 결속력을 다지고 성과를 견인했습니다.,글로벌·다문화 역량,글로벌 환경 적응력,다양한 문화적 배경을 가진 사람들과 편견 없이 협력하며 글로벌 비즈니스 환경에서 성과를 내는 능력입니다.,· 해외 팀원들과의 긴밀한 협업을 통해 현지 맞춤형 콘텐츠를 제작하며 글로벌 시장에 대한 감각을 익혔습니다.
P0008,P0008_01,P0008_CO03_Q02_D01,P0008_CO03_Q02_D01,P0008_CO03,CJ대한통운_신입채용,CJ대한통운,SCM 기획 및 운영,CL사업부문,2025.11.5,"P0008_03,P0008_01",2,1,버전 1,서로 다른 이해관계를 가진 사람들과 협력하여 목표를 달성한 경험을 기술하십시오.,"글로벌 서포터즈 팀장으로서 6개국 팀원들의 서로 다른 업무 방식과 문화적 차이를 극복하고 '베스트 팀'이라는 목표를 달성했습니다. 활동 초기, 소통 방식의 차이로 인해 콘텐츠 제작 일정이 지연되는 문제가 발생했습니다. 저는 각 국가별 팀원들의 강점을 분석하여 기획, 디자인, 번역 등으로 역할을 재배치하고, Notion을 활용해 업무 진행 상황을 실시간으로 공유할 수 있는 환경을 만들었습니다. 특히 갈등이 발생할 때마다 각자의 문화적 배경을 존중하는 팔로워십 기반의 리더십을 발휘하여 의견 차이를 조율했습니다. 그 결과, 숏폼 영상 콘텐츠로 누적 조회수 6만 회 이상을 기록하며 목표를 120% 달성했습니다. 물류 현장은 수많은 이해관계자가 얽혀 있는 곳입니다. 저의 글로벌 소통 역량과 조율 능력을 발휘하여 CJ대한통운의 국내외 파트너사들과 견고한 협력 체계를 구축하겠습니다.",bachelor_attending,성균관대학교,경제학,logistics_transport,it_software,manufacturing,planning_strategy,sales,logistics_scm,인턴,모빌리티 부품사 마케팅 분석 및 영업 전략 수립,"· 글로벌 자동차 부품 제조사의 마케팅 팀 인턴으로서 동남아시아 신규 시장 진출을 위한 경쟁사 분석 과제를 맡았습니다.
· 당시 현지 저가형 브랜드의 공세로 인해 자사 제품의 시장 점유율이 하락하고 있었으며, 차별화된 영업 포인트 발굴이 시급한 상황이었습니다.",· 향후 2년간의 시장 점유율 5% 반등을 위한 데이터 기반의 타겟 고객 세분화 및 제품 포지셔닝 전략안 작성을 목표로 삼았습니다.,"· 먼저 유로모니터와 현지 통계청 자료를 활용하여 최근 3개년 소비 트렌드 데이터를 수집하고 시각화했습니다.
· 이후 경쟁사 10곳의 가격 정책과 주요 기능을 비교 분석하여 자사 제품이 가진 내구성 우위라는 핵심 가치를 도출했습니다.
· 또한, 생성형 AI 도구를 활용해 현지 고객들의 리뷰 5,000건을 텍스트 마이닝하여 품질 불만 요소를 카테고리화했습니다.
· 마지막으로 분석 결과를 바탕으로 고관여 고객층을 겨냥한 프리미엄 보증 서비스 결합 영업 패키지를 제안했습니다.","· 단순한 가격 경쟁으로는 저가 브랜드와의 승산이 낮다고 판단하여 데이터에 기반한 고부가가치 전략을 선택했습니다.
· 고객의 실제 목소리(VOC)를 분석하는 것이 현지 시장의 페인 포인트를 정확히 짚어낼 수 있는 가장 객관적인 방법이라 믿었기 때문입니다.","· 제안한 전략 중 일부가 실제 하반기 영업 가이드라인에 반영되었으며, 분석 보고서는 팀 내 우수 사례로 선정되었습니다.",3,정보수집·분석 역량,데이터 기반 시장 분석력,방대한 자료 속에서 유의미한 정보를 추출하고 이를 비즈니스 의사결정에 활용 가능한 인사이트로 변환하는 능력입니다.,"· 통계 자료와 텍스트 마이닝 기법을 결합하여 시장의 공백을 찾아내고, 이를 수치화된 보고서로 증명해 보였습니다.",전략·기획 역량,비즈니스 포지셔닝 기획,목표 달성을 위해 자원을 효율적으로 배분하고 경쟁 우위를 점할 수 있는 최적의 방안을 설계하는 능력입니다.,"· 경쟁사 분석을 통해 자사만의 차별화 요소를 발굴하고, 이를 영업 패키지라는 구체적인 전략 상품으로 기획했습니다.",디지털·기술 활용 역량,AI 및 데이터 툴 활용,최신 디지털 도구와 기술을 활용하여 업무의 효율성을 높이고 고도화된 분석 결과를 도출하는 능력입니다.,· 수천 건의 고객 리뷰를 수동으로 분석하는 대신 생성형 AI를 활용하여 분석 시간을 70% 단축하고 정확도를 높였습니다.
P0009,P0009_01,P0009_CO01_Q01_D01,P0009_CO01_Q01_D01,P0009_CO01,LG에너지솔루션_하반기,LG에너지솔루션,품질관리(Quality),자동차전지사업부,2025.9.25,"P0009_01,P0009_03",1,1,버전 1,지원 직무와 관련된 본인만의 차별화된 전문성 또는 핵심 역량을 구체적인 근거와 함께 기술해주십시오.,"이론적 설계를 실제 양산 품질로 구현하는 '재현성' 확보 역량이 저의 가장 큰 강점입니다. 이차전지 전해액 공정 최적화 인턴십 당시, 실험실 배합비가 대용량 반응기에서 점도 편차를 일으키는 문제를 해결하며 이를 증명했습니다. 저는 단순히 감에 의존하지 않고, 반응기 내부의 위치별 온도 센서 데이터를 10분 단위로 수집하여 열분포 지도를 작성했습니다. 분석 결과, 냉각 불균형이 원인임을 파악하고 교반 속도와 냉각수 유량을 변수로 한 직교배열실험을 설계했습니다. 이를 통해 최적의 냉각 조건을 도출하여 공정 재현성을 확보했고, 초기 불량률을 15% 이상 감소시켜 양산 승인을 1주일 앞당겼습니다.

또한, 이러한 실무 경험을 뒷받침하기 위해 통계적 공정 관리(SPC) 역량을 쌓았습니다. 6시그마 Green Belt 과정을 통해 DMAIC 방법론을 익혔으며, Minitab 소프트웨어를 활용한 관리도 분석과 가설 검정 능력을 숙달했습니다. 화학공학 기사 자격 취득 과정에서 배운 단위 조작 지식과 6시그마의 데이터 분석 사고를 결합하여, LG에너지솔루션의 배터리 생산 현장에서 미세한 변수 차이까지 잡아내는 정밀한 품질 전문가가 되겠습니다.",bachelor_graduate,아주대학교,화학공학,chemical_material,semiconductor,energy,quality,manufacturing,rnd,인턴,이차전지 전해액 공정 최적화 및 불량률 15% 개선,"· 소재 전문 기업의 생산기술팀 인턴으로서 차세대 전해액의 양산성 검증 프로젝트에 참여했습니다.
· 실험실 규모에서는 완벽했던 배합비가 실제 대용량 반응기에서는 온도 불균형으로 인해 점도 편차가 발생하는 문제가 있었습니다.",· 양산 설비의 열전달 효율을 분석하여 실험실 데이터와의 오차 범위를 3% 이내로 줄이는 것을 목표로 삼았습니다.,"· 먼저 반응기 내부의 위치별 온도 센서 데이터를 10분 단위로 수집하여 열분포 지도를 작성했습니다.
· 이후 교반 속도와 냉각수 유량을 변수로 설정한 직교배열실험을 설계하여 최적의 냉각 조건을 도출했습니다.
· 또한 도출된 조건을 바탕으로 표준 작업 지침서(SOP)를 개정하고 현장 작업자들에게 교육을 실시했습니다.
· 마지막으로 실제 가동 시 실시간 모니터링 시스템을 통해 변동성을 확인하며 공정을 안정화했습니다.","· 단순한 감각이 아닌 수치화된 데이터에 기반하여 문제의 근본 원인을 파악하고자 열분포 분석을 선택했습니다.
· 현장 작업자의 숙련도에 따른 편차를 방지하기 위해 표준화된 가이드라인 수립이 필수적이라고 판단했습니다.","· 공정 재현성을 확보하여 초기 불량률을 15% 이상 감소시켰으며, 양산 가동 승인을 1주일 앞당기는 성과를 거두었습니다.",3,정보수집·분석 역량,데이터 기반 분석력,"· 방대한 양의 정보를 체계적으로 수집하고, 데이터 간의 상관관계를 파악하여 유의미한 인사이트를 도출하는 능력입니다.",· 반응기 내부의 위치별 온도 데이터를 정밀하게 수집하고 이를 열분포 지도로 시각화하여 문제 원인을 과학적으로 분석했습니다.,문제해결 능력,공정 최적화 역량,"· 문제의 핵심 원인을 식별하고, 가용한 자원을 활용하여 효과적인 해결책을 설계 및 실행하는 능력입니다.",· 실험실과 현장의 괴리를 해결하기 위해 직교배열실험을 도입하여 최적의 공정 조건을 도출하고 불량 문제를 해결했습니다.,실행력·업무처리 능력,표준화 및 실행력,"· 설정한 목표를 달성하기 위해 구체적인 계획을 수립하고, 끝까지 완수하여 실질적인 성과를 만들어내는 능력입니다.",· 분석에 그치지 않고 SOP 개정과 작업자 교육까지 완수하여 실제 양산 현장에 개선 사항을 즉각 적용했습니다.
P0009,P0009_03,P0009_CO01_Q01_D01,P0009_CO01_Q01_D01,P0009_CO01,LG에너지솔루션_하반기,LG에너지솔루션,품질관리(Quality),자동차전지사업부,2025.9.25,"P0009_01,P0009_03",1,1,버전 1,지원 직무와 관련된 본인만의 차별화된 전문성 또는 핵심 역량을 구체적인 근거와 함께 기술해주십시오.,"이론적 설계를 실제 양산 품질로 구현하는 '재현성' 확보 역량이 저의 가장 큰 강점입니다. 이차전지 전해액 공정 최적화 인턴십 당시, 실험실 배합비가 대용량 반응기에서 점도 편차를 일으키는 문제를 해결하며 이를 증명했습니다. 저는 단순히 감에 의존하지 않고, 반응기 내부의 위치별 온도 센서 데이터를 10분 단위로 수집하여 열분포 지도를 작성했습니다. 분석 결과, 냉각 불균형이 원인임을 파악하고 교반 속도와 냉각수 유량을 변수로 한 직교배열실험을 설계했습니다. 이를 통해 최적의 냉각 조건을 도출하여 공정 재현성을 확보했고, 초기 불량률을 15% 이상 감소시켜 양산 승인을 1주일 앞당겼습니다.

또한, 이러한 실무 경험을 뒷받침하기 위해 통계적 공정 관리(SPC) 역량을 쌓았습니다. 6시그마 Green Belt 과정을 통해 DMAIC 방법론을 익혔으며, Minitab 소프트웨어를 활용한 관리도 분석과 가설 검정 능력을 숙달했습니다. 화학공학 기사 자격 취득 과정에서 배운 단위 조작 지식과 6시그마의 데이터 분석 사고를 결합하여, LG에너지솔루션의 배터리 생산 현장에서 미세한 변수 차이까지 잡아내는 정밀한 품질 전문가가 되겠습니다.",bachelor_graduate,아주대학교,화학공학,chemical_material,semiconductor,energy,quality,manufacturing,rnd,자격증,화학공학 기사 및 6시그마 GB 취득을 통한 품질 전문성 확보,"· 전공 지식의 실무 적용력을 높이고 데이터 기반의 품질 관리 역량을 증명하기 위해 자격 취득을 결심했습니다.
· 학기 중 전공 수업과 병행해야 했기에 효율적인 시간 관리와 학습 전략이 필요했습니다.",· 6개월 내에 화학공학 기사 자격증과 6시그마 Green Belt 자격증을 동시에 취득하는 것을 목표로 설정했습니다.,"· 먼저 기출 데이터 5개년치를 분석하여 출제 빈도가 높은 단위 조작 및 공정 제어 파트를 집중 학습했습니다.
· 이후 6시그마 프로젝트 실습 교육에 참여하여 DMAIC 방법론을 실제 공정 불량 사례에 적용해보는 시뮬레이션을 수행했습니다.
· 또한 통계 소프트웨어인 Minitab 활용법을 익혀 관리도 분석과 가설 검정 능력을 숙달했습니다.","· 단순 암기가 아닌 공정의 원리를 이해해야 실무에서 변수에 대응할 수 있다고 판단하여 원리 중심 학습을 선택했습니다.
· 품질 관리의 핵심인 통계적 사고를 기르기 위해 실습 위주의 6시그마 교육을 병행했습니다.","· 계획한 기간 내에 두 자격증을 모두 취득했으며, 통계적 공정 관리(SPC)에 대한 실무적 이해도를 크게 높였습니다.",3,학습·성장 역량,자기주도적 전문성 강화,· 자신의 부족한 점을 파악하고 필요한 지식이나 기술을 습득하기 위해 지속적으로 노력하며 성장하는 능력입니다.,· 전공 지식을 실무에 연결하기 위해 스스로 자격 취득 목표를 세우고 학업과 병행하며 전문성을 확장했습니다.,전략·기획 역량,효율적 자원 관리,· 주어진 시간과 자원을 분석하여 최적의 경로를 설정하고 목표를 달성하는 능력입니다.,"· 방대한 학습 범위를 기출 분석을 통해 우선순위화하고, 6개월이라는 한정된 시간을 전략적으로 배분하여 목표를 달성했습니다.",정보수집·분석 역량,통계적 분석 사고,· 데이터를 수집하고 통계적 도구를 활용하여 현상의 원인을 규명하고 객관적인 결론을 도출하는 능력입니다.,· Minitab을 활용한 데이터 분석 기법을 익힘으로써 품질 관리의 핵심인 통계적 공정 관리 역량을 확보했습니다.
P0009,P0009_02,P0009_CO01_Q02_D01,P0009_CO01_Q02_D01,P0009_CO01,LG에너지솔루션_하반기,LG에너지솔루션,품질관리(Quality),자동차전지사업부,2025.9.25,"P0009_02,P0009_03",2,1,버전 1,기존의 방식에서 벗어나 새로운 시각으로 문제를 해결하거나 성과를 창출했던 경험에 대해 기술해주십시오.,"캡스톤 디자인 프로젝트에서 반도체 세정 공정용 고순도 약품의 여과 효율을 12% 향상시킨 경험이 있습니다. 당시 기존 필터 시스템은 특정 크기 이하의 미세 불순물을 제거하지 못해 수율 저하의 원인이 되고 있었습니다. 저는 기존의 단일 필터 교체 방식으로는 한계가 있다고 판단하여, 필터의 구조적 혁신을 시도했습니다.

우선 유체 역학 시뮬레이션 툴을 도입하여 필터 내부의 흐름 정체 구간을 시각화했습니다. 이를 통해 압력 손실을 최소화하면서도 여과 면적을 극대화할 수 있는 다단 적층 구조를 새롭게 설계했습니다. 또한, 유속 변화에 따른 압력 강하 데이터를 실시간으로 측정하여 필터의 최적 교체 주기를 예측하는 모델까지 수립했습니다. 이러한 데이터 기반의 구조적 개선 결과, 목표했던 10%를 상회하는 12%의 효율 향상을 달성하며 교내 경진대회 우수상을 수상했습니다. 고정관념에 갇히지 않고 디지털 툴과 공학적 분석을 결합하여 최적의 솔루션을 찾아내는 저의 창의적 문제해결 역량을 LG에너지솔루션의 공정 혁신에 기여하겠습니다.",bachelor_graduate,아주대학교,화학공학,chemical_material,semiconductor,energy,quality,manufacturing,rnd,프로젝트,반도체 세정 공정용 고순도 약품 여과 효율 향상 프로젝트,"· 캡스톤 디자인 과정에서 반도체 웨이퍼 세정 공정에 사용되는 화학 약품의 미세 입자 제거 효율을 높이는 과제를 수행했습니다.
· 기존 필터 시스템에서 특정 입자 크기 이하의 불순물이 잔류하여 수율이 저하되는 상황이었습니다.",· 필터의 기공 구조와 유체의 압력 손실 관계를 분석하여 여과 효율을 기존 대비 10% 향상시키는 것이 목표였습니다.,"· 먼저 유체 역학 시뮬레이션 툴을 활용하여 필터 내부의 흐름 정체 구간을 파악했습니다.
· 이후 필터의 적층 구조를 다단식으로 변경하는 새로운 설계를 제안하고 시제품을 제작했습니다.
· 또한 유속 변화에 따른 압력 강하 데이터를 측정하여 필터 교체 주기를 예측하는 모델을 수립했습니다.","· 물리적인 실험 횟수를 줄이고 정확도를 높이기 위해 시뮬레이션 기반의 사전 검증 방식을 선택했습니다.
· 단일 필터의 한계를 극복하기 위해 다단 적층이라는 구조적 혁신이 필요하다고 판단했습니다.","· 미세 입자 제거 효율을 12% 향상시켰으며, 해당 아이디어로 교내 캡스톤 경진대회에서 우수상을 수상했습니다.",3,디지털·기술 활용 역량,엔지니어링 툴 활용력,· 전공 지식을 바탕으로 최신 소프트웨어나 기술적 도구를 활용하여 업무의 정확도와 효율성을 높이는 능력입니다.,· 유체 역학 시뮬레이션 툴을 사용하여 보이지 않는 유체의 흐름을 시각화하고 설계의 타당성을 검증했습니다.,창의·혁신 역량,구조적 개선 사고,"· 기존의 방식에서 벗어나 새로운 관점에서 문제를 바라보고, 독창적인 대안을 제시하여 가치를 창출하는 능력입니다.",· 기존의 단일 필터 방식을 탈피하여 다단 적층 구조라는 새로운 설계안을 제시함으로써 효율 문제를 해결했습니다.,전략·기획 역량,목표 설정 및 계획 수립,· 조직의 목표를 이해하고 이를 달성하기 위한 구체적인 단계와 우선순위를 설정하여 자원을 배분하는 능력입니다.,· 효율 향상뿐만 아니라 유지보수 비용까지 고려하여 필터 교체 주기 예측 모델을 기획하고 데이터 기반의 관리 체계를 제안했습니다.
P0009,P0009_03,P0009_CO01_Q02_D01,P0009_CO01_Q02_D01,P0009_CO01,LG에너지솔루션_하반기,LG에너지솔루션,품질관리(Quality),자동차전지사업부,2025.9.25,"P0009_02,P0009_03",2,1,버전 1,기존의 방식에서 벗어나 새로운 시각으로 문제를 해결하거나 성과를 창출했던 경험에 대해 기술해주십시오.,"캡스톤 디자인 프로젝트에서 반도체 세정 공정용 고순도 약품의 여과 효율을 12% 향상시킨 경험이 있습니다. 당시 기존 필터 시스템은 특정 크기 이하의 미세 불순물을 제거하지 못해 수율 저하의 원인이 되고 있었습니다. 저는 기존의 단일 필터 교체 방식으로는 한계가 있다고 판단하여, 필터의 구조적 혁신을 시도했습니다.

우선 유체 역학 시뮬레이션 툴을 도입하여 필터 내부의 흐름 정체 구간을 시각화했습니다. 이를 통해 압력 손실을 최소화하면서도 여과 면적을 극대화할 수 있는 다단 적층 구조를 새롭게 설계했습니다. 또한, 유속 변화에 따른 압력 강하 데이터를 실시간으로 측정하여 필터의 최적 교체 주기를 예측하는 모델까지 수립했습니다. 이러한 데이터 기반의 구조적 개선 결과, 목표했던 10%를 상회하는 12%의 효율 향상을 달성하며 교내 경진대회 우수상을 수상했습니다. 고정관념에 갇히지 않고 디지털 툴과 공학적 분석을 결합하여 최적의 솔루션을 찾아내는 저의 창의적 문제해결 역량을 LG에너지솔루션의 공정 혁신에 기여하겠습니다.",bachelor_graduate,아주대학교,화학공학,chemical_material,semiconductor,energy,quality,manufacturing,rnd,자격증,화학공학 기사 및 6시그마 GB 취득을 통한 품질 전문성 확보,"· 전공 지식의 실무 적용력을 높이고 데이터 기반의 품질 관리 역량을 증명하기 위해 자격 취득을 결심했습니다.
· 학기 중 전공 수업과 병행해야 했기에 효율적인 시간 관리와 학습 전략이 필요했습니다.",· 6개월 내에 화학공학 기사 자격증과 6시그마 Green Belt 자격증을 동시에 취득하는 것을 목표로 설정했습니다.,"· 먼저 기출 데이터 5개년치를 분석하여 출제 빈도가 높은 단위 조작 및 공정 제어 파트를 집중 학습했습니다.
· 이후 6시그마 프로젝트 실습 교육에 참여하여 DMAIC 방법론을 실제 공정 불량 사례에 적용해보는 시뮬레이션을 수행했습니다.
· 또한 통계 소프트웨어인 Minitab 활용법을 익혀 관리도 분석과 가설 검정 능력을 숙달했습니다.","· 단순 암기가 아닌 공정의 원리를 이해해야 실무에서 변수에 대응할 수 있다고 판단하여 원리 중심 학습을 선택했습니다.
· 품질 관리의 핵심인 통계적 사고를 기르기 위해 실습 위주의 6시그마 교육을 병행했습니다.","· 계획한 기간 내에 두 자격증을 모두 취득했으며, 통계적 공정 관리(SPC)에 대한 실무적 이해도를 크게 높였습니다.",3,학습·성장 역량,자기주도적 전문성 강화,· 자신의 부족한 점을 파악하고 필요한 지식이나 기술을 습득하기 위해 지속적으로 노력하며 성장하는 능력입니다.,· 전공 지식을 실무에 연결하기 위해 스스로 자격 취득 목표를 세우고 학업과 병행하며 전문성을 확장했습니다.,전략·기획 역량,효율적 자원 관리,· 주어진 시간과 자원을 분석하여 최적의 경로를 설정하고 목표를 달성하는 능력입니다.,"· 방대한 학습 범위를 기출 분석을 통해 우선순위화하고, 6개월이라는 한정된 시간을 전략적으로 배분하여 목표를 달성했습니다.",정보수집·분석 역량,통계적 분석 사고,· 데이터를 수집하고 통계적 도구를 활용하여 현상의 원인을 규명하고 객관적인 결론을 도출하는 능력입니다.,· Minitab을 활용한 데이터 분석 기법을 익힘으로써 품질 관리의 핵심인 통계적 공정 관리 역량을 확보했습니다.
P0009,P0009_03,P0009_CO02_Q01_D01,P0009_CO02_Q01_D01,P0009_CO02,SK하이닉스_공채,SK하이닉스,양산/기술,Manufacturing/Technology,2025.10.12,"P0009_03,P0009_01",1,1,버전 1,"스스로 높은 목표를 세우고, 이를 달성하기 위해 열정적으로 임했던 경험을 구체적으로 기술해 주십시오.","학기 중 전공 심화 학습과 실무 역량 강화를 동시에 달성하기 위해 '6개월 내 화학공학 기사 및 6시그마 GB 동시 취득'이라는 도전적인 목표를 세웠습니다. 단순한 자격증 취득을 넘어, 데이터에 기반한 엔지니어링 사고력을 갖추기 위한 결정이었습니다.

시간적 제약을 극복하기 위해 전략적인 접근을 선택했습니다. 최근 5개년의 기출 데이터를 분석하여 출제 빈도가 높은 공정 제어 및 단위 조작 파트를 우선순위로 두어 학습 효율을 높였습니다. 또한, 이론에 그치지 않기 위해 6시그마 실습 교육에 참여하여 실제 공정 불량 사례에 DMAIC 방법론을 적용해보는 시뮬레이션을 병행했습니다. Minitab을 활용해 관리도를 직접 그려보며 통계적 유의성을 검증하는 과정은 공정 변수를 수치로 이해하는 데 큰 도움이 되었습니다. 결과적으로 계획한 기간 내 두 자격증을 모두 취득하며, 전공 지식과 데이터 분석력을 겸비한 준비된 엔지니어로 거듭날 수 있었습니다. 이러한 목표 지향적 태도로 SK하이닉스의 수율 극대화에 앞장서겠습니다.",bachelor_graduate,아주대학교,화학공학,chemical_material,semiconductor,energy,quality,manufacturing,rnd,자격증,화학공학 기사 및 6시그마 GB 취득을 통한 품질 전문성 확보,"· 전공 지식의 실무 적용력을 높이고 데이터 기반의 품질 관리 역량을 증명하기 위해 자격 취득을 결심했습니다.
· 학기 중 전공 수업과 병행해야 했기에 효율적인 시간 관리와 학습 전략이 필요했습니다.",· 6개월 내에 화학공학 기사 자격증과 6시그마 Green Belt 자격증을 동시에 취득하는 것을 목표로 설정했습니다.,"· 먼저 기출 데이터 5개년치를 분석하여 출제 빈도가 높은 단위 조작 및 공정 제어 파트를 집중 학습했습니다.
· 이후 6시그마 프로젝트 실습 교육에 참여하여 DMAIC 방법론을 실제 공정 불량 사례에 적용해보는 시뮬레이션을 수행했습니다.
· 또한 통계 소프트웨어인 Minitab 활용법을 익혀 관리도 분석과 가설 검정 능력을 숙달했습니다.","· 단순 암기가 아닌 공정의 원리를 이해해야 실무에서 변수에 대응할 수 있다고 판단하여 원리 중심 학습을 선택했습니다.
· 품질 관리의 핵심인 통계적 사고를 기르기 위해 실습 위주의 6시그마 교육을 병행했습니다.","· 계획한 기간 내에 두 자격증을 모두 취득했으며, 통계적 공정 관리(SPC)에 대한 실무적 이해도를 크게 높였습니다.",3,학습·성장 역량,자기주도적 전문성 강화,· 자신의 부족한 점을 파악하고 필요한 지식이나 기술을 습득하기 위해 지속적으로 노력하며 성장하는 능력입니다.,· 전공 지식을 실무에 연결하기 위해 스스로 자격 취득 목표를 세우고 학업과 병행하며 전문성을 확장했습니다.,전략·기획 역량,효율적 자원 관리,· 주어진 시간과 자원을 분석하여 최적의 경로를 설정하고 목표를 달성하는 능력입니다.,"· 방대한 학습 범위를 기출 분석을 통해 우선순위화하고, 6개월이라는 한정된 시간을 전략적으로 배분하여 목표를 달성했습니다.",정보수집·분석 역량,통계적 분석 사고,· 데이터를 수집하고 통계적 도구를 활용하여 현상의 원인을 규명하고 객관적인 결론을 도출하는 능력입니다.,· Minitab을 활용한 데이터 분석 기법을 익힘으로써 품질 관리의 핵심인 통계적 공정 관리 역량을 확보했습니다.
P0009,P0009_01,P0009_CO02_Q01_D01,P0009_CO02_Q01_D01,P0009_CO02,SK하이닉스_공채,SK하이닉스,양산/기술,Manufacturing/Technology,2025.10.12,"P0009_03,P0009_01",1,1,버전 1,"스스로 높은 목표를 세우고, 이를 달성하기 위해 열정적으로 임했던 경험을 구체적으로 기술해 주십시오.","학기 중 전공 심화 학습과 실무 역량 강화를 동시에 달성하기 위해 '6개월 내 화학공학 기사 및 6시그마 GB 동시 취득'이라는 도전적인 목표를 세웠습니다. 단순한 자격증 취득을 넘어, 데이터에 기반한 엔지니어링 사고력을 갖추기 위한 결정이었습니다.

시간적 제약을 극복하기 위해 전략적인 접근을 선택했습니다. 최근 5개년의 기출 데이터를 분석하여 출제 빈도가 높은 공정 제어 및 단위 조작 파트를 우선순위로 두어 학습 효율을 높였습니다. 또한, 이론에 그치지 않기 위해 6시그마 실습 교육에 참여하여 실제 공정 불량 사례에 DMAIC 방법론을 적용해보는 시뮬레이션을 병행했습니다. Minitab을 활용해 관리도를 직접 그려보며 통계적 유의성을 검증하는 과정은 공정 변수를 수치로 이해하는 데 큰 도움이 되었습니다. 결과적으로 계획한 기간 내 두 자격증을 모두 취득하며, 전공 지식과 데이터 분석력을 겸비한 준비된 엔지니어로 거듭날 수 있었습니다. 이러한 목표 지향적 태도로 SK하이닉스의 수율 극대화에 앞장서겠습니다.",bachelor_graduate,아주대학교,화학공학,chemical_material,semiconductor,energy,quality,manufacturing,rnd,인턴,이차전지 전해액 공정 최적화 및 불량률 15% 개선,"· 소재 전문 기업의 생산기술팀 인턴으로서 차세대 전해액의 양산성 검증 프로젝트에 참여했습니다.
· 실험실 규모에서는 완벽했던 배합비가 실제 대용량 반응기에서는 온도 불균형으로 인해 점도 편차가 발생하는 문제가 있었습니다.",· 양산 설비의 열전달 효율을 분석하여 실험실 데이터와의 오차 범위를 3% 이내로 줄이는 것을 목표로 삼았습니다.,"· 먼저 반응기 내부의 위치별 온도 센서 데이터를 10분 단위로 수집하여 열분포 지도를 작성했습니다.
· 이후 교반 속도와 냉각수 유량을 변수로 설정한 직교배열실험을 설계하여 최적의 냉각 조건을 도출했습니다.
· 또한 도출된 조건을 바탕으로 표준 작업 지침서(SOP)를 개정하고 현장 작업자들에게 교육을 실시했습니다.
· 마지막으로 실제 가동 시 실시간 모니터링 시스템을 통해 변동성을 확인하며 공정을 안정화했습니다.","· 단순한 감각이 아닌 수치화된 데이터에 기반하여 문제의 근본 원인을 파악하고자 열분포 분석을 선택했습니다.
· 현장 작업자의 숙련도에 따른 편차를 방지하기 위해 표준화된 가이드라인 수립이 필수적이라고 판단했습니다.","· 공정 재현성을 확보하여 초기 불량률을 15% 이상 감소시켰으며, 양산 가동 승인을 1주일 앞당기는 성과를 거두었습니다.",3,정보수집·분석 역량,데이터 기반 분석력,"· 방대한 양의 정보를 체계적으로 수집하고, 데이터 간의 상관관계를 파악하여 유의미한 인사이트를 도출하는 능력입니다.",· 반응기 내부의 위치별 온도 데이터를 정밀하게 수집하고 이를 열분포 지도로 시각화하여 문제 원인을 과학적으로 분석했습니다.,문제해결 능력,공정 최적화 역량,"· 문제의 핵심 원인을 식별하고, 가용한 자원을 활용하여 효과적인 해결책을 설계 및 실행하는 능력입니다.",· 실험실과 현장의 괴리를 해결하기 위해 직교배열실험을 도입하여 최적의 공정 조건을 도출하고 불량 문제를 해결했습니다.,실행력·업무처리 능력,표준화 및 실행력,"· 설정한 목표를 달성하기 위해 구체적인 계획을 수립하고, 끝까지 완수하여 실질적인 성과를 만들어내는 능력입니다.",· 분석에 그치지 않고 SOP 개정과 작업자 교육까지 완수하여 실제 양산 현장에 개선 사항을 즉각 적용했습니다.
P0009,P0009_02,P0009_CO02_Q02_D01,P0009_CO02_Q02_D01,P0009_CO02,SK하이닉스_공채,SK하이닉스,양산/기술,Manufacturing/Technology,2025.10.12,"P0009_02,P0009_03",2,1,버전 1,공학적 지식을 활용하여 공정상의 난제를 해결하거나 효율을 개선했던 사례가 있다면 기술해 주십시오.,"반도체 웨이퍼 세정 공정의 핵심인 약품 순도를 높이기 위해 필터 시스템의 여과 효율을 개선한 경험이 있습니다. 당시 미세 입자로 인한 불량 문제를 해결하기 위해 저는 유체 역학적 관점에서 접근했습니다. 실험실 규모의 반복적인 테스트 대신 시뮬레이션 툴을 활용하여 필터 내부의 유동 흐름을 분석했고, 특정 구간에서 발생하는 흐름 정체가 여과 성능을 저해한다는 점을 발견했습니다.

이를 해결하기 위해 필터의 적층 구조를 다단식으로 변경하는 설계를 제안했습니다. 단순히 필터를 추가하는 것이 아니라, 각 층의 기공 크기를 단계별로 구성하여 압력 손실은 줄이면서 포집 효율은 높이는 방식이었습니다. 시제품 제작 후 유속과 압력 강하 데이터를 정밀 측정하여 필터 수명 예측 모델을 구축함으로써 운영 효율성까지 고려했습니다. 이 프로젝트를 통해 미세 입자 제거 효율을 12% 개선할 수 있었고, 공학적 도구 활용 능력과 구조적 개선 사고의 중요성을 깨달았습니다. SK하이닉스의 첨단 공정에서도 데이터와 시뮬레이션을 기반으로 한 정밀한 분석으로 생산성을 높이겠습니다.",bachelor_graduate,아주대학교,화학공학,chemical_material,semiconductor,energy,quality,manufacturing,rnd,프로젝트,반도체 세정 공정용 고순도 약품 여과 효율 향상 프로젝트,"· 캡스톤 디자인 과정에서 반도체 웨이퍼 세정 공정에 사용되는 화학 약품의 미세 입자 제거 효율을 높이는 과제를 수행했습니다.
· 기존 필터 시스템에서 특정 입자 크기 이하의 불순물이 잔류하여 수율이 저하되는 상황이었습니다.",· 필터의 기공 구조와 유체의 압력 손실 관계를 분석하여 여과 효율을 기존 대비 10% 향상시키는 것이 목표였습니다.,"· 먼저 유체 역학 시뮬레이션 툴을 활용하여 필터 내부의 흐름 정체 구간을 파악했습니다.
· 이후 필터의 적층 구조를 다단식으로 변경하는 새로운 설계를 제안하고 시제품을 제작했습니다.
· 또한 유속 변화에 따른 압력 강하 데이터를 측정하여 필터 교체 주기를 예측하는 모델을 수립했습니다.","· 물리적인 실험 횟수를 줄이고 정확도를 높이기 위해 시뮬레이션 기반의 사전 검증 방식을 선택했습니다.
· 단일 필터의 한계를 극복하기 위해 다단 적층이라는 구조적 혁신이 필요하다고 판단했습니다.","· 미세 입자 제거 효율을 12% 향상시켰으며, 해당 아이디어로 교내 캡스톤 경진대회에서 우수상을 수상했습니다.",3,디지털·기술 활용 역량,엔지니어링 툴 활용력,· 전공 지식을 바탕으로 최신 소프트웨어나 기술적 도구를 활용하여 업무의 정확도와 효율성을 높이는 능력입니다.,· 유체 역학 시뮬레이션 툴을 사용하여 보이지 않는 유체의 흐름을 시각화하고 설계의 타당성을 검증했습니다.,창의·혁신 역량,구조적 개선 사고,"· 기존의 방식에서 벗어나 새로운 관점에서 문제를 바라보고, 독창적인 대안을 제시하여 가치를 창출하는 능력입니다.",· 기존의 단일 필터 방식을 탈피하여 다단 적층 구조라는 새로운 설계안을 제시함으로써 효율 문제를 해결했습니다.,전략·기획 역량,목표 설정 및 계획 수립,· 조직의 목표를 이해하고 이를 달성하기 위한 구체적인 단계와 우선순위를 설정하여 자원을 배분하는 능력입니다.,· 효율 향상뿐만 아니라 유지보수 비용까지 고려하여 필터 교체 주기 예측 모델을 기획하고 데이터 기반의 관리 체계를 제안했습니다.
P0009,P0009_03,P0009_CO02_Q02_D01,P0009_CO02_Q02_D01,P0009_CO02,SK하이닉스_공채,SK하이닉스,양산/기술,Manufacturing/Technology,2025.10.12,"P0009_02,P0009_03",2,1,버전 1,공학적 지식을 활용하여 공정상의 난제를 해결하거나 효율을 개선했던 사례가 있다면 기술해 주십시오.,"반도체 웨이퍼 세정 공정의 핵심인 약품 순도를 높이기 위해 필터 시스템의 여과 효율을 개선한 경험이 있습니다. 당시 미세 입자로 인한 불량 문제를 해결하기 위해 저는 유체 역학적 관점에서 접근했습니다. 실험실 규모의 반복적인 테스트 대신 시뮬레이션 툴을 활용하여 필터 내부의 유동 흐름을 분석했고, 특정 구간에서 발생하는 흐름 정체가 여과 성능을 저해한다는 점을 발견했습니다.

이를 해결하기 위해 필터의 적층 구조를 다단식으로 변경하는 설계를 제안했습니다. 단순히 필터를 추가하는 것이 아니라, 각 층의 기공 크기를 단계별로 구성하여 압력 손실은 줄이면서 포집 효율은 높이는 방식이었습니다. 시제품 제작 후 유속과 압력 강하 데이터를 정밀 측정하여 필터 수명 예측 모델을 구축함으로써 운영 효율성까지 고려했습니다. 이 프로젝트를 통해 미세 입자 제거 효율을 12% 개선할 수 있었고, 공학적 도구 활용 능력과 구조적 개선 사고의 중요성을 깨달았습니다. SK하이닉스의 첨단 공정에서도 데이터와 시뮬레이션을 기반으로 한 정밀한 분석으로 생산성을 높이겠습니다.",bachelor_graduate,아주대학교,화학공학,chemical_material,semiconductor,energy,quality,manufacturing,rnd,자격증,화학공학 기사 및 6시그마 GB 취득을 통한 품질 전문성 확보,"· 전공 지식의 실무 적용력을 높이고 데이터 기반의 품질 관리 역량을 증명하기 위해 자격 취득을 결심했습니다.
· 학기 중 전공 수업과 병행해야 했기에 효율적인 시간 관리와 학습 전략이 필요했습니다.",· 6개월 내에 화학공학 기사 자격증과 6시그마 Green Belt 자격증을 동시에 취득하는 것을 목표로 설정했습니다.,"· 먼저 기출 데이터 5개년치를 분석하여 출제 빈도가 높은 단위 조작 및 공정 제어 파트를 집중 학습했습니다.
· 이후 6시그마 프로젝트 실습 교육에 참여하여 DMAIC 방법론을 실제 공정 불량 사례에 적용해보는 시뮬레이션을 수행했습니다.
· 또한 통계 소프트웨어인 Minitab 활용법을 익혀 관리도 분석과 가설 검정 능력을 숙달했습니다.","· 단순 암기가 아닌 공정의 원리를 이해해야 실무에서 변수에 대응할 수 있다고 판단하여 원리 중심 학습을 선택했습니다.
· 품질 관리의 핵심인 통계적 사고를 기르기 위해 실습 위주의 6시그마 교육을 병행했습니다.","· 계획한 기간 내에 두 자격증을 모두 취득했으며, 통계적 공정 관리(SPC)에 대한 실무적 이해도를 크게 높였습니다.",3,학습·성장 역량,자기주도적 전문성 강화,· 자신의 부족한 점을 파악하고 필요한 지식이나 기술을 습득하기 위해 지속적으로 노력하며 성장하는 능력입니다.,· 전공 지식을 실무에 연결하기 위해 스스로 자격 취득 목표를 세우고 학업과 병행하며 전문성을 확장했습니다.,전략·기획 역량,효율적 자원 관리,· 주어진 시간과 자원을 분석하여 최적의 경로를 설정하고 목표를 달성하는 능력입니다.,"· 방대한 학습 범위를 기출 분석을 통해 우선순위화하고, 6개월이라는 한정된 시간을 전략적으로 배분하여 목표를 달성했습니다.",정보수집·분석 역량,통계적 분석 사고,· 데이터를 수집하고 통계적 도구를 활용하여 현상의 원인을 규명하고 객관적인 결론을 도출하는 능력입니다.,· Minitab을 활용한 데이터 분석 기법을 익힘으로써 품질 관리의 핵심인 통계적 공정 관리 역량을 확보했습니다.
P0009,P0009_01,P0009_CO03_Q01_D01,P0009_CO03_Q01_D01,P0009_CO03,삼성SDI_하반기,삼성SDI,생산기술,배터리 공정기술팀,2025.9.18,"P0009_01,P0009_03",1,1,버전 1,삼성SDI를 지원한 이유와 입사 후 회사에서 이루고 싶은 꿈을 기술하십시오.,"초격차 기술력을 바탕으로 글로벌 배터리 시장을 선도하는 삼성SDI에서 '무결점 양산 체계'를 구축하고자 지원했습니다. 저는 인턴십 과정에서 이차전지 전해액 공정의 열분포 분석을 통해 불량률을 15% 개선하며, 실험실의 성과를 현장의 가치로 전환하는 생산기술의 중요성을 체감했습니다. 당시 반응기 내부의 온도 편차를 줄이기 위해 직교배열실험을 설계하고 최적의 냉각 조건을 도출했던 경험은, 데이터 기반의 공정 최적화가 품질에 미치는 영향을 확신하게 해주었습니다.

입사 후 저의 목표는 삼성SDI의 전고체 배터리 등 차세대 제품의 양산 공정 안정화를 조기에 달성하는 것입니다. 6시그마 활동을 통해 다진 통계적 분석 능력과 캡스톤 프로젝트에서 보여준 구조적 개선 역량을 발휘하여, 공정 변수 간의 상관관계를 정밀하게 제어하겠습니다. 현장의 작업자와 소통하며 표준 작업 지침서(SOP)를 고도화하고, 어떤 환경에서도 동일한 고품질의 배터리가 생산될 수 있는 재현성 높은 공정을 완성하는 것이 저의 꿈입니다.",bachelor_graduate,아주대학교,화학공학,chemical_material,semiconductor,energy,quality,manufacturing,rnd,인턴,이차전지 전해액 공정 최적화 및 불량률 15% 개선,"· 소재 전문 기업의 생산기술팀 인턴으로서 차세대 전해액의 양산성 검증 프로젝트에 참여했습니다.
· 실험실 규모에서는 완벽했던 배합비가 실제 대용량 반응기에서는 온도 불균형으로 인해 점도 편차가 발생하는 문제가 있었습니다.",· 양산 설비의 열전달 효율을 분석하여 실험실 데이터와의 오차 범위를 3% 이내로 줄이는 것을 목표로 삼았습니다.,"· 먼저 반응기 내부의 위치별 온도 센서 데이터를 10분 단위로 수집하여 열분포 지도를 작성했습니다.
· 이후 교반 속도와 냉각수 유량을 변수로 설정한 직교배열실험을 설계하여 최적의 냉각 조건을 도출했습니다.
· 또한 도출된 조건을 바탕으로 표준 작업 지침서(SOP)를 개정하고 현장 작업자들에게 교육을 실시했습니다.
· 마지막으로 실제 가동 시 실시간 모니터링 시스템을 통해 변동성을 확인하며 공정을 안정화했습니다.","· 단순한 감각이 아닌 수치화된 데이터에 기반하여 문제의 근본 원인을 파악하고자 열분포 분석을 선택했습니다.
· 현장 작업자의 숙련도에 따른 편차를 방지하기 위해 표준화된 가이드라인 수립이 필수적이라고 판단했습니다.","· 공정 재현성을 확보하여 초기 불량률을 15% 이상 감소시켰으며, 양산 가동 승인을 1주일 앞당기는 성과를 거두었습니다.",3,정보수집·분석 역량,데이터 기반 분석력,"· 방대한 양의 정보를 체계적으로 수집하고, 데이터 간의 상관관계를 파악하여 유의미한 인사이트를 도출하는 능력입니다.",· 반응기 내부의 위치별 온도 데이터를 정밀하게 수집하고 이를 열분포 지도로 시각화하여 문제 원인을 과학적으로 분석했습니다.,문제해결 능력,공정 최적화 역량,"· 문제의 핵심 원인을 식별하고, 가용한 자원을 활용하여 효과적인 해결책을 설계 및 실행하는 능력입니다.",· 실험실과 현장의 괴리를 해결하기 위해 직교배열실험을 도입하여 최적의 공정 조건을 도출하고 불량 문제를 해결했습니다.,실행력·업무처리 능력,표준화 및 실행력,"· 설정한 목표를 달성하기 위해 구체적인 계획을 수립하고, 끝까지 완수하여 실질적인 성과를 만들어내는 능력입니다.",· 분석에 그치지 않고 SOP 개정과 작업자 교육까지 완수하여 실제 양산 현장에 개선 사항을 즉각 적용했습니다.
P0009,P0009_03,P0009_CO03_Q01_D01,P0009_CO03_Q01_D01,P0009_CO03,삼성SDI_하반기,삼성SDI,생산기술,배터리 공정기술팀,2025.9.18,"P0009_01,P0009_03",1,1,버전 1,삼성SDI를 지원한 이유와 입사 후 회사에서 이루고 싶은 꿈을 기술하십시오.,"초격차 기술력을 바탕으로 글로벌 배터리 시장을 선도하는 삼성SDI에서 '무결점 양산 체계'를 구축하고자 지원했습니다. 저는 인턴십 과정에서 이차전지 전해액 공정의 열분포 분석을 통해 불량률을 15% 개선하며, 실험실의 성과를 현장의 가치로 전환하는 생산기술의 중요성을 체감했습니다. 당시 반응기 내부의 온도 편차를 줄이기 위해 직교배열실험을 설계하고 최적의 냉각 조건을 도출했던 경험은, 데이터 기반의 공정 최적화가 품질에 미치는 영향을 확신하게 해주었습니다.

입사 후 저의 목표는 삼성SDI의 전고체 배터리 등 차세대 제품의 양산 공정 안정화를 조기에 달성하는 것입니다. 6시그마 활동을 통해 다진 통계적 분석 능력과 캡스톤 프로젝트에서 보여준 구조적 개선 역량을 발휘하여, 공정 변수 간의 상관관계를 정밀하게 제어하겠습니다. 현장의 작업자와 소통하며 표준 작업 지침서(SOP)를 고도화하고, 어떤 환경에서도 동일한 고품질의 배터리가 생산될 수 있는 재현성 높은 공정을 완성하는 것이 저의 꿈입니다.",bachelor_graduate,아주대학교,화학공학,chemical_material,semiconductor,energy,quality,manufacturing,rnd,자격증,화학공학 기사 및 6시그마 GB 취득을 통한 품질 전문성 확보,"· 전공 지식의 실무 적용력을 높이고 데이터 기반의 품질 관리 역량을 증명하기 위해 자격 취득을 결심했습니다.
· 학기 중 전공 수업과 병행해야 했기에 효율적인 시간 관리와 학습 전략이 필요했습니다.",· 6개월 내에 화학공학 기사 자격증과 6시그마 Green Belt 자격증을 동시에 취득하는 것을 목표로 설정했습니다.,"· 먼저 기출 데이터 5개년치를 분석하여 출제 빈도가 높은 단위 조작 및 공정 제어 파트를 집중 학습했습니다.
· 이후 6시그마 프로젝트 실습 교육에 참여하여 DMAIC 방법론을 실제 공정 불량 사례에 적용해보는 시뮬레이션을 수행했습니다.
· 또한 통계 소프트웨어인 Minitab 활용법을 익혀 관리도 분석과 가설 검정 능력을 숙달했습니다.","· 단순 암기가 아닌 공정의 원리를 이해해야 실무에서 변수에 대응할 수 있다고 판단하여 원리 중심 학습을 선택했습니다.
· 품질 관리의 핵심인 통계적 사고를 기르기 위해 실습 위주의 6시그마 교육을 병행했습니다.","· 계획한 기간 내에 두 자격증을 모두 취득했으며, 통계적 공정 관리(SPC)에 대한 실무적 이해도를 크게 높였습니다.",3,학습·성장 역량,자기주도적 전문성 강화,· 자신의 부족한 점을 파악하고 필요한 지식이나 기술을 습득하기 위해 지속적으로 노력하며 성장하는 능력입니다.,· 전공 지식을 실무에 연결하기 위해 스스로 자격 취득 목표를 세우고 학업과 병행하며 전문성을 확장했습니다.,전략·기획 역량,효율적 자원 관리,· 주어진 시간과 자원을 분석하여 최적의 경로를 설정하고 목표를 달성하는 능력입니다.,"· 방대한 학습 범위를 기출 분석을 통해 우선순위화하고, 6개월이라는 한정된 시간을 전략적으로 배분하여 목표를 달성했습니다.",정보수집·분석 역량,통계적 분석 사고,· 데이터를 수집하고 통계적 도구를 활용하여 현상의 원인을 규명하고 객관적인 결론을 도출하는 능력입니다.,· Minitab을 활용한 데이터 분석 기법을 익힘으로써 품질 관리의 핵심인 통계적 공정 관리 역량을 확보했습니다.
P0009,P0009_02,P0009_CO03_Q02_D01,P0009_CO03_Q02_D01,P0009_CO03,삼성SDI_하반기,삼성SDI,생산기술,배터리 공정기술팀,2025.9.18,"P0009_02,P0009_01",2,1,버전 1,본인의 성장과정 중 가장 큰 영향을 끼친 사건이나 인물에 대해 기술해 주십시오. (경험 위주),"저의 엔지니어로서의 가치관은 '현장 데이터 속에 답이 있다'는 믿음에서 시작되었습니다. 이는 캡스톤 디자인 프로젝트 당시 반도체 세정 필터의 효율을 개선하며 얻은 교훈입니다. 처음에는 단순히 필터의 재질을 바꾸는 일차적인 접근을 했으나 성과가 없었습니다. 하지만 유체 역학 시뮬레이션을 도입해 내부 흐름을 시각화하고, 실제 유속과 압력 데이터를 수집하며 분석한 결과, 문제는 재질이 아닌 '구조적 정체'에 있음을 발견했습니다.

이후 필터의 다단 적층 구조를 설계하고 시제품을 통해 효율을 12% 향상시키며, 철저한 데이터 분석이 혁신의 시작임을 깨달았습니다. 이러한 태도는 이후 전해액 공정 인턴십에서도 이어져, 현장 작업자들의 숙련도 차이를 극복하기 위해 온도 데이터를 수집하고 SOP를 개정하는 실행력으로 나타났습니다. 이론에만 머물지 않고 현장의 목소리와 수치를 연결하여 실질적인 개선을 이끌어내는 엔지니어로 성장해왔으며, 이러한 집요함으로 삼성SDI의 제조 경쟁력을 강화하겠습니다.",bachelor_graduate,아주대학교,화학공학,chemical_material,semiconductor,energy,quality,manufacturing,rnd,프로젝트,반도체 세정 공정용 고순도 약품 여과 효율 향상 프로젝트,"· 캡스톤 디자인 과정에서 반도체 웨이퍼 세정 공정에 사용되는 화학 약품의 미세 입자 제거 효율을 높이는 과제를 수행했습니다.
· 기존 필터 시스템에서 특정 입자 크기 이하의 불순물이 잔류하여 수율이 저하되는 상황이었습니다.",· 필터의 기공 구조와 유체의 압력 손실 관계를 분석하여 여과 효율을 기존 대비 10% 향상시키는 것이 목표였습니다.,"· 먼저 유체 역학 시뮬레이션 툴을 활용하여 필터 내부의 흐름 정체 구간을 파악했습니다.
· 이후 필터의 적층 구조를 다단식으로 변경하는 새로운 설계를 제안하고 시제품을 제작했습니다.
· 또한 유속 변화에 따른 압력 강하 데이터를 측정하여 필터 교체 주기를 예측하는 모델을 수립했습니다.","· 물리적인 실험 횟수를 줄이고 정확도를 높이기 위해 시뮬레이션 기반의 사전 검증 방식을 선택했습니다.
· 단일 필터의 한계를 극복하기 위해 다단 적층이라는 구조적 혁신이 필요하다고 판단했습니다.","· 미세 입자 제거 효율을 12% 향상시켰으며, 해당 아이디어로 교내 캡스톤 경진대회에서 우수상을 수상했습니다.",3,디지털·기술 활용 역량,엔지니어링 툴 활용력,· 전공 지식을 바탕으로 최신 소프트웨어나 기술적 도구를 활용하여 업무의 정확도와 효율성을 높이는 능력입니다.,· 유체 역학 시뮬레이션 툴을 사용하여 보이지 않는 유체의 흐름을 시각화하고 설계의 타당성을 검증했습니다.,창의·혁신 역량,구조적 개선 사고,"· 기존의 방식에서 벗어나 새로운 관점에서 문제를 바라보고, 독창적인 대안을 제시하여 가치를 창출하는 능력입니다.",· 기존의 단일 필터 방식을 탈피하여 다단 적층 구조라는 새로운 설계안을 제시함으로써 효율 문제를 해결했습니다.,전략·기획 역량,목표 설정 및 계획 수립,· 조직의 목표를 이해하고 이를 달성하기 위한 구체적인 단계와 우선순위를 설정하여 자원을 배분하는 능력입니다.,· 효율 향상뿐만 아니라 유지보수 비용까지 고려하여 필터 교체 주기 예측 모델을 기획하고 데이터 기반의 관리 체계를 제안했습니다.
P0009,P0009_01,P0009_CO03_Q02_D01,P0009_CO03_Q02_D01,P0009_CO03,삼성SDI_하반기,삼성SDI,생산기술,배터리 공정기술팀,2025.9.18,"P0009_02,P0009_01",2,1,버전 1,본인의 성장과정 중 가장 큰 영향을 끼친 사건이나 인물에 대해 기술해 주십시오. (경험 위주),"저의 엔지니어로서의 가치관은 '현장 데이터 속에 답이 있다'는 믿음에서 시작되었습니다. 이는 캡스톤 디자인 프로젝트 당시 반도체 세정 필터의 효율을 개선하며 얻은 교훈입니다. 처음에는 단순히 필터의 재질을 바꾸는 일차적인 접근을 했으나 성과가 없었습니다. 하지만 유체 역학 시뮬레이션을 도입해 내부 흐름을 시각화하고, 실제 유속과 압력 데이터를 수집하며 분석한 결과, 문제는 재질이 아닌 '구조적 정체'에 있음을 발견했습니다.

이후 필터의 다단 적층 구조를 설계하고 시제품을 통해 효율을 12% 향상시키며, 철저한 데이터 분석이 혁신의 시작임을 깨달았습니다. 이러한 태도는 이후 전해액 공정 인턴십에서도 이어져, 현장 작업자들의 숙련도 차이를 극복하기 위해 온도 데이터를 수집하고 SOP를 개정하는 실행력으로 나타났습니다. 이론에만 머물지 않고 현장의 목소리와 수치를 연결하여 실질적인 개선을 이끌어내는 엔지니어로 성장해왔으며, 이러한 집요함으로 삼성SDI의 제조 경쟁력을 강화하겠습니다.",bachelor_graduate,아주대학교,화학공학,chemical_material,semiconductor,energy,quality,manufacturing,rnd,인턴,이차전지 전해액 공정 최적화 및 불량률 15% 개선,"· 소재 전문 기업의 생산기술팀 인턴으로서 차세대 전해액의 양산성 검증 프로젝트에 참여했습니다.
· 실험실 규모에서는 완벽했던 배합비가 실제 대용량 반응기에서는 온도 불균형으로 인해 점도 편차가 발생하는 문제가 있었습니다.",· 양산 설비의 열전달 효율을 분석하여 실험실 데이터와의 오차 범위를 3% 이내로 줄이는 것을 목표로 삼았습니다.,"· 먼저 반응기 내부의 위치별 온도 센서 데이터를 10분 단위로 수집하여 열분포 지도를 작성했습니다.
· 이후 교반 속도와 냉각수 유량을 변수로 설정한 직교배열실험을 설계하여 최적의 냉각 조건을 도출했습니다.
· 또한 도출된 조건을 바탕으로 표준 작업 지침서(SOP)를 개정하고 현장 작업자들에게 교육을 실시했습니다.
· 마지막으로 실제 가동 시 실시간 모니터링 시스템을 통해 변동성을 확인하며 공정을 안정화했습니다.","· 단순한 감각이 아닌 수치화된 데이터에 기반하여 문제의 근본 원인을 파악하고자 열분포 분석을 선택했습니다.
· 현장 작업자의 숙련도에 따른 편차를 방지하기 위해 표준화된 가이드라인 수립이 필수적이라고 판단했습니다.","· 공정 재현성을 확보하여 초기 불량률을 15% 이상 감소시켰으며, 양산 가동 승인을 1주일 앞당기는 성과를 거두었습니다.",3,정보수집·분석 역량,데이터 기반 분석력,"· 방대한 양의 정보를 체계적으로 수집하고, 데이터 간의 상관관계를 파악하여 유의미한 인사이트를 도출하는 능력입니다.",· 반응기 내부의 위치별 온도 데이터를 정밀하게 수집하고 이를 열분포 지도로 시각화하여 문제 원인을 과학적으로 분석했습니다.,문제해결 능력,공정 최적화 역량,"· 문제의 핵심 원인을 식별하고, 가용한 자원을 활용하여 효과적인 해결책을 설계 및 실행하는 능력입니다.",· 실험실과 현장의 괴리를 해결하기 위해 직교배열실험을 도입하여 최적의 공정 조건을 도출하고 불량 문제를 해결했습니다.,실행력·업무처리 능력,표준화 및 실행력,"· 설정한 목표를 달성하기 위해 구체적인 계획을 수립하고, 끝까지 완수하여 실질적인 성과를 만들어내는 능력입니다.",· 분석에 그치지 않고 SOP 개정과 작업자 교육까지 완수하여 실제 양산 현장에 개선 사항을 즉각 적용했습니다.
P0011,P0011_01,P0011_CO01_Q01_D01,P0011_CO01_Q01_D01,P0011_CO01,카카오뱅크_하반기,카카오뱅크,Software Engineer,금융 IT 개발팀,2025.10.20,"P0011_01,P0011_03",1,1,버전 1,"카카오뱅크의 기술적 지향점에 비추어, 본인이 가진 기술적 역량과 문제 해결 능력을 구체적인 사례와 함께 기술해 주십시오.","[데이터의 불균형을 넘어 97%의 정확도를 달성한 기술적 집요함]

금융 IT 시스템의 핵심은 신뢰성과 보안이라고 생각합니다. 저는 핀테크 보안 프로젝트에서 '딥러닝 기반 이상거래 탐지 시스템'을 구축하며, 데이터의 한계를 기술적 분석으로 극복한 경험이 있습니다. 당시 가장 큰 난관은 정상 거래 대비 부정 거래 데이터가 0.1% 미만인 심각한 데이터 불균형 문제였습니다. 저는 단순히 기존 모델을 적용하는 것에 그치지 않고, 문제의 본질인 '희소 데이터 학습'을 해결하기 위해 SMOTE 기법을 도입하여 소수 데이터를 오버샘플링하고 데이터 분포를 최적화했습니다.

또한, 단일 모델의 한계를 극복하고자 Random Forest와 LSTM을 결합한 앙상블 기법을 적용했습니다. 거래 패턴의 전후 맥락을 파악하는 시계열적 특징 추출이 부정 결제 판별의 핵심이라고 판단했기 때문입니다. 더불어 실시간 스트리밍 데이터 처리를 위해 Kafka 파이프라인을 설계하여 시스템의 확장성을 고려했습니다. 이러한 노력 끝에 부정 거래 탐지율(Recall) 97%를 달성했으며, 처리 속도를 0.5초 이내로 단축하는 성과를 거두었습니다. 카카오뱅크에서도 이러한 데이터 분석 역량과 시스템 설계 능력을 바탕으로, 고객이 믿고 이용할 수 있는 안전한 금융 플랫폼을 만드는 데 기여하겠습니다.",bachelor_attending,숭실대학교,컴퓨터공학,it_software,finance_insurance,retail_distribution,software_dev,data_ai_ml,service_pm,프로젝트,딥러닝 기반 이상거래 탐지 시스템 구축,"· 핀테크 보안 프로젝트에서 신용카드 부정 결제를 실시간으로 감지하는 모델 개발을 담당했습니다.
· 당시 데이터 불균형 문제가 심각하여 정상 거래 대비 부정 거래 데이터가 0.1% 미만이었습니다.",· 데이터 불균형을 해소하고 부정 거래 탐지 정확도(Recall)를 95% 이상 달성하는 것을 목표로 설정했습니다.,"· 먼저 SMOTE 기법을 활용하여 소수 데이터를 오버샘플링하고 데이터 분포를 조정했습니다.
· 이후 Random Forest와 LSTM 모델을 결합한 앙상블 기법을 적용하여 시계열적 특징을 추출했습니다.
· 또한 하이퍼파라미터 튜닝을 통해 모델의 과적합을 방지하고 일반화 성능을 높였습니다.
· 마지막으로 실시간 스트리밍 데이터 처리를 위해 Kafka를 연동한 파이프라인을 설계했습니다.","· 단순한 분류 모델로는 희소한 부정 데이터를 학습하기 어렵다고 판단하여 데이터 증강 기법을 선택했습니다.
· 거래 패턴의 전후 맥락을 파악하는 것이 부정 결제 판별의 핵심이라고 생각하여 시계열 모델을 도입했습니다.","· 최종적으로 부정 거래 탐지율 97%를 달성했으며, 실시간 처리 속도를 0.5초 이내로 단축했습니다.",3,정보수집·분석 역량,데이터 분석 및 전처리 능력,"방대한 데이터에서 유의미한 패턴을 찾아내고, 분석 목적에 맞게 데이터를 가공하고 정제하는 능력입니다.",데이터 불균형이라는 근본적인 문제를 파악하고 SMOTE 기법을 통해 분석 가능한 형태로 데이터를 재구성하며 분석 역량을 발휘했습니다.,문제해결 능력,논리적 문제 해결력,발생한 문제의 원인을 다각도로 분석하여 실질적인 해결 방안을 도출하고 실행하는 능력입니다.,낮은 탐지율의 원인을 데이터 분포와 모델 구조에서 찾아내어 앙상블 모델 도입이라는 기술적 대안으로 해결했습니다.,디지털·기술 활용 역량,AI/ML 프레임워크 활용,최신 디지털 기술과 도구를 활용하여 비즈니스 요구사항을 기술적으로 구현하는 능력입니다.,"Python, TensorFlow, Kafka 등 다양한 기술 스택을 적재적소에 활용하여 실시간 탐지 시스템이라는 결과물을 완성했습니다."
P0011,P0011_03,P0011_CO01_Q01_D01,P0011_CO01_Q01_D01,P0011_CO01,카카오뱅크_하반기,카카오뱅크,Software Engineer,금융 IT 개발팀,2025.10.20,"P0011_01,P0011_03",1,1,버전 1,"카카오뱅크의 기술적 지향점에 비추어, 본인이 가진 기술적 역량과 문제 해결 능력을 구체적인 사례와 함께 기술해 주십시오.","[데이터의 불균형을 넘어 97%의 정확도를 달성한 기술적 집요함]

금융 IT 시스템의 핵심은 신뢰성과 보안이라고 생각합니다. 저는 핀테크 보안 프로젝트에서 '딥러닝 기반 이상거래 탐지 시스템'을 구축하며, 데이터의 한계를 기술적 분석으로 극복한 경험이 있습니다. 당시 가장 큰 난관은 정상 거래 대비 부정 거래 데이터가 0.1% 미만인 심각한 데이터 불균형 문제였습니다. 저는 단순히 기존 모델을 적용하는 것에 그치지 않고, 문제의 본질인 '희소 데이터 학습'을 해결하기 위해 SMOTE 기법을 도입하여 소수 데이터를 오버샘플링하고 데이터 분포를 최적화했습니다.

또한, 단일 모델의 한계를 극복하고자 Random Forest와 LSTM을 결합한 앙상블 기법을 적용했습니다. 거래 패턴의 전후 맥락을 파악하는 시계열적 특징 추출이 부정 결제 판별의 핵심이라고 판단했기 때문입니다. 더불어 실시간 스트리밍 데이터 처리를 위해 Kafka 파이프라인을 설계하여 시스템의 확장성을 고려했습니다. 이러한 노력 끝에 부정 거래 탐지율(Recall) 97%를 달성했으며, 처리 속도를 0.5초 이내로 단축하는 성과를 거두었습니다. 카카오뱅크에서도 이러한 데이터 분석 역량과 시스템 설계 능력을 바탕으로, 고객이 믿고 이용할 수 있는 안전한 금융 플랫폼을 만드는 데 기여하겠습니다.",bachelor_attending,숭실대학교,컴퓨터공학,it_software,finance_insurance,retail_distribution,software_dev,data_ai_ml,service_pm,대외활동,대학생 IT 연합 동아리 서비스 런칭 프로젝트,"· 다양한 전공의 학생들이 모여 '위치 기반 맛집 공유 서비스'를 기획하고 개발하는 팀 프로젝트의 팀장을 맡았습니다.
· 개발 중반 단계에서 기획자와 개발자 간의 기능 구현 범위에 대한 의견 차이로 일정이 지연되었습니다.",· 정해진 데모 데이까지 MVP(최소 기능 제품)를 완성하고 앱스토어에 배포하는 것을 목표로 했습니다.,"· 먼저 전체 요구사항 목록을 나열하고 '필수'와 '선택' 기능으로 우선순위를 재조정했습니다.
· 이후 매일 아침 15분간 스탠드업 미팅을 도입하여 각 파트별 진행 상황과 장애 요인을 공유했습니다.
· 또한 협업 툴인 Notion과 Jira를 도입하여 업무 진행도를 시각화하고 소통 비용을 줄였습니다.
· 마지막으로 배포 직전 QA 세션을 운영하여 주요 버그 20여 개를 사전에 수정했습니다.","· 한정된 시간 내에 성과를 내기 위해서는 선택과 집중을 통한 우선순위 설정이 가장 중요하다고 판단했습니다.
· 팀원 간의 정보 비대칭이 갈등의 원인이라고 생각하여 투명한 정보 공유 체계를 구축했습니다.","· 예정된 일정 내에 서비스를 성공적으로 런칭했으며, 출시 일주일 만에 사용자 500명을 확보했습니다.",3,리더십·팔로워십,팀 매니지먼트 및 조율,팀의 목표 달성을 위해 구성원들의 역량을 이끌어내고 갈등을 중재하며 방향성을 제시하는 능력입니다.,팀장으로서 직군 간의 갈등을 중재하고 우선순위를 조정하여 팀이 다시 목표를 향해 나아갈 수 있도록 이끌었습니다.,커뮤니케이션 역량,협업 소통 능력,다양한 이해관계자와 원활하게 소통하며 정보를 전달하고 설득하여 합의를 이끌어내는 능력입니다.,스탠드업 미팅과 협업 툴 활용을 통해 기획과 개발 파트 사이의 기술적 간극을 메우고 명확한 소통을 주도했습니다.,실행력·업무처리 능력,목표 달성 추진력,주어진 목표를 완수하기 위해 필요한 행동을 즉각적으로 취하고 끝까지 책임지는 능력입니다.,일정 지연이라는 위기 상황에서도 MVP 중심의 빠른 실행력을 발휘하여 최종 배포라는 목표를 완수했습니다.
P0011,P0011_03,P0011_CO01_Q02_D01,P0011_CO01_Q02_D01,P0011_CO01,카카오뱅크_하반기,카카오뱅크,Software Engineer,금융 IT 개발팀,2025.10.20,"P0011_03,P0011_02",2,1,버전 1,공동의 목표를 달성하기 위해 타인과 협업했던 경험과 그 과정에서 본인의 역할 및 기여도를 기술해 주십시오.,"[투명한 소통과 우선순위 조정을 통한 서비스 런칭의 기적]

IT 연합 동아리에서 '위치 기반 맛집 공유 서비스' 프로젝트의 팀장을 맡아, 협업의 핵심은 '기술적 구현'이 아닌 '명확한 소통'임을 배웠습니다. 개발 중반, 기획자와 개발자 간의 기능 구현 범위에 대한 이견으로 일정이 지연되는 위기가 있었습니다. 저는 팀장으로서 갈등의 원인이 정보의 비대칭과 불명확한 목표 설정에 있다고 판단했습니다.

먼저, 전체 요구사항을 나열하고 MVP(최소 기능 제품) 완성을 위한 '필수'와 '선택' 기능을 재조정하여 개발 우선순위를 확립했습니다. 또한, 매일 아침 15분간 스탠드업 미팅을 도입하고 Jira와 Notion을 활용해 업무 진행도를 시각화했습니다. 이를 통해 팀원들이 서로의 진행 상황을 실시간으로 파악하고 병목 현상을 즉각 해결할 수 있는 환경을 조성했습니다. 배포 직전에는 직접 QA 세션을 주도하여 20여 개의 버그를 수정하는 등 품질 관리에도 만전을 기했습니다. 결과적으로 정해진 데모 데이에 맞춰 성공적으로 앱을 런칭했으며, 출시 일주일 만에 500명의 사용자를 확보했습니다. 이러한 협업 경험을 바탕으로 카카오뱅크의 동료들과 함께 시너지를 내며 성장하겠습니다.",bachelor_attending,숭실대학교,컴퓨터공학,it_software,finance_insurance,retail_distribution,software_dev,data_ai_ml,service_pm,대외활동,대학생 IT 연합 동아리 서비스 런칭 프로젝트,"· 다양한 전공의 학생들이 모여 '위치 기반 맛집 공유 서비스'를 기획하고 개발하는 팀 프로젝트의 팀장을 맡았습니다.
· 개발 중반 단계에서 기획자와 개발자 간의 기능 구현 범위에 대한 의견 차이로 일정이 지연되었습니다.",· 정해진 데모 데이까지 MVP(최소 기능 제품)를 완성하고 앱스토어에 배포하는 것을 목표로 했습니다.,"· 먼저 전체 요구사항 목록을 나열하고 '필수'와 '선택' 기능으로 우선순위를 재조정했습니다.
· 이후 매일 아침 15분간 스탠드업 미팅을 도입하여 각 파트별 진행 상황과 장애 요인을 공유했습니다.
· 또한 협업 툴인 Notion과 Jira를 도입하여 업무 진행도를 시각화하고 소통 비용을 줄였습니다.
· 마지막으로 배포 직전 QA 세션을 운영하여 주요 버그 20여 개를 사전에 수정했습니다.","· 한정된 시간 내에 성과를 내기 위해서는 선택과 집중을 통한 우선순위 설정이 가장 중요하다고 판단했습니다.
· 팀원 간의 정보 비대칭이 갈등의 원인이라고 생각하여 투명한 정보 공유 체계를 구축했습니다.","· 예정된 일정 내에 서비스를 성공적으로 런칭했으며, 출시 일주일 만에 사용자 500명을 확보했습니다.",3,리더십·팔로워십,팀 매니지먼트 및 조율,팀의 목표 달성을 위해 구성원들의 역량을 이끌어내고 갈등을 중재하며 방향성을 제시하는 능력입니다.,팀장으로서 직군 간의 갈등을 중재하고 우선순위를 조정하여 팀이 다시 목표를 향해 나아갈 수 있도록 이끌었습니다.,커뮤니케이션 역량,협업 소통 능력,다양한 이해관계자와 원활하게 소통하며 정보를 전달하고 설득하여 합의를 이끌어내는 능력입니다.,스탠드업 미팅과 협업 툴 활용을 통해 기획과 개발 파트 사이의 기술적 간극을 메우고 명확한 소통을 주도했습니다.,실행력·업무처리 능력,목표 달성 추진력,주어진 목표를 완수하기 위해 필요한 행동을 즉각적으로 취하고 끝까지 책임지는 능력입니다.,일정 지연이라는 위기 상황에서도 MVP 중심의 빠른 실행력을 발휘하여 최종 배포라는 목표를 완수했습니다.
P0011,P0011_02,P0011_CO01_Q02_D01,P0011_CO01_Q02_D01,P0011_CO01,카카오뱅크_하반기,카카오뱅크,Software Engineer,금융 IT 개발팀,2025.10.20,"P0011_03,P0011_02",2,1,버전 1,공동의 목표를 달성하기 위해 타인과 협업했던 경험과 그 과정에서 본인의 역할 및 기여도를 기술해 주십시오.,"[투명한 소통과 우선순위 조정을 통한 서비스 런칭의 기적]

IT 연합 동아리에서 '위치 기반 맛집 공유 서비스' 프로젝트의 팀장을 맡아, 협업의 핵심은 '기술적 구현'이 아닌 '명확한 소통'임을 배웠습니다. 개발 중반, 기획자와 개발자 간의 기능 구현 범위에 대한 이견으로 일정이 지연되는 위기가 있었습니다. 저는 팀장으로서 갈등의 원인이 정보의 비대칭과 불명확한 목표 설정에 있다고 판단했습니다.

먼저, 전체 요구사항을 나열하고 MVP(최소 기능 제품) 완성을 위한 '필수'와 '선택' 기능을 재조정하여 개발 우선순위를 확립했습니다. 또한, 매일 아침 15분간 스탠드업 미팅을 도입하고 Jira와 Notion을 활용해 업무 진행도를 시각화했습니다. 이를 통해 팀원들이 서로의 진행 상황을 실시간으로 파악하고 병목 현상을 즉각 해결할 수 있는 환경을 조성했습니다. 배포 직전에는 직접 QA 세션을 주도하여 20여 개의 버그를 수정하는 등 품질 관리에도 만전을 기했습니다. 결과적으로 정해진 데모 데이에 맞춰 성공적으로 앱을 런칭했으며, 출시 일주일 만에 500명의 사용자를 확보했습니다. 이러한 협업 경험을 바탕으로 카카오뱅크의 동료들과 함께 시너지를 내며 성장하겠습니다.",bachelor_attending,숭실대학교,컴퓨터공학,it_software,finance_insurance,retail_distribution,software_dev,data_ai_ml,service_pm,인턴,이커머스 플랫폼 검색 엔진 최적화 인턴십,"· IT 스타트업 개발팀 인턴으로서 사용자 검색어 로그를 분석하고 검색 결과의 정확도를 개선하는 업무를 맡았습니다.
· 특정 키워드에 대해 관련 없는 상품이 상단에 노출되어 사용자 이탈률이 증가하는 상황이었습니다.",· 검색 결과 클릭률(CTR)을 기존 대비 15% 이상 향상시키는 것을 목표로 삼았습니다.,"· 먼저 형태소 분석기 Mecab을 활용하여 사용자 검색어에서 핵심 키워드를 추출하는 로직을 개선했습니다.
· 이후 검색 랭킹 알고리즘에 상품의 리뷰 평점과 판매량을 가중치로 부여하는 스코어링 방식을 도입했습니다.
· 또한 A/B 테스트를 실시하여 개선된 알고리즘이 실제 사용자 클릭에 미치는 영향을 검증했습니다.
· 마지막으로 검색 결과 페이지의 로딩 속도를 최적화하기 위해 인덱싱 구조를 변경했습니다.","· 단순 키워드 매칭보다는 사용자의 선호도가 반영된 랭킹 시스템이 더 높은 만족도를 줄 것이라 판단했습니다.
· 데이터 기반의 의사결정을 위해 A/B 테스트를 통한 객관적 지표 확인이 필수적이라고 생각했습니다.","· 검색 결과 클릭률이 18% 향상되었으며, 검색 후 구매 전환율 또한 5% 증가하는 성과를 거두었습니다.",3,전략·기획 역량,목표 지향적 기획력,조직의 목표를 달성하기 위해 구체적인 실행 계획을 수립하고 자원을 효율적으로 배분하는 능력입니다.,사용자 이탈 방지라는 목표를 위해 검색 엔진 고도화라는 구체적인 실행 단계와 A/B 테스트 계획을 수립했습니다.,고객·서비스 지향,사용자 경험 최적화,사용자의 관점에서 서비스의 불편함을 찾아내고 만족도를 높이기 위해 노력하는 자세와 능력입니다.,사용자가 원하는 상품을 더 빠르고 정확하게 찾을 수 있도록 검색 품질을 개선하여 서비스 만족도를 높였습니다.,학습·성장 역량,신기술 습득 및 적용,새로운 지식이나 기술을 빠르게 습득하여 업무에 적용하고 스스로 발전해 나가는 능력입니다.,인턴 과정에서 생소했던 형태소 분석기와 랭킹 알고리즘을 단기간에 학습하여 실무 프로젝트에 성공적으로 적용했습니다.
P0011,P0011_02,P0011_CO02_Q01_D01,P0011_CO02_Q01_D01,P0011_CO02,네이버_공채,네이버,Service Development,Search & Data,2025.9.30,"P0011_02,P0011_01",1,1,버전 1,본인이 지원한 직무와 관련된 기술적 성취 중 가장 기억에 남는 경험을 기술해 주십시오.,"[사용자 중심의 사고로 검색 결과 클릭률 18%를 개선하다]

IT 스타트업 인턴십 당시, 이커머스 플랫폼의 검색 엔진 최적화 업무를 수행하며 데이터 기반의 서비스 개선 역량을 길렀습니다. 당시 특정 키워드 검색 시 관련 없는 상품이 상단에 노출되어 사용자 이탈률이 증가하는 문제가 있었습니다. 저는 단순한 키워드 매칭을 넘어 사용자의 의도를 반영한 랭킹 시스템이 필요하다고 판단했습니다.

우선 형태소 분석기 Mecab을 활용해 검색어에서 핵심 키워드를 추출하는 로직을 고도화했습니다. 이어 상품의 리뷰 평점과 판매량을 가중치로 부여하는 스코어링 알고리즘을 도입하여 검색 결과의 질을 높였습니다. 특히, 제안한 알고리즘의 효과를 객관적으로 검증하기 위해 A/B 테스트를 설계하고 수행했습니다. 또한, 검색 속도 개선을 위해 인덱싱 구조를 변경하여 사용자 경험을 최적화했습니다. 그 결과, 검색 결과 클릭률(CTR)이 18% 향상되었고 구매 전환율이 5% 증가하는 실질적인 비즈니스 성과를 창출했습니다. 네이버에서도 사용자의 불편함을 데이터로 읽어내고 기술로 해결하는 개발자가 되겠습니다.",bachelor_attending,숭실대학교,컴퓨터공학,it_software,finance_insurance,retail_distribution,software_dev,data_ai_ml,service_pm,인턴,이커머스 플랫폼 검색 엔진 최적화 인턴십,"· IT 스타트업 개발팀 인턴으로서 사용자 검색어 로그를 분석하고 검색 결과의 정확도를 개선하는 업무를 맡았습니다.
· 특정 키워드에 대해 관련 없는 상품이 상단에 노출되어 사용자 이탈률이 증가하는 상황이었습니다.",· 검색 결과 클릭률(CTR)을 기존 대비 15% 이상 향상시키는 것을 목표로 삼았습니다.,"· 먼저 형태소 분석기 Mecab을 활용하여 사용자 검색어에서 핵심 키워드를 추출하는 로직을 개선했습니다.
· 이후 검색 랭킹 알고리즘에 상품의 리뷰 평점과 판매량을 가중치로 부여하는 스코어링 방식을 도입했습니다.
· 또한 A/B 테스트를 실시하여 개선된 알고리즘이 실제 사용자 클릭에 미치는 영향을 검증했습니다.
· 마지막으로 검색 결과 페이지의 로딩 속도를 최적화하기 위해 인덱싱 구조를 변경했습니다.","· 단순 키워드 매칭보다는 사용자의 선호도가 반영된 랭킹 시스템이 더 높은 만족도를 줄 것이라 판단했습니다.
· 데이터 기반의 의사결정을 위해 A/B 테스트를 통한 객관적 지표 확인이 필수적이라고 생각했습니다.","· 검색 결과 클릭률이 18% 향상되었으며, 검색 후 구매 전환율 또한 5% 증가하는 성과를 거두었습니다.",3,전략·기획 역량,목표 지향적 기획력,조직의 목표를 달성하기 위해 구체적인 실행 계획을 수립하고 자원을 효율적으로 배분하는 능력입니다.,사용자 이탈 방지라는 목표를 위해 검색 엔진 고도화라는 구체적인 실행 단계와 A/B 테스트 계획을 수립했습니다.,고객·서비스 지향,사용자 경험 최적화,사용자의 관점에서 서비스의 불편함을 찾아내고 만족도를 높이기 위해 노력하는 자세와 능력입니다.,사용자가 원하는 상품을 더 빠르고 정확하게 찾을 수 있도록 검색 품질을 개선하여 서비스 만족도를 높였습니다.,학습·성장 역량,신기술 습득 및 적용,새로운 지식이나 기술을 빠르게 습득하여 업무에 적용하고 스스로 발전해 나가는 능력입니다.,인턴 과정에서 생소했던 형태소 분석기와 랭킹 알고리즘을 단기간에 학습하여 실무 프로젝트에 성공적으로 적용했습니다.
P0011,P0011_01,P0011_CO02_Q01_D01,P0011_CO02_Q01_D01,P0011_CO02,네이버_공채,네이버,Service Development,Search & Data,2025.9.30,"P0011_02,P0011_01",1,1,버전 1,본인이 지원한 직무와 관련된 기술적 성취 중 가장 기억에 남는 경험을 기술해 주십시오.,"[사용자 중심의 사고로 검색 결과 클릭률 18%를 개선하다]

IT 스타트업 인턴십 당시, 이커머스 플랫폼의 검색 엔진 최적화 업무를 수행하며 데이터 기반의 서비스 개선 역량을 길렀습니다. 당시 특정 키워드 검색 시 관련 없는 상품이 상단에 노출되어 사용자 이탈률이 증가하는 문제가 있었습니다. 저는 단순한 키워드 매칭을 넘어 사용자의 의도를 반영한 랭킹 시스템이 필요하다고 판단했습니다.

우선 형태소 분석기 Mecab을 활용해 검색어에서 핵심 키워드를 추출하는 로직을 고도화했습니다. 이어 상품의 리뷰 평점과 판매량을 가중치로 부여하는 스코어링 알고리즘을 도입하여 검색 결과의 질을 높였습니다. 특히, 제안한 알고리즘의 효과를 객관적으로 검증하기 위해 A/B 테스트를 설계하고 수행했습니다. 또한, 검색 속도 개선을 위해 인덱싱 구조를 변경하여 사용자 경험을 최적화했습니다. 그 결과, 검색 결과 클릭률(CTR)이 18% 향상되었고 구매 전환율이 5% 증가하는 실질적인 비즈니스 성과를 창출했습니다. 네이버에서도 사용자의 불편함을 데이터로 읽어내고 기술로 해결하는 개발자가 되겠습니다.",bachelor_attending,숭실대학교,컴퓨터공학,it_software,finance_insurance,retail_distribution,software_dev,data_ai_ml,service_pm,프로젝트,딥러닝 기반 이상거래 탐지 시스템 구축,"· 핀테크 보안 프로젝트에서 신용카드 부정 결제를 실시간으로 감지하는 모델 개발을 담당했습니다.
· 당시 데이터 불균형 문제가 심각하여 정상 거래 대비 부정 거래 데이터가 0.1% 미만이었습니다.",· 데이터 불균형을 해소하고 부정 거래 탐지 정확도(Recall)를 95% 이상 달성하는 것을 목표로 설정했습니다.,"· 먼저 SMOTE 기법을 활용하여 소수 데이터를 오버샘플링하고 데이터 분포를 조정했습니다.
· 이후 Random Forest와 LSTM 모델을 결합한 앙상블 기법을 적용하여 시계열적 특징을 추출했습니다.
· 또한 하이퍼파라미터 튜닝을 통해 모델의 과적합을 방지하고 일반화 성능을 높였습니다.
· 마지막으로 실시간 스트리밍 데이터 처리를 위해 Kafka를 연동한 파이프라인을 설계했습니다.","· 단순한 분류 모델로는 희소한 부정 데이터를 학습하기 어렵다고 판단하여 데이터 증강 기법을 선택했습니다.
· 거래 패턴의 전후 맥락을 파악하는 것이 부정 결제 판별의 핵심이라고 생각하여 시계열 모델을 도입했습니다.","· 최종적으로 부정 거래 탐지율 97%를 달성했으며, 실시간 처리 속도를 0.5초 이내로 단축했습니다.",3,정보수집·분석 역량,데이터 분석 및 전처리 능력,"방대한 데이터에서 유의미한 패턴을 찾아내고, 분석 목적에 맞게 데이터를 가공하고 정제하는 능력입니다.",데이터 불균형이라는 근본적인 문제를 파악하고 SMOTE 기법을 통해 분석 가능한 형태로 데이터를 재구성하며 분석 역량을 발휘했습니다.,문제해결 능력,논리적 문제 해결력,발생한 문제의 원인을 다각도로 분석하여 실질적인 해결 방안을 도출하고 실행하는 능력입니다.,낮은 탐지율의 원인을 데이터 분포와 모델 구조에서 찾아내어 앙상블 모델 도입이라는 기술적 대안으로 해결했습니다.,디지털·기술 활용 역량,AI/ML 프레임워크 활용,최신 디지털 기술과 도구를 활용하여 비즈니스 요구사항을 기술적으로 구현하는 능력입니다.,"Python, TensorFlow, Kafka 등 다양한 기술 스택을 적재적소에 활용하여 실시간 탐지 시스템이라는 결과물을 완성했습니다."
P0011,P0011_01,P0011_CO02_Q02_D01,P0011_CO02_Q02_D01,P0011_CO02,네이버_공채,네이버,Service Development,Search & Data,2025.9.30,"P0011_01,P0011_02",2,1,버전 1,어려운 문제를 해결하기 위해 끈기 있게 도전했던 경험과 그 과정에서 얻은 배움을 기술해 주십시오.,"[0.1%의 가능성을 97%의 확신으로 바꾼 데이터 분석 도전]

금융 보안 프로젝트에서 직면했던 '데이터 불균형' 문제는 제 개발 인생에서 가장 큰 도전이었습니다. 부정 거래 데이터가 극도로 적은 상황에서 탐지 모델을 만드는 것은 모래사장에서 바늘을 찾는 것과 같았습니다. 초기 모델은 정상 거래만 학습하여 부정 거래를 전혀 잡아내지 못하는 실패를 겪었습니다.

저는 포기하지 않고 논문과 기술 블로그를 탐독하며 SMOTE 기법과 앙상블 학습이라는 해법을 찾아냈습니다. 수백 번의 하이퍼파라미터 튜닝과 모델 구조 변경을 반복하며 과적합을 방지하고 일반화 성능을 높이는 데 집중했습니다. 이 과정에서 단순히 코드를 작성하는 것보다 데이터의 특성을 깊이 있게 이해하고 전처리하는 과정이 모델의 성능을 결정짓는 핵심임을 깨달았습니다. 최종적으로 97%의 탐지율을 기록하며 기술적 한계를 극복했을 때의 성취감은 저를 더욱 성장시켰습니다. 이러한 끈기와 분석적 태도를 바탕으로 네이버의 복잡한 대규모 데이터 문제를 해결하는 데 앞장서겠습니다.",bachelor_attending,숭실대학교,컴퓨터공학,it_software,finance_insurance,retail_distribution,software_dev,data_ai_ml,service_pm,프로젝트,딥러닝 기반 이상거래 탐지 시스템 구축,"· 핀테크 보안 프로젝트에서 신용카드 부정 결제를 실시간으로 감지하는 모델 개발을 담당했습니다.
· 당시 데이터 불균형 문제가 심각하여 정상 거래 대비 부정 거래 데이터가 0.1% 미만이었습니다.",· 데이터 불균형을 해소하고 부정 거래 탐지 정확도(Recall)를 95% 이상 달성하는 것을 목표로 설정했습니다.,"· 먼저 SMOTE 기법을 활용하여 소수 데이터를 오버샘플링하고 데이터 분포를 조정했습니다.
· 이후 Random Forest와 LSTM 모델을 결합한 앙상블 기법을 적용하여 시계열적 특징을 추출했습니다.
· 또한 하이퍼파라미터 튜닝을 통해 모델의 과적합을 방지하고 일반화 성능을 높였습니다.
· 마지막으로 실시간 스트리밍 데이터 처리를 위해 Kafka를 연동한 파이프라인을 설계했습니다.","· 단순한 분류 모델로는 희소한 부정 데이터를 학습하기 어렵다고 판단하여 데이터 증강 기법을 선택했습니다.
· 거래 패턴의 전후 맥락을 파악하는 것이 부정 결제 판별의 핵심이라고 생각하여 시계열 모델을 도입했습니다.","· 최종적으로 부정 거래 탐지율 97%를 달성했으며, 실시간 처리 속도를 0.5초 이내로 단축했습니다.",3,정보수집·분석 역량,데이터 분석 및 전처리 능력,"방대한 데이터에서 유의미한 패턴을 찾아내고, 분석 목적에 맞게 데이터를 가공하고 정제하는 능력입니다.",데이터 불균형이라는 근본적인 문제를 파악하고 SMOTE 기법을 통해 분석 가능한 형태로 데이터를 재구성하며 분석 역량을 발휘했습니다.,문제해결 능력,논리적 문제 해결력,발생한 문제의 원인을 다각도로 분석하여 실질적인 해결 방안을 도출하고 실행하는 능력입니다.,낮은 탐지율의 원인을 데이터 분포와 모델 구조에서 찾아내어 앙상블 모델 도입이라는 기술적 대안으로 해결했습니다.,디지털·기술 활용 역량,AI/ML 프레임워크 활용,최신 디지털 기술과 도구를 활용하여 비즈니스 요구사항을 기술적으로 구현하는 능력입니다.,"Python, TensorFlow, Kafka 등 다양한 기술 스택을 적재적소에 활용하여 실시간 탐지 시스템이라는 결과물을 완성했습니다."
P0011,P0011_02,P0011_CO02_Q02_D01,P0011_CO02_Q02_D01,P0011_CO02,네이버_공채,네이버,Service Development,Search & Data,2025.9.30,"P0011_01,P0011_02",2,1,버전 1,어려운 문제를 해결하기 위해 끈기 있게 도전했던 경험과 그 과정에서 얻은 배움을 기술해 주십시오.,"[0.1%의 가능성을 97%의 확신으로 바꾼 데이터 분석 도전]

금융 보안 프로젝트에서 직면했던 '데이터 불균형' 문제는 제 개발 인생에서 가장 큰 도전이었습니다. 부정 거래 데이터가 극도로 적은 상황에서 탐지 모델을 만드는 것은 모래사장에서 바늘을 찾는 것과 같았습니다. 초기 모델은 정상 거래만 학습하여 부정 거래를 전혀 잡아내지 못하는 실패를 겪었습니다.

저는 포기하지 않고 논문과 기술 블로그를 탐독하며 SMOTE 기법과 앙상블 학습이라는 해법을 찾아냈습니다. 수백 번의 하이퍼파라미터 튜닝과 모델 구조 변경을 반복하며 과적합을 방지하고 일반화 성능을 높이는 데 집중했습니다. 이 과정에서 단순히 코드를 작성하는 것보다 데이터의 특성을 깊이 있게 이해하고 전처리하는 과정이 모델의 성능을 결정짓는 핵심임을 깨달았습니다. 최종적으로 97%의 탐지율을 기록하며 기술적 한계를 극복했을 때의 성취감은 저를 더욱 성장시켰습니다. 이러한 끈기와 분석적 태도를 바탕으로 네이버의 복잡한 대규모 데이터 문제를 해결하는 데 앞장서겠습니다.",bachelor_attending,숭실대학교,컴퓨터공학,it_software,finance_insurance,retail_distribution,software_dev,data_ai_ml,service_pm,인턴,이커머스 플랫폼 검색 엔진 최적화 인턴십,"· IT 스타트업 개발팀 인턴으로서 사용자 검색어 로그를 분석하고 검색 결과의 정확도를 개선하는 업무를 맡았습니다.
· 특정 키워드에 대해 관련 없는 상품이 상단에 노출되어 사용자 이탈률이 증가하는 상황이었습니다.",· 검색 결과 클릭률(CTR)을 기존 대비 15% 이상 향상시키는 것을 목표로 삼았습니다.,"· 먼저 형태소 분석기 Mecab을 활용하여 사용자 검색어에서 핵심 키워드를 추출하는 로직을 개선했습니다.
· 이후 검색 랭킹 알고리즘에 상품의 리뷰 평점과 판매량을 가중치로 부여하는 스코어링 방식을 도입했습니다.
· 또한 A/B 테스트를 실시하여 개선된 알고리즘이 실제 사용자 클릭에 미치는 영향을 검증했습니다.
· 마지막으로 검색 결과 페이지의 로딩 속도를 최적화하기 위해 인덱싱 구조를 변경했습니다.","· 단순 키워드 매칭보다는 사용자의 선호도가 반영된 랭킹 시스템이 더 높은 만족도를 줄 것이라 판단했습니다.
· 데이터 기반의 의사결정을 위해 A/B 테스트를 통한 객관적 지표 확인이 필수적이라고 생각했습니다.","· 검색 결과 클릭률이 18% 향상되었으며, 검색 후 구매 전환율 또한 5% 증가하는 성과를 거두었습니다.",3,전략·기획 역량,목표 지향적 기획력,조직의 목표를 달성하기 위해 구체적인 실행 계획을 수립하고 자원을 효율적으로 배분하는 능력입니다.,사용자 이탈 방지라는 목표를 위해 검색 엔진 고도화라는 구체적인 실행 단계와 A/B 테스트 계획을 수립했습니다.,고객·서비스 지향,사용자 경험 최적화,사용자의 관점에서 서비스의 불편함을 찾아내고 만족도를 높이기 위해 노력하는 자세와 능력입니다.,사용자가 원하는 상품을 더 빠르고 정확하게 찾을 수 있도록 검색 품질을 개선하여 서비스 만족도를 높였습니다.,학습·성장 역량,신기술 습득 및 적용,새로운 지식이나 기술을 빠르게 습득하여 업무에 적용하고 스스로 발전해 나가는 능력입니다.,인턴 과정에서 생소했던 형태소 분석기와 랭킹 알고리즘을 단기간에 학습하여 실무 프로젝트에 성공적으로 적용했습니다.
P0011,P0011_01,P0011_CO03_Q01_D01,P0011_CO03_Q01_D01,P0011_CO03,쿠팡_신입채용,쿠팡,Backend Engineer,Coupang Pay / Commerce,2025.11.15,"P0011_01,P0011_02",1,1,버전 1,복잡한 비즈니스 요구사항을 기술적으로 해결한 경험에 대해 구체적으로 서술해 주십시오.,"[실시간성과 정확성, 두 마리 토끼를 잡은 데이터 파이프라인 설계]

쿠팡과 같이 대규모 트래픽이 발생하는 환경에서는 데이터 처리의 실시간성이 매우 중요합니다. 저는 핀테크 보안 프로젝트를 수행하며 초당 수만 건의 거래 데이터 속에서 부정 결제를 0.5초 이내에 탐지하는 시스템을 구축한 경험이 있습니다. 단순히 정확도가 높은 모델을 만드는 것에 그치지 않고, 실제 서비스 적용을 위해 Kafka를 연동한 실시간 스트리밍 파이프라인을 설계했습니다.

데이터 전처리 단계에서는 SMOTE 기법을 적용해 데이터 불균형을 해소했고, LSTM 기반의 시계열 모델을 통해 거래 패턴의 맥락을 분석했습니다. 이 과정에서 대용량 데이터를 지연 없이 처리하기 위해 아키텍처를 최적화하는 데 주력했습니다. 결과적으로 97%의 높은 탐지 정확도와 함께 실시간 처리 성능을 확보할 수 있었습니다. 또한, 인턴십 과정에서는 검색 엔진의 인덱싱 구조를 변경하여 로딩 속도를 개선하고 클릭률을 18% 높인 경험도 있습니다. 이러한 대용량 데이터 처리 및 최적화 경험은 쿠팡의 결제 및 커머스 시스템을 더욱 견고하게 만드는 데 큰 자산이 될 것입니다.",bachelor_attending,숭실대학교,컴퓨터공학,it_software,finance_insurance,retail_distribution,software_dev,data_ai_ml,service_pm,프로젝트,딥러닝 기반 이상거래 탐지 시스템 구축,"· 핀테크 보안 프로젝트에서 신용카드 부정 결제를 실시간으로 감지하는 모델 개발을 담당했습니다.
· 당시 데이터 불균형 문제가 심각하여 정상 거래 대비 부정 거래 데이터가 0.1% 미만이었습니다.",· 데이터 불균형을 해소하고 부정 거래 탐지 정확도(Recall)를 95% 이상 달성하는 것을 목표로 설정했습니다.,"· 먼저 SMOTE 기법을 활용하여 소수 데이터를 오버샘플링하고 데이터 분포를 조정했습니다.
· 이후 Random Forest와 LSTM 모델을 결합한 앙상블 기법을 적용하여 시계열적 특징을 추출했습니다.
· 또한 하이퍼파라미터 튜닝을 통해 모델의 과적합을 방지하고 일반화 성능을 높였습니다.
· 마지막으로 실시간 스트리밍 데이터 처리를 위해 Kafka를 연동한 파이프라인을 설계했습니다.","· 단순한 분류 모델로는 희소한 부정 데이터를 학습하기 어렵다고 판단하여 데이터 증강 기법을 선택했습니다.
· 거래 패턴의 전후 맥락을 파악하는 것이 부정 결제 판별의 핵심이라고 생각하여 시계열 모델을 도입했습니다.","· 최종적으로 부정 거래 탐지율 97%를 달성했으며, 실시간 처리 속도를 0.5초 이내로 단축했습니다.",3,정보수집·분석 역량,데이터 분석 및 전처리 능력,"방대한 데이터에서 유의미한 패턴을 찾아내고, 분석 목적에 맞게 데이터를 가공하고 정제하는 능력입니다.",데이터 불균형이라는 근본적인 문제를 파악하고 SMOTE 기법을 통해 분석 가능한 형태로 데이터를 재구성하며 분석 역량을 발휘했습니다.,문제해결 능력,논리적 문제 해결력,발생한 문제의 원인을 다각도로 분석하여 실질적인 해결 방안을 도출하고 실행하는 능력입니다.,낮은 탐지율의 원인을 데이터 분포와 모델 구조에서 찾아내어 앙상블 모델 도입이라는 기술적 대안으로 해결했습니다.,디지털·기술 활용 역량,AI/ML 프레임워크 활용,최신 디지털 기술과 도구를 활용하여 비즈니스 요구사항을 기술적으로 구현하는 능력입니다.,"Python, TensorFlow, Kafka 등 다양한 기술 스택을 적재적소에 활용하여 실시간 탐지 시스템이라는 결과물을 완성했습니다."
P0011,P0011_02,P0011_CO03_Q01_D01,P0011_CO03_Q01_D01,P0011_CO03,쿠팡_신입채용,쿠팡,Backend Engineer,Coupang Pay / Commerce,2025.11.15,"P0011_01,P0011_02",1,1,버전 1,복잡한 비즈니스 요구사항을 기술적으로 해결한 경험에 대해 구체적으로 서술해 주십시오.,"[실시간성과 정확성, 두 마리 토끼를 잡은 데이터 파이프라인 설계]

쿠팡과 같이 대규모 트래픽이 발생하는 환경에서는 데이터 처리의 실시간성이 매우 중요합니다. 저는 핀테크 보안 프로젝트를 수행하며 초당 수만 건의 거래 데이터 속에서 부정 결제를 0.5초 이내에 탐지하는 시스템을 구축한 경험이 있습니다. 단순히 정확도가 높은 모델을 만드는 것에 그치지 않고, 실제 서비스 적용을 위해 Kafka를 연동한 실시간 스트리밍 파이프라인을 설계했습니다.

데이터 전처리 단계에서는 SMOTE 기법을 적용해 데이터 불균형을 해소했고, LSTM 기반의 시계열 모델을 통해 거래 패턴의 맥락을 분석했습니다. 이 과정에서 대용량 데이터를 지연 없이 처리하기 위해 아키텍처를 최적화하는 데 주력했습니다. 결과적으로 97%의 높은 탐지 정확도와 함께 실시간 처리 성능을 확보할 수 있었습니다. 또한, 인턴십 과정에서는 검색 엔진의 인덱싱 구조를 변경하여 로딩 속도를 개선하고 클릭률을 18% 높인 경험도 있습니다. 이러한 대용량 데이터 처리 및 최적화 경험은 쿠팡의 결제 및 커머스 시스템을 더욱 견고하게 만드는 데 큰 자산이 될 것입니다.",bachelor_attending,숭실대학교,컴퓨터공학,it_software,finance_insurance,retail_distribution,software_dev,data_ai_ml,service_pm,인턴,이커머스 플랫폼 검색 엔진 최적화 인턴십,"· IT 스타트업 개발팀 인턴으로서 사용자 검색어 로그를 분석하고 검색 결과의 정확도를 개선하는 업무를 맡았습니다.
· 특정 키워드에 대해 관련 없는 상품이 상단에 노출되어 사용자 이탈률이 증가하는 상황이었습니다.",· 검색 결과 클릭률(CTR)을 기존 대비 15% 이상 향상시키는 것을 목표로 삼았습니다.,"· 먼저 형태소 분석기 Mecab을 활용하여 사용자 검색어에서 핵심 키워드를 추출하는 로직을 개선했습니다.
· 이후 검색 랭킹 알고리즘에 상품의 리뷰 평점과 판매량을 가중치로 부여하는 스코어링 방식을 도입했습니다.
· 또한 A/B 테스트를 실시하여 개선된 알고리즘이 실제 사용자 클릭에 미치는 영향을 검증했습니다.
· 마지막으로 검색 결과 페이지의 로딩 속도를 최적화하기 위해 인덱싱 구조를 변경했습니다.","· 단순 키워드 매칭보다는 사용자의 선호도가 반영된 랭킹 시스템이 더 높은 만족도를 줄 것이라 판단했습니다.
· 데이터 기반의 의사결정을 위해 A/B 테스트를 통한 객관적 지표 확인이 필수적이라고 생각했습니다.","· 검색 결과 클릭률이 18% 향상되었으며, 검색 후 구매 전환율 또한 5% 증가하는 성과를 거두었습니다.",3,전략·기획 역량,목표 지향적 기획력,조직의 목표를 달성하기 위해 구체적인 실행 계획을 수립하고 자원을 효율적으로 배분하는 능력입니다.,사용자 이탈 방지라는 목표를 위해 검색 엔진 고도화라는 구체적인 실행 단계와 A/B 테스트 계획을 수립했습니다.,고객·서비스 지향,사용자 경험 최적화,사용자의 관점에서 서비스의 불편함을 찾아내고 만족도를 높이기 위해 노력하는 자세와 능력입니다.,사용자가 원하는 상품을 더 빠르고 정확하게 찾을 수 있도록 검색 품질을 개선하여 서비스 만족도를 높였습니다.,학습·성장 역량,신기술 습득 및 적용,새로운 지식이나 기술을 빠르게 습득하여 업무에 적용하고 스스로 발전해 나가는 능력입니다.,인턴 과정에서 생소했던 형태소 분석기와 랭킹 알고리즘을 단기간에 학습하여 실무 프로젝트에 성공적으로 적용했습니다.
P0011,P0011_03,P0011_CO03_Q02_D01,P0011_CO03_Q02_D01,P0011_CO03,쿠팡_신입채용,쿠팡,Backend Engineer,Coupang Pay / Commerce,2025.11.15,"P0011_03,P0011_02",2,1,버전 1,팀 프로젝트 수행 중 발생한 갈등을 해결하고 목표를 달성했던 사례를 기술해 주십시오.,"[Agile 방법론을 통한 갈등 관리와 성공적인 서비스 런칭]

다양한 직군이 모인 IT 연합 동아리 프로젝트에서 팀장을 맡아, 한정된 자원 속에서 최대의 효율을 이끌어낸 경험이 있습니다. 서비스 런칭을 앞두고 기획팀의 확장된 요구사항과 개발팀의 구현 가능 범위 사이에서 심각한 의견 대립이 발생했습니다. 일정이 지연되는 상황에서 저는 '데이터와 우선순위'를 기반으로 중재에 나섰습니다.

먼저 모든 요구사항을 백로그로 문서화하고, 사용자 가치와 구현 난이도를 기준으로 우선순위를 매겼습니다. 이를 통해 MVP에 반드시 포함되어야 할 핵심 기능을 선별하여 팀원들의 합의를 이끌어냈습니다. 또한, Jira와 Notion을 도입하여 업무 진행 상황을 투명하게 공유함으로써 불필요한 오해를 줄였습니다. 매일 진행된 스탠드업 미팅은 팀원들이 직면한 기술적 난제를 빠르게 공유하고 해결하는 장이 되었습니다. 이러한 체계적인 관리 덕분에 예정된 기한 내에 서비스를 성공적으로 배포할 수 있었고, 출시 초기 500명의 사용자를 확보하는 성과를 거두었습니다. 쿠팡에서도 원활한 커뮤니케이션과 실행력을 바탕으로 팀의 목표 달성에 기여하겠습니다.",bachelor_attending,숭실대학교,컴퓨터공학,it_software,finance_insurance,retail_distribution,software_dev,data_ai_ml,service_pm,대외활동,대학생 IT 연합 동아리 서비스 런칭 프로젝트,"· 다양한 전공의 학생들이 모여 '위치 기반 맛집 공유 서비스'를 기획하고 개발하는 팀 프로젝트의 팀장을 맡았습니다.
· 개발 중반 단계에서 기획자와 개발자 간의 기능 구현 범위에 대한 의견 차이로 일정이 지연되었습니다.",· 정해진 데모 데이까지 MVP(최소 기능 제품)를 완성하고 앱스토어에 배포하는 것을 목표로 했습니다.,"· 먼저 전체 요구사항 목록을 나열하고 '필수'와 '선택' 기능으로 우선순위를 재조정했습니다.
· 이후 매일 아침 15분간 스탠드업 미팅을 도입하여 각 파트별 진행 상황과 장애 요인을 공유했습니다.
· 또한 협업 툴인 Notion과 Jira를 도입하여 업무 진행도를 시각화하고 소통 비용을 줄였습니다.
· 마지막으로 배포 직전 QA 세션을 운영하여 주요 버그 20여 개를 사전에 수정했습니다.","· 한정된 시간 내에 성과를 내기 위해서는 선택과 집중을 통한 우선순위 설정이 가장 중요하다고 판단했습니다.
· 팀원 간의 정보 비대칭이 갈등의 원인이라고 생각하여 투명한 정보 공유 체계를 구축했습니다.","· 예정된 일정 내에 서비스를 성공적으로 런칭했으며, 출시 일주일 만에 사용자 500명을 확보했습니다.",3,리더십·팔로워십,팀 매니지먼트 및 조율,팀의 목표 달성을 위해 구성원들의 역량을 이끌어내고 갈등을 중재하며 방향성을 제시하는 능력입니다.,팀장으로서 직군 간의 갈등을 중재하고 우선순위를 조정하여 팀이 다시 목표를 향해 나아갈 수 있도록 이끌었습니다.,커뮤니케이션 역량,협업 소통 능력,다양한 이해관계자와 원활하게 소통하며 정보를 전달하고 설득하여 합의를 이끌어내는 능력입니다.,스탠드업 미팅과 협업 툴 활용을 통해 기획과 개발 파트 사이의 기술적 간극을 메우고 명확한 소통을 주도했습니다.,실행력·업무처리 능력,목표 달성 추진력,주어진 목표를 완수하기 위해 필요한 행동을 즉각적으로 취하고 끝까지 책임지는 능력입니다.,일정 지연이라는 위기 상황에서도 MVP 중심의 빠른 실행력을 발휘하여 최종 배포라는 목표를 완수했습니다.
P0011,P0011_02,P0011_CO03_Q02_D01,P0011_CO03_Q02_D01,P0011_CO03,쿠팡_신입채용,쿠팡,Backend Engineer,Coupang Pay / Commerce,2025.11.15,"P0011_03,P0011_02",2,1,버전 1,팀 프로젝트 수행 중 발생한 갈등을 해결하고 목표를 달성했던 사례를 기술해 주십시오.,"[Agile 방법론을 통한 갈등 관리와 성공적인 서비스 런칭]

다양한 직군이 모인 IT 연합 동아리 프로젝트에서 팀장을 맡아, 한정된 자원 속에서 최대의 효율을 이끌어낸 경험이 있습니다. 서비스 런칭을 앞두고 기획팀의 확장된 요구사항과 개발팀의 구현 가능 범위 사이에서 심각한 의견 대립이 발생했습니다. 일정이 지연되는 상황에서 저는 '데이터와 우선순위'를 기반으로 중재에 나섰습니다.

먼저 모든 요구사항을 백로그로 문서화하고, 사용자 가치와 구현 난이도를 기준으로 우선순위를 매겼습니다. 이를 통해 MVP에 반드시 포함되어야 할 핵심 기능을 선별하여 팀원들의 합의를 이끌어냈습니다. 또한, Jira와 Notion을 도입하여 업무 진행 상황을 투명하게 공유함으로써 불필요한 오해를 줄였습니다. 매일 진행된 스탠드업 미팅은 팀원들이 직면한 기술적 난제를 빠르게 공유하고 해결하는 장이 되었습니다. 이러한 체계적인 관리 덕분에 예정된 기한 내에 서비스를 성공적으로 배포할 수 있었고, 출시 초기 500명의 사용자를 확보하는 성과를 거두었습니다. 쿠팡에서도 원활한 커뮤니케이션과 실행력을 바탕으로 팀의 목표 달성에 기여하겠습니다.",bachelor_attending,숭실대학교,컴퓨터공학,it_software,finance_insurance,retail_distribution,software_dev,data_ai_ml,service_pm,인턴,이커머스 플랫폼 검색 엔진 최적화 인턴십,"· IT 스타트업 개발팀 인턴으로서 사용자 검색어 로그를 분석하고 검색 결과의 정확도를 개선하는 업무를 맡았습니다.
· 특정 키워드에 대해 관련 없는 상품이 상단에 노출되어 사용자 이탈률이 증가하는 상황이었습니다.",· 검색 결과 클릭률(CTR)을 기존 대비 15% 이상 향상시키는 것을 목표로 삼았습니다.,"· 먼저 형태소 분석기 Mecab을 활용하여 사용자 검색어에서 핵심 키워드를 추출하는 로직을 개선했습니다.
· 이후 검색 랭킹 알고리즘에 상품의 리뷰 평점과 판매량을 가중치로 부여하는 스코어링 방식을 도입했습니다.
· 또한 A/B 테스트를 실시하여 개선된 알고리즘이 실제 사용자 클릭에 미치는 영향을 검증했습니다.
· 마지막으로 검색 결과 페이지의 로딩 속도를 최적화하기 위해 인덱싱 구조를 변경했습니다.","· 단순 키워드 매칭보다는 사용자의 선호도가 반영된 랭킹 시스템이 더 높은 만족도를 줄 것이라 판단했습니다.
· 데이터 기반의 의사결정을 위해 A/B 테스트를 통한 객관적 지표 확인이 필수적이라고 생각했습니다.","· 검색 결과 클릭률이 18% 향상되었으며, 검색 후 구매 전환율 또한 5% 증가하는 성과를 거두었습니다.",3,전략·기획 역량,목표 지향적 기획력,조직의 목표를 달성하기 위해 구체적인 실행 계획을 수립하고 자원을 효율적으로 배분하는 능력입니다.,사용자 이탈 방지라는 목표를 위해 검색 엔진 고도화라는 구체적인 실행 단계와 A/B 테스트 계획을 수립했습니다.,고객·서비스 지향,사용자 경험 최적화,사용자의 관점에서 서비스의 불편함을 찾아내고 만족도를 높이기 위해 노력하는 자세와 능력입니다.,사용자가 원하는 상품을 더 빠르고 정확하게 찾을 수 있도록 검색 품질을 개선하여 서비스 만족도를 높였습니다.,학습·성장 역량,신기술 습득 및 적용,새로운 지식이나 기술을 빠르게 습득하여 업무에 적용하고 스스로 발전해 나가는 능력입니다.,인턴 과정에서 생소했던 형태소 분석기와 랭킹 알고리즘을 단기간에 학습하여 실무 프로젝트에 성공적으로 적용했습니다.
P0012,P0012_01,P0012_CO01_Q01_D01,P0012_CO01_Q01_D01,P0012_CO01,삼성전자_하반기,삼성전자,경영지원(기획),DX부문 경영전략팀,2025.9.15,"P0012_01,P0012_02",1,1,버전 1,삼성전자를 지원한 이유와 입사 후 회사에서 이루고 싶은 꿈을 기술하십시오.,"[데이터로 시장의 흐름을 읽고, 삼성전자의 글로벌 초격차를 설계하다]

글로벌 가전 시장의 패러다임이 단순 제품 판매에서 사용자 경험 중심의 서비스 생태계로 변화하는 가운데, 삼성전자의 지속 가능한 성장을 견인하고자 지원했습니다. 저는 데이터 분석 역량과 비즈니스 모델 고도화 경험을 바탕으로, 삼성전자가 하드웨어를 넘어 플랫폼 비즈니스에서도 압도적인 우위를 점하는 데 기여하고 싶습니다.

이커머스 전략기획 인턴 당시, 프리미엄 가전 라인의 구매 전환율이 1.5%에 머무는 문제를 해결하기 위해 6개월간의 고객 행동 로그를 전수 조사했습니다. 데이터 분석 결과, 고객들은 단순 가격 정보보다 실사용자의 신뢰도 높은 리뷰에 더 민감하게 반응한다는 가설을 세웠습니다. 이를 바탕으로 상세 페이지 내 리뷰 큐레이션을 강화하고 3040 타겟 맞춤형 마케팅을 실행한 결과, 구매 전환율을 2.1%로 40% 이상 개선하며 분기 매출 목표의 110%를 달성했습니다.

또한, 스마트 모빌리티 산학 프로젝트에서는 공유 킥보드 서비스의 수익성 악화를 해결하기 위해 이동 경로 데이터를 시각화하고, 이를 인근 소상공인 광고 모델과 결합한 신규 B2B 수익 모델을 제안했습니다. 이 과정에서 구독형 멤버십 도입을 통한 락인 효과를 시뮬레이션하여 실제 기업으로부터 도입 검토 의견을 받기도 했습니다. 이러한 경험을 바탕으로 삼성전자의 방대한 사용자 데이터를 분석하여 신규 비즈니스 기회를 발굴하고, 글로벌 시장에서의 브랜드 가치를 극대화하는 전략 전문가로 성장하겠습니다.",bachelor_graduate,성균관대학교,경영학,manufacturing,retail_distribution,it_software,planning_strategy,marketing,service_pm,인턴,이커머스 타겟 분석을 통한 구매 전환율 25% 개선,"· 국내 가전 유통 기업의 전략기획팀 인턴으로 근무하며 신규 런칭한 프리미엄 라인의 초기 시장 안착을 지원했습니다.
· 당시 브랜드 인지도는 높았으나 실제 온라인 몰에서의 구매 전환율이 타 카테고리 대비 1.5% 수준으로 매우 낮아 원인 파악이 시급했습니다.",· 3개월 내에 온라인 몰 유입 고객의 구매 전환율을 2% 이상으로 끌어올리는 것을 목표로 설정했습니다.,"· 먼저 최근 6개월간의 고객 행동 로그 데이터를 수집하여 이탈이 가장 많이 발생하는 퍼널 구간을 식별했습니다.
· 이후 경쟁사 대비 가격 경쟁력이 아닌 '브랜드 경험'이 부족하다는 가설을 세우고 상세 페이지 내 사용자 리뷰 큐레이션 영역을 재구성했습니다.
· 또한 타겟 고객층인 3040 고소득 가구를 대상으로 맞춤형 푸시 알림과 개인화된 할인 쿠폰 발급 프로세스를 기획했습니다.
· 마지막으로 A/B 테스트를 통해 가장 반응이 좋은 콘텐츠 UI를 선정하여 최종 적용했습니다.","· 단순한 감이 아닌 데이터 로그 분석을 통해 이탈 지점을 파악해야만 가장 효율적인 개선 포인트를 찾을 수 있다고 판단했습니다.
· 프리미엄 가전 특성상 가격 할인보다는 신뢰도 높은 구매 후기가 구매 결정에 더 큰 영향을 미친다는 시장 조사 결과를 반영한 것입니다.","· 캠페인 적용 후 구매 전환율이 기존 1.5%에서 2.1%로 약 40% 상승했으며, 분기 매출 목표의 110%를 달성했습니다.",3,정보수집·분석 역량,데이터 기반 의사결정,· 방대한 양의 데이터에서 유의미한 패턴을 찾아내고 이를 바탕으로 합리적인 결론을 도출하는 능력입니다.,· 고객 행동 로그 데이터를 분석하여 이탈 원인을 파악하고 가설을 수립하는 과정에서 분석적 사고를 발휘했습니다.,실행력·업무처리 능력,완결적 업무 수행,· 설정된 목표를 달성하기 위해 필요한 자원을 효율적으로 활용하여 끝까지 업무를 완수하는 능력입니다.,"· 가설 수립부터 A/B 테스트 실행, 최종 UI 적용까지 전 과정을 주도하며 수치화된 성과를 만들어냈습니다.",고객·서비스 지향,고객 페르소나 분석,· 고객의 니즈와 페인 포인트를 정확히 이해하고 이를 충족시킬 수 있는 가치를 제공하는 능력입니다.,· 3040 고소득 가구라는 핵심 타겟의 특성을 고려하여 신뢰 중심의 콘텐츠를 기획함으로써 고객 만족도를 높였습니다.
P0012,P0012_02,P0012_CO01_Q01_D01,P0012_CO01_Q01_D01,P0012_CO01,삼성전자_하반기,삼성전자,경영지원(기획),DX부문 경영전략팀,2025.9.15,"P0012_01,P0012_02",1,1,버전 1,삼성전자를 지원한 이유와 입사 후 회사에서 이루고 싶은 꿈을 기술하십시오.,"[데이터로 시장의 흐름을 읽고, 삼성전자의 글로벌 초격차를 설계하다]

글로벌 가전 시장의 패러다임이 단순 제품 판매에서 사용자 경험 중심의 서비스 생태계로 변화하는 가운데, 삼성전자의 지속 가능한 성장을 견인하고자 지원했습니다. 저는 데이터 분석 역량과 비즈니스 모델 고도화 경험을 바탕으로, 삼성전자가 하드웨어를 넘어 플랫폼 비즈니스에서도 압도적인 우위를 점하는 데 기여하고 싶습니다.

이커머스 전략기획 인턴 당시, 프리미엄 가전 라인의 구매 전환율이 1.5%에 머무는 문제를 해결하기 위해 6개월간의 고객 행동 로그를 전수 조사했습니다. 데이터 분석 결과, 고객들은 단순 가격 정보보다 실사용자의 신뢰도 높은 리뷰에 더 민감하게 반응한다는 가설을 세웠습니다. 이를 바탕으로 상세 페이지 내 리뷰 큐레이션을 강화하고 3040 타겟 맞춤형 마케팅을 실행한 결과, 구매 전환율을 2.1%로 40% 이상 개선하며 분기 매출 목표의 110%를 달성했습니다.

또한, 스마트 모빌리티 산학 프로젝트에서는 공유 킥보드 서비스의 수익성 악화를 해결하기 위해 이동 경로 데이터를 시각화하고, 이를 인근 소상공인 광고 모델과 결합한 신규 B2B 수익 모델을 제안했습니다. 이 과정에서 구독형 멤버십 도입을 통한 락인 효과를 시뮬레이션하여 실제 기업으로부터 도입 검토 의견을 받기도 했습니다. 이러한 경험을 바탕으로 삼성전자의 방대한 사용자 데이터를 분석하여 신규 비즈니스 기회를 발굴하고, 글로벌 시장에서의 브랜드 가치를 극대화하는 전략 전문가로 성장하겠습니다.",bachelor_graduate,성균관대학교,경영학,manufacturing,retail_distribution,it_software,planning_strategy,marketing,service_pm,프로젝트,스마트 모빌리티 서비스 수익 모델 고도화 프로젝트,"· 산학협력 프로젝트의 팀장으로서 공유 킥보드 서비스의 수익성 악화 문제를 해결하기 위한 비즈니스 모델 개선안을 도출했습니다.
· 당시 시장 포화와 과도한 운영 비용으로 인해 새로운 수익원 창출이 절실한 상황이었습니다.",· 기존 대여 수익 외에 B2B 파트너십을 통한 신규 비즈니스 모델 2건 이상을 제안하는 것을 목표로 했습니다.,"· 먼저 주요 이용 거점 주변의 소상공인들과 인터뷰를 진행하여 모빌리티 서비스와의 연계 가능성을 타진했습니다.
· 이후 이용자 이동 경로 데이터를 시각화하여 유동인구가 많은 지점을 파악하고 해당 구역 내 매장 광고 모델을 기획했습니다.
· 또한 구독형 멤버십 도입 시의 예상 수익 변화를 시뮬레이션하여 최적의 구독료를 산출했습니다.
· 마지막으로 제안된 모델의 기술적 구현 가능성을 개발팀과 논의하여 최종 보고서를 완성했습니다.","· 단순한 아이디어 제안에 그치지 않고 실제 소상공인의 니즈와 이동 데이터를 결합해야만 실현 가능한 전략이 될 것이라 생각했습니다.
· 수익성 개선을 위해서는 단발성 결제보다는 구독 모델을 통한 락인(Lock-in) 효과가 필수적이라고 판단했습니다.","· 프로젝트 결과물은 협력 기업으로부터 실제 도입 검토 의견을 받았으며, 교내 캡스톤 디자인 경진대회에서 우수상을 수상했습니다.",3,전략·기획 역량,비즈니스 모델 수립,· 조직의 목표 달성을 위해 시장 상황을 분석하고 지속 가능한 가치 창출 구조를 설계하는 능력입니다.,· 광고 모델과 구독 멤버십이라는 다각도의 수익 구조를 설계하고 수익 시뮬레이션을 수행하며 기획 역량을 증명했습니다.,창의·혁신 역량,문제 해결 아이디어 도출,· 기존의 방식에서 벗어나 새로운 관점으로 문제를 바라보고 혁신적인 대안을 제시하는 능력입니다.,· 단순 대여업을 넘어 지역 상권과 연계한 광고 플랫폼으로서의 새로운 가치를 발견하고 비즈니스화했습니다.,커뮤니케이션 역량,이해관계자 조율,· 다양한 이해관계자의 의견을 경청하고 자신의 의사를 명확히 전달하여 합의를 이끌어내는 능력입니다.,· 소상공인 인터뷰와 개발팀과의 기술 협의를 통해 서로 다른 입장을 조율하며 실현 가능한 안을 도출했습니다.
P0012,P0012_03,P0012_CO01_Q02_D01,P0012_CO01_Q02_D01,P0012_CO01,삼성전자_하반기,삼성전자,경영지원(기획),DX부문 경영전략팀,2025.9.15,"P0012_03,P0012_01",2,1,버전 1,"본인의 성장과정을 간략히 기술하되 현재의 자신에게 가장 큰 영향을 끼친 사건, 인물 등을 포함하여 기술하시기 바랍니다.","[현지의 시각에서 답을 찾는 글로벌 통찰력]

저의 성장과정에서 가장 중요한 가치는 '현장 중심의 데이터 분석'과 '다양성에 대한 포용력'입니다. 단순히 이론에 머무는 기획이 아니라, 실제 시장과 고객의 목소리를 수치로 증명해낼 때 비로소 실행 가능한 전략이 탄생한다는 것을 배웠습니다.

식품 기업의 글로벌 서포터즈로 활동하며 동남아시아 시장을 타겟으로 한 SNS 마케팅을 담당했을 때, 국내 방식의 콘텐츠가 현지에서 외면받는 한계에 부딪혔습니다. 저는 이를 해결하기 위해 베트남과 태국의 인기 SNS 채널 50여 개를 전수 분석하여 국가별 선호 색상, 폰트, 금기 사항을 담은 가이드라인을 제작했습니다. 또한 현지 파트너들과의 긴밀한 협업을 통해 숏폼 챌린지를 기획했고, 인플루언서와의 협업 릴스를 배포하여 누적 조회수 100만 회를 돌파했습니다. 이 과정을 통해 국가별로 상이한 SNS 이용 패턴을 데이터로 모니터링하고 최적의 업로드 시점을 도출하는 등 디지털 분석 도구 활용 능력을 키웠습니다.

더불어 이커머스 인턴 시절, 고객의 이탈 구간을 식별하기 위해 수만 건의 로그 데이터를 분석하며 '문제의 원인은 항상 고객의 행동 속에 있다'는 확신을 얻었습니다. 이러한 경험들은 저를 어떤 환경에서도 객관적인 지표를 바탕으로 최선의 해답을 찾아내는 전략가로 성장시켰습니다. 삼성전자에서도 현지 시장에 특화된 정교한 전략을 수립하여 글로벌 고객의 마음을 사로잡겠습니다.",bachelor_graduate,성균관대학교,경영학,manufacturing,retail_distribution,it_software,planning_strategy,marketing,service_pm,대외활동,글로벌 서포터즈 활동을 통한 K-푸드 현지화 마케팅,"· 식품 기업의 글로벌 서포터즈로 활동하며 동남아시아 시장 타겟의 SNS 마케팅 콘텐츠 제작을 담당했습니다.
· 국내에서 유행하는 콘텐츠 형식이 현지에서는 문화적 차이로 인해 큰 반응을 얻지 못하는 어려움이 있었습니다.",· 현지 대학생 서포터즈와 협업하여 한 달 내에 공식 계정 팔로워 수를 15% 이상 증대시키는 것이 과제였습니다.,"· 먼저 현지 트렌드 조사를 위해 베트남과 태국의 인기 SNS 채널 50여 개를 분석하여 공통적인 흥행 요소를 추출했습니다.
· 이후 현지 파트너들과 매주 화상 회의를 진행하며 국가별 금기 사항과 선호하는 색상, 폰트 스타일을 가이드라인으로 제작했습니다.
· 또한 숏폼 챌린지를 기획하여 현지 인플루언서 5명과의 협업 릴스를 배포했습니다.
· 마지막으로 주간 단위로 도달률과 참여율을 모니터링하여 콘텐츠 업로드 시간대를 최적화했습니다.","· 글로벌 시장에서는 일방적인 홍보보다 현지인의 시각에서 공감대를 형성하는 것이 브랜드 호감도 상승에 직결된다고 판단했습니다.
· 데이터 모니터링을 통해 국가별로 상이한 SNS 이용 패턴을 반영해야 효율적인 노출이 가능하기 때문입니다.","· 활동 기간 중 팔로워 수가 22% 증가했으며, 특히 챌린지 영상의 누적 조회수가 100만 회를 돌파하는 성과를 거뒀습니다.",3,글로벌·다문화 역량,현지 시장 적응력,· 다양한 문화적 배경을 이해하고 글로벌 환경에서 효과적으로 업무를 수행하며 소통하는 능력입니다.,· 국가별 문화적 특성을 분석하여 마케팅 가이드라인을 수립하고 현지 파트너와 협업하며 글로벌 감각을 발휘했습니다.,협업·팀워크,다국적 팀 협력,· 공동의 목표를 위해 팀원들과 신뢰를 바탕으로 협력하고 시너지를 창출하는 능력입니다.,· 언어와 시차가 다른 환경에서도 현지 서포터즈들과 긴밀히 소통하며 프로젝트를 성공적으로 완수했습니다.,디지털·기술 활용 역량,소셜 미디어 분석 도구 활용,· 디지털 도구와 플랫폼을 활용하여 업무 효율을 높이고 데이터를 분석하는 능력입니다.,· SNS 인사이트 도구를 활용해 도달률과 참여율 데이터를 분석하고 콘텐츠 최적화 전략에 반영했습니다.
P0012,P0012_01,P0012_CO01_Q02_D01,P0012_CO01_Q02_D01,P0012_CO01,삼성전자_하반기,삼성전자,경영지원(기획),DX부문 경영전략팀,2025.9.15,"P0012_03,P0012_01",2,1,버전 1,"본인의 성장과정을 간략히 기술하되 현재의 자신에게 가장 큰 영향을 끼친 사건, 인물 등을 포함하여 기술하시기 바랍니다.","[현지의 시각에서 답을 찾는 글로벌 통찰력]

저의 성장과정에서 가장 중요한 가치는 '현장 중심의 데이터 분석'과 '다양성에 대한 포용력'입니다. 단순히 이론에 머무는 기획이 아니라, 실제 시장과 고객의 목소리를 수치로 증명해낼 때 비로소 실행 가능한 전략이 탄생한다는 것을 배웠습니다.

식품 기업의 글로벌 서포터즈로 활동하며 동남아시아 시장을 타겟으로 한 SNS 마케팅을 담당했을 때, 국내 방식의 콘텐츠가 현지에서 외면받는 한계에 부딪혔습니다. 저는 이를 해결하기 위해 베트남과 태국의 인기 SNS 채널 50여 개를 전수 분석하여 국가별 선호 색상, 폰트, 금기 사항을 담은 가이드라인을 제작했습니다. 또한 현지 파트너들과의 긴밀한 협업을 통해 숏폼 챌린지를 기획했고, 인플루언서와의 협업 릴스를 배포하여 누적 조회수 100만 회를 돌파했습니다. 이 과정을 통해 국가별로 상이한 SNS 이용 패턴을 데이터로 모니터링하고 최적의 업로드 시점을 도출하는 등 디지털 분석 도구 활용 능력을 키웠습니다.

더불어 이커머스 인턴 시절, 고객의 이탈 구간을 식별하기 위해 수만 건의 로그 데이터를 분석하며 '문제의 원인은 항상 고객의 행동 속에 있다'는 확신을 얻었습니다. 이러한 경험들은 저를 어떤 환경에서도 객관적인 지표를 바탕으로 최선의 해답을 찾아내는 전략가로 성장시켰습니다. 삼성전자에서도 현지 시장에 특화된 정교한 전략을 수립하여 글로벌 고객의 마음을 사로잡겠습니다.",bachelor_graduate,성균관대학교,경영학,manufacturing,retail_distribution,it_software,planning_strategy,marketing,service_pm,인턴,이커머스 타겟 분석을 통한 구매 전환율 25% 개선,"· 국내 가전 유통 기업의 전략기획팀 인턴으로 근무하며 신규 런칭한 프리미엄 라인의 초기 시장 안착을 지원했습니다.
· 당시 브랜드 인지도는 높았으나 실제 온라인 몰에서의 구매 전환율이 타 카테고리 대비 1.5% 수준으로 매우 낮아 원인 파악이 시급했습니다.",· 3개월 내에 온라인 몰 유입 고객의 구매 전환율을 2% 이상으로 끌어올리는 것을 목표로 설정했습니다.,"· 먼저 최근 6개월간의 고객 행동 로그 데이터를 수집하여 이탈이 가장 많이 발생하는 퍼널 구간을 식별했습니다.
· 이후 경쟁사 대비 가격 경쟁력이 아닌 '브랜드 경험'이 부족하다는 가설을 세우고 상세 페이지 내 사용자 리뷰 큐레이션 영역을 재구성했습니다.
· 또한 타겟 고객층인 3040 고소득 가구를 대상으로 맞춤형 푸시 알림과 개인화된 할인 쿠폰 발급 프로세스를 기획했습니다.
· 마지막으로 A/B 테스트를 통해 가장 반응이 좋은 콘텐츠 UI를 선정하여 최종 적용했습니다.","· 단순한 감이 아닌 데이터 로그 분석을 통해 이탈 지점을 파악해야만 가장 효율적인 개선 포인트를 찾을 수 있다고 판단했습니다.
· 프리미엄 가전 특성상 가격 할인보다는 신뢰도 높은 구매 후기가 구매 결정에 더 큰 영향을 미친다는 시장 조사 결과를 반영한 것입니다.","· 캠페인 적용 후 구매 전환율이 기존 1.5%에서 2.1%로 약 40% 상승했으며, 분기 매출 목표의 110%를 달성했습니다.",3,정보수집·분석 역량,데이터 기반 의사결정,· 방대한 양의 데이터에서 유의미한 패턴을 찾아내고 이를 바탕으로 합리적인 결론을 도출하는 능력입니다.,· 고객 행동 로그 데이터를 분석하여 이탈 원인을 파악하고 가설을 수립하는 과정에서 분석적 사고를 발휘했습니다.,실행력·업무처리 능력,완결적 업무 수행,· 설정된 목표를 달성하기 위해 필요한 자원을 효율적으로 활용하여 끝까지 업무를 완수하는 능력입니다.,"· 가설 수립부터 A/B 테스트 실행, 최종 UI 적용까지 전 과정을 주도하며 수치화된 성과를 만들어냈습니다.",고객·서비스 지향,고객 페르소나 분석,· 고객의 니즈와 페인 포인트를 정확히 이해하고 이를 충족시킬 수 있는 가치를 제공하는 능력입니다.,· 3040 고소득 가구라는 핵심 타겟의 특성을 고려하여 신뢰 중심의 콘텐츠를 기획함으로써 고객 만족도를 높였습니다.
P0012,P0012_03,P0012_CO02_Q01_D01,P0012_CO02_Q01_D01,P0012_CO02,CJ제일제당_공채,CJ제일제당,마케팅,식품사업부문(Global Marketing),2025.10.20,"P0012_03,P0012_01",1,1,버전 1,"지원 직무 수행 시 필요한 역량은 무엇이라고 생각하며, 본인이 해당 역량을 갖추기 위해 노력한 경험을 기술해 주십시오.","[현지화 전략의 핵심: 데이터 기반의 시장 통찰력과 협업 역량]

글로벌 마케팅 직무에서 가장 중요한 역량은 현지 문화에 대한 깊은 이해를 바탕으로 데이터를 통해 고객 니즈를 구체화하는 능력입니다. 저는 글로벌 서포터즈 활동과 이커머스 분석 경험을 통해 이 역량을 증명해 왔습니다.

K-푸드 현지화 마케팅 프로젝트 당시, 현지 트렌드 분석을 위해 50개 이상의 SNS 채널을 분석하고 현지 대학생들과 매주 화상 회의를 진행하며 국가별 맞춤형 콘텐츠 가이드라인을 수립했습니다. 특히 태국과 베트남 시장의 미묘한 선호도 차이를 반영한 숏폼 챌린지를 기획하여 팔로워 수를 22% 증대시켰습니다. 이는 단순히 감에 의존한 기획이 아니라, 도달률과 참여율 데이터를 주간 단위로 모니터링하며 최적화한 결과였습니다.

또한 가전 유통 기업 인턴 시절, 고객 페르소나 분석을 통해 프리미엄 라인의 구매 전환율을 개선한 경험이 있습니다. 3040 고소득 가구라는 타겟의 특성을 고려해 가격 할인보다는 신뢰도 높은 리뷰 큐레이션과 개인화된 푸시 알림에 집중했습니다. 그 결과 전환율을 40% 상승시키며 데이터 기반 의사결정의 중요성을 체득했습니다. 이러한 분석적 사고와 글로벌 협업 경험을 CJ제일제당의 비비고 브랜드가 전 세계인의 식탁에 오르는 과정에 쏟아붓고 싶습니다.",bachelor_graduate,성균관대학교,경영학,manufacturing,retail_distribution,it_software,planning_strategy,marketing,service_pm,대외활동,글로벌 서포터즈 활동을 통한 K-푸드 현지화 마케팅,"· 식품 기업의 글로벌 서포터즈로 활동하며 동남아시아 시장 타겟의 SNS 마케팅 콘텐츠 제작을 담당했습니다.
· 국내에서 유행하는 콘텐츠 형식이 현지에서는 문화적 차이로 인해 큰 반응을 얻지 못하는 어려움이 있었습니다.",· 현지 대학생 서포터즈와 협업하여 한 달 내에 공식 계정 팔로워 수를 15% 이상 증대시키는 것이 과제였습니다.,"· 먼저 현지 트렌드 조사를 위해 베트남과 태국의 인기 SNS 채널 50여 개를 분석하여 공통적인 흥행 요소를 추출했습니다.
· 이후 현지 파트너들과 매주 화상 회의를 진행하며 국가별 금기 사항과 선호하는 색상, 폰트 스타일을 가이드라인으로 제작했습니다.
· 또한 숏폼 챌린지를 기획하여 현지 인플루언서 5명과의 협업 릴스를 배포했습니다.
· 마지막으로 주간 단위로 도달률과 참여율을 모니터링하여 콘텐츠 업로드 시간대를 최적화했습니다.","· 글로벌 시장에서는 일방적인 홍보보다 현지인의 시각에서 공감대를 형성하는 것이 브랜드 호감도 상승에 직결된다고 판단했습니다.
· 데이터 모니터링을 통해 국가별로 상이한 SNS 이용 패턴을 반영해야 효율적인 노출이 가능하기 때문입니다.","· 활동 기간 중 팔로워 수가 22% 증가했으며, 특히 챌린지 영상의 누적 조회수가 100만 회를 돌파하는 성과를 거뒀습니다.",3,글로벌·다문화 역량,현지 시장 적응력,· 다양한 문화적 배경을 이해하고 글로벌 환경에서 효과적으로 업무를 수행하며 소통하는 능력입니다.,· 국가별 문화적 특성을 분석하여 마케팅 가이드라인을 수립하고 현지 파트너와 협업하며 글로벌 감각을 발휘했습니다.,협업·팀워크,다국적 팀 협력,· 공동의 목표를 위해 팀원들과 신뢰를 바탕으로 협력하고 시너지를 창출하는 능력입니다.,· 언어와 시차가 다른 환경에서도 현지 서포터즈들과 긴밀히 소통하며 프로젝트를 성공적으로 완수했습니다.,디지털·기술 활용 역량,소셜 미디어 분석 도구 활용,· 디지털 도구와 플랫폼을 활용하여 업무 효율을 높이고 데이터를 분석하는 능력입니다.,· SNS 인사이트 도구를 활용해 도달률과 참여율 데이터를 분석하고 콘텐츠 최적화 전략에 반영했습니다.
P0012,P0012_01,P0012_CO02_Q01_D01,P0012_CO02_Q01_D01,P0012_CO02,CJ제일제당_공채,CJ제일제당,마케팅,식품사업부문(Global Marketing),2025.10.20,"P0012_03,P0012_01",1,1,버전 1,"지원 직무 수행 시 필요한 역량은 무엇이라고 생각하며, 본인이 해당 역량을 갖추기 위해 노력한 경험을 기술해 주십시오.","[현지화 전략의 핵심: 데이터 기반의 시장 통찰력과 협업 역량]

글로벌 마케팅 직무에서 가장 중요한 역량은 현지 문화에 대한 깊은 이해를 바탕으로 데이터를 통해 고객 니즈를 구체화하는 능력입니다. 저는 글로벌 서포터즈 활동과 이커머스 분석 경험을 통해 이 역량을 증명해 왔습니다.

K-푸드 현지화 마케팅 프로젝트 당시, 현지 트렌드 분석을 위해 50개 이상의 SNS 채널을 분석하고 현지 대학생들과 매주 화상 회의를 진행하며 국가별 맞춤형 콘텐츠 가이드라인을 수립했습니다. 특히 태국과 베트남 시장의 미묘한 선호도 차이를 반영한 숏폼 챌린지를 기획하여 팔로워 수를 22% 증대시켰습니다. 이는 단순히 감에 의존한 기획이 아니라, 도달률과 참여율 데이터를 주간 단위로 모니터링하며 최적화한 결과였습니다.

또한 가전 유통 기업 인턴 시절, 고객 페르소나 분석을 통해 프리미엄 라인의 구매 전환율을 개선한 경험이 있습니다. 3040 고소득 가구라는 타겟의 특성을 고려해 가격 할인보다는 신뢰도 높은 리뷰 큐레이션과 개인화된 푸시 알림에 집중했습니다. 그 결과 전환율을 40% 상승시키며 데이터 기반 의사결정의 중요성을 체득했습니다. 이러한 분석적 사고와 글로벌 협업 경험을 CJ제일제당의 비비고 브랜드가 전 세계인의 식탁에 오르는 과정에 쏟아붓고 싶습니다.",bachelor_graduate,성균관대학교,경영학,manufacturing,retail_distribution,it_software,planning_strategy,marketing,service_pm,인턴,이커머스 타겟 분석을 통한 구매 전환율 25% 개선,"· 국내 가전 유통 기업의 전략기획팀 인턴으로 근무하며 신규 런칭한 프리미엄 라인의 초기 시장 안착을 지원했습니다.
· 당시 브랜드 인지도는 높았으나 실제 온라인 몰에서의 구매 전환율이 타 카테고리 대비 1.5% 수준으로 매우 낮아 원인 파악이 시급했습니다.",· 3개월 내에 온라인 몰 유입 고객의 구매 전환율을 2% 이상으로 끌어올리는 것을 목표로 설정했습니다.,"· 먼저 최근 6개월간의 고객 행동 로그 데이터를 수집하여 이탈이 가장 많이 발생하는 퍼널 구간을 식별했습니다.
· 이후 경쟁사 대비 가격 경쟁력이 아닌 '브랜드 경험'이 부족하다는 가설을 세우고 상세 페이지 내 사용자 리뷰 큐레이션 영역을 재구성했습니다.
· 또한 타겟 고객층인 3040 고소득 가구를 대상으로 맞춤형 푸시 알림과 개인화된 할인 쿠폰 발급 프로세스를 기획했습니다.
· 마지막으로 A/B 테스트를 통해 가장 반응이 좋은 콘텐츠 UI를 선정하여 최종 적용했습니다.","· 단순한 감이 아닌 데이터 로그 분석을 통해 이탈 지점을 파악해야만 가장 효율적인 개선 포인트를 찾을 수 있다고 판단했습니다.
· 프리미엄 가전 특성상 가격 할인보다는 신뢰도 높은 구매 후기가 구매 결정에 더 큰 영향을 미친다는 시장 조사 결과를 반영한 것입니다.","· 캠페인 적용 후 구매 전환율이 기존 1.5%에서 2.1%로 약 40% 상승했으며, 분기 매출 목표의 110%를 달성했습니다.",3,정보수집·분석 역량,데이터 기반 의사결정,· 방대한 양의 데이터에서 유의미한 패턴을 찾아내고 이를 바탕으로 합리적인 결론을 도출하는 능력입니다.,· 고객 행동 로그 데이터를 분석하여 이탈 원인을 파악하고 가설을 수립하는 과정에서 분석적 사고를 발휘했습니다.,실행력·업무처리 능력,완결적 업무 수행,· 설정된 목표를 달성하기 위해 필요한 자원을 효율적으로 활용하여 끝까지 업무를 완수하는 능력입니다.,"· 가설 수립부터 A/B 테스트 실행, 최종 UI 적용까지 전 과정을 주도하며 수치화된 성과를 만들어냈습니다.",고객·서비스 지향,고객 페르소나 분석,· 고객의 니즈와 페인 포인트를 정확히 이해하고 이를 충족시킬 수 있는 가치를 제공하는 능력입니다.,· 3040 고소득 가구라는 핵심 타겟의 특성을 고려하여 신뢰 중심의 콘텐츠를 기획함으로써 고객 만족도를 높였습니다.
P0012,P0012_02,P0012_CO02_Q02_D01,P0012_CO02_Q02_D01,P0012_CO02,CJ제일제당_공채,CJ제일제당,마케팅,식품사업부문(Global Marketing),2025.10.20,"P0012_02,P0012_01",2,1,버전 1,변화하는 시장 환경에 대응하여 창의적으로 문제를 해결했던 경험을 구체적으로 기술하십시오.,"[공유 모빌리티의 한계를 넘는 비즈니스 모델 고도화]

시장 포화와 운영 비용 상승으로 위기에 처한 스마트 모빌리티 서비스의 수익 모델을 개선하기 위해, 기존의 틀을 깨는 B2B 파트너십 전략을 수립한 경험이 있습니다. 산학협력 프로젝트의 팀장으로서 저는 단순 대여 수익의 한계를 극복할 새로운 수익원 창출에 집중했습니다.

먼저 이용자들의 이동 경로 데이터를 시각화하여 유동인구가 집중되는 거점을 파악했습니다. 이후 해당 거점 인근의 소상공인들을 직접 인터뷰하여 '매장 방문 유도'라는 니즈를 확인했습니다. 이를 바탕으로 모빌리티 앱 내에 인근 매장 광고를 노출하고, 이용자에게는 매장 방문 시 혜택을 제공하는 상생형 광고 모델을 기획했습니다. 또한, 안정적인 현금 흐름 확보를 위해 구독형 멤버십의 적정 가격을 시뮬레이션하여 제안했습니다.

이 과정에서 개발팀과 기술적 구현 가능성을 수시로 논의하며 실현 가능한 보고서를 완성했고, 그 결과 협력 기업으로부터 실제 도입 검토 의견을 받는 성과를 거두었습니다. 이처럼 데이터와 현장의 목소리를 결합하여 새로운 가치를 창출하는 창의적 문제 해결 능력을 CJ제일제당의 신시장 개척 과정에서도 발휘하겠습니다.",bachelor_graduate,성균관대학교,경영학,manufacturing,retail_distribution,it_software,planning_strategy,marketing,service_pm,프로젝트,스마트 모빌리티 서비스 수익 모델 고도화 프로젝트,"· 산학협력 프로젝트의 팀장으로서 공유 킥보드 서비스의 수익성 악화 문제를 해결하기 위한 비즈니스 모델 개선안을 도출했습니다.
· 당시 시장 포화와 과도한 운영 비용으로 인해 새로운 수익원 창출이 절실한 상황이었습니다.",· 기존 대여 수익 외에 B2B 파트너십을 통한 신규 비즈니스 모델 2건 이상을 제안하는 것을 목표로 했습니다.,"· 먼저 주요 이용 거점 주변의 소상공인들과 인터뷰를 진행하여 모빌리티 서비스와의 연계 가능성을 타진했습니다.
· 이후 이용자 이동 경로 데이터를 시각화하여 유동인구가 많은 지점을 파악하고 해당 구역 내 매장 광고 모델을 기획했습니다.
· 또한 구독형 멤버십 도입 시의 예상 수익 변화를 시뮬레이션하여 최적의 구독료를 산출했습니다.
· 마지막으로 제안된 모델의 기술적 구현 가능성을 개발팀과 논의하여 최종 보고서를 완성했습니다.","· 단순한 아이디어 제안에 그치지 않고 실제 소상공인의 니즈와 이동 데이터를 결합해야만 실현 가능한 전략이 될 것이라 생각했습니다.
· 수익성 개선을 위해서는 단발성 결제보다는 구독 모델을 통한 락인(Lock-in) 효과가 필수적이라고 판단했습니다.","· 프로젝트 결과물은 협력 기업으로부터 실제 도입 검토 의견을 받았으며, 교내 캡스톤 디자인 경진대회에서 우수상을 수상했습니다.",3,전략·기획 역량,비즈니스 모델 수립,· 조직의 목표 달성을 위해 시장 상황을 분석하고 지속 가능한 가치 창출 구조를 설계하는 능력입니다.,· 광고 모델과 구독 멤버십이라는 다각도의 수익 구조를 설계하고 수익 시뮬레이션을 수행하며 기획 역량을 증명했습니다.,창의·혁신 역량,문제 해결 아이디어 도출,· 기존의 방식에서 벗어나 새로운 관점으로 문제를 바라보고 혁신적인 대안을 제시하는 능력입니다.,· 단순 대여업을 넘어 지역 상권과 연계한 광고 플랫폼으로서의 새로운 가치를 발견하고 비즈니스화했습니다.,커뮤니케이션 역량,이해관계자 조율,· 다양한 이해관계자의 의견을 경청하고 자신의 의사를 명확히 전달하여 합의를 이끌어내는 능력입니다.,· 소상공인 인터뷰와 개발팀과의 기술 협의를 통해 서로 다른 입장을 조율하며 실현 가능한 안을 도출했습니다.
P0012,P0012_01,P0012_CO02_Q02_D01,P0012_CO02_Q02_D01,P0012_CO02,CJ제일제당_공채,CJ제일제당,마케팅,식품사업부문(Global Marketing),2025.10.20,"P0012_02,P0012_01",2,1,버전 1,변화하는 시장 환경에 대응하여 창의적으로 문제를 해결했던 경험을 구체적으로 기술하십시오.,"[공유 모빌리티의 한계를 넘는 비즈니스 모델 고도화]

시장 포화와 운영 비용 상승으로 위기에 처한 스마트 모빌리티 서비스의 수익 모델을 개선하기 위해, 기존의 틀을 깨는 B2B 파트너십 전략을 수립한 경험이 있습니다. 산학협력 프로젝트의 팀장으로서 저는 단순 대여 수익의 한계를 극복할 새로운 수익원 창출에 집중했습니다.

먼저 이용자들의 이동 경로 데이터를 시각화하여 유동인구가 집중되는 거점을 파악했습니다. 이후 해당 거점 인근의 소상공인들을 직접 인터뷰하여 '매장 방문 유도'라는 니즈를 확인했습니다. 이를 바탕으로 모빌리티 앱 내에 인근 매장 광고를 노출하고, 이용자에게는 매장 방문 시 혜택을 제공하는 상생형 광고 모델을 기획했습니다. 또한, 안정적인 현금 흐름 확보를 위해 구독형 멤버십의 적정 가격을 시뮬레이션하여 제안했습니다.

이 과정에서 개발팀과 기술적 구현 가능성을 수시로 논의하며 실현 가능한 보고서를 완성했고, 그 결과 협력 기업으로부터 실제 도입 검토 의견을 받는 성과를 거두었습니다. 이처럼 데이터와 현장의 목소리를 결합하여 새로운 가치를 창출하는 창의적 문제 해결 능력을 CJ제일제당의 신시장 개척 과정에서도 발휘하겠습니다.",bachelor_graduate,성균관대학교,경영학,manufacturing,retail_distribution,it_software,planning_strategy,marketing,service_pm,인턴,이커머스 타겟 분석을 통한 구매 전환율 25% 개선,"· 국내 가전 유통 기업의 전략기획팀 인턴으로 근무하며 신규 런칭한 프리미엄 라인의 초기 시장 안착을 지원했습니다.
· 당시 브랜드 인지도는 높았으나 실제 온라인 몰에서의 구매 전환율이 타 카테고리 대비 1.5% 수준으로 매우 낮아 원인 파악이 시급했습니다.",· 3개월 내에 온라인 몰 유입 고객의 구매 전환율을 2% 이상으로 끌어올리는 것을 목표로 설정했습니다.,"· 먼저 최근 6개월간의 고객 행동 로그 데이터를 수집하여 이탈이 가장 많이 발생하는 퍼널 구간을 식별했습니다.
· 이후 경쟁사 대비 가격 경쟁력이 아닌 '브랜드 경험'이 부족하다는 가설을 세우고 상세 페이지 내 사용자 리뷰 큐레이션 영역을 재구성했습니다.
· 또한 타겟 고객층인 3040 고소득 가구를 대상으로 맞춤형 푸시 알림과 개인화된 할인 쿠폰 발급 프로세스를 기획했습니다.
· 마지막으로 A/B 테스트를 통해 가장 반응이 좋은 콘텐츠 UI를 선정하여 최종 적용했습니다.","· 단순한 감이 아닌 데이터 로그 분석을 통해 이탈 지점을 파악해야만 가장 효율적인 개선 포인트를 찾을 수 있다고 판단했습니다.
· 프리미엄 가전 특성상 가격 할인보다는 신뢰도 높은 구매 후기가 구매 결정에 더 큰 영향을 미친다는 시장 조사 결과를 반영한 것입니다.","· 캠페인 적용 후 구매 전환율이 기존 1.5%에서 2.1%로 약 40% 상승했으며, 분기 매출 목표의 110%를 달성했습니다.",3,정보수집·분석 역량,데이터 기반 의사결정,· 방대한 양의 데이터에서 유의미한 패턴을 찾아내고 이를 바탕으로 합리적인 결론을 도출하는 능력입니다.,· 고객 행동 로그 데이터를 분석하여 이탈 원인을 파악하고 가설을 수립하는 과정에서 분석적 사고를 발휘했습니다.,실행력·업무처리 능력,완결적 업무 수행,· 설정된 목표를 달성하기 위해 필요한 자원을 효율적으로 활용하여 끝까지 업무를 완수하는 능력입니다.,"· 가설 수립부터 A/B 테스트 실행, 최종 UI 적용까지 전 과정을 주도하며 수치화된 성과를 만들어냈습니다.",고객·서비스 지향,고객 페르소나 분석,· 고객의 니즈와 페인 포인트를 정확히 이해하고 이를 충족시킬 수 있는 가치를 제공하는 능력입니다.,· 3040 고소득 가구라는 핵심 타겟의 특성을 고려하여 신뢰 중심의 콘텐츠를 기획함으로써 고객 만족도를 높였습니다.
P0012,P0012_01,P0012_CO03_Q01_D01,P0012_CO03_Q01_D01,P0012_CO03,네이버_신입공채,네이버,Service PM,Commerce Service,2025.11.5,"P0012_01,P0012_02",1,1,버전 1,본인이 설정한 목표를 달성하기 위해 데이터나 기술을 활용하여 문제를 해결했던 경험을 기술해 주십시오.,"[데이터 로그 분석으로 이커머스 퍼널의 병목 구간을 해결하다]

네이버 커머스 서비스의 핵심은 사용자 경험의 끊김 없는 연결이라고 생각합니다. 저는 인턴십 과정에서 데이터 로그 분석을 통해 이커머스 구매 전환율을 1.5%에서 2.1%로 개선하며 목표를 달성한 경험이 있습니다.

당시 신규 런칭한 프리미엄 가전의 온라인 판매 부진을 해결하기 위해, 저는 6개월간의 유입 및 이탈 데이터를 전수 조사했습니다. 분석 결과, 상세 페이지 진입 후 구매하기 버튼을 누르기 전 단계에서 가장 많은 이탈이 발생함을 확인했습니다. 저는 고객들이 고가의 가전을 구매할 때 '실패에 대한 두려움'을 느낀다는 가설을 세우고, 이를 해소하기 위해 리뷰 큐레이션 UI를 재설계했습니다. 또한 A/B 테스트를 통해 사용자 반응이 가장 높은 레이아웃을 선정하여 최종 적용했습니다.

이러한 데이터 기반의 접근은 단순한 UI 수정을 넘어 매출 목표 110% 달성이라는 실질적인 비즈니스 성과로 이어졌습니다. 네이버에서도 사용자의 미세한 행동 변화를 데이터로 포착하고, 이를 서비스 기능 고도화로 연결하는 PM이 되겠습니다.",bachelor_graduate,성균관대학교,경영학,manufacturing,retail_distribution,it_software,planning_strategy,marketing,service_pm,인턴,이커머스 타겟 분석을 통한 구매 전환율 25% 개선,"· 국내 가전 유통 기업의 전략기획팀 인턴으로 근무하며 신규 런칭한 프리미엄 라인의 초기 시장 안착을 지원했습니다.
· 당시 브랜드 인지도는 높았으나 실제 온라인 몰에서의 구매 전환율이 타 카테고리 대비 1.5% 수준으로 매우 낮아 원인 파악이 시급했습니다.",· 3개월 내에 온라인 몰 유입 고객의 구매 전환율을 2% 이상으로 끌어올리는 것을 목표로 설정했습니다.,"· 먼저 최근 6개월간의 고객 행동 로그 데이터를 수집하여 이탈이 가장 많이 발생하는 퍼널 구간을 식별했습니다.
· 이후 경쟁사 대비 가격 경쟁력이 아닌 '브랜드 경험'이 부족하다는 가설을 세우고 상세 페이지 내 사용자 리뷰 큐레이션 영역을 재구성했습니다.
· 또한 타겟 고객층인 3040 고소득 가구를 대상으로 맞춤형 푸시 알림과 개인화된 할인 쿠폰 발급 프로세스를 기획했습니다.
· 마지막으로 A/B 테스트를 통해 가장 반응이 좋은 콘텐츠 UI를 선정하여 최종 적용했습니다.","· 단순한 감이 아닌 데이터 로그 분석을 통해 이탈 지점을 파악해야만 가장 효율적인 개선 포인트를 찾을 수 있다고 판단했습니다.
· 프리미엄 가전 특성상 가격 할인보다는 신뢰도 높은 구매 후기가 구매 결정에 더 큰 영향을 미친다는 시장 조사 결과를 반영한 것입니다.","· 캠페인 적용 후 구매 전환율이 기존 1.5%에서 2.1%로 약 40% 상승했으며, 분기 매출 목표의 110%를 달성했습니다.",3,정보수집·분석 역량,데이터 기반 의사결정,· 방대한 양의 데이터에서 유의미한 패턴을 찾아내고 이를 바탕으로 합리적인 결론을 도출하는 능력입니다.,· 고객 행동 로그 데이터를 분석하여 이탈 원인을 파악하고 가설을 수립하는 과정에서 분석적 사고를 발휘했습니다.,실행력·업무처리 능력,완결적 업무 수행,· 설정된 목표를 달성하기 위해 필요한 자원을 효율적으로 활용하여 끝까지 업무를 완수하는 능력입니다.,"· 가설 수립부터 A/B 테스트 실행, 최종 UI 적용까지 전 과정을 주도하며 수치화된 성과를 만들어냈습니다.",고객·서비스 지향,고객 페르소나 분석,· 고객의 니즈와 페인 포인트를 정확히 이해하고 이를 충족시킬 수 있는 가치를 제공하는 능력입니다.,· 3040 고소득 가구라는 핵심 타겟의 특성을 고려하여 신뢰 중심의 콘텐츠를 기획함으로써 고객 만족도를 높였습니다.
P0012,P0012_02,P0012_CO03_Q01_D01,P0012_CO03_Q01_D01,P0012_CO03,네이버_신입공채,네이버,Service PM,Commerce Service,2025.11.5,"P0012_01,P0012_02",1,1,버전 1,본인이 설정한 목표를 달성하기 위해 데이터나 기술을 활용하여 문제를 해결했던 경험을 기술해 주십시오.,"[데이터 로그 분석으로 이커머스 퍼널의 병목 구간을 해결하다]

네이버 커머스 서비스의 핵심은 사용자 경험의 끊김 없는 연결이라고 생각합니다. 저는 인턴십 과정에서 데이터 로그 분석을 통해 이커머스 구매 전환율을 1.5%에서 2.1%로 개선하며 목표를 달성한 경험이 있습니다.

당시 신규 런칭한 프리미엄 가전의 온라인 판매 부진을 해결하기 위해, 저는 6개월간의 유입 및 이탈 데이터를 전수 조사했습니다. 분석 결과, 상세 페이지 진입 후 구매하기 버튼을 누르기 전 단계에서 가장 많은 이탈이 발생함을 확인했습니다. 저는 고객들이 고가의 가전을 구매할 때 '실패에 대한 두려움'을 느낀다는 가설을 세우고, 이를 해소하기 위해 리뷰 큐레이션 UI를 재설계했습니다. 또한 A/B 테스트를 통해 사용자 반응이 가장 높은 레이아웃을 선정하여 최종 적용했습니다.

이러한 데이터 기반의 접근은 단순한 UI 수정을 넘어 매출 목표 110% 달성이라는 실질적인 비즈니스 성과로 이어졌습니다. 네이버에서도 사용자의 미세한 행동 변화를 데이터로 포착하고, 이를 서비스 기능 고도화로 연결하는 PM이 되겠습니다.",bachelor_graduate,성균관대학교,경영학,manufacturing,retail_distribution,it_software,planning_strategy,marketing,service_pm,프로젝트,스마트 모빌리티 서비스 수익 모델 고도화 프로젝트,"· 산학협력 프로젝트의 팀장으로서 공유 킥보드 서비스의 수익성 악화 문제를 해결하기 위한 비즈니스 모델 개선안을 도출했습니다.
· 당시 시장 포화와 과도한 운영 비용으로 인해 새로운 수익원 창출이 절실한 상황이었습니다.",· 기존 대여 수익 외에 B2B 파트너십을 통한 신규 비즈니스 모델 2건 이상을 제안하는 것을 목표로 했습니다.,"· 먼저 주요 이용 거점 주변의 소상공인들과 인터뷰를 진행하여 모빌리티 서비스와의 연계 가능성을 타진했습니다.
· 이후 이용자 이동 경로 데이터를 시각화하여 유동인구가 많은 지점을 파악하고 해당 구역 내 매장 광고 모델을 기획했습니다.
· 또한 구독형 멤버십 도입 시의 예상 수익 변화를 시뮬레이션하여 최적의 구독료를 산출했습니다.
· 마지막으로 제안된 모델의 기술적 구현 가능성을 개발팀과 논의하여 최종 보고서를 완성했습니다.","· 단순한 아이디어 제안에 그치지 않고 실제 소상공인의 니즈와 이동 데이터를 결합해야만 실현 가능한 전략이 될 것이라 생각했습니다.
· 수익성 개선을 위해서는 단발성 결제보다는 구독 모델을 통한 락인(Lock-in) 효과가 필수적이라고 판단했습니다.","· 프로젝트 결과물은 협력 기업으로부터 실제 도입 검토 의견을 받았으며, 교내 캡스톤 디자인 경진대회에서 우수상을 수상했습니다.",3,전략·기획 역량,비즈니스 모델 수립,· 조직의 목표 달성을 위해 시장 상황을 분석하고 지속 가능한 가치 창출 구조를 설계하는 능력입니다.,· 광고 모델과 구독 멤버십이라는 다각도의 수익 구조를 설계하고 수익 시뮬레이션을 수행하며 기획 역량을 증명했습니다.,창의·혁신 역량,문제 해결 아이디어 도출,· 기존의 방식에서 벗어나 새로운 관점으로 문제를 바라보고 혁신적인 대안을 제시하는 능력입니다.,· 단순 대여업을 넘어 지역 상권과 연계한 광고 플랫폼으로서의 새로운 가치를 발견하고 비즈니스화했습니다.,커뮤니케이션 역량,이해관계자 조율,· 다양한 이해관계자의 의견을 경청하고 자신의 의사를 명확히 전달하여 합의를 이끌어내는 능력입니다.,· 소상공인 인터뷰와 개발팀과의 기술 협의를 통해 서로 다른 입장을 조율하며 실현 가능한 안을 도출했습니다.
P0012,P0012_03,P0012_CO03_Q02_D01,P0012_CO03_Q02_D01,P0012_CO03,네이버_신입공채,네이버,Service PM,Commerce Service,2025.11.5,"P0012_03,P0012_02",2,1,버전 1,서로 다른 의견을 가진 이해관계자들과 협업하여 공동의 성과를 낸 경험을 기술해 주십시오.,"[글로벌 협업의 가교: 가이드라인과 데이터로 이견을 좁히다]

네이버의 글로벌 확장 전략에 있어 다양한 문화권의 파트너와 협업하는 능력은 필수적입니다. 저는 글로벌 식품 서포터즈 활동 당시, 한국 본사의 마케팅 방향과 현지 파트너들의 실행 방식 사이의 간극을 조율하며 성과를 낸 경험이 있습니다.

당시 한국식 홍보 콘텐츠가 현지 정서와 맞지 않아 반응이 저조하자, 현지 대학생 파트너들은 전면적인 수정을 요구했습니다. 저는 양측의 의견을 조율하기 위해 객관적인 근거가 필요하다고 판단했습니다. 이에 동남아 인기 SNS 채널 50개를 분석하여 현지에서 반응이 좋은 색상, 폰트, 톤앤매너를 데이터화했습니다. 이를 바탕으로 '글로벌 콘텐츠 가이드라인'을 제작하여 본사를 설득했고, 동시에 현지 파트너들에게는 브랜드의 핵심 가치를 유지할 수 있는 숏폼 챌린지 형식을 제안했습니다.

결과적으로 현지 인플루언서와의 협업을 통해 챌린지 영상 조회수 100만 회를 돌파했고, 팔로워 수도 22% 증가하는 성과를 거두었습니다. 이처럼 서로 다른 이해관계를 데이터와 명확한 가이드라인으로 조율하여 공동의 목표를 달성하는 협업 역량을 네이버의 글로벌 서비스 기획 과정에서 발휘하겠습니다.",bachelor_graduate,성균관대학교,경영학,manufacturing,retail_distribution,it_software,planning_strategy,marketing,service_pm,대외활동,글로벌 서포터즈 활동을 통한 K-푸드 현지화 마케팅,"· 식품 기업의 글로벌 서포터즈로 활동하며 동남아시아 시장 타겟의 SNS 마케팅 콘텐츠 제작을 담당했습니다.
· 국내에서 유행하는 콘텐츠 형식이 현지에서는 문화적 차이로 인해 큰 반응을 얻지 못하는 어려움이 있었습니다.",· 현지 대학생 서포터즈와 협업하여 한 달 내에 공식 계정 팔로워 수를 15% 이상 증대시키는 것이 과제였습니다.,"· 먼저 현지 트렌드 조사를 위해 베트남과 태국의 인기 SNS 채널 50여 개를 분석하여 공통적인 흥행 요소를 추출했습니다.
· 이후 현지 파트너들과 매주 화상 회의를 진행하며 국가별 금기 사항과 선호하는 색상, 폰트 스타일을 가이드라인으로 제작했습니다.
· 또한 숏폼 챌린지를 기획하여 현지 인플루언서 5명과의 협업 릴스를 배포했습니다.
· 마지막으로 주간 단위로 도달률과 참여율을 모니터링하여 콘텐츠 업로드 시간대를 최적화했습니다.","· 글로벌 시장에서는 일방적인 홍보보다 현지인의 시각에서 공감대를 형성하는 것이 브랜드 호감도 상승에 직결된다고 판단했습니다.
· 데이터 모니터링을 통해 국가별로 상이한 SNS 이용 패턴을 반영해야 효율적인 노출이 가능하기 때문입니다.","· 활동 기간 중 팔로워 수가 22% 증가했으며, 특히 챌린지 영상의 누적 조회수가 100만 회를 돌파하는 성과를 거뒀습니다.",3,글로벌·다문화 역량,현지 시장 적응력,· 다양한 문화적 배경을 이해하고 글로벌 환경에서 효과적으로 업무를 수행하며 소통하는 능력입니다.,· 국가별 문화적 특성을 분석하여 마케팅 가이드라인을 수립하고 현지 파트너와 협업하며 글로벌 감각을 발휘했습니다.,협업·팀워크,다국적 팀 협력,· 공동의 목표를 위해 팀원들과 신뢰를 바탕으로 협력하고 시너지를 창출하는 능력입니다.,· 언어와 시차가 다른 환경에서도 현지 서포터즈들과 긴밀히 소통하며 프로젝트를 성공적으로 완수했습니다.,디지털·기술 활용 역량,소셜 미디어 분석 도구 활용,· 디지털 도구와 플랫폼을 활용하여 업무 효율을 높이고 데이터를 분석하는 능력입니다.,· SNS 인사이트 도구를 활용해 도달률과 참여율 데이터를 분석하고 콘텐츠 최적화 전략에 반영했습니다.
P0012,P0012_02,P0012_CO03_Q02_D01,P0012_CO03_Q02_D01,P0012_CO03,네이버_신입공채,네이버,Service PM,Commerce Service,2025.11.5,"P0012_03,P0012_02",2,1,버전 1,서로 다른 의견을 가진 이해관계자들과 협업하여 공동의 성과를 낸 경험을 기술해 주십시오.,"[글로벌 협업의 가교: 가이드라인과 데이터로 이견을 좁히다]

네이버의 글로벌 확장 전략에 있어 다양한 문화권의 파트너와 협업하는 능력은 필수적입니다. 저는 글로벌 식품 서포터즈 활동 당시, 한국 본사의 마케팅 방향과 현지 파트너들의 실행 방식 사이의 간극을 조율하며 성과를 낸 경험이 있습니다.

당시 한국식 홍보 콘텐츠가 현지 정서와 맞지 않아 반응이 저조하자, 현지 대학생 파트너들은 전면적인 수정을 요구했습니다. 저는 양측의 의견을 조율하기 위해 객관적인 근거가 필요하다고 판단했습니다. 이에 동남아 인기 SNS 채널 50개를 분석하여 현지에서 반응이 좋은 색상, 폰트, 톤앤매너를 데이터화했습니다. 이를 바탕으로 '글로벌 콘텐츠 가이드라인'을 제작하여 본사를 설득했고, 동시에 현지 파트너들에게는 브랜드의 핵심 가치를 유지할 수 있는 숏폼 챌린지 형식을 제안했습니다.

결과적으로 현지 인플루언서와의 협업을 통해 챌린지 영상 조회수 100만 회를 돌파했고, 팔로워 수도 22% 증가하는 성과를 거두었습니다. 이처럼 서로 다른 이해관계를 데이터와 명확한 가이드라인으로 조율하여 공동의 목표를 달성하는 협업 역량을 네이버의 글로벌 서비스 기획 과정에서 발휘하겠습니다.",bachelor_graduate,성균관대학교,경영학,manufacturing,retail_distribution,it_software,planning_strategy,marketing,service_pm,프로젝트,스마트 모빌리티 서비스 수익 모델 고도화 프로젝트,"· 산학협력 프로젝트의 팀장으로서 공유 킥보드 서비스의 수익성 악화 문제를 해결하기 위한 비즈니스 모델 개선안을 도출했습니다.
· 당시 시장 포화와 과도한 운영 비용으로 인해 새로운 수익원 창출이 절실한 상황이었습니다.",· 기존 대여 수익 외에 B2B 파트너십을 통한 신규 비즈니스 모델 2건 이상을 제안하는 것을 목표로 했습니다.,"· 먼저 주요 이용 거점 주변의 소상공인들과 인터뷰를 진행하여 모빌리티 서비스와의 연계 가능성을 타진했습니다.
